timestamp;timestamp_sample;time_last_fuse;device_id;observation[0];observation[1];observation[2];observation_variance[0];observation_variance[1];observation_variance[2];innovation[0];innovation[1];innovation[2];innovation_filtered[0];innovation_filtered[1];innovation_filtered[2];innovation_variance[0];innovation_variance[1];innovation_variance[2];test_ratio[0];test_ratio[1];test_ratio[2];test_ratio_filtered[0];test_ratio_filtered[1];test_ratio_filtered[2];estimator_instance;innovation_rejected;fused
7866696415;7866507932;7866507932;0;0.6808714;-0.32028854;-0.65865713;1.0;1.0;1.0;0.0005893707;0.0006593764;0.00028914213;-6.0545346e-05;0.00050513964;-0.00030842284;1.0000057;1.0000132;1.0000049;5.557694e-06;6.9563434e-06;1.3376441e-06;-3.5060023e-07;6.3041534e-06;-2.5774552e-06;1;0;1
7867191356;7867002774;7867002774;0;0.6845234;-0.31510732;-0.65736985;1.0;1.0;1.0;-0.002884984;-0.0047370493;-0.0007096529;-0.00014234475;0.00037553522;-0.0003690002;1.0000055;1.0000129;1.0000048;0.0001331694;0.00035902957;8.056324e-06;-7.122731e-06;-4.093903e-05;-2.420696e-05;1;0;1
7867696027;7867507513;7867507513;0;0.6843857;-0.31100178;-0.6594651;1.0;1.0;1.0;-0.0024191737;-0.009077072;0.001839757;-0.00011667653;0.00047187842;-0.00045352374;1.0000057;1.0000131;1.0000049;9.3637886e-05;0.0013182745;5.4155025e-05;-1.5650023e-05;3.4734996e-05;-9.519085e-05;1;0;1
7868190831;7868002356;7868002356;0;0.70195806;-0.3173721;-0.63759685;1.0;1.0;1.0;-0.019908488;-0.002750218;-0.019921124;-0.00050762814;0.00027222533;-0.00074532157;1.0000066;1.0000147;1.0000057;0.006341525;0.000121025274;0.0063496586;-0.000108511726;1.8184275e-05;-0.0001720576;1;0;1
7868695958;7868507095;7868507095;0;0.52686995;-0.2957711;-0.79682344;1.0;1.0;1.0;0.04241973;0.04212424;0.014792204;-0.008230045;0.0134451585;-0.015627488;1.0000087;1.0000169;1.0000046;0.028790686;0.028390989;0.003501017;-0.006909264;0.020089947;-0.015698;1;0;1
7869200305;7869011835;7869011835;0;-0.065389596;-0.03811235;-0.9971317;1.0;1.0;1.0;0.04964863;-0.0095244795;-0.0016089678;0.01076282;-0.005236391;-0.009066069;1.000015;1.0000188;1.0;0.039439194;0.001451382;4.1420437e-05;0.013477923;-0.0034970362;-0.009690208;1;0;1
7869695534;7869506676;7869506676;0;-0.019503888;0.03623654;-0.99915296;1.0;1.0;1.0;-0.02162512;-0.027497698;3.7312508e-05;0.0018426346;-0.004850189;-0.004465494;1.0000172;1.0000204;1.0;0.0074822046;0.012097782;2.2346796e-08;0.0035015924;-0.005552494;-0.003704338;1;0;1
7870190066;7870001519;7870001519;0;0.020180779;0.03974604;-0.99900603;1.0;1.0;1.0;-0.04998853;-0.028289713;-0.00048404932;-0.0013268576;-0.0015019143;-0.0023768707;1.0000194;1.0000222;1.0;0.039980873;0.012804783;3.7470136e-06;8.1887236e-05;-0.0011348648;-0.0014217632;1;0;1
7870698462;7870506258;7870506258;0;-0.06911139;0.047826037;-0.99646187;1.0;1.0;1.0;0.05147384;-0.03981467;-0.0033504963;-0.0028382393;-0.0010118611;-0.0017158935;1.0000219;1.0000241;1.0;0.04239197;0.025362497;0.00017960681;-0.002889464;-0.0012283361;-0.0005585972;1;0;1
7871199484;7871010997;7871010997;0;-0.07070404;-0.024487756;-0.99719673;1.0;1.0;1.0;0.048813;0.047808215;-0.0022916198;-0.0013865732;0.0016334472;-0.0011815021;1.0000243;1.0000262;1.0;0.038122416;0.036569323;8.402434e-05;-0.001683643;0.000670769;-0.00022593953;1;0;1
7871694328;7871505840;7871505840;0;0.055759043;-0.019852698;-0.9982469;1.0;1.0;1.0;-0.07319092;0.02011077;-0.0016011596;-0.004176889;-9.699481e-05;-0.0014237034;1.000027;1.0000286;1.0;0.08570826;0.0064707235;4.1013285e-05;-0.0040344307;-0.0021044193;-0.00014041693;1;0;1
7872199192;7872010579;7872010579;0;-0.011150074;-0.0034823392;-0.9999318;1.0;1.0;1.0;-0.010664576;0.026092201;0.00042545795;-0.0050954185;0.007155859;-0.0015259777;1.0000296;1.0000312;1.0;0.0018196771;0.010892472;2.897043e-06;-0.004925821;0.010390225;-0.0001054929;1;0;1
7872694000;7872505422;7872505422;0;0.0048901066;-0.14024717;-0.99010444;1.0;1.0;1.0;-0.032792956;0.13586013;-0.00949657;-0.0046813497;0.004936871;-0.007145676;1.0000323;1.000034;1.0;0.017205492;0.2953169;0.0014429393;-0.0063905683;0.040021516;-0.0024884173;1;0;1
7873198635;7873010162;7873010162;0;-0.0573226;-0.107710056;-0.99252844;1.0;1.0;1.0;0.04185034;0.05242373;-0.0058220625;-0.001859416;-0.008148826;-0.008998869;1.0000352;1.000037;1.0000001;0.02802223;0.043970674;0.0005423647;-0.0035329424;-0.01314391;-0.0040443093;1;0;1
7873693577;7873505008;7873505008;0;-0.026345914;-0.08319232;-0.99618524;1.0;1.0;1.0;0.0023850035;-0.032790817;0.003223002;-0.0030675188;-0.016986588;-0.0055885906;1.0000379;1.0000398;1.0000005;9.100842e-05;0.017203119;0.00016620994;-0.0018803577;-0.022129733;-0.0023769946;1;0;1
7874198476;7874009744;7874009744;0;-0.07067926;0.11881906;-0.9903971;1.0;1.0;1.0;-0.0640803;-0.06426516;0.0010213852;-0.020682331;-0.00451527;-0.013970622;1.0000402;1.0000437;1.0000007;0.065697916;0.06607805;1.6701373e-05;-0.035430983;-0.0067477687;-0.009199189;1;0;1
7874693290;7874504586;7874504586;0;-0.020629508;0.091672435;-0.99557555;1.0;1.0;1.0;-0.04404851;-0.072150886;-0.0021397471;0.0028019506;-0.0060297595;-0.012281214;1.0000439;1.0000474;1.0000001;0.031042978;0.083288714;7.3252195e-05;-0.002370507;-0.010746326;-0.006248394;1;0;1
7875197857;7875009326;7875009326;0;-0.025301035;0.034630463;-0.9990798;1.0;1.0;1.0;-0.002664093;0.014508288;0.00067937374;-0.004743983;-0.0018360685;-0.005549327;1.0000473;1.0000511;1.0000001;0.00011355288;0.003367666;7.386074e-06;-0.007924707;-0.002779415;-0.0023682201;1;0;1
7875692636;7875504169;7875504169;0;0.01480852;0.06656742;-0.9976721;1.0;1.0;1.0;-0.011156434;-0.0240088;-0.0014151335;-0.007622035;-0.0009588021;-0.0035640686;1.000049;1.000057;1.0000001;0.0019913588;0.009222294;3.204434e-05;-0.010148957;-0.0019503706;-0.0011009123;1;0;1
7876197732;7876008908;7876008908;0;-0.30652747;0.0069624623;-0.95183635;1.0;1.0;1.0;0.06601903;-0.045794763;-0.018032968;-0.009919946;-0.0032456224;-0.0027431608;1.0000464;1.0000645;1.000003;0.06973296;0.033552095;0.00520337;-0.014582585;-0.002959533;-0.0006842872;1;0;1
7876692381;7876503751;7876503751;0;0.313281;0.030289456;-0.9491773;1.0;1.0;1.0;-0.108277634;0.011147026;-0.028705299;-0.024940547;-0.013648468;-0.0203317;1.0000494;1.00007;1.0000023;0.18757549;0.0019880224;0.013184917;-0.08654563;-0.05031588;-0.018080585;1;0;1
7877196987;7877008491;7877008491;0;0.03990621;-0.00680059;-0.9991804;1.0;1.0;1.0;-0.04255308;-0.013486763;-0.00061041117;-0.0029627178;-0.0068912585;-0.011228096;1.0000556;1.0000732;1.0;0.028970622;0.0029099823;5.9593003e-06;-0.034345195;-0.020519469;-0.007917812;1;0;1
7877692070;7877503333;7877503333;0;-0.07310253;-0.05758077;-0.9956608;1.0;1.0;1.0;0.008719787;0.05373378;-0.002257049;-0.005066248;-0.010278128;-0.0057145837;1.000058;1.0000776;1.0000002;0.0012164844;0.046193447;8.1508304e-05;-0.022466917;-0.017421272;-0.0031070332;1;0;1
7878196619;7878008073;7878008073;0;-0.017993039;-0.027488433;-0.99946016;1.0;1.0;1.0;0.017155444;-0.0040981323;-4.053116e-05;-0.010630541;-0.00560807;-0.0032677837;1.0000603;1.0000832;1.0000001;0.004708664;0.00026869558;2.6284393e-08;-0.021113588;-0.008347582;-0.0012342355;1;0;1
7878691438;7878502916;7878502916;0;-0.22709543;0.049024865;-0.9726378;1.0;1.0;1.0;-0.09012163;-0.042991787;0.024302185;-0.007612315;-0.0094912965;-0.0041979104;1.0000579;1.000088;1.0000066;0.129943;0.02957062;0.00945082;-0.02019609;-0.013605212;-0.0014397233;1;0;1
7879196127;7879007655;7879007655;0;0.2524918;-0.19385988;-0.9479801;1.0;1.0;1.0;-0.14489457;0.086157046;-0.040361583;-0.007339453;0.013675022;-0.011203229;1.00007;1.0000902;1.0000017;0.33588746;0.11875399;0.026067032;-0.019393759;0.019892097;-0.0048761773;1;0;1
7879701469;7879512395;7879512395;0;-0.08024969;0.102189526;-0.9915228;1.0;1.0;1.0;0.0060935915;-0.008734055;-0.0013350844;-0.004661027;-0.012791554;-0.010332805;1.0000799;1.0000906;1.0000011;0.00059406227;0.0012204038;2.852427e-05;-0.021087361;-0.021757733;-0.0037057288;1;0;1
7880196328;7880007237;7880007237;0;0.18559103;0.021662792;-0.9823883;1.0;1.0;1.0;-0.07384555;0.027217822;-0.010145009;-0.03144807;0.00443753;-0.015168142;1.0000912;1.0000881;1.0000015;0.087242685;0.01185096;0.0016469689;-0.06745058;0.015849706;-0.007258262;1;0;1
7880691077;7880502080;7880502080;0;0.05451772;-0.074231386;-0.9957497;1.0;1.0;1.0;-0.06266831;0.10161963;-0.003842175;-0.0012358292;0.0007435476;-0.00993902;1.0001049;1.0000845;1.0;0.06283048;0.16520816;0.0002361603;-0.008486514;0.0061248173;-0.0039387317;1;0;1
7881195382;7881006819;7881006819;0;-0.029212138;0.0042542247;-0.9995642;1.0;1.0;1.0;-0.014163272;0.035149522;0.0012824535;-0.0017963054;0.0010625827;-0.005112522;1.0001092;1.0000883;1.0000004;0.003209222;0.019765858;2.6322323e-05;-0.0044249087;0.0024326702;-0.0015698135;1;0;1
7881690231;7881501662;7881501662;0;-0.001495353;-0.019665064;-0.9998055;1.0;1.0;1.0;-0.027719993;0.017474815;0.00023472309;-0.0071849823;0.0043809307;-0.0031978807;1.0001135;1.0000927;1.0000001;0.012292973;0.0048852237;8.8151876e-07;-0.009454006;0.003952755;-0.0006865973;1;0;1
7882194961;7882006401;7882006401;0;0.094287485;0.03515285;-0.99492425;1.0;1.0;1.0;-0.10240748;-0.030809946;-0.005033493;-0.006556408;-0.0014586514;-0.002513853;1.0001178;1.0000973;1.0;0.16777691;0.015188184;0.00040536723;-0.008259089;-0.0023132279;-0.00035160378;1;0;1
7882699906;7882511140;7882511140;0;-0.021161962;0.016576529;-0.9996386;1.0;1.0;1.0;-0.01159874;-0.011112209;0.00019025803;-0.004990105;-0.00010560097;-0.0022643497;1.0001221;1.000102;1.0000001;0.0021522297;0.0019755685;5.791698e-07;-0.006848211;0.00024278577;-0.00021730724;1;0;1
7883194490;7883005983;7883005983;0;0.052201223;-0.1618937;-0.9854266;1.0;1.0;1.0;-0.025687147;0.16756594;-0.014205813;-0.026209205;0.008162044;-0.011095659;1.0001267;1.0001065;1.0000001;0.010555935;0.4492032;0.0032288816;-0.06433808;0.015862482;-0.0062411427;1;0;1
7883699284;7883510722;7883510722;0;0.03175236;-0.14715712;-0.98860335;1.0;1.0;1.0;-0.019819438;0.14727652;-0.011325419;-0.00515072;0.009812713;-0.00836001;1.0001316;1.0001113;1.0;0.0062841354;0.34700552;0.0020522634;-0.019717747;0.02628956;-0.003008611;1;0;1
7884194525;7884005564;7884005564;0;-0.0692419;0.1429223;-0.98730886;1.0;1.0;1.0;-0.011425011;0.019388005;0.0038715005;-0.0012841652;-0.021809978;-0.018945508;1.0001363;1.0001128;1.0000033;0.0020882094;0.006013481;0.00023985977;-0.0070149223;-0.034683798;-0.014863878;1;0;1
7884698822;7884510303;7884510303;0;-0.080622226;0.07219477;-0.9941267;1.0;1.0;1.0;0.023110267;-0.092637;-0.004008949;-0.0090008;-0.008804308;-0.01037145;1.0001415;1.0001204;1.0000005;0.008544142;0.13728787;0.00025713132;-0.019447437;-0.00728326;-0.005959275;1;0;1
7885193688;7885005145;7885005145;0;-0.11327248;-0.050933316;-0.99225765;1.0;1.0;1.0;0.1488044;0.033358656;-0.006957054;0.0045954795;0.010188012;-0.0075166887;1.0001463;1.0001256;1.0000002;0.35423216;0.017806126;0.0007742768;0.01237675;0.017830558;-0.0031545477;1;0;1
7885698601;7885509884;7885509884;0;0.108317114;-0.010655143;-0.9940593;1.0;1.0;1.0;0.02188342;0.036028292;0.0028956532;-0.006776981;-0.002472473;-0.0064277435;1.0001498;1.0001297;1.0000029;0.0076609976;0.020766478;0.0001342173;-0.014530295;-0.001786915;-0.0024839859;1;0;1
7886193485;7886004726;7886004726;0;-0.37700626;0.0489003;-0.9249189;1.0;1.0;1.0;0.15233022;-0.0015169643;-0.048356652;-0.016236562;0.0073319734;-0.011352203;1.0001494;1.0001352;1.0000076;0.37121648;3.6628815e-05;0.037421405;-0.046093527;0.009498459;-0.005932953;1;0;1
7886697940;7886509465;7886509465;0;-0.27130377;-0.010289839;-0.96243876;1.0;1.0;1.0;0.03625408;-0.0048306575;-0.0094257;-0.0041227774;-0.0010159364;-0.0075079952;1.000153;1.0001408;1.0000092;0.021026514;0.00037317676;0.0014218655;-0.015716061;-0.0006819017;-0.003991737;1;0;1
7887192816;7887004307;7887004307;0;-0.22054541;0.08583967;-0.97159207;1.0;1.0;1.0;-0.051344633;-0.03889481;0.010407269;-0.003116836;0.0021971082;-0.0035816478;1.0001518;1.0001502;1.0000117;0.04217394;0.0242031;0.0017336942;-0.008663189;0.0033403642;-0.0017498485;1;0;1
7887697701;7887509046;7887509046;0;-0.21705255;0.007595127;-0.9761304;1.0;1.0;1.0;-0.049293816;-0.029378343;0.012496769;-0.008777084;-0.0030618014;-0.0006158407;1.0001512;1.0001621;1.0000119;0.03887221;0.01380843;0.0024996793;-0.008515612;-0.0014239597;-0.0006114433;1;0;1
7888192365;7888003887;7888003887;0;-0.26681498;-0.06655051;-0.9614473;1.0;1.0;1.0;0.017682299;0.0032581836;-0.0049509406;-0.0061066747;-0.0020696837;-0.0006677627;1.0001502;1.0001754;1.0000116;0.005001868;0.00016987055;0.0003922978;-0.0065294877;-0.0012288652;-0.00023758468;1;0;1
7888697096;7888508626;7888508626;0;-0.3568959;-0.27835986;-0.8917068;1.0;1.0;1.0;0.024121523;0.096733764;-0.033638418;-0.01016124;0.004578946;-0.00038894362;1.000134;1.0001899;1.000026;0.009308319;0.14969109;0.018109735;-0.01050236;0.009959221;-0.0003771042;1;0;1
7889192019;7889003467;7889003467;0;-0.007567586;0.34311625;-0.93926245;1.0;1.0;1.0;-0.07681158;-0.24227148;-0.05205089;0.016432216;-0.008743672;-0.011859793;1.0001471;1.0002118;1.0000032;0.09438642;0.9389319;0.04335573;0.03130926;-0.038955413;-0.0076799914;1;0;1
7889696734;7889508206;7889508206;0;0.06587143;0.21147366;-0.9751615;1.0;1.0;1.0;-0.054964293;0.011921555;0.0004940033;-0.017006643;-0.0054768077;-0.0117486045;1.0001526;1.0002099;1.0000111;0.0483298;0.002273464;3.9130696e-06;-0.040210776;-0.023093458;-0.007084546;1;0;1
7890191614;7890003047;7890003047;0;-0.060670514;0.18151838;-0.9815143;1.0;1.0;1.0;-0.049903233;0.085347205;0.024139166;-0.00819711;-0.012399788;-0.009259361;1.0001589;1.0002095;1.0000172;0.039838992;0.116519235;0.00932722;-0.01843813;-0.024406768;-0.0052886247;1;0;1
7890696492;7890507785;7890507785;0;-0.3266694;0.06679321;-0.9427756;1.0;1.0;1.0;0.020378202;-0.015873093;-0.0077983737;-0.00936243;-0.023077631;-0.008190628;1.0001587;1.0002235;1.0000161;0.0066432836;0.0040300763;0.0009732565;-0.016412586;-0.037500914;-0.004468856;1;0;1
7891191108;7891002627;7891002627;0;-0.27612653;-0.28522345;-0.91782445;1.0;1.0;1.0;-0.010085732;0.11802414;-0.025636315;-0.0034713668;-0.0030716984;-0.005604471;1.0001756;1.00021;1.0000253;0.001627266;0.2228274;0.0105190305;-0.0053468896;-0.0066520995;-0.0038775408;1;0;1
7891695840;7891507365;7891507365;0;0.15894362;-0.3642099;-0.9176535;1.0;1.0;1.0;-0.07764552;-0.0016971529;-0.009438813;-0.007506833;0.009693677;-0.012186853;1.000212;1.0001838;1.0000273;0.09644078;4.6254947e-05;0.0014254381;-0.014888529;0.018030772;-0.008197393;1;0;1
7892191538;7892002210;7892002210;0;0.06381327;0.043137304;-0.9970291;1.0;1.0;1.0;-0.035420552;-0.061307363;-0.002402544;-0.020866288;0.0050358516;-0.010604098;1.0002193;1.000215;1.0000001;0.020069446;0.06012728;9.235547e-05;-0.045944776;0.008635724;-0.007079612;1;0;1
7892696003;7892506944;7892506944;0;-0.003402334;0.045007832;-0.9989808;1.0;1.0;1.0;0.0012606177;-0.022586487;-0.00076532364;-0.009280419;-0.0038532338;-0.006623668;1.0002258;1.0002209;1.0000001;2.5420775e-05;0.008160552;9.375904e-06;-0.018076729;-0.0021911121;-0.0030352536;1;0;1
7893200177;7893011681;7893011681;0;-0.072244994;0.06794465;-0.9950699;1.0;1.0;1.0;0.020428818;-0.021461554;-0.002503872;-0.006981562;-0.0056273253;-0.0039846743;1.0002307;1.0002272;1.0000008;0.0066758455;0.0073673152;0.00010033856;-0.012123896;-0.006733954;-0.001305143;1;0;1
7893695030;7893506522;7893506522;0;-0.020194853;0.32266012;-0.94629943;1.0;1.0;1.0;0.033726513;-0.10060699;-0.028636336;-0.016616356;-0.00064627774;-0.005708065;1.0002384;1.0002205;1.0000117;0.018195305;0.16190825;0.0131246885;-0.025335003;0.0011643582;-0.002169288;1;0;1
7894200053;7894011260;7894011260;0;0.12948617;-0.04275816;-0.9906589;1.0;1.0;1.0;-0.0945059;0.02587785;-0.008585632;-0.014179677;0.0049109426;-0.008230495;1.0002443;1.000238;1.0000004;0.14286694;0.010708733;0.001179638;-0.028882101;-0.0030389961;-0.003062283;1;0;1
7894694587;7894506100;7894506100;0;0.010098391;-0.29933646;-0.95409423;1.0;1.0;1.0;-0.04151067;0.05399087;-0.014829516;-0.0022495557;-0.0021634998;-0.007480333;1.0002487;1.0002298;1.0000157;0.027563319;0.04662665;0.0035197374;-0.007898701;-0.011252623;-0.0021905792;1;0;1
7895189485;7895000941;7895000941;0;-0.016491769;0.02965895;-0.99942404;1.0;1.0;1.0;-0.0153868515;0.010693543;0.0007469058;-0.012989561;0.0008381222;-0.008861863;1.0002543;1.0002509;1.0000005;0.00378712;0.0018289374;8.933012e-06;-0.028422248;0.0061870646;-0.0039698607;1;0;1
7895694515;7895505678;7895505678;0;-0.0010617882;0.018751387;-0.9998236;1.0;1.0;1.0;-0.020107599;-0.00357066;0.00016283989;-0.007878389;-0.0017178365;-0.0043348903;1.0002602;1.0002571;1.0000001;0.0064673657;0.0002040436;4.2457987e-07;-0.010771461;-0.0019352929;-0.001586799;1;0;1
7896198936;7896010415;7896010415;0;-0.046690106;0.03667241;-0.99823606;1.0;1.0;1.0;0.026515618;-0.013838515;-0.0012994409;-0.008763257;-0.005650239;-0.0028676398;1.0002655;1.0002635;1.0000002;0.011246262;0.0030627344;2.7026652e-05;-0.012233642;-0.0063132807;-0.00067778054;1;0;1
7896693780;7896505256;7896505256;0;-0.03180323;0.055739664;-0.9979387;1.0;1.0;1.0;0.0062151644;-0.024977602;-0.001260221;-0.007380279;-0.005023912;-0.0020742824;1.0002706;1.0002697;1.0000004;0.0006178851;0.009979173;2.5417714e-05;-0.009038639;-0.0057013533;-0.00031302968;1;0;1
7897198466;7897009992;7897009992;0;-0.032615017;0.093058564;-0.9951263;1.0;1.0;1.0;0.006028531;-0.057177186;-0.0038755536;-0.008662752;-0.0042514186;-0.0017144739;1.0002757;1.000276;1.0000005;0.0005813307;0.052292746;0.00024037767;-0.011510507;-0.0030886175;-0.00016581058;1;0;1
7897693310;7897504832;7897504832;0;-0.037878517;-0.018290691;-0.99911493;1.0;1.0;1.0;0.0054663904;0.06089091;0.0005480647;-0.007729773;-0.0005513252;-0.0014553135;1.0002781;1.0002847;1.0000007;0.00047796988;0.059306864;4.815408e-06;-0.01168142;0.00069390005;-0.00010895273;1;0;1
7898198190;7898009569;7898009569;0;0.0969927;0.082661;-0.99184656;1.0;1.0;1.0;-0.05887543;-0.06955651;-0.0073397756;-0.009834942;-0.013969409;-0.002835675;1.000266;1.000309;1.0000005;0.055446316;0.07739126;0.0008622085;-0.013296186;-0.01685641;-0.00034300407;1;0;1
7898693114;7898504409;7898504409;0;-0.27464002;0.015901584;-0.96141565;1.0;1.0;1.0;0.059145063;-0.08217509;-0.0128368735;0.0037458125;0.0028182294;-0.015964558;1.0002409;1.0003321;1.000014;0.055956732;0.10800505;0.0026369446;0.010489585;0.028660405;-0.011197859;1;0;1
7899197612;7899009145;7899009145;0;0.16191362;-0.30364928;-0.9389255;1.0;1.0;1.0;-0.12920606;0.1697965;-0.051526964;-0.017973334;-0.030043963;-0.012981544;1.0002513;1.0003403;1.0000066;0.2670402;0.46113643;0.042494815;-0.026212003;-0.06577541;-0.0072479076;1;0;1
7899692489;7899503985;7899503985;0;0.006044602;0.10620708;-0.9943256;1.0;1.0;1.0;-0.082310535;-0.03233847;-2.270937e-05;0.009196383;-0.005817009;-0.018107131;1.0002662;1.0003365;1.0000038;0.10837154;0.01672423;7.531497e-09;0.0049506575;0.017168775;-0.012890884;1;0;1
7900197284;7900008722;7900008722;0;0.10560354;0.007992697;-0.99437624;1.0;1.0;1.0;-0.026969597;0.044403706;-0.0011492968;-0.015325877;-0.009088618;-0.014426315;1.0002981;1.0003089;1.0000023;0.011634278;0.03153911;2.1136273e-05;-0.030014459;-0.008810868;-0.008137846;1;0;1
7900692137;7900503561;7900503561;0;-0.11932558;-0.14738925;-0.98185426;1.0;1.0;1.0;0.04243087;0.047389813;-0.010155082;-0.021024927;0.009741946;-0.015377655;1.0003281;1.0002738;1.000004;0.028796613;0.03592033;0.0016507017;-0.04342584;0.019862803;-0.008044389;1;0;1
7901196797;7901008297;7901008297;0;0.15067568;-0.07993986;-0.9853458;1.0;1.0;1.0;-0.14043476;0.062105656;-0.014441967;-0.014314457;-0.022637585;-0.016935067;1.0003392;1.0002575;1.0000001;0.31544375;0.061702885;0.0033374566;-0.04145639;-0.06267442;-0.008237385;1;0;1
7901691609;7901503136;7901503136;0;0.035217058;0.0047416766;-0.9993684;1.0;1.0;1.0;-0.100074396;-0.11748915;0.007858515;-0.0028631678;-0.03371361;-0.0074828486;1.0003207;1.0002627;1.0000042;0.1601868;0.22078821;0.0009893255;-0.015417738;-0.055296984;-0.0032498734;1;0;1
7902196754;7902007872;7902007872;0;-0.04621415;-0.07415609;-0.9961752;1.0;1.0;1.0;-0.036879875;0.042538486;0.00013446808;-0.031740904;-0.013225819;-0.017534375;1.0002933;1.0002887;1.0000021;0.021755623;0.028946143;2.9213413e-07;-0.0967806;-0.013329024;-0.012715079;1;0;1
7902691371;7902502711;7902502711;0;-0.19857165;-0.11412733;-0.97341883;1.0;1.0;1.0;0.107848495;0.04337365;-0.019937277;0.009778525;-0.0030935716;-0.015504986;1.0002702;1.0003121;1.0000033;0.18605049;0.030085353;0.0063619525;-0.0019408729;0.007929768;-0.008993835;1;0;1
7903195948;7903007447;7903007447;0;-0.08479269;0.18712252;-0.9786702;1.0;1.0;1.0;-0.0010600388;-0.050233275;-0.008186519;-0.039305188;-0.01671149;-0.027917394;1.0002563;1.0003272;1.0000086;1.797431e-05;0.04036088;0.0010728898;-0.12967086;-0.03245388;-0.029931953;1;0;1
7903701223;7903512182;7903512182;0;0.05283634;-0.27609482;-0.95967704;1.0;1.0;1.0;-0.022745004;0.18227778;-0.03545153;-0.0026055845;0.010315867;-0.034464177;1.0002605;1.0003384;1.0000032;0.008275208;0.5314219;0.02011581;-0.008513393;0.074161164;-0.040402655;1;0;1
7904196318;7904007021;7904007021;0;-0.07733683;-0.043406628;-0.9960598;1.0;1.0;1.0;0.037381057;0.0069913715;-0.0024774075;0.0071817962;-0.021029346;-0.025575383;1.0002769;1.000335;1.000001;0.022351304;0.00078205066;9.82432e-05;0.00058916595;-0.028339539;-0.02430597;1;0;1
7904700222;7904511756;7904511756;0;-0.25442767;0.27497974;-0.9271746;1.0;1.0;1.0;0.10096392;-0.067870185;-0.039022923;-0.013608293;-0.029103221;-0.03598734;1.0002973;1.0003084;1.0000184;0.16305093;0.073668264;0.024373772;-0.041253388;-0.078117654;-0.041254457;1;0;1
7905195068;7905006594;7905006594;0;0.12850672;-0.03262915;-0.9911718;1.0;1.0;1.0;-0.027460642;-0.0793879;0.0026148558;-0.007877683;0.017123386;-0.033694137;1.0003229;1.0003043;1.0000063;0.012061495;0.100811414;0.00010952855;-0.01781053;0.074944384;-0.039961647;1;0;1
7905690218;7905501433;7905501433;0;-0.0017196998;0.028248215;-0.99959946;1.0;1.0;1.0;0.00050500233;0.016322015;0.00059372187;-0.0089286575;-0.008032871;-0.014922623;1.0003506;1.0002891;1.0000006;4.0790073e-06;0.0042613028;5.6457507e-06;-0.022038313;0.009984494;-0.015491589;1;0;1
7906194730;7906006168;7906006168;0;0.06111964;0.0020395098;-0.99812835;1.0;1.0;1.0;-0.048939776;0.02922884;-0.0013085008;-0.0063991216;-0.00092704344;-0.006226063;1.0003589;1.0002843;1.0000004;0.038307875;0.013664521;2.7397275e-05;-0.011144852;0.004930339;-0.0057456233;1;0;1
7906699436;7906510902;7906510902;0;0.012581325;-0.04312824;-0.9989903;1.0;1.0;1.0;-0.01310196;0.046219323;-0.0010048151;-0.0052008163;0.0009878784;-0.003818842;1.0003595;1.0002867;1.0;0.0027455944;0.03416946;1.6152539e-05;-0.007117452;0.0030516072;-0.0022234903;1;0;1
7907194305;7907005740;7907005740;0;0.070547;-0.030851787;-0.99703115;1.0;1.0;1.0;-0.09945527;0.054144584;-0.0022808313;-0.004567637;0.0015658262;-0.0025682868;1.000357;1.000292;1.0000005;0.1582051;0.04688842;8.31437e-05;-0.005861093;0.004662439;-0.00089980516;1;0;1
7907699089;7907510475;7907510475;0;0.03982572;0.016202688;-0.9990753;1.0;1.0;1.0;-0.04438746;0.011624595;-0.0005272031;-0.0075954297;-0.0008406482;-0.002243333;1.0003488;1.0003054;1.0000002;0.031512953;0.002160888;4.446083e-06;-0.0113121;0.00023142126;-0.00044008257;1;0;1
7908193867;7908005312;7908005312;0;0.09657006;-0.01516083;-0.99521065;1.0;1.0;1.0;-0.10365573;0.004996307;-0.0047128797;-0.0065164804;-0.0041910573;-0.002032611;1.0003434;1.000318;1.0;0.17185315;0.00039866203;0.0003553258;-0.009889996;-0.0028046283;-0.00022780956;1;0;1
7908698761;7908510047;7908510047;0;0.07777449;-0.013605988;-0.99687815;1.0;1.0;1.0;0.023138233;0.029541371;0.0021094084;0.0005135577;-0.004843642;-0.0019433061;1.0003444;1.000321;1.0000037;0.008563096;0.013959395;7.126584e-05;0.0003938496;-0.0048216316;-0.00026161608;1;0;1
7909193349;7909004884;7909004884;0;0.39474154;-0.07821181;-0.9154573;1.0;1.0;1.0;-0.15873274;0.0960719;-0.05611807;-0.031109335;-0.002728621;-0.014351178;1.0003319;1.0003246;1.00002;0.40300357;0.14761227;0.05040735;-0.08406465;-0.0016686926;-0.0144784665;1;0;1
7909698325;7909509618;7909509618;0;0.003128224;0.01958571;-0.9998033;1.0;1.0;1.0;-0.02270085;-0.0041616037;0.00011366606;0.0021775593;-0.0047521684;-0.009173217;1.000353;1.0003304;1.0000001;0.008242348;0.0002771242;2.0715336e-07;-0.013776809;-0.0009262356;-0.006572954;1;0;1
7910193444;7910004455;7910004455;0;0.40183896;0.06257421;-0.9135699;1.0;1.0;1.0;-0.22779179;-0.050076988;-0.07107365;-0.03220941;-0.005859168;-0.016447261;1.000346;1.0003339;1.000011;0.8299385;0.040122867;0.080855615;-0.09749411;-0.0066540614;-0.012893404;1;0;1
7910697735;7910509189;7910509189;0;-0.052714594;0.014498502;-0.9985044;1.0;1.0;1.0;-0.03360927;0.00022580754;0.0023450851;0.013511693;-0.0046036635;-0.02218996;1.0003569;1.0003387;1.0000027;0.018066881;8.065589e-07;8.8066605e-05;0.020503635;-0.003972788;-0.017903924;1;0;1
7911192498;7911004026;7911004026;0;-0.10001866;0.094713196;-0.99046737;1.0;1.0;1.0;0.06397907;-0.060892425;-0.008309007;0.0055507584;-0.0018954157;-0.012048125;1.000363;1.0003414;1.0000007;0.06546937;0.059301365;0.0011050131;-0.00022591752;-0.0016758785;-0.0073176804;1;0;1
7911697363;7911508759;7911508759;0;-0.100109525;-0.3727028;-0.9225349;1.0;1.0;1.0;0.08561614;0.20782952;-0.0636611;-0.010625775;0.012691148;-0.021983098;1.0003662;1.0003369;1.0000097;0.11723904;0.69087684;0.06486925;-0.050523333;0.0802347;-0.024518855;1;0;1
7912192191;7912003598;7912003598;0;0.109118894;-0.016235659;-0.9938962;1.0;1.0;1.0;0.060545176;-0.008783221;0.008708119;0.020719146;-0.011646212;-0.01122048;1.0003597;1.0003493;1.0000106;0.05863041;0.0012332628;0.0012143186;0.020833902;0.0032620358;-0.010164795;1;0;1
7912696818;7912508329;7912508329;0;0.24059106;-0.34530178;-0.90712875;1.0;1.0;1.0;-0.07353793;0.1345448;-0.056016386;-0.012917606;0.021470051;-0.025366174;1.0003611;1.0003421;1.0000236;0.086494006;0.2895229;0.050227158;-0.043904796;0.063923605;-0.027292427;1;0;1
7913191629;7913003166;7913003166;0;-0.01936066;-0.04637509;-0.9987364;1.0;1.0;1.0;-0.037949897;0.030752324;0.0005016327;0.0042157862;-0.0057866196;-0.014343772;1.0003725;1.0003597;1.0000014;0.023034533;0.015124521;4.035733e-06;-0.0091391;-0.011335224;-0.011689052;1;0;1
7913696473;7913507899;7913507899;0;0.20470959;-0.0552079;-0.9772645;1.0;1.0;1.0;-0.024585262;-0.03359551;-0.0023616552;0.016096875;-0.022060432;-0.0076101846;1.0003645;1.0003617;1.000014;0.0096674375;0.018053085;8.929597e-05;0.024022814;-0.025283575;-0.004604185;1;0;1
7914191286;7914002735;7914002735;0;-0.094412796;0.13187419;-0.98676;1.0;1.0;1.0;-0.006939307;-0.111101985;-0.007873595;0.0022753777;-0.0060542068;-0.021829523;1.0003731;1.0003707;1.0000038;0.0007701763;0.19742613;0.0009919221;-0.0217299;-0.005752788;-0.022962146;1;0;1
7914695968;7914507467;7914507467;0;0.23814633;-0.025532378;-0.9708937;1.0;1.0;1.0;-0.10883053;0.0022042654;-0.020430267;0.0022800914;-0.011168791;-0.01279994;1.0003608;1.000388;1.0000061;0.18943699;7.7446144e-05;0.006681566;-0.011597355;-0.016110543;-0.009653855;1;0;1
7915201505;7915012200;7915012200;0;-0.023717217;0.11249694;-0.993369;1.0;1.0;1.0;-0.05406622;-0.008768894;0.0018082857;0.016103802;0.0012306774;-0.017976988;1.0003508;1.0004054;1.0000062;0.046754092;0.0012301443;5.2380132e-05;0.012786416;0.004556535;-0.011465748;1;0;1
7915696104;7915507036;7915507036;0;0.04653624;0.13984394;-0.9890794;1.0;1.0;1.0;0.045097683;0.03625013;0.008976281;0.0051568076;-0.018397925;-0.014688885;1.0003473;1.0004058;1.0000161;0.03252952;0.02101643;0.0012903045;0.0003300959;-0.027768169;-0.008154357;1;0;1
7916190351;7916001871;7916001871;0;-0.26334265;0.03952426;-0.96389234;1.0;1.0;1.0;-0.028148144;0.018459287;0.00907433;-0.015837252;0.012976331;-0.013069526;1.0003269;1.0004139;1.0000323;0.012672946;0.0054498357;0.0013184396;-0.028056595;0.023243703;-0.0058211144;1;0;1
7916695664;7916506603;7916506603;0;0.064446;0.563087;-0.82388085;1.0;1.0;1.0;-0.08238709;-0.19515133;-0.10577148;0.008707304;-0.022425478;-0.034028858;1.0003767;1.0003418;1.000054;0.108561225;0.6091225;0.17907657;0.03530617;-0.0674653;-0.0597439;1;0;1
7917199849;7917011335;7917011335;0;-0.021248901;-0.05793441;-0.9980942;1.0;1.0;1.0;-0.023430096;0.035355538;-0.0006522536;-0.01737789;-0.009411384;-0.019739768;1.0003836;1.0003831;1.000001;0.008780141;0.019993424;6.800731e-06;-0.02395053;-0.02370206;-0.02519133;1;0;1
7917694638;7917506171;7917506171;0;0.021600237;0.07048582;-0.9972789;1.0;1.0;1.0;-0.0019955281;-0.10525421;-0.0019255877;-0.011369355;-0.006296761;-0.009587274;1.0003822;1.0003785;1.0000006;6.368978e-05;0.17718789;5.9234386e-05;-0.012970709;-0.013940062;-0.009753318;1;0;1
7918199371;7918010902;7918010902;0;0.060013685;-0.121219784;-0.99080986;1.0;1.0;1.0;-0.06501043;0.0662287;-0.00766325;-0.005191666;-0.008895098;-0.004377093;1.000378;1.0003761;1.0000011;0.06759614;0.07015763;0.0009399416;-0.007590279;-0.0105638895;-0.0036566486;1;0;1
7918694243;7918505738;7918505738;0;-0.078209236;0.15313813;-0.98510516;1.0;1.0;1.0;0.046504375;-0.13787736;-0.01427412;-0.009545622;-0.010612773;-0.0033003192;1.000363;1.0003884;1.0000005;0.034589954;0.30404997;0.0032606872;-0.013305667;-0.013304024;-0.0015654541;1;0;1
7919189111;7919000572;7919000572;0;0.07934944;-0.029735604;-0.9964032;1.0;1.0;1.0;-0.092408344;0.006330762;-0.0032379627;-0.0042437636;-0.0063163848;-0.0027281803;1.0003525;1.0003998;1.0000002;0.13658069;0.0006413057;0.00016771334;-0.0043973196;-0.007661782;-0.0007109304;1;0;1
7919693803;7919505303;7919505303;0;0.0025829424;-0.4552047;-0.89038306;1.0;1.0;1.0;0.034926545;0.09679133;-0.042413414;0.008636475;0.0062837983;-0.012402794;1.0003494;1.0003544;1.0000527;0.019511;0.14984433;0.028797997;0.0127492715;0.026995799;-0.011395945;1;0;1
7920198621;7920010034;7920010034;0;-0.11408463;0.14045295;-0.9834926;1.0;1.0;1.0;0.0793954;-0.07848399;-0.013979554;-0.006424363;-0.010765596;-0.011307317;1.0003551;1.0004057;1.0000019;0.10082226;0.09851345;0.003128121;-0.016882287;0.0008586578;-0.008604048;1;0;1
7920693408;7920504868;7920504868;0;0.035201106;-0.031229721;-0.9988921;1.0;1.0;1.0;-0.029351134;0.02126557;-0.0010409951;-0.0058695306;-0.004483347;-0.0067576705;1.0003681;1.0004013;1.0;0.013778753;0.007232246;1.7342705e-05;-0.029011821;-0.0020036432;-0.003565364;1;0;1
7921198071;7921009599;7921009599;0;-0.088838056;0.025063531;-0.9957307;1.0;1.0;1.0;0.039160475;0.013374547;-0.0022941232;-0.00082177215;-0.007077004;-0.00449242;1.0003879;1.0003864;1.0000014;0.02452717;0.0028614176;8.424728e-05;-0.014549521;-0.0056077186;-0.0015040127;1;0;1
7921692900;7921504433;7921504433;0;0.21437174;0.3297214;-0.91941744;1.0;1.0;1.0;-0.051429257;-0.1183909;-0.044306993;-0.023543818;-0.019152248;-0.020597328;1.0003971;1.0003531;1.0000286;0.042302698;0.2241843;0.031426944;-0.054428145;-0.05183272;-0.025330039;1;0;1
7922197626;7922009164;7922009164;0;0.08427146;0.008662403;-0.9964052;1.0;1.0;1.0;-0.06660101;0.029463936;-0.0027114153;0.0056787995;-0.0027306352;-0.010484083;1.0004138;1.0003623;1.0000007;0.07094175;0.013884662;0.00011762828;0.0041798954;-0.016842723;-0.010698566;1;0;1
7922692538;7922503998;7922503998;0;0.008675962;0.08572418;-0.996281;1.0;1.0;1.0;-0.014033223;-0.073823094;-0.0036335588;0.0026104285;-0.0033680878;-0.0052702855;1.0004115;1.0003616;1.0;0.0031496051;0.0871662;0.0002112717;0.0017425042;-0.008989385;-0.0040975693;1;0;1
7923197543;7923008728;7923008728;0;-0.052834835;0.0014515051;-0.9986022;1.0;1.0;1.0;0.069694124;-0.004059873;-0.0012527108;-0.0042788764;0.00259506;-0.0073695197;1.0004092;1.0003605;1.0000001;0.077684544;0.00026359057;2.5089435e-05;-0.010355166;0.012984036;-0.003352742;1;0;1
7923692081;7923503561;7923503561;0;0.12424183;-0.6116837;-0.7812855;1.0;1.0;1.0;-0.081445396;0.21743578;-0.13669175;0.0014718465;0.011924258;-0.020741584;1.0004064;1.0003041;1.0000565;0.10609052;0.7562163;0.29906633;0.0012970916;0.03999695;-0.023967994;1;0;1
7924196834;7924008291;7924008291;0;-0.05614168;0.089020945;-0.9944463;1.0;1.0;1.0;-0.00869425;-0.049883585;-0.0026814938;0.011049209;-0.017999673;-0.01802001;1.0004036;1.0003589;1.0000023;0.0012089517;0.03979976;0.00011507697;0.010984312;-0.008214926;-0.016285218;1;0;1
7924692019;7924503124;7924503124;0;-0.13967922;0.3954193;-0.90781784;1.0;1.0;1.0;0.1260915;-0.017037362;-0.017729104;-0.0047949827;-0.020487016;-0.026291387;1.0004039;1.0003074;1.0000514;0.25428236;0.00464253;0.005030401;-0.006946033;-0.06720936;-0.04427014;1;0;1
7925196320;7925007854;7925007854;0;0.042441975;-0.057110894;-0.9974653;1.0;1.0;1.0;-0.005373284;0.04714711;-0.0017974973;0.0014075395;-0.0005049948;-0.012241417;1.0004008;1.0003582;1.0000006;0.00046176987;0.03555283;5.170963e-05;0.0005636687;-0.02131278;-0.01736892;1;0;1
7925701091;7925512583;7925512583;0;-0.059313487;0.03479447;-0.99763286;1.0;1.0;1.0;0.051388204;-0.038966004;-0.0023269653;0.0012074537;-0.0058885356;-0.0053193853;1.0003996;1.0003579;1.0;0.042235084;0.024284625;8.664072e-05;0.0023640515;-0.012936397;-0.00643127;1;0;1
7926186241;7925997519;7925997519;0;-0.029067744;0.04993606;-0.99832934;1.0;1.0;1.0;0.016427476;-0.021951308;-0.0011987686;0.0004323367;-0.005149304;-0.003472716;1.0003982;1.0003573;1.0000004;0.0043160734;0.007706951;2.300645e-05;0.0033339763;-0.008000141;-0.0025592777;1;0;1
7926690819;7926502248;7926502248;0;0.0014298204;0.027578406;-0.99961865;1.0;1.0;1.0;0.009159937;-0.019891918;-0.00029575825;0.0004827657;-0.0039348323;-0.0023364343;1.0003968;1.0003575;1.0000001;0.0013419384;0.0063287257;1.3995669e-06;0.0014334195;-0.0056490153;-0.0010023206;1;0;1
7927195453;7927006978;7927006978;0;-0.03927578;-0.030094361;-0.99877506;1.0;1.0;1.0;0.048731703;0.04013706;-0.0011301041;0.0013639408;-0.004810083;-0.0018846915;1.0003957;1.0003576;1.0000001;0.037981436;0.025766835;2.0423386e-05;0.0020054397;-0.0082471315;-0.00042644213;1;0;1
7927700698;7927511707;7927511707;0;0.018282894;0.016444432;-0.99969757;1.0;1.0;1.0;-0.018741824;0.012294833;0.000110566616;0.0013212406;-0.004848458;-0.0020428947;1.0003947;1.0003576;1.0000004;0.005617878;0.0024177015;1.9602156e-07;0.0060830005;-0.007628963;-0.0002676787;1;0;1
7928195860;7928006539;7928006539;0;0.00020291901;-0.07498086;-0.99718493;1.0;1.0;1.0;0.017980646;0.08746995;-0.002572298;0.0015462486;-0.0040997197;-0.0018141217;1.0003911;1.0003619;1.0000002;0.005170836;0.122372195;0.0001058233;0.003523468;-0.0039267307;-0.00015170418;1;0;1
7928699815;7928511267;7928511267;0;0.24533269;0.053166565;-0.96797997;1.0;1.0;1.0;-0.062449843;0.056932207;-0.008968532;-0.015585515;-0.025909021;-0.022277467;1.0003726;1.0003661;1.0000181;0.06237648;0.05184044;0.0012874943;-0.03229573;-0.086704746;-0.03129574;1;0;1
7929194635;7929006099;7929006099;0;-0.038521357;0.08887241;-0.9952978;1.0;1.0;1.0;0.14290786;0.013406292;0.0060279965;0.03766144;0.008712275;-0.014099256;1.0003737;1.00038;1.0000085;0.32664043;0.0028753972;0.0005826023;0.07125225;0.00032197862;-0.013304831;1;0;1
7929689642;7929500931;7929500931;0;-0.27469522;-0.22393529;-0.93509126;1.0;1.0;1.0;0.18407016;0.1466278;-0.05777788;-0.015739242;0.006226857;-0.028077096;1.0003703;1.000393;1.0000056;0.5419085;0.34386995;0.05343263;-0.053623248;0.0047074966;-0.03877134;1;0;1
7930194231;7930005659;7930005659;0;0.18095839;0.18145168;-0.9666071;1.0;1.0;1.0;-0.09386136;-0.044199556;-0.020086884;-0.0011428114;-0.015542485;-0.023719478;1.0003688;1.0003953;1.0000106;0.14090729;0.031245684;0.0064592604;-0.031450078;-0.03440468;-0.02147769;1;0;1
7930698890;7930510387;7930510387;0;-0.0039073606;0.012847879;-0.99990976;1.0;1.0;1.0;0.027035307;-0.0359436;0.00044351816;0.00052591437;-0.009738586;-0.011444619;1.0003742;1.0004053;1.0000005;0.011690151;0.020662474;3.1541033e-06;-0.0068376167;-0.015573239;-0.008398081;1;0;1
7931193684;7931005219;7931005219;0;0.28052557;0.28380382;-0.9169301;1.0;1.0;1.0;-0.15907386;-0.118266076;-0.061751068;0.010531377;0.006247969;-0.0074524223;1.0003761;1.0003921;1.0000173;0.40471965;0.22370511;0.061040565;0.020988476;0.0057181674;-0.004981994;1;0;1
7931698506;7931509946;7931509946;0;-0.26508427;0.19209561;-0.9448966;1.0;1.0;1.0;0.1778295;-0.07579005;-0.04446727;0.01971822;-0.005120293;-0.016169157;1.0003917;1.0003914;1.000008;0.5057752;0.09186143;0.031649966;0.030198138;-0.012745287;-0.01138272;1;0;1
7932193345;7932004777;7932004777;0;-0.18494311;0.1883775;-0.96452576;1.0;1.0;1.0;0.09460676;-0.053615913;-0.022219598;-0.004921073;-0.0068714856;-0.020331336;1.0004011;1.0003847;1.0000101;0.14314958;0.04597383;0.007903485;-0.025558703;-0.009011278;-0.013646852;1;0;1
7932698042;7932509504;7932509504;0;-0.19110802;-0.062044796;-0.97960615;1.0;1.0;1.0;0.03797123;-0.0032256506;-0.0064386725;-0.011959442;-0.021080391;-0.014554842;1.0003943;1.0003936;1.0000114;0.023059934;0.00016636937;0.00066378777;-0.027928032;-0.043127257;-0.007945015;1;0;1
7933192807;7933004335;7933004335;0;0.05496285;0.51034707;-0.85821027;1.0;1.0;1.0;0.028551139;-0.18264103;-0.082849085;0.038391676;-0.022316044;-0.043501027;1.0003959;1.000361;1.0000471;0.0130375195;0.53353083;0.10987684;0.09810627;-0.04192559;-0.061342176;1;0;1
7933697659;7933509062;7933499166;0;-0.5745692;-0.1362417;-0.80703676;1.0;1.0;1.0;0.32377195;-0.037500456;-0.14528376;-0.0026270945;0.026422674;-0.06801233;1.0003724;1.0004026;1.0000386;1.676628;0.022491492;0.33770487;-0.022867851;0.09781339;-0.114511326;1;1;0
7934192614;7934003893;7934003893;0;0.032532007;-0.07701281;-0.99649924;1.0;1.0;1.0;-0.016037669;0.060307324;-0.0032246113;-0.014214225;-0.014251912;-0.037017833;1.0003988;1.0004196;1.0000002;0.0041136686;0.058166835;0.00016641905;-0.031964395;-0.010591391;-0.049687315;1;0;1
7934697392;7934508619;7934508619;0;0.023488857;0.07291554;-0.9970615;1.0;1.0;1.0;0.011411943;-0.049052037;-0.0020439625;-0.0003798412;-0.004516419;-0.016728899;1.0004011;1.0004218;1.0000008;0.0020828834;0.038481224;6.6871755e-05;0.006621692;0.005094543;-0.019062111;1;0;1
7935191942;7935003450;7935003450;0;0.012231326;0.0309187;-0.9994471;1.0;1.0;1.0;-0.014112834;-0.014371745;-0.00041413307;0.0065835067;-0.0012521164;-0.0075617884;1.0004042;1.0004241;1.0000001;0.0031854655;0.0033034177;2.744889e-06;0.010742125;0.0044641746;-0.0072349836;1;0;1
7935696787;7935508176;7935508176;0;0.019954368;-0.036580127;-0.99913144;1.0;1.0;1.0;-0.03235345;0.041866746;-0.0007780194;0.005601026;0.0014324082;-0.003761894;1.0004067;1.0004265;1.0;0.016741121;0.02803281;9.677609e-06;0.0066989516;0.0028661157;-0.002715535;1;0;1
7936201378;7936012904;7936012904;0;0.0075778267;0.013448307;-0.9998808;1.0;1.0;1.0;0.0056460905;-0.03323441;0.00016373396;0.005840256;-0.00574304;-0.0026985847;1.0004106;1.0004275;1.0000002;0.0005098441;0.017664798;4.3050375e-07;0.006475721;-0.0046196585;-0.001080752;1;0;1
7936696213;7936507732;7936507732;0;0.005256133;-0.0096413605;-0.9999397;1.0;1.0;1.0;-0.04066231;0.020856895;0.0006289482;0.0035236152;-0.0034990404;-0.0031330856;1.0004181;1.0004241;1.0000006;0.026443722;0.006956852;6.3424127e-06;0.00080819335;-0.0028721734;-0.0006425493;1;0;1
7937191027;7937002561;7937002561;0;0.018015137;-0.03560678;-0.9992035;1.0;1.0;1.0;0.015700104;0.021882914;-0.00013387203;0.0024915827;-0.0032429888;-0.0028323992;1.0004271;1.0004188;1.0000006;0.0039422084;0.007658719;2.8649208e-07;-0.0066104596;-0.007334754;-0.00045202105;1;0;1
7937695849;7937507287;7937507287;0;-0.12641907;0.033940025;-0.9913961;1.0;1.0;1.0;0.085513905;-0.011365209;-0.0075101852;0.009339763;-0.011223178;-0.0031835507;1.0004334;1.000413;1.000001;0.116951354;0.0020656057;0.000902832;0.0050556744;-0.012594635;-0.00041862347;1;0;1
7938190706;7938002117;7938002117;0;-0.09062361;0.054274395;-0.9944052;1.0;1.0;1.0;0.085997;-0.053268667;-0.005583465;0.007394032;-0.0056737876;-0.0021518804;1.0004344;1.00041;1.0;0.118276365;0.045382153;0.00049883325;0.009144846;-0.006177415;-0.00020886773;1;0;1
7938695367;7938506842;7938506842;0;-0.030574847;0.050457988;-0.998258;1.0;1.0;1.0;0.03380956;-0.029954093;-0.0015263557;0.005640219;-0.0055761486;-0.0017574511;1.0004312;1.0004076;1.0000001;0.0182815;0.0143500995;3.728492e-05;0.005083755;-0.0061649303;-0.00012030512;1;0;1
7939200646;7939011568;7939011568;0;0.021098686;0.028895343;-0.9993597;1.0;1.0;1.0;-0.0037696734;-0.0057695936;-0.00022256374;0.0056476737;-0.008041204;-0.0016322947;1.0004281;1.0004076;1.0000004;0.0002272697;0.0005323985;7.9255364e-07;0.0033551226;-0.0074336133;-9.169376e-05;1;0;1
7939695456;7939506397;7939506397;0;0.058488935;0.09569935;-0.99369043;1.0;1.0;1.0;-0.04754166;-0.07529771;-0.0060406327;0.0060931486;-0.006783679;-0.0015645073;1.0004245;1.0004116;1.0000002;0.036148004;0.090679646;0.0005840006;0.0055144904;-0.0048769405;-7.621842e-05;1;0;1
7940189715;7940001225;7940001225;0;-0.012021193;0.06455466;-0.99784166;1.0;1.0;1.0;0.031695135;-0.074864425;-0.0019122362;0.004213402;-0.0060942546;-0.0016320287;1.0004237;1.0004153;1.0000002;0.016066499;0.089636914;5.847352e-05;0.0022516737;-0.004689931;-9.799578e-05;1;0;1
7940694674;7940505950;7940505950;0;0.03680253;0.002482927;-0.9993195;1.0;1.0;1.0;-0.028844362;-0.009992994;-0.00062048435;0.00803364;-0.0059001567;-0.0018656151;1.0004249;1.000417;1.0;0.013306303;0.0015971835;6.163564e-06;0.008083218;-0.0037529075;-0.0001114937;1;0;1
7941199507;7941010675;7941010675;0;-0.10127867;0.13008161;-0.98631704;1.0;1.0;1.0;0.09962928;0.057858363;0.004133463;0.009202929;0.017622411;-0.0005425372;1.0004262;1.0004036;1.0000148;0.15874825;0.05354157;0.0002739637;0.009483252;0.027810674;-6.4360647e-06;1;0;1
7941694087;7941505503;7941505503;0;-0.053875834;-0.016027985;-0.99841905;1.0;1.0;1.0;0.056234155;0.00082763843;-0.0014627576;0.0077749775;-0.0014110709;-0.016888818;1.0004269;1.0004203;1.0;0.050574895;1.0968726e-05;3.4228975e-05;0.011653792;-0.03283811;-0.02614408;1;0;1
7942198772;7942010227;7942010227;0;0.045003492;-0.062733896;-0.9970152;1.0;1.0;1.0;-0.04944306;0.026911028;-0.0023328066;0.007337358;-0.005617099;-0.0081908805;1.000428;1.0004214;1.0000006;0.039097127;0.011581995;8.709843e-05;0.009061047;-0.020550001;-0.009887061;1;0;1
7942693913;7942505055;7942505055;0;0.009649934;0.02176185;-0.99971664;1.0;1.0;1.0;-0.010102811;-0.010008834;-0.00021409988;0.006435703;-0.0073656198;-0.0043546697;1.0004292;1.0004236;1.0;0.0016323682;0.001602178;7.338286e-07;0.0062470934;-0.015347036;-0.0038246221;1;0;1
7943198317;7943009779;7943009779;0;-0.035901483;0.465749;-0.88418835;1.0;1.0;1.0;0.030019702;-0.10470128;-0.04832548;0.008466457;-0.0063539436;-0.008589581;1.0004303;1.0003694;1.0000553;0.014412718;0.17533216;0.037386518;0.01039614;-0.021151317;-0.007283788;1;0;1
7943693106;7943504607;7943504607;0;-0.002986084;0.20921801;-0.97786444;1.0;1.0;1.0;-0.0010018034;-0.11113659;-0.01730138;0.003599953;0.013541701;-0.013449144;1.0004313;1.0004219;1.000004;1.6050839e-05;0.19753817;0.004791926;0.0044822684;0.010778308;-0.013059146;1;0;1
7944197798;7944009331;7944009331;0;-0.32244626;0.20601939;-0.9238963;1.0;1.0;1.0;-0.00013402104;0.06486024;0.016935349;0.015810939;-0.0015078066;-0.01397437;1.0003873;1.0003959;1.000075;2.8727496e-07;0.067282975;0.0045921383;0.020244127;-0.0052876035;-0.009555125;1;0;1
7944692646;7944504158;7944504158;0;0.11116649;-0.012516122;-0.9937229;1.0;1.0;1.0;-0.041568734;-0.0072227027;-0.0036557317;-0.0038273185;0.003988091;-0.015416805;1.0004306;1.000427;1.0000023;0.027635455;0.00083438895;0.000213962;-0.001990559;-0.0007154393;-0.0106439395;1;0;1
7945197346;7945008882;7945008882;0;0.015685555;-0.056410007;-0.99828446;1.0;1.0;1.0;0.018593147;0.030649679;-0.0007957816;0.0032201288;-0.0056307954;-0.0063549145;1.000433;1.0004282;1.0000008;0.005528888;0.015024132;1.0133804e-05;0.002448286;-0.0050610984;-0.0039799684;1;0;1
7945692173;7945503709;7945503709;0;0.04626674;0.03630603;-0.99826914;1.0;1.0;1.0;-0.02660596;-0.034863234;-0.0015361905;0.006302706;-0.007039011;-0.0030888875;1.000434;1.0004301;1.0000002;0.01132112;0.019438947;3.7772745e-05;0.00760137;-0.0050896322;-0.0015256199;1;0;1
7946196948;7946008432;7946008432;0;0.4050666;0.4112558;-0.8165719;1.0;1.0;1.0;-0.14225578;-0.22316079;-0.1297301;0.010967206;0.00077936845;-0.008727002;1.000405;1.0004158;1.0000459;0.32365626;0.79646486;0.26940265;0.007375488;-0.006398776;-0.009919818;1;0;1
7946701620;7946513155;7946513155;0;0.3158499;0.28211004;-0.90589887;1.0;1.0;1.0;-0.09637332;-0.079586625;-0.048451066;0.0060048946;-0.008429879;-0.021968642;1.0004152;1.0004145;1.0000393;0.14854339;0.10129921;0.037582923;0.015724568;-0.028699078;-0.030035142;1;0;1
7947196444;7947007982;7947007982;0;0.18359171;-0.080955386;-0.9796634;1.0;1.0;1.0;-0.12880263;0.17670514;-0.014237344;-0.022455035;-0.015259113;-0.021626463;1.0004362;1.00043;1.0000054;0.26532614;0.49937794;0.0032412864;-0.073166914;-0.030657614;-0.026260357;1;0;1
7947691270;7947502809;7947502809;0;-0.27261454;0.072587684;-0.95938116;1.0;1.0;1.0;0.02202785;-0.0039354116;-0.0062732697;0.029660664;-0.01955894;-0.034807604;1.0004104;1.000433;1.0000293;0.007760434;0.00024765843;0.00063012284;0.04524509;-0.028307203;-0.040595245;1;0;1
7948196038;7948007531;7948007531;0;-0.08753278;0.024044327;-0.9958714;1.0;1.0;1.0;0.08477507;-0.015226181;-0.004085779;0.000177105;-0.010845102;-0.01766251;1.000439;1.0004355;1.0;0.114938535;0.0037075735;0.00026710526;0.0016688864;-0.009293739;-0.016284883;1;0;1
7948690914;7948502357;7948502357;0;0.035399873;0.05383148;-0.99792236;1.0;1.0;1.0;-0.0078141;-0.059657328;-0.0016801953;0.00033720478;-0.0035826713;-0.008046202;1.0004393;1.0004371;1.0000004;0.0009765335;0.05691914;4.516568e-05;0.0019880477;-0.0034173266;-0.0062398524;1;0;1
7949195911;7949007080;7949007080;0;0.014704937;-0.041335642;-0.9990371;1.0;1.0;1.0;0.009912651;0.03036135;-0.0005995631;0.0068456493;-0.00976144;-0.004077552;1.0004405;1.000438;1.0000002;0.0015714782;0.014742576;5.7516136e-06;0.003664524;-0.010592735;-0.0023703473;1;0;1
7949700289;7949511802;7949511802;0;-0.006662446;0.012118211;-0.99990433;1.0;1.0;1.0;-0.009451735;-0.0036179218;7.033348e-05;0.004851008;-0.010665038;-0.0026922063;1.000443;1.0004369;1.0000001;0.0014287317;0.00020934237;7.9014676e-08;0.0013884048;-0.010328721;-0.00097385875;1;0;1
7950198783;7950006628;7950006628;0;0.27328444;0.19657235;-0.94163424;1.0;1.0;1.0;-0.085298166;-0.038397565;-0.027707398;-0.020503966;-0.025001468;-0.023079827;1.0004277;1.000424;1.0000267;0.11636266;0.02357878;0.012291275;-0.08108806;-0.049425915;-0.029703924;1;0;1
7950690333;7950501454;7950501454;0;-0.12171529;-0.01997748;-0.992364;1.0;1.0;1.0;-0.027782336;-0.069353856;0.0076411963;0.017092314;-0.0425834;-0.019482723;1.0004306;1.0004286;1.0000132;0.012344416;0.07692592;0.0009352725;0.02202819;-0.09079146;-0.018358482;1;0;1
7951194636;7951006175;7951006175;0;0.23391607;-0.050699607;-0.970934;1.0;1.0;1.0;-0.106790006;-0.06796932;-0.013825774;-0.011429285;-0.009690745;-0.02846538;1.0004278;1.000422;1.0000131;0.18238765;0.07388691;0.0030594738;-0.044812113;-0.011653189;-0.03062015;1;0;1
7951699904;7951510897;7951510897;0;0.064562835;0.045252953;-0.99688715;1.0;1.0;1.0;-0.044218227;-0.017649185;-0.0025241375;0.0024198503;-0.020892732;-0.014169259;1.0004277;1.0004216;1.0000006;0.031270653;0.004981716;0.00010199323;-0.0077221873;-0.029832276;-0.011963517;1;0;1
7952194805;7952005723;7952005723;0;-0.10199273;0.119170256;-0.9876213;1.0;1.0;1.0;0.08972609;-0.08273396;-0.011637747;0.0056731547;-0.018262265;-0.0077228798;1.0004218;1.0004152;1.0000006;0.12875804;0.109473705;0.0021676149;0.0020065485;-0.026056822;-0.004791778;1;0;1
7952698916;7952510444;7952510444;0;0.051101618;-0.00083073543;-0.99869317;1.0;1.0;1.0;-0.0117418915;-0.009022975;-0.00048327446;-0.0014358863;-0.018102828;-0.0043316595;1.0004171;1.0004103;1.0000007;0.0022050326;0.0013020863;3.7387083e-06;-0.0044352203;-0.01871026;-0.0019013771;1;0;1
7953193808;7953005269;7953005269;0;0.29567745;0.29629943;-0.9081748;1.0;1.0;1.0;-0.029802293;-0.12243374;-0.040012598;-0.003733209;-0.03884787;-0.022555063;1.0003859;1.0003954;1.0000417;0.014205345;0.23974329;0.025629714;-0.019990908;-0.10516747;-0.03548258;1;0;1
7953688640;7953500093;7953500093;0;0.14647342;-0.41313148;-0.8988148;1.0;1.0;1.0;-0.09084585;0.18718338;-0.073715985;-0.005062245;0.013415568;-0.024146901;1.0004125;1.0003873;1.000022;0.13199306;0.5603806;0.086987264;-0.015831664;0.016835932;-0.02937117;1;0;1
7954193425;7954004815;7954004815;0;0.3297942;-0.28482884;-0.9000603;1.0;1.0;1.0;-0.13598636;0.015502781;-0.04327321;-0.013139091;-0.0016049525;-0.03149675;1.0003968;1.000383;1.000045;0.29575926;0.0038422076;0.029975966;-0.041009363;-0.025454836;-0.03772192;1;0;1
7954698038;7954509536;7954509536;0;-0.12440651;0.097309425;-0.9874482;1.0;1.0;1.0;0.10463396;-0.022833824;-0.009577036;0.031243084;-0.0009267195;-0.024241174;1.0004112;1.0004152;1.0000024;0.17510025;0.008338446;0.001467967;0.0609413;-0.004007996;-0.023956995;1;0;1
7955192892;7955004360;7955004360;0;0.025132654;0.03593572;-0.99903804;1.0;1.0;1.0;-0.0093356185;-0.045697108;-0.00078964233;0.006469387;-0.0023748802;-0.014946536;1.000412;1.0004197;1.0000001;0.001393886;0.033397608;9.975053e-06;0.015311478;0.0066465745;-0.011607249;1;0;1
7955697926;7955509081;7955509081;0;-0.041050665;0.2120782;-0.9763901;1.0;1.0;1.0;0.03738368;-0.013509572;-0.0036888719;0.0125547;0.0045176796;-0.0059148585;1.0004134;1.0004044;1.0000166;0.022351392;0.0029189368;0.00021784747;0.017295687;0.007119257;-0.004332464;1;0;1
7956192412;7956003905;7956003905;0;0.050541155;0.2711795;-0.961201;1.0;1.0;1.0;-0.029988475;0.04830876;0.013827801;0.0070449435;-0.0103843305;-0.0074135587;1.0004139;1.0003791;1.0000433;0.014382985;0.037325677;0.0030618347;0.0086948145;-0.0135508245;-0.0045766854;1;0;1
7956697085;7956508625;7956508625;0;0.019399589;-0.30232537;-0.9530073;1.0;1.0;1.0;-0.026856711;0.16712134;-0.037773013;0.0066651693;-0.004932545;-0.009354914;1.0004151;1.0004159;1.0000077;0.011535739;0.44668695;0.022839945;0.008971596;-0.00461133;-0.0047480543;1;0;1
7957192152;7957003449;7957003449;0;-0.063670635;0.08528733;-0.9943199;1.0;1.0;1.0;0.0042696856;0.013842016;0.0010194778;0.0045590177;0.00057814305;-0.009853988;1.0004148;1.0004206;1.0000056;0.0002915625;0.003064334;1.6644828e-05;0.0053434647;0.015956197;-0.0047323196;1;0;1
7957696851;7957508169;7957508169;0;-0.055774048;0.40596303;-0.9121859;1.0;1.0;1.0;0.0021565259;-0.12562084;-0.04620123;0.008639102;-0.002018754;-0.00631573;1.0004164;1.0003923;1.0000347;7.437869e-05;0.2523904;0.034173;0.009159669;-0.00021168645;-0.0029959462;1;0;1
7958191724;7958002992;7958002992;0;-0.16168095;0.19725624;-0.96692777;1.0;1.0;1.0;0.040979177;0.035247296;0.0018497109;0.008086405;-0.0061273854;-0.0063521373;1.0004122;1.0004036;1.0000292;0.026857615;0.01987045;5.4818935e-05;0.007587315;-0.0063707144;-0.0034896475;1;0;1
7958696191;7958507714;7958507714;0;-0.29114357;0.22322308;-0.93027246;1.0;1.0;1.0;0.044891715;0.023170277;-0.007088721;0.0087055825;-0.006416828;-0.0060174116;1.0003939;1.0004013;1.0000515;0.03223156;0.00858716;0.00080443127;0.007765153;-0.007652928;-0.0028451;1;0;1
7959191063;7959002535;7959002535;0;-0.25857067;0.23590758;-0.9367438;1.0;1.0;1.0;0.01403223;0.0024024844;-0.0031536222;0.008582311;-0.008630194;-0.006826314;1.000395;1.0004032;1.0000496;0.0031492116;9.233774e-05;0.00015922572;0.007950154;-0.010134106;-0.0034657207;1;0;1
7959695806;7959507255;7959507255;0;-0.09243677;-0.001430926;-0.9957175;1.0;1.0;1.0;-0.0070684254;0.10569973;0.006153643;0.0074304747;0.0018651006;-0.005084391;1.0004174;1.0004236;1.0000088;0.0007990687;0.17868318;0.0006068699;0.008724667;0.0027862957;-0.002793983;1;0;1
7960200505;7960011974;7960011974;0;-0.27281326;0.043554973;-0.96108055;1.0;1.0;1.0;0.025289252;0.044142883;-0.0038232207;0.010948096;1.4052942e-05;-0.005968585;1.000397;1.0004256;1.0000293;0.01022868;0.031164477;0.00023396751;0.010385182;-0.002352288;-0.0025278267;1;0;1
7960695270;7960506797;7960506797;0;-0.30741078;0.21926725;-0.9259701;1.0;1.0;1.0;0.045084417;-0.113527596;-0.033188403;0.008025075;-0.011562556;-0.0058610425;1.0003949;1.0004244;1.0000341;0.032508835;0.20612727;0.017633429;0.007257023;-0.015943432;-0.0020714768;1;0;1
7961190081;7961001620;7961001620;0;-0.3515604;-0.0923578;-0.93159825;1.0;1.0;1.0;-0.006674826;-0.03673376;0.006931782;0.011706373;-0.0008125468;-0.0070582028;1.0003711;1.0004224;1.0000615;0.00071258843;0.021580637;0.0007693413;0.008738424;-0.0035894872;-0.0024022034;1;0;1
7961694896;7961506339;7961506339;0;-0.019017281;-0.13834177;-0.99020195;1.0;1.0;1.0;-0.012236463;-0.083646625;0.015645742;0.02488876;-0.007985755;-0.006931225;1.0004267;1.0004086;1.0000216;0.0023946748;0.111902274;0.0039204536;0.025625207;-0.007358834;-0.0023930864;1;0;1
7962199806;7962011058;7962011058;0;0.002691147;0.1662351;-0.9860825;1.0;1.0;1.0;0.018616855;-0.09075243;-0.0108341575;-0.0036219815;0.004577809;-0.014508839;1.0004283;1.0004287;1.0000026;0.0055430224;0.13171977;0.0018790093;-0.0045487448;0.004982341;-0.009941323;1;0;1
7962694404;7962505880;7962505880;0;0.015506003;0.019340277;-0.99969274;1.0;1.0;1.0;0.02741899;0.010679705;0.0010648966;0.003153239;0.00014799142;-0.010020196;1.0004292;1.0004321;1.0000012;0.012023656;0.0018240833;1.8168435e-05;0.0066592605;-0.005146511;-0.0052297367;1;0;1
7963199657;7963010598;7963010598;0;0.01616734;-0.19423336;-0.9808221;1.0;1.0;1.0;-0.016318893;0.029510304;-0.005515635;0.01122497;0.0066630137;-0.010629382;1.0004313;1.0004221;1.0000118;0.0042590634;0.013927892;0.0004871287;0.01011181;0.02729821;-0.005665761;1;0;1
7963694757;7963505420;7963505420;0;0.11475155;-0.19162725;-0.9747364;1.0;1.0;1.0;0.05063574;0.032426775;0.0014404655;0.021671547;-0.004568403;-0.003150416;1.0004207;1.0004241;1.0000229;0.041006397;0.01681728;3.3256012e-05;0.028265746;0.004008756;-0.0022429659;1;0;1
7964198961;7964010139;7964010139;0;-0.0444405;-0.18266892;-0.98216957;1.0;1.0;1.0;0.077496216;-0.008402228;0.0011482239;0.020647682;-0.023032255;-0.007948557;1.0004333;1.0004206;1.0000163;0.096048996;0.0011290641;2.1166676e-05;0.028501013;-0.040013466;-0.0057665454;1;0;1
7964693729;7964504961;7964504961;0;-0.062484402;0.036330104;-0.9973844;1.0;1.0;1.0;0.017486446;-0.0062258914;-0.0011485219;0.01039887;-0.01605206;-0.013888325;1.0004342;1.0004375;1.0000012;0.0048902896;0.00061991974;2.1123144e-05;0.0150324665;-0.009346243;-0.01134395;1;0;1
7965198263;7965009679;7965009679;0;-0.09850626;0.045786787;-0.9940825;1.0;1.0;1.0;0.09335152;0.0022369213;-0.004750192;0.008397162;-0.0047952295;-0.0066770082;1.0004362;1.000438;1.000001;0.1393713;8.001643e-05;0.0003610651;0.012223789;0.0006642689;-0.00429072;1;0;1
7965692971;7965504500;7965504500;0;-0.047366887;-0.02808883;-0.9984825;1.0;1.0;1.0;0.058783576;0.018774876;-0.0014091134;0.0075456174;0.00269474;-0.0040340833;1.0004373;1.00044;1.0000001;0.055263974;0.0056374026;3.1761545e-05;0.008235517;0.006784069;-0.0017337619;1;0;1
7966197709;7966009218;7966009218;0;-0.05160789;0.054607823;-0.9971733;1.0;1.0;1.0;0.048768215;0.05962065;0.0037199855;0.009478071;0.011109626;-0.0020978106;1.0004387;1.0004348;1.0000057;0.038036734;0.056849074;0.00022175211;0.008936041;0.01801492;-0.0006716686;1;0;1
7966692555;7966504039;7966504039;0;0.012190476;-0.007223122;-0.9998996;1.0;1.0;1.0;0.012203889;0.08561865;0.0032727122;-0.0053222575;0.003996812;-0.007988142;1.0004393;1.0004367;1.000003;0.0023819122;0.11723756;0.00017168831;-0.01001928;0.004924838;-0.0037308964;1;0;1
7967197340;7967008757;7967008757;0;0.09459018;0.30719805;-0.9469329;1.0;1.0;1.0;-0.019756928;-0.035757095;-0.012603819;0.0100839455;-0.0065587224;-0.008828078;1.0004367;1.0004041;1.0000346;0.0062426534;0.02044858;0.0025434876;0.009865855;-0.01420737;-0.0047208117;1;0;1
7967692131;7967503578;7967503578;0;0.013312086;0.19421759;-0.9808682;1.0;1.0;1.0;0.034321133;-0.08578728;-0.012090802;0.007965993;-0.0049520065;-0.0054060114;1.0004355;1.0004269;1.0000061;0.01883884;0.11770138;0.0023402544;0.011467082;-0.004842545;-0.0023867895;1;0;1
7968196796;7968008295;7968008295;0;-0.114159904;-0.4587224;-0.88121575;1.0;1.0;1.0;0.01663255;0.036367476;-0.019946158;-0.009884273;0.021219622;-0.019598914;1.0004258;1.0003495;1.00008;0.004424383;0.021153718;0.0063692257;-0.021734376;0.048642203;-0.017901905;1;0;1
7968691619;7968503116;7968503116;0;0.08315719;0.028349645;-0.9961331;1.0;1.0;1.0;-0.011290766;-0.018007338;-0.0012271404;-0.0012492477;-0.018213723;-0.020836925;1.0004168;1.0004166;1.0000021;0.0020388528;0.0051860753;2.411031e-05;0.002111758;-0.053109363;-0.018344209;1;0;1
7969196329;7969007833;7969007833;0;0.08843082;0.015238948;-0.9959658;1.0;1.0;1.0;-0.08526102;0.0038822144;-0.0038463473;-0.0048435894;-0.00831368;-0.010470179;1.0004079;1.0004053;1.0000001;0.11626363;0.00024103293;0.00023672485;-0.0077351048;-0.021476885;-0.007104207;1;0;1
7969691116;7969502653;7969502653;0;0.090840645;0.090860285;-0.99171185;1.0;1.0;1.0;-0.05580267;-0.07111357;-0.007477641;-0.0061031748;-0.0014793827;-0.005496411;1.0003991;1.0003961;1.0000006;0.049803127;0.08088225;0.0008949694;-0.0072638895;-0.006011683;-0.0027765406;1;0;1
7970196087;7970007370;7970007370;0;-0.11431555;0.019097667;-0.9932609;1.0;1.0;1.0;0.10605765;-0.007635884;-0.0066388845;-0.000324178;0.00052923994;-0.0032735018;1.0003936;1.0003902;1.0;0.1799008;0.0009325519;0.0007052979;0.0005051616;-0.00029264574;-0.0011217883;1;0;1
7970700554;7970512087;7970512087;0;-0.02682591;0.0060802186;-0.9996215;1.0;1.0;1.0;0.030403372;0.004666608;-0.0003143549;0.0024188322;0.0029839703;-0.002769185;1.0003898;1.0003873;1.0;0.014784077;0.00034829546;1.581104e-06;0.006379251;0.005429885;-0.0005482788;1;0;1
7971195370;7971006907;7971006907;0;-0.050574575;-0.038604762;-0.9979739;1.0;1.0;1.0;0.061826047;0.044785514;-0.0019440055;0.0043255785;0.002037516;-0.0026791662;1.000388;1.0003871;1.0000001;0.06113564;0.032079317;6.0444265e-05;0.0062386626;0.0017522272;-0.0003246614;1;0;1
7971690470;7971501727;7971501727;0;0.025373645;-0.055838734;-0.9981173;1.0;1.0;1.0;-0.009650404;0.044134416;-0.0016902685;0.004443396;-0.0020993256;-0.002799177;1.0003877;1.0003887;1.0000001;0.0014895073;0.031153452;4.572824e-05;0.004585956;-0.0013538112;-0.00025976636;1;0;1
7972194928;7972006443;7972006443;0;0.12111428;0.010397128;-0.99258417;1.0;1.0;1.0;-0.11212931;-0.0042122956;-0.0073559284;0.0027053591;-0.002828243;-0.0027306261;1.0003889;1.0003916;1.0;0.2010895;0.00028377134;0.00086585316;-0.0020681943;-0.0016421925;-0.00029239527;1;0;1
7972699628;7972511159;7972511159;0;-0.122218154;0.03964733;-0.9917111;1.0;1.0;1.0;0.10337976;-0.050981063;-0.008046687;0.009512607;-0.008452822;-0.0023321912;1.0003909;1.000394;1.0000002;0.17093119;0.041568708;0.0010361092;0.006990784;-0.006645461;-0.0001941559;1;0;1
7973194450;7973005979;7973005979;0;-0.003843169;-0.011751733;-0.99992347;1.0;1.0;1.0;-0.004009653;0.018290529;-2.43783e-05;0.002859788;-2.4640267e-05;-0.002652458;1.0003929;1.0003952;1.0;0.00025713604;0.0053505786;9.508824e-09;-0.0011107447;-0.0017271844;-0.00025978964;1;0;1
7973699397;7973510695;7973510695;0;0.012474861;-5.53198e-05;-0.99992216;1.0;1.0;1.0;0.005685618;-0.003045018;9.191036e-05;0.007173722;-0.007933651;-0.0020602527;1.0003941;1.0003967;1.0000001;0.0005170163;0.00014829496;1.3533558e-07;0.005728241;-0.007474987;-0.00015905402;1;0;1
7974197665;7974005515;7974005515;0;-0.027352573;0.0066448846;-0.99960375;1.0;1.0;1.0;0.019369412;-0.0023152046;-0.00035494566;0.0057472517;-0.0064252242;-0.0017348316;1.000396;1.0003988;1.0;0.00600041;8.572837e-05;2.017137e-06;0.0029088366;-0.005461448;-0.00010721042;1;0;1
7974698693;7974510230;7974510230;0;-0.06898572;0.076259665;-0.9946986;1.0;1.0;1.0;0.0972114;-0.05619418;-0.0047022104;0.012514559;-0.00783745;-0.0017520596;1.000398;1.0004007;1.0000005;0.15114073;0.050504465;0.00035368267;0.0135242725;-0.006370529;-0.00010208388;1;0;1
7975193793;7975005049;7975005049;0;-0.017146826;-0.016578436;-0.99971557;1.0;1.0;1.0;0.0053831674;-0.0101975985;0.00014317036;0.005696594;-0.0010102999;-0.001915952;1.0004007;1.0004019;1.0000004;0.00046347018;0.0016631897;3.2851028e-07;0.005718317;-0.0004777623;-0.00013113469;1;0;1
7975698759;7975509765;7975509765;0;0.018646162;0.13530508;-0.99062854;1.0;1.0;1.0;0.0056874827;-0.089297876;-0.00801456;0.010323751;-0.009448923;-0.0025468504;1.000402;1.0004014;1.0000011;0.0005173514;0.12753463;0.0010281272;0.00978438;-0.012039084;-0.00025258213;1;0;1
7976193565;7976004584;7976004584;0;0.097496636;-0.060359124;-0.99340385;1.0;1.0;1.0;-0.097100444;0.043127023;-0.006447315;0.0051200814;-0.006254734;-0.002292571;1.000402;1.0004017;1.0000001;0.15079533;0.029747255;0.0006651351;0.005977208;-0.0048999568;-0.00018824835;1;0;1
7976697761;7976509299;7976509299;0;0.076162145;0.007990776;-0.9970634;1.0;1.0;1.0;-0.035882667;-0.003160901;-0.0021128058;0.0020483024;-0.00055025966;-0.0026080387;1.0004013;1.0004032;1.0000006;0.02059279;0.0001597922;7.146747e-05;0.002011924;0.0024520645;-0.0002685771;1;0;1
7977192607;7977004117;7977004117;0;-0.092960805;-0.05599635;-0.99409395;1.0;1.0;1.0;0.065601036;0.02676133;-0.0051031113;0.01017256;-0.009023488;-0.0031198657;1.0004028;1.000405;1.0000007;0.06882821;0.011454023;0.00041682337;0.014372231;-0.008171915;-0.00034805978;1;0;1
7977697433;7977508833;7977508833;0;0.061103962;-0.005766821;-0.99811476;1.0;1.0;1.0;-0.042751916;-0.008828871;-0.0016100407;0.0011856692;-0.0055823843;-0.0030993493;1.0004053;1.0004073;1.0000002;0.029231772;0.0012466817;4.148797e-05;0.0024843;-0.005069378;-0.00035401672;1;0;1
7978192249;7978003651;7978003651;0;-0.008572746;0.011273592;-0.9998997;1.0;1.0;1.0;0.016756076;-0.0010490939;-1.4603138e-05;0.006674423;-0.009676604;-0.0024943345;1.0004072;1.0004088;1.0000001;0.004490429;1.7601997e-05;3.3842293e-09;0.0072221304;-0.0118053;-0.00023397621;1;0;1
7978696833;7978508367;7978508367;0;-0.0045882915;0.019059267;-0.99980783;1.0;1.0;1.0;-0.011775315;0.040201593;0.0016984344;0.008114246;-0.02891858;-0.011610159;1.0004084;1.0004088;1.0000015;0.002217623;0.025848113;4.6206642e-05;0.008919031;-0.06551112;-0.0068330085;1;0;1
7979191644;7979003184;7979003184;0;-0.035650447;-0.05361139;-0.9979252;1.0;1.0;1.0;0.0097093005;0.08635378;-0.0012029409;0.008424119;-0.034535687;-0.020527536;1.0004098;1.0004115;1.0000007;0.0015077103;0.119262524;2.3111772e-05;0.015479067;-0.08654514;-0.016192142;1;0;1
7979696470;7979507898;7979507898;0;0.18013568;-0.0018642043;-0.98363996;1.0;1.0;1.0;-0.17958406;-0.030897865;-0.015823483;-0.004368436;0.0063705673;-0.023334183;1.000412;1.0004132;1.0000005;0.51579446;0.015268677;0.0040059392;-0.009012651;0.02852775;-0.026328929;1;0;1
7980191275;7980002716;7980002716;0;0.25070882;0.043352675;-0.96709126;1.0;1.0;1.0;-0.052824885;-0.0543353;-0.013068676;-0.017938659;-0.013104719;-0.022644265;1.0003972;1.0004151;1.0000162;0.044629768;0.047217753;0.0027342709;-0.04737826;-0.0125102205;-0.019741306;1;0;1
7980695891;7980507430;7980507430;0;0.049713284;0.14953937;-0.9875052;1.0;1.0;1.0;-0.05291834;-0.016217306;-0.0035616755;0.008311942;-0.03755985;-0.024439054;1.0004146;1.0004089;1.0000074;0.04478704;0.00420632;0.00020305534;0.01642763;-0.083560675;-0.021295931;1;0;1
7981200834;7981012145;7981012145;0;-0.3273613;0.034954917;-0.94425255;1.0;1.0;1.0;0.07496849;-0.012184804;-0.023096621;-0.0041456446;0.0057631447;-0.013356607;1.0003897;1.0004174;1.0000267;0.089889355;0.0023744274;0.008540763;-0.0034328483;-0.0026476202;-0.009344258;1;0;1
7981695968;7981506962;7981506962;0;-0.37225503;0.08352316;-0.9243647;1.0;1.0;1.0;0.033915132;0.008515842;-0.012143254;0.01690911;-0.022165537;-0.020425046;1.0003694;1.0004139;1.0000513;0.018396983;0.0011599528;0.0023608154;0.029573468;-0.031912733;-0.0155921485;1;0;1
7982190511;7982001780;7982001780;0;-0.22846894;-0.37182486;-0.8997489;1.0;1.0;1.0;0.086291164;0.14309168;-0.063283324;0.0073013837;0.006158181;-0.019053994;1.0004101;1.0003961;1.0000303;0.119089805;0.32746854;0.064111345;0.010999344;0.02467832;-0.017509913;1;0;1
7982695018;7982506493;7982506493;0;0.14280425;-0.36357072;-0.920556;1.0;1.0;1.0;0.045397714;0.23793977;-0.053497374;-0.019603416;-0.0012179281;-0.03017255;1.0004058;1.0004134;1.0000215;0.032961864;0.9054747;0.04580542;-0.05750098;-0.01783231;-0.029038351;1;0;1
7983199836;7983011207;7983011207;0;-0.011364366;-0.18282469;-0.98307985;1.0;1.0;1.0;0.041104358;0.13861415;-0.015497625;0.004269115;-0.019485824;-0.027065968;1.0004216;1.0004207;1.0000012;0.027021699;0.30729297;0.003843793;0.0025372626;-0.07908704;-0.026678575;1;0;1
7983694591;7983506024;7983506024;0;-0.057334617;0.04561874;-0.9973122;1.0;1.0;1.0;0.14330685;-0.13586986;0.0051004887;0.015929446;-0.014578577;-0.012696462;1.0004203;1.0004195;1.0000066;0.3284516;0.29524377;0.00041793147;0.021202581;-0.049912557;-0.011236003;1;0;1
7984199289;7984010739;7984010739;0;-0.13048947;0.13071428;-0.9827951;1.0;1.0;1.0;0.08496146;-0.12601045;-0.016155005;0.004763048;-0.0061478703;-0.015516789;1.000424;1.0004245;1.0000008;0.11544624;0.2539501;0.0041766986;-0.0017449637;-0.016822152;-0.014279513;1;0;1
7984694130;7984505554;7984505554;0;0.025399897;0.016788755;-0.99953634;1.0;1.0;1.0;-0.030646246;0.071241274;0.0034295917;0.0041437224;0.018058768;-0.009074558;1.0004264;1.0004224;1.0000033;0.015020673;0.08117076;0.00018850053;0.005147546;0.03189204;-0.005853799;1;0;1
7985198861;7985010268;7985010268;0;0.030759469;-0.15381955;-0.98762006;1.0;1.0;1.0;-0.019924842;0.07859508;-0.009485126;0.006681188;0.0027365463;-0.021568097;1.0004274;1.0004244;1.0000024;0.006349276;0.09879302;0.0014402564;0.014143579;-0.01862265;-0.020685922;1;0;1
7985693629;7985505084;7985505084;0;-0.2636307;-0.16000284;-0.9512613;1.0;1.0;1.0;0.044912353;0.0873495;-0.021811485;0.0028461085;-0.0052363058;-0.014199696;1.000408;1.0004255;1.0000228;0.032260746;0.122026265;0.007616341;0.005269457;-0.019750768;-0.009788099;1;0;1
7986198329;7986009797;7986009797;0;0.16389395;-0.041397233;-0.985609;1.0;1.0;1.0;-0.021058217;-0.0015724525;-0.0032029748;-0.02188392;-0.007941792;-0.023381734;1.0004213;1.000428;1.0000097;0.007092188;3.9548348e-05;0.0001642776;-0.0616093;-0.008779376;-0.016108988;1;0;1
7986693088;7986504614;7986504614;0;0.032187622;0.014919347;-0.9993705;1.0;1.0;1.0;0.010896809;0.05022306;0.0024234653;0.00148445;-0.03233099;-0.020737763;1.0004303;1.0004281;1.0000026;0.0018990301;0.04034041;9.4090916e-05;0.008700655;-0.08161097;-0.013627775;1;0;1
7987198354;7987009326;7987009326;0;-0.0029053134;-0.23866056;-0.9710988;1.0;1.0;1.0;0.011412781;0.09368734;-0.018294454;0.0074461624;0.0057106577;-0.012774802;1.0004325;1.0004221;1.0000091;0.0020831241;0.14037786;0.0053583295;0.010437908;-0.0029000356;-0.0065827235;1;0;1
7987693231;7987504143;7987504143;0;-0.02476907;-0.043767598;-0.99873465;1.0;1.0;1.0;0.024392987;0.0020950325;-0.0003965497;0.010591721;-0.013233242;-0.0071223164;1.0004339;1.0004314;1.0000008;0.009516155;7.01973e-05;2.516781e-06;0.014350963;-0.01981985;-0.0028053243;1;0;1
7988197742;7988008855;7988008855;0;0.014169268;-0.044338748;-0.99891615;1.0;1.0;1.0;-0.034600332;0.031396486;-0.0007914901;0.008000896;-0.010389839;-0.0040855347;1.000435;1.0004332;1.0000002;0.0191466;0.015764976;1.0020283e-05;0.012104422;-0.011253282;-0.001132364;1;0;1
7988692394;7988503671;7988503671;0;-0.03879894;-0.050956745;-0.9979469;1.0;1.0;1.0;0.043466803;0.04815204;-0.0020383596;0.005237847;-0.011747782;-0.0024685287;1.0004364;1.0004343;1.0;0.03021662;0.037081856;6.6470784e-05;0.0063453377;-0.009877254;-0.00046101242;1;0;1
7989196976;7989008383;7989008383;0;0.0118807675;0.08374222;-0.9964167;1.0;1.0;1.0;-0.0025323192;0.035017543;0.0035359263;0.0071356357;0.009904829;-0.0015052739;1.0004377;1.0004294;1.0000062;0.00010255735;0.019611232;0.00020024554;0.0060228477;0.02238973;-0.00020736964;1;0;1
7989692038;7989503199;7989503199;0;-0.34318072;0.26941606;-0.899801;1.0;1.0;1.0;-0.019165188;-0.08289994;-0.013386369;0.008348112;-0.025609503;-0.016346829;1.0003805;1.0004206;1.0000726;0.0058746357;0.10991377;0.0028683397;0.010004103;-0.036770932;-0.009106634;1;0;1
7990196416;7990007911;7990007911;0;-0.30081964;-0.43955404;-0.84634495;1.0;1.0;1.0;0.08608608;0.1531497;-0.087364435;0.0254226;-0.0136618605;-0.015536545;1.0004189;1.0003995;1.0000559;0.11852336;0.37511587;0.12218488;0.029090174;-0.014513118;-0.009439374;1;0;1
7990691239;7990502727;7990502727;0;-0.07001973;0.08988272;-0.99348795;1.0;1.0;1.0;0.10319933;-0.10267584;-0.005881667;-0.002496769;-0.017349048;-0.01536396;1.00044;1.0004362;1.0000005;0.1703267;0.16860357;0.0005531001;-0.015423544;-0.0035719625;-0.013139709;1;0;1
7991195904;7991007438;7991007438;0;0.25689253;-0.064459674;-0.96428794;1.0;1.0;1.0;-0.094206706;-0.040745348;-0.01676029;-0.0009923057;-0.024734508;-0.010048597;1.0004301;1.0004328;1.0000165;0.1419374;0.026552422;0.0044970005;-0.012908853;-0.036441587;-0.008083922;1;0;1
7991700649;7991512150;7991512150;0;0.097273976;-0.10531379;-0.98967004;1.0;1.0;1.0;0.0635951;0.114610985;0.0027331114;-0.007571512;0.011186928;-0.010513482;1.0004314;1.000439;1.0000116;0.064681485;0.21007861;0.00011996049;-0.01831094;0.022958495;-0.006631408;1;0;1
7992195427;7992006965;7992006965;0;0.07843224;-0.13634087;-0.9875523;1.0;1.0;1.0;-0.08571066;0.0771068;-0.010663629;0.0080714105;-0.0041747056;-0.021082442;1.0004439;1.0004388;1.0000015;0.11748892;0.09508555;0.0018199744;0.016980937;-0.034543995;-0.020560835;1;0;1
7992690288;7992501780;7992501780;0;0.066083685;-0.086900376;-0.9940227;1.0;1.0;1.0;-0.0428585;0.14233458;-0.004172504;0.008584691;-0.00045686893;-0.009991045;1.0004445;1.00044;1.0000015;0.029376557;0.32400355;0.0002781584;0.013530396;-0.0020844056;-0.007977222;1;0;1
7993194951;7993006493;7993006493;0;0.30860502;0.20493782;-0.9288506;1.0;1.0;1.0;-0.051607758;-0.09083118;-0.030791223;0.003048425;-0.015726162;-0.011133632;1.0004158;1.0004375;1.0000352;0.04259606;0.13194545;0.015179041;0.00037749813;-0.032111537;-0.0074972813;1;0;1
7993699682;7993511203;7993511203;0;0.109273024;-0.013063462;-0.99392587;1.0;1.0;1.0;0.017887123;0.07702845;0.004105091;0.008247937;-0.013981233;-0.012344977;1.0004393;1.0004442;1.0000091;0.005116939;0.09489188;0.0002700489;0.008625567;-0.0029831035;-0.010597702;1;0;1
7994194569;7994006018;7994006018;0;0.36000946;0.11386318;-0.9259743;1.0;1.0;1.0;-0.106174976;-0.025656953;-0.037230313;-0.003749117;-0.036500808;-0.02345602;1.0004184;1.0004449;1.0000323;0.18029456;0.010527063;0.022192022;-0.01838158;-0.09906362;-0.032023698;1;0;1
7994699555;7994510728;7994510728;0;-0.1525828;0.08906916;-0.98426884;1.0;1.0;1.0;0.06769664;-0.072506025;-0.01198107;0.028850114;0.011298097;-0.022914417;1.0004439;1.0004495;1.0000033;0.07329282;0.08407584;0.0022979174;0.050036635;0.02036683;-0.02062266;1;0;1
7995194012;7995005543;7995005543;0;0.2176446;0.083934344;-0.97241235;1.0;1.0;1.0;-0.148146;-0.07399547;-0.025115252;0.0034873514;-0.0016580689;-0.017260239;1.0004454;1.0004498;1.0000023;0.3509995;0.08756642;0.0100963665;-0.008536998;0.011120462;-0.013204053;1;0;1
7995698796;7995510254;7995510254;0;-0.05685421;-0.042267308;-0.99748737;1.0;1.0;1.0;0.0012544207;0.014800845;-0.0005876422;0.013448255;-0.012703443;-0.009204272;1.0004478;1.0004493;1.0000018;2.5165873e-05;0.0035034658;5.530769e-06;0.00659892;-0.010278919;-0.005237596;1;0;1
7996197484;7996005068;7996005068;0;-0.3877547;-0.31259608;-0.8671389;1.0;1.0;1.0;0.14501439;0.09048952;-0.07715964;0.027188124;0.0011130825;-0.01930006;1.0004241;1.000427;1.000049;0.33632413;0.1309486;0.09531139;0.035050564;0.0035587575;-0.014936778;1;0;1
7996698239;7996509779;7996509779;0;0.0009535426;0.115127854;-0.99335027;1.0;1.0;1.0;0.07812555;-0.041319504;-0.00078332424;-0.016157232;-0.007893274;-0.021783862;1.0004498;1.0004482;1.0000054;0.09761372;0.027304584;9.7831635e-06;-0.043802377;-0.00019135253;-0.020140402;1;0;1
7997193081;7997004593;7997004593;0;0.059645966;-0.009590732;-0.9981736;1.0;1.0;1.0;-0.010021474;0.0037032538;-0.00057667494;0.008782139;-0.009593064;-0.012823626;1.0004532;1.000451;1.0000012;0.0016061512;0.0002193237;5.3263584e-06;0.009770967;-0.013446665;-0.009050384;1;0;1
7997697876;7997509303;7997509303;0;0.0037260386;-0.046740588;-0.9989001;1.0;1.0;1.0;-0.008244851;0.018727303;-0.0006970763;0.0088089295;-0.010281955;-0.0060270983;1.0004554;1.0004517;1.0000004;0.0010871459;0.005608848;7.775973e-06;0.009486073;-0.012133905;-0.0034167995;1;0;1
7998192711;7998004117;7998004117;0;-0.015188033;-0.0024113744;-0.9998817;1.0;1.0;1.0;0.030126953;-0.01351786;0.000119924545;0.005954505;-0.015587249;-0.00316678;1.0004565;1.0004528;1.0000002;0.014515508;0.0029223685;2.3102615e-07;0.005857154;-0.01752583;-0.0013333426;1;0;1
7998697351;7998508829;7998508829;0;0.13363929;-0.036673076;-0.99035126;1.0;1.0;1.0;-0.09920804;0.022405451;-0.00895226;-0.00014996789;-0.007889068;-0.0026175221;1.0004576;1.0004526;1.0000007;0.15740374;0.008028355;0.0012827646;-0.00058899046;-0.0080525;-0.0006724756;1;0;1
7999192097;7999003641;7999003641;0;-0.11741591;-0.0023514568;-0.99308;1.0;1.0;1.0;0.038856663;-0.013367413;-0.0037042499;0.010403191;-0.021044672;-0.004041982;1.0004545;1.0004519;1.0000029;0.024146467;0.0028577414;0.00021969124;0.011189268;-0.025320636;-0.0007824116;1;0;1
7999697363;7999508350;7999508350;0;0.09247687;-0.08418988;-0.9921492;1.0;1.0;1.0;-0.047867294;0.052638076;-0.0063552856;-0.0015864847;-0.0074152234;-0.004017106;1.0004525;1.0004499;1.0000014;0.036643866;0.044312492;0.000646573;-0.0013124389;-0.010432163;-0.00077905995;1;0;1
8000192161;8000003164;8000003164;0;-0.124102585;0.053667277;-0.99081707;1.0;1.0;1.0;0.010110453;-0.0071176663;-0.0015728474;0.0039696647;-0.023766913;-0.0066920035;1.0004395;1.0004458;1.0000068;0.0016348215;0.00081022177;3.9611317e-05;0.010979617;-0.034725875;-0.0019158319;1;0;1
8000696335;8000507873;8000507873;0;0.07183892;-0.0012534672;-0.9974155;1.0;1.0;1.0;-0.0746383;0.015241767;-0.0024829507;-0.004020527;-0.010433146;-0.004414539;1.0004365;1.0004392;1.0000001;0.08909512;0.0037154485;9.8612276e-05;-0.01102083;-0.012894812;-0.0009076885;1;0;1
8001191145;8001002687;8001002687;0;-0.027647762;0.03259127;-0.99908626;1.0;1.0;1.0;0.021159664;-0.037962697;-0.00087833405;-0.0021004458;-0.013953512;-0.002579205;1.0004307;1.0004315;1.0;0.007160618;0.023048792;1.2341856e-05;-0.0073311375;-0.0142258145;-0.00038130992;1;0;1
8001695991;8001507396;8001507396;0;-0.016155194;-0.03853278;-0.9991268;1.0;1.0;1.0;-0.012865376;0.021487087;-0.0003067255;-0.00078494014;-0.010640262;-0.0021181745;1.0004265;1.0004253;1.0000005;0.0026471573;0.007384006;1.5047028e-06;-0.0025384568;-0.009649883;-0.00023070132;1;0;1
8002200565;8002012105;8002012105;0;-0.041199043;-0.053287257;-0.99772906;1.0;1.0;1.0;0.05202451;0.045886472;-0.0021850467;-0.0022732762;-0.015409077;-0.0019322932;1.000425;1.0004214;1.0;0.043286398;0.033674717;7.639086e-05;-0.0022716597;-0.0134115685;-0.00015630254;1;0;1
8002695614;8002506918;8002506918;0;0.020031335;0.005321682;-0.9997852;1.0;1.0;1.0;-0.022708345;-0.01828506;-0.00012731552;0.0031115254;-0.01356386;-0.0016356499;1.0004251;1.0004193;1.0;0.008247198;0.005347239;2.591051e-07;0.003302005;-0.010841192;-0.00010253585;1;0;1
8003190296;8003001731;8003001731;0;0.03074634;-0.057341635;-0.9978811;1.0;1.0;1.0;-0.030279426;0.040852692;-0.00198251;0.0042041177;-0.010979966;-0.0013870548;1.0004258;1.0004199;1.0000001;0.014663255;0.026691832;6.2904444e-05;0.0024960265;-0.010237849;-6.521417e-05;1;0;1
8003695004;8003506440;8003506440;0;-0.0071959086;-0.071751684;-0.9973965;1.0;1.0;1.0;0.03180436;0.06566599;-0.0022823215;0.006836808;-0.0101357475;-0.0016389012;1.0004257;1.0004232;1.0000002;0.016177392;0.068963364;8.333078e-05;0.0052332217;-0.008745082;-8.427329e-05;1;0;1
8004199655;8004011149;8004011149;0;0.29181442;0.041354116;-0.95558053;1.0;1.0;1.0;0.0173769;0.060337614;0.010028601;0.02458237;-0.0064887363;-0.0008816263;1.0003853;1.0004213;1.0000453;0.0048294454;0.058225136;0.0016106038;0.034516126;-0.010695994;-0.00033797036;1;0;1
8004694496;8004505961;8004505961;0;-0.15280382;-0.073912695;-0.98548865;1.0;1.0;1.0;0.07618515;0.045966543;-0.011177123;0.016345115;-0.005237333;-0.017530676;1.0004246;1.0004271;1.0000029;0.092827424;0.033792585;0.0019999093;0.014562285;-0.014322991;-0.020730069;1;0;1
8005199407;8005010670;8005010670;0;-0.3066099;0.028484598;-0.951409;1.0;1.0;1.0;0.06787497;-0.06286451;-0.019061208;0.027894534;-0.00422574;-0.020054668;1.0004038;1.0004271;1.0000249;0.07368243;0.063204214;0.0058166566;0.04498739;-0.011500566;-0.017336253;1;0;1
8005694220;8005505482;8005505482;0;-0.0077392333;0.009144731;-0.99992824;1.0;1.0;1.0;0.031830017;0.07328796;0.003619969;-0.0026694026;-0.032018967;-0.021228986;1.0004288;1.0004258;1.0000032;0.016203452;0.085901596;0.00021000458;-0.011457225;-0.09002319;-0.017112277;1;0;1
8006198684;8006010190;8006010190;0;0.07663514;0.124758855;-0.98922306;1.0;1.0;1.0;-0.03325069;-0.07092002;-0.008381426;0.0038827695;-0.010753135;-0.011973729;1.0004292;1.0004288;1.0000021;0.017682144;0.08044005;0.001124562;0.0020702805;-0.023153737;-0.0071208146;1;0;1
8006693499;8006505002;8006505002;0;0.008563048;0.024373924;-0.9996662;1.0;1.0;1.0;-0.021790195;-0.017464098;-0.00022256374;0.009101507;-0.0027071233;-0.005782532;1.000431;1.0004311;1.0000001;0.007593729;0.0048778513;7.91705e-07;0.006381645;-0.009743036;-0.0027675705;1;0;1
8007198292;8007009711;8007009711;0;-0.03180166;0.017530676;-0.9993404;1.0;1.0;1.0;0.034951903;-0.032475054;-0.0005431771;0.003984461;-0.005777115;-0.002827891;1.000432;1.0004321;1.0000001;0.019537726;0.016866662;4.715483e-06;0.0019967412;-0.0057989126;-0.0010434025;1;0;1
8007693111;8007504522;8007504522;0;-0.027808322;-0.013444854;-0.9995229;1.0;1.0;1.0;0.032487467;0.0136411935;-0.00046616793;0.0070208423;-0.0070841364;-0.0017443786;1.000433;1.0004331;1.0;0.01687966;0.0029760692;3.4761115e-06;0.0054158294;-0.0058421646;-0.00041575322;1;0;1
8008197700;8008009230;8008009230;0;0.026116367;0.004563068;-0.99964845;1.0;1.0;1.0;-0.0024229735;-0.0037147626;-7.045269e-05;0.0072189216;-0.006075745;-0.0012064873;1.0004338;1.0004342;1.0000002;9.389208e-05;0.00022069644;7.968627e-08;0.004227385;-0.006039562;-0.00017183169;1;0;1
8008692523;8008504042;8008504042;0;-0.05274934;-0.00041371793;-0.99860775;1.0;1.0;1.0;0.03699238;-0.024977017;-0.0009456277;0.0077367215;-0.004951824;-0.0013009901;1.0004349;1.0004349;1.0000005;0.021885458;0.009977197;1.430738e-05;0.0048606615;-0.001388376;-0.000114919814;1;0;1
8009197558;8009008750;8009008750;0;-0.0049942434;0.015196948;-0.9998721;1.0;1.0;1.0;0.012720254;-0.03116427;2.9206276e-05;0.005305158;-0.0072184606;-0.0013300554;1.0004361;1.0004361;1.0000001;0.0025877494;0.0155325765;1.3871839e-08;0.002840267;-0.007478729;-8.960653e-05;1;0;1
8009692023;8009503561;8009503561;0;-0.11139481;0.0280293;-0.99338084;1.0;1.0;1.0;0.0103752315;-0.027258411;-0.0015028715;-0.010315092;-0.0071710553;-0.0012372488;1.0004326;1.0004371;1.0000044;0.001721582;0.011883113;3.615787e-05;-0.016898744;-0.0082026785;-6.411013e-05;1;0;1
8010196783;8010008269;8010008269;0;-0.15048015;0.011708467;-0.98854375;1.0;1.0;1.0;0.00061537325;0.01752143;0.00026929379;0.031628873;-0.0004509483;-0.017621005;1.0004283;1.0004362;1.0000103;6.056354e-06;0.0049098665;1.1613218e-06;0.04929816;0.0017089485;-0.012680113;1;0;1
8010691836;8010503080;8010503080;0;0.32196474;0.33963475;-0.8837346;1.0;1.0;1.0;-0.012567133;-0.06845316;-0.027702212;-0.0061047697;-0.014342389;-0.017082756;1.000397;1.0004052;1.0000746;0.0025259224;0.07494208;0.012285612;-0.0045828004;-0.017031465;-0.011443787;1;0;1
8011196184;8011007787;8010997891;0;0.15626453;0.5767964;-0.8018026;1.0;1.0;1.0;-0.08808835;-0.2813409;-0.15111822;0.0036370466;-0.018172301;-0.016216455;1.0004379;1.0004008;1.0000405;0.12409858;1.2659359;0.36537266;0.003853684;-0.046209853;-0.018299185;1;1;0
8011691061;8011502598;8011502598;0;-0.051569365;0.25193608;-0.96636885;1.0;1.0;1.0;-0.028102867;-0.09179875;-0.017499924;0.0064289845;0.022341182;-0.017452775;1.0004383;1.0004293;1.0000141;0.012630802;0.13477497;0.00490296;0.009571999;0.05881512;-0.013796204;1;0;1
8012196094;8012007305;8012007305;0;-0.07927105;0.32453358;-0.94254655;1.0;1.0;1.0;0.010220185;-0.07016143;-0.0220837;0.0152481245;0.0002761141;-0.013577613;1.0004395;1.0004126;1.0000306;0.0016705006;0.07872934;0.0078083584;0.015102954;-0.0011359634;-0.010024782;1;0;1
8012700518;8012512012;8012512012;0;-0.24682817;0.24874206;-0.9365913;1.0;1.0;1.0;0.06683591;-0.0044866204;-0.01626271;0.010430106;-0.0050463513;-0.009626119;1.000428;1.0004152;1.0000405;0.071442045;0.0003217437;0.004234325;0.007033385;-0.012979152;-0.0063507096;1;0;1
8013195280;8013006823;8013006823;0;-0.25546396;0.22524823;-0.94021344;1.0;1.0;1.0;0.031505913;-0.047322884;-0.017999828;0.0044967225;-0.0128423;-0.00759472;1.0004208;1.0004277;1.0000361;0.01587528;0.035815064;0.005187491;0.0007313398;-0.01883513;-0.0039424333;1;0;1
8013690090;8013501634;8013501634;0;-0.27687168;0.02044999;-0.9606893;1.0;1.0;1.0;0.024842024;0.024447313;-0.0059859157;0.01025067;-0.0035044348;-0.0058252746;1.0004157;1.0004405;1.0000291;0.009869916;0.009558635;0.0005737162;0.0055989935;-0.0052417787;-0.0021284989;1;0;1
8014194857;8014006340;8014006340;0;-0.25986266;0.03669656;-0.96494806;1.0;1.0;1.0;0.04332146;0.02394284;-0.009436846;0.0062973057;-0.0045916126;-0.0032670537;1.000424;1.0004396;1.0000225;0.030015256;0.009168325;0.0014258949;0.0037537513;-0.0036275764;-0.0009965221;1;0;1
8014699510;8014511047;8014511047;0;-0.052308254;0.029048806;-0.99820834;1.0;1.0;1.0;-0.053637065;-0.02392509;0.0038471222;0.008927203;-0.010510533;-0.0040923054;1.000441;1.0004416;1.000005;0.04601067;0.009154536;0.00023710534;0.00743664;-0.011965524;-0.0009794288;1;0;1
8015194314;8015005857;8015005857;0;0.10927181;-0.31794864;-0.94179;1.0;1.0;1.0;-0.048453223;0.08888133;-0.029708743;0.0010900531;-0.008222043;-0.003402321;1.0004452;1.0004193;1.0000249;0.037546717;0.12634431;0.01413092;-0.0007661713;-0.005884523;-0.0010064236;1;0;1
8015699317;8015510564;8015510564;0;-0.029979512;-0.15827674;-0.98693955;1.0;1.0;1.0;0.01832836;-0.020195395;0.0030620694;0.0073334677;0.0040738857;-0.004235474;1.0004475;1.0004294;1.0000142;0.005372456;0.0065228627;0.00015016423;0.006633293;0.0065225586;-0.0015465281;1;0;1
8016193892;8016005374;8016005374;0;0.062674835;-0.2179694;-0.9739411;1.0;1.0;1.0;0.04318875;0.047841832;-0.0057765245;0.009057772;-0.008064134;-0.0022046645;1.0004436;1.0004317;1.0000179;0.02983106;0.036606245;0.00053417974;0.008012839;-0.007260441;-0.00090002967;1;0;1
8016698542;8016510081;8016510081;0;0.21174909;-0.16729997;-0.96289825;1.0;1.0;1.0;-0.06819251;0.0580915;-0.020692587;-0.005540873;-0.002849923;-0.0035035075;1.0004401;1.0004405;1.0000144;0.07437077;0.053969134;0.0068555293;-0.007822463;-0.0005224528;-0.0012741574;1;0;1
8017193653;8017004890;8017004890;0;-0.518057;-0.064043894;-0.85294515;1.0;1.0;1.0;0.06311193;-0.009990528;-0.034480333;0.01289856;-0.0119271735;-0.013732029;1.000357;1.0004431;1.0000957;0.063707106;0.0015965417;0.019032773;0.011922398;-0.015825162;-0.007684054;1;0;1
8017698196;8017509596;8017509596;0;-0.41940984;-0.093893565;-0.9029283;1.0;1.0;1.0;0.014557987;-0.012202263;-0.0052761436;0.009201587;-0.010348784;-0.00747401;1.0003772;1.0004392;1.000079;0.0033896815;0.0023813823;0.00044566978;0.0065284614;-0.00815303;-0.0034691829;1;0;1
8018193125;8018004406;8018004406;0;0.22002923;0.067699224;-0.97314125;1.0;1.0;1.0;-0.120694876;-0.038646877;-0.021482825;0.0109325275;-0.0103942035;-0.011832101;1.0004474;1.0004437;1.0000049;0.23297182;0.0238868;0.0073881275;0.005894316;-0.019433707;-0.0048582065;1;0;1
8018697631;8018509111;8018509111;0;-0.021826826;0.26067996;-0.9651785;1.0;1.0;1.0;0.045864873;-0.049096912;-0.011881828;0.007523065;-0.015025529;-0.0106002;1.0004524;1.0004253;1.0000201;0.03364216;0.038551804;0.0022603183;-0.007203262;-0.020295626;-0.0041945674;1;0;1
8019192423;8019003921;8019003921;0;5.484684e-05;0.19157563;-0.9814778;1.0;1.0;1.0;-0.020838272;0.03691201;0.008148968;0.005478147;-0.0026090979;-0.004535104;1.000453;1.000423;1.0000235;0.006944591;0.021790639;0.001063492;-0.00074806454;-0.00455826;-0.0017843723;1;0;1
8019700775;8019508627;8019508627;0;0.05235499;0.36043262;-0.9313148;1.0;1.0;1.0;-0.029339941;-0.063979656;-0.023446858;0.004932489;-0.0032194424;-0.0034374394;1.0004535;1.0004078;1.0000396;0.013767072;0.06546752;0.0088020405;0.0006935159;-0.0066229533;-0.0016339973;1;0;1
8020192054;8020003436;8020003436;0;0.022304153;0.2923989;-0.95603627;1.0;1.0;1.0;-0.03519834;0.0302791;0.009610951;0.0071048383;-0.013755741;-0.008272977;1.0004536;1.0004014;1.0000467;0.019813782;0.014663153;0.0014791954;0.004530595;-0.023487015;-0.0057768435;1;0;1
8020696629;8020508141;8020508141;0;-0.0047908784;-0.10249368;-0.9947222;1.0;1.0;1.0;0.027771655;-0.05161547;0.006931782;0.008259434;-0.009032466;-0.006352839;1.0004541;1.0004383;1.0000108;0.012334636;0.04260776;0.00076964474;0.004026335;-0.013367736;-0.0033450283;1;0;1
8021191405;8021002951;8021002951;0;0.30376345;-0.19704404;-0.9321489;1.0;1.0;1.0;-0.016951889;-0.020498335;-0.0008108616;0.007704091;0.0035234243;-0.006028328;1.0004174;1.0004288;1.0000585;0.0045959465;0.0067203394;1.0523969e-05;0.0020890634;0.008275654;-0.003947126;1;0;1
8021696295;8021507656;8021507656;0;-0.07419553;-0.13478872;-0.9880926;1.0;1.0;1.0;0.029771056;-0.059858143;0.008221209;0.00023791853;-0.011097473;-0.005487249;1.0004544;1.0004339;1.000018;0.014174611;0.057303235;0.0010825851;-0.009810458;-0.009371559;-0.0043377876;1;0;1
8022191086;8022002465;8022002465;0;-0.0062649306;-0.20458934;-0.9788279;1.0;1.0;1.0;-0.045955934;-0.028756693;0.007833242;0.012126825;-0.0037749237;-0.0046270373;1.0004544;1.0004268;1.0000259;0.033775818;0.013225364;0.0009827458;0.0061786207;-0.0017843097;-0.0025593813;1;0;1
8022695627;8022507170;8022507170;0;0.032036297;0.06004584;-0.9976814;1.0;1.0;1.0;-0.044321243;-0.051307593;-0.0022050738;0.0074806977;0.0036769644;-0.0053137136;1.0004563;1.0004519;1.0000001;0.031415626;0.04210062;7.77934e-05;0.007555111;0.0042074025;-0.0019188959;1;0;1
8023200889;8023011875;8023011875;0;0.028047316;0.20454419;-0.9784554;1.0;1.0;1.0;-0.0066354275;-0.05309494;-0.009774029;0.005164504;-0.03704506;-0.018183267;1.0004567;1.0004425;1.0000106;0.00070414075;0.04508521;0.001529609;0.0066535375;-0.08812148;-0.017802322;1;0;1
8023695932;8023506684;8023506684;0;0.03901103;0.023618149;-0.99895966;1.0;1.0;1.0;-0.017937252;0.027606847;0.00049448013;0.0059284014;-0.009076487;-0.009600223;1.0004574;1.0004524;1.0000013;0.005145567;0.012188677;3.9187694e-06;0.006915437;-0.019867778;-0.0072840652;1;0;1
8024190550;8024001492;8024001492;0;-0.11412855;-0.54060864;-0.83349687;1.0;1.0;1.0;0.10847286;0.20288554;-0.10770202;0.0066563594;-0.00589198;-0.011913023;1.000458;1.0004025;1.0000519;0.1881756;0.6583361;0.18568808;0.006237395;0.014207384;-0.015892241;1;0;1
8024694685;8024506197;8024506197;0;0.037493378;-0.066410385;-0.9970878;1.0;1.0;1.0;-0.019576445;0.036906436;-0.0023157;0.0023786523;-0.022383012;-0.013735933;1.0004584;1.0004545;1.0000005;0.006128986;0.021783406;8.584802e-05;0.0049800957;-0.039482057;-0.011988415;1;0;1
8025199441;8025010902;8025010902;0;0.0031403706;0.07262508;-0.9973544;1.0;1.0;1.0;0.010150063;-0.07094208;-0.0025558472;0.0074293027;-0.014143224;-0.007414433;1.0004591;1.0004555;1.0000001;0.0016476241;0.080487765;0.00010451766;0.013930782;-0.017141012;-0.004785219;1;0;1
8025694267;8025505710;8025505710;0;-0.034349263;0.026283452;-0.99906415;1.0;1.0;1.0;0.047494173;-0.002567863;-0.0005684495;0.0057398565;-0.008121896;-0.003515667;1.0004597;1.0004559;1.0000004;0.036074564;0.00010544747;5.1658194e-06;0.008567688;-0.008086752;-0.0018225282;1;0;1
8026198920;8026010415;8026010415;0;-0.013516841;-0.00911762;-0.9998671;1.0;1.0;1.0;0.02072244;0.01508436;-8.928776e-05;0.007666248;-0.006510157;-0.0023168197;1.0004601;1.0004567;1.0;0.006867552;0.0036389644;1.2721648e-07;0.0068848003;-0.0035595058;-0.00072981487;1;0;1
8026693766;8026505223;8026505223;0;-0.011147158;-0.043045543;-0.9990109;1.0;1.0;1.0;-0.00757033;0.04004853;-0.0008094311;0.0073493375;-0.00026322427;-0.0016856316;1.0004604;1.0004574;1.0000001;0.00091653643;0.025650403;1.0482858e-05;0.006023848;9.0216825e-05;-0.00030367542;1;0;1
8027198735;8027009927;8027009927;0;-0.002546685;0.047007106;-0.99889123;1.0;1.0;1.0;0.028810801;-0.024148004;-0.00050246716;0.006185949;-0.0075102407;-0.0017728775;1.0004592;1.0004584;1.0000006;0.013274901;0.0093256915;4.0395694e-06;0.0044937893;-0.0057538245;-0.00017459189;1;0;1
8027693275;8027504735;8027504735;0;-0.021623282;0.048480537;-0.99859005;1.0;1.0;1.0;0.0031977333;-0.050894797;-0.0012372136;0.0062211268;-0.00063574756;-0.002309028;1.0004566;1.0004591;1.0000001;0.0001635333;0.041425455;2.4491157e-05;0.0061571146;-0.004319033;-0.00019269902;1;0;1
8028197912;8028009439;8028009439;0;-0.07201262;-0.0851804;-0.9937597;1.0;1.0;1.0;0.11428994;0.029450584;-0.0037921667;0.010046613;-0.005544846;-0.0021333806;1.0004523;1.0004554;1.0000021;0.20890056;0.013871382;0.0002299144;0.011524778;-0.0057525528;-0.00014911799;1;0;1
8028692992;8028504247;8028504247;0;-0.09483222;0.05935838;-0.993722;1.0;1.0;1.0;0.054255042;-0.00083847344;-0.003738284;-0.00013521266;-0.00985778;-0.0033341583;1.0004508;1.000452;1.0000023;0.04707653;1.1238426e-05;0.00022370275;-0.0010185475;-0.011489165;-0.00041126917;1;0;1
8029197678;8029008951;8029008951;0;0.011024709;-0.08572493;-0.9962579;1.0;1.0;1.0;0.03835106;0.036157787;-0.0012917519;0.008129495;0.0014566729;-0.0042916765;1.0004511;1.0004504;1.0000021;0.023522248;0.02090892;2.6695447e-05;0.011653159;-0.0013281646;-0.00060975284;1;0;1
8029692234;8029503759;8029503759;0;-0.04265152;0.005946239;-0.9990723;1.0;1.0;1.0;0.018342042;0.0075503835;-0.00054091215;0.0058132135;-0.008789361;-0.0035040942;1.0004538;1.0004505;1.0000004;0.0053804466;0.0009117309;4.683437e-06;0.0040941085;-0.011454236;-0.00043587232;1;0;1
8030196968;8030008464;8030008464;0;-0.067488976;-0.02525716;-0.9974002;1.0;1.0;1.0;0.057879597;0.009385975;-0.00242728;0.006812711;-0.0056681056;-0.0023833457;1.0004556;1.0004503;1.0000001;0.05357635;0.0014089146;9.429477e-05;0.0068197926;-0.005920812;-0.000238357;1;0;1
8030701724;8030513166;8030513166;0;0.44693595;0.32286114;-0.8342715;1.0;1.0;1.0;-0.093545526;-0.0053150356;-0.04564452;-0.007402675;-0.0122147305;-0.023154654;1.0003986;1.0004057;1.0001022;0.13995646;0.00045098993;0.033351637;-0.019933514;-0.040047444;-0.04568397;1;0;1
8031196563;8031007974;8031007974;0;-0.0015776661;-0.030895304;-0.9995214;1.0;1.0;1.0;-0.045413516;-0.11295389;0.0110298395;0.017941985;-0.023687363;-0.01928409;1.0004537;1.0004414;1.0000104;0.032983236;0.2040465;0.0019494018;0.030097203;-0.057159822;-0.029145997;1;0;1
8031691278;8031502781;8031502781;0;-0.11423727;0.14289726;-0.98312265;1.0;1.0;1.0;0.11371766;-0.191386;-0.015705109;0.010211138;0.0028781716;-0.023395363;1.0004545;1.0004492;1.0000011;0.20681329;0.58579475;0.003944336;0.018132873;0.007271072;-0.03016399;1;0;1
8032195965;8032007485;8032007485;0;0.2545688;-0.27117634;-0.9282554;1.0;1.0;1.0;-0.101897955;0.019414037;-0.027406454;-0.01621029;0.014041079;-0.03737983;1.0004442;1.0004224;1.0000391;0.16605733;0.0060268217;0.012025139;-0.05105171;0.039785534;-0.05328321;1;0;1
8032690753;8032502292;8032502292;0;-0.427191;0.19072576;-0.8838165;1.0;1.0;1.0;0.17314824;-0.029880375;-0.069886684;0.024059203;-0.028412662;-0.03614958;1.0004252;1.0004389;1.0000409;0.47948116;0.014276074;0.078190245;0.028035458;-0.040403813;-0.03960391;1;0;1
8033195450;8033006995;8033006995;0;-0.0053419406;-0.032967634;-0.99944216;1.0;1.0;1.0;0.03166333;0.042095717;-0.00017029047;0.0016328251;-0.0038996197;-0.016967578;1.0004544;1.0004505;1.0000004;0.016033776;0.028340008;4.610627e-07;-0.0035499968;-0.0050968938;-0.015547286;1;0;1
8033700423;8033511698;8033511698;0;0.14663993;-0.04338692;-0.98823804;1.0;1.0;1.0;-0.12274127;0.10835617;-0.009364903;0.0031813383;0.014022652;-0.008073624;1.0004549;1.0004491;1.0000021;0.2409371;0.18777278;0.0014026659;-0.002324522;0.030658389;-0.0059544644;1;0;1
8034194980;8034006505;8034006505;0;-0.027944552;-0.1388437;-0.98991996;1.0;1.0;1.0;0.08437631;0.09139069;-0.007358432;0.03910816;-0.02016711;-0.021186173;1.0004537;1.0004503;1.0000024;0.11385813;0.13357627;0.0008662721;0.08333544;-0.044351485;-0.015861755;1;0;1
8034689806;8034501312;8034501312;0;0.1003536;-0.11691016;-0.9880592;1.0;1.0;1.0;-0.010809593;-0.005219452;-0.00040721893;-0.02423356;0.013552731;-0.03289006;1.000452;1.0004455;1.0000104;0.001868712;0.0004357;2.6555392e-06;-0.048262227;0.021095382;-0.03563207;1;0;1
8035195309;8035006015;8035006015;0;-0.17389417;0.08838571;-0.98078984;1.0;1.0;1.0;-0.009238273;-0.13262989;-0.0013056993;0.03672027;-0.021955911;-0.037477065;1.0004431;1.0004525;1.0000162;0.0013649262;0.2813235;2.7137887e-05;0.10064629;-0.04264166;-0.047298014;1;0;1
8035699785;8035510718;8035510718;0;0.3503325;-0.25714028;-0.9006365;1.0;1.0;1.0;-0.093973815;0.083175495;-0.050144196;0.026840312;0.02348999;-0.032467205;1.0004289;1.0004406;1.0000439;0.14123668;0.11063667;0.04025616;0.06701378;0.039776806;-0.03374024;1;0;1
8036194464;8036005525;8036005525;0;-0.3766051;0.15653735;-0.9130524;1.0;1.0;1.0;0.06399274;-0.001769036;-0.024126112;-0.010081216;-0.03543067;-0.0492937;1.0004146;1.0004443;1.0000558;0.06549397;4.9968672e-05;0.009319309;-0.044230625;-0.090293184;-0.0864978;1;0;1
8036698689;8036510227;8036510227;0;0.14971927;-0.11240861;-0.9823179;1.0;1.0;1.0;-0.077727415;0.004242532;-0.0092020035;0.004238934;0.0012263333;-0.041481458;1.0004581;1.0004495;1.0000076;0.09662055;0.00028781942;0.001355627;0.00392754;0.022934131;-0.06351836;1;0;1
8037193546;8037005036;8037005036;0;0.017373258;0.0097161075;-0.9998018;1.0;1.0;1.0;-0.02926412;-0.012404499;-0.00012409687;0.010280534;-0.013084427;-0.018177908;1.0004609;1.000455;1.0;0.013695909;0.0024608257;2.4545466e-07;-0.00095694815;-0.008006429;-0.024349065;1;0;1
8037698247;8037509736;8037509736;0;0.035671823;0.31983086;-0.94680285;1.0;1.0;1.0;-0.020754863;-0.05488223;-0.0173378;0.0027600555;0.0027529604;-0.009151554;1.000461;1.0004236;1.0000321;0.006889053;0.048172593;0.0048130066;-0.0034337216;0.012592586;-0.00974436;1;0;1
8038196684;8038004543;8038004543;0;-0.50080734;0.033243;-0.8649202;1.0;1.0;1.0;0.18508828;-0.028221723;-0.08389354;0.0019186625;0.009200603;-0.019473432;1.0004151;1.0004556;1.000046;0.54789525;0.012737585;0.112673804;0.014813594;0.0037725598;-0.019414732;1;0;1
8038697768;8038509245;8038509245;0;-0.3785265;0.009482064;-0.9255419;1.0;1.0;1.0;0.13752498;-0.08575391;-0.04196912;0.0042431117;-0.01734031;-0.018805971;1.0004345;1.0004524;1.0000294;0.3024785;0.11761;0.028197855;0.0012403475;-0.026024254;-0.015943926;1;0;1
8039192509;8039004051;8039004051;0;0.17277825;-0.42128974;-0.890316;1.0;1.0;1.0;0.08790028;0.12215501;-0.027592897;0.015697675;0.015680008;-0.020826226;1.0004301;1.0004144;1.0000721;0.123570204;0.238663;0.012185851;0.015284968;0.025532415;-0.015664201;1;0;1
8039697335;8039508753;8039508753;0;0.13382964;0.4524317;-0.88170016;1.0;1.0;1.0;-0.023045823;-0.08345434;-0.04109794;-0.028586708;-0.011282772;-0.03722275;1.000456;1.0003942;1.0000677;0.008493886;0.11138892;0.02704124;-0.07033145;-0.03005868;-0.047617387;1;0;1
8040192144;8040003559;8040003559;0;-0.06238194;-0.024136025;-0.9977604;1.0;1.0;1.0;0.00439832;0.04282768;-0.0003823638;0.021936996;-0.01649221;-0.032664668;1.0004594;1.0004559;1.0000017;0.00030938134;0.02933398;2.337042e-06;0.04166137;-0.048343662;-0.042194832;1;0;1
8040696714;8040508261;8040508261;0;-0.120974414;-0.013235683;-0.99256736;1.0;1.0;1.0;0.04634119;0.031098159;-0.004482329;0.0071795355;-0.0053269304;-0.014622058;1.0004581;1.0004555;1.0000027;0.034344357;0.015466448;0.00032165615;0.0016577848;-0.016374784;-0.015866462;1;0;1
8041201546;8041012963;8041012963;0;0.34608108;-0.4765966;-0.8081358;1.0;1.0;1.0;-0.10757382;0.15426514;-0.10791898;-0.027574465;-0.023309331;-0.03879287;1.0004351;1.000409;1.0000738;0.18507351;0.38058966;0.18643962;-0.08775237;-0.10395534;-0.056992702;1;0;1
8041696763;8041507769;8041507769;0;0.07707321;-0.023706831;-0.99674356;1.0;1.0;1.0;-0.009459384;0.021930786;-0.0009661317;0.014248601;-0.027086537;-0.028189406;1.0004599;1.0004573;1.000002;0.001431021;0.00769184;1.4943752e-05;0.0017120369;-0.064625904;-0.03918946;1;0;1
8042191235;8042002574;8042002574;0;-0.06742932;-0.25795975;-0.96379983;1.0;1.0;1.0;0.15141176;0.056458667;-0.012082279;0.011843238;0.0051940884;-0.01868606;1.0004587;1.0004388;1.0000218;0.36664015;0.050980892;0.002335422;0.0084953485;0.009578123;-0.019222336;1;0;1
8042695730;8042507276;8042507276;0;0.15259148;-0.20008822;-0.96782255;1.0;1.0;1.0;0.032418996;0.06448911;-0.0055128336;0.0016436864;-0.014380298;-0.020588955;1.0004467;1.0004498;1.0000242;0.016808353;0.06651238;0.0004864599;-0.026204534;-0.026225226;-0.02917142;1;0;1
8043190866;8043002082;8043002082;0;0.032020707;0.31160206;-0.949673;1.0;1.0;1.0;-0.08047277;0.02098301;0.007840276;0.031443387;-0.017448219;-0.039675437;1.0004615;1.0004077;1.0000519;0.10356607;0.0070413365;0.0009846494;0.083478086;-0.035580058;-0.054077074;1;0;1
8043695186;8043506783;8043496887;0;-0.4192241;0.04122925;-0.90694606;1.0;1.0;1.0;0.30540597;-0.06372296;-0.08630091;0.035747413;-0.008711427;-0.04729263;1.0004605;1.0004617;1.0000063;1.4916781;0.06493987;0.1191648;0.11096821;-0.024322454;-0.063601255;1;1;0
8044199960;8044011484;8044011484;0;-0.10452848;0.2395999;-0.9652283;1.0;1.0;1.0;0.07030903;-0.24504939;-0.034170687;-0.0034096444;-0.00090383354;-0.037179414;1.0004672;1.0004632;1.0000005;0.07905682;0.9603426;0.018682752;-0.040784493;-0.0038100202;-0.04600523;1;0;1
8044694788;8044506290;8044506290;0;0.09079885;-0.053661015;-0.99442244;1.0;1.0;1.0;-0.057475727;-0.007548798;-0.0031454563;-0.0019892268;-0.006160542;-0.017299559;1.0004673;1.0004615;1.0000023;0.05283066;0.0009113398;0.00015836797;-0.0110316975;-0.01616359;-0.017942153;1;0;1
8045189592;8045001095;8045001095;0;-0.0023260661;-0.027764428;-0.9996118;1.0;1.0;1.0;0.010415703;0.026476284;-0.00035464764;0.006936003;-0.007889852;-0.008137751;1.0004678;1.0004631;1.0;0.0017349784;0.011210704;2.0117227e-06;0.0067227497;-0.011599082;-0.006900502;1;0;1
8045694424;8045505796;8045505796;0;-0.009161356;-0.075388044;-0.99711215;1.0;1.0;1.0;0.013319179;0.077543706;-0.002876997;0.0062451367;-0.0008028257;-0.004070957;1.0004679;1.0004631;1.0;0.0028370812;0.096163884;0.0001324283;0.0037080273;0.0025877925;-0.0026074143;1;0;1
8046199002;8046010497;8046010497;0;-0.042736437;-0.11146172;-0.99284935;1.0;1.0;1.0;0.035767686;0.048670314;-0.0051515102;0.0070705013;-0.009904876;-0.014941365;1.000468;1.0004618;1.0000019;0.020459661;0.037883274;0.0004248538;0.003744778;-0.036008924;-0.012302152;1;0;1
8046693775;8046505302;8046505302;0;-0.03729586;-0.015546716;-0.9991833;1.0;1.0;1.0;0.034277778;-0.0037985994;-0.0006249547;0.0065123443;-0.01448209;-0.007809078;1.0004681;1.0004635;1.0000001;0.01879066;0.0002307639;6.249093e-06;0.00497139;-0.031422347;-0.004896508;1;0;1
8047199064;8047010003;8047010003;0;0.059518762;0.06604518;-0.99604;1.0;1.0;1.0;-0.0525807;-0.05858359;-0.0039076805;0.004969987;-0.0139329;-0.0042188317;1.0004681;1.0004636;1.0;0.044214983;0.054887127;0.00024437165;0.0027399724;-0.019677915;-0.0018884328;1;0;1
8047693919;8047504808;8047504808;0;0.04139481;-0.33944112;-0.93971604;1.0;1.0;1.0;0.01440895;0.12082769;-0.03448707;0.010539535;-0.019395128;-0.0021396992;1.0004668;1.0004414;1.0000236;0.0033203354;0.2334865;0.019042041;0.008461073;-0.024206083;-0.0011146184;1;0;1
8048198257;8048009508;8048009508;0;0.098302074;-0.3001032;-0.9488281;1.0;1.0;1.0;0.012002468;0.061914593;-0.016100705;0.007584948;-0.0052535417;-0.0029440923;1.0004629;1.0004376;1.000032;0.0023038816;0.061308105;0.004150692;0.009696885;-0.0049582887;-0.0019895672;1;0;1
8048692916;8048504313;8048504313;0;-0.060275204;0.036796223;-0.99750334;1.0;1.0;1.0;0.022626001;0.0055131167;-0.00089132786;0.01015811;-0.020315137;-0.005972487;1.000468;1.0004632;1.0000015;0.008187143;0.0004860914;1.2718227e-05;0.012984595;-0.032580405;-0.0021039823;1;0;1
8049197565;8049009013;8049009013;0;-0.0053636143;0.01143654;-0.99992025;1.0;1.0;1.0;-0.042495023;-0.013658806;0.0010676384;0.004856292;-0.015135406;-0.003548733;1.0004677;1.000464;1.0000011;0.028879726;0.0029836327;1.8270204e-05;0.004855657;-0.021801798;-0.0008773029;1;0;1
8049692727;8049503818;8049503818;0;-0.05429757;-0.018632602;-0.9983509;1.0;1.0;1.0;0.06916129;0.016921528;-0.0015376806;0.003117381;-0.0106804455;-0.0026895606;1.0004687;1.000464;1.0000001;0.07649668;0.0045793047;3.780206e-05;0.0025716568;-0.011697955;-0.00041260672;1;0;1
8050196978;8050008518;8050008518;0;0.008620445;0.03858921;-0.9992179;1.0;1.0;1.0;-0.017690584;-0.049910773;-0.000677228;0.0054585645;-0.010713135;-0.0016868253;1.0004689;1.000464;1.0000001;0.005004962;0.039838895;7.3317456e-06;0.004224283;-0.009827756;-0.00017308076;1;0;1
8050691807;8050503323;8050503323;0;-0.08241402;0.07698323;-0.9936204;1.0;1.0;1.0;0.07746154;0.036366977;7.587671e-05;0.005816256;-0.004113971;-0.0015315184;1.000469;1.0004581;1.000006;0.09595964;0.021151291;9.650869e-08;0.004559832;-0.0029921725;-0.00011767676;1;0;1
8051196621;8051008023;8051008023;0;0.0012626565;0.008648201;-0.99996185;1.0;1.0;1.0;-0.00062763644;-0.04874626;0.00076544285;0.004853783;-0.0128411595;-0.0037523746;1.0004687;1.0004634;1.0000007;6.299887e-06;0.03800156;9.394888e-06;0.004360547;-0.0170321;-0.0007672842;1;0;1
8051701226;8051512724;8051512724;0;-0.026969602;-0.32779336;-0.9443645;1.0;1.0;1.0;0.041422255;0.051668167;-0.01664251;0.007010834;-0.0017975967;-0.0043504676;1.000469;1.0004288;1.0000354;0.027439984;0.04269548;0.004434652;0.005597617;-0.008329816;-0.0011331828;1;0;1
8052196014;8052007527;8052007527;0;0.022497153;-0.17839628;-0.9837015;1.0;1.0;1.0;-0.01248059;-0.045256183;0.009079516;0.007127917;-0.003561508;-0.0018788616;1.0004692;1.0004411;1.0000232;0.002491073;0.032755572;0.0013202701;0.007515636;-0.0060288217;-0.0004913969;1;0;1
8052690829;8052502331;8052502331;0;0.04374501;-0.4276899;-0.9028664;1.0;1.0;1.0;-0.028696395;0.052761644;-0.024056554;0.0072330823;-0.0064683408;-0.002212627;1.0004694;1.0003992;1.0000654;0.013169548;0.044522732;0.009265487;0.006807088;-0.008448798;-0.0015212349;1;0;1
8053195487;8053007031;8053007031;0;-0.029335825;0.0120413955;-0.99949706;1.0;1.0;1.0;-0.010935435;-0.009611793;0.00031107664;0.007876487;-0.025951954;-0.010733955;1.0004689;1.0004646;1.0000008;0.0019124432;0.0014775052;1.5494844e-06;0.005924732;-0.05142607;-0.006834889;1;0;1
8053700246;8053511730;8053511730;0;0.025521643;0.03069902;-0.99920285;1.0;1.0;1.0;-0.03164141;-0.004484793;-0.00043475628;0.0044769966;-0.016350055;-0.005835139;1.0004698;1.0004643;1.0000004;0.016011339;0.0003216723;3.0250364e-06;0.0031760738;-0.022478417;-0.0026796146;1;0;1
8054195011;8054006534;8054006534;0;0.15226005;-0.32800284;-0.9323256;1.0;1.0;1.0;-0.12520415;0.16866378;-0.054513574;0.0043638377;0.017055713;-0.015359669;1.0004697;1.000453;1.0000122;0.2506995;0.4549508;0.047571328;0.0035823581;0.061797764;-0.012147232;1;0;1
8054700077;8054511234;8054511234;0;0.07460511;-0.11667147;-0.9903645;1.0;1.0;1.0;-0.060304776;0.06800758;-0.008346379;0.0063147754;-0.009821994;-0.009415529;1.0004699;1.0004638;1.0000012;0.058159325;0.07396589;0.0011151008;0.00809278;-0.011511572;-0.0051600705;1;0;1
8055194497;8055006037;8055006037;0;-0.067014456;-0.043585148;-0.9967996;1.0;1.0;1.0;0.042992156;0.0338405;-0.0028637648;0.0078168325;-0.012780275;-0.005118018;1.0004699;1.000465;1.0000004;0.029559318;0.018314436;0.00013127296;0.0066434736;-0.013562895;-0.0020450396;1;0;1
8055689297;8055500841;8055500841;0;0.0075802454;-0.041525517;-0.9991087;1.0;1.0;1.0;-0.03808037;0.0915595;0.00082427263;-0.0029472446;0.0039916425;-0.0028195353;1.0004698;1.0004641;1.0000015;0.023190936;0.1340678;1.0943229e-05;-0.0032782704;0.0080562625;-0.00081876735;1;0;1
8056194245;8056005540;8056005540;0;-0.16438152;0.14490761;-0.97569495;1.0;1.0;1.0;0.08296948;-0.044245668;-0.015883982;0.02320581;-0.030036354;-0.020244615;1.0004663;1.0004598;1.0000077;0.11009161;0.031307902;0.0040394193;0.038670592;-0.043878164;-0.017832184;1;0;1
8056698694;8056510239;8056510239;0;0.3223585;-0.38376027;-0.8653398;1.0;1.0;1.0;-0.10661645;0.12902611;-0.077272594;-0.0030723535;-0.004279212;-0.016653907;1.0004479;1.0004348;1.0000519;0.18179166;0.26623625;0.095592625;-0.009200648;-0.0025725034;-0.016686333;1;0;1
8057193550;8057005043;8057005043;0;0.050500635;-0.08098751;-0.995435;1.0;1.0;1.0;-0.048785012;0.044037595;-0.0038798451;0.0098557845;-0.016920766;-0.011952027;1.00047;1.0004644;1.0000006;0.03806175;0.031014463;0.00024095464;0.009594372;-0.024469407;-0.010240912;1;0;1
8057698194;8057509742;8057509742;0;-0.12360533;-0.0074845855;-0.99230325;1.0;1.0;1.0;0.09109634;-0.0016187388;-0.007125318;0.0065173544;-0.010786519;-0.005841115;1.0004696;1.0004652;1.0000006;0.13271438;4.1900297e-05;0.0008126483;0.008811717;-0.01441127;-0.0038972853;1;0;1
8058196727;8058004545;8058004545;0;-0.01302001;0.0080107;-0.9998831;1.0;1.0;1.0;0.026310027;0.015687332;0.00025194883;0.0130268065;-0.005657642;-0.0034693347;1.0004694;1.0004658;1.0000004;0.011070283;0.0039356733;1.0180553e-06;0.01388246;-0.004961084;-0.001557773;1;0;1
8058697729;8058509244;8058509244;0;-0.0017647257;-0.028965559;-0.99957883;1.0;1.0;1.0;0.03481617;-0.0071489587;0.00077724457;0.0068556;-0.007725949;-0.0024267854;1.0004675;1.0004667;1.0000011;0.019385586;0.0008173131;9.68205e-06;0.006138605;-0.007415274;-0.00070961233;1;0;1
8059192502;8059004047;8059004047;0;-0.04356979;0.09824051;-0.99420846;1.0;1.0;1.0;0.06040126;-0.09704644;-0.0056495667;0.0024401753;-0.00900394;-0.0022067667;1.0004687;1.0004662;1.0000001;0.05834565;0.1506175;0.0005106169;-0.0021462108;-0.011658465;-0.00039631908;1;0;1
8059697761;8059508745;8059508745;0;-0.06852765;-0.071445204;-0.9950877;1.0;1.0;1.0;0.03196418;0.0504381;-0.004021764;0.008672609;-0.010021012;-0.002880791;1.0004694;1.0004648;1.0000008;0.016339669;0.040685154;0.00025893125;0.0077954046;-0.016212903;-0.00037262673;1;0;1
8060192598;8060003548;8060003548;0;-0.105409145;0.049324684;-0.9932049;1.0;1.0;1.0;0.0781252;-0.057481185;-0.0063887835;0.005393194;-0.008591283;-0.0025058603;1.0004694;1.0004644;1.0000004;0.097610936;0.052840967;0.00065321085;0.0061377035;-0.011216462;-0.00024216397;1;0;1
8060696705;8060508246;8060508246;0;0.34834415;0.21682394;-0.9119449;1.0;1.0;1.0;-0.06976017;-0.02338408;-0.028773725;-0.0015391574;-0.00948656;-0.013916967;1.0004305;1.0004462;1.0000533;0.0778302;0.008743737;0.013255681;-0.015115649;-0.014489913;-0.014161261;1;0;1
8061191528;8061003049;8061003049;0;-0.28364158;0.10921454;-0.9526907;1.0;1.0;1.0;0.123200536;-0.021984614;-0.030482829;0.021599777;-0.0295376;-0.02474738;1.0004478;1.0004572;1.0000155;0.24274527;0.0077292826;0.014876551;0.038830146;-0.049221158;-0.026402485;1;0;1
8061696309;8061507747;8061507747;0;-0.093093134;0.005937826;-0.9956396;1.0;1.0;1.0;0.041604348;0.03207917;-0.0023097992;0.00033909018;-0.011688831;-0.012587587;1.0004513;1.000454;1.0000018;0.027682252;0.016457636;8.538023e-05;0.001066972;-0.012476878;-0.010509258;1;0;1
8062200900;8062012446;8062012446;0;0.028252356;0.13934575;-0.9898407;1.0;1.0;1.0;-0.026424931;-0.10886995;-0.009691656;0.003108557;-0.015321168;-0.0064319526;1.0004469;1.0004478;1.0000004;0.011167441;0.18955751;0.0015033126;0.0027790752;-0.015152188;-0.004051675;1;0;1
8062695944;8062507248;8062507248;0;0.09408609;-0.034183666;-0.994977;1.0;1.0;1.0;-0.10240593;-0.0027577393;-0.004306257;-0.0035513549;-0.011901101;-0.003668065;1.0004437;1.0004424;1.0000006;0.16771717;0.00012160455;0.00029663567;-0.00696208;-0.011518209;-0.0015993264;1;0;1
8063190537;8063002050;8063002050;0;-0.2966821;0.10525453;-0.9491581;1.0;1.0;1.0;0.09569928;-0.005421713;-0.025327682;0.026538303;0.003087508;-0.01602273;1.0004241;1.0004348;1.0000223;0.14647152;0.00047001187;0.010270593;0.0486689;0.009439539;-0.011507622;1;0;1
8063695340;8063506748;8063506748;0;0.3903095;-0.21098897;-0.896182;1.0;1.0;1.0;-0.09612852;0.11414293;-0.05463183;-5.3418204e-05;-0.013208803;-0.01821735;1.000403;1.0004328;1.0000424;0.14779153;0.20836365;0.047780927;0.006230884;-0.029375141;-0.013335725;1;0;1
8064199912;8064011448;8064011448;0;-0.26019552;-0.20369536;-0.9438254;1.0;1.0;1.0;0.10412191;0.04401067;-0.030916631;0.008863943;0.014807155;-0.022282295;1.0004314;1.0004256;1.0000219;0.17338714;0.03097631;0.0153029235;0.017575614;0.025343241;-0.015142007;1;0;1
8064694780;8064506248;8064506248;0;0.15182129;-0.09138492;-0.9841743;1.0;1.0;1.0;-0.03513451;-0.03825073;-0.0004978776;-0.00011322991;-0.045791555;-0.021040121;1.0004358;1.0004315;1.0000134;0.019742336;0.023400178;3.961314e-06;-0.014295503;-0.10640416;-0.012370906;1;0;1
8065199635;8065010946;8065010946;0;-0.015143003;0.114564516;-0.9933004;1.0;1.0;1.0;-0.014032187;-0.13340382;-0.0060976148;0.03065524;-0.01092275;-0.032381102;1.0004392;1.0004412;1.0000005;0.0031490533;0.2846199;0.00059466163;0.05794879;0.015171894;-0.03747069;1;0;1
8065694447;8065505748;8065505748;0;-0.07420133;0.06462959;-0.9951468;1.0;1.0;1.0;0.039663147;-0.05193827;-0.0041751266;0.009336085;-0.0067219324;-0.015794449;1.0004369;1.0004402;1.0000006;0.025159653;0.04314217;0.0002790262;0.0119048515;0.005988802;-0.014822751;1;0;1
8066189287;8066000550;8066000550;0;0.008507845;0.043766968;-0.99900556;1.0;1.0;1.0;0.031458758;-0.049146734;-0.00018167496;0.0049512805;-0.0013059396;-0.0073668538;1.000436;1.0004385;1.0000007;0.015827555;0.03862935;5.239422e-07;0.0060385545;0.0034214857;-0.0057041263;1;0;1
8066693744;8066505247;8066505247;0;-0.099892706;0.48340046;-0.8696812;1.0;1.0;1.0;0.004106544;-0.16150838;-0.072215855;-0.012958927;-0.023453582;-0.01751358;1.000434;1.0003915;1.0000491;0.0002697022;0.41719586;0.083487436;-0.015293348;-0.06627657;-0.019258808;1;0;1
8067198493;8067009945;8067009945;0;0.49295458;0.22768252;-0.839736;1.0;1.0;1.0;-0.22903648;-0.109789185;-0.11754578;-0.001980343;0.018070452;-0.03947281;1.0004094;1.0004306;1.0000368;0.8389799;0.19276614;0.22118063;-0.046898093;0.032126937;-0.047883805;1;0;1
8067693554;8067504746;8067504746;0;0.022604678;0.05606375;-0.9981713;1.0;1.0;1.0;-0.07751283;-0.041328803;-0.000213027;0.025545396;-0.013290185;-0.03489828;1.0004406;1.0004374;1.0000014;0.09608949;0.027317269;7.147547e-07;0.023013465;-0.02981763;-0.045330204;1;0;1
8068197995;8068009444;8068009444;0;-0.080089755;0.00710836;-0.9967623;1.0;1.0;1.0;0.034877587;-0.014104316;-0.0021899343;0.008215531;-0.009328687;-0.015244663;1.0004414;1.000438;1.000001;0.019454548;0.0031815076;7.678723e-05;0.0016983894;-0.012947656;-0.017008686;1;0;1
8068692766;8068504245;8068504245;0;0.0537114;0.011801695;-0.99848676;1.0;1.0;1.0;-0.042249773;-0.020764552;-0.0014072657;-0.00089030014;-0.007332507;-0.006844787;1.0004429;1.0004386;1.0000001;0.028548049;0.0068956637;3.169171e-05;-0.00087911246;-0.007420635;-0.0064438963;1;0;1
8069197541;8069008942;8069008942;0;0.009513832;-0.07947614;-0.9967914;1.0;1.0;1.0;0.011406955;0.06969945;-0.0029417872;0.0075068856;-0.009609851;-0.0038948366;1.0004431;1.0004392;1.0000002;0.002080976;0.07769411;0.0001384826;0.008878217;-0.009773909;-0.0024741436;1;0;1
8069692264;8069503743;8069503743;0;-0.07506678;-0.029420776;-0.99674445;1.0;1.0;1.0;0.07563772;0.02892974;-0.003255248;0.00860741;-0.00471953;-0.0027012078;1.0004438;1.0004402;1.0;0.09149643;0.013385079;0.00016954003;0.008999633;-0.0068911975;-0.0009858941;1;0;1
8070196952;8070008441;8070008441;0;-0.019081194;0.06596166;-0.9976397;1.0;1.0;1.0;0.043205693;-0.08384377;-0.0019105077;0.0070742085;-0.00727793;-0.0021376784;1.0004432;1.0004421;1.0000004;0.029854478;0.11242647;5.8324113e-05;0.006664248;-0.006514937;-0.00043594153;1;0;1
8070691750;8070503242;8070503242;0;-0.22957443;-0.21234527;-0.94984484;1.0;1.0;1.0;0.107305124;0.043725967;-0.028214514;0.010786513;0.018901793;-0.01830296;1.0004356;1.0004315;1.0000194;0.18415003;0.030577127;0.012744767;0.028519643;0.081965335;-0.026364645;1;0;1
8071197061;8071007939;8071007939;0;0.0270272;-0.047884166;-0.99848723;1.0;1.0;1.0;0.073700845;-0.006497927;0.005057156;0.0041306103;-0.002127549;-0.015186506;1.0004374;1.0004423;1.0000057;0.086871035;0.00067520054;0.00040973522;0.013466415;0.029872613;-0.015606534;1;0;1
8071701279;8071512635;8071512635;0;-0.18738061;0.08167593;-0.9788858;1.0;1.0;1.0;0.085559964;-0.041839834;-0.015114486;0.009761073;-0.015851231;-0.010573736;1.0004386;1.0004417;1.0000052;0.11707677;0.027996335;0.0036573354;0.01564153;-0.00572118;-0.00686838;1;0;1
8072196157;8072007436;8072007436;0;0.019510653;0.07318168;-0.9971277;1.0;1.0;1.0;0.03028524;-0.094989315;-0.0013952255;0.0037520656;-0.00026455396;-0.0069109784;1.0004442;1.0004417;1.0000013;0.014668616;0.1443036;3.107196e-05;0.0015811103;0.0022842204;-0.0031090926;1;0;1
8072701006;8072512133;8072512133;0;-0.10359682;-0.054366723;-0.99313235;1.0;1.0;1.0;0.060709395;0.047297746;-0.005921185;0.012729046;-0.012938114;-0.0055808313;1.000445;1.0004412;1.0000008;0.05894386;0.035777483;0.0005612149;0.016711071;-0.014922625;-0.0015901534;1;0;1
8073195302;8073006933;8072987141;0;-0.51669353;0.2047021;-0.8313391;1.0;1.0;1.0;0.29215372;0.01864329;-0.117185354;-0.005948562;-0.03848295;-0.027526652;1.0004221;1.0004191;1.0000445;1.3650844;0.0055588265;0.21970874;0.011787087;-0.091417946;-0.030406116;1;1;0
8073690189;8073501734;8073501734;0;0.20382378;-0.04468304;-0.97798735;1.0;1.0;1.0;-0.1405128;-0.0004824996;-0.018980086;-0.005127639;0.0060140407;-0.024582116;1.0004394;1.0004386;1.0000026;0.31576276;3.7215939e-06;0.005766273;0.0036436936;0.009304736;-0.021539813;1;0;1
8074195198;8074006431;8074006431;0;0.09696255;-0.046879325;-0.99418336;1.0;1.0;1.0;-0.08259587;0.016594075;-0.00525403;0.00068076263;-0.009927263;-0.011031017;1.0004373;1.0004356;1.0000005;0.109105535;0.0044039786;0.0004417874;0.0049485224;-0.009926586;-0.008123818;1;0;1
8074699604;8074511127;8074511127;0;-0.45401233;-0.0040764725;-0.8909861;1.0;1.0;1.0;0.042970717;0.02766398;-0.020318627;0.015980655;-0.014050409;-0.021195374;1.0003607;1.0004319;1.0000736;0.029533068;0.012239506;0.006609401;0.02413094;-0.009835547;-0.01852497;1;0;1
8075194450;8075005927;8075005927;0;-0.09809909;-0.039528318;-0.9943913;1.0;1.0;1.0;0.1567922;0.033356495;-0.0038696527;0.0023015635;-0.0040142564;-0.016032599;1.0004299;1.0004295;1.0000015;0.39317167;0.0177944;0.00023910752;0.01230225;-0.010378253;-0.014765781;1;0;1
8075699135;8075510623;8075510623;0;0.13736168;0.035981707;-0.9898672;1.0;1.0;1.0;0.014824107;-0.039209917;0.0015195012;-0.033705;-0.01128267;-0.03203319;1.0004187;1.0004265;1.0000099;0.003514595;0.024588231;3.6991063e-05;-0.07952773;-0.025491372;-0.042465854;1;0;1
8076193911;8076005424;8076005424;0;-0.13565141;0.14920405;-0.97945744;1.0;1.0;1.0;-0.028247163;-0.035260923;-0.00041753054;-0.0120456265;-0.0012478486;-0.013749456;1.0004144;1.0004182;1.000017;0.012761147;0.01988521;2.7844842e-06;-0.021647206;-0.007748484;-0.016481733;1;0;1
8076698610;8076510120;8076510120;0;-0.3357754;0.2819928;-0.89874077;1.0;1.0;1.0;0.04429978;-0.06889224;-0.033787668;0.007956849;-0.021817679;-0.019918231;1.0003862;1.0004021;1.0000554;0.031387407;0.075905435;0.018276487;0.0056400043;-0.03051843;-0.020046711;1;0;1
8077193402;8077004920;8077004920;0;0.17575711;-0.07568238;-0.9815201;1.0;1.0;1.0;-0.10472417;0.02990302;-0.014899075;0.0008553472;-0.008128898;-0.0147048095;1.0004172;1.0004184;1.000003;0.17540124;0.014301277;0.003553499;0.008803933;-0.011914478;-0.011459187;1;0;1
8077698145;8077509616;8077509616;0;-0.2893562;-0.43730724;-0.8514901;1.0;1.0;1.0;0.036848962;0.13797903;-0.06862223;0.0016241985;-0.005171814;-0.016103188;1.0003909;1.0003798;1.0000634;0.02171705;0.30449024;0.07538154;0.0076776957;-0.012986947;-0.01233366;1;0;1
8078193098;8078004416;8078004416;0;-0.2629089;-0.15289877;-0.9526283;1.0;1.0;1.0;0.091391936;-0.02388224;-0.016557515;0.019894455;0.0013858853;-0.014933893;1.0004039;1.0004004;1.0000249;0.13358583;0.009123268;0.004388712;0.031730738;0.00086036994;-0.011979486;1;0;1
8078697571;8078509111;8078509111;0;-0.022788133;0.04500784;-0.99872667;1.0;1.0;1.0;0.03735101;-0.047382228;-0.001164794;-0.002971424;-0.012875584;-0.00771067;1.000414;1.0004112;1.0000001;0.022312328;0.03590665;2.1696811e-05;-0.00569681;-0.022726664;-0.0047789835;1;0;1
8079192429;8079003911;8079003911;0;0.52413154;0.26138908;-0.81053185;1.0;1.0;1.0;-0.2229563;-0.039546683;-0.11684251;-0.015775902;-0.033779737;-0.026222438;1.0003746;1.0003892;1.000057;0.7950544;0.025004769;0.2185297;-0.04395039;-0.059859496;-0.032193042;1;0;1
8079697186;8079508607;8079508607;0;-0.034373615;0.20902257;-0.97730654;1.0;1.0;1.0;0.022457067;-0.16189413;-0.021508038;0.012351653;-0.017723277;-0.015543819;1.0004095;1.0004064;1.000001;0.008065815;0.4191853;0.0074036163;0.013400435;-0.036447674;-0.014812711;1;0;1
8080192047;8080003406;8080003406;0;0.23550552;-0.23315407;-0.9434916;1.0;1.0;1.0;-0.013744429;0.049693435;-0.014190555;-0.02350274;0.008728467;-0.031249978;1.0003884;1.0003918;1.000034;0.0030213757;0.03949517;0.0032240057;-0.077099085;0.015078572;-0.049684916;1;0;1
8080696839;8080508101;8080508101;0;-0.023391593;-0.13018574;-0.9912136;1.0;1.0;1.0;0.032239735;0.06406796;-0.006557405;0.012441364;-0.014607368;-0.016525535;1.0004075;1.0004025;1.0000018;0.016623635;0.06564868;0.0006883045;0.00963886;-0.026245479;-0.02070919;1;0;1
8081191375;8081002901;8081002901;0;0.022693729;0.095457956;-0.99517477;1.0;1.0;1.0;0.02175182;-0.07801026;-0.0036845207;0.01383118;-0.017001204;-0.008349546;1.0004054;1.0004029;1.000001;0.0075671985;0.09733054;0.00021721791;0.0144029;-0.024882363;-0.007955576;1;0;1
8081696195;8081507596;8081507596;0;0.22578391;-0.029578077;-0.97372824;1.0;1.0;1.0;-0.008835718;0.02558192;-0.0024458766;-0.001995145;-0.012943942;-0.005657603;1.000386;1.000402;1.0000191;0.0012486366;0.010466747;9.5780495e-05;-0.003567951;-0.016295398;-0.0037516549;1;0;1
8082200750;8082012292;8082012292;0;0.2582546;-0.009881428;-0.96602637;1.0;1.0;1.0;0.034786135;-0.012484237;0.01018399;0.009327401;-0.014301207;-0.000985768;1.0003694;1.0004005;1.0000349;0.019354053;0.0024926853;0.0016606816;0.012619143;-0.019975495;-0.0011662139;1;0;1
8082695576;8082507091;8082507091;0;0.42434415;-0.015525414;-0.90536785;1.0;1.0;1.0;-0.06281844;0.003199188;-0.026904225;-0.0043587466;-0.011733245;-0.0059956443;1.0003504;1.0003994;1.0000527;0.06311639;0.00016368549;0.011588177;-0.018258521;-0.014184015;-0.0078006927;1;0;1
8083200882;8083011786;8083011786;0;0.3978691;-0.009299872;-0.9173951;1.0;1.0;1.0;-0.044733018;0.006247861;-0.018165946;-0.0014631451;-0.013172459;-0.0039564073;1.000352;1.000398;1.0000502;0.03200542;0.0006243291;0.0052831913;-0.014098712;-0.014451768;-0.0057639373;1;0;1
8083695463;8083506585;8083506585;0;0.47075894;0.06877827;-0.879577;1.0;1.0;1.0;-0.14759523;-0.05874557;-0.06669456;-0.012299259;-0.016838536;-0.008748953;1.0003597;1.000397;1.000042;0.3484243;0.05519439;0.07120695;-0.038167477;-0.015937664;-0.010506574;1;0;1
8084190662;8084001384;8084001384;0;-0.10746361;0.031048758;-0.99372417;1.0;1.0;1.0;-0.008233309;-0.0003350433;0.00091421604;0.019428505;-0.01716931;-0.013404954;1.0003957;1.0003953;1.0000057;0.001084169;1.7955142e-06;1.3383044e-05;0.031476617;-0.01817739;-0.010323037;1;0;1
8084694620;8084506079;8084506079;0;-0.022899136;0.0999356;-0.9947303;1.0;1.0;1.0;-0.08752463;-0.083427235;0.0009794831;-0.0057920413;-0.011979685;-0.00620255;1.0003958;1.0003953;1.000005;0.122520484;0.111317754;1.5454916e-05;-0.004270829;-0.012820019;-0.0039727124;1;0;1
8085199416;8085010773;8085010773;0;-0.37393463;0.052296996;-0.9259795;1.0;1.0;1.0;0.07553658;-0.043693744;-0.028414428;0.023860482;-0.015773531;-0.017990615;1.0003647;1.0003947;1.0000356;0.091259114;0.030534225;0.012925529;0.040844396;-0.018674145;-0.014855172;1;0;1
8085694175;8085505572;8085505572;0;0.0985648;0.050039843;-0.9938718;1.0;1.0;1.0;0.06768638;0.013716526;0.0098468065;0.022198878;-0.003958938;-0.008596879;1.0003891;1.000393;1.0000126;0.07327462;0.00300895;0.001552818;0.04781348;-0.0033966966;-0.0062866947;1;0;1
8086198762;8086010267;8086010267;0;-0.10997078;0.011258912;-0.99387103;1.0;1.0;1.0;0.12063788;-0.0063638976;-0.0060606003;-0.0134570375;-0.009015892;-0.02659168;1.0003998;1.0003942;1.0;0.2327629;0.0006477469;0.00058759;-0.062093426;-0.01463447;-0.045908708;1;0;1
8086693517;8086505065;8086505065;0;0.036284268;-0.027984144;-0.9989496;1.0;1.0;1.0;-0.004790943;-0.005026022;-9.119511e-06;0.0024683562;-0.010630146;-0.013658177;1.0003994;1.0003937;1.0000008;0.00036710358;0.00040401527;1.3306465e-09;0.0029801137;-0.014796186;-0.018011471;1;0;1
8087198659;8087009760;8087009760;0;-0.013178485;-0.009027384;-0.9998724;1.0;1.0;1.0;0.004439988;-0.006568076;3.2126904e-05;0.008018795;-0.014313486;-0.0063222433;1.0003996;1.000394;1.0000001;0.00031528992;0.00068996294;1.6391878e-08;0.006654077;-0.015329411;-0.0067147627;1;0;1
8087693143;8087504558;8087504558;0;0.20957543;-0.03094948;-0.97730255;1.0;1.0;1.0;-0.054322273;0.004785411;-0.010222375;-0.001563403;-0.015814543;-0.006733611;1.0003902;1.0003941;1.0000099;0.047196135;0.00036624653;0.0016729684;-0.027421014;-0.019266129;-0.005767735;1;0;1
8088197787;8088009253;8088009253;0;-0.04117901;0.06915226;-0.9967559;1.0;1.0;1.0;0.0070560537;-0.058254734;-0.0026019216;0.011499339;-0.017496534;-0.007020869;1.0003994;1.0003945;1.0000005;0.0007962883;0.054276414;0.00010835462;0.005417552;-0.017253999;-0.003354707;1;0;1
8088692804;8088504051;8088504051;0;0.3301755;-0.0049647894;-0.9439065;1.0;1.0;1.0;-0.11583282;-0.010598441;-0.03271854;-0.014928181;-0.014669234;-0.0125146005;1.0003815;1.0003945;1.0000185;0.214594;0.0017965903;0.017137652;-0.03939366;-0.015054331;-0.007769944;1;0;1
8089197436;8089008746;8089008746;0;0.15607011;-0.03146263;-0.9872448;1.0;1.0;1.0;-0.014100403;0.011593817;-0.0024258494;0.0056412662;-0.014762422;-0.0054413616;1.000392;1.0003947;1.0000082;0.0031798952;0.0021498094;9.4229195e-05;0.0011196664;-0.018797375;-0.0031508175;1;0;1
8089691997;8089503543;8089503543;0;0.17979383;0.09710198;-0.9789001;1.0;1.0;1.0;-0.08082077;-0.08388171;-0.016098619;0.0060203895;-0.016008679;-0.0033007693;1.0003964;1.0003943;1.000004;0.104470536;0.1125339;0.004148443;0.005739029;-0.019670395;-0.0014476399;1;0;1
8090196687;8090008238;8090008238;0;0.18177354;0.0030719296;-0.9833356;1.0;1.0;1.0;-0.048112795;-0.0031265211;-0.007688999;0.0018851476;-0.013780731;-0.0025558246;1.0003934;1.0003948;1.0000072;0.03702289;0.00015634426;0.0009465406;-0.00055349665;-0.014473066;-0.00093047065;1;0;1
8090691507;8090503036;8090503036;0;0.104236014;0.008062548;-0.99451995;1.0;1.0;1.0;0.02040919;-0.014162155;0.0023363233;0.00082613144;-0.013547532;-0.002197538;1.0003947;1.0003952;1.0000063;0.0066619306;0.0032077814;8.7409724e-05;-0.0033708622;-0.014360458;-0.0007515518;1;0;1
8091196236;8091007730;8091007730;0;0.017184507;0.18501182;-0.982586;1.0;1.0;1.0;-0.00246982;0.0037121624;0.0006658435;0.010985748;-0.01853936;-0.0051347013;1.0004009;1.0003817;1.0000142;9.756105e-05;0.00022040181;7.0960004e-06;0.008573879;-0.02106092;-0.0013763212;1;0;1
8091690982;8091502528;8091502528;0;0.12122023;0.17513789;-0.97705287;1.0;1.0;1.0;-0.048979595;-0.02514249;-0.008988082;0.0028413238;-0.014293102;-0.0045180805;1.0003989;1.0003875;1.0000111;0.03836871;0.01011028;0.0012934301;0.0013576582;-0.015439629;-0.0010011236;1;0;1
8092195672;8092007221;8092007221;0;0.08578086;0.17357542;-0.9810776;1.0;1.0;1.0;-0.033872228;-0.05840572;-0.01090771;0.0060418076;-0.014791669;-0.003957556;1.0004001;1.0003918;1.0000063;0.018349905;0.05455827;0.0019047617;0.0072022234;-0.014576375;-0.00082563836;1;0;1
8092700496;8092511915;8092511915;0;-0.022495944;0.13184106;-0.99101555;1.0;1.0;1.0;0.07207718;-0.028722882;-0.0024172068;0.004068536;-0.011368264;-0.0032640267;1.0004005;1.0003937;1.0000052;0.08308863;0.013194861;9.346268e-05;0.0049860505;-0.013398669;-0.00062795234;1;0;1
8093195168;8093006713;8093006713;0;-0.2383717;-0.20853294;-0.9485214;1.0;1.0;1.0;0.07803975;0.003021866;-0.016905189;0.0031559863;-0.017990947;-0.004280261;1.0003918;1.0003821;1.0000273;0.097405076;0.00014596747;0.004575215;0.001356192;-0.01755863;-0.0009445581;1;0;1
8093700103;8093511407;8093511407;0;-0.132065;-0.28627783;-0.9490015;1.0;1.0;1.0;0.0252041;0.015722096;-0.007750809;0.007220239;-0.007738682;-0.0030934135;1.0003989;1.0003705;1.000034;0.010159894;0.0039533796;0.0009618334;0.0070238933;-0.007182412;-0.0010379388;1;0;1
8094194699;8094006204;8094006204;0;-0.104134195;-0.18891536;-0.97645634;1.0;1.0;1.0;-0.0054438934;-0.04494129;0.010375559;0.0059826532;-0.011868545;-0.00012813545;1.0004;1.000379;1.000027;0.00047398603;0.03230325;0.0017237946;0.005989888;-0.012395852;-0.00015329532;1;0;1
8094689514;8094501002;8094501002;0;-0.09176188;-0.18290387;-0.97883904;1.0;1.0;1.0;0.016525589;-0.04338208;0.007684648;0.0060023908;-0.013565296;0.0008168355;1.0004039;1.0003815;1.000023;0.0043677576;0.030100675;0.00094570423;0.006725985;-0.014594709;6.239712e-05;1;0;1
8095194431;8095005695;8095005695;0;-0.08428179;-0.25579214;-0.9630509;1.0;1.0;1.0;-0.0014449805;0.009629816;-0.0023782253;0.0061360076;-0.012555305;0.0010089148;1.0004047;1.0003788;1.0000275;3.3393982e-05;0.0014831763;9.056085e-05;0.0049861097;-0.012952513;0.00015162613;1;0;1
8095699478;8095510389;8095510389;0;-0.077096865;-0.19931154;-0.97689867;1.0;1.0;1.0;0.016787093;-0.07300536;0.016575694;0.0033716736;-0.012775549;0.0012382193;1.0004078;1.000374;1.0000315;0.0045070658;0.08524486;0.0043998095;0.002043469;-0.0156097915;0.00025027114;1;0;1
8096194143;8096005188;8096005188;0;-0.10966102;-0.24872033;-0.96234745;1.0;1.0;1.0;0.02118145;-0.03436522;0.0073397756;0.0057409992;-0.01180884;0.001351944;1.0004076;1.0003728;1.0000358;0.0071755364;0.018888619;0.0008626261;0.0035247505;-0.012073773;0.00017264328;1;0;1
8096698346;8096509879;8096509879;0;-0.0994042;-0.27194986;-0.9571636;1.0;1.0;1.0;0.010127418;-0.008912504;0.0015763044;0.005790025;-0.012988371;0.0018749869;1.0004091;1.0003744;1.0000354;0.0016403623;0.0012704649;3.9781422e-05;0.003562481;-0.011556262;0.00029930976;1;0;1
8097193176;8097004677;8097004677;0;-0.08404372;-0.27258968;-0.9584527;1.0;1.0;1.0;0.0061032698;0.008905232;-0.003001213;0.0011863229;-0.0071438784;0.0005917312;1.0004115;1.0003796;1.000031;0.00059575326;0.0012683691;0.0001442208;0.0018429302;-0.006622387;-1.8769033e-05;1;0;1
8097697857;8097509370;8097509370;0;-0.3099464;-0.24279188;-0.9192309;1.0;1.0;1.0;0.022527456;0.03651248;-0.016092062;0.012926474;-0.013204295;-0.0028183872;1.0003812;1.0003917;1.0000521;0.008116686;0.021321634;0.004145757;0.0121829435;-0.015064008;-0.0011481501;1;0;1
8098192733;8098004167;8098004167;0;-0.21276604;-0.08334041;-0.9735425;1.0;1.0;1.0;0.058145836;-0.026825786;-0.008267581;0.019137798;-0.001282199;-0.0057586534;1.0004072;1.0004054;1.000015;0.05407299;0.011509541;0.0010943082;0.022096049;-0.001764838;-0.0025260288;1;0;1
8098697317;8098508860;8098508860;0;-0.05974895;0.03575745;-0.9975728;1.0;1.0;1.0;0.09639232;-0.035010308;-0.0017568469;-0.00014690327;-0.014037885;-0.0057704453;1.0004177;1.000412;1.0000005;0.14860159;0.019603191;4.929707e-05;0.004212855;-0.027221428;-0.001753756;1;0;1
8099192118;8099003657;8099003657;0;0.034957554;0.026038498;-0.99904954;1.0;1.0;1.0;-0.00604403;-0.012323774;-0.00043809414;0.0028690824;-0.014504139;-0.0031369077;1.0004189;1.0004133;1.0000004;0.0005842401;0.0024290078;3.0741658e-06;0.0052731913;-0.017830528;-0.00071323005;1;0;1
8099696889;8099508350;8099508350;0;0.0027691224;0.0422859;-0.9991017;1.0;1.0;1.0;0.008029664;-0.04063655;-0.00083869696;0.007409533;-0.012518008;-0.0021137109;1.0004203;1.000415;1.0;0.0010311747;0.026410274;1.12530015e-05;0.0075792773;-0.011853635;-0.00030727693;1;0;1
8100191755;8100003147;8100003147;0;-0.026641184;0.051400788;-0.9983228;1.0;1.0;1.0;-0.017087543;-0.057781164;-0.0007007122;0.0010240311;-0.011402249;-0.0012430508;1.0004206;1.0004165;1.0000008;0.0046697822;0.053396456;7.847938e-06;0.0021827272;-0.010183745;-0.00012728074;1;0;1
8100696306;8100507840;8100507840;0;-0.22967078;-0.07641078;-0.97026426;1.0;1.0;1.0;0.03952712;-0.032780156;-0.005399406;0.011181653;-0.010435792;-0.0031767332;1.0004073;1.000413;1.0000204;0.02498811;0.017185763;0.00046672593;0.010017778;-0.008519056;-0.0005770724;1;0;1
8101191122;8101002637;8101002637;0;-0.20879248;-0.08118074;-0.97458476;1.0;1.0;1.0;0.018632486;-0.028734766;-0.0009958744;0.0062679257;-0.011987651;-0.0016216548;1.0004088;1.0004144;1.0000205;0.005552443;0.013205605;1.5867927e-05;0.004768453;-0.011433049;-0.00026831657;1;0;1
8101696287;8101507330;8101507330;0;-0.12704271;-0.043005217;-0.99096453;1.0;1.0;1.0;-0.05728869;-0.042253952;0.011799395;0.007087737;-0.013375482;-0.0014627979;1.000411;1.0004174;1.0000176;0.05249033;0.028554084;0.002229801;0.0052315723;-0.010067062;-0.00030418634;1;0;1
8102190835;8102002127;8102002127;0;-0.20641337;-0.06393419;-0.9763739;1.0;1.0;1.0;0.017796159;-0.028672993;-0.0013002753;0.0070671034;-0.009856769;-0.0016599289;1.0004119;1.0004182;1.000019;0.005065166;0.013148832;2.7063343e-05;0.0042664735;-0.008270123;-0.00032576916;1;0;1
8102695267;8102506819;8102506819;0;0.14308837;0.050509706;-0.98842025;1.0;1.0;1.0;-0.015755028;-0.025719104;-0.003128767;0.01155023;-0.01756852;-0.0042597265;1.0004214;1.0004232;1.0000073;0.003969861;0.010579087;0.0001567392;0.0088404;-0.024625672;-0.00069805596;1;0;1
8103200108;8103011512;8103011512;0;0.16369116;-0.006644568;-0.9864893;1.0;1.0;1.0;0.048412576;0.0064418376;0.009237826;0.0025615522;-0.012025654;-0.0029768178;1.0004102;1.0004246;1.0000193;0.037485063;0.0006636996;0.001366659;0.0005155682;-0.017499322;-0.0006396605;1;0;1
8103694924;8103506309;8103506309;0;0.26443547;0.051495936;-0.96302754;1.0;1.0;1.0;-0.038898304;-0.046092015;-0.011188209;0.0013148834;-0.010012201;-0.0023889092;1.0004088;1.0004256;1.0000219;0.024199357;0.03397725;0.0020041596;-0.0032078498;-0.01231843;-0.0010898252;1;0;1
8104199452;8104011001;8104011001;0;0.12615573;0.008133406;-0.9919771;1.0;1.0;1.0;0.056109637;-0.015130676;0.0087483525;0.007883489;-0.01019196;-0.0008156039;1.0004175;1.0004268;1.0000143;0.05035164;0.0036613245;0.0012257395;0.0048364834;-0.012380292;-0.00065244216;1;0;1
8104694318;8104505798;8104505798;0;0.16691649;0.101041;-0.98078007;1.0;1.0;1.0;0.0165717;-0.10350102;-0.0022400618;0.005129736;-0.010285671;-0.0012862012;1.0004183;1.000428;1.0000147;0.0043921033;0.17132583;8.018661e-05;0.002331949;-0.015124635;-0.0006058892;1;0;1
8105199358;8105010490;8105010490;0;0.18804759;-0.07727744;-0.979115;1.0;1.0;1.0;-0.01879178;0.061316498;-0.0063261986;0.005183703;-0.0102127995;-0.0007946837;1.0004216;1.0004289;1.0000125;0.0056477142;0.060129426;0.00064067455;0.0035562431;-0.012852409;-0.0002653463;1;0;1
8105693882;8105505287;8105505287;0;0.19799675;-0.03769616;-0.9794775;1.0;1.0;1.0;-0.027989477;0.03476865;-0.0059589148;0.004638804;-0.00933358;-0.00087672553;1.0004225;1.0004302;1.0000125;0.012529279;0.019333282;0.00056850666;0.0043193293;-0.010026105;-0.0003206476;1;0;1
8106198477;8106009979;8106009979;0;0.2033159;-0.0054007126;-0.97909826;1.0;1.0;1.0;-0.034698054;0.0016630096;-0.0065736175;0.0064417375;-0.010961739;-0.00049282366;1.0004238;1.0004314;1.0000124;0.019255118;4.4221742e-05;0.0006919424;0.006496248;-0.007144153;-0.00030693974;1;0;1
8106693519;8106504775;8106504775;0;0.17562796;-0.052174605;-0.98307306;1.0;1.0;1.0;-0.09476971;0.026920328;-0.0133289695;-0.00887913;-0.011443624;-0.0031987538;1.0004344;1.0004323;1.0000031;0.14363837;0.011589776;0.0028440997;-0.020716958;-0.006715381;-0.0014671047;1;0;1
8107198527;8107009468;8107009468;0;-0.007080812;0.039717738;-0.9991859;1.0;1.0;1.0;-0.01585939;-0.002348233;0.0001475215;0.009800513;-0.0002006922;-0.0033009718;1.0004381;1.0004336;1.0000008;0.004022562;8.819454e-05;3.4904582e-07;0.0086318515;0.0024864613;-0.0008083373;1;0;1
8107693299;8107504264;8107504264;0;0.007227732;0.09032154;-0.9958864;1.0;1.0;1.0;-0.021015067;0.04863605;0.0056809783;0.008460094;-0.012876007;-0.0049449545;1.0004387;1.0004265;1.0000085;0.00706303;0.037831098;0.00051692466;0.007358827;-0.017113056;-0.0015189552;1;0;1
8108197628;8108008956;8108008956;0;-0.014335129;0.12914765;-0.9915218;1.0;1.0;1.0;0.0043534087;0.04217887;0.006354928;0.0071560913;-0.011642737;-0.004203101;1.000439;1.0004236;1.0000128;0.0003031016;0.02845288;0.0006468082;0.0067115296;-0.0123623535;-0.0011000766;1;0;1
8108692476;8108503752;8108503752;0;-0.20562541;0.04778191;-0.97746354;1.0;1.0;1.0;0.036952928;0.025308568;-0.005493045;0.0027016583;-0.014536435;-0.0054558436;1.000427;1.0004356;1.0000148;0.021838976;0.010244218;0.00048311535;0.00019114373;-0.017426772;-0.0014144938;1;0;1
8109196989;8109008444;8109008444;0;-0.17217585;0.12603886;-0.97696966;1.0;1.0;1.0;0.0005530715;-0.040811434;-0.0044980645;0.0060101803;-0.012031699;-0.004319033;1.0004272;1.0004361;1.000016;4.8921193e-06;0.026637575;0.00032393928;0.005214674;-0.010308444;-0.00095194817;1;0;1
8109691690;8109503240;8109503240;0;-0.13142985;0.10799081;-0.9854259;1.0;1.0;1.0;-0.01862514;-0.040744416;-0.0009621978;0.0065613063;-0.009629144;-0.0033246588;1.0004311;1.0004387;1.0000119;0.005547942;0.026550286;1.4811181e-05;0.004250164;-0.0077119786;-0.0005272033;1;0;1
8110196409;8110007932;8110007932;0;-0.17721112;0.058220908;-0.98244923;1.0;1.0;1.0;0.025878549;0.010434546;-0.003645122;0.0050120614;-0.012177044;-0.0030764656;1.0004317;1.0004399;1.0000122;0.010710565;0.001741382;0.00021275494;0.0046666167;-0.01019249;-0.00054931757;1;0;1
8110701116;8110512624;8110512624;0;-0.21524267;0.07036179;-0.9740225;1.0;1.0;1.0;0.063528925;0.013931975;-0.010797381;0.0054960223;-0.009881713;-0.0026543064;1.0004324;1.0004401;1.0000132;0.06454688;0.0031044916;0.001866567;0.004418151;-0.008020313;-0.0003894237;1;0;1
8111195905;8111007420;8111007420;0;-0.2144511;0.03450376;-0.97612506;1.0;1.0;1.0;0.02004999;-0.035554674;-0.004794836;0.0034335207;-0.023495102;-0.0034834838;1.0004265;1.0004447;1.0000167;0.006429291;0.020217108;0.0003680789;0.0024309643;-0.026107894;-0.00054142263;1;0;1
8111690674;8111502216;8111502216;0;-0.25367618;-0.2473019;-0.9351418;1.0;1.0;1.0;-0.018551826;0.040782914;-0.004666388;0.005296693;-0.0018887898;-0.006340772;1.0004116;1.0004264;1.0000523;0.005504458;0.026601156;0.00034860714;0.005317847;0.0013449762;-0.0023678816;1;0;1
8112195381;8112006908;8112006908;0;-0.2906122;-0.1992257;-0.9358705;1.0;1.0;1.0;0.036073953;-0.024396062;-0.0049803257;0.005505803;-0.004641431;-0.0035301496;1.0004172;1.0004241;1.0000515;0.020812597;0.0095192995;0.00039708486;0.00472064;-0.004892686;-0.0016425442;1;0;1
8112690280;8112501704;8112501704;0;-0.22243956;-0.123706;-0.9670664;1.0;1.0;1.0;-0.02875939;-0.086049736;0.022120833;0.0045566573;-0.007261047;-0.0019095716;1.0004194;1.0004278;1.0000482;0.013228092;0.11842069;0.00783652;0.0018285974;-0.008858457;-0.0009135827;1;0;1
8113195332;8113006396;8113006396;0;-0.29484776;-0.1875308;-0.9369616;1.0;1.0;1.0;0.026976168;0.027670175;-0.013132989;-0.00028121713;-0.0052895024;-0.0005590766;1.000417;1.0004373;1.0000439;0.011638565;0.012244428;0.0027616401;-0.0006927413;-0.0055462434;-0.0004573601;1;0;1
8113699536;8113511087;8113511087;0;-0.38235742;-0.14811029;-0.91206694;1.0;1.0;1.0;0.03483081;0.023446478;-0.01727283;0.0070370436;-0.009827727;-0.0026532433;1.000396;1.000442;1.0000614;0.01940328;0.008791441;0.0047767763;0.004617201;-0.008435647;-0.000955565;1;0;1
8114194421;8114005883;8114005883;0;-0.38372916;-0.09995593;-0.91802;1.0;1.0;1.0;0.15484019;0.037574276;-0.05341494;0.025555545;-0.0004616702;-0.010247294;1.000428;1.0004481;1.0000255;0.38344365;0.022578113;0.04567786;0.039419755;0.0024635503;-0.006438609;1;0;1
8114699036;8114510574;8114510574;0;0.18416747;-0.053046156;-0.9814624;1.0;1.0;1.0;0.022976786;0.0360403;0.0032979846;-0.008734788;-0.007875657;-0.013112661;1.0004333;1.000451;1.0000196;0.008443265;0.020773191;0.0001742126;-0.021573585;-0.02150055;-0.008452766;1;0;1
8115193830;8115005370;8115005370;0;0.28075087;0.021750206;-0.95953417;1.0;1.0;1.0;-0.016155362;-0.012672028;-0.0047807097;-0.0008258324;-0.008635651;-0.0062287166;1.0004218;1.0004518;1.0000317;0.004174171;0.0025681327;0.0003659632;-0.0035629414;-0.014397435;-0.0036416398;1;0;1
8115698519;8115510062;8115510062;0;0.2973036;-0.04620669;-0.95366424;1.0;1.0;1.0;-0.026955247;0.021888353;-0.008787751;0.005448382;-0.008447131;-0.0024299838;1.0004212;1.0004523;1.0000335;0.011620471;0.007662021;0.0012365073;0.0034837946;-0.010796491;-0.0018142632;1;0;1
8116197000;8116004857;8116004857;0;0.28171122;-0.030038683;-0.95902896;1.0;1.0;1.0;-0.017249793;0.027335119;-0.0053616166;0.0024609694;-0.006590864;-0.0019480984;1.0004236;1.0004529;1.0000318;0.0047588698;0.011949911;0.0004602533;0.0006781514;-0.008300736;-0.001198883;1;0;1
8116698018;8116509548;8116509548;0;0.27245313;-0.12832974;-0.9535726;1.0;1.0;1.0;0.0069750845;0.02541311;-0.0010622144;0.003973385;-0.007873819;-0.0015046785;1.0004206;1.000449;1.0000403;0.0007781016;0.010328697;1.8056115e-05;-0.0055057933;-0.007275;-0.002099291;1;0;1
8117192852;8117004344;8117004344;0;0.24828091;-0.030186461;-0.9682176;1.0;1.0;1.0;0.030936211;-0.07259936;0.013499677;0.0019752444;-0.0061420267;-0.00093087024;1.0004216;1.0004495;1.0000402;0.015306333;0.084291585;0.0029187307;-0.0012428514;-0.004241684;-0.000987683;1;0;1
8117697562;8117509035;8117509035;0;0.19924931;-0.074783675;-0.9770911;1.0;1.0;1.0;0.08938043;-0.040744856;0.026632488;0.0044918046;-0.007258545;0.000110073524;1.0004201;1.0004491;1.0000439;0.1277681;0.026548129;0.011359311;0.0011664666;-0.0052372;-0.0005195509;1;0;1
8118192401;8118003831;8118003831;0;0.24024975;-0.13365957;-0.9614652;1.0;1.0;1.0;0.03774357;0.009681813;0.008912265;0.0017590548;-0.00439492;-0.0007538259;1.0004238;1.0004488;1.0000421;0.022783576;0.0014993718;0.0012719071;-0.0015044538;-0.004280812;-0.0008226946;1;0;1
8118696980;8118508522;8118508522;0;-0.16965672;-0.23660378;-0.9566793;1.0;1.0;1.0;0.04969778;-0.0077735335;-0.0055503845;0.012838401;-0.009489612;-0.0060452004;1.0004537;1.0004292;1.0000342;0.039499987;0.0009665416;0.00049321965;0.019617781;-0.0073010866;-0.0028569568;1;0;1
8119191801;8119003317;8119003317;0;0.005978242;-0.24267131;-0.9700901;1.0;1.0;1.0;-0.0013363189;0.10871069;-0.02087903;0.002768036;-0.001314002;-0.0046402295;1.0004616;1.0004494;1.0000082;2.8558788e-05;0.18900329;0.0069793463;0.0053342488;0.002222253;-0.002107929;1;0;1
8119697301;8119508008;8119508008;0;-0.06453213;0.1966231;-0.9783532;1.0;1.0;1.0;0.046544068;0.0071536005;-0.0004993081;0.007126614;-0.01425191;-0.008009537;1.0004618;1.0004395;1.0000191;0.034645602;0.00081848906;3.9831493e-06;0.010440143;-0.021564983;-0.0030892882;1;0;1
8120191853;8120002805;8120002805;0;-0.048176784;-0.212044;-0.97607183;1.0;1.0;1.0;0.042467665;0.12260278;-0.019898832;0.0082672;-0.021865325;-0.009176223;1.0004617;1.0004554;1.0000037;0.028842725;0.24039426;0.0063385814;0.009609288;-0.031557888;-0.0032714275;1;0;1
8120695962;8120507495;8120507495;0;-0.31544077;0.0308526;-0.94844353;1.0;1.0;1.0;0.042466193;-0.0487452;-0.013406634;0.0076010604;-0.013252357;-0.012312174;1.0004281;1.0004598;1.0000347;0.028841695;0.037999958;0.0028777006;0.0031363028;-0.009419879;-0.00480124;1;0;1
8121200752;8121012186;8121012186;0;0.032082222;0.05305707;-0.99807596;1.0;1.0;1.0;0.04209563;-0.04180416;0.000893116;0.018643208;-0.010582301;-0.008008095;1.0004607;1.0004607;1.0000025;0.028339617;0.027948355;1.2799971e-05;0.015372011;-0.007239813;-0.0027314487;1;0;1
8121695571;8121506981;8121506981;0;0.23953149;0.03131839;-0.97038335;1.0;1.0;1.0;0.054356605;-0.014676794;0.014681399;-0.0050517255;-0.007167143;-0.009292095;1.0004239;1.0004609;1.0000402;0.047254216;0.0034449005;0.003451834;-0.02304691;-0.0061202873;-0.0071447627;1;0;1
8122190327;8122001776;8122001776;0;0.23443572;-0.069367856;-0.9696535;1.0;1.0;1.0;0.0311196;0.062044766;0.005582094;-0.0003590692;-0.0052650026;-0.004430654;1.0004318;1.0004615;1.0000328;0.015488184;0.061564732;0.00049915776;-0.013844608;-0.004920853;-0.004179903;1;0;1
8122694972;8122506467;8122506467;0;0.13506667;0.16911896;-0.97629696;1.0;1.0;1.0;-0.034975916;0.00049218535;-0.004116595;-0.0009052896;0.0041567897;-0.0042737504;1.0004604;1.0004485;1.0000181;0.019564027;3.8760822e-06;0.00027136446;-0.005436731;0.005354498;-0.002464477;1;0;1
8123199659;8123011158;8123011158;0;0.12834252;0.22213338;-0.96653247;1.0;1.0;1.0;0.008118391;-0.009730458;-0.0010741949;0.002483025;-0.00451027;-0.0048404555;1.0004559;1.0004414;1.0000298;0.0010540519;0.0015142591;1.8476108e-05;0.00063853955;-0.0053132167;-0.0022898556;1;0;1
8123694500;8123505953;8123505953;0;-0.012664666;-0.26693252;-0.963632;1.0;1.0;1.0;-0.01664301;0.13994344;-0.027831137;0.0020197055;-0.018894652;-0.009504591;1.0004638;1.0004559;1.0000079;0.0044297823;0.3132036;0.012400225;-0.000277464;-0.02988058;-0.0043846434;1;0;1
8124199146;8124010644;8124010644;0;0.0030391493;-0.25624147;-0.966608;1.0;1.0;1.0;-0.029932318;0.051508024;-0.011835873;0.005345832;-0.0067880168;-0.005756726;1.0004649;1.0004448;1.0000198;0.014328437;0.04243023;0.0022430553;0.0038257884;-0.0050097615;-0.0031970837;1;0;1
8124693952;8124505439;8124505439;0;-0.13714805;-0.11549691;-0.98379415;1.0;1.0;1.0;0.036572248;-0.058148213;0.004132211;-0.006376513;-0.0059359027;-0.0026490707;1.0004615;1.000451;1.0000188;0.021390598;0.05407524;0.00027359178;-0.0068450454;-0.00851622;-0.0014648573;1;0;1
8125198879;8125010129;8125010129;0;-0.21034889;-0.102561764;-0.9722317;1.0;1.0;1.0;0.0065996945;-0.062769555;0.0072654486;0.00977567;-0.0060987286;-0.00417985;1.0004478;1.0004526;1.0000324;0.0006965836;0.06301199;0.0008455169;0.007747727;-0.0049933754;-0.0016069319;1;0;1
8125693617;8125504924;8125504924;0;-0.11495061;-0.03918501;-0.9925981;1.0;1.0;1.0;0.033060044;0.019358361;-0.0038446188;0.015439138;0.015805991;-0.0073804324;1.0004652;1.000466;1.0000033;0.017479334;0.005993215;0.00023667274;0.017602388;0.02808886;-0.002882368;1;0;1
8126198369;8126009615;8126009615;0;0.009611002;0.113430604;-0.9934995;1.0;1.0;1.0;0.02293761;-0.025810689;-0.0021219254;0.0022129212;-0.025911024;-0.014027657;1.0004673;1.000463;1.0000042;0.008414212;0.010654078;7.208935e-05;0.0016893527;-0.051013242;-0.009476926;1;0;1
8126692949;8126504410;8126504410;0;0.10381601;-0.18041275;-0.9780969;1.0;1.0;1.0;-0.0727018;-0.014918834;-0.0021469593;0.0013292176;0.0017070902;-0.008425839;1.000468;1.0004495;1.0000182;0.08452926;0.003559773;7.372913e-05;0.001338964;-0.0050209085;-0.0045032175;1;0;1
8127197678;8127009100;8127009100;0;-0.047305338;0.058994006;-0.9971369;1.0;1.0;1.0;0.03541925;-0.019761391;-0.002022028;0.0052381014;-0.0052961363;-0.0062883054;1.0004693;1.0004671;1.0000008;0.020062959;0.0062451996;6.544835e-05;0.005789336;-0.01345779;-0.0023040355;1;0;1
8127692684;8127503895;8127503895;0;-0.03073347;0.0061596674;-0.9995086;1.0;1.0;1.0;0.011866767;0.008731337;-0.00020241737;0.003932338;-0.0016836546;-0.0035701157;1.0004694;1.0004683;1.0000004;0.0022520653;0.0012192206;6.5556446e-07;0.004907785;-0.0052483305;-0.00094016746;1;0;1
8128197078;8128008585;8128008585;0;0.013107828;0.05327905;-0.99849355;1.0;1.0;1.0;-0.006258019;-0.042942263;-0.001429379;0.0017792839;-0.0013778035;-0.0028973173;1.0004697;1.0004692;1.0;0.0006263106;0.0294908;3.2700897e-05;0.0009944309;-0.0040300232;-0.00047039436;1;0;1
8128701824;8128513276;8128513276;0;0.027705457;-0.015944785;-0.99948895;1.0;1.0;1.0;-0.02418337;-0.046930462;0.0014724135;-0.00041602814;-0.0064790593;-0.0020059894;1.0004678;1.0004696;1.0000019;0.009352991;0.035223063;3.4749773e-05;-0.0017626904;-0.008010893;-0.00022896967;1;0;1
8129196522;8129008070;8129008070;0;-0.1840903;-0.08252864;-0.97943854;1.0;1.0;1.0;0.088490464;-0.025221564;-0.010129631;0.0066267755;0.005331031;-0.0035245796;1.0004615;1.0004662;1.0000098;0.1252312;0.01017357;0.0016425848;0.00546835;0.0043287906;-0.0005334779;1;0;1
8129691387;8129502865;8129502865;0;0.008447341;-0.13434622;-0.99089855;1.0;1.0;1.0;-0.04604862;-0.037032574;0.0064074397;-0.002460506;-0.0045994977;-0.0015497684;1.000462;1.0004537;1.0000143;0.033911936;0.02193237;0.00065762084;-0.0015154668;-0.0047472166;-0.00028325472;1;0;1
8130196097;8130007555;8130007555;0;0.037900813;0.003428022;-0.9992756;1.0;1.0;1.0;-0.015861284;-0.00016348413;-0.0004760027;0.0025602458;-0.010939717;-0.004379466;1.0004568;1.0004578;1.0000002;0.004023447;4.2722428e-07;3.6270721e-06;0.0051214113;-0.011360512;-0.0011075643;1;0;1
8130690920;8130502350;8130502350;0;0.11593132;0.08394537;-0.9897036;1.0;1.0;1.0;-0.11563945;-0.03054769;-0.008868933;-0.010681791;-0.007156531;-0.0033898996;1.0004481;1.0004469;1.0000013;0.21386388;0.014923628;0.0012587458;-0.015274762;-0.008160528;-0.0006214388;1;0;1
8131195542;8131007040;8131007040;0;-0.26059434;-0.06503342;-0.9632555;1.0;1.0;1.0;0.042876646;0.04245979;-0.012490809;0.0016764149;-0.0031347966;-0.0034174072;1.0004183;1.0004382;1.000021;0.02940221;0.028832447;0.0024979883;-0.0015780844;-0.004075673;-0.0005803914;1;0;1
8131700464;8131511730;8131511730;0;-0.2380324;0.0034567954;-0.9712511;1.0;1.0;1.0;0.043536037;-0.002888787;-0.009648442;-0.0011334546;-0.009819157;-0.0021342118;1.0004144;1.0004293;1.0000163;0.030313622;0.00013347309;0.0014905591;-0.0013796556;-0.014127696;-0.00040894514;1;0;1
8132195363;8132006525;8132006525;0;-0.018381128;-0.091457464;-0.9956393;1.0;1.0;1.0;-0.049422674;-0.00591857;0.0027022958;-0.004895107;0.003778051;-0.0028843835;1.0004212;1.0004187;1.0000058;0.039065156;0.0005601918;0.00011698212;-0.0037667598;0.005782052;-0.0007658237;1;0;1
8132690291;8132501319;8132501319;0;-0.13499251;-0.10942423;-0.984786;1.0;1.0;1.0;-0.03825301;0.041264497;0.0022670627;-0.0016138471;-0.007086445;-0.001995206;1.0004045;1.0004159;1.0000144;0.023403218;0.027233157;8.234445e-05;-0.00028257715;-0.00508269;-0.0005396548;1;0;1
8133194461;8133006009;8133006009;0;-0.125571;-0.03510795;-0.99146324;1.0;1.0;1.0;0.019826367;-0.045586403;0.00034880638;-0.0035927044;0.0020588574;-0.0021870635;1.0004086;1.0004128;1.0000073;0.0062867887;0.033236343;1.9546317e-06;-0.0049279784;0.0030683777;-0.0004919469;1;0;1
8133699186;8133510699;8133510699;0;-0.015744999;-0.05506524;-0.9983586;1.0;1.0;1.0;-0.0198172;0.028298598;-0.0006502867;0.008651138;-0.003817778;-0.0037249178;1.0004115;1.0004147;1.0000008;0.0062809573;0.012807679;6.7659585e-06;0.009073182;-0.002276216;-0.00095283263;1;0;1
8134197932;8134005493;8134005493;0;0.061046652;0.038752723;-0.99738234;1.0;1.0;1.0;0.04539843;-0.012091078;0.0034193993;0.008876234;-0.004798995;-0.0031825956;1.0004078;1.0004156;1.0000049;0.032962833;0.002338159;0.00018727798;0.0050039254;-0.0049446546;-0.0007275537;1;0;1
8134698670;8134510183;8134510183;0;0.30047992;-0.008149499;-0.9537533;1.0;1.0;1.0;-0.04208666;-0.00736072;-0.012157738;-0.009003228;0.0041235453;-0.007166441;1.000386;1.0004168;1.0000277;0.028329657;0.0008665427;0.002366574;-0.018700732;0.0046985582;-0.0038862939;1;0;1
8135193426;8135004977;8135004977;0;0.5114084;0.1195715;-0.8509784;1.0;1.0;1.0;-0.14772898;-0.021458656;-0.075342834;-0.005037265;-0.008117885;-0.0076377685;1.0003598;1.0004139;1.000059;0.34905604;0.0073631178;0.0908712;-0.018272474;-0.008643602;-0.0078065726;1;0;1
8135698202;8135509667;8135509667;0;0.4165313;0.1824646;-0.8906225;1.0;1.0;1.0;-0.0913012;-0.11935164;-0.052889228;0.004354989;-0.012061108;-0.0035509337;1.0003715;1.0004174;1.0000457;0.13332503;0.22781949;0.0447791;-0.005313209;-0.01393216;-0.005004093;1;0;1
8136193039;8136004461;8136004461;0;0.1894021;-0.1885437;-0.9636276;1.0;1.0;1.0;0.0143405795;0.0886646;-0.010286331;-0.003871605;0.006839574;-0.0070425374;1.0003984;1.0004165;1.0000213;0.0032891252;0.12573059;0.0016937256;-0.013201607;0.007821541;-0.0058565196;1;0;1
8136697601;8136509151;8136509151;0;0.3695452;-0.005884536;-0.9291941;1.0;1.0;1.0;-0.081178725;-0.031366725;-0.027592361;0.0008280696;-0.007087013;-0.0043140682;1.0003804;1.0004195;1.000035;0.105399676;0.015735634;0.012188724;-0.0028482405;-0.008068265;-0.0029576768;1;0;1
8137192411;8137003945;8137003945;0;0.21552794;-0.07780425;-0.9733932;1.0;1.0;1.0;0.015608758;0.035318375;0.0013991594;0.0021529181;0.0009984258;-0.0030704734;1.0003906;1.0004151;1.0000229;0.0038966108;0.019949958;3.135901e-05;-0.0019951556;0.00028664555;-0.0019501937;1;0;1
8137697368;8137508635;8137508635;0;0.27673784;-0.04683562;-0.9598034;1.0;1.0;1.0;-0.023621589;0.0034176707;-0.0066553354;-0.0028239505;-0.0028523065;-0.0031504685;1.0003818;1.0004072;1.000027;0.0089242635;0.00018680579;0.0007091973;-0.005310498;-0.0019247358;-0.0014480996;1;0;1
8138192128;8138003428;8138003428;0;0.2125887;-0.10838;-0.9711127;1.0;1.0;1.0;-0.09072281;0.08116136;-0.02105534;-0.021843659;0.0035962653;-0.007112846;1.0003942;1.0003978;1.0000062;0.13163814;0.1053529;0.0070966887;-0.032926552;0.0047971406;-0.0028376107;1;0;1
8138696567;8138508118;8138508118;0;-0.11492237;0.15857121;-0.9806366;1.0;1.0;1.0;0.030845858;-0.11353166;-0.014801264;0.0048762145;-0.011620715;-0.0075227157;1.0003871;1.0003871;1.0000035;0.015217581;0.20615122;0.0035066663;0.0039914157;-0.02642413;-0.0023858212;1;0;1
8139201666;8139012808;8139012808;0;-0.120571606;0.40492082;-0.90636724;1.0;1.0;1.0;0.019448072;-0.114914;-0.045286894;-0.016305478;-0.009315586;-0.008069047;1.0003765;1.0003487;1.000036;0.0060493625;0.21120934;0.032831836;-0.0228224;-0.022897404;-0.0042933393;1;0;1
8139696201;8139507603;8139507603;0;-0.15392068;0.16052176;-0.974957;1.0;1.0;1.0;-0.004123792;0.0140405595;0.003076315;0.006391684;-0.0093038175;-0.009047244;1.0003649;1.0003653;1.000021;0.00027199133;0.0031530254;0.00015152188;0.0013033759;-0.017378971;-0.0046164454;1;0;1
8140190961;8140002395;8140002395;0;-0.17134823;0.29323345;-0.9405604;1.0;1.0;1.0;-0.07284522;0.0309996;0.026634157;-0.009994959;-0.010567508;-0.00792027;1.0003484;1.000336;1.0000618;0.084873244;0.01536843;0.01135743;-0.019520236;-0.020796865;-0.00613601;1;0;1
8140695813;8140507084;8140507084;0;-0.11251974;-0.06697692;-0.99138963;1.0;1.0;1.0;0.047301166;0.023037642;-0.005511999;0.024963308;-0.00019124238;-0.01671553;1.0003688;1.0003752;1.0000023;0.035785206;0.008488488;0.0004863759;0.059367787;0.0025363895;-0.013701373;1;0;1
8141200348;8141011774;8141011774;0;-0.032048352;0.028078567;-0.99909186;1.0;1.0;1.0;0.0073318165;-0.029353715;-0.0006017685;-0.0022590847;0.002686988;-0.010449709;1.0003718;1.0003773;1.0000002;0.0008597688;0.01378105;5.7962993e-06;-0.0059675924;0.0076025696;-0.006438566;1;0;1
8141695129;8141506567;8141506567;0;0.054327045;-0.017759077;-0.9983652;1.0;1.0;1.0;-0.035739064;-0.0055616777;-0.0011897683;-0.007163464;0.0034709538;-0.0053595016;1.0003736;1.0003785;1.0000004;0.020428859;0.00049472955;2.2655579e-05;-0.009462628;0.0050013615;-0.0025692321;1;0;1
8142199770;8142011257;8142011257;0;0.017958447;0.06993045;-0.9973902;1.0;1.0;1.0;-0.012044043;-0.049773533;-0.0023887157;0.00096364896;6.993182e-06;-0.0028450638;1.0003755;1.0003802;1.0000001;0.0023200724;0.0396234;9.132274e-05;-0.000646422;0.0010111872;-0.0009882144;1;0;1
8142694538;8142506050;8142506050;0;-0.037912004;0.06862087;-0.99692225;1.0;1.0;1.0;0.016269216;-0.07706709;-0.0028079152;-0.0010540064;0.00018390985;-0.0021898234;1.0003769;1.0003814;1.0000002;0.0042334027;0.0949932;0.00012615017;-0.0017359626;0.0003444703;-0.00042506555;1;0;1
8143189291;8143000844;8143000844;0;-0.005836067;-0.023108814;-0.9997159;1.0;1.0;1.0;0.023967303;0.03192595;-8.112192e-05;-0.0011577057;-0.0031245723;-0.0017929908;1.0003783;1.000381;1.0000002;0.009187431;0.016302004;1.0467423e-07;-0.0026251918;-0.0016825093;-0.0002096264;1;0;1
8143694545;8143505533;8143505533;0;0.16045007;-0.00869577;-0.98700565;1.0;1.0;1.0;-0.10636447;-0.0007653432;-0.01148361;-0.008596664;-0.0010482059;-0.0030180241;1.0003768;1.0003814;1.0000012;0.18094623;9.36533e-06;0.0021108026;-0.017791113;-0.0023256976;-0.00042497402;1;0;1
8144198836;8144010222;8144010222;0;-0.11618377;0.036339708;-0.99256265;1.0;1.0;1.0;0.021054067;-0.02957128;-0.002878487;0.004393398;-0.013563999;-0.0039819097;1.0003754;1.0003831;1.0000035;0.0070897182;0.013986007;0.00013264742;0.00089859177;-0.012777955;-0.0005984397;1;0;1
8144693652;8144505015;8144505015;0;0.04562793;-0.021999216;-0.9987163;1.0;1.0;1.0;-0.03277561;0.0006306488;-0.0009725094;-0.006149225;0.0053705503;-0.0046969373;1.0003814;1.0003848;1.0000002;0.017181298;6.360325e-06;1.5139809e-05;-0.01064645;0.0113053145;-0.0008459128;1;0;1
8145198313;8145009704;8145009704;0;0.03816565;0.06423489;-0.9972047;1.0;1.0;1.0;-0.033424307;-0.034794286;-0.002350092;0.0004864486;0.0057817847;-0.0029177535;1.0003839;1.000387;1.0000004;0.01786809;0.019362813;8.840275e-05;-0.0012366502;0.011425018;-0.00038249092;1;0;1
8145692976;8145504497;8145504497;0;-0.0023795795;-0.031169392;-0.9995113;1.0;1.0;1.0;-0.008898331;0.011156982;-0.00022482872;-0.0019053317;-0.0008819969;-0.00236472;1.0003859;1.0003897;1.0000002;0.0012663959;0.0019908762;8.083383e-07;-0.004430284;0.0033039225;-0.00023012121;1;0;1
8146197677;8146009187;8146009187;0;0.012011569;0.11201499;-0.99363387;1.0;1.0;1.0;0.0047321077;-0.06619693;-0.0051743984;0.006563175;-0.0025306612;-0.0024151672;1.0003878;1.0003906;1.000001;0.00035814662;0.0700852;0.0004285775;0.006473141;-0.0003165531;-0.00022529744;1;0;1
8146692470;8146503980;8146503980;0;-0.056055903;-0.07217442;-0.9958155;1.0;1.0;1.0;0.061423667;0.05037772;-0.0039322376;0.0015103902;-0.001152057;-0.0023956911;1.0003895;1.000392;1.0000002;0.06034237;0.04059059;0.00024742982;0.0011334033;-0.0008722844;-0.00022433314;1;0;1
8147197524;8147008668;8147008668;0;-0.037317235;0.012108399;-0.99923015;1.0;1.0;1.0;0.02577183;-0.005889983;-0.0006837845;-0.0009017105;-0.0028197032;-0.0015854525;1.00039;1.0003924;1.0000001;0.0106228525;0.00055485923;7.483587e-06;-0.002707982;-0.0016344077;-0.00010710207;1;0;1
8147691917;8147503461;8147503461;0;0.015172462;-0.115709074;-0.9931672;1.0;1.0;1.0;-0.021970812;-0.023137115;0.0028752089;-0.0014581847;-0.0077256886;-0.0013256966;1.0003908;1.0003854;1.0000076;0.0077204485;0.008561885;0.00013239986;-0.0033173028;-0.010000564;-8.751618e-05;1;0;1
8148196627;8148008150;8148008150;0;-0.024897939;-0.20879886;-0.97764164;1.0;1.0;1.0;0.028184112;-0.035195976;0.007867396;-0.0014400642;-0.0031130675;-0.0009000584;1.0003916;1.0003699;1.0000235;0.012704532;0.019812813;0.0009911519;-0.0018673707;-0.0023135613;-0.00025464682;1;0;1
8148691704;8148502943;8148502943;0;-0.017274447;-0.2671519;-0.96349955;1.0;1.0;1.0;0.022001144;-0.012076497;0.0032851696;-0.00016579604;-0.00052925746;-0.0012038202;1.0003924;1.0003632;1.0000306;0.007741767;0.0023326213;0.00017280375;-0.00013134663;-0.00053866964;-0.0003751518;1;0;1
8149196084;8149007632;8149007632;0;0.3688225;-0.20648369;-0.9062751;1.0;1.0;1.0;-0.09830868;-0.038948193;-0.024623752;-0.003550381;-0.002101564;-0.0036371036;1.0003647;1.0003711;1.0000526;0.15457718;0.024265522;0.00970564;-0.012226305;-2.1522676e-05;-0.0030933481;1;0;1
8149700823;8149512320;8149512320;0;0.16900964;-0.21418858;-0.96205974;1.0;1.0;1.0;0.025934637;-0.027831346;0.0115695;-0.0045760446;-0.0011282122;-0.003142923;1.0003794;1.0003726;1.0000381;0.010757604;0.012388286;0.002143205;-0.009380639;-0.000115922994;-0.0021656896;1;0;1
8150195604;8150007113;8150007113;0;0.17843568;-0.33832413;-0.9239576;1.0;1.0;1.0;0.01658614;0.084546626;-0.023433983;-0.0019302309;0.0009837485;-0.002873415;1.0003803;1.0003711;1.0000407;0.0043999273;0.11432857;0.008791164;-0.0041520502;0.0020790214;-0.0019393649;1;0;1
8150690532;8150501906;8150501906;0;-0.02940516;0.26769716;-0.9630543;1.0;1.0;1.0;0.053079866;-0.0712726;-0.017173827;-0.0072080796;0.011976219;-0.007930992;1.0003961;1.0003824;1.0000156;0.045061704;0.08124566;0.0047217235;-0.011076719;0.022163002;-0.0044279634;1;0;1
8151195082;8151006594;8151006594;0;0.071194;0.3034322;-0.9501897;1.0;1.0;1.0;0.034499623;-0.028125495;-0.0053375363;0.0057652136;-0.0075385543;-0.008363658;1.0003922;1.0003687;1.0000347;0.019036118;0.012652406;0.0004560674;0.0054140044;-0.0108625125;-0.0049575404;1;0;1
8151699808;8151511283;8151511283;0;0.2875061;0.214604;-0.9334267;1.0;1.0;1.0;-0.035533905;0.014057159;-0.0069028735;-0.005050918;-0.0066241836;-0.0071980287;1.000372;1.0003798;1.0000461;0.02019502;0.0031608278;0.00076283346;-0.0039720326;-0.011460895;-0.004049544;1;0;1
8152194875;8152006075;8152006075;0;0.22602436;0.1993563;-0.953504;1.0;1.0;1.0;-0.016164199;-0.012736231;-0.006249726;0.0005125055;-0.004240411;-0.0035146272;1.0003804;1.0003885;1.0000315;0.0041789114;0.0025942742;0.00062536664;-0.0010199704;-0.0062286877;-0.0021737935;1;0;1
8152699256;8152510764;8152510764;0;-0.21740311;-0.049880825;-0.9748065;1.0;1.0;1.0;0.072231784;0.03522733;-0.014487267;-0.01835154;-0.0077242795;-0.010369918;1.0003903;1.0004039;1.0000086;0.083446324;0.019847317;0.0033600277;-0.034729883;-0.020054124;-0.006881017;1;0;1
8153194039;8153005556;8153005556;0;-0.2517214;-0.11586657;-0.96083885;1.0;1.0;1.0;-0.024539381;0.07983598;0.00043028593;0.004015734;-0.0026125824;-0.009938009;1.0003694;1.0004033;1.000031;0.009631342;0.10193974;2.981973e-06;0.016846128;-0.001363209;-0.008553705;1;0;1
8153698793;8153510245;8153510245;0;-0.2773247;-0.05510009;-0.95919496;1.0;1.0;1.0;0.022821456;0.039261002;-0.0077447295;0.002333222;-0.0023570366;-0.004687758;1.0003754;1.0004039;1.0000261;0.0083299745;0.024652816;0.0009602888;0.006417006;-0.002689445;-0.0033121996;1;0;1
8154193617;8154005037;8154005037;0;-0.39677104;-0.2636013;-0.8792536;1.0;1.0;1.0;0.061032444;0.029214248;-0.03306377;0.0021163682;0.0033870635;-0.0058852;1.0003574;1.0003817;1.0000675;0.059578054;0.013648522;0.017500885;0.0035316448;0.006860863;-0.0028602306;1;0;1
8154698208;8154509725;8154509725;0;-0.28959504;-0.16017786;-0.9436513;1.0;1.0;1.0;0.022405744;-0.0723083;0.00846827;-0.0007904992;-0.0021882586;-0.0019948957;1.0003754;1.0003823;1.0000507;0.0080292635;0.08362519;0.001148426;-0.00035207605;-0.0010325351;-0.0010698987;1;0;1
8155192975;8155004517;8155004517;0;-0.24076661;-0.11755032;-0.9634383;1.0;1.0;1.0;0.0077037215;-0.05159787;0.005797565;5.035e-05;-0.0047717607;-0.0014522981;1.0003837;1.0003933;1.0000336;0.00094919297;0.042580895;0.00053827884;0.0019783194;-0.0035977478;-0.001293105;1;0;1
8155698177;8155509206;8155509206;0;-0.26563713;-0.14579807;-0.95298475;1.0;1.0;1.0;0.016397133;-0.026215658;-5.8233738e-05;0.00131488;-0.0030697624;-0.0017485963;1.0003821;1.0003933;1.0000373;0.004300213;0.010992073;5.392397e-08;0.0032146017;-0.00038307207;-0.0010748644;1;0;1
8156193053;8156003998;8156003998;0;-0.055335894;0.057678044;-0.9968004;1.0;1.0;1.0;-0.0011228658;-0.053862453;-0.0015972257;0.016960215;0.0043406077;-0.007458378;1.0004076;1.0004061;1.0000013;2.0165024e-05;0.046399776;4.0818024e-05;0.025003377;0.0064900517;-0.0035858646;1;0;1
8156697136;8156508686;8156508686;0;-0.2333979;0.3338151;-0.9132868;1.0;1.0;1.0;0.081849575;-0.020534068;-0.02419579;-0.009289736;0.005930374;-0.008531471;1.0004008;1.0003678;1.0000494;0.1071467;0.0067427913;0.009372102;-0.0150610525;0.013872416;-0.0029910156;1;0;1
8157191936;8157003478;8157003478;0;-0.19091779;0.26357058;-0.9455585;1.0;1.0;1.0;-0.015742853;0.031821877;0.012797058;-0.003060447;-0.0034585262;-0.006672332;1.0003932;1.0003726;1.0000532;0.00396384;0.01619568;0.002622073;-0.004027772;-0.0015220527;-0.0037026617;1;0;1
8157696726;8157508166;8157508166;0;-0.23385292;0.35185325;-0.90637314;1.0;1.0;1.0;0.01161623;-0.06191528;-0.024503827;0.0020139096;-0.0046883198;-0.0051665534;1.0003911;1.0003744;1.0000548;0.0021581447;0.061312485;0.009612737;0.0014022461;-0.0032695225;-0.0025574113;1;0;1
8158191502;8158002958;8158002958;0;-0.2641032;0.23307268;-0.9359095;1.0;1.0;1.0;0.067394584;-0.07666956;-0.03198725;0.0067835525;-0.012333683;-0.0065336498;1.0003965;1.0003994;1.0000261;0.072643675;0.09401221;0.01638077;0.0058520995;-0.014716975;-0.002798063;1;0;1
8158696425;8158507646;8158507646;0;0.4067419;-0.23804893;-0.8819828;1.0;1.0;1.0;-0.14074707;0.0062328726;-0.053687155;-0.006398456;0.008265623;-0.012492772;1.0003849;1.0003889;1.0000516;0.31683385;0.00062066637;0.046140604;-0.008891172;0.011313771;-0.0059697097;1;0;1
8159190948;8159002438;8159002438;0;0.26312795;-0.22300932;-0.93863225;1.0;1.0;1.0;-0.03632702;-0.035737604;-0.00030952692;-0.005250619;0.0032990787;-0.006554992;1.0003945;1.000385;1.0000491;0.02110611;0.020427944;1.5292952e-06;-0.007416103;0.004871441;-0.0029081656;1;0;1
8159695651;8159507125;8159507125;0;-0.03578143;0.108861014;-0.9934128;1.0;1.0;1.0;0.037692126;0.03349319;0.003596902;0.0135235125;0.0052959453;-0.008056786;1.000417;1.0004061;1.0000083;0.022721667;0.01794135;0.00020722797;0.020501094;0.007542878;-0.004031948;1;0;1
8160200320;8160011814;8160011814;0;0.070325576;0.28871426;-0.954829;1.0;1.0;1.0;0.04243987;-0.01035738;0.0009928942;-0.0009422552;-0.008210724;-0.0080464585;1.0004127;1.0003842;1.0000374;0.028806392;0.0017159435;1.5799355e-05;0.0011394692;-0.014085302;-0.004459281;1;0;1
8160695092;8160506605;8160506605;0;0.061615616;0.12975593;-0.9896296;1.0;1.0;1.0;-0.0002990812;0.07403183;0.012530446;0.0036828392;-0.0012831008;-0.0036127865;1.0004175;1.000401;1.0000188;1.430596e-06;0.0876562;0.0025145845;0.0034857471;-0.0019404991;-0.0019469674;1;0;1
8161189867;8161001397;8161001397;0;0.058925465;0.21295737;-0.975283;1.0;1.0;1.0;0.011103421;-0.025895447;-0.0045641065;-0.00048171246;-0.0016554866;-0.0027041824;1.0004182;1.0004056;1.0000167;0.001971751;0.010724886;0.00033355274;-0.00046441102;-0.0014005434;-0.0010926949;1;0;1
8161694777;8161506084;8161506084;0;0.17058755;0.24883065;-0.95340604;1.0;1.0;1.0;-0.106158346;-0.09834112;-0.033094764;-0.007199079;-0.010726655;-0.0048556663;1.0004197;1.0004126;1.0000112;0.18023786;0.1546697;0.017533615;-0.011508389;-0.018098334;-0.0022077067;1;0;1
8162199292;8162010772;8162010772;0;-0.44465253;0.014809573;-0.8955807;1.0;1.0;1.0;0.065323174;-0.0345094;-0.02946186;0.009149487;0.0026679775;-0.010871656;1.0003623;1.0004228;1.0000609;0.06824914;0.019046698;0.013896108;0.013101638;0.012103358;-0.0060780677;1;0;1
8162694020;8162505564;8162505564;0;-0.31370658;0.08434205;-0.9457666;1.0;1.0;1.0;0.0023179352;-0.09990308;-0.004388809;-0.000522235;-0.0028802673;-0.0037791734;1.0003836;1.000423;1.0000414;8.593221e-05;0.1596225;0.00030814848;0.0007653887;-0.0023994425;-0.002245405;1;0;1
8163198837;8163010251;8163010251;0;-0.2967793;-0.17232914;-0.9392682;1.0;1.0;1.0;-0.03827429;-0.024934217;0.017943323;0.0011724227;0.007641038;-0.007119873;1.0003787;1.0004071;1.000064;0.023429865;0.009942492;0.005155046;0.00023448032;0.015100121;-0.0029926454;1;0;1
8163693626;8163505043;8163505043;0;-0.25228587;-0.20061582;-0.9466283;1.0;1.0;1.0;0.037498027;-0.04319498;0.00088840723;0.01299036;-0.0018971182;-0.0064838645;1.0004083;1.0003989;1.0000448;0.022488452;0.02984219;1.26548375e-05;0.012656587;0.0006755461;-0.0027911807;1;0;1
8164198178;8164009730;8164009730;0;0.1724073;-0.33712944;-0.92553735;1.0;1.0;1.0;0.027665287;0.01234743;0.0011514425;-0.0051366473;0.0010728759;-0.0065005175;1.0004123;1.0003806;1.0000621;0.012240842;0.0024387105;2.1235965e-05;-0.006490785;0.0029735153;-0.0035848236;1;0;1
8164692973;8164504522;8164504522;0;0.30148426;-0.2657173;-0.91569734;1.0;1.0;1.0;0.021352023;0.026260242;3.4868717e-05;-0.00082596706;0.004159825;-0.004458982;1.0003861;1.0004029;1.0000695;0.007291727;0.011029749;1.9651905e-08;-0.0012647581;0.0048379977;-0.0024483225;1;0;1
8165197984;8165009209;8165009209;0;0.28133798;-0.13365911;-0.95025486;1.0;1.0;1.0;0.09477824;0.046484917;0.02777946;-0.0031004376;0.0013068954;-0.004282272;1.0003715;1.0004263;1.0000645;0.14367327;0.034560766;0.012357612;-0.0047747274;0.00022332626;-0.0027997713;1;0;1
8165692451;8165504000;8165504000;0;0.031747743;0.21375242;-0.9763718;1.0;1.0;1.0;0.04587006;0.0046248734;0.003597021;-0.004712463;0.0056407745;-0.0052307416;1.0004315;1.000411;1.0000231;0.033650476;0.00034203994;0.00020723179;-0.009434614;0.0055261618;-0.0034636674;1;0;1
8166197156;8166008688;8166008688;0;-0.019068545;0.020408647;-0.9996098;1.0;1.0;1.0;-0.07906832;0.05650849;0.0074085593;0.008232084;-0.02139783;-0.014520856;1.0004306;1.0004305;1.0000068;0.09998573;0.051069017;0.00087942596;0.009728251;-0.034008846;-0.00990306;1;0;1
8166692220;8166503479;8166503479;0;-0.0062226835;0.08932041;-0.9959835;1.0;1.0;1.0;-0.036136728;-0.083925486;-0.0031049252;-5.8661277e-05;-0.005226052;-0.0075423634;1.0004356;1.0004345;1.0000007;0.020884713;0.11264678;0.00015419556;0.0016022397;-0.0044306116;-0.003962645;1;0;1
8167196612;8167008166;8167008166;0;-0.07888805;0.03089343;-0.99640465;1.0;1.0;1.0;0.06962348;-0.0107135475;-0.0033483505;0.0018427237;0.0009023525;-0.0040637767;1.000438;1.0004357;1.0000002;0.07752491;0.0018356952;0.00017943427;0.001027712;0.0016113959;-0.0015464749;1;0;1
8167691422;8167502957;8167502957;0;-0.07392119;-0.010014616;-0.99721384;1.0;1.0;1.0;0.068342134;4.197657e-05;-0.002720654;0.0019048214;0.002007009;-0.0027863642;1.0004392;1.0004367;1.0;0.074697554;2.8177714e-08;0.00011845209;0.00051688676;0.0016005506;-0.00065538427;1;0;1
8168196533;8168007644;8168007644;0;0.05195324;0.0012133989;-0.9986488;1.0;1.0;1.0;-0.041246526;-0.013369755;-0.001219809;-0.0016096345;-0.0034729436;-0.0021927778;1.0004381;1.0004362;1.0000001;0.027208496;0.0028587724;2.3811595e-05;-0.0026036783;-0.0040475386;-0.00030527826;1;0;1
8168691616;8168502436;8168502436;0;0.012742398;-0.050911326;-0.99862194;1.0;1.0;1.0;-0.00052023865;0.036585223;-0.0012005568;-0.0005304742;-0.008157026;-0.0018492101;1.0004344;1.0004336;1.0000001;4.3284917e-06;0.021406371;2.306825e-05;2.2018316e-06;-0.008440071;-0.00016894979;1;0;1
8169195570;8169007123;8169007123;0;-0.043208994;-0.0007013123;-0.9990658;1.0;1.0;1.0;0.043521393;0.026237903;-0.000608325;-0.007086626;-0.004440059;-0.0030277544;1.0004312;1.0004296;1.0000002;0.030292725;0.011010145;5.9151475e-06;-0.010702851;-0.0054323226;-0.0003522656;1;0;1
8169700276;8169511810;8169511810;0;-0.040050477;0.025638971;-0.99886864;1.0;1.0;1.0;0.013903685;-0.051123485;-0.00046497583;0.0037964792;-0.0063652326;-0.0033144823;1.00043;1.000428;1.0000006;0.0030916699;0.041799884;3.4539191e-06;0.00645895;-0.004574381;-0.00045238857;1;0;1
8170195100;8170006600;8170006600;0;-0.03575365;0.074292354;-0.9965954;1.0;1.0;1.0;0.009729356;-0.03397241;-0.0022518039;-0.009076462;-0.0043155006;-0.003385258;1.0004306;1.0004283;1.0000011;0.001513914;0.018458083;8.1181395e-05;-0.016827269;-0.0034291549;-0.00044087748;1;0;1
8170699796;8170511287;8170511287;0;-0.012077535;-0.058764726;-0.99819875;1.0;1.0;1.0;0.016635718;0.017769318;-0.0009498596;0.004695389;9.512603e-05;-0.003174656;1.0004321;1.0004305;1.0000007;0.004426041;0.0050497944;1.4444783e-05;0.0016038383;0.0012261205;-0.0003779502;1;0;1
8171194528;8171006078;8171006078;0;-0.035693284;0.03377549;-0.9987919;1.0;1.0;1.0;-0.016283445;-0.004353266;0.00057679415;0.0012892444;-0.0065357056;-0.002939246;1.0004318;1.000433;1.0000015;0.0042405785;0.00030308255;5.3285576e-06;-0.0022281487;-0.007124721;-0.00029808318;1;0;1
8171699544;8171510765;8171510765;0;0.009912536;0.03710597;-0.9992622;1.0;1.0;1.0;-0.050844643;-0.026297737;0.0001578927;-0.0054457774;-0.00016096536;-0.002182518;1.0004319;1.000434;1.0000008;0.04134499;0.011060306;4.031087e-07;-0.005664249;0.00031350303;-0.00020468901;1;0;1
8172194228;8172005556;8172005556;0;-0.34305766;0.02417504;-0.9390032;1.0;1.0;1.0;0.011190385;-0.003861554;-0.0041025877;0.00988427;-0.0081599215;-0.008017662;1.0003846;1.000433;1.0000478;0.002002825;0.00023847933;0.00026948238;0.0072035226;-0.0061768037;-0.0031613423;1;0;1
8172698695;8172510243;8172510243;0;-0.3016476;0.0018355221;-0.9534177;1.0;1.0;1.0;0.08011316;0.02274191;-0.021417916;0.017805586;-0.00063866394;-0.00854523;1.0004107;1.0004318;1.0000215;0.10264774;0.008271572;0.0073443796;0.02434262;0.00026035507;-0.0040643746;1;0;1
8173193781;8173005033;8173005033;0;0.40404937;-0.0022734182;-0.9147343;1.0;1.0;1.0;-0.0051982403;-0.050581794;-0.0007571578;-0.023725485;-0.005833796;-0.031038485;1.0003631;1.0004306;1.0000699;0.0004321903;0.0409187;9.164745e-06;-0.057437852;-0.006040264;-0.038159847;1;0;1
8173698417;8173509720;8173509720;0;-0.050258517;0.0043493067;-0.9987267;1.0;1.0;1.0;0.028682852;0.022381209;-0.00068306923;0.012846208;-0.014271334;-0.01602742;1.0004314;1.0004314;1.0000005;0.01315762;0.008011216;7.4666364e-06;0.0072459257;-0.01766868;-0.01618822;1;0;1
8174193223;8174004511;8174004511;0;0.15451239;0.09897967;-0.9830203;1.0;1.0;1.0;0.025568902;-0.07383378;-0.00031113625;0.012041523;-0.011579095;-0.007555713;1.0004175;1.0004314;1.0000142;0.010455935;0.08718543;1.5370242e-06;0.009428773;-0.01758563;-0.006411171;1;0;1
8174697647;8174509197;8174509197;0;0.18683815;0.041872494;-0.98149794;1.0;1.0;1.0;0.052080244;-0.033964794;0.01048547;-0.0021480052;-0.0038914848;-0.0060373563;1.0004066;1.0004317;1.0000247;0.04337999;0.018449835;0.0017607784;-0.005660133;-0.006591542;-0.003826346;1;0;1
8175192484;8175003988;8175003988;0;0.2372467;0.021064453;-0.97122097;1.0;1.0;1.0;-0.03089884;-0.032615244;-0.007187009;-0.010751572;-0.006083751;-0.0061673;1.0004125;1.0004313;1.0000184;0.015269514;0.01701273;0.0008270102;-0.018155571;-0.0053424984;-0.0032012959;1;0;1
8175697206;8175508674;8175508674;0;-0.47026828;0.084277175;-0.87849015;1.0;1.0;1.0;0.120965004;-0.07414707;-0.05844736;0.016942997;-0.011276216;-0.018423006;1.000378;1.0004305;1.0000526;0.23403205;0.087926544;0.054687183;0.038036373;-0.013229371;-0.015452757;1;0;1
8176192031;8176003465;8176003465;0;-0.2280089;-0.12361387;-0.96578026;1.0;1.0;1.0;0.021521091;-0.037699126;0.0007195473;0.0061320504;-0.019026285;-0.0073583177;1.0004119;1.0004184;1.0000293;0.007407467;0.022730524;8.298832e-06;0.016399965;-0.024527926;-0.006147597;1;0;1
8176696595;8176508151;8176508151;0;-0.10276263;-0.11280511;-0.98828894;1.0;1.0;1.0;0.034362487;0.0014233291;-0.0031308532;0.0048526577;0.010674748;-0.008812715;1.0004286;1.0004237;1.0000073;0.018884396;3.2393342e-05;0.00015694225;0.010649002;0.012953597;-0.0048422394;1;0;1
8177191387;8177002941;8177002941;0;-0.016275823;0.2358839;-0.97164494;1.0;1.0;1.0;0.018349223;-0.050271943;-0.010972083;0.0056722313;-0.013231692;-0.0071834344;1.0004299;1.000414;1.0000147;0.005384789;0.04041963;0.0019275178;0.008931428;-0.01761812;-0.0029162327;1;0;1
8177696242;8177507627;8177507627;0;-0.02411265;0.2555906;-0.9664843;1.0;1.0;1.0;0.018830534;-0.0442432;-0.010908425;-0.00056276965;-0.016377242;-0.0066787484;1.0004288;1.0004094;1.0000192;0.0056709927;0.031306602;0.0019052575;-0.00055198243;-0.02192142;-0.0026087898;1;0;1
8178190963;8178002418;8178002418;0;0.051849954;-0.17576666;-0.98306537;1.0;1.0;1.0;-0.014235862;-0.015421197;0.002231896;-0.0009630046;0.007841795;-0.0130783385;1.0004283;1.0004127;1.0000163;0.0032411676;0.0038034653;7.9764315e-05;0.00060227193;0.013505187;-0.0060666683;1;0;1
8178695572;8178507104;8178507104;0;0.056403767;0.111934744;-0.99211353;1.0;1.0;1.0;-0.046520915;-0.03433527;-0.004820764;0.0065191127;0.007799676;-0.0061494634;1.0004292;1.0004258;1.0000026;0.034612276;0.01885447;0.00037203758;0.0065711034;0.010101067;-0.002355269;1;0;1
8179190398;8179001894;8179001894;0;0.020179503;0.22894107;-0.97323114;1.0;1.0;1.0;-0.018466298;-0.008396089;-0.0021434426;0.0048092986;-0.008012993;-0.006015479;1.0004286;1.0004077;1.0000209;0.005453729;0.0011274454;7.355298e-05;0.0027656208;-0.011022016;-0.0022560544;1;0;1
8179695947;8179506580;8179506580;0;0.023493469;0.15004098;-0.98840064;1.0;1.0;1.0;-0.024259416;0.04696448;0.007994592;0.0068759606;-0.009125406;-0.0050498294;1.0004276;1.0004121;1.0000167;0.009412283;0.035276107;0.0010236056;0.0067294855;-0.013159954;-0.0019209898;1;0;1
8180200005;8180011266;8180011266;0;-0.02788552;0.24374227;-0.96943915;1.0;1.0;1.0;-0.0046082344;-0.04766877;-0.01060766;0.0051999157;-0.008929835;-0.004344933;1.0004267;1.0004122;1.0000169;0.00033962828;0.03634203;0.0018016642;0.0058528655;-0.01074205;-0.0014341564;1;0;1
8180694660;8180506056;8180506056;0;0.022000967;0.20604023;-0.97829616;1.0;1.0;1.0;-0.015398201;-0.030183166;-0.006095171;0.0022672494;-0.002552532;-0.0024155707;1.0004268;1.0004158;1.0000132;0.003792055;0.014570275;0.00059485174;0.0038671368;-0.002686424;-0.0007124258;1;0;1
8181199296;8181010742;8181010742;0;-0.08346843;-0.32269788;-0.9428144;1.0;1.0;1.0;0.06401505;0.13760188;-0.039702177;0.011949023;-0.011162144;-0.00937748;1.0004267;1.0004147;1.0000149;0.06553887;0.30282208;0.025234068;0.019782778;-0.01701373;-0.0038624827;1;0;1
8181694094;8181505532;8181505532;0;-0.06336184;-0.093897626;-0.9935636;1.0;1.0;1.0;0.012381844;0.0056010485;-0.0012246966;0.0042064264;0.00014833511;-0.006883549;1.0004265;1.0004264;1.0000045;0.0024519153;0.0005017273;2.4016692e-05;0.005949539;0.0034078953;-0.002765377;1;0;1
8182198705;8182010218;8182010218;0;-0.006787168;0.23992766;-0.9707671;1.0;1.0;1.0;0.005113097;0.010631189;0.0026660562;-0.0018493958;0.0044352864;-0.0059878463;1.0004282;1.0004034;1.0000271;0.0004181211;0.0018076154;0.00011381416;-0.000578188;-0.015230657;-0.0059669386;1;0;1
8182693457;8182505008;8182505008;0;0.085461706;-0.095271744;-0.991776;1.0;1.0;1.0;-0.05332941;0.057415873;-0.006988764;0.00195343;0.0041407016;-0.011940944;1.0004278;1.0004305;1.0000011;0.045484953;0.05272266;0.0007818709;0.007106748;-0.015727123;-0.008888455;1;0;1
8183198164;8183009693;8183009693;0;0.19980514;0.007821158;-0.9798045;1.0;1.0;1.0;-0.06571098;-0.022148805;-0.01105684;0.0007692467;-0.008944658;-0.008897883;1.000421;1.0004315;1.0000077;0.06905784;0.007845735;0.00195731;0.00030010362;-0.015861861;-0.004638313;1;0;1
8183693040;8183504483;8183504483;0;0.26742816;-0.09470437;-0.9589126;1.0;1.0;1.0;-0.0042453706;0.051213555;-0.004851222;-0.026431687;-0.0036923091;-0.021167198;1.0003995;1.0004312;1.0000305;0.00028825557;0.041947115;0.00037675104;-0.092477955;-0.006661831;-0.0270321;1;0;1
8184197621;8184009169;8184009169;0;0.16578527;-0.33618644;-0.9270889;1.0;1.0;1.0;-0.054939955;0.15884642;-0.05078405;0.0065879673;0.002212181;-0.020047147;1.0004245;1.0004187;1.000019;0.048273887;0.4035436;0.04128698;0.0052090366;0.018689621;-0.017637854;1;0;1
8184692502;8184503959;8184503959;0;-0.38034716;0.14702171;-0.913083;1.0;1.0;1.0;0.07203695;-0.06324309;-0.034495294;0.016955063;-0.013470754;-0.023512853;1.0003892;1.0004295;1.000044;0.08299685;0.06396598;0.019050337;0.021739433;-0.01228271;-0.017669221;1;0;1
8185197094;8185008644;8185008644;0;-0.44727245;0.18760367;-0.87450105;1.0;1.0;1.0;0.20893548;-0.057368696;-0.08788556;-0.0053490507;-0.0077717584;-0.021924654;1.0004063;1.0004257;1.0000318;0.6981809;0.052631322;0.12364489;-0.018120393;-0.0026836537;-0.01700493;1;0;1
8185691939;8185503434;8185503434;0;-0.12835854;0.22310685;-0.96630603;1.0;1.0;1.0;0.057726547;-0.07527557;-0.020174682;-0.01839124;-0.006614382;-0.019739699;1.000429;1.0004241;1.0000117;0.0532948;0.09062361;0.006516404;-0.0462353;0.0071579046;-0.012319009;1;0;1
8186196873;8186008119;8186008119;0;0.34573328;0.01944343;-0.9381314;1.0;1.0;1.0;-0.1056896;0.01782883;-0.03190458;-0.02868619;-0.007687545;-0.035816077;1.0004071;1.0004342;1.0000255;0.17865193;0.0050839395;0.016296608;-0.097248934;-0.020491073;-0.05018404;1;0;1
8186691545;8186502909;8186502909;0;0.10016638;0.26637176;-0.95865154;1.0;1.0;1.0;-0.01955378;-0.06735897;-0.018017828;0.0036218087;-0.0001678307;-0.015042584;1.0004293;1.0004178;1.00002;0.00611498;0.07256503;0.005197882;-0.016990317;-0.019562343;-0.020634087;1;0;1
8187196043;8187007594;8187007594;0;0.15250169;0.4233049;-0.89306;1.0;1.0;1.0;-0.017312989;-0.19380285;-0.070794165;0.00024151406;-0.0013565216;-0.019835649;1.000424;1.0004125;1.0000308;0.0047938004;0.6007035;0.08023112;-0.0052935206;-0.010079219;-0.01906569;1;0;1
8187700778;8187512279;8187512279;0;0.038236223;0.080358416;-0.99603236;1.0;1.0;1.0;-0.043096315;-0.07141525;-0.0039156675;0.0056147985;0.0019183792;-0.01433503;1.0004315;1.000435;1.0;0.02970386;0.08156675;0.0002453491;0.009511724;-0.004309412;-0.011663066;1;0;1
8188199234;8188007069;8188007069;0;0.022979125;0.035953067;-0.99908924;1.0;1.0;1.0;-0.037437234;-0.03352375;-0.0008034706;0.011557863;0.0022024617;-0.015862362;1.0004319;1.000435;1.0000001;0.022415064;0.017973656;1.0324443e-05;0.022309337;0.004957396;-0.010580366;1;0;1
8188690408;8188501858;8188501858;0;0.2696545;0.01851761;-0.9627791;1.0;1.0;1.0;-0.10949607;0.03447012;-0.022882342;-0.02823272;0.01166577;-0.021482116;1.0004213;1.000434;1.0000123;0.19174945;0.019003175;0.008382367;-0.07593099;0.018864732;-0.018176703;1;0;1
8189195002;8189006543;8189006543;0;0.0883599;-0.2334069;-0.9683562;1.0;1.0;1.0;-0.058381893;0.17054951;-0.029210627;0.0052587837;-0.0020514387;-0.024121867;1.0004314;1.0004336;1.0000021;0.05451161;0.46519214;0.013657213;-0.002643932;-0.01696522;-0.021546207;1;0;1
8189699983;8189511228;8189511228;0;0.018488219;-0.032473546;-0.9993016;1.0;1.0;1.0;-0.01987128;0.029963665;-0.0006942153;0.00067698065;-0.0035446163;-0.01128463;1.0004323;1.0004358;1.0;0.0063151545;0.014358886;7.712282e-06;-0.0012594811;-0.00907555;-0.008361219;1;0;1
8190194571;8190006017;8190006017;0;0.23669513;0.07461417;-0.96871465;1.0;1.0;1.0;-0.09140861;-0.039510608;-0.020045757;-0.00947945;-0.019844702;-0.0144191235;1.0004245;1.0004363;1.0000097;0.13363181;0.024966178;0.006433233;-0.020322168;-0.05110518;-0.008434037;1;0;1
8190699173;8190510702;8190510702;0;-0.3989564;0.08103518;-0.9133823;1.0;1.0;1.0;0.15108934;-0.041731313;-0.054597557;0.028448757;0.012721627;-0.024994595;1.0004094;1.0004365;1.0000274;0.36509836;0.027851315;0.04772204;0.08596318;0.007810048;-0.023408389;1;0;1
8191194224;8191005492;8191005492;0;0.02478231;0.3374699;-0.94101006;1.0;1.0;1.0;0.09561177;-0.12552907;-0.028822124;0.0082764365;-0.0164853;-0.019388072;1.0004313;1.0004178;1.000026;0.14620271;0.25202042;0.013297085;0.019806668;-0.03285913;-0.013224144;1;0;1
8191699231;8191510176;8191510176;0;-0.2237363;-0.09314683;-0.9701885;1.0;1.0;1.0;0.03829877;0.03371613;-0.010664821;-0.020529462;0.025462111;-0.01841473;1.0004234;1.0004345;1.0000166;0.0234588;0.018180296;0.001821127;-0.024937812;0.05930356;-0.010118908;1;0;1
8192193972;8192004965;8192004965;0;0.36116183;-0.031963028;-0.93195516;1.0;1.0;1.0;-0.16350836;-0.015091348;-0.04717332;-0.006640196;-0.017060233;-0.025982857;1.0004188;1.0004313;1.0000179;0.42758065;0.0036427372;0.035624858;-0.017641405;-0.033774663;-0.018422117;1;0;1
8192698133;8192509650;8192509650;0;-0.10109941;0.12267465;-0.98728406;1.0;1.0;1.0;0.024633452;-0.07925203;-0.008839905;-0.0008266289;-0.01875227;-0.017546631;1.0004287;1.0004269;1.0000033;0.009704751;0.10045117;0.0012509394;-0.012031964;-0.034518406;-0.011661632;1;0;1
8193192925;8193004439;8193004439;0;0.08747932;-0.34972635;-0.93275875;1.0;1.0;1.0;0.007439941;0.12339291;-0.03664404;0.00056825834;-0.0054570055;-0.0119168945;1.0004245;1.0004035;1.0000256;0.0008852678;0.243515;0.021497164;-0.012442196;0.012938307;-0.011090815;1;0;1
8193697713;8193509124;8193509124;0;-0.04430866;0.23894583;-0.97002155;1.0;1.0;1.0;0.14527467;-0.13120434;-0.019017518;0.010091692;-0.0058526807;-0.014987275;1.0004227;1.0004202;1.0000093;0.33753297;0.27532107;0.0057864566;0.015818063;0.013113806;-0.013193736;1;0;1
8194192516;8194003913;8194003913;0;-0.16059032;0.1940473;-0.9677584;1.0;1.0;1.0;0.070390195;-0.031510696;-0.014807701;-0.004878331;0.005760609;-0.010038988;1.0004228;1.0004151;1.0000148;0.07924297;0.015879845;0.003510496;-0.015120352;0.012572573;-0.0067234854;1;0;1
8194697119;8194508597;8194508597;0;0.05786083;-0.20012264;-0.97806084;1.0;1.0;1.0;-0.10830359;0.080287054;-0.013448894;0.024916826;-0.0003402997;-0.024530983;1.0004255;1.0004226;1.0000073;0.18759488;0.10309365;0.0028947126;0.070149764;0.00090879365;-0.022877177;1;0;1
8195201907;8195013282;8195013282;0;-0.30032262;0.17291933;-0.9380327;1.0;1.0;1.0;0.19611728;-0.19495125;-0.05627215;0.02037171;-0.028084407;-0.026078006;1.0004237;1.0004312;1.0000049;0.6151312;0.60783565;0.050676975;0.042144183;-0.06584454;-0.02120703;1;0;1
8195696717;8195508071;8195508071;0;-0.07315289;0.11676043;-0.99046236;1.0;1.0;1.0;0.053802896;-0.060578216;-0.00776881;-0.016247014;-0.0043037683;-0.02992929;1.0004295;1.000431;1.0000015;0.046296142;0.05869014;0.00096612837;-0.031380486;0.0048529645;-0.028642291;1;0;1
8196191406;8196002860;8196002860;0;0.090679534;-0.15058692;-0.9844292;1.0;1.0;1.0;-0.12549357;0.07667117;-0.01222688;0.017986098;-0.018037772;-0.021321667;1.0004286;1.0004289;1.0000029;0.25187024;0.094015256;0.0023921719;0.04483905;-0.025095977;-0.017403772;1;0;1
8196696038;8196507544;8196507544;0;-0.12120018;0.08632169;-0.9888676;1.0;1.0;1.0;0.10497886;-0.06476121;-0.010767043;0.0018275145;-0.011920762;-0.013026382;1.0004275;1.0004288;1.0000004;0.17625363;0.067075215;0.001855298;0.005735006;-0.00780448;-0.008172022;1;0;1
8197190794;8197002333;8197002333;0;-0.02815293;0.043962404;-0.9986364;1.0;1.0;1.0;0.02427858;-0.03861966;-0.0013415813;-0.0024920022;-0.0064810137;-0.0067046997;1.0004255;1.000427;1.0;0.00942718;0.023853432;2.8805125e-05;-0.0013468566;-0.006814834;-0.0032324202;1;0;1
8197696022;8197507017;8197507017;0;-0.0020559363;0.07789668;-0.9969593;1.0;1.0;1.0;0.016229283;-0.080397;-0.002937317;0.0027271605;-0.010608148;-0.0043708687;1.0004234;1.000425;1.0000001;0.0042124507;0.103374854;0.00013802286;0.002505548;-0.017082755;-0.0013993845;1;0;1
8198200197;8198011702;8198011702;0;-0.11472416;0.018818095;-0.99321914;1.0;1.0;1.0;0.1033275;-0.0198503;-0.0067148805;0.004622034;-0.011364952;-0.0033859862;1.0004219;1.0004233;1.0;0.17075312;0.0063018193;0.0007215364;0.0079499455;-0.017530315;-0.00066261925;1;0;1
8198694983;8198506490;8198506490;0;0.007243286;-0.030079702;-0.9995213;1.0;1.0;1.0;-0.0047293957;0.027154613;-0.00047123432;0.0030019116;-0.0080447905;-0.002767394;1.0004206;1.0004219;1.0;0.0003577245;0.0117929885;3.5538874e-06;0.0060433266;-0.012381347;-0.00037299763;1;0;1
8199190023;8199001279;8199001279;0;-0.095897704;-0.047183804;-0.99427223;1.0;1.0;1.0;0.09415622;0.047872122;-0.00572598;0.00509038;-0.009942324;-0.0026038855;1.0004193;1.0004206;1.0;0.14178686;0.036652565;0.0005245677;0.0074022408;-0.015034316;-0.00024904773;1;0;1
8199694530;8199505963;8199505963;0;-0.01568456;0.0038356618;-0.9998696;1.0;1.0;1.0;0.0104464255;0.014072804;4.36306e-05;0.0027017565;-0.010996386;-0.0025410703;1.0004182;1.0004194;1.0000001;0.0017453149;0.0031673769;3.0458065e-08;0.004545946;-0.00999997;-0.00019536952;1;0;1
8200199176;8200010647;8200010647;0;-0.05361966;0.035868574;-0.997917;1.0;1.0;1.0;0.05498339;-0.033142023;-0.0020783544;0.00041330428;-0.006455848;-0.0027270466;1.0004172;1.0004185;1.0;0.048350595;0.017566891;6.911291e-05;0.004152981;-0.004854633;-0.00023951287;1;0;1
8200693978;8200505436;8200505436;0;0.019655652;-0.0023989659;-0.99980396;1.0;1.0;1.0;-0.025912173;-0.0017400417;-0.00016790628;0.004446567;-0.011325537;-0.0027589113;1.0004164;1.0004177;1.0;0.0107385805;4.8425016e-05;4.5108033e-07;0.0089669125;-0.014116542;-0.0002892936;1;0;1
8201198571;8201010120;8201010120;0;-0.046522833;-0.020310214;-0.99871075;1.0;1.0;1.0;0.054191824;0.024934804;-0.0012493134;0.0023335472;-0.0073676943;-0.0020258087;1.0004158;1.0004171;1.0;0.046968535;0.009943803;2.496301e-05;0.0055720583;-0.010030565;-0.00014995578;1;0;1
8201693355;8201504908;8201504908;0;-0.041161396;0.0075493576;-0.99912405;1.0;1.0;1.0;0.021362534;-0.01508588;-0.00065129995;5.873323e-05;-0.012024898;-0.0024020164;1.0004151;1.0004164;1.0000002;0.007298696;0.0036398165;6.792034e-06;-7.555042e-05;-0.016960502;-0.00017364795;1;0;1
8202198049;8202009592;8202009592;0;-0.1998694;0.065590605;-0.9776247;1.0;1.0;1.0;-0.03259535;-0.037512943;0.005422771;0.0081858905;-0.016252685;-0.0051504965;1.0003924;1.0004157;1.0000228;0.016992643;0.022506304;0.00047093726;0.009652124;-0.018475471;-0.0014198613;1;0;1
8202692847;8202504380;8202504380;0;-0.2064686;-0.038830068;-0.9776824;1.0;1.0;1.0;-0.013113514;0.05146626;0.0021688342;0.0030258351;-0.0065140054;-0.0033824495;1.0003947;1.0004157;1.00002;0.0027503422;0.04236277;7.5355136e-05;0.007131849;-0.009841193;-0.0013595292;1;0;1
8203197551;8203009064;8203009064;0;-0.25720075;0.028194556;-0.96594656;1.0;1.0;1.0;0.044345215;-0.031888;-0.011126399;0.007841104;-0.0070206802;-0.0048515694;1.0003957;1.0004157;1.0000187;0.031451527;0.01626278;0.0019820484;0.011480734;-0.011760964;-0.0019753997;1;0;1
8203692341;8203503853;8203503853;0;0.3818513;-0.041410178;-0.9232956;1.0;1.0;1.0;-0.00090143085;-0.005127277;-0.00012809038;-0.011770774;-0.007934004;-0.022554785;1.0003543;1.0004145;1.000061;1.29966365e-05;0.00042044866;2.6274267e-07;-0.030269925;-0.009620742;-0.022489812;1;0;1
8204197570;8204008536;8204008536;0;-0.33701432;0.10378778;-0.9357614;1.0;1.0;1.0;0.07099292;-0.050001804;-0.026695311;0.006531906;-0.010098895;-0.020114092;1.0003852;1.000414;1.0000305;0.08060886;0.039985675;0.011409371;0.01156642;-0.014071953;-0.017111897;1;0;1
8204692223;8204503325;8204503325;0;0.07819312;0.3541778;-0.93190336;1.0;1.0;1.0;-0.037979145;-0.111947164;-0.037470043;-0.012632759;-0.00064818317;-0.018068608;1.0004134;1.0003906;1.000025;0.02306911;0.20043585;0.02247737;-0.037607033;0.012125113;-0.0121952;1;0;1
8205196462;8205008008;8205008008;0;0.112699255;-0.41620725;-0.9022585;1.0;1.0;1.0;-0.0639836;0.12722552;-0.053819954;0.0056702434;0.004068053;-0.023565205;1.0004131;1.0003805;1.0000356;0.06547537;0.25888136;0.04637075;0.0061343554;0.015902337;-0.019642819;1;0;1
8205701141;8205512692;8205512692;0;-0.5139126;0.13736142;-0.84677374;1.0;1.0;1.0;0.052235246;-0.013321117;-0.031549275;0.0070460704;-0.007374198;-0.026426382;1.0003258;1.0004085;1.0000947;0.043642115;0.0028375639;0.015933527;0.008127168;-0.0055331374;-0.025143538;1;0;1
8206195956;8206007480;8206007480;0;-0.33482364;0.3387144;-0.8792985;1.0;1.0;1.0;0.11427222;-0.07443562;-0.059572875;-0.023247113;-0.007881506;-0.022036448;1.0003945;1.0003871;1.0000492;0.20884787;0.08860976;0.056813452;-0.08055619;0.00054957945;-0.020876683;1;0;1
8206690830;8206502268;8206502268;0;-0.20548216;-0.32533714;-0.923002;1.0;1.0;1.0;-0.05335599;0.13072221;-0.023105621;0.00386919;-0.017240344;-0.022925882;1.0003864;1.0004007;1.0000434;0.0455322;0.27330804;0.008544939;-0.00032452232;-0.027194984;-0.025302969;1;0;1
8207195450;8207006952;8207006952;0;0.23875655;-0.18518136;-0.9532592;1.0;1.0;1.0;0.0021844953;-0.018133953;0.0042526126;0.023728989;-0.025034586;-0.015028323;1.0003904;1.0003988;1.0000414;7.6322525e-05;0.0052593295;0.0002895787;0.039208125;-0.048458442;-0.0129863545;1;0;1
8207700180;8207511635;8207511635;0;-0.07517122;0.19744803;-0.97742707;1.0;1.0;1.0;0.032972567;-0.14475277;-0.020287812;0.001577074;-0.012105563;-0.026453227;1.0004145;1.0004151;1.0000019;0.017387835;0.33511475;0.0065879505;-0.02479354;-0.02071986;-0.037084725;1;0;1
8208195023;8208006423;8208006423;0;0.024480253;-0.12231723;-0.9921891;1.0;1.0;1.0;0.040963054;0.069289334;-0.004256785;-0.0016407002;-0.0007273776;-0.01413605;1.000414;1.0004154;1.000003;0.026836438;0.07678434;0.00028997945;-0.0066682687;-0.007949749;-0.014730433;1;0;1
8208699620;8208511107;8208511107;0;0.024924552;0.05918974;-0.9979356;1.0;1.0;1.0;-0.022671908;-0.075196266;-0.0019343495;0.008267917;-0.015239629;-0.0076694204;1.000416;1.0004169;1.0000001;0.008220827;0.09043392;5.983781e-05;0.00732838;-0.02286058;-0.005769941;1;0;1
8209194372;8209005894;8209005894;0;-0.1447574;-0.0281441;-0.98906684;1.0;1.0;1.0;0.11070368;0.049687266;-0.010119855;0.0042361077;-0.011490135;-0.004882154;1.0004159;1.000417;1.0000006;0.19600335;0.039484654;0.0016389494;0.0075112795;-0.017373772;-0.0023854375;1;0;1
8209689189;8209500682;8209500682;0;-0.0450997;-0.01823637;-0.998816;1.0;1.0;1.0;0.050985552;0.0012073442;-0.0010218024;0.0029873317;-0.009429827;-0.0036289329;1.0004168;1.0004176;1.0000001;0.0415751;2.331214e-05;1.6703332e-05;0.005825984;-0.013797646;-0.0010555622;1;0;1
8210194100;8210005366;8210005366;0;0.020618262;0.091108635;-0.99562746;1.0;1.0;1.0;-0.036926635;-0.0797958;-0.0041754246;0.0010651303;-0.012035097;-0.0032238944;1.0004172;1.0004181;1.0000001;0.021808123;0.101835325;0.00027896263;0.0040669274;-0.015384028;-0.0005282347;1;0;1
8210698776;8210510049;8210510049;0;0.09296923;-0.010694466;-0.9956115;1.0;1.0;1.0;-0.06452142;-0.016894277;-0.0036024451;-0.0035337994;0.00061808596;-0.0049957563;1.0004178;1.0004185;1.0000007;0.06658039;0.004564751;0.00020771722;-0.007557866;0.003684181;-0.001035725;1;0;1
8211193330;8211004836;8211004836;0;-0.0015698376;0.07209304;-0.99739665;1.0;1.0;1.0;0.008463965;-0.028088398;-0.0016104579;0.006701879;-0.00065911806;-0.0043986235;1.0004187;1.0004187;1.0000008;0.0011457396;0.012618051;4.1521736e-05;0.007515625;0.009065571;-0.0007354917;1;0;1
8211698145;8211509520;8211509520;0;0.062201105;0.03694177;-0.9973797;1.0;1.0;1.0;-0.054146037;-0.041747533;-0.002576232;0.0040197056;-0.008310921;-0.0051095528;1.0004191;1.0004202;1.0;0.046889037;0.027873982;0.00010620136;0.0057087494;-0.007672736;-0.00092689507;1;0;1
8212193162;8212004307;8212004307;0;0.011893504;0.045223914;-0.9989061;1.0;1.0;1.0;0.05880472;-0.032319836;0.0014902353;0.017287694;-0.008720462;-0.0037259755;1.0004178;1.0004208;1.0000021;0.055304814;0.016706146;3.560953e-05;0.027501881;-0.008517995;-0.00054497534;1;0;1
8212697475;8212508990;8212508990;0;0.23986703;0.14924546;-0.9592651;1.0;1.0;1.0;-0.1561169;-0.084926926;-0.035135925;0.00065776054;-0.011787813;-0.008905735;1.0004177;1.0004197;1.0000046;0.389797;0.11535204;0.01976142;-0.003764054;-0.020890137;-0.0038151415;1;0;1
8213192285;8213003778;8213003778;0;0.019421995;0.07923177;-0.99666697;1.0;1.0;1.0;-0.04396306;-0.04817649;-0.0025491714;-0.0008535327;-0.007987613;-0.005772645;1.0004212;1.0004218;1.0000006;0.030910991;0.037119973;0.000103986924;-0.004361923;-0.016639456;-0.0018180846;1;0;1
8213696995;8213508461;8213508461;0;-0.046936344;0.080067456;-0.9956837;1.0;1.0;1.0;-0.0005208589;-0.0507241;-0.0027578473;0.012297663;-0.014566038;-0.0071699535;1.0004212;1.0004227;1.0000013;4.338877e-06;0.04114955;0.00012174399;0.014991302;-0.025972897;-0.0019663344;1;0;1
8214191774;8214003249;8214003249;0;-0.011406231;0.041234914;-0.9990844;1.0;1.0;1.0;0.0037773284;-0.025973508;-0.000769794;-0.0029194993;-0.007667627;-0.004989626;1.000423;1.0004238;1.0000001;0.00022819484;0.010789395;9.484261e-06;-0.002826199;-0.012899537;-0.0010027171;1;0;1
8214696541;8214507932;8214507932;0;0.096973054;-0.035008162;-0.99467117;1.0;1.0;1.0;-0.08176036;0.024008466;-0.0051519275;0.0016731387;-0.0062619797;-0.003309815;1.0004238;1.0004246;1.0000001;0.1069108;0.009218559;0.0004247759;0.0047157155;-0.008768553;-0.00050045445;1;0;1
8215191172;8215002719;8215002719;0;-0.037269015;0.034613572;-0.9987057;1.0;1.0;1.0;0.012660781;-0.021885695;-0.0009101033;0.0060185287;-0.010972718;-0.0030331875;1.0004244;1.0004256;1.0000004;0.002563638;0.0076604728;1.3263022e-05;0.010234168;-0.0120721655;-0.00039958797;1;0;1
8215696376;8215507402;8215507402;0;-0.01147769;-0.02750515;-0.9995558;1.0;1.0;1.0;0.0060455487;0.010943031;-0.00029218197;0.0032607233;-0.007624495;-0.0024236215;1.0004255;1.0004264;1.0000001;0.00058452983;0.0019151828;1.3670395e-06;0.0033537678;-0.009869578;-0.00022147055;1;0;1
8216200631;8216012085;8216012085;0;1.1456088e-05;0.023956839;-0.99971306;1.0;1.0;1.0;-0.00034000524;-0.031613495;-0.00025773048;0.002603874;-0.008769478;-0.0020049224;1.0004264;1.0004272;1.0;1.8488686e-06;0.01598378;1.0613257e-06;0.001049539;-0.010207461;-0.00013874918;1;0;1
8216695492;8216506872;8216506872;0;0.055511437;0.04991985;-0.99720937;1.0;1.0;1.0;-0.059328593;-0.048693396;-0.0027826428;0.002688332;-0.00881447;-0.0021356316;1.0004274;1.0004283;1.0;0.056294054;0.037920564;0.000123879;0.0025652498;-0.012189021;-0.00013848199;1;0;1
8217190402;8217001659;8217001659;0;-0.0147668505;0.020610409;-0.99967855;1.0;1.0;1.0;-0.014035122;-0.009997634;0.00014966726;0.0017548421;-0.010430323;-0.002628966;1.000428;1.0004293;1.0000004;0.0031504058;0.0015985604;3.5897565e-07;0.0027631712;-0.0144752;-0.00023046645;1;0;1
8217694847;8217506342;8217506342;0;-0.056092914;-0.06377863;-0.9963864;1.0;1.0;1.0;0.066248655;0.06808427;-0.0035530925;0.0001122468;-0.0044713733;-0.0028629731;1.0004294;1.0004303;1.0;0.07019201;0.0741357;0.00020195758;-0.0004572704;-0.00485712;-0.00024348818;1;0;1
8218199509;8218011025;8218011025;0;-0.039547935;-0.06259954;-0.99725485;1.0;1.0;1.0;0.036177862;0.040658593;-0.0024983883;0.0047339145;-0.008022108;-0.0031766105;1.0004303;1.0004313;1.0000002;0.020932395;0.026438575;9.990444e-05;0.00950494;-0.011342333;-0.00035896632;1;0;1
8218694516;8218505812;8218505812;0;0.023292135;-0.013940634;-0.99963146;1.0;1.0;1.0;-0.055750832;0.03801415;0.00044727325;0.0010763227;-0.009329904;-0.0026532812;1.000431;1.0004324;1.0000007;0.049709063;0.023111137;3.2153707e-06;0.0043675494;-0.013045017;-0.00026982767;1;0;1
8219198968;8219010495;8219010495;0;0.006659257;0.08638273;-0.9962398;1.0;1.0;1.0;-0.016954606;-0.06990385;-0.0035709739;0.0018200558;-0.009695475;-0.0026235091;1.0004324;1.0004336;1.0000001;0.004597351;0.07815092;0.00020408414;0.0048263445;-0.01281295;-0.00024404698;1;0;1
8219693728;8219505282;8219505282;0;0.05439488;0.04961275;-0.99728626;1.0;1.0;1.0;-0.057607282;-0.049481746;-0.002708733;0.00016668237;-0.0072048088;-0.0029350992;1.0004336;1.0004348;1.0;0.053074572;0.03915815;0.00011738026;-0.0012641464;-0.009894853;-0.0002783366;1;0;1
8220198504;8220009964;8220009964;0;-0.03914672;0.08802652;-0.9953486;1.0;1.0;1.0;0.021391036;-0.07304218;-0.004380822;0.0016346605;-0.009153369;-0.0027008813;1.0004344;1.0004357;1.0000002;0.0073180436;0.08532532;0.00030714914;0.0037465666;-0.012297293;-0.00022198616;1;0;1
8220693361;8220504751;8220504751;0;0.042032212;-0.037515923;-0.9984116;1.0;1.0;1.0;-0.021975478;0.011660146;-0.0010524988;0.0012591949;-0.005031347;-0.002407541;1.0004355;1.0004367;1.0000005;0.0077233827;0.0021743826;1.7738106e-05;0.007803544;-0.0059137563;-0.00019055164;1;0;1
8221197917;8221009434;8221009434;0;-0.032761626;0.107941985;-0.9936172;1.0;1.0;1.0;0.030034218;-0.10802504;-0.0063791275;0.0023584159;-0.008035368;-0.0025756503;1.0004368;1.0004381;1.0;0.014426567;0.18662867;0.0006511166;0.0033869394;-0.011386521;-0.00018854723;1;0;1
8221692701;8221504221;8221504221;0;0.022374477;0.0027426353;-0.9997459;1.0;1.0;1.0;-0.037867732;0.010322794;-4.8995018e-05;0.0026600345;-0.011931093;-0.002374175;1.0004375;1.000439;1.0000001;0.022933409;0.0017041983;3.7942353e-08;0.0039379294;-0.013094831;-0.00016744403;1;0;1
8222197380;8222008903;8222008903;0;-0.0115332045;-0.03803249;-0.99921;1.0;1.0;1.0;0.01590208;0.037107557;-0.000780046;3.999845e-05;-0.006816424;-0.0023917365;1.0004387;1.0004404;1.0;0.004044244;0.022021854;9.735548e-06;-0.0006205339;-0.0057828166;-0.00019088923;1;0;1
8222692275;8222503690;8222503690;0;0.013574381;0.03479499;-0.9993023;1.0;1.0;1.0;-0.014375885;-0.030507607;-0.0006881356;0.0005974482;-0.007903026;-0.0018637616;1.0004399;1.0004413;1.0;0.0033052033;0.014884873;7.57649e-06;0.0016985763;-0.0092714615;-0.00011202386;1;0;1
8223196857;8223008372;8223008372;0;-0.04306395;0.057678036;-0.997406;1.0;1.0;1.0;0.03351331;-0.053782497;-0.002540648;0.0019472913;-0.0094019035;-0.0022909797;1.0004408;1.0004425;1.0;0.017962355;0.04626037;0.00010329281;0.0026994532;-0.0111391675;-0.00015102972;1;0;1
8223691641;8223503159;8223503159;0;0.028385865;0.08097525;-0.9963118;1.0;1.0;1.0;-0.03172639;-0.08812833;-0.0036574006;0.0024141036;-0.008410619;-0.002260315;1.0004419;1.0004432;1.0;0.016097907;0.124210685;0.00021398341;0.0047301743;-0.009987071;-0.00014430091;1;0;1
8224186392;8223997946;8223997946;0;-0.15047655;0.051924836;-0.987249;1.0;1.0;1.0;0.13694228;-0.048941687;-0.012654066;0.0035413655;-0.009142248;-0.0024655438;1.000443;1.0004444;1.0000001;0.29991817;0.038307354;0.0025623923;0.008304054;-0.012486258;-0.00020013057;1;0;1
8224691162;8224502628;8224502628;0;0.0069816816;0.01644412;-0.99984044;1.0;1.0;1.0;-0.0030708346;-0.01630452;-0.00015187263;0.0014088486;-0.006904749;-0.0019318159;1.000444;1.0004455;1.0;0.00015081343;0.0042515066;3.6904476e-07;0.0036528916;-0.008542316;-0.00012456189;1;0;1
8225196033;8225007310;8225007310;0;-0.012602991;-0.04543582;-0.99888784;1.0;1.0;1.0;0.0063223056;0.042219676;-0.0010872483;0.0023358657;-0.0074745356;-0.0022054762;1.0004451;1.0004466;1.0;0.0006392602;0.028507298;1.8913743e-05;0.0056070834;-0.009202281;-0.00015240157;1;0;1
8225690561;8225502098;8225502098;0;-0.0129422555;-0.0259468;-0.9995795;1.0;1.0;1.0;0.0067533213;0.022969311;-0.00039684772;0.0021444377;-0.0082800705;-0.0026342217;1.0004462;1.0004476;1.0;0.0007293921;0.008437657;2.5198099e-06;0.004160015;-0.011101064;-0.0002165082;1;0;1
8226195362;8226006779;8226006779;0;-0.014391002;0.05488151;-0.9983892;1.0;1.0;1.0;0.0014394978;-0.035730027;-0.0013431907;0.0016145974;-0.009042226;-0.0022340005;1.0004472;1.0004485;1.0000002;3.3139644e-05;0.020417;2.8881945e-05;0.000716803;-0.013426422;-0.00017738597;1;0;1
8226699942;8226511461;8226511461;0;-0.022182185;0.035439376;-0.9991256;1.0;1.0;1.0;0.012917358;-0.03051988;-0.00081926584;-9.796372e-05;-0.0077947127;-0.0022326622;1.0004481;1.0004497;1.0;0.0026685346;0.014896698;1.074227e-05;-0.0008937458;-0.011930636;-0.00016543033;1;0;1
8227194697;8227006247;8227006247;0;-0.106767125;-0.020978786;-0.9940627;1.0;1.0;1.0;0.093431614;0.024403045;-0.0058419704;0.0024725522;-0.007971696;-0.002351568;1.0004491;1.0004506;1.0000001;0.13960877;0.009523929;0.0005461581;0.0040692394;-0.012905041;-0.0001574856;1;0;1
8227689492;8227501034;8227501034;0;-0.25972575;0.23249884;-0.93727624;1.0;1.0;1.0;0.086177126;-0.051817402;-0.030822039;-0.0004924329;-0.014714609;-0.007838866;1.0004362;1.000437;1.0000283;0.11877215;0.04293978;0.015209888;0.0039678374;-0.030232247;-0.004764723;1;0;1
8228194722;8228005716;8228005716;0;0.04868998;-0.032510012;-0.99828476;1.0;1.0;1.0;-0.0022466816;0.007207822;-0.000315547;-0.011815555;0.0018899248;-0.009944347;1.0004497;1.0004524;1.0000012;8.072495e-05;0.0008308656;1.5943205e-06;-0.016024146;-0.0060578273;-0.0045005684;1;0;1
8228698978;8228510398;8228510398;0;0.02010785;-0.10022588;-0.99476147;1.0;1.0;1.0;-0.009322587;0.06426367;-0.004532397;0.004152511;-0.0072137183;-0.0058657653;1.0004514;1.000453;1.0000006;0.0013899427;0.06604715;0.00032885466;0.0070984634;-0.013672004;-0.0019464168;1;0;1
8229193638;8229005184;8229005184;0;0.020028966;-0.023649653;-0.99951965;1.0;1.0;1.0;-0.042224303;0.034947813;-0.00017076731;-0.0003866741;-0.0077029285;-0.0038123317;1.0004523;1.0004544;1.0000002;0.028513372;0.019532664;4.626831e-07;0.0035975403;-0.012476435;-0.0009019813;1;0;1
8229698477;8229509866;8229509866;0;-0.008304531;-0.03460187;-0.9993667;1.0;1.0;1.0;0.0060171005;0.028184379;-0.00061011314;8.7418084e-05;-0.00651701;-0.0026872014;1.0004535;1.0004554;1.0;0.0005790254;0.012703966;5.955809e-06;0.00024837567;-0.012273378;-0.00041969077;1;0;1
8230193208;8230004652;8230004652;0;0.03480076;-0.012672965;-0.99931395;1.0;1.0;1.0;-0.03927768;0.008781627;-0.0006684065;0.0015839889;-0.007375687;-0.0027431836;1.0004542;1.0004561;1.0;0.024672573;0.0012332975;7.1495506e-06;0.0030905588;-0.012695426;-0.00029234908;1;0;1
8230697925;8230509334;8230509334;0;-0.029659098;0.017461378;-0.99940753;1.0;1.0;1.0;0.02548303;-0.021584354;-0.0005752444;0.0023414844;-0.008468233;-0.002489853;1.000455;1.0004567;1.0;0.010385432;0.0074507305;5.2955957e-06;0.004888576;-0.011426127;-0.00023775258;1;0;1
8231192565;8231004121;8231004121;0;-0.116656184;-0.038243376;-0.9924358;1.0;1.0;1.0;0.12630583;0.027027532;-0.0074551105;0.009972175;-0.015991151;-0.0027377894;1.0004557;1.0004575;1.0000001;0.2551343;0.011682568;0.00088917336;0.01978203;-0.020378625;-0.00027948202;1;0;1
8231697595;8231508802;8231508802;0;-0.07348897;0.0534591;-0.99586225;1.0;1.0;1.0;0.036325518;-0.008145712;-0.0024182796;-0.0028360006;-0.0057200654;-0.0072960183;1.0004565;1.0004575;1.0000015;0.02110306;0.0010611372;9.3633666e-05;0.0007206052;-0.011842302;-0.0026432988;1;0;1
8232192149;8232003588;8232003588;0;0.03331937;-0.022981668;-0.9991805;1.0;1.0;1.0;-0.024298817;-0.0035125986;-0.00042766333;-0.002206102;-0.0020251372;-0.005298622;1.0004578;1.0004588;1.0000004;0.009442598;0.00019732639;2.9279652e-06;0.0018109921;-0.010810775;-0.0014610696;1;0;1
8232696833;8232508270;8232508270;0;0.052713554;-0.024363002;-0.9983124;1.0;1.0;1.0;-0.072754815;0.0113225235;-0.0014022589;0.0016929379;-0.010324394;-0.0032761951;1.0004584;1.0004598;1.0000004;0.08465341;0.0020502266;3.1434527e-05;0.0027753569;-0.015642192;-0.0006372442;1;0;1
8233191786;8233003056;8233003056;0;-0.22971123;0.08325249;-0.96969163;1.0;1.0;1.0;0.16385841;0.05114773;-0.019043148;-0.0006594839;-0.026798742;-0.014718708;1.0004568;1.0004523;1.0000103;0.4293971;0.041839883;0.0058032935;0.0061205267;-0.06697814;-0.010303894;1;0;1
8233696440;8233507738;8233507738;0;-0.045544952;0.07793258;-0.99591774;1.0;1.0;1.0;0.03162358;-0.044612754;-0.0034291148;-0.0054621254;-0.0047828136;-0.0089790635;1.0004593;1.0004607;1.0000006;0.015993467;0.03183003;0.0001882458;-0.009759755;-0.015412511;-0.0044718287;1;0;1
8234191013;8234002524;8234002524;0;-0.020883182;0.025439654;-0.99945825;1.0;1.0;1.0;0.030440541;-0.053853035;-9.3102455e-05;-0.00023191463;-0.0054200264;-0.0049910382;1.00046;1.0004616;1.0000005;0.014819208;0.046380915;1.3656624e-07;0.0033931646;-0.011521339;-0.001840471;1;0;1
8234695763;8234507206;8234507206;0;0.01102933;0.09267291;-0.9956355;1.0;1.0;1.0;-0.004048331;-0.09775298;-0.004327476;-0.0005992302;-0.0033861243;-0.003950393;1.0004609;1.0004627;1.0;0.00026210299;0.15281962;0.0002995915;-0.0017780103;-0.0071659773;-0.0009220638;1;0;1
8235190448;8235001992;8235001992;0;-0.061065078;-0.14387299;-0.9877103;1.0;1.0;1.0;0.044402402;0.050062485;-0.0077378154;0.0035884995;-0.013396352;-0.0030138406;1.0004613;1.0004592;1.0000042;0.031530626;0.040081643;0.00095859653;0.0075956536;-0.017182728;-0.0005435901;1;0;1
8235695268;8235506673;8235506673;0;-0.0053732404;-0.117337234;-0.99307764;1.0;1.0;1.0;0.0036616856;-0.019939266;0.0025449991;0.00036033965;-0.004653132;-0.0020223425;1.0004625;1.0004551;1.0000088;0.00021442788;0.006358295;0.000103752805;0.0023577781;-0.0034258529;-0.0004471059;1;0;1
8236199840;8236011355;8236011355;0;-0.06991186;0.09620132;-0.9929037;1.0;1.0;1.0;0.045563374;-0.06608297;-0.006344497;-0.00050698814;-0.007944466;-0.0028916877;1.000463;1.000464;1.0000007;0.033200964;0.06983883;0.0006443323;-0.0008827996;-0.005591443;-0.0004968101;1;0;1
8236694622;8236506141;8236506141;0;-0.012871804;0.058530524;-0.9982027;1.0;1.0;1.0;0.0179712;-0.021241069;-0.0010885;-0.00031110542;-0.004757937;-0.0023164963;1.0004638;1.0004643;1.0000006;0.0051650293;0.00721557;1.8965611e-05;0.00031354697;-0.00469757;-0.00026900854;1;0;1
8237199292;8237010822;8237010822;0;-0.022128616;0.08902646;-0.9957834;1.0;1.0;1.0;0.003234785;-0.008018002;-0.0007505417;0.0007665322;-0.0075659947;-0.0023099103;1.0004638;1.0004625;1.0000032;0.00016734374;0.0010281362;9.023e-06;0.00070826395;-0.0089735435;-0.00028042565;1;0;1
8237694090;8237505608;8237505608;0;0.054044783;-0.07416811;-0.9957802;1.0;1.0;1.0;-0.045540106;0.06140068;-0.0041016936;0.0009339017;-0.0047441195;-0.0027866059;1.0004646;1.0004661;1.0000001;0.033167012;0.060292516;0.00026923697;0.00060901;-0.007530454;-0.00033716823;1;0;1
8238199085;8238010289;8238010289;0;-0.08089663;-0.14193481;-0.9865649;1.0;1.0;1.0;0.0577029;0.03754849;-0.0076990128;0.004541875;-0.01121418;-0.0027641733;1.0004648;1.0004613;1.0000054;0.053249244;0.022547787;0.00094899384;0.005325079;-0.01763737;-0.00032833693;1;0;1
8238693573;8238505075;8238505075;0;-0.012698398;-0.08614362;-0.9962018;1.0;1.0;1.0;0.016218195;-0.05135166;0.005702436;-0.00510388;0.0016172889;-0.003869857;1.000466;1.0004581;1.0000088;0.0042065177;0.042172544;0.0005208782;-0.013450887;0.0003510478;-0.0010210988;1;0;1
8239198203;8239009756;8239009756;0;-0.20668614;0.06413868;-0.9763028;1.0;1.0;1.0;-0.050190836;-0.030169867;0.010450482;0.005908233;-0.0078666955;-0.0064261444;1.0004357;1.000467;1.0000312;0.040288366;0.01455697;0.0017491409;0.008595901;-0.008704992;-0.0027027843;1;0;1
8239693965;8239504542;8239504542;0;-0.13840905;0.024510346;-0.9900718;1.0;1.0;1.0;-0.011826828;-0.02610895;0.001421988;0.00032901508;-0.0014418827;-0.0038838915;1.0004565;1.000468;1.0000105;0.002236961;0.010901736;3.239587e-05;0.0025093001;-0.00554827;-0.001552479;1;0;1
8240198316;8240009223;8240009223;0;0.36249965;-0.07163299;-0.92922693;1.0;1.0;1.0;-0.14520629;0.033428025;-0.04611653;-0.010017563;-0.00488792;-0.009598718;1.0004454;1.0004678;1.0000226;0.33720767;0.017869923;0.034049056;-0.033759926;-0.010973913;-0.0056992555;1;0;1
8240693069;8240504009;8240504009;0;0.12160088;-0.015449774;-0.9924588;1.0;1.0;1.0;-0.0072461963;0.0039437665;-0.00091415644;0.0047672493;-0.010137065;-0.004792722;1.0004617;1.0004684;1.0000062;0.00083973;0.00024873644;1.3381293e-05;-0.007875411;-0.0147394985;-0.0027485527;1;0;1
8241197158;8241008690;8241008690;0;0.08185108;0.056153987;-0.9950614;1.0;1.0;1.0;0.026092157;-0.052431174;0.0009101033;-0.0045811487;-0.0036623972;-0.0045465664;1.0004628;1.0004684;1.0000055;0.010887772;0.043963835;1.32907535e-05;-0.012592071;-0.005732898;-0.001987631;1;0;1
8241691989;8241503475;8241503475;0;0.048896592;0.019189054;-0.9986195;1.0;1.0;1.0;0.09320392;-0.041160513;0.009004533;-0.0020364511;-0.005076327;-0.0034870086;1.0004592;1.0004684;1.0000097;0.13892773;0.027094034;0.0012992005;-0.0031444791;-0.004394607;-0.0011752719;1;0;1
8242196651;8242008156;8242008156;0;-0.08933923;0.01687202;-0.9958584;1.0;1.0;1.0;0.042043287;-0.01172868;-0.0030083656;-0.010279298;-0.004868283;-0.0035882138;1.0004679;1.0004686;1.0000011;0.028268982;0.002199941;0.00014489015;-0.016879926;-0.0020702267;-0.0008536879;1;0;1
8242691578;8242502942;8242502942;0;-0.14242029;0.07365903;-0.98706174;1.0;1.0;1.0;-0.015115008;-0.071928844;-0.00045114756;0.0040083793;-0.009187082;-0.0046079373;1.0004575;1.0004691;1.0000117;0.0036537435;0.082741365;3.2427545e-06;0.007889825;-0.0058371145;-0.0015337609;1;0;1
8243196345;8243007623;8243007623;0;-0.06951645;0.018441964;-0.99741036;1.0;1.0;1.0;-0.062149912;0.0027063154;0.00633806;-0.0018897557;-0.0042362944;-0.0023534952;1.0004613;1.0004693;1.0000083;0.061773285;0.00011712212;0.0006434925;-0.0002345604;-0.0027487383;-0.0007385989;1;0;1
8243700797;8243512304;8243512304;0;-0.0982411;0.19117449;-0.97662735;1.0;1.0;1.0;-0.054064326;-0.06397992;-0.003487289;0.00054254057;-0.008330075;-0.0031843386;1.0004586;1.0004624;1.0000185;0.04674578;0.06546562;0.00019458201;0.0035492966;-0.008442043;-0.00086614786;1;0;1
8244195672;8244007089;8244007089;0;-0.13095023;0.035821985;-0.99074155;1.0;1.0;1.0;0.013932578;0.057940673;0.002045989;0.0056596957;-0.0099793095;-0.00443719;1.0004629;1.0004663;1.0000106;0.0031044309;0.053689033;6.708964e-05;0.011388479;-0.013486563;-0.0015803794;1;0;1
8244690789;8244501875;8244501875;0;0.3869306;-0.18386294;-0.90359235;1.0;1.0;1.0;-0.089966655;0.008742437;-0.03508818;-0.013482883;0.00042581864;-0.01681635;1.0004286;1.0004561;1.0000559;0.1294485;0.0012217008;0.019711908;-0.049849737;-0.0031279298;-0.017802851;1;0;1
8245195039;8245006556;8245006556;0;0.09478506;-0.13362615;-0.9864886;1.0;1.0;1.0;0.08699281;0.04550226;0.0071001053;0.00096244726;-0.007647846;-0.006639558;1.0004549;1.0004665;1.0000192;0.121028915;0.033112843;0.0008078148;-0.013764336;-0.009747299;-0.0073046763;1;0;1
8245699948;8245511237;8245511237;0;-0.1220874;0.07520767;-0.9896658;1.0;1.0;1.0;0.040081456;-0.031184435;-0.0059912205;-0.00036987208;-0.002434808;-0.0073796296;1.0004675;1.000469;1.000004;0.025692359;0.01555214;0.0005747133;-0.012651233;-0.00038781887;-0.004364145;1;0;1
8246194714;8246006022;8246006022;0;-0.034627493;0.15539716;-0.987245;1.0;1.0;1.0;0.010446893;0.033232078;0.0054916143;-0.0021443292;-0.007866234;-0.00558213;1.0004699;1.0004534;1.0000169;0.001745381;0.017661976;0.00048298854;-0.0047674077;-0.0058509572;-0.0022423132;1;0;1
8246699153;8246510703;8246510703;0;0.11141636;-0.06774887;-0.9914618;1.0;1.0;1.0;-0.08118124;0.011687294;-0.006506145;0.0038446872;-0.005856421;-0.00539321;1.0004697;1.0004687;1.0000019;0.10539681;0.0021844292;0.00067760015;0.008869702;-0.010577882;-0.0016315319;1;0;1
8247193946;8247005488;8247005488;0;-0.07584032;0.10404295;-0.99167705;1.0;1.0;1.0;0.027242351;-0.036571965;-0.004858196;-0.008228644;-0.004874934;-0.00435637;1.000469;1.0004675;1.0000032;0.011868765;0.021390058;0.0003779006;-0.017661855;-0.0057771704;-0.0010205343;1;0;1
8247698717;8247510169;8247510169;0;0.06619847;-0.08863157;-0.9938623;1.0;1.0;1.0;-0.0666168;0.075734034;-0.0060541034;0.0017448658;-0.0039070896;-0.0047729034;1.0004684;1.0004681;1.0;0.07097153;0.09172733;0.0005865155;0.0010331516;-0.003449431;-0.0011392677;1;0;1
8248193482;8248004954;8248004954;0;-0.05533076;-0.07241521;-0.9958386;1.0;1.0;1.0;0.058052454;0.05929146;-0.0040712357;-0.0012213755;-5.912656e-05;-0.0031127485;1.0004662;1.0004661;1.0000001;0.05389627;0.05622146;0.00026525368;-0.0052367696;0.0007222564;-0.0005161942;1;0;1
8248698167;8248509634;8248509634;0;0.035762526;-0.052027564;-0.9980051;1.0;1.0;1.0;-0.054195404;0.06587674;-0.0017299056;0.0006059602;-0.0050596236;-0.002341198;1.000465;1.0004652;1.0000002;0.046972424;0.06940358;4.7834983e-05;-0.001595861;-0.00555474;-0.00026329106;1;0;1
8249192918;8249004419;8249004419;0;-0.010041798;0.018842155;-0.9997721;1.0;1.0;1.0;0.014627802;-0.031083386;-0.00014269352;-0.0017814744;-0.003428264;-0.0018806749;1.0004649;1.0004648;1.0000001;0.0034219706;0.015451642;3.244236e-07;-0.003008323;-0.0047038686;-0.000152839;1;0;1
8249697895;8249509100;8249509100;0;-0.012274353;-0.07866009;-0.996826;1.0;1.0;1.0;0.00058340374;0.067305736;-0.0030409098;0.0017435983;-0.0051424825;-0.0017123356;1.0004644;1.0004644;1.0000001;5.4432307e-06;0.072447345;0.0001479831;0.002355912;-0.004553716;-0.00010232991;1;0;1
8250192439;8250003885;8250003885;0;-0.02673698;0.025647704;-0.9993135;1.0;1.0;1.0;0.005891852;-0.018788526;-0.00044554472;0.0004474053;-0.007639303;-0.0015503796;1.0004641;1.0004643;1.0000002;0.0005551651;0.005645518;3.1787108e-06;-8.940943e-05;-0.0046180044;-8.139525e-05;1;0;1
8250697014;8250508566;8250508566;0;0.010346136;0.04722308;-0.99883074;1.0;1.0;1.0;-0.0179094;-0.03217206;-0.0010272264;-0.00022310235;-0.00575726;-0.0015707174;1.000464;1.0004641;1.0000001;0.005129566;0.01655299;1.6887023e-05;-0.0008421424;-0.0025193172;-8.4261905e-05;1;0;1
8251202273;8251013247;8251013247;0;-0.02110674;0.035605907;-0.99914294;1.0;1.0;1.0;0.016124604;-0.043450832;-0.0008139014;0.0030988108;-0.0034454314;-0.0012972103;1.0004637;1.000464;1.0;0.0041581173;0.030193584;1.0600521e-05;0.0025651066;-0.0038292166;-6.2383806e-05;1;0;1
8251697397;8251508031;8251508031;0;-0.045951717;-0.018805906;-0.99876666;1.0;1.0;1.0;0.029844662;0.008239464;-0.001047492;-0.0016020061;-0.0035148195;-0.0019575993;1.0004635;1.0004637;1.0000001;0.01424466;0.0010857179;1.7565822e-05;-0.002453473;-0.0035619526;-0.00010498318;1;0;1
8252191314;8252002816;8252002816;0;0.0146134775;0.08923224;-0.9959036;1.0;1.0;1.0;-0.019150916;-0.07721306;-0.004013419;0.00078212505;-0.006442432;-0.0016306515;1.0004635;1.0004635;1.0000001;0.005865403;0.09534553;0.00025778174;0.0018941843;-0.007092822;-8.380096e-05;1;0;1
8252696112;8252507497;8252507497;0;0.038512774;-0.0448235;-0.99825233;1.0;1.0;1.0;-0.037417196;0.046387203;-0.0017458797;-0.0002572048;-0.0038367908;-0.0016409898;1.0004631;1.0004634;1.0;0.022390375;0.034412403;4.8766204e-05;-0.0011338406;-0.0029154588;-7.757457e-05;1;0;1
8253191309;8253002282;8253002282;0;-0.10043195;0.047516942;-0.9938086;1.0;1.0;1.0;0.09465639;-0.041931964;-0.0061588287;0.0018931343;-0.0040311706;-0.0015581226;1.0004629;1.0004632;1.0;0.143291;0.028119579;0.0006069457;0.0034515676;-0.002553896;-6.778644e-05;1;0;1
8253695411;8253506962;8253506962;0;-0.09219764;0.0056496854;-0.99572474;1.0;1.0;1.0;0.083436586;0.00902947;-0.004128933;0.0013833331;-0.0048981723;-0.0016500589;1.0004628;1.0004629;1.0000001;0.1113351;0.0013039063;0.00027280088;0.0033941404;-0.003953996;-8.1419836e-05;1;0;1
8254200104;8254011643;8254011643;0;0.04243264;-0.018636372;-0.9989255;1.0;1.0;1.0;-0.042740844;0.012982206;-0.0010584593;9.601606e-05;-0.005139603;-0.0015052417;1.0004627;1.000463;1.0;0.02921496;0.0026953495;1.7929415e-05;0.00037663153;-0.0035583307;-6.710184e-05;1;0;1
8254695465;8254506427;8254506427;0;-0.03376601;-0.03506903;-0.9988143;1.0;1.0;1.0;0.0135747995;0.044848263;-0.0009341836;0.0016674772;-0.0029295858;-0.0014642153;1.0004624;1.0004629;1.0000002;0.0029470401;0.032166984;1.3954273e-05;0.0020625999;-0.0014203853;-6.2254665e-05;1;0;1
8255189659;8255001212;8255001212;0;0.08236184;-0.012270437;-0.99652696;1.0;1.0;1.0;-0.0840323;0.012540005;-0.0034716725;-0.001156907;-0.0029111009;-0.0013790983;1.0004625;1.000463;1.0;0.112930596;0.0025148517;0.0001928203;-0.0015032454;-0.003399514;-6.405716e-05;1;0;1
8255694346;8255505892;8255505892;0;0.028693467;-0.02398313;-0.99930054;1.0;1.0;1.0;-0.03427811;0.019308306;-0.00067305565;0.00052306;-0.0038116425;-0.0013589608;1.0004625;1.0004628;1.0;0.01879113;0.005962205;7.245495e-06;0.0014359956;-0.0042036404;-6.5529945e-05;1;0;1
8256199261;8256010573;8256010573;0;0.01720578;-0.031953543;-0.99934125;1.0;1.0;1.0;-0.021258842;0.029230244;-0.0006468892;5.7851536e-05;-0.0028491046;-0.0016120899;1.0004625;1.0004628;1.0;0.007227671;0.013664182;6.696684e-06;0.0014477408;-0.0026329258;-7.305432e-05;1;0;1
8256693845;8256505357;8256505357;0;0.01961935;0.0033010067;-0.99980205;1.0;1.0;1.0;-0.030536287;-0.01754391;-3.707409e-05;0.00013614033;-0.003089082;-0.0013356071;1.0004624;1.0004629;1.0000001;0.014912541;0.004922347;2.1709864e-08;0.0014295896;-0.0027106998;-5.3636377e-05;1;0;1
8257198516;8257010038;8257010038;0;0.012204925;0.04480965;-0.9989209;1.0;1.0;1.0;-0.014995141;-0.055904064;-0.0010139346;0.00022083464;-0.0035443036;-0.0015812548;1.0004625;1.0004629;1.0;0.0035960048;0.049981102;1.6439346e-05;0.0010041601;-0.002644377;-7.542404e-05;1;0;1
8257693752;8257504822;8257504822;0;-0.0066251336;0.020906156;-0.99975955;1.0;1.0;1.0;-0.0022285813;-0.005140459;-7.69496e-05;0.0002849863;-0.0075613647;-0.0014823639;1.0004625;1.0004629;1.0000001;7.9428464e-05;0.00042259414;9.459312e-08;-2.801108e-05;-0.0069171856;-7.503434e-05;1;0;1
8258198088;8258009503;8258009503;0;0.029315647;0.009050612;-0.99952924;1.0;1.0;1.0;-0.024228998;0.0030396255;-0.00038474798;-0.0016230856;-0.003060172;-0.0014176078;1.0004625;1.0004629;1.0000001;0.009388367;0.0001477596;2.3677621e-06;-0.0009069138;-0.0016681276;-6.567243e-05;1;0;1
8258692933;8258504287;8258504287;0;-0.014883339;0.04184126;-0.99901336;1.0;1.0;1.0;0.016056865;-0.03674438;-0.0009729266;0.00075067463;-0.0044091884;-0.0015440553;1.0004625;1.000463;1.0;0.0041232593;0.021592384;1.5150947e-05;0.0011301349;-0.0037667905;-6.474218e-05;1;0;1
8259197412;8259008967;8259008967;0;0.033571076;-0.009716775;-0.99938905;1.0;1.0;1.0;-0.03928169;0.009202348;-0.00059461594;0.0004885405;-0.0034602345;-0.0014817715;1.0004627;1.000463;1.0;0.024677401;0.0013542981;5.6548215e-06;0.0031866392;-0.0017462537;-6.842916e-05;1;0;1
8259692236;8259503752;8259503752;0;-0.00258754;-0.015036739;-0.99988365;1.0;1.0;1.0;-0.0071453443;0.024487674;-2.4437904e-05;-0.00090371975;-0.0032119565;-0.0014321544;1.0004627;1.000463;1.0000001;0.00081651733;0.009589896;9.462382e-09;0.00039611114;-0.002745208;-5.9865644e-05;1;0;1
8260187007;8259998536;8259998536;0;0.039911788;0.01699296;-0.9990587;1.0;1.0;1.0;-0.04797288;-0.021297377;-0.0008997917;-0.0006692349;-0.004204841;-0.0013073103;1.0004625;1.000463;1.0;0.03680533;0.007253907;1.2947138e-05;-0.00021821044;-0.0035423236;-5.6879122e-05;1;0;1
8260691808;8260503217;8260503217;0;-0.024788614;0.028762776;-0.9992789;1.0;1.0;1.0;0.011770963;-0.013485199;-0.0005195141;0.0006259506;-0.0044468655;-0.0012886786;1.0004627;1.0004631;1.0000002;0.002215864;0.00290826;4.319308e-06;0.001074109;-0.0027951817;-4.6580295e-05;1;0;1
8261196342;8261007897;8261007897;0;-0.039275922;-0.06543671;-0.9970835;1.0;1.0;1.0;0.031008236;0.061081145;-0.0028725266;0.00069416716;-0.0041255695;-0.0013889788;1.0004627;1.0004632;1.0;0.015377057;0.059666887;0.0001320609;-0.0004946031;-0.0030574345;-5.663572e-05;1;0;1
8261701136;8261512577;8261512577;0;-0.06750381;-0.040615533;-0.996892;1.0;1.0;1.0;0.06597707;0.045710266;-0.003093958;0.006029749;-0.0029440054;-0.0017160343;1.0004628;1.0004634;1.0;0.06961536;0.033415414;0.00015315531;0.0046378397;-0.0006725096;-8.513127e-05;1;0;1
8262195936;8262007361;8262007361;0;0.1664655;-0.04408899;-0.98506105;1.0;1.0;1.0;0.046706066;0.040709235;0.00804764;-0.010030314;-0.0030588484;-0.006233249;1.0004418;1.0004629;1.0000211;0.034887895;0.02650367;0.0010373619;-0.019813657;-0.0045855166;-0.0028156904;1;0;1
8262690683;8262502146;8262502146;0;-0.055508606;0.06132713;-0.99657303;1.0;1.0;1.0;-0.013530068;-0.046542786;-0.000931561;0.005043596;-0.0060588117;-0.0050256206;1.0004607;1.0004627;1.0000024;0.0029276551;0.034643695;1.3881308e-05;-0.0030064175;-0.0049813488;-0.0014476681;1;0;1
8263195277;8263006826;8263006826;0;-0.23990256;0.076069735;-0.967812;1.0;1.0;1.0;-0.008177221;-0.04325565;-0.0003720522;0.0040383916;-0.0033278775;-0.0047874954;1.0004346;1.0004628;1.000029;0.0010694062;0.029923018;2.2118636e-06;-0.0004645603;-0.006476839;-0.0013450739;1;0;1
8263700478;8263511506;8263511506;0;-0.26495633;0.048970353;-0.96301615;1.0;1.0;1.0;0.09762417;-0.04598374;-0.022872329;0.0064135124;-0.0018230587;-0.004198929;1.0004501;1.0004636;1.0000129;0.15241905;0.033816326;0.008375641;0.0068361796;-0.0048623383;-0.0012134556;1;0;1
8264195567;8264006290;8264006290;0;0.3885321;-0.074025415;-0.91845685;1.0;1.0;1.0;-0.097275555;0.0293479;-0.03713119;-0.017067602;-0.00032927847;-0.013912083;1.000424;1.0004624;1.0000402;0.15133637;0.01377382;0.02207423;-0.039484493;-0.0036343762;-0.008680779;1;0;1
8264699617;8264510970;8264510970;0;-0.10640573;-0.0063969158;-0.9943023;1.0;1.0;1.0;0.110953696;0.019417435;-0.005602956;-0.0025953234;-0.0062705562;-0.0073059276;1.0004635;1.0004629;1.0000001;0.19688031;0.0060298415;0.0005022363;-0.013854511;-0.008867271;-0.0042633163;1;0;1
8265194252;8265005754;8265005754;0;0.008165441;0.3465428;-0.93799865;1.0;1.0;1.0;-0.023766223;-0.104909524;-0.032232285;-0.0035878385;-0.005112875;-0.00718918;1.0004634;1.0004361;1.0000272;0.009033148;0.17601962;0.01663389;-0.008736419;-0.0090140905;-0.0029623983;1;0;1
8265689352;8265500539;8265500539;0;0.0016542837;0.14446773;-0.9895081;1.0;1.0;1.0;0.001192018;-0.0031293184;-0.0004490614;0.00030551074;-0.008739865;-0.005647792;1.0004629;1.0004542;1.0000093;2.2723993e-05;0.00015660802;3.2281814e-06;-0.0017705237;-0.013181431;-0.002334762;1;0;1
8266193818;8266005219;8266005219;0;-0.0035612064;0.01143281;-0.99992824;1.0;1.0;1.0;0.008599362;-0.017804168;-3.8921833e-05;0.00029538953;-0.00047920487;-0.0033930985;1.0004629;1.0004636;1.0;0.0011826372;0.0050694603;2.4016344e-08;0.00022865427;0.00090599275;-0.0009968142;1;0;1
8266698348;8266509899;8266509899;0;-0.0003703958;-0.05381463;-0.99855083;1.0;1.0;1.0;-0.004582222;0.05129914;-0.0014336705;-0.00042438696;-0.0018943287;-0.0020578788;1.0004631;1.0004637;1.0;0.00033579263;0.0420861;3.2889315e-05;-0.0020379566;-0.0015193769;-0.00039414948;1;0;1
8267193182;8267004683;8267004683;0;-0.053618945;-0.018189577;-0.9983958;1.0;1.0;1.0;0.014124334;0.040412046;-0.00057703257;0.0017259623;-0.017565416;-0.0070117116;1.0004622;1.0004637;1.000001;0.0031904744;0.026118044;5.3263598e-06;0.0020227528;-0.040060535;-0.002846993;1;0;1
8267697915;8267509363;8267509363;0;-0.01259132;0.0068554026;-0.9998972;1.0;1.0;1.0;-0.0037885373;-0.0013471167;4.6551228e-05;-0.0025590796;-0.006351339;-0.0045078853;1.0004631;1.0004641;1.0000001;0.00022954194;2.9022283e-05;3.4672265e-08;-0.0022085703;-0.015520811;-0.0012126905;1;0;1
8268192739;8268004147;8268004147;0;0.05990696;0.22011414;-0.9736329;1.0;1.0;1.0;-0.050838992;-0.070185125;-0.015017271;-0.00490456;0.0030289956;-0.004126141;1.0004632;1.0004538;1.0000105;0.041334502;0.0787795;0.0036106633;-0.0042098043;0.00078210497;-0.0008234105;1;0;1
8268697382;8268508827;8268508827;0;0.038600545;0.031252958;-0.9987659;1.0;1.0;1.0;-0.022524439;-0.03652618;-0.0010908842;7.089928e-05;0.006048701;-0.0066916794;1.0004632;1.0004643;1.0000001;0.008113847;0.021336708;1.9042533e-05;-0.0022210018;-0.0025443535;-0.0018367233;1;0;1
8269192163;8269003611;8269003611;0;-0.049036495;0.021221645;-0.9985715;1.0;1.0;1.0;0.11894435;-0.026910678;0.0010305047;0.017319882;-0.0019197927;-0.0043418743;1.0004612;1.0004647;1.0000023;0.22625977;0.01158145;1.7115055e-05;0.024742031;-0.005766083;-0.0008663325;1;0;1
8269696978;8269508291;8269508291;0;0.19908758;0.017808314;-0.97981983;1.0;1.0;1.0;0.019806653;-0.012685526;0.004082799;-0.0058202697;-0.0003977645;-0.0067316317;1.0004414;1.000464;1.0000222;0.0062740864;0.0025735642;0.00026694348;-0.016819809;-0.0010414331;-0.0037256551;1;0;1
8270191875;8270003075;8270003075;0;-0.11661592;0.045930106;-0.99211454;1.0;1.0;1.0;0.04020711;-0.024110712;-0.0047216415;0.0026114662;0.00038636828;-0.00642354;1.0004612;1.0004636;1.000003;0.025853863;0.009296847;0.0003569445;-0.010902494;0.0021849023;-0.0026175797;1;0;1
8270696479;8270507755;8270507755;0;0.031408507;-0.2902939;-0.9564219;1.0;1.0;1.0;-0.04047708;0.039827585;-0.011656761;-0.0008902786;0.019885832;-0.016701957;1.0004641;1.0004349;1.0000291;0.026202142;0.025368752;0.0021755965;-0.0011261516;0.05849504;-0.0138168065;1;0;1
8271190993;8271002539;8271002539;0;-0.11403696;-0.09454366;-0.9889676;1.0;1.0;1.0;0.08709762;0.042969365;-0.009336054;0.0043335245;-0.0073535955;-0.010347101;1.0004641;1.000463;1.0000015;0.12131963;0.02952824;0.0013952117;0.0063502365;-0.007700053;-0.0064806542;1;0;1
8271695696;8271507219;8271507219;0;0.09649171;0.23955742;-0.96607536;1.0;1.0;1.0;-0.01725839;-0.04044172;-0.010688007;0.0077754157;0.012413312;-0.0049954583;1.0004616;1.000446;1.0000213;0.004763434;0.026156725;0.0018291853;0.008049068;0.021147382;-0.0027327645;1;0;1
8272200422;8272011899;8272011899;0;-0.022287017;0.13818635;-0.9901554;1.0;1.0;1.0;0.14074643;0.029651314;0.011473894;0.020345781;0.012548273;-0.0093420185;1.0004573;1.0004512;1.0000197;0.31680804;0.014059858;0.002109975;0.04099381;0.019251136;-0.009530465;1;0;1
8272695206;8272506683;8272506683;0;-0.14925513;-0.047488637;-0.98765767;1.0;1.0;1.0;0.08599814;0.04824393;-0.010336757;0.004650575;0.0037602065;-0.018563649;1.0004616;1.0004638;1.0000018;0.11827629;0.037222635;0.0017104015;0.0052646976;-0.005985394;-0.020206658;1;0;1
8273189994;8273001467;8273001467;0;-0.15761723;-0.13116314;-0.97875077;1.0;1.0;1.0;0.06584469;0.0120802;-0.009879649;-0.007775953;-0.013403927;-0.008564235;1.0004598;1.0004576;1.0000105;0.0693365;0.0023337454;0.0015628338;-0.0066471496;-0.031044751;-0.007766527;1;0;1
8273694597;8273506147;8273506147;0;-0.19924903;-0.1475934;-0.9687703;1.0;1.0;1.0;0.0086607635;-0.009138897;-0.00030708313;0.0017669073;-0.001645041;-0.00635737;1.0004472;1.0004534;1.0000284;0.0011996047;0.0013357403;1.5093436e-06;0.00022770897;-0.004820119;-0.004550141;1;0;1
8274199341;8274010827;8274010827;0;-0.19531684;-0.15740162;-0.9680268;1.0;1.0;1.0;0.016801685;0.005574256;-0.0041240454;-0.0007674574;-0.0013194594;-0.0028195085;1.0004497;1.0004545;1.0000255;0.0045147156;0.00049689424;0.00027234518;-0.00025241383;-0.004565325;-0.0017518023;1;0;1
8274694117;8274505610;8274505610;0;-0.17249925;-0.11066595;-0.9787732;1.0;1.0;1.0;0.06636978;0.028176256;-0.012147367;0.008724011;0.0069441306;-0.0043848106;1.0004597;1.0004624;1.0000085;0.07044678;0.012696349;0.002362585;0.009326884;0.007078419;-0.0014184593;1;0;1
8275198735;8275010290;8275010290;0;-0.0014214539;-0.034732133;-0.9993956;1.0;1.0;1.0;0.02221811;0.044000514;-0.00034552813;-0.0049512084;-0.0032937615;-0.0031458964;1.0004649;1.0004656;1.0000002;0.00789464;0.030962333;1.9069407e-06;-0.0063347598;-0.0026119403;-0.0007008396;1;0;1
8275693519;8275505074;8275505074;0;0.06486787;0.05557324;-0.99634516;1.0;1.0;1.0;-0.05249032;-0.05991705;-0.00356853;-0.0030082096;-0.0077177137;-0.0022921597;1.0004652;1.0004659;1.0000001;0.044063244;0.057414193;0.00020378451;-0.002623057;-0.00881;-0.00031546658;1;0;1
8276198696;8276009754;8276009754;0;-0.015836172;-0.15480793;-0.98781765;1.0;1.0;1.0;0.028127847;-0.038142323;0.0066825747;-0.0013709053;0.0040449155;-0.003952792;1.0004655;1.0004487;1.0000174;0.012652923;0.02326684;0.00071524864;-0.0030224773;0.003998548;-0.00086862856;1;0;1
8276693555;8276504538;8276504538;0;-0.06558522;-0.18934986;-0.97971696;1.0;1.0;1.0;0.049964696;0.026789382;-0.0068556666;-0.0006772251;0.0007527095;-0.0021632705;1.0004659;1.000454;1.0000125;0.039924935;0.011477513;0.0007524902;-0.00199044;0.0018178577;-0.00055797305;1;0;1
8277197968;8277009217;8277009217;0;-0.031561248;-0.15767092;-0.98698723;1.0;1.0;1.0;0.024754979;-0.012127012;0.0015310049;0.0009832274;0.00094506954;-0.002037181;1.0004666;1.000453;1.0000135;0.009800371;0.0023519653;3.7546924e-05;-0.00042130597;0.00051424425;-0.0005145582;1;0;1
8277692485;8277504001;8277504001;0;0.010362025;-0.16905625;-0.9855519;1.0;1.0;1.0;-0.029826645;0.025953159;-0.003963113;0.00031642066;-0.0033057535;-0.0012721196;1.0004668;1.000457;1.0000097;0.014227418;0.010772153;0.0002514641;-0.00054403284;-0.0040978687;-0.00027970882;1;0;1
8278197297;8278008681;8278008681;0;-0.032978587;-0.10575731;-0.9938449;1.0;1.0;1.0;0.036508393;-0.052019894;0.0063726306;-0.0004626278;-0.0030357242;-0.0011055454;1.0004674;1.0004551;1.0000116;0.021315841;0.043277316;0.0006505617;-0.0019981943;-0.0019697247;-0.00029649967;1;0;1
8278692286;8278503465;8278503465;0;-0.013518284;-0.1636519;-0.9864255;1.0;1.0;1.0;0.00844136;-0.007817864;0.0012485981;-0.0023896317;-0.0022926198;-0.0012610753;1.0004679;1.0004532;1.0000137;0.0011395717;0.0009774684;2.49722e-05;-0.0031251002;-0.0022332731;-0.00029884523;1;0;1
8279196593;8279008144;8279008144;0;0.03213452;-0.12043722;-0.99220073;1.0;1.0;1.0;-0.04327057;-0.03410943;0.0042753816;-0.001043373;-0.0037848188;-0.00097647426;1.0004683;1.000456;1.0000112;0.029943453;0.0186067;0.00029281783;0.00015308298;-0.0015767599;-0.0003151762;1;0;1
8279691426;8279502929;8279502929;0;-0.00067451637;-0.096934274;-0.9952905;1.0;1.0;1.0;-0.010219368;-0.04641868;0.0056756735;-0.0013326447;-0.0027470235;-0.0010185016;1.0004687;1.0004578;1.0000097;0.0016701849;0.034459285;0.0005160029;0.0005497774;-0.00036257226;-0.00033239005;1;0;1
8280196132;8280007608;8280007608;0;-0.010312089;-0.14333889;-0.9896199;1.0;1.0;1.0;0.017453643;-0.031162143;0.004986167;0.00045581322;-7.8380595e-05;-0.0012609126;1.0004692;1.0004534;1.0000143;0.0048717884;0.015530241;0.00039821214;0.00038417755;0.00086812297;-0.00029511668;1;0;1
8280690959;8280502391;8280502391;0;-0.14663257;-0.052549195;-0.9877943;1.0;1.0;1.0;-0.017297834;-0.0043026954;0.0029606223;-0.0076159975;0.003456472;-0.0023299423;1.0004569;1.0004662;1.0000141;0.004785254;0.00029605962;0.00014037249;-0.011953202;0.010136453;-0.0007215074;1;0;1
8281195516;8281007071;8281007071;0;-0.0810499;-0.06336989;-0.99469346;1.0;1.0;1.0;-0.07459579;0.015847161;0.0080192685;0.00092371914;-0.003273584;-0.0028857584;1.0004582;1.0004671;1.0000124;0.088991724;0.0040164166;0.0010301957;-0.0032732978;-0.0009899713;-0.00065861014;1;0;1
8281700408;8281511750;8281511750;0;-0.12156374;0.044939067;-0.99156576;1.0;1.0;1.0;-0.023807414;-0.06002847;0.002301693;0.001037077;-0.0071614464;-0.0017075504;1.0004597;1.0004683;1.00001;0.009064521;0.057627592;8.489995e-05;-0.00041649028;-0.0058563864;-0.0003444519;1;0;1
8282195226;8282006534;8282006534;0;-0.20441347;-0.14667307;-0.9678337;1.0;1.0;1.0;0.041630983;0.013920471;-0.009852707;0.00026011112;-0.00010181793;-0.0019710942;1.0004574;1.0004606;1.0000206;0.027717542;0.0030988257;0.0015544784;-0.0016671801;0.00047698256;-0.00032087768;1;0;1
8282699704;8282511214;8282511214;0;-0.1462576;-0.1800651;-0.97272056;1.0;1.0;1.0;-0.0144461095;0.03005828;-0.0028153658;-0.0014374056;0.00033742335;-0.0014484221;1.000458;1.0004586;1.0000225;0.0033375127;0.014449577;0.00012690363;-0.00093381456;-0.00036842626;-0.00022590515;1;0;1
8283194443;8283005998;8283005998;0;0.15211754;0.015933268;-0.988234;1.0;1.0;1.0;-0.115743354;-0.0048706997;-0.011040986;-0.0016553709;-0.0065905657;-0.0041584526;1.0004698;1.0004693;1.0000007;0.21424372;0.0003793635;0.0019511475;-0.0031029247;-0.0175998;-0.0008061139;1;0;1
8283699512;8283510677;8283510677;0;0.036219165;0.030966058;-0.99886394;1.0;1.0;1.0;-0.018758008;-0.0049432497;-0.00064474344;-0.00091051316;-0.0034942545;-0.0024441425;1.0004702;1.000469;1.0000005;0.00562716;0.00039078263;6.6547923e-06;-0.0028458273;-0.007572942;-0.000356392;1;0;1
8284194007;8284005461;8284005461;0;0.0020094803;0.023811366;-0.99971443;1.0;1.0;1.0;0.023181252;-0.014365653;7.6174736e-05;-0.00051416026;-0.0018578839;-0.0020489192;1.0004703;1.000469;1.0000004;0.008593885;0.003300421;9.32778e-08;-0.00015692713;-0.000974869;-0.0002110975;1;0;1
8284698617;8284510140;8284510140;0;0.028540438;-0.02064668;-0.9993794;1.0;1.0;1.0;-0.05069293;0.028019203;-0.00034874678;-0.0014430215;0.0009255463;-0.0019663838;1.0004706;1.0004685;1.0000002;0.04109703;0.012555375;1.9373508e-06;-0.0022316542;0.0018521482;-0.00015116308;1;0;1
8285193612;8285004924;8285004924;0;0.019232552;0.07510529;-0.9969901;1.0;1.0;1.0;0.003825521;-0.0738293;-0.0027432442;-0.0029478846;-0.0008815679;-0.0023357791;1.0004704;1.0004677;1.0000002;0.00023404369;0.08717148;0.00012040095;-0.0041233134;0.00017080466;-0.00016437376;1;0;1
8285698217;8285509603;8285509603;0;-0.007901873;-0.030626653;-0.99949974;1.0;1.0;1.0;0.0039278246;0.0067774765;-0.000207901;-0.004536101;0.0015761806;-0.0024352362;1.0004686;1.0004658;1.0000002;0.00024672927;0.00073460484;6.9235836e-07;-0.0074063595;0.0040502246;-0.00017987001;1;0;1
8286192856;8286004387;8286004387;0;-0.032357108;0.03081059;-0.9990013;1.0;1.0;1.0;0.03345186;-0.0255115;-0.0009840131;-0.0014672677;-0.00042513967;-0.0020188238;1.0004634;1.0004625;1.0;0.017896138;0.010408536;1.5494385e-05;-0.0036337809;0.0004302195;-0.00011883831;1;0;1
8286697523;8286509066;8286509066;0;-0.0025289608;-0.04738991;-0.99887323;1.0;1.0;1.0;0.005342597;0.020880405;-0.0007711053;-0.0040708;-0.0050831535;-0.0014697161;1.0004549;1.0004556;1.0000002;0.00045648584;0.006972689;9.519536e-06;-0.0041514505;-0.004216647;-6.893059e-05;1;0;1
8287192327;8287003850;8287003850;0;0.05428987;-0.07993413;-0.99532056;1.0;1.0;1.0;0.0485937;-0.040539198;0.007945359;0.0044016372;-0.022902476;-0.0009002094;1.0004414;1.0004408;1.0000112;0.037764892;0.026282813;0.0010111397;0.0023968515;-0.027635021;-3.1862804e-05;1;0;1
8287697626;8287508531;8287508531;0;0.2648797;-0.20916072;-0.9413238;1.0;1.0;1.0;-0.011568338;-0.00573124;-0.0018905997;-0.014180805;-0.0031831008;-0.0075765615;1.0004095;1.0004189;1.0000482;0.0021403467;0.0005253856;5.7226793e-05;-0.017871749;-0.0024110784;-0.0042814272;1;0;1
8288191777;8288003313;8288003313;0;0.17324068;-0.19683911;-0.9650088;1.0;1.0;1.0;0.0051411986;0.017222196;-0.0024187565;-0.013531849;-0.0006308463;-0.005610407;1.0004148;1.0004166;1.0000274;0.0004227354;0.0047437376;9.367739e-05;-0.0133050615;0.0008136434;-0.0026843408;1;0;1
8288696999;8288507992;8288507992;0;0.16244048;-0.10760666;-0.9808333;1.0;1.0;1.0;-0.03259301;-0.056054138;0.0028973818;-0.0052210083;-0.0055453945;-0.0023686218;1.0004121;1.0004101;1.0000182;0.01698987;0.050253123;0.00013449711;-0.007824919;-0.00459558;-0.0012428991;1;0;1
8289201255;8289012672;8289012672;0;0.013034587;0.14617121;-0.9891734;1.0;1.0;1.0;-0.008082956;-0.11661615;-0.010376096;-0.007432377;-0.0017281593;-0.003543674;1.0004101;1.000412;1.0000004;0.0010449183;0.21749972;0.0017230684;-0.007183446;-0.0038929484;-0.0010164673;1;0;1
8289695972;8289507455;8289507455;0;0.1982193;0.19709232;-0.9601373;1.0;1.0;1.0;0.006251529;0.032562345;0.008582354;0.004687244;0.00038456527;-0.00404238;1.000385;1.0003827;1.0000383;0.0006250651;0.016958319;0.001179364;0.0009630035;-0.0013128921;-0.0020742419;1;0;1
8290191076;8290002239;8290002239;0;0.15062204;0.11926726;-0.98137057;1.0;1.0;1.0;-0.01330179;0.045051344;0.0045661926;-0.006215729;-0.0060012;-0.008557101;1.000387;1.0003868;1.0000182;0.0028299068;0.032461546;0.00033390938;-0.01218003;-0.020181984;-0.009971966;1;0;1
8290695386;8290506918;8290506918;0;0.14789957;0.08071089;-0.9857036;1.0;1.0;1.0;-0.03322944;0.03973519;-0.00037163496;-0.007454407;-0.005396278;-0.0057760384;1.0003821;1.0003855;1.0000107;0.017660385;0.025252601;2.204818e-06;-0.008859791;-0.012112906;-0.0047381655;1;0;1
8291190211;8291001702;8291001702;0;0.15891492;0.03247022;-0.9867582;1.0;1.0;1.0;-0.016774997;0.015448011;-0.0019273162;-0.00860289;-0.0062477407;-0.0044860095;1.0003725;1.0003841;1.0000086;0.004500732;0.0038168002;5.9465343e-05;-0.011948655;-0.0078103202;-0.0023662448;1;0;1
8291694908;8291506381;8291506381;0;-0.07875974;-0.054073792;-0.995426;1.0;1.0;1.0;0.009663954;0.039999418;-0.0020843148;0.0031895903;-0.0073147556;-0.004957138;1.0003719;1.0003781;1.0000019;0.0014937167;0.025589587;6.953759e-05;-0.00092897273;-0.009601474;-0.0015248769;1;0;1
8292199520;8292011060;8292011060;0;0.09083243;0.05417539;-0.99439156;1.0;1.0;1.0;-0.028332826;-0.04534237;-0.0036135912;-0.013849158;-9.0107016e-05;-0.0050537293;1.0003678;1.000372;1.0000014;0.012839262;0.03288273;0.00020901108;-0.02418365;-0.0043600393;-0.0011842092;1;0;1
8292694363;8292505844;8292505844;0;-0.07413261;-0.0417366;-0.9963746;1.0;1.0;1.0;-0.014567837;0.041274868;0.00031596422;0.0024597787;-0.012961398;-0.005424552;1.0003648;1.0003679;1.0000029;0.0033943118;0.027247766;1.6009476e-06;0.0044587995;-0.013920534;-0.0012155849;1;0;1
8293198986;8293010523;8293010523;0;0.15277772;-0.046256527;-0.98717743;1.0;1.0;1.0;-0.0962061;0.035682652;-0.011162937;-0.013829995;0.0044766776;-0.006003985;1.000367;1.000366;1.0000012;0.14803548;0.020364344;0.001994564;-0.019023972;0.0031379769;-0.0013990594;1;0;1
8293693783;8293505307;8293505307;0;-0.14447168;-0.10068096;-0.9843735;1.0;1.0;1.0;0.06516505;0.08202348;-0.0122997165;0.0046398477;-0.011038864;-0.0063882465;1.0003675;1.0003659;1.0000024;0.06791878;0.10760629;0.002421461;0.004446176;-0.01220218;-0.0013458193;1;0;1
8294198575;8294009986;8294009986;0;-0.017905124;0.03524445;-0.99921834;1.0;1.0;1.0;0.00034884177;0.0019150153;6.324053e-05;-0.009576956;0.00342582;-0.005749729;1.0003715;1.0003673;1.0000006;1.9463262e-06;5.865522e-05;6.411047e-08;-0.020664437;0.008258262;-0.0012169468;1;0;1
8294693516;8294504772;8294504772;0;0.0073290924;-0.019862898;-0.9997758;1.0;1.0;1.0;-0.0067411964;0.014813755;-0.00021129847;-0.0015424514;-0.001903762;-0.003697983;1.0003731;1.0003698;1.0;0.00072682847;0.0035098603;7.139497e-07;-0.0053484556;-0.00097064424;-0.00058515626;1;0;1
8295198188;8295009449;8295009449;0;-0.009947679;0.012371534;-0.999874;1.0;1.0;1.0;-0.020046856;0.012430319;0.0006312728;-0.007492464;0.00070533727;-0.0026846495;1.0003747;1.0003716;1.0000006;0.006427615;0.0024712875;6.385718e-06;-0.010878653;-0.0026490767;-0.00030585413;1;0;1
8295692708;8295504232;8295504232;0;-0.17046754;0.1328414;-0.9763678;1.0;1.0;1.0;-0.011707425;0.04327546;0.008999109;0.007462767;-0.010948363;-0.0074033113;1.0003638;1.0003623;1.0000242;0.0021922232;0.029953273;0.0012967421;0.011621489;-0.017941013;-0.0036059015;1;0;1
8296197539;8296008911;8296008911;0;-0.05658428;0.10822468;-0.9925148;1.0;1.0;1.0;-0.062114175;0.05789385;0.013572693;-0.0008779244;-0.005779365;-0.0047457153;1.0003724;1.0003655;1.0000157;0.06170775;0.05360683;0.0029501086;0.0047422615;-0.009972906;-0.0022774301;1;0;1
8296692461;8296503695;8296503695;0;-0.06715652;0.13888367;-0.988029;1.0;1.0;1.0;-0.028231807;-0.015139654;0.00030988455;-0.00034958954;-0.0034368958;-0.0033871355;1.0003757;1.0003723;1.0000092;0.012747769;0.0036660354;1.5399892e-06;0.0049459455;-0.0061841216;-0.0015350735;1;0;1
8297196901;8297008374;8297008374;0;-0.09680566;0.114083596;-0.9887434;1.0;1.0;1.0;-0.013269976;0.022018172;0.0041811466;-0.0009624242;-0.008604076;-0.0038044127;1.0003761;1.0003732;1.0000117;0.0028164168;0.007753862;0.00027993188;0.0020296697;-0.016349666;-0.0015596229;1;0;1
8297691733;8297503157;8297503157;0;-0.19665268;-0.22088936;-0.9552673;1.0;1.0;1.0;0.05494374;0.033306867;-0.016700387;-0.0013358033;0.0017354786;-0.0053906697;1.000375;1.0003691;1.0000211;0.048282925;0.017742373;0.0044650286;-0.0008646397;0.0010329984;-0.0018086195;1;0;1
8298196443;8298007836;8298007836;0;-0.20039715;-0.07741206;-0.9766516;1.0;1.0;1.0;0.020821676;-0.08405065;0.0062448382;0.0016315324;-0.0028097797;-0.0031789255;1.0003728;1.0003747;1.0000223;0.00693409;0.11299053;0.00062468083;0.0027695193;-0.002277681;-0.0011317185;1;0;1
8298691177;8298502620;8298502620;0;-0.18599488;-0.13019028;-0.9738872;1.0;1.0;1.0;0.006436482;-0.016174406;0.0010885596;-0.00018626198;-0.003366475;-0.0016640982;1.000375;1.0003786;1.0000206;0.00066260435;0.0041842293;1.8977693e-05;0.0032410691;-0.0016210992;-0.00073938025;1;0;1
8299195750;8299007299;8299007299;0;-0.13441221;-0.11767078;-0.9839141;1.0;1.0;1.0;-0.026838586;-0.024338804;0.007268131;-0.0021133395;-0.0015108706;-0.0014471448;1.0003799;1.0003812;1.0000179;0.011520578;0.009474206;0.00084588974;0.002321944;-0.00067553885;-0.0006836362;1;0;1
8299701085;8299511978;8299511978;0;0.08590179;0.013811527;-0.9962079;1.0;1.0;1.0;0.008017011;0.041377;0.0021576881;0.0051037273;1.4340798e-05;-0.0033411968;1.0003886;1.00039;1.0000046;0.0010279599;0.027382178;7.456775e-05;0.00515413;-0.0056777946;-0.0008186918;1;0;1
8300195800;8300006761;8300006761;0;0.12047127;0.123178676;-0.985045;1.0;1.0;1.0;0.034521148;0.07976343;0.018190444;-0.0047081523;-0.007468539;-0.005965886;1.0003841;1.000377;1.0000255;0.019060034;0.10175572;0.0052988604;-0.008546161;-0.014055913;-0.0030988536;1;0;1
8300690598;8300501545;8300501545;0;0.2961338;0.19346192;-0.93534875;1.0;1.0;1.0;-0.08653979;-0.06751369;-0.034283876;0.0043810983;-0.00768914;-0.005127809;1.0003777;1.0003889;1.0000236;0.119780935;0.07289913;0.018816952;0.0034395813;-0.013951344;-0.003137521;1;0;1
8301194753;8301006224;8301006224;0;0.18749206;0.079452574;-0.97904754;1.0;1.0;1.0;-0.0014567673;0.011701249;0.000741601;-0.0048954976;-0.0043092314;-0.005271137;1.0003829;1.0003936;1.000017;3.3941742e-05;0.0021898511;8.809307e-06;-0.008696931;-0.0073105516;-0.0030118134;1;0;1
8301699699;8301510903;8301510903;0;-0.09025782;-0.034905005;-0.99530655;1.0;1.0;1.0;0.062399663;0.02674561;-0.0042712092;-0.004659232;-0.00029723003;-0.00449344;1.0003983;1.0003989;1.0000004;0.062274683;0.011440676;0.0002920056;-0.0080947;-0.0038478505;-0.001836433;1;0;1
8302194230;8302005686;8302005686;0;0.23283556;-0.05565336;-0.97092247;1.0;1.0;1.0;-0.010742947;0.027907187;-0.0037069917;0.0106946975;-0.008519281;-0.0051323283;1.0003809;1.0004007;1.00002;0.0018458717;0.012455972;0.00022001269;0.017923571;-0.01214699;-0.0016520598;1;0;1
8302698845;8302510365;8302510365;0;0.24786124;0.056207627;-0.9671636;1.0;1.0;1.0;-0.031010479;-0.051152617;-0.009025276;-0.014435336;-0.004590206;-0.009198967;1.000384;1.0004026;1.000019;0.0153804915;0.041848585;0.0013040914;-0.024924073;-0.0034067896;-0.005040258;1;0;1
8303193835;8303005148;8303005148;0;-0.089418426;0.02683316;-0.99563265;1.0;1.0;1.0;0.03980762;-0.029624393;-0.0031312704;0.01730683;-0.012788467;-0.00848715;1.0004038;1.0004046;1.000001;0.025344115;0.014035979;0.0001569492;0.02090929;-0.014331344;-0.003174948;1;0;1
8303698325;8303509827;8303509827;0;0.1551003;-0.1792859;-0.97149396;1.0;1.0;1.0;-0.009100154;-0.027571753;0.0040762424;-0.008969831;0.00018289361;-0.009574629;1.0003985;1.000389;1.0000261;0.001324477;0.012158627;0.00026606282;-0.020791227;0.0018145558;-0.0050073923;1;0;1
8304193057;8304004610;8304004610;0;0.06080329;-0.3370758;-0.9395121;1.0;1.0;1.0;0.048297446;-0.0040975213;0.0058616996;-0.0034293402;0.0025046794;-0.00624761;1.0004048;1.0003606;1.0000523;0.03730719;0.0002684404;0.00055020436;-0.007572751;0.002891505;-0.003393912;1;0;1
8304697734;8304509289;8304509289;0;-0.0126490025;-0.2671197;-0.9635803;1.0;1.0;1.0;0.018062416;-0.041626155;0.0124461055;0.000583812;-0.0026734844;-0.00231598;1.0004122;1.0003711;1.0000391;0.0052178632;0.027713466;0.002480386;-0.0020664886;-0.003990689;-0.0012286328;1;0;1
8305192521;8305004073;8305004073;0;-0.07540239;-0.09155045;-0.9929416;1.0;1.0;1.0;0.040033802;-0.0033334866;-0.001917839;0.0010479303;0.0136571685;-0.0059171687;1.0004141;1.0004085;1.0000042;0.02563267;0.00017772787;5.8878726e-05;-0.0022348939;0.017094838;-0.0022444658;1;0;1
8305697263;8305508751;8305508751;0;-0.03436353;0.06036734;-0.9975846;1.0;1.0;1.0;0.030754946;0.041188143;0.0027595758;0.004697353;0.0016225375;-0.0041156583;1.0004163;1.0004101;1.0000043;0.015127569;0.027132295;0.00012199631;0.003423084;0.0033486001;-0.0011368804;1;0;1
8306191986;8306003535;8306003535;0;-0.02573179;0.21956709;-0.97525805;1.0;1.0;1.0;-0.008969892;0.0337331;0.00848943;0.0020154398;-0.009453836;-0.0060628997;1.0004168;1.0003896;1.0000273;0.001286807;0.01819963;0.0011540183;0.0023848107;-0.017167613;-0.0027970064;1;0;1
8306696671;8306508213;8306508213;0;0.0017054921;0.0630378;-0.9980097;1.0;1.0;1.0;-0.035798788;-0.012553904;-0.00013327599;-0.0027616406;-0.025232054;-0.0082589025;1.0004177;1.0004171;1.0000015;0.02049629;0.00252057;2.836912e-07;-0.0028693208;-0.032296415;-0.003179355;1;0;1
8307201347;8307012892;8307012892;0;0.031254806;-0.23468564;-0.9715687;1.0;1.0;1.0;-0.00381493;0.013802975;-0.0033442974;-0.003962113;0.010681164;-0.010702213;1.00042;1.0003996;1.0000209;0.0002327613;0.0030471298;0.00017909858;-0.0018464389;0.021271467;-0.0049747117;1;0;1
8307696121;8307507675;8307507675;0;-0.2649386;0.012069524;-0.96418977;1.0;1.0;1.0;0.010126561;0.010352449;-0.0025398731;0.0051685655;-0.005061879;-0.008532856;1.0003948;1.0004218;1.0000277;0.0016401083;0.0017140537;0.00010328995;0.0039386274;-0.0006984624;-0.0033293888;1;0;1
8308190915;8308002458;8308002458;0;-0.13777515;0.015513656;-0.990342;1.0;1.0;1.0;-0.010366261;-0.02585847;0.0014292002;0.0020617668;-0.001966306;-0.004580546;1.0004148;1.0004238;1.0000093;0.001718637;0.010694026;3.2714226e-05;0.0045921966;0.0006274574;-0.0018525096;1;0;1
8308695627;8308507137;8308507137;0;0.09748727;0.008645199;-0.9951992;1.0;1.0;1.0;-0.061611142;-0.0064553833;-0.0041537285;-0.0051416396;-0.005039227;-0.0034068378;1.0004252;1.0004257;1.0000006;0.060709108;0.0006664619;0.00027618196;-0.00269339;-0.0061116475;-0.0008776059;1;0;1
8309194055;8309001920;8309001920;0;0.03316559;0.002128116;-0.99944764;1.0;1.0;1.0;-0.033236578;0.0076137576;-0.00050491095;-7.0383653e-06;-0.0051766224;-0.0025277808;1.0004276;1.0004274;1.0;0.017667167;0.0009271154;4.078961e-06;0.0018536857;-0.006609525;-0.00040607734;1;0;1
8309695305;8309506599;8309506599;0;-0.03168045;-0.07326808;-0.996809;1.0;1.0;1.0;0.042122144;0.06446706;-0.0030976534;-0.0007622105;-0.0016131187;-0.0022586677;1.0004292;1.0004292;1.0000001;0.028376224;0.066467464;0.00015354501;-0.00079437095;-0.0037080913;-0.00023019848;1;0;1
8310199801;8310011278;8310011278;0;-0.05411409;-0.06876569;-0.9961641;1.0;1.0;1.0;0.04772081;0.058735035;-0.003764689;0.00085546065;-0.0023198416;-0.0021412426;1.000431;1.0004308;1.0;0.036420714;0.055173077;0.0002268164;0.0023594105;-0.0026090634;-0.00016405244;1;0;1
8310694601;8310506061;8310506061;0;-0.03664006;0.022115838;-0.9990838;1.0;1.0;1.0;0.019287813;-0.01864467;-0.0007594228;0.0008482429;-0.0057495614;-0.002081802;1.0004324;1.0004324;1.0000001;0.0059497436;0.005559579;9.233361e-06;0.0021704258;-0.004676263;-0.00014435427;1;0;1
8311189699;8311000844;8311000844;0;0.012477492;0.03925785;-0.99915123;1.0;1.0;1.0;-0.021677863;-0.04025536;-0.0008060932;0.0006829833;-0.004183014;-0.0019014451;1.0004342;1.000434;1.0;0.007515613;0.025916647;1.0393505e-05;-0.0007481993;-0.0033792052;-0.00012243756;1;0;1
8311693974;8311505522;8311505522;0;0.012682047;-0.004152669;-0.99991095;1.0;1.0;1.0;-0.015464183;0.00016849395;-7.724762e-05;-9.774045e-05;-0.003632566;-0.0020862785;1.0004357;1.0004357;1.0;0.0038245888;4.5407063e-07;9.5475116e-08;0.0005993117;-0.004329138;-0.00013826159;1;0;1
8312199108;8312010201;8312010201;0;0.08282254;-0.0059328363;-0.9965467;1.0;1.0;1.0;-0.09767292;0.011382285;-0.0033288598;0.00053123565;-0.0051725903;-0.0020637894;1.0004373;1.0004373;1.0000001;0.15257327;0.002072005;0.00017722472;0.0029060345;-0.0069095506;-0.00014508942;1;0;1
8312693985;8312504984;8312504984;0;-0.10059559;0.024582472;-0.99462366;1.0;1.0;1.0;0.08828965;-0.003140865;-0.00507015;0.001104014;-0.0031081096;-0.0020976595;1.0004387;1.0004387;1.0000002;0.1246663;0.00015777243;0.00041139935;0.0037922785;-0.00423684;-0.00013749949;1;0;1
8313198162;8313009662;8313009662;0;-0.06485869;-0.09154703;-0.9936863;1.0;1.0;1.0;0.05988391;0.09743087;-0.0062841177;0.00023289704;-0.0005810377;-0.0020961065;1.0004402;1.0004404;1.0;0.057352073;0.1518175;0.0006318422;0.0012920981;0.0010438802;-0.00012320383;1;0;1
8313692896;8313504445;8313504445;0;-0.0016341326;0.0030302973;-0.9999941;1.0;1.0;1.0;-0.0033016275;-0.011451112;4.184246e-05;0.0015645063;-0.003237496;-0.001750947;1.0004416;1.0004418;1.0;0.00017433493;0.002097121;2.7932913e-08;0.002700022;-0.003482825;-9.2057504e-05;1;0;1
8314197687;8314009124;8314009124;0;-0.018711135;-0.06444755;-0.99774563;1.0;1.0;1.0;0.018477112;0.051406335;-0.002169013;0.0009496711;-0.0020798976;-0.0022595793;1.0004431;1.0004432;1.0000001;0.0054600392;0.042263042;7.529042e-05;0.0027651007;-0.0014933738;-0.00015310667;1;0;1
8314692437;8314503907;8314503907;0;-0.0050930544;0.033679746;-0.99941975;1.0;1.0;1.0;-0.010679867;-0.036797676;-0.00045108795;0.0019668604;-0.002704338;-0.0017985876;1.0004443;1.0004448;1.0000001;0.0018241425;0.021655468;3.2539645e-06;0.002926405;-0.003268528;-9.825053e-05;1;0;1
8315197079;8315008585;8315008585;0;-0.06004005;0.0074160974;-0.9981684;1.0;1.0;1.0;0.03275659;-0.007410153;-0.0014590025;0.00191448;-0.0060949647;-0.002083528;1.0004455;1.0004461;1.0000002;0.017160263;0.00087817496;3.407292e-05;0.00218039;-0.0080387695;-0.00015666278;1;0;1
8315691819;8315503370;8315503370;0;0.015015475;-0.0032763174;-0.99988186;1.0;1.0;1.0;0.029756285;-0.0137738185;0.0010294914;-0.0036909124;0.00011220746;-0.002445689;1.0004461;1.0004472;1.0000011;0.014160667;0.0030341293;1.697923e-05;-0.008687919;0.00011176663;-0.0002536416;1;0;1
8316196856;8316008047;8316008047;0;-0.07143654;0.14643402;-0.98663765;1.0;1.0;1.0;-0.042638063;-0.09248854;-0.005368829;0.0008721783;-0.012631233;-0.0037424373;1.0004411;1.0004461;1.0000072;0.029075246;0.13680546;0.00046117563;9.364808e-05;-0.012035828;-0.00070017506;1;0;1
8316691384;8316502830;8316502830;0;-0.010911085;-0.0043202126;-0.9999311;1.0;1.0;1.0;0.013852422;0.033955228;0.00037413836;-0.0036064575;0.00060225226;-0.0042002737;1.0004452;1.0004451;1.0000005;0.0030688671;0.01843911;2.2460981e-06;-0.0018273032;0.0042255623;-0.00074356276;1;0;1
8317196019;8317007508;8317007508;0;0.0176891;0.048371036;-0.9986728;1.0;1.0;1.0;0.0032290928;-0.027834848;-0.0008971691;0.0020504291;-0.0041939383;-0.002935864;1.0004427;1.0004431;1.0000004;0.00016675881;0.012390969;1.2887152e-05;0.002880899;-0.0015481577;-0.0003672081;1;0;1
8317700910;8317512186;8317512186;0;0.00071428524;-0.034173995;-0.99941564;1.0;1.0;1.0;-0.026095657;0.013291134;-4.4226646e-05;-0.00013917818;-0.0019817562;-0.0021980964;1.0004413;1.000442;1.0000005;0.010890926;0.0028252196;3.1127442e-08;0.00023556975;0.00020801592;-0.00020068123;1;0;1
8318195661;8318006969;8318006969;0;-0.06994426;0.053915486;-0.9960928;1.0;1.0;1.0;0.05715769;-0.039771847;-0.0037248135;0.0037975477;-0.0055359527;-0.0019171129;1.0004416;1.000442;1.0000001;0.052248955;0.025297606;0.0002220659;0.0032264965;-0.0034923444;-0.00014184664;1;0;1
8318690426;8318501752;8318501752;0;-0.04013066;0.0027420367;-0.9991906;1.0;1.0;1.0;0.044154137;-8.316524e-05;-0.0007978678;0.0018037787;-0.0056395354;-0.0021856325;1.0004424;1.000443;1.0;0.031179613;1.1062361e-07;1.0180923e-05;0.0022661965;-0.004212181;-0.0001451952;1;0;1
8319194895;8319006430;8319006430;0;-0.03693424;0.01982795;-0.999121;1.0;1.0;1.0;0.011245679;-0.03535154;-0.000428617;0.0019426271;-0.0009648416;-0.0021606693;1.0004435;1.0004442;1.0000004;0.0020225479;0.01998683;2.9377645e-06;-0.0006965091;5.377873e-06;-0.00014857651;1;0;1
8319699678;8319511109;8319511109;0;-0.021019557;0.048321918;-0.9986107;1.0;1.0;1.0;0.03672811;-0.043865174;-0.0012562871;-0.0008701986;-0.0048330193;-0.0022214365;1.0004448;1.0004452;1.0000001;0.02157367;0.03077277;2.5240133e-05;-0.0019885898;-0.0069427863;-0.00016316352;1;0;1
8320194439;8320005894;8320005894;0;-0.060798477;0.00023088904;-0.99815005;1.0;1.0;1.0;0.035498187;-0.004615695;-0.0015198588;-0.0006929299;0.0014458186;-0.002312461;1.0004449;1.000445;1.0000002;0.020152975;0.00034072442;3.6976922e-05;-0.0021707332;0.0016310966;-0.00017617487;1;0;1
8320699037;8320510570;8320510570;0;0.06979944;-0.04573818;-0.99651194;1.0;1.0;1.0;-0.07034333;0.03168276;-0.0033889413;-0.00085776235;0.0005571844;-0.0018599441;1.0004429;1.0004423;1.0;0.0791359;0.016053671;0.00018377816;-0.0018388871;0.0006204616;-0.000122005215;1;0;1
8321193848;8321005352;8321005352;0;0.030546742;0.019319285;-0.9993466;1.0;1.0;1.0;-0.0008258205;-0.02225027;-0.00020730495;-0.0029728452;-0.0042016483;-0.0017662885;1.0004362;1.0004361;1.0000004;1.0906914e-05;0.00791774;6.876053e-07;-0.0048925416;-0.0024041182;-0.000109671644;1;0;1
8321698568;8321510031;8321510031;0;-0.042583786;0.011467561;-0.99902713;1.0;1.0;1.0;0.033852853;-0.022747142;-0.0008711815;-0.0022082364;-0.001968341;-0.0017117867;1.0004257;1.0004255;1.0;0.018328447;0.008275393;1.2141653e-05;-0.0050179265;0.000106320644;-0.0001173772;1;0;1
8322193262;8322004813;8322004813;0;0.00096890907;0.0054228925;-0.9999848;1.0;1.0;1.0;0.03633337;-0.008769895;0.00068587065;-0.0027123832;-0.012977247;-0.0020465802;1.0004113;1.0004121;1.0000006;0.021113139;0.0012300683;7.5384705e-06;-0.0048117717;-0.011147235;-0.0001344977;1;0;1
8322698211;8322509492;8322509492;0;0.09870773;-0.007287621;-0.9950898;1.0;1.0;1.0;-0.11836758;0.0060811415;-0.0047171116;-0.006345181;-0.015676798;-0.0020946492;1.0003972;1.0003977;1.0000001;0.22408515;0.00059144484;0.0003558743;-0.01099991;-0.015674664;-0.00014390866;1;0;1
8323192753;8323004274;8323004274;0;0.020736312;-0.03414469;-0.9992018;1.0;1.0;1.0;-0.025847996;0.020520758;-0.00069224834;-0.0053098523;-0.011928949;-0.0018945677;1.0003849;1.0003849;1.0;0.0106857885;0.006735027;7.669965e-06;-0.009328151;-0.012882772;-0.000118988704;1;0;1
8323697401;8323508952;8323508952;0;-0.0056528593;0.00498948;-0.9999716;1.0;1.0;1.0;0.004101768;-0.0105923;-1.1444092e-05;-0.006916039;-0.008971388;-0.0023586254;1.0003744;1.0003744;1.0;0.00026909128;0.001794477;2.1173605e-09;-0.010322266;-0.009744362;-0.00017323812;1;0;1
8324193033;8324003735;8324003735;0;0.16344498;0.014287828;-0.986449;1.0;1.0;1.0;-0.13536136;-0.028080914;-0.013060093;-0.009785554;-0.004183003;-0.0025325937;1.0003666;1.0003666;1.0000004;0.2930557;0.012612021;0.0027296036;-0.014570318;-0.0033822088;-0.00021428523;1;0;1
8324697559;8324508413;8324508413;0;-0.12566508;0.07072133;-0.98954874;1.0;1.0;1.0;0.065314665;-0.055207685;-0.008506179;-0.0036722543;-0.011612787;-0.0024792042;1.0003604;1.0003613;1.0000014;0.0682315;0.048748557;0.0011581501;-0.0020284655;-0.011393708;-0.0002632793;1;0;1
8325192129;8325003196;8325003196;0;0.06795679;-0.07538;-0.9948366;1.0;1.0;1.0;-0.031847224;0.042205486;-0.003959477;-0.0077697756;0.002907208;-0.0042093457;1.0003589;1.0003586;1.0000008;0.016222108;0.028490618;0.00025095997;-0.021415807;0.005107668;-0.0009954398;1;0;1
8325696352;8325507874;8325507874;0;-0.08035614;-0.0065016523;-0.99674505;1.0;1.0;1.0;0.0327004;0.04166428;-0.0014995933;-0.0008475901;-0.0050003417;-0.0031677398;1.0003586;1.0003588;1.0000013;0.017102925;0.027764646;3.5983292e-05;-0.0026516211;-0.0030378578;-0.00056368246;1;0;1
8326191112;8326002656;8326002656;0;0.043303423;0.015427432;-0.99894285;1.0;1.0;1.0;-0.06424124;-0.0007710615;-0.00073099136;-0.005627409;-0.0001744875;-0.0018199204;1.0003606;1.0003606;1.0000002;0.06600718;9.508869e-06;8.537028e-06;-0.006116858;0.00050145405;-0.00023874707;1;0;1
8326695816;8326507335;8326507335;0;0.027745174;-0.10355743;-0.9942364;1.0;1.0;1.0;0.015156878;0.066152945;-0.0041418076;-0.00088798796;-0.0032639534;-0.001975721;1.0003617;1.000362;1.0000012;0.0036743663;0.06999407;0.0002745518;-0.0032199072;-0.0020705264;-0.00018949807;1;0;1
8327200460;8327012013;8327012013;0;-0.11253707;0.16195044;-0.9803609;1.0;1.0;1.0;0.032859802;-0.113493875;-0.015278459;-0.005474753;-0.011013863;-0.0032094128;1.0003624;1.0003642;1.0000031;0.017270006;0.20601854;0.0037363463;-0.009848752;-0.012992498;-0.00047498604;1;0;1
8327695240;8327506795;8327506795;0;0.03043824;0.023837157;-0.9992524;1.0;1.0;1.0;-0.0054683294;-0.017837875;-0.00041782856;-0.004100764;0.002117343;-0.0037814197;1.0003669;1.0003678;1.0000002;0.00047826653;0.005089164;2.7940875e-06;0.00056980643;0.0024129953;-0.0006900544;1;0;1
8328199937;8328011473;8328011473;0;-0.009142887;-0.042194314;-0.9990676;1.0;1.0;1.0;0.013109811;0.02237301;-0.0007279515;0.0036511049;-0.00784968;-0.002894694;1.0003695;1.00037;1.0000001;0.0027488584;0.008005862;8.481391e-06;0.0061084125;-0.008309811;-0.00037713806;1;0;1
8328694804;8328506256;8328506256;0;-0.020849222;0.02832405;-0.9993813;1.0;1.0;1.0;0.031327512;0.005626308;1.2516975e-05;-0.008477866;-0.003960568;-0.003274649;1.0003718;1.0003718;1.0000005;0.015696773;0.00050629856;2.5547695e-09;-0.01688406;-0.0030288016;-0.0005758107;1;0;1
8329189574;8329001038;8329001038;0;-0.06659693;-0.097937614;-0.99296176;1.0;1.0;1.0;0.051423572;0.11205616;-0.006823659;0.004943875;-0.005862865;-0.0037543129;1.0003729;1.0003734;1.0000001;0.042294372;0.2008304;0.00074494496;0.0038957314;-0.0031600024;-0.00060171424;1;0;1
8329694163;8329505716;8329505716;0;-0.034447163;0.058604438;-0.99768674;1.0;1.0;1.0;0.027249489;-0.032396868;-0.0019435287;5.3336484e-05;-0.0032035734;-0.00303178;1.0003737;1.0003741;1.0000004;0.011876116;0.016786622;6.045537e-05;-0.0033620521;-0.004019442;-0.0003853241;1;0;1
8330199039;8330010395;8330010395;0;0.048863217;-0.03962019;-0.99801934;1.0;1.0;1.0;-0.06510518;0.030189414;-0.0018045902;-0.0022077588;-0.00064802426;-0.002364319;1.000375;1.0003756;1.0000001;0.067793526;0.014576927;5.20944e-05;-0.0038383708;0.000978064;-0.00023429756;1;0;1
8330694077;8330505177;8330505177;0;-0.00829964;0.055446636;-0.9984272;1.0;1.0;1.0;0.028294198;-0.033111524;-0.0011233091;-0.0005049816;-0.006899433;-0.0021546222;1.0003766;1.0003772;1.0000004;0.012804165;0.01753535;2.019131e-05;-0.0031419934;-0.003963809;-0.0001739961;1;0;1
8331198302;8331009855;8331009855;0;0.032310095;-0.005590548;-0.9994623;1.0;1.0;1.0;-0.0594393;0.008678452;-0.0001654625;0.0033735519;-0.0015463952;-0.0026207778;1.0003785;1.0003796;1.0000002;0.056507103;0.001204588;4.3552416e-07;0.0012017015;0.0015736768;-0.00022528553;1;0;1
8331693083;8331504637;8331504637;0;0.01862438;-0.01915295;-0.9996431;1.0;1.0;1.0;-0.00700798;0.021796096;-0.0002859831;-0.004262759;-0.006838151;-0.0024295682;1.0003811;1.0003821;1.0;0.0007854891;0.007598214;1.3091267e-06;-0.004168307;-0.0070350124;-0.00020506907;1;0;1
8332197870;8332009315;8332009315;0;-0.05667629;0.01844235;-0.9982223;1.0;1.0;1.0;0.030488584;0.0005741138;-0.0012536049;0.006033529;0.0004099837;-0.0024590774;1.0003837;1.0003842;1.0000005;0.014867155;5.2716127e-06;2.5153955e-05;0.0032193388;0.0011243753;-0.00021674648;1;0;1
8332692686;8332504097;8332504097;0;0.046454165;-0.032986358;-0.9983757;1.0;1.0;1.0;-0.034775525;0.008503046;-0.0012561083;-0.0060713706;-0.004874713;-0.0025901636;1.0003859;1.0003856;1.0000002;0.01934193;0.0011563841;2.5254507e-05;-0.0100863315;-0.0043629725;-0.00027252664;1;0;1
8333197257;8333008775;8333008775;0;-0.030291943;0.006503252;-0.99951994;1.0;1.0;1.0;-0.0010125842;0.0016468256;4.3272972e-05;0.0054475055;-0.0014222802;-0.0023870186;1.0003852;1.0003848;1.0000004;1.6398912e-05;4.337591e-05;2.996079e-08;0.004496907;-0.0016004775;-0.00023208398;1;0;1
8333692039;8333503558;8333503558;0;0.042550154;-0.014618939;-0.9989874;1.0;1.0;1.0;0.007547844;0.004016096;0.00029927492;-0.0025475193;-0.0054634013;-0.0021508797;1.0003805;1.0003809;1.000001;0.0009111725;0.00025796663;1.4341881e-06;-0.0039518625;-0.00521536;-0.00018660133;1;0;1
8334196886;8334008236;8334008236;0;-0.0048913807;-0.06655343;-0.99777085;1.0;1.0;1.0;-0.020420581;0.034166407;-0.001383841;-0.0012743657;0.0016362577;-0.0022153892;1.0003732;1.0003731;1.0000007;0.0066695125;0.018670527;3.0645515e-05;-0.0015426624;0.0034152626;-0.00019390014;1;0;1
8334691570;8334503018;8334503018;0;0.015743868;0.08777317;-0.996016;1.0;1.0;1.0;0.020074839;-0.0634032;-0.003044784;-0.006630214;-0.01136878;-0.003107623;1.0003623;1.000363;1.0000006;0.006445651;0.064296104;0.00014836031;-0.0059735305;-0.011689253;-0.00030880814;1;0;1
8335196176;8335007696;8335007696;0;-0.030864518;-0.02608953;-0.99918294;1.0;1.0;1.0;0.041388765;0.015158489;-0.0007019639;-0.0032746077;-0.006546863;-0.0019236805;1.0003504;1.000351;1.0000001;0.027398879;0.0036751877;7.884052e-06;-0.0029703283;-0.007020673;-0.00015117694;1;0;1
8335690984;8335502478;8335502478;0;0.027732465;0.06718732;-0.99735487;1.0;1.0;1.0;-0.015351134;-0.019412372;-0.0014261603;-0.0029107213;-0.008419944;-0.002052072;1.0003387;1.0003383;1.0000008;0.0037692406;0.006027402;3.255651e-05;-0.002292523;-0.010564307;-0.00017665784;1;0;1
8336196205;8336007156;8336007156;0;-0.08139356;0.022574931;-0.99642634;1.0;1.0;1.0;0.048227128;-0.044780247;-0.0027766228;-0.0039759744;-0.011988917;-0.0022281422;1.0003264;1.0003268;1.0000006;0.037201554;0.032073874;0.00012337526;-0.00621857;-0.013549699;-0.00021915998;1;0;1
8336690409;8336501938;8336501938;0;0.018145451;-0.011598011;-0.9997681;1.0;1.0;1.0;0.02054978;-0.024510007;0.0011690855;-0.0040750657;-0.0061096293;-0.002502184;1.0003151;1.0003157;1.000001;0.006754567;0.009608808;2.1888229e-05;-0.009716679;-0.006731718;-0.0002507219;1;0;1
8337195493;8337006616;8337006616;0;-0.06317596;-0.07300592;-0.99532855;1.0;1.0;1.0;0.040196896;0.07881578;-0.004390359;-0.002394136;-0.008124063;-0.0025625892;1.0003053;1.000306;1.0000001;0.025844757;0.09936045;0.00030842074;-0.00576418;-0.0094783995;-0.00023615242;1;0;1
8337699835;8337511294;8337511294;0;0.3548132;-0.0015430182;-0.9349359;1.0;1.0;1.0;-0.059237152;0.008761185;-0.020351052;0.01132639;-0.0076070745;-0.002638342;1.0002707;1.0002972;1.000026;0.056129448;0.0012277813;0.006629695;0.009091197;-0.007391098;-0.001923125;1;0;1
8338194632;8338006076;8338006076;0;0.20194745;-0.083667554;-0.9758161;1.0;1.0;1.0;0.020696342;0.066393554;0.001068294;-0.0079986295;-0.0074420786;-0.010433189;1.0002745;1.00029;1.0000144;0.006851536;0.070509225;1.8294426e-05;-0.032435592;-0.007908586;-0.013609834;1;0;1
8338699296;8338510754;8338510754;0;0.15052894;0.010501996;-0.9885499;1.0;1.0;1.0;-0.0048226714;-0.019769209;-0.00073444843;-0.003786367;-0.011021986;-0.005418497;1.0002751;1.0002828;1.000006;0.00037202818;0.0062513757;8.634784e-06;-0.0149035035;-0.011005219;-0.0056070546;1;0;1
8339194005;8339005536;8339005536;0;-0.10854169;0.037618954;-0.9933799;1.0;1.0;1.0;0.045889094;-0.033704013;-0.004646957;-0.013998493;-0.00927833;-0.004376751;1.000273;1.0002757;1.0000011;0.03368375;0.018170381;0.00034563107;-0.0209872;-0.008529371;-0.0026201876;1;0;1
8339698709;8339510214;8339510214;0;-0.1586454;0.029073676;-0.9869075;1.0;1.0;1.0;-0.055302188;-0.034939162;0.010076761;0.0015459796;-0.009235216;-0.0041687717;1.0002553;1.0002689;1.0000122;0.04892082;0.019526629;0.001625676;-0.0020943934;-0.0076483674;-0.0016947984;1;0;1
8340193440;8340004996;8340004996;0;-0.1939102;-0.05324751;-0.9795732;1.0;1.0;1.0;0.009974897;0.017453767;-0.0027126074;-0.0050874944;-0.0032841263;-0.0015798914;1.0002527;1.0002624;1.0000093;0.0015915749;0.0048728567;0.00011778764;-0.005242622;-0.00092451967;-0.00068188994;1;0;1
8340698474;8340509673;8340509673;0;-0.15596464;-0.036834303;-0.98707557;1.0;1.0;1.0;-0.018920496;-0.006476376;0.00343889;-0.0035318562;-0.008191864;-0.0010800692;1.0002482;1.0002564;1.0000083;0.0057263416;0.0006709131;0.00018931224;-0.0033909273;-0.00813674;-0.00038620387;1;0;1
8341192957;8341004455;8341004455;0;-0.1500585;0.0036112105;-0.9886705;1.0;1.0;1.0;-0.0044863373;-0.033593338;0.0011394024;-0.0045614247;-0.00913099;-0.00059448235;1.0002447;1.0002515;1.0000062;0.0003219568;0.018051649;2.078689e-05;-0.0031964346;-0.0071075596;-0.00021096726;1;0;1
8341697617;8341509133;8341509133;0;-0.22842066;-0.00012993928;-0.9735626;1.0;1.0;1.0;0.05440043;-0.027300965;-0.010795236;-0.004314772;-0.00662341;-0.0004583827;1.0002387;1.0002468;1.0000077;0.04733921;0.0119225755;0.0018653207;-0.0031378053;-0.004490824;-0.00017680768;1;0;1
8342192849;8342003915;8342003915;0;0.0969263;0.02278759;-0.99503064;1.0;1.0;1.0;-0.058866102;-0.016112164;-0.004221916;0.0005607952;-0.007693991;-0.0022417356;1.0002416;1.0002427;1.0000004;0.055430096;0.0041526346;0.00028527365;0.002464321;-0.0054797884;-0.0003974237;1;0;1
8342697115;8342508593;8342508593;0;-0.024235126;-0.018766584;-0.99953014;1.0;1.0;1.0;0.039875872;0.020109758;-0.00034677982;-0.0044476897;-0.007933853;-0.0023442863;1.0002382;1.0002389;1.0;0.025435306;0.006468904;1.9234385e-06;-0.005271835;-0.006195152;-0.0003328503;1;0;1
8343191964;8343003375;8343003375;0;0.031636395;0.03956793;-0.998716;1.0;1.0;1.0;-0.022998057;-0.021367233;-0.0010809302;-0.0053729233;-0.0082132565;-0.0018888308;1.000235;1.0002354;1.0000001;0.008460582;0.0073032225;1.8700746e-05;-0.0049511055;-0.0065168706;-0.00017365169;1;0;1
8343696518;8343508052;8343508052;0;0.00441714;0.06510699;-0.9978685;1.0;1.0;1.0;-0.0016107042;-0.06712832;-0.0021255612;-0.00430752;-0.0067324433;-0.0016991706;1.0002317;1.0002325;1.0;4.1500272e-05;0.07208263;7.228817e-05;-0.0046637827;-0.006102033;-0.000112349495;1;0;1
8344191354;8344002834;8344002834;0;-0.03906194;-0.06081827;-0.9973842;1.0;1.0;1.0;0.051985763;0.04851754;-0.0024565458;-0.0045094625;-0.004956436;-0.0016566456;1.0002291;1.0002298;1.0000001;0.043230407;0.03765462;9.655855e-05;-0.006247228;-0.004134599;-9.284544e-05;1;0;1
8344696012;8344507512;8344507512;0;0.0028842029;0.05657601;-0.99839413;1.0;1.0;1.0;-0.014923168;-0.051511418;-0.0015206337;-0.004650772;-0.005035963;-0.0012350895;1.0002269;1.0002276;1.0;0.003562407;0.04244517;3.699433e-05;-0.003981141;-0.0040081763;-5.4187072e-05;1;0;1
8345200682;8345012190;8345012190;0;-0.038952842;-0.04167346;-0.9983717;1.0;1.0;1.0;0.026820293;0.046570137;-0.0015426278;-0.0042954898;-0.0069664787;-0.001483399;1.000225;1.0002255;1.0;0.011506662;0.03469264;3.8078153e-05;-0.0032170867;-0.005927245;-6.1029154e-05;1;0;1
8345695464;8345506972;8345506972;0;0.016285302;0.081450194;-0.99654436;1.0;1.0;1.0;-0.034935378;-0.07658449;-0.0032699108;-0.007722634;-0.006739491;-0.0017357174;1.0002234;1.000224;1.0000001;0.019523328;0.09382196;0.00017107706;-0.008815631;-0.005384596;-8.9025445e-05;1;0;1
8346190252;8346001753;8346001753;0;0.025771722;-0.010317918;-0.9996146;1.0;1.0;1.0;-0.02313778;0.01865093;-0.00034725666;-0.0021152445;-0.0054967734;-0.0015186816;1.0002222;1.0002226;1.0;0.008563807;0.0055644712;1.929395e-06;-0.0012972783;-0.0058691357;-8.494983e-05;1;0;1
8346695001;8346506431;8346506431;0;0.023173109;0.023881495;-0.99944615;1.0;1.0;1.0;-0.008796427;-0.027861483;-0.0004425645;-0.0051462445;-0.003475869;-0.0015841573;1.0002213;1.0002216;1.0;0.0012377603;0.012417446;3.1346574e-06;-0.0036903494;-0.00077067123;-9.137235e-05;1;0;1
8347199804;8347011109;8347011109;0;0.050105732;0.012756098;-0.9986624;1.0;1.0;1.0;0.030244473;-0.003738828;0.0019360185;0.0018549936;-0.0063104425;-0.0014116232;1.0002193;1.000221;1.0000015;0.014632441;0.00022361183;6.0003826e-05;0.0021317773;-0.0045507904;-7.979742e-05;1;0;1
8347694339;8347505890;8347505890;0;0.15329796;-0.054136172;-0.986696;1.0;1.0;1.0;-0.027616173;0.056749575;-0.005370438;-0.0070525943;-0.0054895524;-0.002482171;1.0002171;1.0002208;1.0000036;0.0121997995;0.051516842;0.0004615767;-0.007513052;-0.0058599534;-0.00037182414;1;0;1
8348199573;8348010568;8348010568;0;0.113260396;0.045302164;-0.99253196;1.0;1.0;1.0;-0.040801786;-0.04746844;-0.0048364997;-0.012339183;-0.0073830085;-0.0029577476;1.0002195;1.000221;1.0000011;0.026630728;0.03604409;0.00037435952;-0.016055891;-0.0070503466;-0.0005170552;1;0;1
8348694749;8348505350;8348505350;0;-0.18014136;-0.011741283;-0.98357064;1.0;1.0;1.0;0.062404864;0.011902716;-0.009472549;-0.0026929015;-0.00910933;-0.0023046245;1.000218;1.0002213;1.0000031;0.06229629;0.0022662985;0.0014361684;-0.0036779859;-0.007842047;-0.00033544065;1;0;1
8349198479;8349010027;8349010027;0;-0.20886557;0.035622004;-0.9772953;1.0;1.0;1.0;0.022001624;-0.037297554;-0.00508821;-0.0035509618;-0.008287851;-0.0012152882;1.000214;1.0002217;1.0000077;0.0077434867;0.022252778;0.0004143902;-0.0037105686;-0.0076612225;-0.00019733403;1;0;1
8349693270;8349504809;8349504809;0;-0.23821107;-0.012226608;-0.97113645;1.0;1.0;1.0;0.03941171;0.00047824904;-0.00883162;-0.0032015454;-0.0076030567;-0.00086557434;1.0002135;1.0002223;1.0000088;0.02484722;3.6590259e-06;0.0012484378;-0.0027412362;-0.005969091;-0.00021137635;1;0;1
8350198067;8350009487;8350009487;0;-0.29001382;0.01708381;-0.95686996;1.0;1.0;1.0;0.064736396;-0.011066923;-0.017402947;-0.001697057;-0.0058610956;-0.0009891711;1.0002121;1.0002234;1.0000113;0.0670386;0.001959169;0.004847472;-0.0015484318;-0.003705555;-0.00026316382;1;0;1
8350692832;8350504268;8350504268;0;0.098953456;-0.039503094;-0.9943077;1.0;1.0;1.0;-0.015083313;0.120827526;0.0011531711;-0.009639088;0.011278299;-0.0049792235;1.0002235;1.0002232;1.000003;0.0036392878;0.23353654;2.1349437e-05;-0.027570654;0.025338283;-0.0016407019;1;0;1
8351197393;8351008946;8351008946;0;0.08450603;-0.08962694;-0.99238384;1.0;1.0;1.0;-0.053474262;0.0350322;-0.005641699;-0.0071842917;-0.00058886816;-0.008369867;1.0002269;1.0002259;1.000001;0.045741573;0.019631589;0.0005093889;-0.014948209;-0.01844701;-0.004232188;1;0;1
8351692177;8351503728;8351503728;0;-0.019910146;-0.19884759;-0.9798282;1.0;1.0;1.0;0.025979724;0.079223424;-0.012970388;-0.0064382707;0.0015120688;-0.007221537;1.000229;1.0002253;1.0000033;0.010796664;0.10039902;0.002692577;-0.008330568;-0.0017387113;-0.0028162075;1;0;1
8352196906;8352008407;8352008407;0;-0.0554569;-0.063838705;-0.9964181;1.0;1.0;1.0;0.07673527;0.029546626;-0.0027673244;-0.002607047;-0.010417682;-0.0047494215;1.0002311;1.0002306;1.0000005;0.09419107;0.013964893;0.00012251874;-0.0020147914;-0.016023625;-0.0013290411;1;0;1
8352701536;8352513082;8352513082;0;0.15962791;-0.05706725;-0.9855264;1.0;1.0;1.0;0.017411888;0.057147488;0.001322031;-0.01661174;-0.004843088;-0.009636567;1.0002264;1.0002333;1.0000073;0.0048496835;0.052241217;2.7991797e-05;-0.04657006;-0.008457331;-0.005587232;1;0;1
8353196316;8353007864;8353007864;0;0.06188183;-0.0018912614;-0.9980817;1.0;1.0;1.0;-0.08130565;-0.00044022454;-0.001727283;-0.0013301591;-0.0058511747;-0.006252744;1.0002364;1.0002359;1.0;0.10574475;3.1007394e-06;4.7713045e-05;-0.016967371;-0.00589174;-0.0026677628;1;0;1
8353691094;8353502646;8353502646;0;0.0050975275;-0.041912362;-0.99910825;1.0;1.0;1.0;-0.05982923;0.039366506;0.0006096959;0.013673061;-0.0057797073;-0.008333855;1.0002387;1.0002387;1.0000007;0.057258926;0.02478959;5.9627887e-06;0.012806676;-0.0088481065;-0.0030428844;1;0;1
8354196023;8354007323;8354007323;0;-0.015961709;0.044968467;-0.99886096;1.0;1.0;1.0;0.020821137;0.01452497;0.000643909;-0.0011144442;-0.023428861;-0.011044094;1.0002426;1.0002408;1.000001;0.006934634;0.0033747905;6.6363505e-06;-0.008404778;-0.040388927;-0.0041983514;1;0;1
8354690558;8354502105;8354502105;0;0.04270092;-0.2130054;-0.97611755;1.0;1.0;1.0;-0.03642837;0.08196035;-0.015236318;-0.0031040977;-0.017622259;-0.0073148664;1.0002459;1.0002408;1.0000043;0.021227196;0.10745403;0.0037156183;-0.005737414;-0.031460002;-0.0024428456;1;0;1
8355195532;8355006782;8355006782;0;0.052257948;-0.21415897;-0.9753999;1.0;1.0;1.0;-0.04615255;0.05647172;-0.012068093;-0.0054247295;-0.011454898;-0.010334159;1.0002495;1.0002426;1.0000062;0.034072425;0.051012453;0.0023310592;-0.0061486377;-0.019842114;-0.006019488;1;0;1
8355699936;8355511460;8355511460;0;0.04594304;0.067866676;-0.99663603;1.0;1.0;1.0;-0.044270396;-0.049890228;-0.0032007694;-0.0028863342;-0.004601355;-0.00787316;1.0002527;1.0002522;1.0000001;0.031349964;0.03981458;0.0001639371;-0.0018769902;-0.010448376;-0.0036230488;1;0;1
8356194691;8356006241;8356006241;0;0.03268878;0.1027039;-0.99417466;1.0;1.0;1.0;-0.04229282;-0.08899857;-0.005685091;-0.0038966564;-0.004764736;-0.0044173934;1.0002568;1.0002563;1.0000001;0.028611574;0.12669955;0.0005171675;-0.0030516817;-0.00723878;-0.0014765005;1;0;1
8356689831;8356501023;8356501023;0;0.025850859;0.042654518;-0.9987554;1.0;1.0;1.0;-0.0108437305;-0.041396156;-0.001131177;-0.0043916977;-0.0041446327;-0.002381558;1.0002608;1.0002604;1.0;0.0018808933;0.027411142;2.0475138e-05;-0.0028487602;-0.0055193147;-0.00058456406;1;0;1
8357194162;8357005700;8357005700;0;-0.028795391;0.009461769;-0.9995405;1.0;1.0;1.0;0.030339936;-0.01907384;-0.00041216612;-0.0017396304;-0.0043193963;-0.0016202343;1.0002651;1.0002646;1.0;0.0147242835;0.0058194287;2.7173085e-06;-0.001587673;-0.0031332346;-0.00024956622;1;0;1
8357698845;8357510377;8357510377;0;0.027366893;0.045198333;-0.9986031;1.0;1.0;1.0;-0.019035656;-0.05091618;-0.0013459921;-0.0021971064;-0.007742654;-0.0015444355;1.0002695;1.0002692;1.0;0.005796137;0.04146818;2.8984548e-05;-0.001746832;-0.007112314;-0.00012896887;1;0;1
8358193640;8358005159;8358005159;0;-0.092467494;-0.21839027;-0.9714707;1.0;1.0;1.0;0.083747245;0.009997606;-0.006534934;-0.0034221516;-0.002856971;-0.0033618365;1.0002738;1.0002617;1.0000119;0.1121869;0.0015988204;0.00068341475;-0.004201167;0.0017975022;-0.0010939935;1;0;1
8358698377;8358509836;8358509836;0;0.0066737626;-0.3237453;-0.94612074;1.0;1.0;1.0;-0.0034475003;0.12871404;-0.034664094;-0.0030023234;0.00286293;-0.0031562422;1.0002781;1.0002676;1.0000106;0.00019011127;0.265006;0.01923299;-0.0021935613;0.0055388934;-0.001091867;1;0;1
8359193151;8359004618;8359004618;0;0.035741497;0.25109282;-0.967303;1.0;1.0;1.0;-0.02559201;0.009124935;0.0018057823;-0.0022343528;-0.013956556;-0.00879164;1.0002828;1.0002637;1.0000192;0.010476253;0.001331871;5.2207044e-05;0.0036316705;-0.03325951;-0.0044090115;1;0;1
8359697775;8359509295;8359509295;0;-0.0129217245;0.21497226;-0.97653466;1.0;1.0;1.0;0.026178837;0.040891528;0.009909689;-0.0020920387;-0.009130935;-0.005780136;1.0002879;1.0002689;1.0000188;0.010962147;0.026746718;0.0015721278;0.0009537927;-0.018103493;-0.002839857;1;0;1
8360192532;8360004077;8360004077;0;-0.040847976;-0.28927472;-0.9563742;1.0;1.0;1.0;0.020363536;0.0807001;-0.02141285;-0.001993772;-0.006708177;-0.01018048;1.0002927;1.00028;1.0000129;0.006632836;0.104170814;0.007339417;0.00023002284;0.0020771532;-0.0048818444;1;0;1
8360697562;8360508754;8360508754;0;0.40326333;0.0375601;-0.9143128;1.0;1.0;1.0;-0.11288759;-0.043070376;-0.042574823;-0.0055947294;-0.011986542;-0.014198993;1.0002726;1.0002979;1.000025;0.20384216;0.029672235;0.02901371;-0.015136087;-0.01734323;-0.007601647;1;0;1
8361192480;8361003535;8361003535;0;-0.20993678;0.045096517;-0.9766744;1.0;1.0;1.0;0.066542655;-0.04381005;-0.012987673;-0.012147753;-0.010354944;-0.010917421;1.0002966;1.0003028;1.0000062;0.07082579;0.030699795;0.0027000222;-0.023165487;-0.015432915;-0.005323402;1;0;1
8361696907;8361508212;8361508212;0;-0.20079324;-0.033912223;-0.9790465;1.0;1.0;1.0;0.06216201;0.030362692;-0.011288524;0.020124953;-0.0065151663;-0.011639334;1.0003021;1.0003074;1.000006;0.06180718;0.014745778;0.0020398493;0.017723706;-0.0068527;-0.0047234963;1;0;1
8362191442;8362002994;8362002994;0;0.048375852;0.39221212;-0.9186019;1.0;1.0;1.0;-0.011769224;-0.14433606;-0.049487054;-0.0031941666;-0.033030115;-0.024377905;1.0003127;1.0002935;1.0000197;0.0022155414;0.3332284;0.039200094;-0.019375611;-0.086117916;-0.021381676;1;0;1
8362696221;8362507671;8362507671;0;0.070631616;0.01884537;-0.9973244;1.0;1.0;1.0;-0.06754926;-0.065640554;-0.0015761852;-0.0024344816;0.016085364;-0.020586705;1.0003182;1.0003175;1.0000007;0.07298321;0.068917155;3.9704646e-05;-0.008970576;0.02864554;-0.0147682065;1;0;1
8363200804;8363012348;8363012348;0;0.023334164;-0.2530601;-0.9671691;1.0;1.0;1.0;-0.026232071;0.06122525;-0.014250159;-0.006119224;0.0030441629;-0.01645916;1.0003238;1.0003119;1.0000119;0.011006381;0.059957746;0.0032507193;-0.009378312;0.014496986;-0.012636534;1;0;1
8363695604;8363507129;8363507129;0;0.08712635;0.09407176;-0.9917457;1.0;1.0;1.0;-0.060476657;0.034204796;0.0003644824;-0.006082803;-0.033126295;-0.02463537;1.0003288;1.0003237;1.0000056;0.058499582;0.018713465;2.1366843e-06;-0.009760648;-0.09140286;-0.021317549;1;0;1
8364190405;8364001912;8364001912;0;-0.060164206;-0.02318993;-0.9979191;1.0;1.0;1.0;0.12346504;0.041513458;8.994341e-05;0.03347586;-0.004432375;-0.019198194;1.0003331;1.0003341;1.0000014;0.24381664;0.027564714;1.378024e-07;0.058124546;-0.012302462;-0.011939998;1;0;1
8364695183;8364506588;8364506588;0;-0.24608736;-0.022964267;-0.9689755;1.0;1.0;1.0;0.06981149;0.004452532;-0.015187085;-0.009170896;-0.008543232;-0.028864982;1.0003299;1.0003399;1.0000107;0.0779526;0.00031708681;0.003692349;-0.068004616;-0.014223449;-0.03656694;1;0;1
8365199769;8365011265;8365011265;0;0.09105177;-0.15326528;-0.9839813;1.0;1.0;1.0;-0.05931334;0.07315571;-0.012296677;-0.004502384;-0.038496714;-0.029183308;1.0003461;1.0003434;1.0000026;0.056269683;0.08559855;0.002420358;-0.026983256;-0.14249928;-0.030542469;1;0;1
8365694540;8365506046;8365506046;0;-0.27329162;0.09312125;-0.9574132;1.0;1.0;1.0;0.2429324;-0.040312696;-0.040726483;0.012736465;-0.02176703;-0.028855897;1.0003521;1.0003508;1.0000013;0.943926;0.02599232;0.026542734;0.028088743;-0.03520496;-0.03053421;1;0;1
8366199461;8366010725;8366010725;0;0.013779445;0.21105263;-0.9773776;1.0;1.0;1.0;-0.028229073;-0.08796495;-0.014909327;-0.0018948393;-0.037354458;-0.03269507;1.0003582;1.0003523;1.0000055;0.012745524;0.123761795;0.003558324;-0.015851118;-0.10899821;-0.031270854;1;0;1
8366694190;8366505504;8366505504;0;0.011321658;0.08703922;-0.9961406;1.0;1.0;1.0;0.013893852;-0.040079292;-0.002437234;-0.02845333;-0.007534691;-0.03191569;1.0003638;1.0003629;1.0000011;0.0030875027;0.025692262;9.5092786e-05;-0.0721695;0.02319385;-0.033253152;1;0;1
8367198688;8367010181;8367010181;0;0.10356204;0.011119413;-0.99456084;1.0;1.0;1.0;-0.027995013;-0.073956385;-0.0005989671;0.0001382241;-0.0020305554;-0.018974675;1.0003673;1.0003676;1.0000035;0.0125349285;0.08748073;5.7207603e-06;-0.0077624265;0.031478498;-0.015642555;1;0;1
8367693428;8367504962;8367504962;0;0.11187348;-0.19395906;-0.97460973;1.0;1.0;1.0;0.0053385124;0.054736376;-0.008687437;-0.0017131245;-0.007295276;-0.010473862;1.0003692;1.000367;1.0000124;0.00045582716;0.047919616;0.0012082425;-0.008398922;0.011141363;-0.009081936;1;0;1
8368198471;8368009639;8368009639;0;-0.14672172;0.31599084;-0.93734866;1.0;1.0;1.0;0.036897436;-0.11732286;-0.036535263;-0.0130341025;0.0011570518;-0.017467145;1.0003743;1.0003644;1.0000196;0.02177458;0.22015312;0.021368569;-0.025662968;0.008271582;-0.0133462185;1;0;1
8368693036;8368504420;8368504420;0;-0.10419698;0.2828835;-0.95347786;1.0;1.0;1.0;0.05839533;-0.15198763;-0.03685105;-0.015245143;0.017829271;-0.017888958;1.0003833;1.0003778;1.0000074;0.05453933;0.36946338;0.02173803;-0.021884313;0.038367447;-0.013385992;1;0;1
8369197541;8369009097;8369009097;0;-0.0076986398;-0.29168478;-0.9564835;1.0;1.0;1.0;-0.034590174;0.15940085;-0.033818364;-0.011804076;0.0048652934;-0.018797338;1.0003886;1.0003827;1.0000075;0.019136244;0.40638298;0.018306898;-0.009270447;-0.0053356523;-0.014476077;1;0;1
8369692626;8369503879;8369503879;0;-0.015222207;0.33455065;-0.9422548;1.0;1.0;1.0;-0.0018841699;-0.07864037;-0.024286747;-0.008779347;-0.0023428376;-0.012774779;1.0003941;1.0003684;1.000026;5.677916e-05;0.09891257;0.009443175;-0.014512391;-0.010992619;-0.00826619;1;0;1
8370197085;8370008555;8370008555;0;0.36796382;0.10322588;-0.92409265;1.0;1.0;1.0;-0.1514625;-0.07024218;-0.051618636;-0.017108627;0.003354539;-0.020470258;1.0003806;1.0003988;1.0000192;0.36691454;0.078911036;0.042653564;-0.04882558;0.013265149;-0.01393515;1;0;1
8370691901;8370503336;8370503336;0;0.012808941;0.047897644;-0.9987701;1.0;1.0;1.0;-0.027002353;-0.051467333;-0.0011230111;0.0073692948;-0.0020251428;-0.01198925;1.0004041;1.000404;1.0;0.011661321;0.042365074;2.0169897e-05;0.0015651078;-0.0008133916;-0.006682199;1;0;1
8371196507;8371008013;8371008013;0;-0.066393636;-0.05060446;-0.99650943;1.0;1.0;1.0;0.04752458;0.03579285;-0.0032022595;-0.00039597152;-0.003275391;-0.0054193423;1.0004089;1.0004088;1.0000002;0.036122598;0.020489674;0.0001641264;-0.0029233447;-0.003764905;-0.002508936;1;0;1
8371691276;8371502795;8371502795;0;-0.012551728;-0.014263549;-0.9998195;1.0;1.0;1.0;0.01262841;0.009603128;-0.00016957521;-0.002756227;-0.0035017831;-0.0029265666;1.0004135;1.0004134;1.0;0.002550573;0.0014749116;4.6041555e-07;-0.0037342324;-0.0036768487;-0.0009794348;1;0;1
8372196529;8372007471;8372007471;0;0.006540848;-0.031418767;-0.9994849;1.0;1.0;1.0;-0.0045490526;0.04237939;-0.00045323372;-0.00076190964;-0.0018618214;-0.0017607459;1.0004182;1.0004181;1.0;0.00033096364;0.028724195;3.2850041e-06;-0.0007298055;-0.00048551234;-0.00038097292;1;0;1
8372700763;8372512148;8372512148;0;0.02422479;-0.022281827;-0.9994582;1.0;1.0;1.0;-0.031161334;0.040957667;-0.0003437996;-0.000107936154;-0.0043885065;-0.001893651;1.0004228;1.0004224;1.0000002;0.015529893;0.02682915;1.8865826e-06;0.0006900984;-0.004728379;-0.00021850364;1;0;1
8373195659;8373006929;8373006929;0;0.016730964;-0.0010770017;-0.9998594;1.0;1.0;1.0;-0.03633532;0.08863894;0.00388968;-0.0013226903;0.013127267;-0.0016864202;1.000427;1.0004237;1.0000035;0.02111507;0.12565649;0.00024251083;-0.0013105038;0.021425318;-0.00014612195;1;0;1
8373700180;8373511605;8373511605;0;-0.029104656;-0.08939948;-0.9955705;1.0;1.0;1.0;0.025622446;0.048566792;-0.0035885572;-0.002462469;0.0043185116;-0.009225478;1.0004315;1.0004305;1.0000007;0.0104996255;0.037723493;0.00020614643;-0.004726406;0.004570301;-0.004347388;1;0;1
8374194836;8374006386;8374006386;0;0.047115102;0.020286506;-0.9986834;1.0;1.0;1.0;-0.040137023;-0.0370733;-0.0011515021;-0.0031823614;0.0127129145;-0.009056426;1.0004351;1.0004351;1.0000001;0.025764478;0.021981316;2.1206528e-05;-0.004301238;0.02960998;-0.0044312794;1;0;1
8374689658;8374501167;8374501167;0;-0.16933121;-0.04601474;-0.9844844;1.0;1.0;1.0;0.039259583;0.03758564;-0.0069820285;0.01542075;-0.0017501189;-0.010637584;1.0004318;1.0004389;1.0000075;0.024650395;0.022592962;0.00078049314;0.026107283;-0.007592372;-0.004529123;1;0;1
8375194321;8375005844;8375005844;0;-0.0611483;0.044691034;-0.99712765;1.0;1.0;1.0;0.08855569;-0.04052609;-0.0024889708;-0.025626222;-0.004936915;-0.017315505;1.0004427;1.0004427;1.0000004;0.12541825;0.026266178;9.9048375e-05;-0.069481134;-0.003600859;-0.011740277;1;0;1
8375698982;8375510520;8375510520;0;0.13803399;0.043720044;-0.989462;1.0;1.0;1.0;-0.05538094;-0.034748692;-0.00707376;0.02646662;-0.004762091;-0.014469482;1.0004438;1.0004462;1.0000031;0.049051005;0.019310929;0.0008011196;0.03823957;-0.003976158;-0.007772368;1;0;1
8376194096;8376005301;8376005301;0;-0.08697053;0.32149187;-0.9429099;1.0;1.0;1.0;0.05150336;-0.07656658;-0.025974095;0.0034803178;0.0025650426;-0.01891008;1.0004503;1.0004231;1.0000277;0.04242244;0.09375887;0.01080164;-0.026527146;-0.0063852863;-0.014185597;1;0;1
8376698457;8376509978;8376509978;0;-0.020736331;-0.29784635;-0.95438856;1.0;1.0;1.0;-0.007488258;0.12815909;-0.030695558;-0.0036526725;0.017825466;-0.024225295;1.0004542;1.0004408;1.0000135;0.0008967769;0.26268023;0.015084701;-0.018463895;0.03859238;-0.019645106;1;0;1
8377193230;8377004759;8377004759;0;-0.048810493;-0.054562833;-0.9973166;1.0;1.0;1.0;-0.023276757;0.0906712;0.00056988;-0.0103317825;-0.023822512;-0.025974764;1.000456;1.0004569;1.000003;0.008664968;0.13148008;5.2364912e-06;-0.021068892;-0.08304584;-0.024662646;1;0;1
8377697885;8377509435;8377509435;0;-0.07690499;0.029993536;-0.99658716;1.0;1.0;1.0;0.018116225;-0.031547617;-0.0016815662;0.02577367;-0.0034173543;-0.020711226;1.00046;1.0004601;1.0000015;0.005248747;0.015916703;4.5268232e-05;0.038573973;-0.009408745;-0.014409654;1;0;1
8378192762;8378004216;8378004216;0;-0.14430693;0.011856831;-0.98946184;1.0;1.0;1.0;0.03880889;-0.00832485;-0.0049494505;-0.028948577;-0.007781942;-0.031076375;1.0004603;1.0004638;1.0000051;0.024086991;0.0011083345;0.0003922531;-0.097725235;-0.010964989;-0.03489474;1;0;1
8378697470;8378508893;8378508893;0;-0.24910086;-0.0221438;-0.96822435;1.0;1.0;1.0;-0.025809914;0.014432723;0.006782353;0.0024755201;-0.009949316;-0.017447475;1.0004331;1.0004658;1.0000354;0.010653812;0.0033313015;0.00073665165;-0.009159682;-0.0109009165;-0.01743939;1;0;1
8379192324;8379003673;8379003673;0;-0.2822464;0.04597834;-0.9582395;1.0;1.0;1.0;0.020220757;-0.036325812;-0.006770611;0.0038640643;-0.007718264;-0.008450159;1.000439;1.0004677;1.0000324;0.006539193;0.021103105;0.00073399034;-0.0019408473;-0.006893314;-0.0070895776;1;0;1
8379696890;8379508350;8379508350;0;-0.17017964;0.057963483;-0.9837068;1.0;1.0;1.0;-0.055592254;-0.029366983;0.009940982;-0.0006312682;-0.0033220095;-0.0036108745;1.00045;1.0004694;1.0000246;0.049425736;0.0137924785;0.001582838;-0.0017302958;-0.00020680949;-0.0028485449;1;0;1
8380191572;8380003130;8380003130;0;-0.13955271;0.07319728;-0.98750556;1.0;1.0;1.0;-0.073190406;-0.060999036;0.010466576;-0.0016736949;-0.0027771774;-0.0022016666;1.0004553;1.0004718;1.0000216;0.08567037;0.05950646;0.0017550658;-0.002379846;-0.0014429197;-0.0013996053;1;0;1
8380696399;8380507807;8380507807;0;-0.4161506;0.058269702;-0.9074268;1.0;1.0;1.0;0.03619799;-0.07115895;-0.017483711;0.0036703113;-0.0037180895;-0.003834678;1.0004103;1.0004734;1.0000694;0.020956114;0.08097921;0.004893745;0.0036373124;-0.003541236;-0.0018697821;1;0;1
8381191176;8381002588;8381002588;0;-0.35357046;0.0057978453;-0.9353899;1.0;1.0;1.0;-0.00399822;-0.005950475;0.0015023947;-0.00025463052;-0.0053362567;-0.0018259397;1.0004203;1.0004745;1.0000616;0.00025566475;0.0005662621;3.6147205e-05;0.00097533804;-0.0061931037;-0.0012147208;1;0;1
8381695767;8381507264;8381507264;0;-0.4138593;0.0068531674;-0.91031504;1.0;1.0;1.0;0.05284214;-0.009218302;-0.022232533;0.0007424196;-0.0033689814;-0.0020689175;1.0004212;1.0004756;1.0000631;0.04465786;0.001358936;0.007914176;0.0032432326;-0.0027113103;-0.0014788572;1;0;1
8382190487;8382002045;8382002045;0;-0.3963405;0.03271436;-0.9175205;1.0;1.0;1.0;0.05304748;-0.038547356;-0.021681547;-0.0005056269;-0.0059824684;-0.0014993123;1.0004292;1.0004767;1.0000573;0.045005243;0.023762846;0.0075266254;0.000763537;-0.0074173706;-0.00087169395;1;0;1
8382695543;8382506721;8382506721;0;-0.31295952;0.0031312436;-0.94976133;1.0;1.0;1.0;-0.017233342;-0.011466416;0.0058820248;-0.00087628147;-0.003597819;-0.0015276229;1.0004354;1.0004779;1.0000533;0.0047497414;0.0021026756;0.0005540245;0.0030517946;-0.0048585716;-0.0013591232;1;0;1
8383199896;8383011397;8383011397;0;-0.34848955;0.06532755;-0.93503326;1.0;1.0;1.0;0.00080803037;-0.070711955;-0.0025641322;0.0014127662;-0.00558528;-0.0017956723;1.0004313;1.0004787;1.0000594;1.0442105e-05;0.07996459;0.000105175466;0.0026889397;-0.005632008;-0.00089695683;1;0;1
8383694648;8383506178;8383506178;0;-0.36411637;-0.0040514586;-0.9313446;1.0;1.0;1.0;0.011421531;-0.0043824506;-0.0043539405;0.0006993761;-0.0038208084;-0.0015850932;1.0004312;1.0004796;1.0000613;0.0020863225;0.00030714172;0.00030353104;0.002022153;-0.002957766;-0.0007866052;1;0;1
8384199910;8384010854;8384010854;0;-0.29802147;0.0010843182;-0.95455855;1.0;1.0;1.0;-0.058448464;0.0007920695;0.020244002;0.0006263551;-0.0022897692;-0.0018626023;1.0004314;1.0004804;1.0000627;0.054635998;1.0024207e-05;0.006562997;0.0030634308;-0.0018882639;-0.0012160718;1;0;1
8384694906;8384505634;8384505634;0;-0.35275114;0.010549984;-0.93565774;1.0;1.0;1.0;0.0058113337;0.00025305618;-0.0021665692;0.00023896508;-0.0029299955;-0.0014662701;1.0004363;1.0004812;1.0000596;0.00054010993;1.0244452e-06;7.5170145e-05;0.000758531;-0.0035802156;-0.00070350943;1;0;1
8385198810;8385010311;8385010311;0;-0.3620687;-0.039413266;-0.93131775;1.0;1.0;1.0;0.01880753;0.035023898;-0.0079087615;-2.9366508e-06;-0.0015181737;-0.0015521691;1.0004388;1.000482;1.0000585;0.005657089;0.019617463;0.0010015321;-0.0005112932;-0.0029560893;-0.00059086253;1;0;1
8385693715;8385505091;8385505091;0;-0.30305472;-0.025235763;-0.952639;1.0;1.0;1.0;-0.04513362;0.025607785;0.015207231;0.00095720554;-0.0032772115;-0.0017768574;1.0004385;1.0004827;1.0000604;0.032578416;0.010486836;0.0037035027;0.0003683343;-0.003483883;-0.0006582556;1;0;1
8386198341;8386009767;8386009767;0;-0.399079;0.10951414;-0.910353;1.0;1.0;1.0;0.06195429;-0.09480986;-0.030981958;0.0017722944;-0.0044421405;-0.0022899797;1.0004433;1.0004832;1.0000569;0.06138613;0.14375122;0.015367282;0.0012601335;-0.0033312978;-0.0008295503;1;0;1
8386693076;8386504548;8386504548;0;-0.32765028;-0.0038502754;-0.94479114;1.0;1.0;1.0;-0.002439499;0.0054287417;0.00084257126;0.0017501073;-0.0004639609;-0.0021882183;1.0004468;1.0004838;1.0000546;9.517596e-05;0.00047130443;1.1367845e-05;0.0019499972;-0.0012815705;-0.0008892464;1;0;1
8387197720;8387009224;8387009224;0;-0.34120762;-0.05208478;-0.9385438;1.0;1.0;1.0;-0.02316475;0.07132031;0.0074847937;0.0003116464;-0.002183165;-0.002162864;1.0004361;1.0004843;1.0000668;0.008581948;0.08134537;0.00089733675;0.0008745387;0.00012627189;-0.0010538648;1;0;1
8387692556;8387504004;8387504004;0;-0.20044589;0.01756957;-0.97954726;1.0;1.0;1.0;0.17662643;-0.014680739;-0.020162642;0.03525729;0.0020604767;-0.0117435055;1.0005034;1.0004851;1.0000002;0.4988992;0.0034459801;0.0065058973;0.07437263;0.000982456;-0.0076988405;1;0;1
8388197222;8388008680;8388008680;0;0.41075328;0.027303144;-0.9113376;1.0;1.0;1.0;0.039644837;-0.025597356;0.018503487;-0.011486915;-0.0032205551;-0.025813898;1.0004028;1.0004863;1.0001025;0.025137285;0.010478272;0.0054821623;-0.04158535;-0.0052988078;-0.043618552;1;0;1
8388691923;8388503460;8388503460;0;0.4281281;0.06599708;-0.901305;1.0;1.0;1.0;-0.016065747;-0.0568449;-0.009801209;-0.004185818;-0.002260687;-0.011647321;1.0004203;1.0004872;1.0000861;0.0041279965;0.051676396;0.0015379526;-0.020486226;-0.0034278315;-0.01998016;1;0;1
8389196825;8389008136;8389008136;0;0.35337773;-0.0012010344;-0.93547994;1.0;1.0;1.0;0.021824747;-0.011389389;0.008618712;0.0014729894;0.00023501049;-0.0044508767;1.0004356;1.0004888;1.0000714;0.0076177954;0.0020744058;0.0011895155;-0.008426242;-0.0011534985;-0.008843111;1;0;1
8389691388;8389502917;8389502917;0;0.33329567;0.0019542244;-0.94282037;1.0;1.0;1.0;0.017890096;-0.002781763;0.0065119267;0.0013613477;-0.0005585522;-0.0028401422;1.000445;1.0004902;1.0000626;0.0051186103;0.00012374257;0.00067907415;-0.0076583643;-0.0012858056;-0.0054675317;1;0;1
8390196039;8390007593;8390007593;0;0.1331263;0.07288702;-0.98841536;1.0;1.0;1.0;0.02040428;-0.075983115;0.0002747178;-0.02304842;-0.0033883385;-0.010778398;1.0004964;1.0004915;1.000012;0.006658049;0.09232932;1.2216923e-06;-0.047575418;-0.003972679;-0.009576087;1;0;1
8390700758;8390512269;8390512269;0;0.19236001;0.15053129;-0.96971023;1.0;1.0;1.0;-0.08973523;0.026286528;-0.009166062;0.015739754;0.0045632357;-0.010134637;1.0005035;1.0004771;1.0000209;0.12877373;0.011050796;0.0013449559;0.024921319;0.0018441518;-0.005791915;1;0;1
8391195529;8391007049;8391007049;0;0.22567952;0.22262205;-0.94842404;1.0;1.0;1.0;-0.06199573;0.0026147962;-0.012027144;0.0016772418;-0.0032957175;-0.0074712946;1.0004964;1.0004684;1.000039;0.061465017;0.00010942061;0.0023161576;0.0025319995;-0.006210799;-0.0044484045;1;0;1
8391690323;8391501829;8391501829;0;0.15253438;0.24010535;-0.95868796;1.0;1.0;1.0;-0.0051878393;-0.037700623;-0.0094614625;-0.00034686844;-0.0070544854;-0.0054475986;1.0005001;1.0004745;1.0000315;0.00043040357;0.022730518;0.0014334907;-0.0004319503;-0.006413169;-0.0025272553;1;0;1
8392194954;8392006505;8392006505;0;0.13799414;-0.20186615;-0.9696431;1.0;1.0;1.0;0.031759456;0.008369282;0.003337562;0.0071915486;0.0093183;-0.008064801;1.0004964;1.0004779;1.000033;0.0161306;0.0011203503;0.00017841427;0.008182235;0.022158124;-0.004104918;1;0;1
8392699886;8392511181;8392511181;0;0.17254066;-0.16181888;-0.9716195;1.0;1.0;1.0;0.020170897;-0.0048160106;0.0046139956;0.0011866183;0.0024670833;-0.0045675035;1.0004919;1.0004838;1.0000325;0.006506641;0.00037086883;0.0003409467;-0.000397202;0.005525546;-0.0023259039;1;0;1
8393194405;8393005961;8393005961;0;0.18346503;-0.11395984;-0.9763984;1.0;1.0;1.0;0.0036448091;-0.024344154;0.0038421154;0.0014160075;-0.0011437248;-0.0021388445;1.0004927;1.000489;1.0000273;0.00021244946;0.009477536;0.00023642504;-0.00040241893;0.0016190677;-0.0013459449;1;0;1
8393699118;8393510637;8393510637;0;-0.12666526;-0.11515252;-0.98523897;1.0;1.0;1.0;0.06514262;-0.06219828;0.003012836;-0.009529338;-0.004993335;-0.0037541594;1.0005082;1.0004838;1.0000176;0.06786248;0.061868504;0.00014556582;-0.020921823;-0.0049771937;-0.0018340289;1;0;1
8394194208;8394005417;8394005417;0;-0.0626912;-0.18840311;-0.98008883;1.0;1.0;1.0;-0.04340335;-0.026965767;0.009331286;0.004292554;-0.0008262506;-0.004066422;1.0005034;1.0004765;1.000029;0.030126447;0.0116285775;0.0013946393;0.0013317947;-0.0016644427;-0.001525467;1;0;1
8394698566;8394510093;8394510093;0;-0.0986108;-0.26122844;-0.96022683;1.0;1.0;1.0;0.016221277;0.036502615;-0.0107011795;0.0018734452;0.0007613828;-0.0026025479;1.0005047;1.0004748;1.0000287;0.0042079533;0.021308815;0.0018337836;-0.0005165898;-0.00018348588;-0.00075777964;1;0;1
8395193477;8395004873;8395004873;0;-0.067237146;-0.18831849;-0.9798037;1.0;1.0;1.0;-0.002823025;-0.028342158;0.0060707927;0.00012894832;-0.001793161;-0.0012825232;1.000505;1.0004771;1.0000261;0.00012744716;0.012846304;0.0005902708;0.00014731826;-0.0012606242;-0.0004808172;1;0;1
8395698002;8395509549;8395509549;0;-0.066540904;-0.25159442;-0.9655427;1.0;1.0;1.0;0.00097346306;0.040131405;-0.009637356;0.0005632926;0.006559232;-0.003644298;1.0005044;1.0004785;1.0000247;1.5154442e-05;0.025756188;0.0014873268;0.0012226845;0.011918206;-0.001634984;1;0;1
8396192779;8396004329;8396004329;0;-0.24623421;0.14290023;-0.95861787;1.0;1.0;1.0;-0.0070219934;-0.02221673;-0.001223743;0.0032055352;-0.011187138;-0.008856522;1.0004743;1.0004936;1.0000396;0.0007885602;0.007893528;2.3976141e-05;0.007282608;-0.015762217;-0.0036749907;1;0;1
8396698003;8396509005;8396509005;0;-0.29727042;0.14772826;-0.9432957;1.0;1.0;1.0;0.047563136;-0.006429389;-0.014654577;0.0035805935;-0.007586944;-0.0056072427;1.0004759;1.0004905;1.0000414;0.036178812;0.000660857;0.0034388993;0.0054583577;-0.007690701;-0.0020907132;1;0;1
8397192843;8397003785;8397003785;0;0.14616968;-0.06838581;-0.986893;1.0;1.0;1.0;-0.051258154;0.014334042;-0.007121384;0.021244323;-0.0054534366;-0.0066430643;1.0005031;1.0004988;1.000006;0.042017236;0.0032856553;0.00081207306;0.03162392;-0.006106889;-0.0021807342;1;0;1
8397696960;8397508460;8397508460;0;-0.09597271;-0.022402795;-0.99513185;1.0;1.0;1.0;0.08919578;0.01643761;-0.004827082;-0.0019038836;-0.0049618157;-0.011240961;1.0005078;1.0005006;1.0;0.12722959;0.004321095;0.000372876;-0.010649883;-0.0029724129;-0.0060161124;1;0;1
8398201706;8398013136;8398013136;0;0.041742228;0.014531545;-0.9990228;1.0;1.0;1.0;-0.023680547;-0.012716289;-0.0008121729;-0.002617579;-0.0024861703;-0.0053402567;1.0005075;1.000501;1.0000002;0.008967742;0.0025859952;1.0561741e-05;-0.0034367698;-0.00037288593;-0.0022934487;1;0;1
8398696466;8398507916;8398507916;0;-0.02571761;0.044313166;-0.9986866;1.0;1.0;1.0;0.03483579;-0.039084435;-0.001258254;0.0011324922;-0.00022985804;-0.0027666464;1.0005076;1.0005013;1.0;0.019406663;0.024429131;2.5326452e-05;0.0009885534;0.0018423898;-0.0008942867;1;0;1
8399191288;8399002696;8399002696;0;-0.0072400915;-0.013199478;-0.9998866;1.0;1.0;1.0;0.006078734;0.015179734;-0.000110805035;0.0019968487;0.00020368521;-0.0020754072;1.0005077;1.0005014;1.0;0.00059091614;0.003684949;1.9644409e-07;0.0024510482;0.0038085945;-0.00039366417;1;0;1
8399695825;8399507373;8399507373;0;-0.008584913;0.013699708;-0.9998694;1.0;1.0;1.0;0.0049802186;-0.01335148;-0.00012397766;0.0026152458;0.0013197424;-0.00159946;1.0005075;1.0005018;1.0;0.00039663995;0.002850757;2.4592737e-07;0.0030221695;0.0029995034;-0.0001755202;1;0;1
8400190596;8400002152;8400002152;0;0.010933617;-0.01381387;-0.99984485;1.0;1.0;1.0;-0.021357827;0.0004941812;-1.21593475e-05;0.0015153491;-0.000551489;-0.0016057519;1.0005074;1.0005019;1.0000001;0.007294807;3.9047445e-06;2.3424602e-09;0.0028880592;0.00050909416;-0.000106603584;1;0;1
8400695677;8400506827;8400506827;0;-0.06724985;-0.07375074;-0.9950067;1.0;1.0;1.0;0.05912118;0.07547682;-0.0049586296;0.0030243997;0.0005756349;-0.0014780938;1.0005071;1.0005021;1.0;0.055896677;0.09110256;0.00039344595;0.0036707195;0.00092307286;-7.809559e-05;1;0;1
8401199957;8401011503;8401011503;0;-0.080108374;0.025195692;-0.99646765;1.0;1.0;1.0;0.06797675;-0.014193696;-0.0033977628;0.0021327264;-0.0017710024;-0.0012800125;1.000507;1.0005021;1.0000001;0.07389595;0.0032216911;0.00018476849;0.0031718055;-0.0015360453;-5.359035e-05;1;0;1
8401694749;8401506283;8401506283;0;0.013966386;0.033209108;-0.99935085;1.0;1.0;1.0;-0.015105263;-0.023366403;-0.00060003996;0.0011202917;-8.7549706e-05;-0.0011470536;1.0005068;1.0005022;1.0;0.0036488546;0.008731457;5.761912e-06;0.0021205633;-0.00046260626;-3.8247515e-05;1;0;1
8402189787;8402001063;8402001063;0;-0.0055981344;0.0067885937;-0.9999614;1.0;1.0;1.0;-0.002766504;-0.000742116;1.4603138e-05;0.0017436035;-0.0009378533;-0.0012076618;1.0005066;1.0005023;1.0;0.0001223947;8.807498e-06;3.4399363e-09;0.0020595684;-0.00016103835;-4.2861284e-05;1;0;1
8402694448;8402505738;8402505738;0;-0.02488504;0.0017324034;-0.99968874;1.0;1.0;1.0;0.025573667;-0.010155098;-0.00027561188;7.803064e-06;0.0007748573;-0.0013592022;1.0005063;1.0005023;1.0;0.010458903;0.0016491713;1.2148648e-06;-0.0019908724;0.00072512747;-5.8299283e-05;1;0;1
8403198863;8403010414;8403010414;0;-0.047709685;-0.015307304;-0.998744;1.0;1.0;1.0;0.03670268;0.01417632;-0.0011945963;0.0015915263;-0.00022234664;-0.0013138482;1.0005059;1.0005023;1.0;0.021542491;0.0032139062;2.2837521e-05;-0.0002678943;-0.0016667878;-6.104221e-05;1;0;1
8403693638;8403505193;8403505193;0;0.03938059;-0.03867315;-0.9984756;1.0;1.0;1.0;-0.04163244;0.04202297;-0.0015164018;0.0009509398;-0.00074992224;-0.0015539096;1.0005057;1.0005022;1.0;0.027718145;0.02824059;3.6785805e-05;0.0009777731;-0.0012101147;-7.078164e-05;1;0;1
8404198402;8404009869;8404009869;0;0.008366304;0.043217395;-0.99903065;1.0;1.0;1.0;0.013484762;-0.04761686;-0.0007211566;0.0014386097;-0.0003691353;-0.0014733552;1.000505;1.0005021;1.0000002;0.0029079525;0.03625961;8.314191e-06;0.0010033238;-4.2457203e-05;-7.025519e-05;1;0;1
8404693098;8404504648;8404504648;0;0.0150089655;0.032633666;-0.99935466;1.0;1.0;1.0;-0.01920209;-0.037077196;-0.00062680244;0.0026384213;-0.0012290984;-0.0014115858;1.0005049;1.0005021;1.0;0.005896548;0.021984497;6.28371e-06;0.0032171188;-0.0006660344;-6.278192e-05;1;0;1
8405197802;8405009324;8405009324;0;0.023301976;0.061709728;-0.9978221;1.0;1.0;1.0;-0.0202936;-0.06851074;-0.002150476;0.0016327202;-0.0016489984;-0.0014569056;1.0005045;1.000502;1.0;0.006585961;0.07506193;7.3980445e-05;0.0022414643;-0.0011677067;-5.9772112e-05;1;0;1
8405692547;8405504104;8405504104;0;0.021306267;-0.016937504;-0.9996295;1.0;1.0;1.0;-0.04144193;0.036545906;2.3782253e-05;0.0024162773;-0.0022512842;-0.0018408671;1.0005039;1.0005015;1.0000004;0.027465096;0.021358853;9.695722e-09;0.003897196;-0.0006021129;-0.00010419257;1;0;1
8406197249;8406008779;8406008779;0;-0.016696315;0.05106556;-0.9985557;1.0;1.0;1.0;0.01202735;-0.043349348;-0.0014033914;0.0019298885;-0.0011712926;-0.0015157853;1.0005037;1.0005013;1.0;0.0023133494;0.030051572;3.1520147e-05;0.0033375123;-0.00030104246;-8.025683e-05;1;0;1
8406692011;8406503559;8406503559;0;0.014615295;0.011509242;-0.9998269;1.0;1.0;1.0;-0.021729033;-0.008085577;-0.00014203787;0.002164557;-0.00097263075;-0.0016683765;1.0005033;1.000501;1.0;0.007550614;0.0010455082;3.222545e-07;0.0043496713;0.0009246241;-9.027814e-05;1;0;1
8407197042;8407008234;8407008234;0;0.040045198;0.0061707958;-0.9991789;1.0;1.0;1.0;-0.046954814;-0.008428796;-0.00079488754;0.0009810574;0.0002592287;-0.0015192103;1.0005028;1.0005008;1.0;0.035258345;0.00113616;1.0103476e-05;0.0025573678;0.00220146;-8.067399e-05;1;0;1
8407691544;8407503014;8407503014;0;0.019834002;-0.025082454;-0.99948853;1.0;1.0;1.0;-0.025911694;0.028101852;-0.0004886389;0.00261756;0.00027091333;-0.0013919207;1.0005025;1.0005007;1.0;0.010737259;0.012629076;3.8174917e-06;0.00460805;0.0008481629;-6.643978e-05;1;0;1
8408196132;8408007689;8408007689;0;0.01352573;-0.07084196;-0.9973959;1.0;1.0;1.0;-0.021229826;0.07853623;-0.0025452375;0.0030635903;-0.0008681209;-0.0016210643;1.000502;1.0005002;1.0;0.00720767;0.09863763;0.00010362748;0.0046682404;-0.00036517024;-8.086483e-05;1;0;1
8408701038;8408512364;8408512364;0;-0.0375121;0.040521868;-0.99847424;1.0;1.0;1.0;0.027888304;-0.031368252;-0.0014373064;0.0018292668;0.0010052881;-0.0014782902;1.0005015;1.0005;1.0000001;0.012437882;0.015735574;3.306456e-05;0.005136099;0.003027877;-6.307902e-05;1;0;1
8409196266;8409007144;8409007144;0;0.044908877;-0.038775418;-0.99823827;1.0;1.0;1.0;-0.0358477;0.040585026;-0.001718998;0.00064097025;0.0025799389;-0.0015063224;1.000501;1.0004996;1.0;0.020550625;0.026341101;4.728254e-05;0.0035022341;0.0034519432;-6.6271525e-05;1;0;1
8409690827;8409501924;8409501924;0;-0.01112554;0.07819148;-0.99687624;1.0;1.0;1.0;0.013794368;-0.046420775;-0.002614677;0.0031512636;0.0011777581;-0.0019313291;1.0005004;1.0004991;1.0000006;0.0030430306;0.034461;0.00010944436;0.0022355046;-0.0023356525;-0.00013347818;1;0;1
8410195048;8410006599;8410006599;0;-0.07983803;-0.07638313;-0.993877;1.0;1.0;1.0;0.066174164;0.05969308;-0.005889356;-0.0017834997;0.0021573794;-0.0022280393;1.0004988;1.0004994;1.0000001;0.07002939;0.056983884;0.00055513193;-0.0061138663;-0.00038644488;-0.00016869993;1;0;1
8410699751;8410511274;8410511274;0;0.045525078;-0.054608278;-0.9974695;1.0;1.0;1.0;-0.024119126;0.007922981;-0.0012103915;0.0011469536;-0.004273569;-0.0018581041;1.0004969;1.000497;1.0000013;0.009303094;0.0010038716;2.3454586e-05;0.0011535751;-0.0051187202;-0.0001358212;1;0;1
8411198193;8411006054;8411006054;0;0.0017264959;0.06460555;-0.9979094;1.0;1.0;1.0;-0.012259971;-0.04878597;-0.001909554;-0.0032024938;-0.0058330176;-0.0020364083;1.0004965;1.0004966;1.0000001;0.0024037168;0.038062256;5.8367834e-05;-0.0040067355;-0.007737627;-0.00014687433;1;0;1
8411699175;8411510729;8411510729;0;-0.0046356274;-0.014641876;-0.9998821;1.0;1.0;1.0;0.013226662;0.001549392;4.708767e-06;0.005496564;0.0035388167;-0.0022826486;1.0004966;1.0004957;1.0000001;0.0027977237;3.839142e-05;3.5475972e-10;0.0073775854;0.0026629542;-0.00016241461;1;0;1
8412193992;8412005509;8412005509;0;-0.021721756;0.029635077;-0.9993247;1.0;1.0;1.0;0.011629392;-0.015442331;-0.000523448;0.0054075327;0.00052159996;-0.0022705647;1.000496;1.0004946;1.0000001;0.0021628113;0.0038135597;4.3879586e-06;0.0056796954;0.0027499122;-0.00015533587;1;0;1
8412698689;8412510184;8412510184;0;0.010340962;0.0058346535;-0.9999295;1.0;1.0;1.0;-0.013274402;0.0050156103;-7.390976e-06;0.003354751;0.0024860066;-0.0020426735;1.0004951;1.0004936;1.0;0.002817961;0.00040230172;8.599841e-10;0.0036989267;0.0036347548;-0.00015459945;1;0;1
8413193524;8413004963;8413004963;0;-0.008288694;-0.121033244;-0.9926139;1.0;1.0;1.0;0.002295854;0.11972088;-0.007367134;0.003989677;5.8397793e-05;-0.0018875;1.000494;1.0004929;1.0;8.429349e-05;0.22921646;0.00086842274;0.004439528;0.0031676528;-0.000116686926;1;0;1
8413698401;8413509639;8413509639;0;-0.08785189;0.043863893;-0.99516726;1.0;1.0;1.0;0.06445618;-0.036800705;-0.0045331717;0.0038923163;-0.004269385;-0.0016425006;1.0004928;1.0004921;1.0000004;0.06644084;0.021657968;0.00032891528;0.004137591;-0.00020535535;-8.931481e-05;1;0;1
8414192873;8414004418;8414004418;0;-0.025141846;0.002440163;-0.99968094;1.0;1.0;1.0;0.014883916;-0.008012833;-0.00025093555;0.004645478;-0.0017085085;-0.0014875032;1.0004922;1.0004914;1.0000001;0.0035427513;0.0010267814;1.0074983e-06;0.004699048;0.00031769543;-7.227461e-05;1;0;1
8414697781;8414509093;8414509093;0;0.040312584;0.03782552;-0.99847084;1.0;1.0;1.0;-0.035746906;-0.050201986;-0.0014423728;0.0027807048;0.0013665687;-0.0016064737;1.0004913;1.0004905;1.0000001;0.02043542;0.04030409;3.327327e-05;0.004458858;0.0028958775;-7.890397e-05;1;0;1
8415192884;8415003873;8415003873;0;0.011390122;0.04448965;-0.99894494;1.0;1.0;1.0;-0.024795987;-0.038217172;-0.0009456277;0.0053289384;-0.002525419;-0.0018023038;1.0004904;1.00049;1.0000001;0.009832633;0.023357414;1.4303779e-05;0.006125834;0.0007088491;-9.57012e-05;1;0;1
8415696993;8415508548;8415508548;0;0.049894553;-0.0065328986;-0.9987331;1.0;1.0;1.0;-0.05263768;0.012387858;-0.0012460947;0.001752525;-0.0008771448;-0.0012257823;1.0004897;1.0004892;1.0;0.044309907;0.002454132;2.4839279e-05;0.0019810842;0.0015732156;-4.7800237e-05;1;0;1
8416191776;8416003327;8416003327;0;-0.045949843;0.020725114;-0.99872875;1.0;1.0;1.0;0.039355174;-0.019723725;-0.0012488365;0.0035972763;-0.0010726848;-0.0015405196;1.0004889;1.0004885;1.0;0.024769166;0.0062213517;2.496063e-05;0.0036360587;-0.0006989129;-7.8663914e-05;1;0;1
8416696579;8416508006;8416508006;0;-0.06531748;-0.040683046;-0.99703485;1.0;1.0;1.0;0.050845854;0.055748656;-0.0027469397;0.00328147;-0.0029215964;-0.001620464;1.000488;1.0004878;1.0000002;0.04134464;0.049702417;0.00012073081;0.004737229;-0.0022813543;-8.0356716e-05;1;0;1
8417191334;8417002782;8417002782;0;-0.03544739;0.055124957;-0.99785006;1.0;1.0;1.0;0.020384364;-0.04567731;-0.0019914508;0.0050279717;-0.002812602;-0.0016143997;1.0004874;1.0004873;1.0000001;0.0066451174;0.033366393;6.347681e-05;0.0056594415;0.00012058462;-7.8239005e-05;1;0;1
8417695908;8417507457;8417507457;0;0.018051684;-0.023514112;-0.99956053;1.0;1.0;1.0;-0.020094749;0.021845253;-0.00043600798;0.0029944263;-0.0024005887;-0.0013353796;1.0004867;1.0004867;1.0;0.0064576394;0.007631719;3.0416472e-06;0.002520067;-0.0003762393;-5.2630345e-05;1;0;1
8418200680;8418012132;8418012132;0;-0.014374476;0.022429742;-0.99964505;1.0;1.0;1.0;0.0041854978;-0.003774615;-0.00012892485;0.0010404137;-0.0024064626;-0.0013071755;1.0004861;1.000486;1.0000002;0.00028015807;0.0002278523;2.6643784e-07;0.0015125134;-2.1390308e-05;-4.674851e-05;1;0;1
8418695437;8418506912;8418506912;0;-0.0117219165;-0.036593992;-0.99926144;1.0;1.0;1.0;-0.022608694;0.023131184;-5.8710575e-05;0.0014313221;-0.00018078029;-0.0008964431;1.000485;1.0004855;1.0000007;0.008174485;0.008556664;5.470385e-08;0.00049731944;0.0011785213;-2.9869552e-05;1;0;1
8419200052;8419011587;8419011587;0;-0.06594443;-0.023861306;-0.997538;1.0;1.0;1.0;0.015576933;0.040378146;-0.0010561943;0.00413449;-0.002222833;-0.0008595525;1.0004836;1.0004848;1.0000014;0.0038803767;0.026073692;1.7848717e-05;0.0017729605;0.00042603948;-3.1210293e-05;1;0;1
8419694848;8419506366;8419506366;0;0.07025785;0.006570983;-0.9975073;1.0;1.0;1.0;0.082685865;0.024784762;0.009763479;0.02016482;-0.0019872144;0.00026904658;1.0004731;1.0004839;1.0000118;0.109339505;0.009823691;0.0015272023;0.014924209;-0.000529103;4.994646e-05;1;0;1
