timestamp;timestamp_sample;gyro_device_id;gyro_bias[0];gyro_bias[1];gyro_bias[2];gyro_bias_limit;gyro_bias_variance[0];gyro_bias_variance[1];gyro_bias_variance[2];accel_device_id;accel_bias[0];accel_bias[1];accel_bias[2];accel_bias_limit;accel_bias_variance[0];accel_bias_variance[1];accel_bias_variance[2];mag_device_id;mag_bias[0];mag_bias[1];mag_bias[2];mag_bias_limit;mag_bias_variance[0];mag_bias_variance[1];mag_bias_variance[2];gyro_bias_valid;gyro_bias_stable;accel_bias_valid;accel_bias_stable;mag_bias_valid;mag_bias_stable
7866775694;7866587107;2490378;-0.008288123;-0.00043718462;-0.0016636539;0.15;3.7426358e-07;2.159311e-07;3.408697e-07;2490378;-0.0028489279;0.03343109;-0.0023135862;0.4;0.00014662818;0.0005659463;4.009084e-05;396809;-0.04547363;0.025033247;-0.05691631;0.5;0.000574882;0.00016649433;0.0005742576;1;1;1;1;1;1
7867785122;7867596585;2490378;-0.008273718;-0.0004497777;-0.0016832782;0.15;3.761315e-07;2.1756573e-07;3.4175238e-07;2490378;-0.0027576282;0.03351235;-0.0023167322;0.4;0.00014653667;0.00056548044;4.0167695e-05;396809;-0.045604035;0.025090074;-0.05670221;0.5;0.0005747638;0.00016644315;0.0005742177;1;1;1;1;1;1
7869101663;7868912865;2490378;-0.008273698;-0.00045020503;-0.0017465148;0.15;3.8912214e-07;2.3055114e-07;3.524226e-07;2490378;-0.0027576282;0.03351235;-0.0023101675;0.4;0.00014665473;0.00056559657;4.0283954e-05;396809;-0.034603573;0.018025871;-0.062134445;0.5;0.0002972271;0.000102621416;0.00030187026;1;0;1;0;1;0
7870071513;7869882756;2490378;-0.008273726;-0.0004500786;-0.001982608;0.15;3.9864616e-07;2.4008858e-07;3.6099746e-07;2490378;-0.0027576282;0.03351235;-0.0023028539;0.4;0.00014674172;0.00056568213;4.0363677e-05;396809;-0.028566383;0.010388661;-0.049105942;0.5;0.000100668156;5.5563087e-05;0.00010801406;1;0;1;0;1;0
7871041466;7870852648;2490378;-0.008273711;-0.00045041874;-0.0021499703;0.15;4.0808658e-07;2.4958666e-07;3.694533e-07;2490378;-0.0027576282;0.03351235;-0.0022894724;0.4;0.00014682871;0.0005657677;4.0433097e-05;396809;-0.022723597;0.0045631942;-0.040203866;0.5;6.63859e-05;4.5779943e-05;7.4127776e-05;1;0;1;0;1;0
7872090484;7871901714;2490378;-0.008273511;-0.00045089234;-0.0022674839;0.15;4.1816568e-07;2.5980125e-07;3.7835486e-07;2490378;-0.0027576282;0.03351235;-0.002286209;0.4;0.0001469228;0.00056586025;4.0470783e-05;396809;-0.018218162;0.00050736644;-0.03237707;0.5;5.1446943e-05;4.0721738e-05;5.9400645e-05;1;0;1;0;1;0
7872981170;7872792431;2490378;-0.008271922;-0.00045130748;-0.0023511387;0.15;4.2659303e-07;2.6841806e-07;3.857534e-07;2490378;-0.0027576282;0.03351235;-0.0022879108;0.4;0.00014700269;0.0005659388;4.0454725e-05;396809;-0.015082406;-0.0031644125;-0.026336435;0.5;4.4074794e-05;3.7570957e-05;5.1610452e-05;1;0;1;0;1;0
7873802729;7873613870;2490378;-0.008270475;-0.0004519487;-0.0023525332;0.15;4.3421733e-07;2.7630023e-07;3.920639e-07;2490378;-0.0027576282;0.03351235;-0.002296918;0.4;0.00014707637;0.0005660113;4.0378945e-05;396809;-0.013101074;-0.0034489157;-0.022648767;0.5;3.9932038e-05;3.614037e-05;4.8028505e-05;1;0;1;0;1;0
7874930817;7874742111;2490378;-0.008271721;-0.00045356207;-0.0023500212;0.15;4.444309e-07;2.8701905e-07;4.0034737e-07;2490378;-0.0027576282;0.03351235;-0.0023453236;0.4;0.00014717756;0.00056611083;4.025354e-05;396809;-0.0105202785;-0.0039153355;-0.01737925;0.5;3.4631274e-05;3.460018e-05;4.301056e-05;1;0;1;0;1;0
7876049305;7875860456;2490378;-0.00827108;-0.00045618694;-0.0023221595;0.15;4.542034e-07;2.9749063e-07;4.0868176e-07;2490378;-0.0027576282;0.03351235;-0.0024385466;0.4;0.00014727787;0.0005662095;3.988889e-05;396809;-0.008531366;-0.0060341596;-0.014280122;0.5;3.189566e-05;3.3491455e-05;3.9900337e-05;1;0;1;0;1;0
7877098300;7876909522;2490378;-0.008270966;-0.00045547777;-0.0021777884;0.15;4.6304498e-07;3.0716268e-07;4.1647925e-07;2490378;-0.0027576282;0.03351235;-0.0025215892;0.4;0.00014737196;0.00056630204;3.940818e-05;396809;-0.004078901;-0.005451553;-0.017253643;0.5;2.8613398e-05;3.236761e-05;3.6192458e-05;1;0;1;0;1;0
7877920029;7877730961;2490378;-0.008269599;-0.00045938583;-0.0020412968;0.15;4.697263e-07;3.1461664e-07;4.2274934e-07;2490378;-0.0027576282;0.03351235;-0.0025758941;0.4;0.00014744564;0.0005663745;3.8957096e-05;396809;0.00058682053;-0.0036572078;-0.021345949;0.5;2.6246687e-05;3.0760417e-05;3.37464e-05;1;0;1;0;1;0
7878741187;7878552400;2490378;-0.00826788;-0.00046236473;-0.0019551811;0.15;4.7618965e-07;3.2196405e-07;4.2906598e-07;2490378;-0.0027576282;0.03351235;-0.00268404;0.4;0.00014751931;0.000566447;3.8578397e-05;396809;0.0025659723;-0.0037272426;-0.022291886;0.5;2.4462743e-05;3.0172823e-05;3.16488e-05;1;1;1;0;1;0
7879928837;7879740022;2490378;-0.008268564;-0.00046255236;-0.0018663276;0.15;4.850372e-07;3.3234807e-07;4.3661788e-07;2490378;-0.0027576282;0.03351235;-0.0028858609;0.4;0.00014762583;0.00056655175;3.785738e-05;396809;0.0030393398;-0.0044448306;-0.020235391;0.5;2.3204278e-05;2.9701601e-05;3.0236362e-05;1;1;1;0;1;0
7881057105;7880868263;2490378;-0.008264896;-0.0004686667;-0.0018493555;0.15;4.928927e-07;3.4194036e-07;4.4148618e-07;2490378;-0.0027576282;0.03351235;-0.003152019;0.4;0.00014772703;0.0005666513;3.70265e-05;396809;0.005637109;-0.00221881;-0.016907087;0.5;2.1973261e-05;2.7112888e-05;2.9722924e-05;1;1;1;0;1;0
7881947823;7881758980;2490378;-0.008263886;-0.00046936283;-0.00182579;0.15;4.987545e-07;3.493446e-07;4.445573e-07;2490378;-0.0027576282;0.03351235;-0.0033205647;0.4;0.00014780692;0.00056672987;3.6289624e-05;396809;0.008268463;0.0006718619;-0.014553209;0.5;2.0943635e-05;2.508457e-05;2.9431785e-05;1;1;1;0;1;0
7882848342;7882659593;2490378;-0.00826721;-0.00046782583;-0.0017927897;0.15;5.0436256e-07;3.5666903e-07;4.4779762e-07;2490378;-0.0027576282;0.03351235;-0.0034397568;0.4;0.0001478877;0.0005668093;3.5589164e-05;396809;0.010493114;0.002966952;-0.012555157;0.5;2.0133511e-05;2.3481161e-05;2.9219158e-05;1;1;1;0;1;1
7883897458;7883708659;2490378;-0.008264235;-0.00047682607;-0.00177792;0.15;5.1046663e-07;3.649727e-07;4.520194e-07;2490378;-0.0027576282;0.03351235;-0.003701107;0.4;0.00014798179;0.0005669019;3.4737543e-05;396809;0.012588228;0.0043846625;-0.010200475;0.5;1.9464049e-05;2.1876725e-05;2.8980068e-05;1;1;1;0;1;1
7884788143;7884599375;2490378;-0.008256368;-0.00047352235;-0.0017582698;0.15;5.1525967e-07;3.7181658e-07;4.5539682e-07;2490378;-0.0027576282;0.03351235;-0.0037613334;0.4;0.00014806168;0.00056698045;3.4240416e-05;396809;0.014293627;0.0059260125;-0.007978778;0.5;1.8912702e-05;2.0687025e-05;2.8688175e-05;1;1;1;0;1;1
7885688853;7885499987;2490378;-0.008255259;-0.00047686286;-0.0016992781;0.15;5.197392e-07;3.7853414e-07;4.585881e-07;2490378;-0.0027576282;0.03351235;-0.0038610992;0.4;0.00014814246;0.0005670599;3.3489858e-05;396809;0.015696932;0.0071804714;-0.006861932;0.5;1.8482939e-05;1.9673762e-05;2.860119e-05;1;1;1;0;1;1
7886955654;7886766783;2490378;-0.008253069;-0.0004821004;-0.0016201166;0.15;5.254062e-07;3.8761078e-07;4.6255275e-07;2490378;-0.0027576282;0.03351235;-0.0039435425;0.4;0.00014825608;0.00056717166;3.2940985e-05;396809;0.017957043;0.010167471;-0.004366025;0.5;1.7539629e-05;1.8596276e-05;2.79932e-05;1;1;1;0;1;1
7888004593;7887815847;2490378;-0.00825007;-0.00048412752;-0.0015584078;0.15;5.2948434e-07;3.9476987e-07;4.654997e-07;2490378;-0.0027576282;0.03351235;-0.0039988514;0.4;0.00014835017;0.0005672642;3.2738488e-05;396809;0.019212008;0.01225859;-0.0021835752;0.5;1.681825e-05;1.8203096e-05;2.7388736e-05;1;1;1;0;1;1
7888529586;7888340380;2490378;-0.008246387;-0.00048786413;-0.0015360652;0.15;5.312885e-07;3.98212e-07;4.667308e-07;2490378;-0.0027576282;0.03351235;-0.004016481;0.4;0.00014839722;0.0005673105;3.2688247e-05;396809;0.019417841;0.012753399;-0.0013254376;0.5;1.6479347e-05;1.8151904e-05;2.70517e-05;1;1;1;0;1;1
7889538368;7889349857;2490378;-0.008246374;-0.0004923579;-0.001467138;0.15;5.3430404e-07;4.0456558e-07;4.6969305e-07;2490378;-0.0027576282;0.03351235;-0.004006955;0.4;0.00014848774;0.00056739955;3.244724e-05;396809;0.019478612;0.01272706;-0.0006450578;0.5;1.5712503e-05;1.7907369e-05;2.6131258e-05;1;1;1;0;1;1
7890548189;7890359333;2490378;-0.008227349;-0.00050439953;-0.0013847846;0.15;5.367587e-07;4.1058098e-07;4.7414395e-07;2490378;-0.0027576282;0.03351235;-0.003974991;0.4;0.00014857829;0.0005674886;3.234963e-05;396809;0.020039272;0.01198149;-0.00083022134;0.5;1.5154263e-05;1.7452561e-05;2.5177551e-05;1;1;1;0;1;1
7891666463;7891477674;2490378;-0.0082334485;-0.00050163106;-0.0013094398;0.15;5.3878097e-07;4.1680892e-07;4.7568824e-07;2490378;-0.0027576282;0.03351235;-0.003974991;0.4;0.00014867859;0.00056758727;3.2449116e-05;396809;0.020143153;0.01327729;0.0005347405;0.5;1.4556888e-05;1.7267805e-05;2.4473873e-05;1;1;1;0;1;1
7892675743;7892487150;2490378;-0.008225251;-0.00051105756;-0.0012536709;0.15;5.400474e-07;4.2205576e-07;4.7822385e-07;2490378;-0.0027576282;0.03351235;-0.003983714;0.4;0.00014876913;0.0005676763;3.1968782e-05;396809;0.020456772;0.013769028;0.0011904781;0.5;1.4380611e-05;1.6864013e-05;2.43246e-05;1;1;1;0;1;1
7893685927;7893496625;2490378;-0.008220897;-0.00051995466;-0.0012694963;0.15;5.4081124e-07;4.269349e-07;4.811673e-07;2490378;-0.0027576282;0.03351235;-0.003911535;0.4;0.00014885968;0.0005677654;3.1334952e-05;396809;0.021030078;0.013807627;0.0020624145;0.5;1.4250049e-05;1.6441985e-05;2.4267732e-05;1;1;1;0;1;1
7894655325;7894466513;2490378;-0.008210858;-0.0005183081;-0.001267094;0.15;5.4108733e-07;4.3127685e-07;4.836085e-07;2490378;-0.0027576282;0.03351235;-0.003919911;0.4;0.00014894667;0.00056785095;3.071946e-05;396809;0.021708148;0.014376134;0.0025879377;0.5;1.4088736e-05;1.6074651e-05;2.416825e-05;1;1;1;0;1;0
7895665077;7895475988;2490378;-0.00820953;-0.0005275989;-0.001235235;0.15;5.409293e-07;4.3544702e-07;4.8612696e-07;2490378;-0.0027576282;0.03351235;-0.00391938;0.4;0.00014903721;0.00056794;3.0130066e-05;396809;0.022275465;0.015015864;0.0029590693;0.5;1.3937969e-05;1.5758551e-05;2.40591e-05;1;1;1;0;1;0
7896674397;7896485462;2490378;-0.008202114;-0.00053227635;-0.001259665;0.15;5.4034206e-07;4.3925712e-07;4.8864945e-07;2490378;-0.0027576282;0.03351235;-0.003922171;0.4;0.00014912775;0.00056802906;2.9563262e-05;396809;0.022893224;0.0152322855;0.0034212207;0.5;1.3834649e-05;1.5434596e-05;2.4024164e-05;1;1;1;0;1;0
7897683493;7897494936;2490378;-0.00819697;-0.0005386784;-0.0012848262;0.15;5.3934787e-07;4.42709e-07;4.916053e-07;2490378;-0.0027576282;0.03351235;-0.0038862322;0.4;0.0001492183;0.0005681181;2.8979026e-05;396809;0.023410782;0.015389145;0.0037964422;0.5;1.3752248e-05;1.5161958e-05;2.3992243e-05;1;1;1;0;1;0
7898693106;7898504409;2490378;-0.008196685;-0.00054067676;-0.0012840263;0.15;5.379623e-07;4.4580554e-07;4.9306726e-07;2490378;-0.0027576282;0.03351235;-0.0038842815;0.4;0.00014930883;0.0005682072;2.8558643e-05;396809;0.023413382;0.01517879;0.004355687;0.5;1.3610684e-05;1.5046376e-05;2.3859473e-05;1;1;1;0;1;0
7899960030;7899771199;2490378;-0.008179119;-0.00055869436;-0.0011417946;0.15;5.362027e-07;4.4953197e-07;4.9457043e-07;2490378;-0.0027576282;0.03351235;-0.0039596106;0.4;0.00014942246;0.00056831894;2.789912e-05;396809;0.024348132;0.015614631;0.0037419484;0.5;1.2797424e-05;1.4374716e-05;2.3324235e-05;1;1;1;0;1;0
7900999068;7900810361;2490378;-0.008174754;-0.0005684976;-0.00088116736;0.15;5.346476e-07;4.524458e-07;4.9653295e-07;2490378;-0.0027576282;0.03351235;-0.004014101;0.4;0.00014951566;0.0005684106;2.7382364e-05;396809;0.028377077;0.01931114;0.0006774117;0.5;1.1397095e-05;1.2541249e-05;2.2621696e-05;1;1;1;0;1;0
7902048225;7901859420;2490378;-0.008195309;-0.0005757079;-0.00066095457;0.15;5.339047e-07;4.5586634e-07;5.0055775e-07;2490378;-0.0027576282;0.03351235;-0.004115473;0.4;0.00014960975;0.00056850316;2.6951418e-05;396809;0.03190089;0.022821037;-0.0019694879;0.5;1.0259685e-05;1.0956409e-05;2.2058055e-05;1;1;1;0;1;0
7902572784;7902383950;2490378;-0.008186905;-0.0005860006;-0.0005929577;0.15;5.3379785e-07;4.5771932e-07;5.029524e-07;2490378;-0.0027576282;0.03351235;-0.004171715;0.4;0.0001496568;0.00056854944;2.668006e-05;396809;0.032571707;0.023318388;-0.0025661488;0.5;9.950315e-06;1.0614741e-05;2.183267e-05;1;1;1;0;1;0
7903581985;7903393421;2490378;-0.008167156;-0.0005882718;-0.00053193123;0.15;5.340129e-07;4.6148656e-07;5.060534e-07;2490378;-0.0027565442;0.033513483;-0.004224088;0.4;0.00014974707;0.00056863757;2.6428412e-05;396809;0.032742392;0.023273118;-0.002595749;0.5;9.708256e-06;1.041326e-05;2.15872e-05;1;1;1;0;1;0
7904592077;7904402892;2490378;-0.008173031;-0.0006029712;-0.0005457708;0.15;5.342202e-07;4.6512503e-07;5.064664e-07;2490378;-0.0027565442;0.033513483;-0.0042706593;0.4;0.00014983761;0.0005687266;2.6009237e-05;396809;0.03239392;0.023009248;-0.0021090931;0.5;9.621519e-06;1.0368768e-05;2.150203e-05;1;1;1;0;1;1
7905600931;7905412362;2490378;-0.008161905;-0.0005972978;-0.0006291427;0.15;5.333632e-07;4.6794446e-07;5.049573e-07;2490378;-0.0027565442;0.033513483;-0.0042644087;0.4;0.00014992815;0.0005688157;2.5693293e-05;396809;0.032493316;0.023598796;-0.0018180916;0.5;9.429708e-06;1.0151546e-05;2.1278334e-05;1;1;1;0;1;1
7906680089;7906491109;2490378;-0.008160832;-0.00059817056;-0.0008646422;0.15;5.3218474e-07;4.7061596e-07;5.0299724e-07;2490378;-0.0027565442;0.033513483;-0.0041791312;0.4;0.0001500249;0.00056891085;2.5254614e-05;396809;0.033971954;0.025026212;-0.002303824;0.5;9.071619e-06;9.574076e-06;2.1092408e-05;1;1;1;0;1;1
7907283634;7907094811;2490378;-0.008159966;-0.00059882976;-0.000976479;0.15;5.31596e-07;4.7208724e-07;5.024132e-07;2490378;-0.0027565442;0.033513483;-0.004125533;0.4;0.00015007905;0.0005689641;2.5033896e-05;396809;0.034725044;0.025725972;-0.0025467705;0.5;8.905516e-06;9.3051685e-06;2.0996831e-05;1;1;1;0;1;1
7908292849;7908104280;2490378;-0.00815312;-0.00060072326;-0.0011053616;0.15;5.3060955e-07;4.7442808e-07;5.019918e-07;2490378;-0.0027565442;0.033513483;-0.0040276875;0.4;0.0001501696;0.00056905317;2.464018e-05;396809;0.035285156;0.026185894;-0.0026095316;0.5;8.755696e-06;9.055494e-06;2.0897358e-05;1;1;1;0;1;1
7909302483;7909113748;2490378;-0.008137178;-0.00061545934;-0.0012181654;0.15;5.295943e-07;4.7661538e-07;5.013276e-07;2490378;-0.0027565442;0.033513483;-0.00392636;0.4;0.00015026014;0.0005691422;2.4336863e-05;396809;0.035326693;0.025767766;-0.0023707594;0.5;8.65993e-06;8.829205e-06;2.0787842e-05;1;1;1;0;1;1
7910311753;7910123216;2490378;-0.0081277685;-0.0006263794;-0.0013118172;0.15;5.283239e-07;4.7847715e-07;5.0144746e-07;2490378;-0.0027565442;0.033513483;-0.0038080518;0.4;0.00015035068;0.0005692313;2.3968934e-05;396809;0.035586353;0.025762694;-0.002225339;0.5;8.572905e-06;8.653917e-06;2.0699297e-05;1;1;1;0;1;1
7911324838;7911132683;2490378;-0.008136117;-0.00060978124;-0.0013999618;0.15;5.2724937e-07;4.8033047e-07;5.00537e-07;2490378;-0.002757479;0.03351789;-0.0037509764;0.4;0.00015043587;0.00056930946;2.3713135e-05;396809;0.035993572;0.026190031;-0.0019385149;0.5;8.458038e-06;8.495691e-06;2.0531796e-05;1;1;1;0;1;1
7912330972;7912142150;2490378;-0.00811353;-0.0006158138;-0.001454202;0.15;5.259269e-07;4.818654e-07;5.0041217e-07;2490378;-0.002757479;0.03351789;-0.0036686214;0.4;0.00015052641;0.0005693985;2.339305e-05;396809;0.03610517;0.026047675;-0.0018426168;0.5;8.387637e-06;8.340761e-06;2.0397745e-05;1;1;1;0;1;1
7913340078;7913151617;2490378;-0.008118926;-0.0006242204;-0.0014670923;0.15;5.2437514e-07;4.830913e-07;4.9939894e-07;2490378;-0.002757479;0.03351789;-0.0036563966;0.4;0.00015061695;0.0005694876;2.3227658e-05;396809;0.036138136;0.025928074;-0.0014607644;0.5;8.314153e-06;8.203543e-06;2.0168764e-05;1;1;1;0;1;1
7914349613;7914161082;2490378;-0.00811784;-0.0006218429;-0.0015019067;0.15;5.228191e-07;4.841794e-07;4.994649e-07;2490378;-0.002757479;0.03351789;-0.0036011734;0.4;0.00015070749;0.00056957663;2.3002278e-05;396809;0.036221176;0.025782865;-0.0012101524;0.5;8.264846e-06;8.092509e-06;2.004077e-05;1;1;1;0;1;1
7915359014;7915170547;2490378;-0.008121713;-0.00062594516;-0.0015738496;0.15;5.208971e-07;4.848489e-07;4.989484e-07;2490378;-0.002757479;0.03351789;-0.0036238208;0.4;0.00015079803;0.0005696657;2.272241e-05;396809;0.0360906;0.025370909;-0.0008340337;0.5;8.209407e-06;8.03574e-06;1.9970974e-05;1;1;1;0;1;1
7917071556;7916882678;2490378;-0.008121525;-0.000648562;-0.0014668124;0.15;5.17798e-07;4.859275e-07;4.984062e-07;2490378;-0.002757479;0.03351789;-0.0036711716;0.4;0.0001509516;0.00056981674;2.251608e-05;396809;0.03676607;0.024977725;-0.0014900062;0.5;7.6991155e-06;7.70166e-06;1.9487283e-05;1;1;1;0;1;1
7918081092;7917892142;2490378;-0.008118315;-0.0006503562;-0.001353047;0.15;5.163613e-07;4.8681545e-07;4.986331e-07;2490378;-0.002757479;0.03351789;-0.0037760863;0.4;0.00015104214;0.0005699058;2.2234502e-05;396809;0.037489045;0.025232688;-0.0019218054;0.5;7.3500782e-06;7.4032387e-06;1.9410589e-05;1;1;1;0;1;1
7919090115;7918901605;2490378;-0.008118311;-0.0006591217;-0.0012470059;0.15;5.154038e-07;4.880256e-07;4.983948e-07;2490378;-0.002757479;0.03351789;-0.0038800007;0.4;0.00015113268;0.00056999485;2.197801e-05;396809;0.03799918;0.025256835;-0.0021853847;0.5;7.1141862e-06;7.2165735e-06;1.9361149e-05;1;1;1;0;1;1
7920099561;7919911067;2490378;-0.008122869;-0.0006662364;-0.0012076652;0.15;5.145465e-07;4.892332e-07;4.9680347e-07;2490378;-0.002757479;0.03351789;-0.0039199074;0.4;0.00015122323;0.0005700839;2.1807064e-05;396809;0.037827726;0.025012918;-0.0019015459;0.5;7.0489505e-06;7.183166e-06;1.9247942e-05;1;1;1;0;1;1
7921109042;7920920529;2490378;-0.008112391;-0.00066864217;-0.0012414226;0.15;5.135416e-07;4.902153e-07;4.946538e-07;2490378;-0.002757479;0.03351789;-0.0040106345;0.4;0.00015131377;0.00057017297;2.1562746e-05;396809;0.037641823;0.02508162;-0.0016145372;0.5;7.0068504e-06;7.1535383e-06;1.9204374e-05;1;1;1;0;1;1
7922118488;7921929990;2490378;-0.008114083;-0.0006610652;-0.001442031;0.15;5.124799e-07;4.9102454e-07;4.933913e-07;2490378;-0.002757479;0.03351789;-0.0040406724;0.4;0.00015140431;0.000570262;2.1363223e-05;396809;0.038248833;0.025765393;-0.0015377644;0.5;6.8926465e-06;6.947693e-06;1.9131283e-05;1;1;1;0;1;1
7922593846;7922405031;2490378;-0.0081129465;-0.0006634654;-0.0015557837;0.15;5.1208013e-07;4.914471e-07;4.9180306e-07;2490378;-0.002757479;0.03351789;-0.0040654093;0.4;0.00015144692;0.00057030394;2.1252861e-05;396809;0.0389889;0.026487742;-0.0018700423;0.5;6.7781466e-06;6.7744563e-06;1.9048164e-05;1;1;1;0;1;1
7924088133;7923899428;2490378;-0.008106126;-0.0006575491;-0.0017079188;0.15;5.113488e-07;4.930733e-07;4.882718e-07;2490378;-0.002757479;0.03351789;-0.0041165072;0.4;0.00015158096;0.0005704358;2.0991172e-05;396809;0.040363796;0.027905762;-0.002514382;0.5;6.466891e-06;6.3512234e-06;1.8604314e-05;1;1;1;0;1;1
7924761183;7924572401;2490378;-0.008107098;-0.0006587204;-0.0018660763;0.15;5.114309e-07;4.9409215e-07;4.8798995e-07;2490378;-0.002757479;0.03351789;-0.004138585;0.4;0.00015164132;0.00057049515;2.0922056e-05;396809;0.041096594;0.028592609;-0.0020780787;0.5;6.3871535e-06;6.1804326e-06;1.8541932e-05;1;1;1;0;1;1
7925582602;7925393824;2490378;-0.008108208;-0.0006574679;-0.0020100116;0.15;5.114631e-07;4.952134e-07;4.8723155e-07;2490378;-0.002757479;0.03351789;-0.0041607795;0.4;0.000151715;0.0005705676;2.0777272e-05;396809;0.04193416;0.029219884;-0.0021612623;0.5;6.2816175e-06;5.983924e-06;1.846597e-05;1;1;1;0;1;1
7926552630;7926363696;2490378;-0.008107134;-0.0006518765;-0.0021157772;0.15;5.117071e-07;4.966339e-07;4.861297e-07;2490378;-0.002757479;0.03351789;-0.0041902545;0.4;0.00015180199;0.0005706532;2.0558675e-05;396809;0.04276073;0.029796561;-0.0024279526;0.5;6.1659553e-06;5.777534e-06;1.8362673e-05;1;1;1;0;1;1
7927561622;7927373154;2490378;-0.008105072;-0.0006480667;-0.0022148578;0.15;5.1214903e-07;4.981856e-07;4.855614e-07;2490378;-0.002757479;0.03351789;-0.004228791;0.4;0.00015189253;0.00057074224;2.034732e-05;396809;0.04345003;0.0301865;-0.0026205159;0.5;6.0705934e-06;5.590346e-06;1.8279005e-05;1;1;1;0;1;1
7928571436;7928382611;2490378;-0.008104516;-0.00063821056;-0.0023533467;0.15;5.1279824e-07;4.998343e-07;4.8425494e-07;2490378;-0.002757479;0.03351789;-0.004341312;0.4;0.00015198307;0.0005708313;2.015709e-05;396809;0.04379386;0.030194636;-0.002468388;0.5;6.0136167e-06;5.4351804e-06;1.8222947e-05;1;1;1;0;1;1
7929581155;7929392068;2490378;-0.008094017;-0.00065669377;-0.0024118745;0.15;5.13327e-07;5.013093e-07;4.824955e-07;2490378;-0.002757479;0.03351789;-0.0044311825;0.4;0.00015207361;0.00057092035;2.0039652e-05;396809;0.043528475;0.029696582;-0.0020142372;0.5;5.9955564e-06;5.3723247e-06;1.8157989e-05;1;1;1;0;1;1
7930590474;7930401524;2490378;-0.008094891;-0.0006433568;-0.002388339;0.15;5.1362366e-07;5.025156e-07;4.7860124e-07;2490378;-0.002757479;0.03351789;-0.0045900648;0.4;0.00015216415;0.0005710094;1.9823528e-05;396809;0.043286998;0.029316306;-0.0016208912;0.5;5.9396484e-06;5.348402e-06;1.8104085e-05;1;1;1;0;1;1
7931599544;7931410980;2490378;-0.0080920495;-0.00064973586;-0.0023594697;0.15;5.1361513e-07;5.0340674e-07;4.763419e-07;2490378;-0.002757479;0.03351789;-0.004747929;0.4;0.0001522547;0.00057109847;1.9629051e-05;396809;0.043130435;0.028961452;-0.0013539513;0.5;5.9124227e-06;5.3234735e-06;1.8079603e-05;1;1;1;0;1;1
7932609300;7932420435;2490378;-0.00807892;-0.00065530516;-0.0024081941;0.15;5.1352015e-07;5.0416423e-07;4.74706e-07;2490378;-0.002757479;0.03351789;-0.0049344855;0.4;0.00015234524;0.0005711875;1.9422563e-05;396809;0.043186083;0.028936626;-0.0009508129;0.5;5.8936143e-06;5.2518403e-06;1.8037126e-05;1;1;1;0;1;1
7933618346;7933429889;2490378;-0.008079978;-0.0006604509;-0.0024387483;0.15;5.1481385e-07;5.061307e-07;4.7327518e-07;2490378;-0.0028659664;0.03329743;-0.00502704;0.4;0.00015242153;0.0005711163;1.9398729e-05;396809;0.043062564;0.028895242;-7.795223e-05;0.5;5.867872e-06;5.207172e-06;1.7856624e-05;1;1;1;0;1;1
7934628057;7934439343;2490378;-0.008069474;-0.00064542016;-0.002391725;0.15;5.143198e-07;5.063933e-07;4.7004661e-07;2490378;-0.0028659664;0.03329743;-0.0052002603;0.4;0.00015251208;0.00057120534;1.92492e-05;396809;0.04292227;0.028716063;0.00037061126;0.5;5.8343167e-06;5.194573e-06;1.7787315e-05;1;1;1;0;1;1
7935637436;7935448797;2490378;-0.008069482;-0.000643971;-0.0023515348;0.15;5.135622e-07;5.0636396e-07;4.6794625e-07;2490378;-0.0028659664;0.03329743;-0.0054238886;0.4;0.00015260262;0.0005712944;1.9071796e-05;396809;0.04285047;0.028517244;0.00061124476;0.5;5.8104038e-06;5.184668e-06;1.7769224e-05;1;1;1;0;1;1
7936646945;7936458249;2490378;-0.008066315;-0.0006428088;-0.0023120914;0.15;5.1265647e-07;5.061522e-07;4.6531636e-07;2490378;-0.0028659664;0.03329743;-0.0056358897;0.4;0.00015269316;0.00057138345;1.8883095e-05;396809;0.04280341;0.028383927;0.00084413466;0.5;5.7919715e-06;5.171006e-06;1.774728e-05;1;1;1;0;1;1
7937656161;7937467701;2490378;-0.008063195;-0.00063343503;-0.0023042376;0.15;5.116499e-07;5.057962e-07;4.645101e-07;2490378;-0.0028659664;0.03329743;-0.0058834637;0.4;0.0001527837;0.0005714725;1.8714185e-05;396809;0.043063365;0.028608037;0.0009692031;0.5;5.7687826e-06;5.106395e-06;1.770124e-05;1;1;1;0;1;1
7938438382;7938249531;2490378;-0.00806608;-0.00062938523;-0.002347552;0.15;5.109634e-07;5.05566e-07;4.638375e-07;2490378;-0.0028659664;0.03329743;-0.0060832626;0.4;0.00015285383;0.0005715415;1.8573426e-05;396809;0.04391862;0.029258821;0.0006614428;0.5;5.6958934e-06;4.971929e-06;1.7635373e-05;1;1;1;0;1;1
7939408112;7939219396;2490378;-0.008065674;-0.00062120147;-0.00242863;0.15;5.10393e-07;5.0549914e-07;4.6343285e-07;2490378;-0.0028659664;0.03329743;-0.0063526495;0.4;0.00015294082;0.00057162705;1.8407552e-05;396809;0.04475048;0.029782044;0.0003975547;0.5;5.629324e-06;4.8310562e-06;1.7580478e-05;1;1;1;0;1;1
7940417307;7940228846;2490378;-0.008061723;-0.0006134707;-0.0024467537;0.15;5.0988837e-07;5.054643e-07;4.626587e-07;2490378;-0.0028659664;0.03329743;-0.006596174;0.4;0.00015303136;0.0005717161;1.8248782e-05;396809;0.044897202;0.029804487;0.0005213051;0.5;5.614271e-06;4.7647945e-06;1.7546574e-05;1;1;1;0;1;1
7941427000;7941238297;2490378;-0.008059058;-0.0006035004;-0.0025050305;0.15;5.09531e-07;5.0552745e-07;4.6129048e-07;2490378;-0.0028659664;0.03329743;-0.006811687;0.4;0.0001531219;0.00057180517;1.8122237e-05;396809;0.044920124;0.029764324;0.0010581902;0.5;5.605819e-06;4.699114e-06;1.749458e-05;1;1;1;0;1;1
7942436219;7942247745;2490378;-0.008069757;-0.0006020271;-0.002519468;0.15;5.0889463e-07;5.052983e-07;4.6043692e-07;2490378;-0.0028659664;0.03329743;-0.007083404;0.4;0.00015321244;0.0005718942;1.798492e-05;396809;0.045012955;0.029765563;0.0012956173;0.5;5.5982923e-06;4.6453333e-06;1.7461647e-05;1;1;1;0;1;1
7943445966;7943257193;2490378;-0.0080533335;-0.00059098797;-0.002583672;0.15;5.0819824e-07;5.0497613e-07;4.5907325e-07;2490378;-0.0028659664;0.03329743;-0.0073274006;0.4;0.00015330299;0.0005719833;1.7878301e-05;396809;0.045029752;0.029699251;0.0018241243;0.5;5.593144e-06;4.5845627e-06;1.7419463e-05;1;1;1;0;1;1
7944336716;7944147883;2490378;-0.008061036;-0.00057687773;-0.002604664;0.15;5.0755744e-07;5.0464223e-07;4.5796767e-07;2490378;-0.0028659664;0.03329743;-0.0074762874;0.4;0.00015338288;0.00057206186;1.7846925e-05;396809;0.045164943;0.029947767;0.002841829;0.5;5.5782307e-06;4.537036e-06;1.7296758e-05;1;1;1;0;1;1
7945345794;7945157330;2490378;-0.0080598295;-0.0005841409;-0.0026159994;0.15;5.068356e-07;5.042032e-07;4.5717496e-07;2490378;-0.0028659664;0.03329743;-0.007821049;0.4;0.00015347342;0.0005721509;1.7704404e-05;396809;0.045233067;0.029914709;0.0029642717;0.5;5.5718983e-06;4.4817884e-06;1.7265875e-05;1;1;1;0;1;1
7946355576;7946166777;2490378;-0.008042226;-0.0005870381;-0.002669058;0.15;5.060671e-07;5.037082e-07;4.5576644e-07;2490378;-0.0028659664;0.03329743;-0.008117388;0.4;0.00015356396;0.00057224;1.7604822e-05;396809;0.045147844;0.02970869;0.003259117;0.5;5.565669e-06;4.422198e-06;1.7224658e-05;1;1;1;0;1;1
7947364824;7947176223;2490378;-0.008058892;-0.0005832423;-0.0027978534;0.15;5.055665e-07;5.0347506e-07;4.554788e-07;2490378;-0.0028659664;0.03329743;-0.008412024;0.4;0.0001536545;0.00057232904;1.7508753e-05;396809;0.045083977;0.02947153;0.0037148863;0.5;5.560012e-06;4.3599107e-06;1.7190387e-05;1;1;1;0;1;1
7948374654;7948185669;2490378;-0.008054016;-0.0005665636;-0.0027517928;0.15;5.050497e-07;5.0317044e-07;4.538796e-07;2490378;-0.0030191273;0.032989047;-0.008679441;0.4;0.00015373678;0.00057238445;1.7455486e-05;396809;0.04525765;0.029725242;0.004552548;0.5;5.5423848e-06;4.3099562e-06;1.705508e-05;1;1;1;0;1;1
7949383709;7949195114;2490378;-0.008048107;-0.00056289526;-0.0027154884;0.15;5.041866e-07;5.025027e-07;4.531538e-07;2490378;-0.0030191273;0.032989047;-0.009052482;0.4;0.00015382732;0.0005724735;1.7314409e-05;396809;0.045342337;0.029706713;0.004686189;0.5;5.5382666e-06;4.263217e-06;1.702559e-05;1;1;1;0;1;1
7950917914;7950729073;2490378;-0.00805277;-0.0005418212;-0.0026713088;0.15;5.031309e-07;5.0172184e-07;4.5225207e-07;2490378;-0.0030191273;0.032989047;-0.009560463;0.4;0.00015396491;0.00057260884;1.7174412e-05;396809;0.04664469;0.030551141;0.004578912;0.5;5.4308152e-06;4.0836953e-06;1.683942e-05;1;1;1;0;1;1
7951957044;7951768206;2490378;-0.0080434615;-0.00053886755;-0.0025874998;0.15;5.0306056e-07;5.018157e-07;4.5188395e-07;2490378;-0.0030191273;0.032989047;-0.009934412;0.4;0.00015405811;0.0005727005;1.707073e-05;396809;0.048445445;0.031552207;0.0037969027;0.5;5.2419814e-06;3.892824e-06;1.6709751e-05;1;1;1;0;1;1
7952481497;7952292721;2490378;-0.008044023;-0.00053288735;-0.002535327;0.15;5.03244e-07;5.020726e-07;4.5171078e-07;2490378;-0.0030191273;0.032989047;-0.0101423;0.4;0.00015410516;0.0005727468;1.700854e-05;396809;0.04930881;0.032058686;0.0035782557;0.5;5.1677093e-06;3.8098378e-06;1.6681102e-05;1;1;1;0;1;1
7953490639;7953302164;2490378;-0.008039457;-0.0005249202;-0.002611296;0.15;5.041749e-07;5.0312286e-07;4.5188415e-07;2490378;-0.0030191273;0.032989047;-0.010480837;0.4;0.0001541957;0.00057283585;1.693097e-05;396809;0.049928013;0.0324115;0.0037880444;0.5;5.091597e-06;3.6959416e-06;1.6630664e-05;1;1;1;0;1;1
7954500381;7954311606;2490378;-0.008045948;-0.0005217263;-0.0025746007;0.15;5.0514467e-07;5.0420465e-07;4.4985725e-07;2490378;-0.0030191273;0.032989047;-0.010832678;0.4;0.00015428624;0.0005729249;1.685649e-05;396809;0.049739562;0.03222675;0.004230192;0.5;5.0697568e-06;3.6492206e-06;1.650425e-05;1;1;1;0;1;1
7955509511;7955321047;2490378;-0.008030098;-0.00052481756;-0.0025519424;0.15;5.0575767e-07;5.0493435e-07;4.4658367e-07;2490378;-0.0030191273;0.032989047;-0.011189742;0.4;0.00015437679;0.00057301397;1.6750688e-05;396809;0.049359623;0.031838667;0.0047635017;0.5;5.0220174e-06;3.6293739e-06;1.6480792e-05;1;1;1;0;1;1
7956370883;7956182041;2490378;-0.008016909;-0.0005255183;-0.0026655742;0.15;5.0608895e-07;5.0539296e-07;4.4355528e-07;2490378;-0.0030191273;0.032989047;-0.01129921;0.4;0.00015445401;0.0005730899;1.6770464e-05;396809;0.04877283;0.03140324;0.005508111;0.5;4.9628607e-06;3.605035e-06;1.637486e-05;1;1;1;0;1;1
7957380068;7957191482;2490378;-0.00801852;-0.00052135147;-0.0026174176;0.15;5.06352e-07;5.058512e-07;4.4093778e-07;2490378;-0.0030191273;0.032989047;-0.011645216;0.4;0.00015454456;0.000573179;1.6658913e-05;396809;0.048585285;0.031192347;0.00601514;0.5;4.9259393e-06;3.5934993e-06;1.6333011e-05;1;1;1;0;1;1
7958389869;7958200922;2490378;-0.00801377;-0.00051945203;-0.0027240135;0.15;5.064942e-07;5.062259e-07;4.3826742e-07;2490378;-0.0030191273;0.032989047;-0.011721369;0.4;0.0001546351;0.00057326804;1.6704465e-05;396809;0.04812252;0.030914964;0.006920091;0.5;4.872628e-06;3.5762775e-06;1.621089e-05;1;1;1;0;1;1
7959211028;7959022328;2490378;-0.00800293;-0.00051719625;-0.0027948432;0.15;5.065349e-07;5.0648515e-07;4.3656695e-07;2490378;-0.0030191273;0.032989047;-0.011721369;0.4;0.00015470877;0.0005733405;1.6777682e-05;396809;0.047768455;0.030842496;0.007932678;0.5;4.8298807e-06;3.566952e-06;1.6060603e-05;1;1;1;0;1;1
7960220277;7960031767;2490378;-0.008001383;-0.0005106299;-0.002813365;0.15;5.0651045e-07;5.067231e-07;4.3473113e-07;2490378;-0.0030191273;0.032989047;-0.011872311;0.4;0.00015479932;0.00057342957;1.6790622e-05;396809;0.04754851;0.030807756;0.008695409;0.5;4.7925937e-06;3.5597093e-06;1.5964504e-05;1;1;1;0;1;1
7961230009;7961041205;2490378;-0.007994713;-0.0005060708;-0.002794335;0.15;5.064169e-07;5.068523e-07;4.318149e-07;2490378;-0.0030191273;0.032989047;-0.011912128;0.4;0.00015488986;0.0005735186;1.6858532e-05;396809;0.04735569;0.03088276;0.009719023;0.5;4.7498092e-06;3.5533703e-06;1.5788502e-05;1;1;1;0;1;1
7962239120;7962050643;2490378;-0.007996189;-0.0005058008;-0.0026551946;0.15;5.062791e-07;5.0684895e-07;4.2966118e-07;2490378;-0.0030191273;0.032989047;-0.012026896;0.4;0.0001549804;0.0005736077;1.68702e-05;396809;0.04733794;0.03094001;0.010234251;0.5;4.7287153e-06;3.5472196e-06;1.5654174e-05;1;1;1;0;1;1
7963248790;7963060081;2490378;-0.007988832;-0.0004948417;-0.0026044701;0.15;5.061351e-07;5.068411e-07;4.272571e-07;2490378;-0.0030191273;0.032989047;-0.012313031;0.4;0.00015507094;0.00057369674;1.6769076e-05;396809;0.047254942;0.030848043;0.010381126;0.5;4.705742e-06;3.5424014e-06;1.5633865e-05;1;1;1;0;1;1
7964258061;7964069517;2490378;-0.007972989;-0.0004916469;-0.0024780056;0.15;5.0588665e-07;5.067243e-07;4.2580731e-07;2490378;-0.0030191273;0.032989047;-0.012538798;0.4;0.00015516148;0.0005737858;1.6679141e-05;396809;0.047264732;0.03080377;0.01055379;0.5;4.6908085e-06;3.5392877e-06;1.5583073e-05;1;1;1;0;1;1
7965267522;7965078955;2490378;-0.007972059;-0.00048817685;-0.0024207167;0.15;5.054471e-07;5.0641313e-07;4.2397397e-07;2490378;-0.0030191273;0.032989047;-0.012735538;0.4;0.00015525203;0.00057387486;1.6589776e-05;396809;0.0472601;0.030718831;0.010775035;0.5;4.6691694e-06;3.5361306e-06;1.5560905e-05;1;1;1;0;1;1
7966277340;7966088389;2490378;-0.007976808;-0.00047549044;-0.0024027927;0.15;5.049296e-07;5.060177e-07;4.230525e-07;2490378;-0.0030191273;0.032989047;-0.012919836;0.4;0.00015534257;0.0005739639;1.6479056e-05;396809;0.047226872;0.030617623;0.0109068705;0.5;4.6438445e-06;3.5335565e-06;1.5549387e-05;1;1;1;0;1;1
7967286357;7967097824;2490378;-0.00796587;-0.0004795991;-0.0023722746;0.15;5.044374e-07;5.0565717e-07;4.2115113e-07;2490378;-0.0030191273;0.032989047;-0.013034216;0.4;0.00015543311;0.000574053;1.6413474e-05;396809;0.047258288;0.03040073;0.010797175;0.5;4.548337e-06;3.5180767e-06;1.5469335e-05;1;1;1;0;1;1
7968295806;7968107259;2490378;-0.007972728;-0.000458528;-0.0023410069;0.15;5.043019e-07;5.0566524e-07;4.1991046e-07;2490378;-0.0030191273;0.032989047;-0.013088134;0.4;0.00015552365;0.00057414203;1.637097e-05;396809;0.04721432;0.030207625;0.0104990285;0.5;4.394283e-06;3.4670834e-06;1.5378331e-05;1;1;1;0;1;1
7969305176;7969116693;2490378;-0.007976008;-0.00047052625;-0.002207754;0.15;5.051745e-07;5.066274e-07;4.1869728e-07;2490378;-0.0030191273;0.032989047;-0.013052897;0.4;0.0001556142;0.0005742311;1.6275377e-05;396809;0.047809944;0.03033919;0.010108448;0.5;4.157931e-06;3.3591186e-06;1.5324771e-05;1;1;1;0;1;1
7970314594;7970126127;2490378;-0.007976636;-0.00046732606;-0.0021021662;0.15;5.0689107e-07;5.0841294e-07;4.187479e-07;2490378;-0.0030191273;0.032989047;-0.013032321;0.4;0.00015570474;0.00057432015;1.618135e-05;396809;0.04826346;0.030267654;0.0098088505;0.5;4.018878e-06;3.301288e-06;1.5300762e-05;1;1;1;0;1;1
7971324051;7971135560;2490378;-0.007975001;-0.00046381573;-0.0020246923;0.15;5.0898524e-07;5.105607e-07;4.1804822e-07;2490378;-0.0030191273;0.032989047;-0.013019212;0.4;0.00015579528;0.0005744092;1.607799e-05;396809;0.048376076;0.030079605;0.009727636;0.5;3.95517e-06;3.2811542e-06;1.528894e-05;1;1;1;0;1;1
7972333475;7972144993;2490378;-0.00797018;-0.00046102126;-0.0019850875;0.15;5.110064e-07;5.126263e-07;4.175791e-07;2490378;-0.0030191273;0.032989047;-0.013057464;0.4;0.00015588582;0.00057449826;1.5986745e-05;396809;0.048290186;0.030071147;0.00984004;0.5;3.940915e-06;3.2749297e-06;1.5279866e-05;1;1;1;0;1;1
7973342911;7973154426;2490378;-0.0079678865;-0.00045383474;-0.0019969528;0.15;5.127703e-07;5.1442555e-07;4.1592583e-07;2490378;-0.0030191273;0.032989047;-0.01310667;0.4;0.00015597636;0.0005745873;1.5886226e-05;396809;0.048311524;0.030425308;0.009994189;0.5;3.9230245e-06;3.2500404e-06;1.5254198e-05;1;1;1;0;1;1
7974352313;7974163857;2490378;-0.007961152;-0.0004436885;-0.0020364763;0.15;5.14325e-07;5.1600784e-07;4.1524046e-07;2490378;-0.0030191273;0.032989047;-0.013120662;0.4;0.0001560669;0.0005746764;1.5797526e-05;396809;0.048356157;0.030704716;0.010108932;0.5;3.9093156e-06;3.2302614e-06;1.5236137e-05;1;1;1;0;1;1
7975361782;7975173288;2490378;-0.007956041;-0.0004354448;-0.0020436186;0.15;5.156242e-07;5.173272e-07;4.142761e-07;2490378;-0.0030191273;0.032989047;-0.013107598;0.4;0.00015615745;0.00057476544;1.5699612e-05;396809;0.04826929;0.03071686;0.010234128;0.5;3.8990165e-06;3.2248884e-06;1.5225918e-05;1;1;1;0;1;1
7976371233;7976182718;2490378;-0.007945491;-0.0004344722;-0.0020044595;0.15;5.167938e-07;5.185119e-07;4.145445e-07;2490378;-0.0030191273;0.032989047;-0.013107319;0.4;0.00015624799;0.0005748545;1.5613417e-05;396809;0.048247505;0.030574631;0.010247214;0.5;3.8685093e-06;3.2142111e-06;1.5216972e-05;1;1;1;0;1;1
7977381212;7977192149;2490378;-0.0079420265;-0.00042807238;-0.0019634648;0.15;5.178668e-07;5.196021e-07;4.138496e-07;2490378;-0.0030191273;0.032989047;-0.013111318;0.4;0.00015633853;0.00057494355;1.5518448e-05;396809;0.048187286;0.030522326;0.010353481;0.5;3.855517e-06;3.2092667e-06;1.52062685e-05;1;1;1;0;1;1
7978390134;7978201578;2490378;-0.007945085;-0.0004261278;-0.0019721994;0.15;5.1871024e-07;5.2046505e-07;4.133993e-07;2490378;-0.0030191273;0.032989047;-0.013111476;0.4;0.00015642907;0.0005750326;1.5435538e-05;396809;0.048236173;0.030718062;0.0104730055;0.5;3.8422704e-06;3.1946759e-06;1.5191824e-05;1;1;1;0;1;1
7979399596;7979211007;2490378;-0.007924064;-0.00040949008;-0.002047068;0.15;5.196354e-07;5.214161e-07;4.12352e-07;2490378;-0.0030191273;0.032989047;-0.013131512;0.4;0.00015651961;0.00057512167;1.535422e-05;396809;0.04838495;0.030962681;0.01073034;0.5;3.8257617e-06;3.1751406e-06;1.5152325e-05;1;1;1;0;1;1
7980409051;7980220436;2490378;-0.007930547;-0.00041264907;-0.0020479541;0.15;5.2009267e-07;5.2191257e-07;4.1209728e-07;2490378;-0.0030191273;0.032989047;-0.01313974;0.4;0.00015661016;0.0005752107;1.530496e-05;396809;0.048376527;0.031069277;0.01094896;0.5;3.810457e-06;3.1577213e-06;1.509272e-05;1;1;1;0;1;1
7981418374;7981229864;2490378;-0.007918102;-0.00039532696;-0.0020888136;0.15;5.20391e-07;5.2225283e-07;4.1128953e-07;2490378;-0.0030191273;0.032989047;-0.0131466305;0.4;0.0001567007;0.0005752998;1.5277166e-05;396809;0.048516933;0.03130738;0.011539062;0.5;3.7898328e-06;3.140932e-06;1.5011023e-05;1;1;1;0;1;1
7982427751;7982239292;2490378;-0.007910422;-0.0003719474;-0.002058605;0.15;5.20801e-07;5.226271e-07;4.1106966e-07;2490378;-0.0030191273;0.032989047;-0.013174965;0.4;0.00015679124;0.00057538884;1.527044e-05;396809;0.048616722;0.031614825;0.012170975;0.5;3.7659515e-06;3.1264922e-06;1.4888373e-05;1;1;1;0;1;1
7983437374;7983248719;2490378;-0.007903061;-0.00037494715;-0.0021087667;0.15;5.210465e-07;5.228382e-07;4.1047082e-07;2490378;-0.0030191273;0.032989047;-0.013251815;0.4;0.00015688178;0.0005754779;1.5226183e-05;396809;0.048589535;0.031588107;0.012455142;0.5;3.754229e-06;3.108645e-06;1.4836339e-05;1;1;1;0;1;1
7984446720;7984258146;2490378;-0.007895372;-0.00036501876;-0.002073421;0.15;5.209525e-07;5.2272424e-07;4.1066778e-07;2490378;-0.0030191273;0.032989047;-0.013334438;0.4;0.00015697232;0.00057556696;1.5183562e-05;396809;0.048567116;0.0316197;0.012691629;0.5;3.7424666e-06;3.0950919e-06;1.4780937e-05;1;1;1;0;1;1
7985456053;7985267572;2490378;-0.007891031;-0.00036304523;-0.002122365;0.15;5.20723e-07;5.224819e-07;4.1034778e-07;2490378;-0.0030191273;0.032989047;-0.013428241;0.4;0.00015706287;0.000575656;1.5133576e-05;396809;0.048646517;0.031629853;0.013091388;0.5;3.7338316e-06;3.0791205e-06;1.4753331e-05;1;1;1;0;1;1
7986465455;7986276998;2490378;-0.007894902;-0.00035401518;-0.0021294171;0.15;5.203905e-07;5.2212283e-07;4.106697e-07;2490378;-0.0030191273;0.032989047;-0.013531651;0.4;0.00015715341;0.00057574507;1.5066952e-05;396809;0.048706003;0.031670958;0.013395397;0.5;3.7233483e-06;3.0659203e-06;1.47151795e-05;1;1;1;0;1;1
7987474890;7987286423;2490378;-0.007878936;-0.00034448857;-0.0021243265;0.15;5.1994147e-07;5.2165075e-07;4.1041085e-07;2490378;-0.0030191273;0.032989047;-0.013667413;0.4;0.00015724395;0.0005758341;1.4992952e-05;396809;0.048770368;0.03169359;0.013648211;0.5;3.7149086e-06;3.0511085e-06;1.4688394e-05;1;1;1;0;1;1
7988484312;7988295848;2490378;-0.007873737;-0.00033500206;-0.0021288667;0.15;5.193956e-07;5.2107606e-07;4.108477e-07;2490378;-0.0030191273;0.032989047;-0.013795335;0.4;0.00015733449;0.0005759232;1.4929682e-05;396809;0.04884183;0.031698722;0.013835668;0.5;3.7083626e-06;3.0381686e-06;1.4678187e-05;1;1;1;0;1;1
7989493728;7989305273;2490378;-0.007858704;-0.00033336316;-0.0021701923;0.15;5.1875105e-07;5.204012e-07;4.1065957e-07;2490378;-0.0030191273;0.032989047;-0.013912952;0.4;0.00015742503;0.00057601224;1.4885648e-05;396809;0.04891015;0.031681072;0.014278199;0.5;3.7026066e-06;3.0229837e-06;1.4647567e-05;1;1;1;0;1;1
7990503257;7990314697;2490378;-0.007866412;-0.00032146744;-0.002101395;0.15;5.181926e-07;5.197637e-07;4.1104033e-07;2490378;-0.0030191273;0.032989047;-0.013923379;0.4;0.00015751558;0.0005761013;1.4957846e-05;396809;0.049043875;0.031976677;0.015106171;0.5;3.6832557e-06;3.0093279e-06;1.4485351e-05;1;1;1;0;1;1
7991512913;7991324120;2490378;-0.007854095;-0.00030601688;-0.0021403427;0.15;5.1756325e-07;5.1904976e-07;4.1088882e-07;2490378;-0.0030191273;0.032989047;-0.014096554;0.4;0.00015760612;0.00057619036;1.488892e-05;396809;0.048937634;0.031824384;0.015332212;0.5;3.676958e-06;2.9943246e-06;1.4442238e-05;1;1;1;0;1;1
7992522138;7992333543;2490378;-0.007852169;-0.00030352146;-0.002215282;0.15;5.169477e-07;5.183745e-07;4.1153467e-07;2490378;-0.0030191273;0.032989047;-0.014217518;0.4;0.00015769666;0.0005762794;1.4856414e-05;396809;0.04894079;0.031699996;0.015772447;0.5;3.6729052e-06;2.9780754e-06;1.44108335e-05;1;1;1;0;1;1
7993531563;7993342966;2490378;-0.007850575;-0.00029556823;-0.0022978864;0.15;5.1623823e-07;5.176259e-07;4.1145856e-07;2490378;-0.0030191273;0.032989047;-0.014346239;0.4;0.0001577872;0.0005763685;1.4807942e-05;396809;0.048807696;0.031469587;0.016186938;0.5;3.670662e-06;2.9665036e-06;1.4375958e-05;1;1;1;0;1;1
7994541318;7994352388;2490378;-0.007846157;-0.0002910837;-0.0023020834;0.15;5.155169e-07;5.1688556e-07;4.1195955e-07;2490378;-0.0030191273;0.032989047;-0.01445629;0.4;0.00015787774;0.00057645753;1.4786666e-05;396809;0.04867082;0.031264078;0.01644052;0.5;3.6615838e-06;2.9617142e-06;1.4332819e-05;1;1;1;0;1;1
7995550297;7995361810;2490378;-0.007824941;-0.00029569425;-0.0022585813;0.15;5.145487e-07;5.1590644e-07;4.1175932e-07;2490378;-0.0030191273;0.032989047;-0.014607015;0.4;0.00015796829;0.0005765466;1.47249675e-05;396809;0.04862751;0.031119278;0.0166385;0.5;3.6423148e-06;2.9577302e-06;1.4312271e-05;1;1;1;0;1;1
7996559702;7996371231;2490378;-0.007832749;-0.00029418565;-0.0022012815;0.15;5.136599e-07;5.1499956e-07;4.123599e-07;2490378;-0.0030236072;0.03299197;-0.014695628;0.4;0.00015805828;0.000576635;1.47065e-05;396809;0.048627514;0.031168398;0.01703114;0.5;3.6335616e-06;2.9556759e-06;1.4244264e-05;1;1;1;0;1;1
7997569114;7997380651;2490378;-0.007810562;-0.00028562924;-0.0022180558;0.15;5.124759e-07;5.137962e-07;4.124034e-07;2490378;-0.0030236072;0.03299197;-0.014811858;0.4;0.00015814882;0.00057672407;1.4647502e-05;396809;0.04864177;0.031113403;0.017301869;0.5;3.63167e-06;2.9498224e-06;1.4229068e-05;1;1;1;0;1;1
7998578533;7998390072;2490378;-0.0078050885;-0.00027838576;-0.0022111658;0.15;5.1123277e-07;5.125372e-07;4.1307973e-07;2490378;-0.0030236072;0.03299197;-0.014921378;0.4;0.00015823936;0.0005768131;1.4597619e-05;396809;0.048697203;0.031135015;0.017465293;0.5;3.6296624e-06;2.9426087e-06;1.4221347e-05;1;1;1;0;1;1
7999587960;7999399491;2490378;-0.0077971686;-0.000266532;-0.0022391782;0.15;5.100158e-07;5.1131684e-07;4.1321948e-07;2490378;-0.0030236072;0.03299197;-0.015009092;0.4;0.0001583299;0.0005769022;1.4540198e-05;396809;0.049135614;0.031393696;0.017505847;0.5;3.6034787e-06;2.9075618e-06;1.4199234e-05;1;1;1;0;1;1
8000973708;8000784969;2490378;-0.0077874423;-0.0002488004;-0.0021949185;0.15;5.0917066e-07;5.104446e-07;4.1333374e-07;2490378;-0.0030236072;0.03299197;-0.01512065;0.4;0.00015845418;0.0005770244;1.4467556e-05;396809;0.05084428;0.032437414;0.017102629;0.5;3.4875065e-06;2.7921883e-06;1.415848e-05;1;1;1;0;1;1
8001982988;8001794388;2490378;-0.007785;-0.00023491068;-0.0022184714;0.15;5.09394e-07;5.106234e-07;4.1392292e-07;2490378;-0.0030236072;0.03299197;-0.01524273;0.4;0.00015854472;0.0005771135;1.4410492e-05;396809;0.05161984;0.032844253;0.016925514;0.5;3.4298419e-06;2.731129e-06;1.4135258e-05;1;1;1;0;1;1
8002992537;8002803806;2490378;-0.007778668;-0.00022583897;-0.0022849375;0.15;5.0992134e-07;5.110729e-07;4.1371635e-07;2490378;-0.0030236072;0.03299197;-0.015377256;0.4;0.00015863526;0.00057720253;1.4361317e-05;396809;0.05182327;0.032920536;0.017071806;0.5;3.407507e-06;2.6967798e-06;1.41228375e-05;1;1;1;0;1;1
8004001733;8003813224;2490378;-0.007770549;-0.000213195;-0.0022911606;0.15;5.103802e-07;5.114328e-07;4.135917e-07;2490378;-0.0030236072;0.03299197;-0.015528419;0.4;0.0001587258;0.0005772916;1.430405e-05;396809;0.051639892;0.032762993;0.017336614;0.5;3.4017987e-06;2.6874095e-06;1.4116644e-05;1;1;1;0;1;1
8005011327;8004822641;2490378;-0.007761725;-0.00022541767;-0.0022988787;0.15;5.1078706e-07;5.117386e-07;4.1259062e-07;2490378;-0.0030236072;0.03299197;-0.015631786;0.4;0.00015881634;0.00057738065;1.4295953e-05;396809;0.05139668;0.03256535;0.0177762;0.5;3.3855415e-06;2.6809505e-06;1.4058708e-05;1;1;1;0;1;1
8006020561;8005832058;2490378;-0.007762503;-0.0002138407;-0.0023165676;0.15;5.109969e-07;5.1183565e-07;4.1234537e-07;2490378;-0.0030236072;0.03299197;-0.01576097;0.4;0.00015890689;0.0005774697;1.4264021e-05;396809;0.05121338;0.032417603;0.018153239;0.5;3.3715903e-06;2.6762937e-06;1.4015908e-05;1;1;1;0;1;1
8007030851;8006841475;2490378;-0.0077494504;-0.00021576505;-0.0022981376;0.15;5.1109265e-07;5.1183923e-07;4.1152254e-07;2490378;-0.0030236072;0.03299197;-0.015880954;0.4;0.00015899743;0.00057755876;1.4216457e-05;396809;0.05110144;0.03229551;0.01833753;0.5;3.3603549e-06;2.672937e-06;1.4007504e-05;1;1;1;0;1;1
8008039441;8007850891;2490378;-0.0077431817;-0.00020997759;-0.0022819908;0.15;5.110706e-07;5.1174794e-07;4.1146492e-07;2490378;-0.0030236072;0.03299197;-0.015996745;0.4;0.00015908797;0.0005776478;1.4161443e-05;396809;0.051032647;0.032209676;0.018496891;0.5;3.3511037e-06;2.6706514e-06;1.4001104e-05;1;1;1;0;1;1
8009049145;8008860306;2490378;-0.007734897;-0.00020668091;-0.0022632694;0.15;5.1094156e-07;5.1156405e-07;4.1079883e-07;2490378;-0.0030236072;0.03299197;-0.016092736;0.4;0.00015917851;0.0005777369;1.41149385e-05;396809;0.050978787;0.032136295;0.018645983;0.5;3.3423196e-06;2.6687494e-06;1.3994944e-05;1;1;1;0;1;1
8010058467;8009869721;2490378;-0.007728155;-0.00019687628;-0.0022722457;0.15;5.107068e-07;5.112886e-07;4.1084178e-07;2490378;-0.0030236072;0.03299197;-0.016135152;0.4;0.00015926905;0.00057782594;1.4100948e-05;396809;0.050883684;0.032097246;0.019046621;0.5;3.3291954e-06;2.6673695e-06;1.3933948e-05;1;1;1;0;1;1
8011068051;8010879136;2490378;-0.007726244;-0.00019865122;-0.002351022;0.15;5.104154e-07;5.109303e-07;4.1022918e-07;2490378;-0.0030236072;0.03299197;-0.016153792;0.4;0.0001593596;0.000577915;1.4127143e-05;396809;0.05066121;0.031901143;0.019471545;0.5;3.3174667e-06;2.6634198e-06;1.3832525e-05;1;1;1;0;1;1
8012077162;8011888551;2490378;-0.007712013;-0.00018987598;-0.0024027766;0.15;5.1018645e-07;5.106991e-07;4.104863e-07;2490378;-0.0030236072;0.03299197;-0.016178897;0.4;0.00015945014;0.00057800405;1.4138073e-05;396809;0.050568037;0.03182158;0.019884182;0.5;3.3077422e-06;2.6610874e-06;1.3769582e-05;1;1;1;0;1;1
8013086917;8012897965;2490378;-0.007698654;-0.00019197715;-0.0024913417;0.15;5.096726e-07;5.1022243e-07;4.100671e-07;2490378;-0.0030236072;0.03299197;-0.016189683;0.4;0.00015954068;0.0005780931;1.4212227e-05;396809;0.050441284;0.03173349;0.020471796;0.5;3.294354e-06;2.6589187e-06;1.3671947e-05;1;1;1;0;1;1
8014095850;8013907378;2490378;-0.007693308;-0.0001820218;-0.0025229675;0.15;5.09099e-07;5.097017e-07;4.1013868e-07;2490378;-0.0030236072;0.03299197;-0.016212499;0.4;0.00015963122;0.00057818217;1.4247438e-05;396809;0.05034914;0.03174605;0.021049047;0.5;3.2805233e-06;2.6583662e-06;1.3591321e-05;1;1;1;0;1;1
8015105241;8014916791;2490378;-0.007678128;-0.00017621514;-0.0024994877;0.15;5.0850184e-07;5.091062e-07;4.093932e-07;2490378;-0.0030236072;0.03299197;-0.016251678;0.4;0.00015972176;0.0005782712;1.4204231e-05;396809;0.05030632;0.031781845;0.021332951;0.5;3.2718544e-06;2.657593e-06;1.3552972e-05;1;1;1;0;1;1
8016114658;8015926204;2490378;-0.0076720687;-0.00017037174;-0.0023840049;0.15;5.078299e-07;5.084414e-07;4.0936322e-07;2490378;-0.0030236072;0.03299197;-0.016260205;0.4;0.0001598123;0.0005783603;1.4192214e-05;396809;0.050299894;0.03183767;0.021502752;0.5;3.268724e-06;2.6556281e-06;1.350577e-05;1;1;1;0;1;1
8017124121;8016935616;2490378;-0.007667031;-0.00017117929;-0.0023089226;0.15;5.071026e-07;5.0771206e-07;4.088557e-07;2490378;-0.0030236072;0.03299197;-0.016276116;0.4;0.00015990285;0.00057844934;1.4164392e-05;396809;0.050254174;0.031853512;0.021739345;0.5;3.261953e-06;2.6548723e-06;1.3445456e-05;1;1;1;0;1;1
8018133533;8017945028;2490378;-0.007658016;-0.00014872394;-0.0023505893;0.15;5.0640784e-07;5.0692296e-07;4.089539e-07;2490378;-0.0030236072;0.03299197;-0.016273862;0.4;0.00015999339;0.0005785384;1.4230797e-05;396809;0.05009187;0.03185475;0.022509938;0.5;3.2422402e-06;2.6537593e-06;1.3291676e-05;1;1;1;0;1;1
8019142955;8018954440;2490378;-0.007654238;-0.00015852682;-0.0023828382;0.15;5.057005e-07;5.060852e-07;4.0837546e-07;2490378;-0.0030236072;0.03299197;-0.01624805;0.4;0.00016008393;0.00057862746;1.4187253e-05;396809;0.05000493;0.03175331;0.022594368;0.5;3.2365983e-06;2.6524e-06;1.3258344e-05;1;1;1;0;1;1
8020152381;8019963851;2490378;-0.007637623;-0.00015291045;-0.0024855218;0.15;5.0490166e-07;5.0523715e-07;4.0859607e-07;2490378;-0.0030236072;0.03299197;-0.016251529;0.4;0.00016017447;0.0005787165;1.4214349e-05;396809;0.049890187;0.031597078;0.022911329;0.5;3.229957e-06;2.6493194e-06;1.3173601e-05;1;1;1;0;1;1
8021161817;8020973262;2490378;-0.0076335855;-0.00013968445;-0.00242263;0.15;5.0403196e-07;5.0439195e-07;4.081209e-07;2490378;-0.0030236072;0.03299197;-0.016230732;0.4;0.00016026502;0.0005788056;1.4226005e-05;396809;0.049850572;0.031620298;0.023124631;0.5;3.226842e-06;2.6473565e-06;1.3111078e-05;1;1;1;0;1;1
8022171125;8021982673;2490378;-0.00762495;-0.0001392161;-0.0023106607;0.15;5.03122e-07;5.035198e-07;4.084984e-07;2490378;-0.0030236072;0.03299197;-0.016226381;0.4;0.00016035556;0.00057889463;1.426157e-05;396809;0.049832392;0.031660322;0.023448244;0.5;3.2226283e-06;2.6453715e-06;1.3041139e-05;1;1;1;0;1;1
8023180626;8022992083;2490378;-0.007603703;-0.00013874927;-0.0022805387;0.15;5.0232177e-07;5.027319e-07;4.083242e-07;2490378;-0.0030236072;0.03299197;-0.016205838;0.4;0.0001604461;0.0005789837;1.42432145e-05;396809;0.049804114;0.031616814;0.023695398;0.5;3.2172823e-06;2.6436117e-06;1.299751e-05;1;1;1;0;1;1
8024190541;8024001492;2490378;-0.0076052737;-0.00013062537;-0.002256323;0.15;5.0136015e-07;5.0181444e-07;4.0879073e-07;2490378;-0.0030236072;0.03299197;-0.016176345;0.4;0.00016053664;0.00057907274;1.4202482e-05;396809;0.04980138;0.031613763;0.023806548;0.5;3.2136247e-06;2.6431653e-06;1.2985498e-05;1;1;1;0;1;1
8025199432;8025010902;2490378;-0.0075953663;-0.00012466953;-0.0022040626;0.15;5.0038955e-07;5.0087834e-07;4.0864035e-07;2490378;-0.0030236072;0.03299197;-0.016159302;0.4;0.00016062718;0.0005791618;1.4177361e-05;396809;0.049800735;0.031609047;0.023956344;0.5;3.2096812e-06;2.6424427e-06;1.2967866e-05;1;1;1;0;1;1
8026208868;8026020311;2490378;-0.007589362;-0.00011842358;-0.0021745246;0.15;4.9939064e-07;4.999214e-07;4.091234e-07;2490378;-0.0030236072;0.03299197;-0.016140351;0.4;0.00016071773;0.00057925086;1.4129436e-05;396809;0.04980554;0.031596877;0.02403596;0.5;3.2062092e-06;2.6423818e-06;1.2964112e-05;1;1;1;0;1;1
8027218328;8027029719;2490378;-0.007582641;-0.000114630646;-0.0021504383;0.15;4.983908e-07;4.98953e-07;4.0899354e-07;2490378;-0.0030236072;0.03299197;-0.016118612;0.4;0.00016080827;0.0005793399;1.4088888e-05;396809;0.049800694;0.031562872;0.02410942;0.5;3.1999837e-06;2.6414186e-06;1.295877e-05;1;1;1;0;1;1
8028227621;8028039128;2490378;-0.007573056;-0.00011161052;-0.0021232232;0.15;4.975018e-07;4.9809967e-07;4.0963022e-07;2490378;-0.0030236072;0.03299197;-0.016048687;0.4;0.00016089881;0.000579429;1.40404745e-05;396809;0.04978578;0.03144806;0.024092766;0.5;3.1739667e-06;2.627748e-06;1.295055e-05;1;1;1;0;1;1
8029237102;8029048536;2490378;-0.007569137;-0.0001111632;-0.0020634357;0.15;4.968938e-07;4.9751907e-07;4.096579e-07;2490378;-0.0030236072;0.03299197;-0.016015362;0.4;0.00016098935;0.00057951803;1.3999373e-05;396809;0.049804784;0.031343255;0.024075132;0.5;3.1537245e-06;2.6169905e-06;1.2940403e-05;1;1;1;0;1;1
8030246797;8030057943;2490378;-0.0075571444;-0.000106568325;-0.0020235942;0.15;4.9631564e-07;4.969769e-07;4.0996588e-07;2490378;-0.0030236072;0.03299197;-0.015933655;0.4;0.0001610799;0.0005796071;1.3950463e-05;396809;0.04981951;0.03140218;0.024143638;0.5;3.1497236e-06;2.6153498e-06;1.2935711e-05;1;1;1;0;1;1
8031255879;8031067351;2490378;-0.0075408053;-8.607803e-05;-0.0021310612;0.15;4.958243e-07;4.965367e-07;4.093645e-07;2490378;-0.0030236072;0.03299197;-0.015855879;0.4;0.00016117044;0.00057969615;1.395545e-05;396809;0.049922634;0.031472262;0.024520073;0.5;3.1381499e-06;2.6009607e-06;1.2878729e-05;1;1;1;0;1;1
8032265216;8032076757;2490378;-0.007556332;-0.000103461454;-0.0020651163;0.15;4.9538113e-07;4.9616625e-07;4.095551e-07;2490378;-0.0030236072;0.03299197;-0.015833989;0.4;0.00016126098;0.0005797852;1.3991437e-05;396809;0.049863398;0.031669244;0.02482447;0.5;3.1210159e-06;2.5882962e-06;1.2777737e-05;1;1;1;0;1;1
8033274645;8033086164;2490378;-0.0075326515;-7.539288e-05;-0.002082599;0.15;4.9486175e-07;4.956994e-07;4.092757e-07;2490378;-0.0030236072;0.03299197;-0.0157732;0.4;0.00016135152;0.00057987426;1.3982128e-05;396809;0.049952548;0.031785;0.025326937;0.5;3.110753e-06;2.5815552e-06;1.2733464e-05;1;1;1;0;1;1
8034284049;8034095570;2490378;-0.0075222873;-4.877617e-05;-0.002112541;0.15;4.943512e-07;4.952184e-07;4.0964687e-07;2490378;-0.0030236072;0.03299197;-0.015724158;0.4;0.00016144206;0.0005799633;1.3972982e-05;396809;0.049991243;0.031806406;0.025616128;0.5;3.1061597e-06;2.5767833e-06;1.2709655e-05;1;1;1;0;1;1
8035293458;8035104976;2490378;-0.0075036716;-6.211893e-05;-0.002077818;0.15;4.949226e-07;4.9581956e-07;4.0966765e-07;2490378;-0.003072205;0.03288649;-0.015692936;0.4;0.00016152444;0.0005800249;1.4002715e-05;396809;0.04990805;0.031861536;0.02622648;0.5;3.0958265e-06;2.5736183e-06;1.2601275e-05;1;1;1;0;1;1
8036302855;8036114382;2490378;-0.007503434;-6.0201808e-05;-0.0020769094;0.15;4.945008e-07;4.953861e-07;4.102542e-07;2490378;-0.003072205;0.03288649;-0.015689015;0.4;0.00016161498;0.00058011396;1.4085073e-05;396809;0.049818948;0.03185058;0.026750775;0.5;3.0895476e-06;2.56786e-06;1.2499859e-05;1;1;1;0;1;1
8037312317;8037123787;2490378;-0.0074991374;-5.393687e-05;-0.0020513644;0.15;4.941708e-07;4.950204e-07;4.1024757e-07;2490378;-0.0030721978;0.032885164;-0.015657926;0.4;0.00016170552;0.000580203;1.4070932e-05;396809;0.049861744;0.031941097;0.02714613;0.5;3.0815556e-06;2.563309e-06;1.2454801e-05;1;1;1;0;1;1
8038321863;8038133192;2490378;-0.007498017;-4.047778e-05;-0.0021048072;0.15;4.9362825e-07;4.944403e-07;4.107596e-07;2490378;-0.0030721978;0.032885164;-0.015629413;0.4;0.00016179607;0.0005802921;1.4079347e-05;396809;0.04990643;0.031928506;0.02755929;0.5;3.07697e-06;2.557355e-06;1.2418282e-05;1;1;1;0;1;1
8039331178;8039142597;2490378;-0.0074962596;-3.6707843e-05;-0.0020448994;0.15;4.931009e-07;4.9386404e-07;4.10625e-07;2490378;-0.0030721978;0.032885164;-0.015650896;0.4;0.00016188661;0.00058038114;1.4110105e-05;396809;0.049868822;0.03203747;0.0279553;0.5;3.0685624e-06;2.551637e-06;1.2331837e-05;1;1;1;0;1;1
8040340564;8040152001;2490378;-0.0074782646;-4.0439852e-05;-0.002140584;0.15;4.927879e-07;4.93518e-07;4.1124613e-07;2490378;-0.0030721978;0.032885164;-0.015654933;0.4;0.00016197715;0.0005804702;1.4163309e-05;396809;0.04987468;0.031961396;0.02874898;0.5;3.0612982e-06;2.5405877e-06;1.2250679e-05;1;1;1;0;1;1
8041350468;8041161405;2490378;-0.007483201;-4.0170686e-05;-0.0021929138;0.15;4.929017e-07;4.9361887e-07;4.1131742e-07;2490378;-0.0030721978;0.032885164;-0.015672212;0.4;0.00016206769;0.00058055925;1.4180012e-05;396809;0.049841665;0.031910084;0.029116925;0.5;3.0533654e-06;2.5297188e-06;1.2200521e-05;1;1;1;0;1;1
8042359147;8042170808;2490378;-0.0074808854;-1.5356818e-05;-0.002199925;0.15;4.924673e-07;4.931903e-07;4.1207122e-07;2490378;-0.0030721978;0.032885164;-0.015716828;0.4;0.00016215823;0.0005806483;1.4146259e-05;396809;0.049800444;0.031854898;0.029351609;0.5;3.047869e-06;2.5216568e-06;1.2175573e-05;1;1;1;0;1;1
8043368695;8043180211;2490378;-0.0074551804;-2.8754524e-05;-0.0022800637;0.15;4.918552e-07;4.9340235e-07;4.1209623e-07;2490378;-0.00307378;0.032883126;-0.015741538;0.4;0.00016224878;0.00058073737;1.4176562e-05;396809;0.049733397;0.03171167;0.030042337;0.5;3.0428882e-06;2.5116199e-06;1.2109319e-05;1;1;1;0;1;1
8044378113;8044189614;2490378;-0.007456534;-1.2902131e-05;-0.0022591518;0.15;4.9299075e-07;4.9458754e-07;4.1314132e-07;2490378;-0.0031602925;0.032700863;-0.015773216;0.4;0.00016233105;0.0005807975;1.41802175e-05;396809;0.049745776;0.0317214;0.03036967;0.5;3.0381548e-06;2.5054833e-06;1.2077482e-05;1;1;1;0;1;1
8045387570;8045199017;2490378;-0.0074512786;-1.103697e-05;-0.0022443759;0.15;4.921189e-07;4.9375086e-07;4.1327368e-07;2490378;-0.0031602925;0.032700863;-0.015845206;0.4;0.0001624216;0.00058088655;1.4140434e-05;396809;0.049765468;0.031695474;0.030603873;0.5;3.035946e-06;2.4990077e-06;1.2071909e-05;1;1;1;0;1;1
8046396908;8046208419;2490378;-0.007453852;-3.1413297e-06;-0.0022584763;0.15;4.9147826e-07;4.931383e-07;4.1393787e-07;2490378;-0.0031602925;0.032700863;-0.015881743;0.4;0.00016251214;0.0005809756;1.4107582e-05;396809;0.04978007;0.031646892;0.030879268;0.5;3.0346116e-06;2.4922647e-06;1.2060288e-05;1;1;1;0;1;1
8047406272;8047217821;2490378;-0.0074398713;5.0908466e-06;-0.0022438553;0.15;4.906299e-07;4.923257e-07;4.1392607e-07;2490378;-0.0031602925;0.032700863;-0.015923636;0.4;0.00016260268;0.00058106467;1.4066957e-05;396809;0.049802143;0.031619582;0.031057952;0.5;3.0329911e-06;2.4856404e-06;1.2056611e-05;1;1;1;0;1;1
8048415678;8048227222;2490378;-0.0074427035;4.566163e-06;-0.0021825056;0.15;4.890736e-07;4.914389e-07;4.143266e-07;2490378;-0.0031602925;0.032700863;-0.015946606;0.4;0.00016269322;0.0005811537;1.4096583e-05;396809;0.049765196;0.03165007;0.031226762;0.5;3.0303765e-06;2.4805936e-06;1.2007074e-05;1;1;1;0;1;1
8049425075;8049236623;2490378;-0.007427573;2.2386872e-05;-0.002178516;0.15;4.8825376e-07;4.9066955e-07;4.143714e-07;2490378;-0.0031602925;0.032700863;-0.016033305;0.4;0.00016278376;0.0005812428;1.4054744e-05;396809;0.049791407;0.031606685;0.031469822;0.5;3.0293304e-06;2.4743856e-06;1.2002296e-05;1;1;1;0;1;1
8050434855;8050246024;2490378;-0.007418556;2.7116526e-05;-0.002180427;0.15;4.874642e-07;4.89913e-07;4.1433572e-07;2490378;-0.0031602925;0.032700863;-0.01608216;0.4;0.0001628743;0.00058133184;1.4019574e-05;396809;0.049807053;0.031558517;0.03166874;0.5;3.0285466e-06;2.4681838e-06;1.19991355e-05;1;1;1;0;1;1
8051444009;8051255425;2490378;-0.00740259;3.679706e-05;-0.00219196;0.15;4.866883e-07;4.89173e-07;4.1481468e-07;2490378;-0.0031602925;0.032700863;-0.016149031;0.4;0.00016296485;0.0005814209;1.3976549e-05;396809;0.04982389;0.031516206;0.03188496;0.5;3.027913e-06;2.46195e-06;1.1988996e-05;1;1;1;0;1;1
8052454132;8052264826;2490378;-0.0073970524;4.2590444e-05;-0.0020848466;0.15;4.853346e-07;4.8836097e-07;4.1463028e-07;2490378;-0.0031602925;0.032700863;-0.016180778;0.4;0.00016305539;0.00058150996;1.3975522e-05;396809;0.049841262;0.031605896;0.03201723;0.5;3.026029e-06;2.4573126e-06;1.1940233e-05;1;1;1;0;1;1
8053462781;8053274225;2490378;-0.0073969197;5.0318202e-05;-0.0020437108;0.15;4.84583e-07;4.8766645e-07;4.1526883e-07;2490378;-0.0031602925;0.032700863;-0.016207637;0.4;0.00016314593;0.000581599;1.3976382e-05;396809;0.049843468;0.031605437;0.032245234;0.5;3.025137e-06;2.4525916e-06;1.1912057e-05;1;1;1;0;1;1
8054472466;8054283624;2490378;-0.0073804245;5.7518595e-05;-0.002040459;0.15;4.8385493e-07;4.869831e-07;4.1521238e-07;2490378;-0.0031602925;0.032700863;-0.016262325;0.4;0.00016323647;0.0005816881;1.3947481e-05;396809;0.04983909;0.031555783;0.03246687;0.5;3.0247688e-06;2.4474773e-06;1.189994e-05;1;1;1;0;1;1
8055481695;8055293023;2490378;-0.007376996;6.451967e-05;-0.0020581915;0.15;4.831341e-07;4.863073e-07;4.156851e-07;2490378;-0.0031602925;0.032700863;-0.016300336;0.4;0.00016332701;0.00058177713;1.3904304e-05;396809;0.04983758;0.031499438;0.03266145;0.5;3.024607e-06;2.4428252e-06;1.189629e-05;1;1;1;0;1;1
8056491141;8056302422;2490378;-0.0073633175;7.54925e-05;-0.0021121285;0.15;4.8244993e-07;4.8564794e-07;4.1541648e-07;2490378;-0.0031602925;0.032700863;-0.016289098;0.4;0.00016341756;0.0005818662;1.3905516e-05;396809;0.04982113;0.031455975;0.033181727;0.5;3.0231545e-06;2.4369876e-06;1.1853632e-05;1;1;1;0;1;1
8057500284;8057311820;2490378;-0.00736284;7.52036e-05;-0.0021112892;0.15;4.8128487e-07;4.849141e-07;4.1565775e-07;2490378;-0.0031602925;0.032700863;-0.016303215;0.4;0.0001635081;0.00058195525;1.3882941e-05;396809;0.049777567;0.03142721;0.0333351;0.5;3.0223696e-06;2.4326193e-06;1.18286935e-05;1;1;1;0;1;1
8058510306;8058321218;2490378;-0.0073517323;8.206549e-05;-0.002127415;0.15;4.806338e-07;4.8427705e-07;4.1531987e-07;2490378;-0.0031602925;0.032700863;-0.016328448;0.4;0.00016359864;0.0005820443;1.3847495e-05;396809;0.04975058;0.03136115;0.033510365;0.5;3.0203826e-06;2.4293136e-06;1.1823273e-05;1;1;1;0;1;1
8059519067;8059330616;2490378;-0.0073412205;8.591611e-05;-0.0021106747;0.15;4.8000754e-07;4.836655e-07;4.1546343e-07;2490378;-0.0031602925;0.032700863;-0.016358186;0.4;0.00016368918;0.00058213336;1.3804957e-05;396809;0.049723085;0.03129157;0.033611704;0.5;3.0152062e-06;2.427772e-06;1.1819098e-05;1;1;1;0;1;1
8060528719;8060340014;2490378;-0.0073517067;9.985848e-05;-0.0021475812;0.15;4.794291e-07;4.830903e-07;4.1529037e-07;2490378;-0.0031602925;0.032700863;-0.016353551;0.4;0.00016377972;0.0005822224;1.3769848e-05;396809;0.04991155;0.03137758;0.033730354;0.5;3.0086162e-06;2.4140272e-06;1.1815066e-05;1;1;1;0;1;1
8061537862;8061349411;2490378;-0.0073270258;0.00010625077;-0.0021593894;0.15;4.791292e-07;4.8279674e-07;4.1572036e-07;2490378;-0.0031602925;0.032700863;-0.016319085;0.4;0.00016387027;0.0005823115;1.3749527e-05;396809;0.050683;0.031806268;0.033914834;0.5;2.9696928e-06;2.371528e-06;1.1785293e-05;1;1;1;0;1;1
8062547525;8062358807;2490378;-0.007322697;0.00012268996;-0.002172294;0.15;4.7903467e-07;4.829942e-07;4.1532135e-07;2490378;-0.0031602925;0.032700863;-0.016321372;0.4;0.00016396081;0.00058240053;1.3711945e-05;396809;0.051510055;0.032217965;0.033686224;0.5;2.9195207e-06;2.3238065e-06;1.17701375e-05;1;1;1;0;1;1
8063556656;8063368204;2490378;-0.007310342;0.00014320544;-0.002188639;0.15;4.797228e-07;4.836304e-07;4.1562083e-07;2490378;-0.0031602925;0.032700863;-0.016365092;0.4;0.00016405135;0.0005824896;1.3698354e-05;396809;0.051865943;0.032433223;0.033854328;0.5;2.8980264e-06;2.2980043e-06;1.1737817e-05;1;1;1;0;1;1
8064566057;8064377600;2490378;-0.007305911;0.00014921714;-0.0022695356;0.15;4.805949e-07;4.8441825e-07;4.149044e-07;2490378;-0.0031602925;0.032700863;-0.016401747;0.4;0.0001641419;0.00058257865;1.3691864e-05;396809;0.05170696;0.03234737;0.034161907;0.5;2.8898346e-06;2.2873103e-06;1.16949095e-05;1;1;1;0;1;1
8065575446;8065386996;2490378;-0.007302606;0.0001389331;-0.0022400923;0.15;4.815912e-07;4.8531376e-07;4.143149e-07;2490378;-0.0031602925;0.032700863;-0.016448218;0.4;0.00016423244;0.0005826677;1.3678215e-05;396809;0.051604163;0.03224537;0.03429403;0.5;2.8711254e-06;2.2816866e-06;1.16740575e-05;1;1;1;0;1;1
8066585136;8066396391;2490378;-0.0073029893;0.00014189043;-0.0022137815;0.15;4.8240884e-07;4.8602493e-07;4.1293484e-07;2490378;-0.0031602925;0.032700863;-0.016497191;0.4;0.00016432298;0.00058275677;1.3642697e-05;396809;0.05153202;0.03211079;0.034366306;0.5;2.847345e-06;2.275237e-06;1.1654568e-05;1;1;1;0;1;1
8067594357;8067405786;2490378;-0.00728362;0.00016275575;-0.0022688387;0.15;4.837448e-07;4.874918e-07;4.127326e-07;2490378;-0.0031602925;0.032700863;-0.016492506;0.4;0.00016441352;0.0005828458;1.3639123e-05;396809;0.051436502;0.032066435;0.03477769;0.5;2.8412367e-06;2.269964e-06;1.1563773e-05;1;1;1;0;1;1
8068603732;8068415181;2490378;-0.0072838385;0.00016060696;-0.0023064232;0.15;4.843586e-07;4.880225e-07;4.121601e-07;2490378;-0.0031602925;0.032700863;-0.016520381;0.4;0.00016450406;0.0005829349;1.3596829e-05;396809;0.0514673;0.032118652;0.03489474;0.5;2.8387244e-06;2.261021e-06;1.1558387e-05;1;1;1;0;1;1
8069613539;8069424575;2490378;-0.0072761644;0.0001716667;-0.0023478237;0.15;4.848985e-07;4.8847687e-07;4.1222103e-07;2490378;-0.0031602925;0.032700863;-0.0165347;0.4;0.0001645946;0.00058302394;1.3561855e-05;396809;0.051480785;0.03213146;0.034998775;0.5;2.837376e-06;2.2538466e-06;1.1556075e-05;1;1;1;0;1;1
8070622554;8070433970;2490378;-0.00727223;0.00017538923;-0.0023523332;0.15;4.8553335e-07;4.8902916e-07;4.1139216e-07;2490378;-0.0031602925;0.032700863;-0.0165324;0.4;0.00016468515;0.000583113;1.35343025e-05;396809;0.051419;0.032085933;0.03511372;0.5;2.8331988e-06;2.2507102e-06;1.1547342e-05;1;1;1;0;1;1
8071631837;8071443363;2490378;-0.0072486345;0.00016906064;-0.0023076187;0.15;4.8605796e-07;4.8946794e-07;4.110386e-07;2490378;-0.0031602925;0.032700863;-0.016566316;0.4;0.00016477569;0.00058320205;1.3499599e-05;396809;0.051381506;0.03199309;0.035175584;0.5;2.819776e-06;2.2476015e-06;1.1535939e-05;1;1;1;0;1;1
8072641270;8072452757;2490378;-0.007240824;0.00018225398;-0.0023031817;0.15;4.8616926e-07;4.896626e-07;4.1026834e-07;2490378;-0.0031602925;0.032700863;-0.01657965;0.4;0.00016486623;0.0005832911;1.3446065e-05;396809;0.0514095;0.032008372;0.035297908;0.5;2.8160764e-06;2.242541e-06;1.1491874e-05;1;1;1;0;1;1
8073650622;8073462150;2490378;-0.007239062;0.0001784196;-0.0023085622;0.15;4.869093e-07;4.903262e-07;4.1059803e-07;2490378;-0.0031602925;0.032700863;-0.016558327;0.4;0.00016495677;0.00058338017;1.3455817e-05;396809;0.051837813;0.032324184;0.03550691;0.5;2.7979036e-06;2.2216452e-06;1.1463592e-05;1;1;1;0;1;1
8074660066;8074471543;2490378;-0.0072316546;0.00019564173;-0.0022798793;0.15;4.875434e-07;4.9087214e-07;4.103373e-07;2490378;-0.0031602925;0.032700863;-0.016542614;0.4;0.00016504731;0.0005834692;1.3451101e-05;396809;0.052512724;0.03273919;0.0352885;0.5;2.7591273e-06;2.189015e-06;1.1416787e-05;1;1;1;0;1;1
8075669502;8075480935;2490378;-0.007210562;0.00019142377;-0.0023320725;0.15;4.888459e-07;4.920489e-07;4.106241e-07;2490378;-0.00316015;0.03270076;-0.016543161;0.4;0.00016513786;0.0005835583;1.3475634e-05;396809;0.052923426;0.032991774;0.03541103;0.5;2.7265335e-06;2.160637e-06;1.1361988e-05;1;1;1;0;1;1
8076678839;8076490328;2490378;-0.0072205043;0.00021937417;-0.0022554426;0.15;4.900416e-07;4.931023e-07;4.103928e-07;2490378;-0.00316015;0.03270076;-0.016551746;0.4;0.0001652284;0.00058364734;1.34932125e-05;396809;0.053540546;0.03340801;0.035881754;0.5;2.6981143e-06;2.1346361e-06;1.1310263e-05;1;1;1;0;1;0
8077688197;8077499720;2490378;-0.0072127986;0.00022792218;-0.002236071;0.15;4.912838e-07;4.94243e-07;4.1060304e-07;2490378;-0.00316015;0.03270076;-0.016597003;0.4;0.00016531894;0.0005837364;1.3494892e-05;396809;0.053919878;0.033680957;0.035813045;0.5;2.6696887e-06;2.1113106e-06;1.1268913e-05;1;1;1;0;1;0
8078697562;8078509111;2490378;-0.00720896;0.00023770388;-0.0022226518;0.15;4.928951e-07;4.956196e-07;4.1044828e-07;2490378;-0.00316015;0.03270076;-0.016645001;0.4;0.00016540948;0.00058382546;1.3520394e-05;396809;0.054150984;0.03386749;0.035636015;0.5;2.6368073e-06;2.088051e-06;1.1162558e-05;1;1;1;0;1;0
8079706953;8079518503;2490378;-0.0072022164;0.00025492217;-0.0022545431;0.15;4.946438e-07;4.971652e-07;4.1078343e-07;2490378;-0.00316015;0.03270076;-0.016694834;0.4;0.00016550002;0.0005839145;1.3524832e-05;396809;0.05450305;0.034096226;0.03606481;0.5;2.6107423e-06;2.0655684e-06;1.11333575e-05;1;1;1;0;1;0
8080716340;8080527894;2490378;-0.007199936;0.00026233165;-0.0023371028;0.15;4.9657547e-07;4.988966e-07;4.1048062e-07;2490378;-0.00316015;0.03270076;-0.016759682;0.4;0.00016559057;0.0005840036;1.3522853e-05;396809;0.0546936;0.034211654;0.036119804;0.5;2.579037e-06;2.0458572e-06;1.1082208e-05;1;1;1;0;1;0
8081725836;8081537284;2490378;-0.007190655;0.0002682388;-0.0023838463;0.15;4.9848495e-07;5.006085e-07;4.108663e-07;2490378;-0.00316015;0.03270076;-0.016845059;0.4;0.00016568111;0.00058409263;1.3493185e-05;396809;0.054904394;0.034340218;0.036253776;0.5;2.5529653e-06;2.0282234e-06;1.1062577e-05;1;1;1;0;1;0
8082735278;8082546675;2490378;-0.00718421;0.00027432243;-0.002494245;0.15;5.004304e-07;5.0236093e-07;4.1053448e-07;2490378;-0.00316015;0.03270076;-0.016866574;0.4;0.00016577165;0.0005841817;1.3534043e-05;396809;0.055110887;0.034490258;0.036626156;0.5;2.5201834e-06;2.0098953e-06;1.0992461e-05;1;1;1;0;1;0
8083744767;8083556065;2490378;-0.007168197;0.00027667425;-0.0025771959;0.15;5.023296e-07;5.0413064e-07;4.10928e-07;2490378;-0.00316015;0.03270076;-0.016866574;0.4;0.00016586219;0.00058427075;1.3623936e-05;396809;0.05534321;0.03465152;0.037006374;0.5;2.4892583e-06;1.9935917e-06;1.0895709e-05;1;1;1;0;1;0
8084754010;8084565454;2490378;-0.007164141;0.00028513692;-0.0025158934;0.15;5.042973e-07;5.059138e-07;4.1077254e-07;2490378;-0.00316015;0.03270076;-0.016933694;0.4;0.00016595273;0.0005843598;1.35976225e-05;396809;0.055690963;0.03479799;0.037006263;0.5;2.4643016e-06;1.978712e-06;1.0876787e-05;1;1;1;0;1;0
8085767054;8085574844;2490378;-0.007175112;0.0003099607;-0.0023963386;0.15;5.062589e-07;5.0764294e-07;4.1124167e-07;2490378;-0.00316015;0.03270076;-0.016975204;0.4;0.00016604328;0.00058444886;1.3619622e-05;396809;0.05601433;0.034954228;0.037121773;0.5;2.442295e-06;1.966083e-06;1.082044e-05;1;1;1;0;1;0
8086773032;8086584233;2490378;-0.0071567404;0.000304898;-0.0023972632;0.15;5.082564e-07;5.0939116e-07;4.1109536e-07;2490378;-0.00316015;0.03270076;-0.017029012;0.4;0.00016613382;0.0005845379;1.3628445e-05;396809;0.056288384;0.035122253;0.037310623;0.5;2.4160377e-06;1.9523698e-06;1.0788498e-05;1;1;1;0;1;1
8087782119;8087593622;2490378;-0.007146901;0.00031313955;-0.0023765615;0.15;5.1019504e-07;5.110915e-07;4.1157767e-07;2490378;-0.00316015;0.03270076;-0.017082402;0.4;0.00016622436;0.000584627;1.36036e-05;396809;0.056507938;0.035242375;0.037320744;0.5;2.393647e-06;1.94086e-06;1.077921e-05;1;1;1;0;1;1
8088791486;8088603011;2490378;-0.007140611;0.00032058862;-0.0023796747;0.15;5.118702e-07;5.1251016e-07;4.1126935e-07;2490378;-0.00316015;0.03270076;-0.017116923;0.4;0.0001663149;0.00058471604;1.358389e-05;396809;0.05673105;0.03538476;0.037398934;0.5;2.3694415e-06;1.9291838e-06;1.076168e-05;1;1;1;0;1;1
8089800848;8089612399;2490378;-0.0071355393;0.0003379601;-0.0023865977;0.15;5.1354976e-07;5.13952e-07;4.1166282e-07;2490378;-0.00316015;0.03270076;-0.017145887;0.4;0.00016640544;0.0005848051;1.3550014e-05;396809;0.056931317;0.035512663;0.03745828;0.5;2.3468517e-06;1.9187862e-06;1.0727158e-05;1;1;1;0;1;1
8090810234;8090621787;2490378;-0.0071284343;0.0003395316;-0.002394747;0.15;5.151261e-07;5.153056e-07;4.1135854e-07;2490378;-0.00316015;0.03270076;-0.017165583;0.4;0.00016649599;0.00058489415;1.3517949e-05;396809;0.057155337;0.03566081;0.03751017;0.5;2.3234043e-06;1.9084996e-06;1.0718108e-05;1;1;1;0;1;1
8091819662;8091631175;2490378;-0.0071189567;0.00035449033;-0.0023159692;0.15;5.1659225e-07;5.165853e-07;4.1160172e-07;2490378;-0.00316015;0.03270076;-0.017174844;0.4;0.00016658653;0.0005849832;1.3492404e-05;396809;0.057484254;0.035828438;0.03784071;0.5;2.305678e-06;1.8982603e-06;1.0712126e-05;1;1;1;0;1;1
8092829077;8092640563;2490378;-0.007108951;0.00036182636;-0.0022542214;0.15;5.17937e-07;5.1775834e-07;4.1103007e-07;2490378;-0.00316015;0.03270076;-0.01719855;0.4;0.00016667707;0.00058507227;1.3459863e-05;396809;0.057789296;0.036001507;0.0380233;0.5;2.2868037e-06;1.8883275e-06;1.0710226e-05;1;1;1;0;1;1
8093838401;8093649950;2490378;-0.0071049975;0.000370062;-0.0022572123;0.15;5.1914645e-07;5.1881943e-07;4.111614e-07;2490378;-0.00316015;0.03270076;-0.017207416;0.4;0.00016676761;0.0005851613;1.3508901e-05;396809;0.057897806;0.036103707;0.03772171;0.5;2.2672275e-06;1.8811375e-06;1.064526e-05;1;1;1;0;1;1
8094847783;8094659337;2490378;-0.007095886;0.00037826467;-0.002294238;0.15;5.201479e-07;5.19587e-07;4.108031e-07;2490378;-0.00316015;0.03270076;-0.017242216;0.4;0.00016685815;0.0005852504;1.3517139e-05;396809;0.05791392;0.036180563;0.03747181;0.5;2.2471022e-06;1.8743164e-06;1.0580058e-05;1;1;1;0;1;1
8095857176;8095668724;2490378;-0.007087347;0.000384074;-0.0023454812;0.15;5.210395e-07;5.2032647e-07;4.113655e-07;2490378;-0.00316015;0.03270076;-0.017263494;0.4;0.0001669487;0.00058533944;1.3566251e-05;396809;0.05788694;0.03624061;0.03732995;0.5;2.2283534e-06;1.8683783e-06;1.0498962e-05;1;1;1;0;1;1
8096866583;8096678111;2490378;-0.0070807757;0.0003938505;-0.002401389;0.15;5.217701e-07;5.209147e-07;4.115313e-07;2490378;-0.00316015;0.03270076;-0.017263494;0.4;0.00016703924;0.0005854285;1.3656144e-05;396809;0.057827808;0.03628875;0.03725034;0.5;2.2094052e-06;1.8627659e-06;1.0431019e-05;1;1;1;0;1;1
8097876506;8097687497;2490378;-0.0070739263;0.00040303083;-0.0023972557;0.15;5.223402e-07;5.213736e-07;4.125116e-07;2490378;-0.00316015;0.03270076;-0.017263494;0.4;0.00016712978;0.00058551756;1.37460365e-05;396809;0.057829324;0.036301948;0.037254684;0.5;2.194041e-06;1.8575344e-06;1.0367773e-05;1;1;1;0;1;1
8098885490;8098696883;2490378;-0.007064834;0.0004122437;-0.0023838035;0.15;5.227624e-07;5.21663e-07;4.1295226e-07;2490378;-0.00316015;0.03270076;-0.017254699;0.4;0.00016722032;0.0005856066;1.3749282e-05;396809;0.057870902;0.036324635;0.037533354;0.5;2.1790227e-06;1.8505094e-06;1.034133e-05;1;1;1;0;1;1
8099895211;8099706269;2490378;-0.0070546744;0.00042089474;-0.0023851048;0.15;5.229858e-07;5.2168554e-07;4.1319345e-07;2490378;-0.00316015;0.03270076;-0.017240832;0.4;0.00016731085;0.00058569567;1.3719105e-05;396809;0.057936005;0.036375016;0.03784812;0.5;2.1645724e-06;1.8431103e-06;1.03332e-05;1;1;1;0;1;1
8100904213;8100715655;2490378;-0.007047452;0.0004304593;-0.0023544943;0.15;5.230789e-07;5.217112e-07;4.140179e-07;2490378;-0.00316015;0.03270076;-0.017216654;0.4;0.00016740139;0.0005857847;1.3696971e-05;396809;0.058021374;0.036399428;0.037956007;0.5;2.1527655e-06;1.8368518e-06;1.0312543e-05;1;1;1;0;1;1
8101913796;8101725040;2490378;-0.0070367334;0.00044228352;-0.002317208;0.15;5.230187e-07;5.2156736e-07;4.1427606e-07;2490378;-0.00316015;0.03270076;-0.01717401;0.4;0.00016749193;0.0005858738;1.3660796e-05;396809;0.058087897;0.036406398;0.037993144;0.5;2.1406674e-06;1.8306171e-06;1.0259136e-05;1;1;1;0;1;1
8102922904;8102734426;2490378;-0.007027935;0.00045194526;-0.0023238405;0.15;5.228278e-07;5.2129894e-07;4.1506712e-07;2490378;-0.00316015;0.03270076;-0.017152179;0.4;0.00016758248;0.00058596284;1.3640002e-05;396809;0.05811708;0.036446422;0.038195677;0.5;2.1285623e-06;1.8245204e-06;1.0238731e-05;1;1;1;0;1;1
8103932744;8103743811;2490378;-0.0070187617;0.0004585623;-0.002404749;0.15;5.225035e-07;5.209088e-07;4.1505814e-07;2490378;-0.00316015;0.03270076;-0.017092181;0.4;0.00016767302;0.0005860519;1.36136605e-05;396809;0.05813492;0.036571633;0.038592108;0.5;2.1119406e-06;1.8180114e-06;1.02075555e-05;1;1;1;0;1;1
8104941677;8104753196;2490378;-0.007010312;0.00046787172;-0.002460966;0.15;5.220642e-07;5.2044163e-07;4.156385e-07;2490378;-0.00316015;0.03270076;-0.017069625;0.4;0.00016776356;0.00058614096;1.359447e-05;396809;0.058189105;0.036679614;0.03884936;0.5;2.0976813e-06;1.8122472e-06;1.0189291e-05;1;1;1;0;1;1
8105951344;8105762581;2490378;-0.0070014684;0.00047806345;-0.0025116599;0.15;5.2149915e-07;5.1973115e-07;4.154844e-07;2490378;-0.00316015;0.03270076;-0.01699713;0.4;0.0001678541;0.00058623;1.3568184e-05;396809;0.058268502;0.036792587;0.039070494;0.5;2.0833336e-06;1.8062714e-06;1.0174965e-05;1;1;1;0;1;1
8106960423;8106771965;2490378;-0.0069935587;0.00048551537;-0.0025374636;0.15;5.2084374e-07;5.190663e-07;4.1592014e-07;2490378;-0.00316015;0.03270076;-0.016955556;0.4;0.00016794464;0.0005863191;1.3549042e-05;396809;0.058366977;0.036883008;0.039193273;0.5;2.0710906e-06;1.8008466e-06;1.016532e-05;1;1;1;0;1;1
8107970083;8107781350;2490378;-0.0069848206;0.0004952631;-0.0024635736;0.15;5.2007397e-07;5.1829426e-07;4.156055e-07;2490378;-0.00316015;0.03270076;-0.01689881;0.4;0.00016803519;0.00058640813;1.3514414e-05;396809;0.058588866;0.036947545;0.03952181;0.5;2.0611797e-06;1.7938829e-06;1.0135625e-05;1;1;1;0;1;1
8108979207;8108790734;2490378;-0.006974924;0.0005062202;-0.00237482;0.15;5.1920864e-07;5.1747696e-07;4.1575606e-07;2490378;-0.00316015;0.03270076;-0.016852947;0.4;0.00016812573;0.0005864972;1.3493132e-05;396809;0.05882446;0.037007608;0.039817743;0.5;2.0529408e-06;1.7874618e-06;1.0118658e-05;1;1;1;0;1;1
8109989023;8109800118;2490378;-0.006963738;0.0005144314;-0.002286318;0.15;5.1825714e-07;5.165613e-07;4.1517677e-07;2490378;-0.00316015;0.03270076;-0.016807316;0.4;0.00016821627;0.00058658625;1.3463233e-05;396809;0.059039284;0.037056465;0.039916385;0.5;2.044632e-06;1.7810839e-06;1.00986945e-05;1;1;1;0;1;1
8110997948;8110809503;2490378;-0.0069535743;0.00052305084;-0.0022220176;0.15;5.172312e-07;5.155775e-07;4.1521542e-07;2490378;-0.00316015;0.03270076;-0.01677642;0.4;0.00016830681;0.0005866753;1.3437814e-05;396809;0.059214134;0.037107594;0.03999723;0.5;2.0371378e-06;1.7752943e-06;1.0084017e-05;1;1;1;0;1;1
8112007576;8111818886;2490378;-0.0069443;0.0005313941;-0.002196822;0.15;5.1613426e-07;5.143571e-07;4.1465267e-07;2490378;-0.00316015;0.03270076;-0.016766459;0.4;0.00016839735;0.00058676436;1.3493397e-05;396809;0.059296694;0.037169468;0.039797407;0.5;2.0279956e-06;1.7704838e-06;1.0023986e-05;1;1;1;0;1;1
8113016831;8112828269;2490378;-0.006937089;0.000539184;-0.0021927005;0.15;5.15002e-07;5.132033e-07;4.1504268e-07;2490378;-0.00316015;0.03270076;-0.016766459;0.4;0.0001684879;0.0005868534;1.3583289e-05;396809;0.05931186;0.037208565;0.0396649;0.5;2.0195328e-06;1.7665762e-06;9.969858e-06;1;1;1;0;1;1
8114026224;8113837652;2490378;-0.006927949;0.00054743706;-0.002115523;0.15;5.138267e-07;5.1196804e-07;4.1507116e-07;2490378;-0.00316015;0.03270076;-0.016766459;0.4;0.00016857844;0.0005869425;1.36731815e-05;396809;0.05939961;0.037196137;0.03967581;0.5;2.0116588e-06;1.7620965e-06;9.8964365e-06;1;1;1;0;1;1
8115036063;8114847035;2490378;-0.0069206916;0.0005544919;-0.0021982717;0.15;5.1273867e-07;5.1079246e-07;4.1536944e-07;2490378;-0.00316015;0.03270076;-0.016737891;0.4;0.00016866898;0.00058703154;1.3662268e-05;396809;0.059341304;0.037285928;0.04006819;0.5;2.001058e-06;1.7570746e-06;9.860694e-06;1;1;1;0;1;1
8116048560;8115856419;2490378;-0.0069146287;0.0005574065;-0.002343145;0.15;5.1150084e-07;5.0948e-07;4.1487345e-07;2490378;-0.00316015;0.03270076;-0.016711839;0.4;0.00016875952;0.0005871206;1.3699084e-05;396809;0.059265014;0.037436087;0.04058791;0.5;1.9885172e-06;1.7515924e-06;9.809033e-06;1;1;1;0;1;1
8117054291;8116865802;2490378;-0.006908075;0.00056208216;-0.0024789777;0.15;5.1025137e-07;5.0816453e-07;4.1507144e-07;2490378;-0.00316015;0.03270076;-0.016711839;0.4;0.00016885006;0.00058720965;1.37889765e-05;396809;0.05919222;0.03757442;0.040972885;0.5;1.9770137e-06;1.7469346e-06;9.7617785e-06;1;1;1;0;1;1
8118063649;8117875184;2490378;-0.0069017294;0.0005674019;-0.0026420217;0.15;5.089961e-07;5.066625e-07;4.1466458e-07;2490378;-0.00316015;0.03270076;-0.016711839;0.4;0.0001689406;0.0005872987;1.3878869e-05;396809;0.059070017;0.037719626;0.041320395;0.5;1.965556e-06;1.741859e-06;9.710795e-06;1;1;1;0;1;1
8119073022;8118884566;2490378;-0.0068934443;0.00057202263;-0.0027031638;0.15;5.077313e-07;5.05283e-07;4.1508707e-07;2490378;-0.00316015;0.03270076;-0.016682716;0.4;0.00016903115;0.00058738777;1.3903174e-05;396809;0.059032287;0.037779015;0.04142116;0.5;1.9584884e-06;1.7374327e-06;9.683113e-06;1;1;1;0;1;1
8120082427;8119893949;2490378;-0.0068715033;0.0005800545;-0.0026758316;0.15;5.0641614e-07;5.038821e-07;4.1490713e-07;2490378;-0.00316015;0.03270076;-0.016608194;0.4;0.00016912169;0.0005874768;1.386796e-05;396809;0.05913671;0.037794944;0.041893505;0.5;1.953827e-06;1.7307112e-06;9.6518515e-06;1;1;1;0;1;1
8121091786;8120903331;2490378;-0.006879047;0.00059291115;-0.0026340545;0.15;5.050729e-07;5.025037e-07;4.1524834e-07;2490378;-0.00316015;0.03270076;-0.016564323;0.4;0.00016921223;0.0005875659;1.3859786e-05;396809;0.059234314;0.037796218;0.04199029;0.5;1.9492252e-06;1.7258517e-06;9.633026e-06;1;1;1;0;1;1
8122101168;8121912713;2490378;-0.006870888;0.0005865388;-0.0027258873;0.15;5.037252e-07;5.0110395e-07;4.148848e-07;2490378;-0.00316015;0.03270076;-0.016548611;0.4;0.00016930277;0.00058765494;1.3916846e-05;396809;0.05918988;0.037897058;0.042312965;0.5;1.9410072e-06;1.7208401e-06;9.601993e-06;1;1;1;0;1;1
8123110544;8122922095;2490378;-0.0068643726;0.00059325;-0.002763797;0.15;5.023972e-07;4.997298e-07;4.1511146e-07;2490378;-0.00316015;0.03270076;-0.016506787;0.4;0.00016939332;0.000587744;1.390663e-05;396809;0.059232797;0.03797435;0.042698316;0.5;1.9355534e-06;1.7156103e-06;9.582369e-06;1;1;1;0;1;1
8124119947;8123931477;2490378;-0.0068544694;0.00059695146;-0.0027688444;0.15;5.010603e-07;4.982492e-07;4.1451725e-07;2490378;-0.00316015;0.03270076;-0.016463371;0.4;0.00016948386;0.00058783306;1.38874075e-05;396809;0.05930588;0.03804881;0.042893827;0.5;1.930417e-06;1.7106219e-06;9.560587e-06;1;1;1;0;1;1
8125129306;8124940858;2490378;-0.0068514855;0.00060356973;-0.0027514521;0.15;4.997161e-07;4.9690925e-07;4.146862e-07;2490378;-0.00316015;0.03270076;-0.016431587;0.4;0.0001695744;0.0005879221;1.3894632e-05;396809;0.059333272;0.03807526;0.04286263;0.5;1.9254285e-06;1.7069763e-06;9.524148e-06;1;1;1;0;1;1
8126138741;8125950240;2490378;-0.0068362225;0.0006074393;-0.0026948412;0.15;4.9848774e-07;4.95666e-07;4.1436684e-07;2490378;-0.00316015;0.03270076;-0.016397426;0.4;0.00016966494;0.0005880112;1.3894334e-05;396809;0.059405018;0.038075797;0.0431826;0.5;1.9217136e-06;1.7018922e-06;9.494922e-06;1;1;1;0;1;1
8127148204;8126959621;2490378;-0.0068477583;0.0006123173;-0.0027447522;0.15;4.971281e-07;4.9434556e-07;4.145703e-07;2490378;-0.00316015;0.03270076;-0.016354918;0.4;0.00016975548;0.0005881002;1.3858273e-05;396809;0.05935849;0.038124178;0.043240868;0.5;1.9172394e-06;1.6978377e-06;9.468241e-06;1;1;1;0;1;1
8128157550;8127969002;2490378;-0.006839361;0.0006143901;-0.0027505665;0.15;4.957821e-07;4.930398e-07;4.141585e-07;2490378;-0.00316015;0.03270076;-0.016304838;0.4;0.00016984603;0.0005881893;1.3822168e-05;396809;0.059383787;0.038138762;0.04339632;0.5;1.9137442e-06;1.6931281e-06;9.466309e-06;1;1;1;0;1;1
8129167092;8128978384;2490378;-0.0068380395;0.000620148;-0.0027713436;0.15;4.94467e-07;4.917843e-07;4.140355e-07;2490378;-0.00316015;0.03270076;-0.016257465;0.4;0.00016993657;0.00058827834;1.3792127e-05;396809;0.059331544;0.038134612;0.043506045;0.5;1.9121414e-06;1.6852672e-06;9.461789e-06;1;1;1;0;1;1
8130176343;8129987763;2490378;-0.006833049;0.0006160899;-0.0027027326;0.15;4.9345556e-07;4.9068444e-07;4.1259264e-07;2490378;-0.00316015;0.03270076;-0.01622955;0.4;0.00017002711;0.0005883674;1.3754053e-05;396809;0.059314996;0.037991025;0.04363561;0.5;1.8985118e-06;1.6638362e-06;9.454681e-06;1;1;1;0;1;1
8131185710;8130997144;2490378;-0.006837056;0.0006122565;-0.0026727323;0.15;4.9328884e-07;4.9058946e-07;4.1177563e-07;2490378;-0.00316015;0.03270076;-0.016193476;0.4;0.00017011765;0.00058845646;1.3722732e-05;396809;0.05928787;0.03788993;0.04370544;0.5;1.8717385e-06;1.6386559e-06;9.440808e-06;1;1;1;0;1;1
8132195355;8132006525;2490378;-0.0068402304;0.0006116146;-0.0026507329;0.15;4.939869e-07;4.9139834e-07;4.1048017e-07;2490378;-0.00316015;0.03270076;-0.01618068;0.4;0.0001702082;0.0005885455;1.368344e-05;396809;0.05921339;0.037802536;0.043887522;0.5;1.8479299e-06;1.6167737e-06;9.416499e-06;1;1;1;0;1;1
8133204377;8133015905;2490378;-0.0068420866;0.0006089025;-0.0025819566;0.15;4.9524897e-07;4.928028e-07;4.1007934e-07;2490378;-0.00316015;0.03270076;-0.016097024;0.4;0.00017029874;0.0005886346;1.3643451e-05;396809;0.05921829;0.037706416;0.044026736;0.5;1.8374049e-06;1.6034613e-06;9.393318e-06;1;1;1;0;1;1
8134213811;8134025285;2490378;-0.006836481;0.0006133371;-0.0025746392;0.15;4.966624e-07;4.9435556e-07;4.0907955e-07;2490378;-0.00316015;0.03270076;-0.016005874;0.4;0.00017038928;0.00058872363;1.3603175e-05;396809;0.059227936;0.037696406;0.044100072;0.5;1.8357729e-06;1.5965289e-06;9.38764e-06;1;1;1;0;1;1
8135223139;8135034665;2490378;-0.006837661;0.0006047812;-0.002748174;0.15;4.9797313e-07;4.9577886e-07;4.0885413e-07;2490378;-0.00316015;0.03270076;-0.015972227;0.4;0.00017047982;0.0005888127;1.3649666e-05;396809;0.05911336;0.03775862;0.044375885;0.5;1.8348746e-06;1.5920833e-06;9.3502085e-06;1;1;1;0;1;1
8136232486;8136044045;2490378;-0.006840379;0.00060571294;-0.002927802;0.15;4.9917764e-07;4.968859e-07;4.081393e-07;2490378;-0.00316015;0.03270076;-0.015960788;0.4;0.00017057036;0.00058890175;1.3724982e-05;396809;0.058999132;0.037815567;0.04473475;0.5;1.8338642e-06;1.58754e-06;9.307819e-06;1;1;1;0;1;1
8137241901;8137053424;2490378;-0.0068355333;0.0006057262;-0.002896953;0.15;5.004099e-07;4.9811825e-07;4.0837932e-07;2490378;-0.00316015;0.03270076;-0.015876148;0.4;0.0001706609;0.0005889908;1.3734736e-05;396809;0.059021328;0.037780203;0.044893242;0.5;1.8283032e-06;1.5792785e-06;9.28901e-06;1;1;1;0;1;1
8138251280;8138062806;2490378;-0.006849819;0.00060841977;-0.0028022665;0.15;5.0215226e-07;4.9982594e-07;4.082369e-07;2490378;-0.00316015;0.03270076;-0.0158034;0.4;0.00017075145;0.00058907986;1.37295465e-05;396809;0.059145853;0.037624393;0.044858854;0.5;1.8063242e-06;1.5625329e-06;9.275352e-06;1;1;1;0;1;1
8139260678;8139072183;2490378;-0.0068534305;0.00059552165;-0.0027305963;0.15;5.0476336e-07;5.024161e-07;4.0885695e-07;2490378;-0.00316015;0.03270076;-0.0157238;0.4;0.00017084199;0.0005891689;1.37028865e-05;396809;0.059155013;0.037520584;0.044740148;0.5;1.7780757e-06;1.546682e-06;9.244402e-06;1;1;1;0;1;1
8140270008;8140081562;2490378;-0.006847867;0.0005868582;-0.0027301167;0.15;5.0789725e-07;5.0556406e-07;4.086373e-07;2490378;-0.00316015;0.03270076;-0.015697941;0.4;0.00017093253;0.000589258;1.3748341e-05;396809;0.05908768;0.037492767;0.044921555;0.5;1.7643052e-06;1.5385561e-06;9.188005e-06;1;1;1;0;1;1
8141279428;8141090941;2490378;-0.0068487762;0.000590175;-0.002702162;0.15;5.110531e-07;5.08789e-07;4.084362e-07;2490378;-0.00316015;0.03270076;-0.015610132;0.4;0.00017102307;0.00058934704;1.3740033e-05;396809;0.059081998;0.037537605;0.045160905;0.5;1.7612534e-06;1.5349577e-06;9.16121e-06;1;1;1;0;1;1
8142288863;8142100319;2490378;-0.006849399;0.00058663246;-0.0026884007;0.15;5.1388514e-07;5.1154416e-07;4.0745388e-07;2490378;-0.00316015;0.03270076;-0.015474327;0.4;0.00017111361;0.0005894361;1.3699696e-05;396809;0.059122678;0.03758929;0.04522451;0.5;1.759808e-06;1.5319011e-06;9.1587735e-06;1;1;1;0;1;1
8143298788;8143109698;2490378;-0.0068484833;0.00058211293;-0.002654764;0.15;5.164953e-07;5.14212e-07;4.0742793e-07;2490378;-0.00316015;0.03270076;-0.015344043;0.4;0.00017120416;0.00058952515;1.3650862e-05;396809;0.05914291;0.037598573;0.045278285;0.5;1.7573525e-06;1.5291145e-06;9.1574075e-06;1;1;1;0;1;1
8144307621;8144119077;2490378;-0.0068433355;0.0005816207;-0.0025916994;0.15;5.189817e-07;5.167525e-07;4.066676e-07;2490378;-0.00316015;0.03270076;-0.015239773;0.4;0.0001712947;0.0005896142;1.3608721e-05;396809;0.05917248;0.03759878;0.04535214;0.5;1.7545311e-06;1.5265367e-06;9.153326e-06;1;1;1;0;1;1
8145316975;8145128455;2490378;-0.006847934;0.00057950075;-0.002598053;0.15;5.211937e-07;5.19016e-07;4.0614418e-07;2490378;-0.00316015;0.03270076;-0.015086718;0.4;0.00017138523;0.00058970327;1.3558351e-05;396809;0.059236553;0.037669536;0.045388546;0.5;1.7522615e-06;1.5240408e-06;9.15058e-06;1;1;1;0;1;1
8146326482;8146137833;2490378;-0.0068442714;0.0005786572;-0.002608187;0.15;5.2308565e-07;5.2097164e-07;4.0517693e-07;2490378;-0.00316015;0.03270076;-0.014980701;0.4;0.00017147577;0.0005897923;1.35102855e-05;396809;0.059281465;0.0376948;0.04542888;0.5;1.750332e-06;1.5222217e-06;9.140145e-06;1;1;1;0;1;1
8147335707;8147147210;2490378;-0.0068434817;0.00057434256;-0.0025631348;0.15;5.2478623e-07;5.2272827e-07;4.0527775e-07;2490378;-0.00316015;0.03270076;-0.014867969;0.4;0.00017156631;0.0005898814;1.34600605e-05;396809;0.059295148;0.037672974;0.045462754;0.5;1.7475434e-06;1.5205621e-06;9.139364e-06;1;1;1;0;1;1
8148345077;8148156588;2490378;-0.006841997;0.0005719829;-0.0024599645;0.15;5.263657e-07;5.242333e-07;4.0467515e-07;2490378;-0.00316015;0.03270076;-0.014776161;0.4;0.00017165685;0.00058997044;1.3425425e-05;396809;0.059312016;0.03766147;0.045585256;0.5;1.7446323e-06;1.5186079e-06;9.122871e-06;1;1;1;0;1;1
8149354855;8149165965;2490378;-0.006843651;0.0005680482;-0.002331554;0.15;5.2783986e-07;5.257394e-07;4.043013e-07;2490378;-0.00316015;0.03270076;-0.014776161;0.4;0.0001717474;0.0005900595;1.3515318e-05;396809;0.059322722;0.037669197;0.045797445;0.5;1.7427482e-06;1.5164973e-06;9.084791e-06;1;1;1;0;1;1
8150363844;8150175343;2490378;-0.006846995;0.0005681313;-0.002225148;0.15;5.2920166e-07;5.2712517e-07;4.0490625e-07;2490378;-0.00316015;0.03270076;-0.014776161;0.4;0.00017183794;0.00059014856;1.360521e-05;396809;0.059345618;0.03768297;0.04599926;0.5;1.7415734e-06;1.5146874e-06;9.053371e-06;1;1;1;0;1;1
8151373430;8151184720;2490378;-0.0068407357;0.00056894205;-0.0022768162;0.15;5.304279e-07;5.283898e-07;4.0489059e-07;2490378;-0.00316015;0.03270076;-0.014737339;0.4;0.00017192848;0.0005902376;1.365077e-05;396809;0.059338357;0.037637446;0.046222202;0.5;1.7385229e-06;1.5131394e-06;9.014812e-06;1;1;1;0;1;1
8152382540;8152194097;2490378;-0.0068391007;0.00056351814;-0.0023739007;0.15;5.3149034e-07;5.2952856e-07;4.0559738e-07;2490378;-0.00316015;0.03270076;-0.014737339;0.4;0.00017201902;0.0005903267;1.3740662e-05;396809;0.059333716;0.03760376;0.046452314;0.5;1.7367335e-06;1.5124202e-06;8.979685e-06;1;1;1;0;1;1
8153392191;8153203473;2490378;-0.0068372646;0.00056205655;-0.0023701678;0.15;5.323897e-07;5.30504e-07;4.056622e-07;2490378;-0.00316015;0.03270076;-0.014701914;0.4;0.00017210956;0.00059041573;1.3794505e-05;396809;0.05929181;0.037594065;0.04675546;0.5;1.7309178e-06;1.5117754e-06;8.930933e-06;1;1;1;0;1;1
8154401350;8154212850;2490378;-0.0068340222;0.00056094845;-0.0023416036;0.15;5.3317314e-07;5.312098e-07;4.0613253e-07;2490378;-0.00316015;0.03270076;-0.014691;0.4;0.0001722001;0.0005905048;1.38700425e-05;396809;0.059224833;0.037587985;0.047094844;0.5;1.7248783e-06;1.5111817e-06;8.875806e-06;1;1;1;0;1;1
8155411036;8155222226;2490378;-0.0068321447;0.00055928534;-0.0022901506;0.15;5.338756e-07;5.3184914e-07;4.0592693e-07;2490378;-0.00316015;0.03270076;-0.014691;0.4;0.00017229065;0.00059059385;1.3959935e-05;396809;0.05916423;0.03758618;0.047390297;0.5;1.7194524e-06;1.5105159e-06;8.826857e-06;1;1;1;0;1;1
8156420055;8156231602;2490378;-0.006830396;0.00055766874;-0.0022513638;0.15;5.344595e-07;5.323129e-07;4.0630312e-07;2490378;-0.00316015;0.03270076;-0.014651085;0.4;0.00017238119;0.0005906829;1.400765e-05;396809;0.059124354;0.037578594;0.04756415;0.5;1.7153959e-06;1.5101645e-06;8.800928e-06;1;1;1;0;1;1
8157429948;8157240978;2490378;-0.006825365;0.0005568924;-0.0023059472;0.15;5.348835e-07;5.326525e-07;4.0580568e-07;2490378;-0.00316015;0.03270076;-0.014625565;0.4;0.00017247173;0.00059077196;1.40695565e-05;396809;0.05905988;0.037552256;0.04788039;0.5;1.7103874e-06;1.5090336e-06;8.739147e-06;1;1;1;0;1;1
8158438915;8158250354;2490378;-0.0068108863;0.0005629271;-0.0023354152;0.15;5.3515095e-07;5.329285e-07;4.058635e-07;2490378;-0.00316015;0.03270076;-0.014595116;0.4;0.00017256227;0.000590861;1.4131367e-05;396809;0.058997255;0.037542954;0.048155572;0.5;1.7059076e-06;1.5085877e-06;8.696375e-06;1;1;1;0;1;1
8159448548;8159259729;2490378;-0.006835831;0.00055041304;-0.0022156374;0.15;5.352445e-07;5.3305416e-07;4.0543426e-07;2490378;-0.00316015;0.03270076;-0.014566576;0.4;0.00017265281;0.0005909501;1.4193067e-05;396809;0.058981944;0.037609432;0.048320174;0.5;1.7042308e-06;1.5070974e-06;8.65299e-06;1;1;1;0;1;1
8160458163;8160269105;2490378;-0.006818235;0.000552948;-0.0022570032;0.15;5.3514486e-07;5.3293894e-07;4.0573642e-07;2490378;-0.00316015;0.03270076;-0.014521594;0.4;0.00017274336;0.00059103913;1.42263525e-05;396809;0.058974408;0.037573356;0.04840152;0.5;1.7020523e-06;1.5068125e-06;8.62764e-06;1;1;1;0;1;1
8161467298;8161278480;2490378;-0.0068165767;0.00055556785;-0.002297414;0.15;5.349008e-07;5.327914e-07;4.0544487e-07;2490378;-0.00316015;0.03270076;-0.014402149;0.4;0.0001728339;0.0005911282;1.4186827e-05;396809;0.058974233;0.037548307;0.048456755;0.5;1.6999504e-06;1.5067495e-06;8.610873e-06;1;1;1;0;1;1
8162476377;8162287855;2490378;-0.006813159;0.0005562026;-0.0022947092;0.15;5.345023e-07;5.325029e-07;4.057522e-07;2490378;-0.00316015;0.03270076;-0.01434416;0.4;0.00017292444;0.00059121725;1.4210877e-05;396809;0.0589293;0.037545994;0.048658226;0.5;1.6956627e-06;1.5066701e-06;8.5791635e-06;1;1;1;0;1;1
8163485670;8163297230;2490378;-0.006808196;0.00055406237;-0.0022650238;0.15;5.3404136e-07;5.320617e-07;4.0520246e-07;2490378;-0.00316015;0.03270076;-0.01434416;0.4;0.00017301498;0.0005913063;1.430077e-05;396809;0.058844935;0.03755163;0.04901097;0.5;1.6896773e-06;1.5060388e-06;8.519131e-06;1;1;1;0;1;1
8164495048;8164306605;2490378;-0.0068119545;0.0005569286;-0.0021584486;0.15;5.33504e-07;5.3147284e-07;4.0538072e-07;2490378;-0.00316015;0.03270076;-0.014342159;0.4;0.00017310552;0.00059139536;1.4390654e-05;396809;0.058803685;0.037612524;0.04918312;0.5;1.6874874e-06;1.5046023e-06;8.4770145e-06;1;1;1;0;1;1
8165504478;8165315980;2490378;-0.0068150973;0.000544124;-0.002089228;0.15;5.328374e-07;5.307598e-07;4.053059e-07;2490378;-0.00316015;0.03270076;-0.014341061;0.4;0.00017319607;0.0005914844;1.448054e-05;396809;0.058770265;0.037668154;0.049479485;0.5;1.6864353e-06;1.5040273e-06;8.428548e-06;1;1;1;0;1;1
8166513852;8166325354;2490378;-0.0068080625;0.00055126613;-0.0021302334;0.15;5.319583e-07;5.298454e-07;4.0586926e-07;2490378;-0.00316015;0.03270076;-0.014257483;0.4;0.00017328661;0.0005915735;1.4477451e-05;396809;0.058771264;0.037643056;0.049679223;0.5;1.683754e-06;1.5032755e-06;8.39677e-06;1;1;1;0;1;1
8167523203;8167334728;2490378;-0.0068044444;0.00055103225;-0.0021060677;0.15;5.310047e-07;5.288958e-07;4.058694e-07;2490378;-0.00316015;0.03270076;-0.014132159;0.4;0.00017337715;0.00059166254;1.444041e-05;396809;0.05877795;0.03765151;0.049749196;0.5;1.6813631e-06;1.5031168e-06;8.3950345e-06;1;1;1;0;1;1
8168532631;8168344102;2490378;-0.0068031223;0.00054875045;-0.002104607;0.15;5.3005067e-07;5.27948e-07;4.0677054e-07;2490378;-0.00316015;0.03270076;-0.014019571;0.4;0.00017346768;0.0005917516;1.4394716e-05;396809;0.05873597;0.03758959;0.049754523;0.5;1.6761908e-06;1.4989356e-06;8.394051e-06;1;1;1;0;1;1
8169541957;8169353476;2490378;-0.006798935;0.0005379776;-0.0020750447;0.15;5.294323e-07;5.273353e-07;4.0705046e-07;2490378;-0.00316015;0.03270076;-0.013942256;0.4;0.00017355822;0.00059184065;1.4355218e-05;396809;0.058692362;0.03749175;0.049728844;0.5;1.6683587e-06;1.4909477e-06;8.391521e-06;1;1;1;0;1;1
8170551340;8170362850;2490378;-0.006797223;0.0005392291;-0.0020326003;0.15;5.289398e-07;5.2685203e-07;4.0755788e-07;2490378;-0.00316015;0.03270076;-0.013853688;0.4;0.00017364876;0.0005919297;1.4306248e-05;396809;0.05867728;0.03748376;0.049754217;0.5;1.6655827e-06;1.4897304e-06;8.3899e-06;1;1;1;0;1;1
8171560670;8171372224;2490378;-0.006796751;0.00054146483;-0.002023509;0.15;5.283192e-07;5.2624443e-07;4.0647825e-07;2490378;-0.00316015;0.03270076;-0.013752622;0.4;0.0001737393;0.00059201877;1.4263217e-05;396809;0.058734816;0.037574653;0.04979269;0.5;1.6595593e-06;1.4858116e-06;8.388645e-06;1;1;1;0;1;1
8172570189;8172381597;2490378;-0.0067935986;0.00054336415;-0.0019743945;0.15;5.276382e-07;5.255713e-07;4.0566417e-07;2490378;-0.00316015;0.03270076;-0.013707524;0.4;0.00017382985;0.0005921078;1.4305791e-05;396809;0.05885539;0.03775655;0.049953282;0.5;1.6484795e-06;1.4778502e-06;8.359869e-06;1;1;1;0;1;1
8173579532;8173390970;2490378;-0.00678933;0.0005505279;-0.0020987275;0.15;5.272248e-07;5.251015e-07;4.042826e-07;2490378;-0.00316015;0.03270076;-0.013640029;0.4;0.00017392039;0.0005921969;1.4316023e-05;396809;0.058934018;0.037748672;0.050189998;0.5;1.6403653e-06;1.4698879e-06;8.3257955e-06;1;1;1;0;1;1
8174589060;8174400343;2490378;-0.006785739;0.000554407;-0.0021961327;0.15;5.2675045e-07;5.245831e-07;4.037954e-07;2490378;-0.00316015;0.03270076;-0.013548232;0.4;0.00017401093;0.00059228594;1.4293789e-05;396809;0.059005838;0.037733447;0.05028596;0.5;1.6339917e-06;1.4629999e-06;8.316636e-06;1;1;1;0;1;1
8175598321;8175409716;2490378;-0.0067786695;0.0005593624;-0.0022755356;0.15;5.2641866e-07;5.2422973e-07;4.0280406e-07;2490378;-0.00316015;0.03270076;-0.013492974;0.4;0.00017410147;0.000592375;1.4263034e-05;396809;0.05910431;0.037722774;0.050469976;0.5;1.6265521e-06;1.455231e-06;8.294745e-06;1;1;1;0;1;1
8176611249;8176419089;2490378;-0.006780564;0.00056464376;-0.002182332;0.15;5.2608374e-07;5.2382654e-07;4.0258448e-07;2490378;-0.00316015;0.03270076;-0.013461887;0.4;0.00017419201;0.00059246406;1.429645e-05;396809;0.0591767;0.037863955;0.050576806;0.5;1.618439e-06;1.4481539e-06;8.263124e-06;1;1;1;0;1;1
8177617359;8177428461;2490378;-0.0067713866;0.000574165;-0.0022009078;0.15;5.258094e-07;5.2348224e-07;4.0177258e-07;2490378;-0.00316015;0.03270076;-0.013422739;0.4;0.00017428256;0.0005925531;1.4249744e-05;396809;0.059252165;0.037880696;0.05083086;0.5;1.6127897e-06;1.440746e-06;8.25307e-06;1;1;1;0;1;1
8178626315;8178437833;2490378;-0.0067762616;0.00058049883;-0.0022241634;0.15;5.254804e-07;5.231213e-07;4.0164673e-07;2490378;-0.00316015;0.03270076;-0.013354031;0.4;0.0001743731;0.0005926422;1.419519e-05;396809;0.05928984;0.037896324;0.050886;0.5;1.6077659e-06;1.4350757e-06;8.2431e-06;1;1;1;0;1;1
8179635646;8179447205;2490378;-0.0067633465;0.0005917556;-0.0022523156;0.15;5.252364e-07;5.2283997e-07;4.0090129e-07;2490378;-0.00316015;0.03270076;-0.013308589;0.4;0.00017446364;0.00059273123;1.4148699e-05;396809;0.059359495;0.03790313;0.051257264;0.5;1.6039088e-06;1.4285831e-06;8.228486e-06;1;1;1;0;1;1
8180645031;8180456577;2490378;-0.0067609064;0.0005976828;-0.002275744;0.15;5.2499394e-07;5.2257786e-07;4.007456e-07;2490378;-0.00316015;0.03270076;-0.013253041;0.4;0.00017455418;0.0005928203;1.40906095e-05;396809;0.05942429;0.037917387;0.051516533;0.5;1.6003956e-06;1.4228231e-06;8.215746e-06;1;1;1;0;1;1
8181654396;8181465949;2490378;-0.006758218;0.0006038195;-0.0022906768;0.15;5.2473746e-07;5.223199e-07;3.9988785e-07;2490378;-0.00316015;0.03270076;-0.013207726;0.4;0.00017464472;0.00059290935;1.4042287e-05;396809;0.05945466;0.03794577;0.051563796;0.5;1.5967596e-06;1.4177974e-06;8.204145e-06;1;1;1;0;1;1
8182663820;8182475320;2490378;-0.006761068;0.00061080133;-0.0022996129;0.15;5.2463497e-07;5.222255e-07;3.9982993e-07;2490378;-0.00316015;0.03270076;-0.013210405;0.4;0.00017473527;0.0005929984;1.4009471e-05;396809;0.059490647;0.03796294;0.05170207;0.5;1.5939877e-06;1.4132299e-06;8.196993e-06;1;1;1;0;1;1
8183673147;8183484692;2490378;-0.006748371;0.00060473854;-0.0023569458;0.15;5.2428794e-07;5.219024e-07;3.9906473e-07;2490378;-0.00316015;0.03270076;-0.013228908;0.4;0.00017482581;0.00059308746;1.3984485e-05;396809;0.059485793;0.037945554;0.051748272;0.5;1.5906293e-06;1.4086619e-06;8.186918e-06;1;1;1;0;1;1
8184682506;8184494063;2490378;-0.0067505147;0.00062383804;-0.0023588447;0.15;5.2390965e-07;5.215559e-07;3.9912416e-07;2490378;-0.00316015;0.03270076;-0.013232444;0.4;0.00017491635;0.0005931765;1.39595195e-05;396809;0.059520844;0.03796338;0.051806897;0.5;1.5874746e-06;1.4047287e-06;8.174059e-06;1;1;1;0;1;1
8185691930;8185503434;2490378;-0.0067401337;0.0006168338;-0.0023076616;0.15;5.236335e-07;5.212791e-07;3.9852694e-07;2490378;-0.00316015;0.03270076;-0.013265742;0.4;0.00017500688;0.0005932656;1.392688e-05;396809;0.059578076;0.038000997;0.0519602;0.5;1.5847786e-06;1.4005929e-06;8.163939e-06;1;1;1;0;1;1
8186701289;8186512805;2490378;-0.006746849;0.000629022;-0.0023502826;0.15;5.235863e-07;5.2122346e-07;3.9860296e-07;2490378;-0.00316015;0.03270076;-0.013320482;0.4;0.00017509742;0.00059335463;1.38948235e-05;396809;0.059592605;0.038000133;0.05211468;0.5;1.5821707e-06;1.396441e-06;8.153076e-06;1;1;1;0;1;1
8187710637;8187522175;2490378;-0.006740163;0.00063628296;-0.0023437701;0.15;5.23106e-07;5.2076734e-07;3.9795816e-07;2490378;-0.00316015;0.03270076;-0.013374978;0.4;0.00017518796;0.0005934437;1.386067e-05;396809;0.059655227;0.038036868;0.05225873;0.5;1.5789789e-06;1.3913049e-06;8.143894e-06;1;1;1;0;1;1
8188720865;8188531545;2490378;-0.006735624;0.0006282363;-0.0023399373;0.15;5.2273754e-07;5.204249e-07;3.9803953e-07;2490378;-0.00316015;0.03270076;-0.013441068;0.4;0.0001752785;0.00059353275;1.3805185e-05;396809;0.059686225;0.038069185;0.05225137;0.5;1.5755038e-06;1.3872981e-06;8.133377e-06;1;1;1;0;1;1
8189729484;8189540915;2490378;-0.0067282612;0.0006495891;-0.002323548;0.15;5.222643e-07;5.199936e-07;3.9746033e-07;2490378;-0.00316015;0.03270076;-0.013493865;0.4;0.00017536904;0.0005936218;1.3774626e-05;396809;0.059741728;0.03810811;0.052388206;0.5;1.5728103e-06;1.3831354e-06;8.127435e-06;1;1;1;0;1;1
8190738876;8190550285;2490378;-0.006730465;0.0006677879;-0.0023446896;0.15;5.2171436e-07;5.19484e-07;3.974734e-07;2490378;-0.00316015;0.03270076;-0.013537297;0.4;0.00017545959;0.00059371087;1.3744781e-05;396809;0.059712827;0.038095992;0.05249194;0.5;1.5719152e-06;1.3815143e-06;8.116252e-06;1;1;1;0;1;1
8191748367;8191559655;2490378;-0.0067374576;0.0006541783;-0.002367413;0.15;5.21219e-07;5.189992e-07;3.9658724e-07;2490378;-0.00316015;0.03270076;-0.0135780815;0.4;0.00017555013;0.0005937999;1.3699835e-05;396809;0.059637226;0.038050972;0.05260987;0.5;1.567268e-06;1.3785167e-06;8.101841e-06;1;1;1;0;1;1
8192757564;8192569025;2490378;-0.0067197857;0.0006413922;-0.0023280727;0.15;5.2082345e-07;5.1864146e-07;3.962825e-07;2490378;-0.00316015;0.03270076;-0.013605066;0.4;0.00017564067;0.000593889;1.3671669e-05;396809;0.059625983;0.03798115;0.052636582;0.5;1.5537389e-06;1.3712046e-06;8.09116e-06;1;1;1;0;1;1
8193766927;8193578395;2490378;-0.006716577;0.0006488965;-0.0022458266;0.15;5.211769e-07;5.1903965e-07;3.955567e-07;2490378;-0.00316015;0.03270076;-0.013616028;0.4;0.00017573121;0.00059397804;1.3636642e-05;396809;0.059644252;0.037896488;0.052650664;0.5;1.5456923e-06;1.3663738e-06;8.083565e-06;1;1;1;0;1;1
8194776411;8194587764;2490378;-0.006720662;0.00064970995;-0.0022009322;0.15;5.213441e-07;5.192708e-07;3.9567826e-07;2490378;-0.00316015;0.03270076;-0.013625461;0.4;0.00017582175;0.0005940671;1.3610345e-05;396809;0.05964814;0.0378935;0.052759346;0.5;1.5431737e-06;1.3647699e-06;8.066681e-06;1;1;1;0;1;1
8195785587;8195597133;2490378;-0.006706314;0.00065035804;-0.0022064014;0.15;5.2163995e-07;5.196305e-07;3.9522615e-07;2490378;-0.00316015;0.03270076;-0.013648498;0.4;0.0001759123;0.00059415615;1.358491e-05;396809;0.059700813;0.037960116;0.05282675;0.5;1.5409946e-06;1.3619668e-06;8.054552e-06;1;1;1;0;1;1
8196794996;8196606502;2490378;-0.0067097554;0.0006674711;-0.0021608863;0.15;5.214752e-07;5.195156e-07;3.954422e-07;2490378;-0.00316015;0.03270076;-0.013656043;0.4;0.00017600284;0.0005942452;1.353762e-05;396809;0.05989713;0.038095657;0.052828137;0.5;1.5338475e-06;1.3554342e-06;8.046154e-06;1;1;1;0;1;1
8197804316;8197615871;2490378;-0.006703823;0.0006729349;-0.0021245722;0.15;5.2145015e-07;5.1950514e-07;3.9499642e-07;2490378;-0.00316015;0.03270076;-0.01367649;0.4;0.00017609338;0.00059433427;1.3498877e-05;396809;0.06009953;0.038215924;0.052780144;0.5;1.5257035e-06;1.3481131e-06;8.04437e-06;1;1;1;0;1;1
8198813739;8198625239;2490378;-0.0067004864;0.000684677;-0.0020848906;0.15;5.2167195e-07;5.1975877e-07;3.952563e-07;2490378;-0.00316015;0.03270076;-0.013669493;0.4;0.00017618392;0.0005944233;1.34533475e-05;396809;0.060259644;0.03831694;0.052745055;0.5;1.5188442e-06;1.3422149e-06;8.043104e-06;1;1;1;0;1;1
8199823049;8199634608;2490378;-0.00669428;0.0006959921;-0.0020438277;0.15;5.22025e-07;5.201349e-07;3.9485963e-07;2490378;-0.00316015;0.03270076;-0.013671801;0.4;0.00017627447;0.0005945124;1.3416055e-05;396809;0.060413986;0.03841178;0.052729044;0.5;1.5120669e-06;1.3366738e-06;8.042238e-06;1;1;1;0;1;1
8200832755;8200643976;2490378;-0.006689962;0.000705577;-0.0020021414;0.15;5.224683e-07;5.2058385e-07;3.9446152e-07;2490378;-0.00316015;0.03270076;-0.013665136;0.4;0.000176365;0.00059460144;1.33718295e-05;396809;0.060546163;0.038496945;0.052706547;0.5;1.5056971e-06;1.3318779e-06;8.041045e-06;1;1;1;0;1;1
8201841801;8201653345;2490378;-0.0066821612;0.0007095362;-0.0019680297;0.15;5.229613e-07;5.210737e-07;3.9472656e-07;2490378;-0.00316015;0.03270076;-0.0136526115;0.4;0.00017645555;0.0005946905;1.3333595e-05;396809;0.060654752;0.03856605;0.05268067;0.5;1.499825e-06;1.3277937e-06;8.037333e-06;1;1;1;0;1;1
8202851664;8202662713;2490378;-0.0066800066;0.0007251507;-0.0018755924;0.15;5.2349264e-07;5.215602e-07;3.943751e-07;2490378;-0.00316015;0.03270076;-0.013652327;0.4;0.00017654609;0.00059477956;1.329058e-05;396809;0.06079759;0.0386459;0.05264132;0.5;1.4944109e-06;1.324175e-06;8.01993e-06;1;1;1;0;1;1
8203860663;8203672080;2490378;-0.006669323;0.0007234596;-0.0018568814;0.15;5.239899e-07;5.2189023e-07;3.9462228e-07;2490378;-0.00316015;0.03270076;-0.013640288;0.4;0.00017663663;0.0005948686;1.3284971e-05;396809;0.060878932;0.03871099;0.052708767;0.5;1.4886566e-06;1.3212597e-06;7.9972315e-06;1;1;1;0;1;1
8204870244;8204681448;2490378;-0.0066583925;0.00074610126;-0.0017911968;0.15;5.2453527e-07;5.2231803e-07;3.9432112e-07;2490378;-0.00316015;0.03270076;-0.013647099;0.4;0.00017672718;0.0005949577;1.32727255e-05;396809;0.061013743;0.038784783;0.05287342;0.5;1.4832242e-06;1.3179667e-06;7.987246e-06;1;1;1;0;1;1
8205879945;8205690816;2490378;-0.006667278;0.0007600732;-0.0017469309;0.15;5.251638e-07;5.2281433e-07;3.9471675e-07;2490378;-0.00316015;0.03270076;-0.013652153;0.4;0.00017681772;0.00059504673;1.3304666e-05;396809;0.06112308;0.038843606;0.05286043;0.5;1.4774165e-06;1.3154046e-06;7.956224e-06;1;1;1;0;1;1
8206889016;8206700183;2490378;-0.0066698785;0.00075962883;-0.0016395003;0.15;5.2614826e-07;5.2361037e-07;3.9459024e-07;2490378;-0.0031600727;0.032700997;-0.013654773;0.4;0.00017690826;0.0005951358;1.3365793e-05;396809;0.061269343;0.038927954;0.053009555;0.5;1.4721975e-06;1.3125912e-06;7.924467e-06;1;1;1;0;1;1
8207898073;8207709550;2490378;-0.0066528814;0.0007756184;-0.0016790734;0.15;5.267406e-07;5.2397655e-07;3.950226e-07;2490378;-0.0031600727;0.032700997;-0.0136699155;0.4;0.0001769988;0.00059522485;1.3370767e-05;396809;0.06131201;0.03897725;0.053084657;0.5;1.4654528e-06;1.3106168e-06;7.900921e-06;1;1;1;0;1;1
8208907689;8208718918;2490378;-0.006649107;0.00077347236;-0.0016734713;0.15;5.2716905e-07;5.242093e-07;3.9488899e-07;2490378;-0.0031600727;0.032700997;-0.013663571;0.4;0.00017708934;0.0005953139;1.33397125e-05;396809;0.061377656;0.039026346;0.05313116;0.5;1.4594262e-06;1.3084787e-06;7.895628e-06;1;1;1;0;1;1
8209916792;8209728284;2490378;-0.0066415835;0.0007834299;-0.001662833;0.15;5.2749243e-07;5.242504e-07;3.9535456e-07;2490378;-0.0031600727;0.032700997;-0.01365453;0.4;0.00017717989;0.00059540296;1.3304342e-05;396809;0.061448347;0.03906724;0.053165264;0.5;1.4541552e-06;1.3068121e-06;7.894176e-06;1;1;1;0;1;1
8210926327;8210737651;2490378;-0.0066329874;0.000790553;-0.0016591748;0.15;5.2776807e-07;5.243643e-07;3.9518827e-07;2490378;-0.0031600727;0.032700997;-0.013624759;0.4;0.00017727043;0.000595492;1.3276563e-05;396809;0.061519064;0.039112296;0.053171422;0.5;1.4485208e-06;1.3052439e-06;7.891242e-06;1;1;1;0;1;1
8211935619;8211747018;2490378;-0.006625382;0.0007974468;-0.0016391687;0.15;5.2795656e-07;5.2440544e-07;3.9564966e-07;2490378;-0.0031600727;0.032700997;-0.013582526;0.4;0.00017736097;0.0005955811;1.3242265e-05;396809;0.06160406;0.039153293;0.05322487;0.5;1.4435609e-06;1.3038208e-06;7.890093e-06;1;1;1;0;1;1
8212945141;8212756384;2490378;-0.0066173323;0.0008032746;-0.0016417349;0.15;5.280526e-07;5.243902e-07;3.954046e-07;2490378;-0.0031600727;0.032700997;-0.013547461;0.4;0.00017745151;0.00059567014;1.3215064e-05;396809;0.061689828;0.039204046;0.053283613;0.5;1.437656e-06;1.3024987e-06;7.8852945e-06;1;1;1;0;1;1
8213954228;8213765751;2490378;-0.0066115404;0.0008108883;-0.0016142741;0.15;5.280587e-07;5.243001e-07;3.958246e-07;2490378;-0.0031600727;0.032700997;-0.013509051;0.4;0.00017754205;0.0005957592;1.3180982e-05;396809;0.061777815;0.039241172;0.05326835;0.5;1.4327791e-06;1.3013585e-06;7.882512e-06;1;1;1;0;1;1
8214963563;8214775117;2490378;-0.006604164;0.00081859087;-0.0016107279;0.15;5.279703e-07;5.2413907e-07;3.9557472e-07;2490378;-0.0031600727;0.032700997;-0.0134622445;0.4;0.0001776326;0.00059584825;1.3153663e-05;396809;0.061863344;0.03928281;0.05326834;0.5;1.4274369e-06;1.3002484e-06;7.88132e-06;1;1;1;0;1;1
8215972930;8215784483;2490378;-0.0065976474;0.00082674256;-0.0016021279;0.15;5.2776534e-07;5.237439e-07;3.959205e-07;2490378;-0.0031600727;0.032700997;-0.013445763;0.4;0.00017772314;0.0005959373;1.3119346e-05;396809;0.06193905;0.039321575;0.05325895;0.5;1.4226033e-06;1.2992969e-06;7.880222e-06;1;1;1;0;1;1
8216982306;8216793849;2490378;-0.00659003;0.0008326311;-0.0015974137;0.15;5.274668e-07;5.2340965e-07;3.9563304e-07;2490378;-0.0031600727;0.032700997;-0.013410813;0.4;0.00017781368;0.00059602637;1.3089808e-05;396809;0.06201711;0.039362207;0.05325771;0.5;1.4173443e-06;1.2981334e-06;7.8775065e-06;1;1;1;0;1;1
8217991662;8217803214;2490378;-0.0065810606;0.00084137975;-0.001598727;0.15;5.2707065e-07;5.229853e-07;3.9598712e-07;2490378;-0.0031600727;0.032700997;-0.013369803;0.4;0.0001779042;0.0005961154;1.3055233e-05;396809;0.062091943;0.03939991;0.05324695;0.5;1.4127704e-06;1.2972683e-06;7.876541e-06;1;1;1;0;1;1
8219001121;8218812580;2490378;-0.0065760873;0.0008467272;-0.0015948898;0.15;5.2657265e-07;5.2248424e-07;3.956789e-07;2490378;-0.0031600727;0.032700997;-0.013346186;0.4;0.00017799475;0.0005962045;1.3027431e-05;396809;0.062171742;0.039439436;0.053235013;0.5;1.4080317e-06;1.2963678e-06;7.875649e-06;1;1;1;0;1;1
8220010687;8219821945;2490378;-0.0065671485;0.000852067;-0.0015996193;0.15;5.2597454e-07;5.2189307e-07;3.9600891e-07;2490378;-0.0031600727;0.032700997;-0.013309854;0.4;0.00017808529;0.00059629354;1.29927585e-05;396809;0.062238816;0.039476417;0.053228524;0.5;1.4036451e-06;1.2955654e-06;7.8748835e-06;1;1;1;0;1;1
8221019842;8220831311;2490378;-0.006559832;0.00085764437;-0.0016096724;0.15;5.2527923e-07;5.2122704e-07;3.9567703e-07;2490378;-0.0031600727;0.032700997;-0.013265099;0.4;0.00017817583;0.0005963826;1.2964876e-05;396809;0.062310643;0.039517824;0.053214982;0.5;1.3990202e-06;1.2947359e-06;7.87383e-06;1;1;1;0;1;1
8222029197;8221840676;2490378;-0.006553871;0.000862614;-0.0016153543;0.15;5.244841e-07;5.203199e-07;3.959565e-07;2490378;-0.0031600727;0.032700997;-0.013239494;0.4;0.00017826637;0.00059647165;1.2930183e-05;396809;0.062379807;0.03955415;0.053207915;0.5;1.3948594e-06;1.293958e-06;7.873001e-06;1;1;1;0;1;1
8223039033;8222850041;2490378;-0.006544698;0.0008672687;-0.0016260234;0.15;5.236066e-07;5.194909e-07;3.95611e-07;2490378;-0.0031600727;0.032700997;-0.013214028;0.4;0.00017835692;0.0005965607;1.2902547e-05;396809;0.06245081;0.039594248;0.05319729;0.5;1.3904402e-06;1.293147e-06;7.872223e-06;1;1;1;0;1;1
8224047909;8223859405;2490378;-0.006536952;0.0008715851;-0.0016372418;0.15;5.2263675e-07;5.185842e-07;3.959129e-07;2490378;-0.0031600727;0.032700997;-0.013186987;0.4;0.00017844746;0.00059664977;1.2866228e-05;396809;0.06251479;0.03963164;0.053180486;0.5;1.3862333e-06;1.2922027e-06;7.869867e-06;1;1;1;0;1;1
8225057360;8224868770;2490378;-0.0065287575;0.00087683357;-0.0016553147;0.15;5.215955e-07;5.17617e-07;3.9556366e-07;2490378;-0.0031600727;0.032700997;-0.013157493;0.4;0.00017853799;0.0005967388;1.2839035e-05;396809;0.06258127;0.03967014;0.05316603;0.5;1.3820219e-06;1.2914103e-06;7.869099e-06;1;1;1;0;1;1
8226066627;8225878134;2490378;-0.0065223332;0.0008803112;-0.0016653865;0.15;5.2048125e-07;5.16583e-07;3.958658e-07;2490378;-0.0031600727;0.032700997;-0.0131516885;0.4;0.00017862853;0.0005968279;1.2805303e-05;396809;0.062642954;0.039705243;0.053152002;0.5;1.3781736e-06;1.2906722e-06;7.868418e-06;1;1;1;0;1;1
8227075953;8226887499;2490378;-0.006512928;0.00088327087;-0.0016776415;0.15;5.1930266e-07;5.1549887e-07;3.9551037e-07;2490378;-0.0031600727;0.032700997;-0.013124576;0.4;0.00017871907;0.00059691694;1.2778746e-05;396809;0.06271223;0.03974181;0.053144723;0.5;1.3741874e-06;1.2898552e-06;7.867925e-06;1;1;1;0;1;1
8228085307;8227896863;2490378;-0.0065079783;0.0008860309;-0.0016673055;0.15;5.1806353e-07;5.142017e-07;3.9575005e-07;2490378;-0.0031600727;0.032700997;-0.013119019;0.4;0.00017880961;0.000597006;1.27456515e-05;396809;0.06279267;0.039770376;0.053176913;0.5;1.3708154e-06;1.2889286e-06;7.863627e-06;1;1;1;0;1;1
8229094669;8228906227;2490378;-0.006499605;0.0008848677;-0.0016904238;0.15;5.1677773e-07;5.1301845e-07;3.9538435e-07;2490378;-0.0031600727;0.032700997;-0.013142771;0.4;0.00017890015;0.00059709506;1.2719761e-05;396809;0.0628574;0.039812103;0.053160638;0.5;1.3666635e-06;1.288193e-06;7.861929e-06;1;1;1;0;1;1
8230104086;8229915591;2490378;-0.006492117;0.00089090934;-0.0017081106;0.15;5.154501e-07;5.1179404e-07;3.9567414e-07;2490378;-0.0031600727;0.032700997;-0.013110393;0.4;0.0001789907;0.0005971841;1.2687565e-05;396809;0.062919624;0.03984688;0.053142868;0.5;1.3629016e-06;1.2875203e-06;7.861194e-06;1;1;1;0;1;1
8231113404;8230924955;2490378;-0.0064826217;0.0008954485;-0.0017199031;0.15;5.140806e-07;5.1054224e-07;3.953122e-07;2490378;-0.0031600727;0.032700997;-0.0130858375;0.4;0.00017908124;0.0005972732;1.2660672e-05;396809;0.0629872;0.039881848;0.053136308;0.5;1.358811e-06;1.2865787e-06;7.859295e-06;1;1;1;0;1;1
8232122761;8231934318;2490378;-0.0064781443;0.0008938788;-0.0017490631;0.15;5.127937e-07;5.093651e-07;3.9560936e-07;2490378;-0.0031600727;0.032700997;-0.013047219;0.4;0.00017917178;0.00059736223;1.2629489e-05;396809;0.06304877;0.039922386;0.053129245;0.5;1.3549425e-06;1.2859381e-06;7.856189e-06;1;1;1;0;1;1
8233132154;8232943682;2490378;-0.0064616003;0.00089629466;-0.0017550924;0.15;5.1137147e-07;5.080576e-07;3.9525955e-07;2490378;-0.0031600727;0.032700997;-0.012991904;0.4;0.00017926232;0.0005974513;1.2605465e-05;396809;0.063133165;0.039954476;0.05316854;0.5;1.3511049e-06;1.2851781e-06;7.853724e-06;1;1;1;0;1;1
8234141555;8233953045;2490378;-0.0064626383;0.0008997213;-0.0017555418;0.15;5.0993293e-07;5.065811e-07;3.954838e-07;2490378;-0.0031600727;0.032700997;-0.012997681;0.4;0.00017935286;0.00059754035;1.2575144e-05;396809;0.063208476;0.039984692;0.053168073;0.5;1.3474831e-06;1.2845499e-06;7.852409e-06;1;1;1;0;1;1
8235150975;8234962409;2490378;-0.0064507485;0.00090370345;-0.0017806995;0.15;5.0848735e-07;5.052501e-07;3.951081e-07;2490378;-0.0031600727;0.032700997;-0.01296356;0.4;0.0001794434;0.0005976294;1.2551989e-05;396809;0.06327211;0.0400231;0.053120773;0.5;1.3435073e-06;1.2839505e-06;7.850455e-06;1;1;1;0;1;1
8236160315;8235971772;2490378;-0.0064506587;0.00090357783;-0.0018338204;0.15;5.070359e-07;5.039001e-07;3.9543053e-07;2490378;-0.0031600727;0.032700997;-0.012925233;0.4;0.00017953395;0.00059771846;1.2522875e-05;396809;0.06330319;0.04007113;0.05304769;0.5;1.3395401e-06;1.2834266e-06;7.842798e-06;1;1;1;0;1;1
8237169901;8236981135;2490378;-0.006442021;0.0009070713;-0.0018277304;0.15;5.055857e-07;5.0255056e-07;3.9513966e-07;2490378;-0.0031600727;0.032700997;-0.012909578;0.4;0.00017962449;0.0005978075;1.2494551e-05;396809;0.06338955;0.040092565;0.053099513;0.5;1.3359083e-06;1.282737e-06;7.842251e-06;1;1;1;0;1;1
8238179055;8237990498;2490378;-0.0064308895;0.00091098965;-0.0018359247;0.15;5.0413195e-07;5.012173e-07;3.9543792e-07;2490378;-0.0031600727;0.032700997;-0.012862655;0.4;0.00017971503;0.0005978966;1.2471398e-05;396809;0.063457206;0.040120073;0.053103212;0.5;1.3323328e-06;1.2819473e-06;7.840202e-06;1;1;1;0;1;1
8239188398;8238999860;2490378;-0.006428783;0.00091280194;-0.0018762703;0.15;5.0269045e-07;4.998793e-07;3.951469e-07;2490378;-0.0031600727;0.032700997;-0.012785493;0.4;0.00017980557;0.00059798564;1.2450733e-05;396809;0.06350163;0.040158756;0.05302627;0.5;1.3284513e-06;1.2813563e-06;7.8285375e-06;1;1;1;0;1;1
8240198308;8240009223;2490378;-0.0064200773;0.00091553264;-0.001855602;0.15;5.013782e-07;4.9849484e-07;3.9552725e-07;2490378;-0.0031600727;0.032700997;-0.012718746;0.4;0.00017989612;0.0005980747;1.2430538e-05;396809;0.0635686;0.040171456;0.053041574;0.5;1.325134e-06;1.2807861e-06;7.8200055e-06;1;1;1;0;1;1
8241207087;8241018585;2490378;-0.006415503;0.00091529865;-0.0018825382;0.15;4.9997954e-07;4.971628e-07;3.95275e-07;2490378;-0.0031600727;0.032700997;-0.012620504;0.4;0.00017998666;0.00059816375;1.2404876e-05;396809;0.0636474;0.040212914;0.053137083;0.5;1.3204486e-06;1.2803538e-06;7.81116e-06;1;1;1;0;1;1
8242216401;8242027948;2490378;-0.00640593;0.000911522;-0.0018991753;0.15;4.986196e-07;4.958629e-07;3.956245e-07;2490378;-0.0031600727;0.032700997;-0.012506918;0.4;0.0001800772;0.0005982528;1.2386244e-05;396809;0.063732415;0.04024513;0.053184636;0.5;1.3163525e-06;1.2799946e-06;7.80752e-06;1;1;1;0;1;1
8243225781;8243037310;2490378;-0.006400678;0.0009203297;-0.0018726729;0.15;4.97291e-07;4.945888e-07;3.953287e-07;2490378;-0.0031600727;0.032700997;-0.012416617;0.4;0.00018016774;0.00059834187;1.23617565e-05;396809;0.06383108;0.040251356;0.053116128;0.5;1.3128323e-06;1.279531e-06;7.798673e-06;1;1;1;0;1;1
8244235111;8244046672;2490378;-0.0063896356;0.0009304882;-0.0018226238;0.15;4.9598896e-07;4.933463e-07;3.9567652e-07;2490378;-0.0031600727;0.032700997;-0.01236137;0.4;0.00018025827;0.0005984309;1.2344041e-05;396809;0.063931175;0.040248353;0.0531705;0.5;1.3099316e-06;1.2789017e-06;7.790563e-06;1;1;1;0;1;1
8245244557;8245056034;2490378;-0.006386937;0.00092778256;-0.0018601296;0.15;4.948317e-07;4.922354e-07;3.9537537e-07;2490378;-0.0031600727;0.032700997;-0.012339109;0.4;0.00018034881;0.00059852;1.2358511e-05;396809;0.06398401;0.04029804;0.053226862;0.5;1.3046111e-06;1.278457e-06;7.768613e-06;1;1;1;0;1;1
8246253848;8246065396;2490378;-0.0063812053;0.0009269738;-0.0018509725;0.15;4.936035e-07;4.908921e-07;3.9569434e-07;2490378;-0.0031600727;0.032700997;-0.012300594;0.4;0.00018043935;0.00059860904;1.2339948e-05;396809;0.06408381;0.0403155;0.053303402;0.5;1.3006467e-06;1.2778453e-06;7.761389e-06;1;1;1;0;1;1
8247263222;8247074758;2490378;-0.0063732443;0.00092637487;-0.0018051954;0.15;4.924231e-07;4.8975807e-07;3.9540188e-07;2490378;-0.0031600727;0.032700997;-0.012235254;0.4;0.0001805299;0.0005986981;1.2317604e-05;396809;0.064212576;0.040325835;0.053318784;0.5;1.2954957e-06;1.2776162e-06;7.758588e-06;1;1;1;0;1;1
8248272594;8248084119;2490378;-0.006373515;0.0009317315;-0.0017152785;0.15;4.913982e-07;4.8878076e-07;3.9583193e-07;2490378;-0.0031600727;0.032700997;-0.012186013;0.4;0.00018062044;0.00059878716;1.2301755e-05;396809;0.06442623;0.040304054;0.05324619;0.5;1.2856965e-06;1.2768793e-06;7.75599e-06;1;1;1;0;1;1
8249281934;8249093481;2490378;-0.006369145;0.0009353851;-0.0016758104;0.15;4.905471e-07;4.8797244e-07;3.9553794e-07;2490378;-0.0031600727;0.032700997;-0.012156218;0.4;0.00018071098;0.0005988762;1.2279951e-05;396809;0.064562336;0.040301368;0.053194594;0.5;1.2783574e-06;1.2768384e-06;7.754682e-06;1;1;1;0;1;1
8250291382;8250102842;2490378;-0.0063616545;0.00093991053;-0.0016370926;0.15;4.897651e-07;4.872334e-07;3.9582773e-07;2490378;-0.0031600727;0.032700997;-0.012108595;0.4;0.00018080152;0.0005989653;1.2264454e-05;396809;0.06466741;0.040304795;0.053164817;0.5;1.2724979e-06;1.2769066e-06;7.753912e-06;1;1;1;0;1;1
8251301250;8251112203;2490378;-0.00635816;0.0009440032;-0.0016011097;0.15;4.8903297e-07;4.865453e-07;3.9545296e-07;2490378;-0.0031600727;0.032700997;-0.012046612;0.4;0.00018089206;0.0005990543;1.2242845e-05;396809;0.06476997;0.040310163;0.053128336;0.5;1.2663991e-06;1.2769797e-06;7.752871e-06;1;1;1;0;1;1
8252310094;8252121565;2490378;-0.0063525126;0.0009462049;-0.0015690884;0.15;4.883336e-07;4.85754e-07;3.9565356e-07;2490378;-0.0031600727;0.032700997;-0.011999458;0.4;0.00018098259;0.0005991434;1.2227176e-05;396809;0.06486424;0.040313765;0.053101927;0.5;1.2608265e-06;1.2770674e-06;7.751991e-06;1;1;1;0;1;1
8253319452;8253130926;2490378;-0.006348668;0.0009495816;-0.0015332681;0.15;4.876744e-07;4.85146e-07;3.952321e-07;2490378;-0.0031600727;0.032700997;-0.011945513;0.4;0.00018107313;0.00059923244;1.2203972e-05;396809;0.06496845;0.040316228;0.053075448;0.5;1.2547498e-06;1.2769361e-06;7.7505465e-06;1;1;1;0;1;1
8254329222;8254140287;2490378;-0.0063429945;0.0009526592;-0.0015038919;0.15;4.8705846e-07;4.8458185e-07;3.9478596e-07;2490378;-0.0031600727;0.032700997;-0.011867776;0.4;0.00018116368;0.0005993215;1.21886815e-05;396809;0.06507051;0.040318944;0.0530459;0.5;1.2489613e-06;1.2770238e-06;7.7498635e-06;1;1;1;0;1;1
8255338107;8255149647;2490378;-0.0063377703;0.0009553679;-0.0014838033;0.15;4.864685e-07;4.8404434e-07;3.9496157e-07;2490378;-0.0031600727;0.032700997;-0.0117997015;0.4;0.00018125422;0.00059941056;1.2167309e-05;396809;0.06515868;0.04032275;0.053017125;0.5;1.2438014e-06;1.2771034e-06;7.749177e-06;1;1;1;0;1;1
8256347787;8256159008;2490378;-0.006332781;0.00095820375;-0.0014642425;0.15;4.859031e-07;4.835371e-07;3.9448113e-07;2490378;-0.0031600727;0.032700997;-0.011755439;0.4;0.00018134476;0.0005994996;1.2152119e-05;396809;0.06525575;0.04032561;0.052984986;0.5;1.2382877e-06;1.2771811e-06;7.748457e-06;1;1;1;0;1;1
8257357040;8257168370;2490378;-0.0063301763;0.0009604323;-0.0014561174;0.15;4.853565e-07;4.8304946e-07;3.9463131e-07;2490378;-0.0031600727;0.032700997;-0.011693833;0.4;0.00018143529;0.0005995887;1.2131e-05;396809;0.065336086;0.04033146;0.052950762;0.5;1.2333855e-06;1.2772391e-06;7.747555e-06;1;1;1;0;1;1
8258366410;8258177729;2490378;-0.006323655;0.0009636293;-0.0014357863;0.15;4.848038e-07;4.824438e-07;3.9408172e-07;2490378;-0.0031600727;0.032700997;-0.011641567;0.4;0.00018152583;0.00059967773;1.2115839e-05;396809;0.065424904;0.040333964;0.052929956;0.5;1.2282075e-06;1.2772966e-06;7.746879e-06;1;1;1;0;1;1
8259375547;8259187090;2490378;-0.006319061;0.0009661929;-0.0014249178;0.15;4.8428484e-07;4.81987e-07;3.942124e-07;2490378;-0.0031600727;0.032700997;-0.011578627;0.4;0.00018161637;0.0005997668;1.2095021e-05;396809;0.06550633;0.040336818;0.05290354;0.5;1.2234261e-06;1.2773535e-06;7.746285e-06;1;1;1;0;1;1
8260385136;8260196451;2490378;-0.0063145785;0.0009679483;-0.0014182489;0.15;4.837722e-07;4.815475e-07;3.936875e-07;2490378;-0.0031600727;0.032700997;-0.011511882;0.4;0.00018170691;0.00059985585;1.2078951e-05;396809;0.06558944;0.040339604;0.05287336;0.5;1.2182774e-06;1.2771698e-06;7.74485e-06;1;1;1;0;1;1
8261394301;8261205810;2490378;-0.0063103912;0.00097114133;-0.001413048;0.15;4.8327513e-07;4.8112173e-07;3.9380762e-07;2490378;-0.0031600727;0.032700997;-0.011423465;0.4;0.00018179746;0.0005999449;1.2058489e-05;396809;0.06566922;0.0403422;0.052848104;0.5;1.2137303e-06;1.2772142e-06;7.744286e-06;1;1;1;0;1;1
8262403857;8262215171;2490378;-0.00630299;0.0009648223;-0.0013871515;0.15;4.827953e-07;4.807108e-07;3.9326224e-07;2490378;-0.0031600727;0.032700997;-0.011344341;0.4;0.000181888;0.00060003396;1.2044462e-05;396809;0.06579004;0.040341422;0.052890066;0.5;1.2085455e-06;1.2772445e-06;7.738615e-06;1;1;1;0;1;1
8263413030;8263224531;2490378;-0.0062974454;0.0009762368;-0.0014106069;0.15;4.823358e-07;4.803121e-07;3.9334046e-07;2490378;-0.0031600727;0.032700997;-0.01128187;0.4;0.00018197854;0.000600123;1.2024474e-05;396809;0.06585929;0.04034608;0.05277059;0.5;1.2044492e-06;1.2772643e-06;7.727752e-06;1;1;1;0;1;1
8264422629;8264233891;2490378;-0.006296268;0.00096832385;-0.0013960452;0.15;4.8185746e-07;4.7978494e-07;3.9281488e-07;2490378;-0.0031600727;0.032700997;-0.011242856;0.4;0.00018206908;0.0006002121;1.2035235e-05;396809;0.065961406;0.0403495;0.05277525;0.5;1.1996551e-06;1.2772307e-06;7.713349e-06;1;1;1;0;1;1
8265431688;8265243251;2490378;-0.0062882374;0.000977396;-0.0013677283;0.15;4.8142977e-07;4.793912e-07;3.9291248e-07;2490378;-0.0031600727;0.032700997;-0.011186002;0.4;0.00018215962;0.00060030114;1.2016124e-05;396809;0.06605297;0.04035091;0.052862883;0.5;1.1959122e-06;1.2770788e-06;7.7079985e-06;1;1;1;0;1;1
8266441192;8266252611;2490378;-0.0062863044;0.0009771696;-0.0013515668;0.15;4.809981e-07;4.7902944e-07;3.9231378e-07;2490378;-0.0031600727;0.032700997;-0.01113479;0.4;0.00018225017;0.0006003902;1.2003359e-05;396809;0.06613852;0.040355332;0.05288604;0.5;1.1918378e-06;1.2770084e-06;7.705799e-06;1;1;1;0;1;1
8267450509;8267261971;2490378;-0.0062839403;0.0009781577;-0.0013442342;0.15;4.805587e-07;4.786719e-07;3.9236443e-07;2490378;-0.0031600727;0.032700997;-0.011068772;0.4;0.00018234071;0.00060047925;1.1983431e-05;396809;0.06621357;0.04035953;0.05289255;0.5;1.1878865e-06;1.2767202e-06;7.703409e-06;1;1;1;0;1;1
8268460353;8268271331;2490378;-0.0062695662;0.0009817743;-0.0013469103;0.15;4.801276e-07;4.783224e-07;3.9175472e-07;2490378;-0.0031600727;0.032700997;-0.011008244;0.4;0.00018243125;0.0006005683;1.1971175e-05;396809;0.06628876;0.040365547;0.052894454;0.5;1.1839056e-06;1.2766618e-06;7.701759e-06;1;1;1;0;1;1
8269469238;8269280690;2490378;-0.0062729334;0.0009787893;-0.0013471753;0.15;4.796974e-07;4.779774e-07;3.9180293e-07;2490378;-0.0031600727;0.032700997;-0.010944394;0.4;0.00018252179;0.00060065737;1.1959131e-05;396809;0.06636742;0.04037187;0.052902054;0.5;1.1800277e-06;1.2766242e-06;7.697837e-06;1;1;1;0;1;1
8270478549;8270290050;2490378;-0.0062571196;0.0009827517;-0.0013530735;0.15;4.7925596e-07;4.775178e-07;3.911073e-07;2490378;-0.0031600727;0.032700997;-0.010883432;0.4;0.00018261233;0.0006007464;1.1940884e-05;396809;0.06646303;0.04037778;0.05292152;0.5;1.175775e-06;1.2765779e-06;7.690035e-06;1;1;1;0;1;1
8271487938;8271299410;2490378;-0.006266476;0.0009797347;-0.0013916538;0.15;4.788592e-07;4.771718e-07;3.9119467e-07;2490378;-0.0031600727;0.032700997;-0.010835354;0.4;0.00018270288;0.0006008355;1.19412525e-05;396809;0.0665184;0.040391978;0.052885972;0.5;1.1719557e-06;1.2763721e-06;7.68191e-06;1;1;1;0;1;1
8272497270;8272308769;2490378;-0.006247793;0.00096986024;-0.0013201387;0.15;4.784683e-07;4.768512e-07;3.905763e-07;2490378;-0.0031600727;0.032700997;-0.010789956;0.4;0.00018279342;0.00060092454;1.197163e-05;396809;0.066645525;0.040395524;0.053131744;0.5;1.1683015e-06;1.2761034e-06;7.667246e-06;1;1;1;0;1;1
8273506666;8273318129;2490378;-0.006260787;0.0009815212;-0.001365241;0.15;4.780893e-07;4.765638e-07;3.905811e-07;2490378;-0.0031600727;0.032700997;-0.010767841;0.4;0.00018288396;0.0006010136;1.1984264e-05;396809;0.06670576;0.040417116;0.053057563;0.5;1.1646457e-06;1.2759607e-06;7.6567585e-06;1;1;1;0;1;1
8274516076;8274327488;2490378;-0.0062552206;0.0009822648;-0.0014811071;0.15;4.7770243e-07;4.7626213e-07;3.9014768e-07;2490378;-0.0031600727;0.032700997;-0.010744146;0.4;0.0001829745;0.00060110266;1.1996216e-05;396809;0.06672986;0.040463287;0.0529359;0.5;1.1609076e-06;1.2754201e-06;7.632359e-06;1;1;1;0;1;1
8275525288;8275336847;2490378;-0.0062502585;0.0009805927;-0.0015019112;0.15;4.773202e-07;4.759494e-07;3.9049476e-07;2490378;-0.0031600727;0.032700997;-0.0106982095;0.4;0.00018306504;0.0006011917;1.1986176e-05;396809;0.06677702;0.04047142;0.052945994;0.5;1.157697e-06;1.275355e-06;7.629386e-06;1;1;1;0;1;1
8276534680;8276346207;2490378;-0.006247693;0.000980488;-0.001559708;0.15;4.7688724e-07;4.7552436e-07;3.9016643e-07;2490378;-0.0031600727;0.032700997;-0.010638615;0.4;0.00018315559;0.0006012808;1.1970148e-05;396809;0.06681268;0.040497217;0.05294146;0.5;1.1541064e-06;1.2750793e-06;7.620675e-06;1;1;1;0;1;1
8277544004;8277355566;2490378;-0.0062469016;0.0009796355;-0.0016281108;0.15;4.7650346e-07;4.751944e-07;3.906126e-07;2490378;-0.0031600727;0.032700997;-0.010595213;0.4;0.00018324613;0.00060136983;1.1960806e-05;396809;0.06683899;0.040523704;0.052925393;0.5;1.1508752e-06;1.2748441e-06;7.6121537e-06;1;1;1;0;1;1
8278553436;8278364925;2490378;-0.0062452015;0.000979364;-0.0016940216;0.15;4.7612116e-07;4.7485617e-07;3.9052284e-07;2490378;-0.0031600727;0.032700997;-0.0105469385;0.4;0.00018333667;0.0006014589;1.194589e-05;396809;0.066867165;0.040548548;0.05291248;0.5;1.1474935e-06;1.2746243e-06;7.6040756e-06;1;1;1;0;1;1
8279562726;8279374284;2490378;-0.0062447893;0.000978361;-0.0017563301;0.15;4.7574144e-07;4.745123e-07;3.9111933e-07;2490378;-0.0031600727;0.032700997;-0.010511963;0.4;0.00018342721;0.00060154794;1.19371525e-05;396809;0.0668917;0.040570688;0.052901402;0.5;1.1444429e-06;1.274418e-06;7.596142e-06;1;1;1;0;1;1
8280572270;8280383643;2490378;-0.006244469;0.00097209425;-0.0018167755;0.15;4.753637e-07;4.74165e-07;3.9117847e-07;2490378;-0.0031600727;0.032700997;-0.010456321;0.4;0.00018351775;0.000601637;1.1923294e-05;396809;0.066916324;0.04059084;0.052894194;0.5;1.1412696e-06;1.2742264e-06;7.5886223e-06;1;1;1;0;1;1
8281581611;8281393002;2490378;-0.0062385327;0.0009791434;-0.0018536202;0.15;4.7498102e-07;4.738174e-07;3.9183536e-07;2490378;-0.0031600727;0.032700997;-0.01038215;0.4;0.0001836083;0.00060172606;1.1914807e-05;396809;0.06695823;0.040586624;0.05283022;0.5;1.1385833e-06;1.2738637e-06;7.5764847e-06;1;1;1;0;1;1
8282591073;8282402361;2490378;-0.006236524;0.0009775448;-0.0019086885;0.15;4.7454486e-07;4.733733e-07;3.91947e-07;2490378;-0.0031600727;0.032700997;-0.010292281;0.4;0.00018369884;0.0006018151;1.19022925e-05;396809;0.06697996;0.040601104;0.05278527;0.5;1.1358536e-06;1.2737462e-06;7.563568e-06;1;1;1;0;1;1
8283600270;8283411720;2490378;-0.0062344824;0.0009781026;-0.0019264969;0.15;4.7416435e-07;4.7302802e-07;3.9276722e-07;2490378;-0.0031600727;0.032700997;-0.010212669;0.4;0.00018378938;0.0006019042;1.1897143e-05;396809;0.06700573;0.040605664;0.052811556;0.5;1.1332331e-06;1.2736443e-06;7.557482e-06;1;1;1;0;1;1
8284609643;8284421079;2490378;-0.0062330314;0.00097627233;-0.0019384498;0.15;4.7379396e-07;4.7269637e-07;3.9288096e-07;2490378;-0.0031600727;0.032700997;-0.010110195;0.4;0.00018387992;0.00060199323;1.1887704e-05;396809;0.06704581;0.040616743;0.052879345;0.5;1.1308706e-06;1.2732917e-06;7.5556836e-06;1;1;1;0;1;1
8285619763;8285430438;2490378;-0.006233091;0.0009745981;-0.0020440882;0.15;4.7346774e-07;4.7241033e-07;3.933497e-07;2490378;-0.0031600727;0.032700997;-0.010026315;0.4;0.00018397046;0.0006020823;1.1884727e-05;396809;0.06703039;0.04070107;0.052946627;0.5;1.1298672e-06;1.2703716e-06;7.5546054e-06;1;1;1;0;1;1
8286628274;8286439797;2490378;-0.0062349257;0.0009693455;-0.0021958745;0.15;4.73435e-07;4.7241633e-07;3.9295165e-07;2490378;-0.0031600727;0.032700997;-0.009934217;0.4;0.000184061;0.00060217135;1.1876923e-05;396809;0.0669793;0.04086626;0.052999027;0.5;1.127108e-06;1.2577682e-06;7.5534645e-06;1;1;1;0;1;1
8287637728;8287449155;2490378;-0.0062432117;0.00096474326;-0.002266731;0.15;4.741344e-07;4.7315604e-07;3.931865e-07;2490378;-0.0031600727;0.032700997;-0.009878248;0.4;0.00018415155;0.0006022604;1.19072565e-05;396809;0.06698159;0.040986024;0.053119093;0.5;1.1225274e-06;1.2408794e-06;7.5430235e-06;1;1;1;0;1;1
8288646972;8288458514;2490378;-0.006246904;0.00096024555;-0.0022881997;0.15;4.7559172e-07;4.7463624e-07;3.9301466e-07;2490378;-0.0031600727;0.032700997;-0.009831751;0.4;0.00018424209;0.00060234946;1.1953587e-05;396809;0.06703085;0.041064437;0.05328858;0.5;1.1174446e-06;1.2229257e-06;7.5289327e-06;1;1;1;0;1;1
8289656354;8289467873;2490378;-0.0062450846;0.000960977;-0.002336153;0.15;4.778954e-07;4.770201e-07;3.9364616e-07;2490378;-0.0031600727;0.032700997;-0.009730377;0.4;0.00018433263;0.0006024385;1.1950279e-05;396809;0.06703598;0.041117396;0.0533712;0.5;1.1119395e-06;1.2079478e-06;7.523816e-06;1;1;1;0;1;1
8290665669;8290477231;2490378;-0.0062595545;0.0009514635;-0.0024876033;0.15;4.8097047e-07;4.8011447e-07;3.9372893e-07;2490378;-0.0031600727;0.032700997;-0.009682261;0.4;0.00018442317;0.0006025276;1.19807455e-05;396809;0.067034796;0.0412724;0.05363043;0.5;1.1069758e-06;1.1953537e-06;7.505691e-06;1;1;1;0;1;1
8291675276;8291486590;2490378;-0.0062616365;0.0009457456;-0.002549746;0.15;4.845483e-07;4.836719e-07;3.943997e-07;2490378;-0.0031600727;0.032700997;-0.009631537;0.4;0.0001845137;0.00060261664;1.1977806e-05;396809;0.06704476;0.041338913;0.05370812;0.5;1.1023922e-06;1.1848116e-06;7.5016474e-06;1;1;1;0;1;1
8292684389;8292495948;2490378;-0.006264158;0.00093791867;-0.0025805216;0.15;4.885655e-07;4.8766213e-07;3.9425706e-07;2490378;-0.0031600727;0.032700997;-0.009592628;0.4;0.00018460423;0.0006027057;1.1967792e-05;396809;0.06708761;0.04136517;0.053758148;0.5;1.0988605e-06;1.1772014e-06;7.497781e-06;1;1;1;0;1;1
8293693774;8293505307;2490378;-0.0062646004;0.0009362416;-0.0026481831;0.15;4.926326e-07;4.917011e-07;3.9434963e-07;2490378;-0.0031600727;0.032700997;-0.009561338;0.4;0.00018469477;0.00060279475;1.1961899e-05;396809;0.06716378;0.041408572;0.053804006;0.5;1.0974904e-06;1.1748813e-06;7.4949394e-06;1;1;1;0;1;1
8294703192;8294514665;2490378;-0.006267515;0.0009326852;-0.0027099806;0.15;4.96408e-07;4.9537505e-07;3.9335475e-07;2490378;-0.0031600727;0.032700997;-0.0095156785;0.4;0.00018478531;0.0006028838;1.1948691e-05;396809;0.067265615;0.041445903;0.053837337;0.5;1.0957297e-06;1.1738305e-06;7.493471e-06;1;1;1;0;1;1
8295712463;8295524023;2490378;-0.0062624793;0.0009337258;-0.0027322345;0.15;4.998999e-07;4.988422e-07;3.9307005e-07;2490378;-0.0031600727;0.032700997;-0.009467479;0.4;0.00018487585;0.00060297287;1.1957869e-05;396809;0.067359164;0.041474193;0.053926386;0.5;1.0939826e-06;1.1728245e-06;7.4853538e-06;1;1;1;0;1;1
8296721828;8296533382;2490378;-0.006260195;0.000930839;-0.0027064118;0.15;5.0306386e-07;5.0202135e-07;3.9205685e-07;2490378;-0.0031600727;0.032700997;-0.009393533;0.4;0.0001849664;0.0006030619;1.1941106e-05;396809;0.067444704;0.04150795;0.054107107;0.5;1.0921242e-06;1.1714794e-06;7.4726618e-06;1;1;1;0;1;1
8297731266;8297542740;2490378;-0.0062566176;0.000928608;-0.0027135857;0.15;5.059215e-07;5.0492457e-07;3.9173605e-07;2490378;-0.0031600727;0.032700997;-0.009338524;0.4;0.00018505694;0.000603151;1.1930711e-05;396809;0.06751293;0.041541804;0.05415341;0.5;1.0909062e-06;1.1704778e-06;7.4634972e-06;1;1;1;0;1;1
8298740652;8298552098;2490378;-0.00625439;0.0009289033;-0.002754553;0.15;5.084711e-07;5.0752794e-07;3.9089653e-07;2490378;-0.0031600727;0.032700997;-0.009283711;0.4;0.00018514748;0.00060324004;1.1913783e-05;396809;0.06758156;0.041577537;0.054066423;0.5;1.0895959e-06;1.1694916e-06;7.4470377e-06;1;1;1;0;1;1
8299750196;8299561456;2490378;-0.006256358;0.0009325512;-0.0027879833;0.15;5.107216e-07;5.098325e-07;3.9095286e-07;2490378;-0.0031600727;0.032700997;-0.009221263;0.4;0.00018523802;0.0006033291;1.1903225e-05;396809;0.06762266;0.041597094;0.054064486;0.5;1.0887264e-06;1.1686748e-06;7.4391846e-06;1;1;1;0;1;1
8300759369;8300570814;2490378;-0.0062442147;0.0009274304;-0.002797333;0.15;5.126632e-07;5.1174675e-07;3.9021108e-07;2490378;-0.0031600727;0.032700997;-0.009178641;0.4;0.00018532856;0.00060341816;1.1904905e-05;396809;0.06763436;0.04162412;0.05433495;0.5;1.0881545e-06;1.1674956e-06;7.4223676e-06;1;1;1;0;1;1
8301768672;8301580172;2490378;-0.00624535;0.0009212871;-0.0028365122;0.15;5.143716e-07;5.13515e-07;3.9013017e-07;2490378;-0.0031600727;0.032700997;-0.009134035;0.4;0.00018541909;0.0006035072;1.1901017e-05;396809;0.06765208;0.041644193;0.054474484;0.5;1.0875988e-06;1.1665991e-06;7.412098e-06;1;1;1;0;1;1
8302778411;8302589530;2490378;-0.0062394463;0.00091180654;-0.0028854886;0.15;5.158181e-07;5.150148e-07;3.8937083e-07;2490378;-0.0031600727;0.032700997;-0.009109304;0.4;0.00018550963;0.0006035963;1.1920391e-05;396809;0.067668185;0.04166285;0.0545585;0.5;1.086872e-06;1.1657177e-06;7.4003306e-06;1;1;1;0;1;1
8303787384;8303598888;2490378;-0.0062365364;0.0009186544;-0.002924092;0.15;5.170094e-07;5.162498e-07;3.893302e-07;2490378;-0.0031600727;0.032700997;-0.00908899;0.4;0.00018560018;0.00060368533;1.1926289e-05;396809;0.06769224;0.041680697;0.05456637;0.5;1.0857617e-06;1.1646366e-06;7.3919146e-06;1;1;1;0;1;1
8304796696;8304608246;2490378;-0.006236908;0.00091962336;-0.0030316778;0.15;5.1796707e-07;5.1723407e-07;3.8885872e-07;2490378;-0.0031600727;0.032700997;-0.00908722;0.4;0.00018569072;0.0006037744;1.2010272e-05;396809;0.067687355;0.04170278;0.054626834;0.5;1.0846137e-06;1.1636364e-06;7.363749e-06;1;1;1;0;1;1
8305806328;8305617604;2490378;-0.006239741;0.0009194416;-0.0030157529;0.15;5.186873e-07;5.1798526e-07;3.8859991e-07;2490378;-0.0031600727;0.032700997;-0.0090721045;0.4;0.00018578126;0.00060386345;1.2019026e-05;396809;0.06771425;0.041710902;0.05474127;0.5;1.0837117e-06;1.1625522e-06;7.353524e-06;1;1;1;0;1;1
8306815398;8306626964;2490378;-0.006219432;0.0009252268;-0.002914859;0.15;5.1915873e-07;5.184225e-07;3.8885048e-07;2490378;-0.0031600727;0.032700997;-0.009059607;0.4;0.0001858718;0.0006039525;1.20340155e-05;396809;0.06774999;0.041743066;0.055084195;0.5;1.0831126e-06;1.1611352e-06;7.337735e-06;1;1;1;0;1;1
8307825081;8307636319;2490378;-0.0062277294;0.000924662;-0.0029125456;0.15;5.194374e-07;5.1878595e-07;3.885355e-07;2490378;-0.0031600727;0.032700997;-0.009041893;0.4;0.00018596234;0.00060404156;1.20381455e-05;396809;0.06777897;0.041758757;0.055095926;0.5;1.0821209e-06;1.1602444e-06;7.323353e-06;1;1;1;0;1;1
8308834118;8308645676;2490378;-0.0062253946;0.0009220257;-0.002862313;0.15;5.1952685e-07;5.1894483e-07;3.8893717e-07;2490378;-0.0031600727;0.032700997;-0.009010049;0.4;0.00018605289;0.0006041306;1.2031205e-05;396809;0.06780682;0.041770753;0.05515051;0.5;1.0814007e-06;1.1594396e-06;7.3190577e-06;1;1;1;0;1;1
8309843743;8309655034;2490378;-0.0062208767;0.0009227336;-0.0028400267;0.15;5.194319e-07;5.189176e-07;3.8867435e-07;2490378;-0.0031600727;0.032700997;-0.008991499;0.4;0.00018614343;0.0006042197;1.2018806e-05;396809;0.06782339;0.041784123;0.05519411;0.5;1.0806929e-06;1.1586421e-06;7.3188207e-06;1;1;1;0;1;1
8310852856;8310664391;2490378;-0.0062182317;0.0009247471;-0.0028141253;0.15;5.191557e-07;5.1871484e-07;3.890433e-07;2490378;-0.0031600727;0.032700997;-0.008981317;0.4;0.00018623397;0.00060430873;1.2010746e-05;396809;0.06784;0.041797154;0.055223137;0.5;1.0797986e-06;1.1577721e-06;7.318537e-06;1;1;1;0;1;1
8311862551;8311673748;2490378;-0.006214657;0.0009251951;-0.002789861;0.15;5.1872547e-07;5.183519e-07;3.88749e-07;2490378;-0.0031600727;0.032700997;-0.008960208;0.4;0.00018632451;0.0006043978;1.1998001e-05;396809;0.067857765;0.041811064;0.055249408;0.5;1.0791537e-06;1.1570888e-06;7.3184465e-06;1;1;1;0;1;1
8312871672;8312683106;2490378;-0.0062092803;0.0009272238;-0.0027608187;0.15;5.181315e-07;5.177073e-07;3.8904827e-07;2490378;-0.0031600727;0.032700997;-0.008943588;0.4;0.00018641505;0.00060448685;1.199028e-05;396809;0.067874216;0.041824576;0.055274595;0.5;1.0785851e-06;1.1564895e-06;7.3182864e-06;1;1;1;0;1;1
8313881782;8313692463;2490378;-0.006206818;0.00092668616;-0.002735357;0.15;5.1742114e-07;5.1705456e-07;3.887175e-07;2490378;-0.0031600727;0.032700997;-0.008932691;0.4;0.0001865056;0.0006045759;1.1976598e-05;396809;0.06789029;0.04183867;0.05529197;0.5;1.0779869e-06;1.1558992e-06;7.318258e-06;1;1;1;0;1;1
8314890382;8314701820;2490378;-0.0062033148;0.0009287106;-0.0027087266;0.15;5.1659197e-07;5.162803e-07;3.89028e-07;2490378;-0.0031600727;0.032700997;-0.008909164;0.4;0.00018659614;0.00060466497;1.1968029e-05;396809;0.06790365;0.041852295;0.055301607;0.5;1.0774464e-06;1.1554046e-06;7.3182277e-06;1;1;1;0;1;1
8315899994;8315711177;2490378;-0.006198965;0.00092211866;-0.0026413207;0.15;5.1565996e-07;5.1540246e-07;3.8864678e-07;2490378;-0.0031600727;0.032700997;-0.008907955;0.4;0.00018668668;0.000604754;1.1953104e-05;396809;0.067948714;0.0418765;0.055300366;0.5;1.0761532e-06;1.1545048e-06;7.3179185e-06;1;1;1;0;1;1
8316909239;8316720534;2490378;-0.006197778;0.00092953735;-0.0024905272;0.15;5.1477554e-07;5.145681e-07;3.8881072e-07;2490378;-0.0031600727;0.032700997;-0.00889709;0.4;0.00018677722;0.0006048431;1.1943534e-05;396809;0.06807619;0.041931074;0.05528735;0.5;1.0712473e-06;1.1510688e-06;7.316404e-06;1;1;1;0;1;1
8317918655;8317729891;2490378;-0.006196694;0.00093273766;-0.0023769117;0.15;5.141076e-07;5.139525e-07;3.8831536e-07;2490378;-0.0031600727;0.032700997;-0.008878289;0.4;0.00018686776;0.00060493214;1.19262395e-05;396809;0.06820309;0.041960653;0.055252243;0.5;1.0661656e-06;1.147906e-06;7.3159217e-06;1;1;1;0;1;1
8318927778;8318739248;2490378;-0.006192392;0.00093419856;-0.002323728;0.15;5.134655e-07;5.1323383e-07;3.8847872e-07;2490378;-0.0031600727;0.032700997;-0.008882622;0.4;0.0001869583;0.0006050212;1.1915493e-05;396809;0.06824697;0.04198441;0.05525135;0.5;1.0642975e-06;1.1471263e-06;7.315795e-06;1;1;1;0;1;1
8319937380;8319748604;2490378;-0.006193358;0.00093333377;-0.0023677365;0.15;5.1275305e-07;5.125491e-07;3.8804868e-07;2490378;-0.0031600727;0.032700997;-0.008873794;0.4;0.00018704885;0.00060511025;1.1898769e-05;396809;0.068219915;0.04202256;0.055267833;0.5;1.0637519e-06;1.1462892e-06;7.315623e-06;1;1;1;0;1;1
8320946401;8320757961;2490378;-0.0061917803;0.00093285734;-0.0024286609;0.15;5.1211526e-07;5.1193666e-07;3.882898e-07;2490378;-0.0031600727;0.032700997;-0.008856005;0.4;0.00018713939;0.0006051993;1.18876815e-05;396809;0.06818485;0.04206696;0.055279836;0.5;1.0611159e-06;1.1415473e-06;7.315383e-06;1;1;1;0;1;1
8321955764;8321767318;2490378;-0.0061956975;0.00092765945;-0.0024721744;0.15;5.121799e-07;5.120254e-07;3.879099e-07;2490378;-0.0031600727;0.032700997;-0.008829921;0.4;0.00018722993;0.00060528837;1.1870537e-05;396809;0.068115614;0.04209305;0.055299774;0.5;1.0506255e-06;1.1282854e-06;7.314655e-06;1;1;1;0;1;1
8322965165;8322776674;2490378;-0.006208639;0.0009244605;-0.0025297743;0.15;5.1360126e-07;5.1347365e-07;3.882106e-07;2490378;-0.0031600727;0.032700997;-0.008792901;0.4;0.00018732047;0.0006053774;1.1859312e-05;396809;0.06800316;0.04209097;0.0553228;0.5;1.0372075e-06;1.1130487e-06;7.3135516e-06;1;1;1;0;1;1
8323974470;8323786031;2490378;-0.006216499;0.00092168595;-0.0025427032;0.15;5.1627114e-07;5.1617235e-07;3.8787766e-07;2490378;-0.0031600727;0.032700997;-0.008730646;0.4;0.00018741102;0.0006054665;1.1842061e-05;396809;0.067931905;0.042043943;0.055343658;0.5;1.0272055e-06;1.100984e-06;7.3127567e-06;1;1;1;0;1;1
8324983862;8324795388;2490378;-0.006220027;0.00091840216;-0.002516801;0.15;5.1961456e-07;5.1943556e-07;3.8804933e-07;2490378;-0.0031600727;0.032700997;-0.008661619;0.4;0.00018750156;0.00060555554;1.18292955e-05;396809;0.06793554;0.04202722;0.055350192;0.5;1.0220555e-06;1.0947642e-06;7.3114934e-06;1;1;1;0;1;1
8325993212;8325804743;2490378;-0.0062257624;0.0009150054;-0.0025338128;0.15;5.2310725e-07;5.2295843e-07;3.872327e-07;2490378;-0.0031600727;0.032700997;-0.008626608;0.4;0.0001875921;0.0006056446;1.18122525e-05;396809;0.06797796;0.042056695;0.055352073;0.5;1.020146e-06;1.092565e-06;7.3107253e-06;1;1;1;0;1;1
8327002544;8326814100;2490378;-0.0062249354;0.0009083128;-0.002581893;0.15;5.263653e-07;5.26246e-07;3.8696896e-07;2490378;-0.0031600727;0.032700997;-0.00859126;0.4;0.00018768264;0.00060573366;1.1801241e-05;396809;0.068019465;0.042095438;0.05534549;0.5;1.0191274e-06;1.0915487e-06;7.310435e-06;1;1;1;0;1;1
8328011968;8327823456;2490378;-0.0062199617;0.00091056904;-0.0025740801;0.15;5.2928027e-07;5.291863e-07;3.857258e-07;2490378;-0.0031600727;0.032700997;-0.00855673;0.4;0.00018777318;0.0006058227;1.1784452e-05;396809;0.068079986;0.042146206;0.05534649;0.5;1.0176707e-06;1.0899656e-06;7.3095293e-06;1;1;1;0;1;1
8329021357;8328832812;2490378;-0.0062152008;0.0009128899;-0.0025260514;0.15;5.3185676e-07;5.317856e-07;3.8520136e-07;2490378;-0.0031600727;0.032700997;-0.008519334;0.4;0.00018786373;0.0006059118;1.17738045e-05;396809;0.06814512;0.042205483;0.055340894;0.5;1.0157873e-06;1.0875415e-06;7.308416e-06;1;1;1;0;1;1
8330030747;8329842169;2490378;-0.0062121022;0.00091328047;-0.002421728;0.15;5.3421735e-07;5.3416846e-07;3.8396348e-07;2490378;-0.0031600727;0.032700997;-0.0084776515;0.4;0.00018795427;0.00060600083;1.1757411e-05;396809;0.068219654;0.042276636;0.055330057;0.5;1.0127723e-06;1.0837026e-06;7.308125e-06;1;1;1;0;1;1
8331040597;8330851525;2490378;-0.0062103583;0.00091345387;-0.0023671798;0.15;5.3635705e-07;5.363349e-07;3.836109e-07;2490378;-0.0031600727;0.032700997;-0.008430965;0.4;0.00018804481;0.0006060899;1.174704e-05;396809;0.06827992;0.042322572;0.055317327;0.5;1.0108809e-06;1.0813052e-06;7.307943e-06;1;1;1;0;1;1
8332049435;8331860881;2490378;-0.006208244;0.0009162286;-0.0023785667;0.15;5.3817473e-07;5.380414e-07;3.8269397e-07;2490378;-0.0031600727;0.032700997;-0.008397155;0.4;0.00018813535;0.00060617895;1.1729691e-05;396809;0.06830766;0.04235295;0.055312347;0.5;1.0096421e-06;1.079981e-06;7.3074643e-06;1;1;1;0;1;1
8333062362;8332870237;2490378;-0.006206118;0.0009162727;-0.0024391222;0.15;5.397152e-07;5.396043e-07;3.828133e-07;2490378;-0.0031600727;0.032700997;-0.008357992;0.4;0.0001882259;0.000606268;1.1719704e-05;396809;0.06830828;0.04237621;0.0553222;0.5;1.0083543e-06;1.078599e-06;7.306909e-06;1;1;1;0;1;1
8334068146;8333879592;2490378;-0.006207221;0.0009116794;-0.0024585086;0.15;5.4139485e-07;5.4130345e-07;3.8255402e-07;2490378;-0.0031600727;0.032700997;-0.008368254;0.4;0.00018831644;0.00060635706;1.17041e-05;396809;0.06828027;0.042377237;0.055329848;0.5;1.0023804e-06;1.0722821e-06;7.306258e-06;1;1;1;0;1;1
8335077404;8334888948;2490378;-0.0062128664;0.0009071322;-0.0025375949;0.15;5.439385e-07;5.438609e-07;3.829908e-07;2490378;-0.0031600727;0.032700997;-0.008396169;0.4;0.00018840698;0.0006064461;1.169463e-05;396809;0.0681468;0.0423749;0.055365242;0.5;1.0000045e-06;1.060962e-06;7.304881e-06;1;1;1;0;1;1
8336086744;8335898304;2490378;-0.006222838;0.0009104572;-0.0026569958;0.15;5.4772227e-07;5.4765377e-07;3.8257633e-07;2490378;-0.0031600727;0.032700997;-0.008402342;0.4;0.00018849752;0.0006065352;1.1679561e-05;396809;0.06795037;0.04234261;0.055416193;0.5;1.0000018e-06;1.046917e-06;7.3034926e-06;1;1;1;0;1;1
8337096493;8336907659;2490378;-0.0062319776;0.0009124272;-0.002751375;0.15;5.5269237e-07;5.526323e-07;3.8279694e-07;2490378;-0.0031600727;0.032700997;-0.008370803;0.4;0.00018858805;0.00060662423;1.1670527e-05;396809;0.067799;0.04229168;0.055441182;0.5;1.0000045e-06;1.0344968e-06;7.30217e-06;1;1;1;0;1;1
8338105465;8337917015;2490378;-0.006236321;0.000913241;-0.0028584297;0.15;5.586812e-07;5.5847374e-07;3.8236593e-07;2490378;-0.0031600727;0.032700997;-0.008359199;0.4;0.00018867859;0.0006067133;1.1696369e-05;396809;0.06771163;0.04214421;0.05537074;0.5;1.000002e-06;1.023465e-06;7.290611e-06;1;1;1;0;1;1
8339114851;8338926371;2490378;-0.0062420447;0.0009147395;-0.0029392336;0.15;5.6532997e-07;5.651471e-07;3.826852e-07;2490378;-0.0031600727;0.032700997;-0.00833639;0.4;0.00018876913;0.00060680235;1.1686757e-05;396809;0.0676401;0.042003077;0.055305194;0.5;1.0000061e-06;1.0136964e-06;7.2876605e-06;1;1;1;0;1;1
8340124163;8339935726;2490378;-0.0062441546;0.0009117518;-0.0029496027;0.15;5.726336e-07;5.724683e-07;3.8222353e-07;2490378;-0.0031600727;0.032700997;-0.008370308;0.4;0.00018885967;0.0006068914;1.1672523e-05;396809;0.06748978;0.041933306;0.055346444;0.5;1.000002e-06;1.0039043e-06;7.2691146e-06;1;1;1;0;1;1
8341133551;8340945082;2490378;-0.0062478003;0.00090988114;-0.0029750627;0.15;5.804693e-07;5.803385e-07;3.8238932e-07;2490378;-0.0031600727;0.032700997;-0.0083864555;0.4;0.00018895022;0.00060698047;1.165886e-05;396809;0.06736475;0.0418663;0.05539043;0.5;1.0000061e-06;1e-06;7.255677e-06;1;1;1;0;1;1
8342142881;8341954437;2490378;-0.00624868;0.00090781675;-0.0030165394;0.15;5.887374e-07;5.886478e-07;3.8171981e-07;2490378;-0.0031600727;0.032700997;-0.008387691;0.4;0.00018904076;0.0006070695;1.16517695e-05;396809;0.06724737;0.041773655;0.055443022;0.5;1.0000018e-06;1e-06;7.245916e-06;1;1;1;0;1;1
8343152305;8342963792;2490378;-0.006253851;0.00090804097;-0.0030742052;0.15;5.973386e-07;5.972884e-07;3.8167917e-07;2490378;-0.0031600727;0.032700997;-0.008386122;0.4;0.0001891313;0.0006071586;1.1639862e-05;396809;0.06719141;0.041641854;0.055446766;0.5;1.0000061e-06;1e-06;7.245834e-06;1;1;1;0;1;1
8344161594;8343973147;2490378;-0.0062561873;0.0009068258;-0.0031360795;0.15;6.061831e-07;6.0602474e-07;3.8081666e-07;2490378;-0.0031600727;0.032700997;-0.008409055;0.4;0.00018922184;0.00060724764;1.1634149e-05;396809;0.06712382;0.0414975;0.05545589;0.5;1.000002e-06;1e-06;7.245675e-06;1;1;1;0;1;1
8345171233;8344982503;2490378;-0.0062580314;0.00090483174;-0.0031839807;0.15;6.1519023e-07;6.1505693e-07;3.806858e-07;2490378;-0.0031600727;0.032700997;-0.008430141;0.4;0.00018931238;0.0006073367;1.1623352e-05;396809;0.06706455;0.04136832;0.055466842;0.5;1.0000061e-06;1e-06;7.245505e-06;1;1;1;0;1;1
8346180405;8345991858;2490378;-0.0062582456;0.00090338243;-0.0032258104;0.15;6.24262e-07;6.2416547e-07;3.797616e-07;2490378;-0.0031600727;0.032700997;-0.008474499;0.4;0.00018940291;0.00060742575;1.16176225e-05;396809;0.06700076;0.041228674;0.055482045;0.5;1e-06;1e-06;7.245009e-06;1;1;1;0;1;1
8347189763;8347001213;2490378;-0.0062579657;0.0009014827;-0.0032607014;0.15;6.3335176e-07;6.3326934e-07;3.7957795e-07;2490378;-0.0031600727;0.032700997;-0.008533358;0.4;0.00018949345;0.0006075148;1.1607361e-05;396809;0.06695885;0.041101146;0.055485055;0.5;1.0000061e-06;1e-06;7.2450366e-06;1;1;1;0;1;1
8348199565;8348010568;2490378;-0.00626053;0.0008977831;-0.0033004112;0.15;6.423637e-07;6.4228357e-07;3.7863677e-07;2490378;-0.0031600727;0.032700997;-0.00856901;0.4;0.000189584;0.00060760387;1.16026895e-05;396809;0.06694561;0.04094485;0.05546155;0.5;1.000002e-06;1e-06;7.2424873e-06;1;1;1;0;1;1
8349212088;8349019923;2490378;-0.006258838;0.00089563214;-0.0032904216;0.15;6.512177e-07;6.5113494e-07;3.7856017e-07;2490378;-0.0031600727;0.032700997;-0.008640606;0.4;0.00018967454;0.0006076929;1.1592393e-05;396809;0.06687549;0.040844318;0.05546732;0.5;1.0000061e-06;1e-06;7.2375624e-06;1;1;1;0;1;1
8350217853;8350029278;2490378;-0.006257649;0.00089369615;-0.0032528588;0.15;6.598488e-07;6.5966003e-07;3.7773242e-07;2490378;-0.0031600727;0.032700997;-0.008709805;0.4;0.00018976508;0.000607782;1.1587597e-05;396809;0.06677075;0.040763315;0.05548529;0.5;1.0000027e-06;1e-06;7.223916e-06;1;1;1;0;1;1
8351227136;8351038633;2490378;-0.0062565086;0.00089218875;-0.0032683983;0.15;6.6821224e-07;6.679986e-07;3.7766495e-07;2490378;-0.0031600727;0.032700997;-0.008775238;0.4;0.00018985562;0.00060787104;1.1577771e-05;396809;0.06673619;0.040650934;0.05548406;0.5;1.0000055e-06;1e-06;7.2197286e-06;1;1;1;0;1;1
8352236428;8352047988;2490378;-0.006253495;0.000888412;-0.0033184395;0.15;6.761651e-07;6.7591753e-07;3.768918e-07;2490378;-0.0031600727;0.032700997;-0.008842906;0.4;0.00018994616;0.0006079601;1.1573754e-05;396809;0.06671592;0.040511332;0.055463053;0.5;1.0000027e-06;1e-06;7.2182247e-06;1;1;1;0;1;1
8353245793;8353057342;2490378;-0.0062536583;0.00088411086;-0.0033464301;0.15;6.8367564e-07;6.833871e-07;3.7695776e-07;2490378;-0.0031600727;0.032700997;-0.008927378;0.4;0.0001900367;0.00060804916;1.1564434e-05;396809;0.06669995;0.040379588;0.05545215;0.5;1.0000064e-06;1e-06;7.2158546e-06;1;1;1;0;1;1
8354255190;8354066697;2490378;-0.006246345;0.00088123116;-0.0033321886;0.15;6.906729e-07;6.903448e-07;3.7641882e-07;2490378;-0.0031600727;0.032700997;-0.008972711;0.4;0.00019012725;0.0006081382;1.1560184e-05;396809;0.0666517;0.040269997;0.055448133;0.5;1.0000024e-06;1e-06;7.2120883e-06;1;1;1;0;1;1
8355264495;8355076052;2490378;-0.006245611;0.0008776795;-0.0033848807;0.15;6.9725644e-07;6.9687593e-07;3.7668656e-07;2490378;-0.0031600727;0.032700997;-0.009026264;0.4;0.00019021779;0.0006082273;1.1551043e-05;396809;0.066636786;0.04014034;0.05540617;0.5;1.0000056e-06;1e-06;7.2092394e-06;1;1;1;0;1;1
8356273880;8356085406;2490378;-0.0062454515;0.0008763923;-0.003426715;0.15;7.030695e-07;7.026077e-07;3.762721e-07;2490378;-0.0031600727;0.032700997;-0.009090483;0.4;0.00019030833;0.00060831633;1.1547557e-05;396809;0.066617586;0.040008258;0.055367664;0.5;1.0000024e-06;1e-06;7.2055536e-06;1;1;1;0;1;1
8357283241;8357094761;2490378;-0.0062431246;0.00087268057;-0.003433948;0.15;7.082134e-07;7.077024e-07;3.7671614e-07;2490378;-0.0031600727;0.032700997;-0.009155021;0.4;0.00019039887;0.0006084054;1.1538833e-05;396809;0.066593304;0.039898314;0.055369034;0.5;1.0000056e-06;1e-06;7.205489e-06;1;1;1;0;1;1
8358292556;8358104116;2490378;-0.006240307;0.0008692698;-0.0034732036;0.15;7.126492e-07;7.1209047e-07;3.7653842e-07;2490378;-0.0031600727;0.032700997;-0.0092225205;0.4;0.00019048942;0.00060849445;1.1535683e-05;396809;0.066579215;0.0397695;0.055320647;0.5;1.0000024e-06;1e-06;7.2017447e-06;1;1;1;0;1;1
8359302750;8359113470;2490378;-0.006233011;0.0008658305;-0.0034972974;0.15;7.1634986e-07;7.157611e-07;3.7642533e-07;2490378;-0.0031600727;0.032700997;-0.009288981;0.4;0.00019057996;0.0006085835;1.1532824e-05;396809;0.06656345;0.03965696;0.0552344;0.5;1e-06;1e-06;7.190662e-06;1;1;1;0;1;1
8360311271;8360122824;2490378;-0.0062353415;0.0008653824;-0.0034793045;0.15;7.1927735e-07;7.186834e-07;3.7727625e-07;2490378;-0.0031600727;0.032700997;-0.009316476;0.4;0.0001906705;0.00060867256;1.1530215e-05;396809;0.066541605;0.03957357;0.05515233;0.5;1.0000024e-06;1e-06;7.1798045e-06;1;1;1;0;1;1
8361321006;8361132178;2490378;-0.006226289;0.0008554214;-0.0034867194;0.15;7.2141836e-07;7.2083117e-07;3.7753367e-07;2490378;-0.0031600727;0.032700997;-0.00935003;0.4;0.00019076104;0.0006087616;1.15438925e-05;396809;0.06653292;0.039444532;0.055104107;0.5;1e-06;1e-06;7.1681943e-06;1;1;1;0;1;1
8362330251;8362141532;2490378;-0.006205389;0.00085221644;-0.0034373987;0.15;7.2287213e-07;7.2227937e-07;3.786304e-07;2490378;-0.0031600727;0.032700997;-0.009393689;0.4;0.00019085158;0.0006088507;1.1584756e-05;396809;0.06647352;0.03937861;0.055055417;0.5;1.0000032e-06;1e-06;7.155371e-06;1;1;1;0;1;1
8363339696;8363150887;2490378;-0.0062281424;0.00085648266;-0.0034933;0.15;7.2372524e-07;7.2313696e-07;3.7914515e-07;2490378;-0.0031600727;0.032700997;-0.009439836;0.4;0.00019094213;0.00060893974;1.1576711e-05;396809;0.06647186;0.03924461;0.054937255;0.5;1e-06;1e-06;7.1487534e-06;1;1;1;0;1;1
8364348773;8364160241;2490378;-0.006209422;0.0008574921;-0.0034569018;0.15;7.2372336e-07;7.231504e-07;3.8040713e-07;2490378;-0.0031600727;0.032700997;-0.00948383;0.4;0.00019103267;0.0006090288;1.1585024e-05;396809;0.06643493;0.03916238;0.054886445;0.5;1.0000037e-06;1e-06;7.1403288e-06;1;1;1;0;1;1
8365358648;8365169595;2490378;-0.0062085437;0.0008636327;-0.0034482938;0.15;7.2370256e-07;7.231322e-07;3.8115212e-07;2490378;-0.0031600727;0.032700997;-0.009535566;0.4;0.00019112321;0.00060911785;1.1587845e-05;396809;0.066411845;0.03904968;0.054819066;0.5;1e-06;1e-06;7.131835e-06;1;1;1;0;1;1
8366367274;8366178948;2490378;-0.006187924;0.00086642907;-0.0034221231;0.15;7.227087e-07;7.221461e-07;3.8259577e-07;2490378;-0.0031600727;0.032700997;-0.009581338;0.4;0.00019121375;0.0006092069;1.1584985e-05;396809;0.06638851;0.038957644;0.054769527;0.5;1.0000039e-06;1.000001e-06;7.1269405e-06;1;1;1;0;1;1
8367376993;8367188302;2490378;-0.00617654;0.0008606691;-0.0034545865;0.15;7.20484e-07;7.199454e-07;3.8343663e-07;2490378;-0.0031600727;0.032700997;-0.00961362;0.4;0.0001913043;0.00060929597;1.1576403e-05;396809;0.06638705;0.03882308;0.05468708;0.5;1e-06;1e-06;7.120751e-06;1;1;1;0;1;1
8368386144;8368197656;2490378;-0.006167059;0.00085825694;-0.0034783382;0.15;7.171819e-07;7.1671366e-07;3.848432e-07;2490378;-0.0031600727;0.032700997;-0.009655979;0.4;0.00019139484;0.000609385;1.1572779e-05;396809;0.06639307;0.038705837;0.054590844;0.5;1.0000036e-06;1e-06;7.1103477e-06;1;1;1;0;1;1
8369395717;8369207010;2490378;-0.006191868;0.0008513365;-0.0034627044;0.15;7.134218e-07;7.130052e-07;3.8574876e-07;2490378;-0.0031600727;0.032700997;-0.009734804;0.4;0.00019148538;0.0006094741;1.1564038e-05;396809;0.06634397;0.038615223;0.054526955;0.5;1e-06;1e-06;7.1060854e-06;1;1;1;0;1;1
8370404847;8370216363;2490378;-0.0061779064;0.0008324603;-0.0034316396;0.15;7.089538e-07;7.085881e-07;3.8724758e-07;2490378;-0.0031600727;0.032700997;-0.0097926315;0.4;0.00019157592;0.00060956314;1.1566151e-05;396809;0.066325456;0.038527075;0.054489393;0.5;1.0000041e-06;1e-06;7.0998726e-06;1;1;1;0;1;1
8371414412;8371225717;2490378;-0.0061750547;0.00084050157;-0.003414483;0.15;7.039551e-07;7.0363956e-07;3.8819093e-07;2490378;-0.0031600727;0.032700997;-0.009873688;0.4;0.00019166646;0.0006096522;1.15570765e-05;396809;0.0662902;0.038422395;0.05444381;0.5;1e-06;1e-06;7.099421e-06;1;1;1;0;1;1
8372423568;8372235070;2490378;-0.0061710277;0.00083684304;-0.0033977013;0.15;6.9848085e-07;6.9821084e-07;3.896665e-07;2490378;-0.0031600727;0.032700997;-0.009959541;0.4;0.000191757;0.00060974126;1.1553211e-05;396809;0.066261984;0.038327515;0.054415055;0.5;1.0000041e-06;1e-06;7.09938e-06;1;1;1;0;1;1
8373432920;8373244424;2490378;-0.006154117;0.00083644607;-0.0033577285;0.15;6.925804e-07;6.9235216e-07;3.9054333e-07;2490378;-0.0031600727;0.032700997;-0.010034457;0.4;0.00019184755;0.0006098303;1.1543583e-05;396809;0.06622409;0.038242582;0.054384634;0.5;1.000001e-06;1e-06;7.097439e-06;1;1;1;0;1;1
8374442252;8374253777;2490378;-0.006158364;0.00082219375;-0.0033637048;0.15;6.8625604e-07;6.860802e-07;3.919401e-07;2490378;-0.0031600727;0.032700997;-0.010102949;0.4;0.00019193809;0.00060991937;1.15391695e-05;396809;0.066204265;0.03814413;0.05432496;0.5;1.0000041e-06;1e-06;7.095369e-06;1;1;1;0;1;1
8375451579;8375263130;2490378;-0.006159255;0.0008284916;-0.0033405845;0.15;6.796848e-07;6.795365e-07;3.9269702e-07;2490378;-0.0031600727;0.032700997;-0.010162957;0.4;0.00019202863;0.0006100084;1.1529134e-05;396809;0.06616188;0.038057216;0.054282818;0.5;1.000001e-06;1e-06;7.0874567e-06;1;1;1;0;1;1
8376461509;8376272483;2490378;-0.0061346684;0.0008237724;-0.0033074804;0.15;6.7302835e-07;6.728779e-07;3.9400476e-07;2490378;-0.0031600727;0.032700997;-0.010209193;0.4;0.00019211917;0.0006100975;1.15245275e-05;396809;0.06614229;0.03798309;0.05426323;0.5;1.0000051e-06;1e-06;7.0805713e-06;1;1;1;0;1;1
8377470439;8377281836;2490378;-0.006152428;0.0008257612;-0.0032768594;0.15;6.662992e-07;6.661622e-07;3.9476896e-07;2490378;-0.0031600727;0.032700997;-0.010227158;0.4;0.00019220971;0.00061018654;1.1536725e-05;396809;0.06609345;0.037906945;0.0541512;0.5;1.000001e-06;1e-06;7.070291e-06;1;1;1;0;1;1
8378479760;8378291189;2490378;-0.006144845;0.0008303692;-0.003245579;0.15;6.5943044e-07;6.5926065e-07;3.960113e-07;2490378;-0.0031601456;0.032700993;-0.010244448;0.4;0.00019230026;0.0006102756;1.1576712e-05;396809;0.066053025;0.037834726;0.054083943;0.5;1.0000051e-06;1e-06;7.0550427e-06;1;1;1;0;1;1
8379489209;8379300542;2490378;-0.006136396;0.00082831614;-0.003186151;0.15;6.521841e-07;6.518823e-07;3.965997e-07;2490378;-0.0031601456;0.032700993;-0.010252143;0.4;0.0001923908;0.00061036466;1.1639019e-05;396809;0.06593784;0.037798632;0.053977974;0.5;1.000001e-06;1e-06;7.03586e-06;1;1;1;0;1;1
8380502067;8380309895;2490378;-0.0061289007;0.00082520023;-0.0031464798;0.15;6.448756e-07;6.4433976e-07;3.9757563e-07;2490378;-0.0031601456;0.032700993;-0.010272312;0.4;0.00019248134;0.0006104537;1.1646501e-05;396809;0.06586704;0.03776395;0.05393282;0.5;1.0000045e-06;1e-06;7.025362e-06;1;1;1;0;1;1
8381507790;8381319247;2490378;-0.0061243353;0.00082966546;-0.003080455;0.15;6.3771296e-07;6.3683825e-07;3.9786804e-07;2490378;-0.0031601456;0.032700993;-0.010272312;0.4;0.00019257188;0.0006105428;1.1736393e-05;396809;0.06574742;0.037753567;0.053846072;0.5;1.0000008e-06;1e-06;6.9972007e-06;1;1;1;0;1;1
8382517404;8382328600;2490378;-0.006118226;0.00083073234;-0.003034433;0.15;6.306871e-07;6.293386e-07;3.9859708e-07;2490378;-0.0031601456;0.032700993;-0.010272312;0.4;0.00019266242;0.00061063183;1.1826286e-05;396809;0.06565836;0.037738185;0.05380665;0.5;1.000004e-06;1e-06;6.9764037e-06;1;1;1;0;1;1
8383526406;8383337952;2490378;-0.006113291;0.00083277695;-0.003000926;0.15;6.2380457e-07;6.218773e-07;3.98578e-07;2490378;-0.0031601456;0.032700993;-0.010272312;0.4;0.00019275295;0.0006107209;1.1916179e-05;396809;0.06558079;0.03771631;0.05379723;0.5;1.0000006e-06;1e-06;6.95756e-06;1;1;1;0;1;1
8384535774;8384347305;2490378;-0.0061088954;0.00083359156;-0.0029732506;0.15;6.1708994e-07;6.144907e-07;3.9903682e-07;2490378;-0.0031601456;0.032700993;-0.010272312;0.4;0.0001928435;0.00061080995;1.200607e-05;396809;0.06551557;0.037698932;0.053800315;0.5;1.0000028e-06;1e-06;6.9407924e-06;1;1;1;0;1;1
8385545102;8385356657;2490378;-0.006104325;0.00083666074;-0.0029543808;0.15;6.1055704e-07;6.0720754e-07;3.9875113e-07;2490378;-0.0031601456;0.032700993;-0.010272312;0.4;0.00019293404;0.000610899;1.2095962e-05;396809;0.06545829;0.037680384;0.053821642;0.5;1.0000005e-06;1e-06;6.925448e-06;1;1;1;0;1;1
8386554507;8386366009;2490378;-0.006102721;0.00083936454;-0.0029390831;0.15;6.041332e-07;5.999307e-07;3.9894738e-07;2490378;-0.0031601456;0.032700993;-0.010272312;0.4;0.00019302458;0.00061098806;1.2185854e-05;396809;0.06541091;0.03766309;0.05384289;0.5;1.0000022e-06;1e-06;6.9124567e-06;1;1;1;0;1;1
8387563862;8387375361;2490378;-0.0060988343;0.0008528218;-0.0029189645;0.15;5.979857e-07;5.92918e-07;3.984266e-07;2490378;-0.0031601456;0.032700993;-0.010272312;0.4;0.00019311512;0.0006110771;1.22757465e-05;396809;0.065362304;0.037643667;0.053876176;0.5;1.0000007e-06;1e-06;6.899932e-06;1;1;1;0;1;1
8388573186;8388384713;2490378;-0.0060967063;0.00084103865;-0.0030572056;0.15;5.921439e-07;5.862278e-07;3.9794034e-07;2490378;-0.0031601456;0.032700993;-0.010267343;0.4;0.00019320566;0.0006111662;1.2346439e-05;396809;0.065498106;0.037501976;0.053615462;0.5;1.0000043e-06;1e-06;6.823628e-06;1;1;1;0;1;1
8389582523;8389394065;2490378;-0.0060941414;0.00084484124;-0.0031670285;0.15;5.8626983e-07;5.795745e-07;3.9735576e-07;2490378;-0.0031601456;0.032700993;-0.010267343;0.4;0.0001932962;0.00061125524;1.24363305e-05;396809;0.065621;0.03735739;0.05336173;0.5;1.0000018e-06;1e-06;6.7599153e-06;1;1;1;0;1;1
8390591859;8390403417;2490378;-0.006099546;0.00085886306;-0.0031980718;0.15;5.8050875e-07;5.73133e-07;3.9786818e-07;2490378;-0.0031601456;0.032700993;-0.010242011;0.4;0.00019338675;0.0006113443;1.2488408e-05;396809;0.06565296;0.037267696;0.05319937;0.5;1.0000047e-06;1e-06;6.7340975e-06;1;1;1;0;1;1
8391601208;8391412769;2490378;-0.006084015;0.0008468765;-0.0031331892;0.15;5.748453e-07;5.668874e-07;3.9801412e-07;2490378;-0.0031601456;0.032700993;-0.010228701;0.4;0.00019347729;0.00061143335;1.25639435e-05;396809;0.0656437;0.037225626;0.053147145;0.5;1.0000016e-06;1e-06;6.7171595e-06;1;1;1;0;1;1
8392610651;8392422121;2490378;-0.006082831;0.00084906;-0.0032023045;0.15;5.69199e-07;5.607173e-07;3.9873441e-07;2490378;-0.0031601456;0.032700993;-0.010186712;0.4;0.00019356783;0.0006115224;1.2569709e-05;396809;0.06568679;0.037106644;0.052855726;0.5;1.0000048e-06;1e-06;6.697937e-06;1;1;1;0;1;1
8393620534;8393431473;2490378;-0.006081909;0.000837452;-0.0032979557;0.15;5.637612e-07;5.5495667e-07;3.988251e-07;2490378;-0.0031601456;0.032700993;-0.010128379;0.4;0.00019365836;0.00061161147;1.25724455e-05;396809;0.06573979;0.03697205;0.052550208;0.5;1.0000016e-06;1e-06;6.676549e-06;1;1;1;0;1;1
8394629373;8394440824;2490378;-0.006081811;0.0008521017;-0.0033320293;0.15;5.584788e-07;5.4947793e-07;3.9938095e-07;2490378;-0.0031601456;0.032700993;-0.010097326;0.4;0.0001937489;0.0006117005;1.2587958e-05;396809;0.06567745;0.03690226;0.052168023;0.5;1.0000048e-06;1e-06;6.6601965e-06;1;1;1;0;1;1
8395638695;8395450175;2490378;-0.0060807867;0.00085388485;-0.0033844763;0.15;5.5337233e-07;5.44292e-07;3.99072e-07;2490378;-0.0031601456;0.032700993;-0.010058243;0.4;0.00019383944;0.0006117896;1.2585335e-05;396809;0.06564533;0.036838237;0.051895916;0.5;1.0000016e-06;1e-06;6.646736e-06;1;1;1;0;1;1
8396648178;8396459527;2490378;-0.006076654;0.00085581304;-0.003298843;0.15;5.484533e-07;5.393533e-07;3.9923728e-07;2490378;-0.0031601456;0.032700993;-0.010039032;0.4;0.00019392998;0.00061187864;1.2636652e-05;396809;0.06555198;0.036849946;0.051853236;0.5;1.0000055e-06;1e-06;6.6358893e-06;1;1;1;0;1;1
8397657384;8397468878;2490378;-0.006075649;0.0008530178;-0.003277444;0.15;5.437443e-07;5.3460127e-07;3.987467e-07;2490378;-0.0031601456;0.032700993;-0.009988933;0.4;0.00019402053;0.0006119677;1.2653279e-05;396809;0.06553473;0.03680973;0.051832452;0.5;1.0000018e-06;1e-06;6.6260445e-06;1;1;1;0;1;1
8398666679;8398478229;2490378;-0.0060769524;0.0008593416;-0.0032645087;0.15;5.39103e-07;5.298991e-07;3.9882465e-07;2490378;-0.0031601456;0.032700993;-0.0099269105;0.4;0.00019411107;0.00061205676;1.2640118e-05;396809;0.065530255;0.036759987;0.051820632;0.5;1.0000048e-06;1e-06;6.625095e-06;1;1;1;0;1;1
8399676294;8399487581;2490378;-0.006076723;0.0008620205;-0.0032411616;0.15;5.346989e-07;5.255435e-07;3.982939e-07;2490378;-0.0031601456;0.032700993;-0.009875065;0.4;0.00019420161;0.0006121458;1.2631049e-05;396809;0.06551585;0.03670669;0.05181083;0.5;1.0000016e-06;1e-06;6.624716e-06;1;1;1;0;1;1
8400685404;8400496932;2490378;-0.0060747457;0.00086477335;-0.003221307;0.15;5.304571e-07;5.2138563e-07;3.9835373e-07;2490378;-0.0031601456;0.032700993;-0.009816823;0.4;0.00019429215;0.0006122349;1.2614212e-05;396809;0.0654997;0.036656316;0.05179816;0.5;1.0000048e-06;1e-06;6.6244847e-06;1;1;1;0;1;1
8401694740;8401506283;2490378;-0.0060739177;0.00086720876;-0.003197691;0.15;5.2637984e-07;5.174216e-07;3.9775517e-07;2490378;-0.0031601456;0.032700993;-0.009744231;0.4;0.0001943827;0.0006123239;1.2601548e-05;396809;0.06548157;0.03660336;0.05178902;0.5;1.0000024e-06;1e-06;6.6242605e-06;1;1;1;0;1;1
8402704072;8402515633;2490378;-0.0060726725;0.0008687794;-0.003173907;0.15;5.224677e-07;5.136477e-07;3.9776026e-07;2490378;-0.0031601456;0.032700993;-0.009663246;0.4;0.00019447324;0.000612413;1.25810375e-05;396809;0.065464914;0.036555048;0.051779673;0.5;1.0000048e-06;1e-06;6.624048e-06;1;1;1;0;1;1
8403713423;8403524984;2490378;-0.00607022;0.00087259524;-0.0031492752;0.15;5.187206e-07;5.100635e-07;3.9711117e-07;2490378;-0.0031601456;0.032700993;-0.009608308;0.4;0.00019456378;0.00061250204;1.2565096e-05;396809;0.065445036;0.03650551;0.051768687;0.5;1.0000024e-06;1e-06;6.6239268e-06;1;1;1;0;1;1
8404722815;8404534335;2490378;-0.0060689338;0.0008755442;-0.0031325405;0.15;5.1506146e-07;5.065059e-07;3.970245e-07;2490378;-0.0031601456;0.032700993;-0.00954252;0.4;0.00019465432;0.0006125911;1.25415445e-05;396809;0.06543161;0.036455505;0.051758993;0.5;1.0000048e-06;1e-06;6.623594e-06;1;1;1;0;1;1
8405732136;8405543686;2490378;-0.006067659;0.00087865494;-0.0031034795;0.15;5.1163954e-07;5.0328003e-07;3.96336e-07;2490378;-0.0031601456;0.032700993;-0.009499671;0.4;0.00019474486;0.00061268016;1.2523071e-05;396809;0.065413065;0.036406215;0.051748566;0.5;1.000002e-06;1e-06;6.6234143e-06;1;1;1;0;1;1
8406741478;8406553037;2490378;-0.0060665514;0.00088104676;-0.0030756716;0.15;5.083694e-07;5.0022487e-07;3.9627582e-07;2490378;-0.0031601456;0.032700993;-0.009432365;0.4;0.0001948354;0.0006127692;1.2497121e-05;396809;0.06539592;0.036361508;0.051739354;0.5;1.0000056e-06;1e-06;6.623365e-06;1;1;1;0;1;1
8407750861;8407562387;2490378;-0.006066101;0.000884756;-0.0030529737;0.15;5.052643e-07;4.9734086e-07;3.955704e-07;2490378;-0.0031601456;0.032700993;-0.009354016;0.4;0.00019492595;0.0006128583;1.2476952e-05;396809;0.065379545;0.03630872;0.051724494;0.5;1.0000024e-06;1e-06;6.623282e-06;1;1;1;0;1;1
8408760268;8408571738;2490378;-0.006065368;0.0008882928;-0.003029792;0.15;5.0231336e-07;4.946192e-07;3.9548902e-07;2490378;-0.0031601456;0.032700993;-0.009258899;0.4;0.00019501649;0.00061294733;1.2449673e-05;396809;0.065363325;0.036263365;0.051713668;0.5;1.0000056e-06;1e-06;6.6232524e-06;1;1;1;0;1;1
8409769657;8409581088;2490378;-0.006063937;0.00089350494;-0.0030097084;0.15;4.99514e-07;4.92056e-07;3.9476987e-07;2490378;-0.0031601456;0.032700993;-0.009168535;0.4;0.00019510703;0.0006130364;1.2428507e-05;396809;0.06534545;0.03621634;0.05170469;0.5;1.0000026e-06;1e-06;6.6231078e-06;1;1;1;0;1;1
8410779473;8410590439;2490378;-0.006060915;0.00089071004;-0.0030041423;0.15;4.968259e-07;4.8952217e-07;3.9460699e-07;2490378;-0.0031601456;0.032700993;-0.009095855;0.4;0.00019519757;0.00061312545;1.2400539e-05;396809;0.06530064;0.036190797;0.05168095;0.5;1.0000056e-06;1e-06;6.622912e-06;1;1;1;0;1;1
8411788382;8411599794;2490378;-0.0060590804;0.00089320197;-0.0029732897;0.15;4.9440996e-07;4.873496e-07;3.9386163e-07;2490378;-0.0031601456;0.032700993;-0.009004904;0.4;0.00019528811;0.0006132145;1.237252e-05;396809;0.06529071;0.03614347;0.051664952;0.5;1.000002e-06;1e-06;6.62259e-06;1;1;1;0;1;1
8412797921;8412609140;2490378;-0.0060597323;0.00089686364;-0.002914883;0.15;4.9215487e-07;4.853406e-07;3.931011e-07;2490378;-0.0031601456;0.032700993;-0.00895644;0.4;0.00019537866;0.00061330356;1.2351087e-05;396809;0.065285124;0.036096323;0.051659368;0.5;1e-06;1e-06;6.6225343e-06;1;1;1;0;1;1
8413807031;8413618490;2490378;-0.006056534;0.00090244715;-0.0028708195;0.15;4.900657e-07;4.835001e-07;3.9299505e-07;2490378;-0.0031601456;0.032700993;-0.008902847;0.4;0.0001954692;0.0006133926;1.2323339e-05;396809;0.06527519;0.036061168;0.051649146;0.5;1.0000024e-06;1e-06;6.6225275e-06;1;1;1;0;1;1
8414816585;8414627840;2490378;-0.006056583;0.0009051133;-0.0028351939;0.15;4.88138e-07;4.818155e-07;3.9224935e-07;2490378;-0.0031601456;0.032700993;-0.008864532;0.4;0.00019555974;0.0006134817;1.2302417e-05;396809;0.06526367;0.0360254;0.05164033;0.5;1e-06;1e-06;6.622394e-06;1;1;1;0;1;1
8415825703;8415637191;2490378;-0.0060533243;0.0009103625;-0.002792934;0.15;4.8635417e-07;4.8027294e-07;3.9215027e-07;2490378;-0.0031601456;0.032700993;-0.008834765;0.4;0.00019565028;0.00061357074;1.2275437e-05;396809;0.06524732;0.035999477;0.051635068;0.5;1.0000027e-06;1e-06;6.622395e-06;1;1;1;0;1;1
8416835404;8416646541;2490378;-0.0060525415;0.0009145356;-0.0027546047;0.15;4.846421e-07;4.787177e-07;3.913712e-07;2490378;-0.0031601456;0.032700993;-0.008801425;0.4;0.00019574082;0.0006136598;1.2255367e-05;396809;0.065227464;0.035975132;0.05162867;0.5;1e-06;1e-06;6.622396e-06;1;1;1;0;1;1
8417844380;8417655891;2490378;-0.0060516475;0.00091809727;-0.0027260503;0.15;4.831101e-07;4.7741673e-07;3.912934e-07;2490378;-0.0031601456;0.032700993;-0.008769001;0.4;0.00019583137;0.00061374885;1.2229364e-05;396809;0.06520862;0.03595415;0.05162165;0.5;1.0000023e-06;1e-06;6.622411e-06;1;1;1;0;1;1
8418853938;8418665244;2490378;-0.0060500973;0.000920316;-0.0027065899;0.15;4.8169005e-07;4.762275e-07;3.9058324e-07;2490378;-0.0031601456;0.032700993;-0.008742883;0.4;0.00019592191;0.0006138379;1.2210278e-05;396809;0.06518941;0.035937056;0.05160836;0.5;1e-06;1e-06;6.622268e-06;1;1;1;0;1;1
8419299054;8419110542;2490378;-0.0060491427;0.0009232812;-0.0026959667;0.15;4.810965e-07;4.757341e-07;3.910202e-07;2490378;-0.0031601456;0.032700993;-0.008729268;0.4;0.00019596185;0.0006138772;1.2198795e-05;396809;0.0;0.0;0.0;0.5;0.0025000002;0.0025000002;0.0025000002;1;1;1;0;1;0
8419813835;8419625113;2490378;-0.0060542487;0.0009482769;-0.0026898202;0.15;4.804355e-07;4.751861e-07;3.952045e-07;2490378;-0.0031601456;0.032700993;-0.0087244855;0.4;0.00019600801;0.0006139226;1.2193572e-05;396809;-0.002053399;-0.0037909658;-0.0050726626;0.5;0.0015704521;0.001728167;0.0013659389;1;1;1;0;1;0
