timestamp;timestamp_sample;gyro_device_id;gyro_bias[0];gyro_bias[1];gyro_bias[2];gyro_bias_limit;gyro_bias_variance[0];gyro_bias_variance[1];gyro_bias_variance[2];accel_device_id;accel_bias[0];accel_bias[1];accel_bias[2];accel_bias_limit;accel_bias_variance[0];accel_bias_variance[1];accel_bias_variance[2];mag_device_id;mag_bias[0];mag_bias[1];mag_bias[2];mag_bias_limit;mag_bias_variance[0];mag_bias_variance[1];mag_bias_variance[2];gyro_bias_valid;gyro_bias_stable;accel_bias_valid;accel_bias_stable;mag_bias_valid;mag_bias_stable
7866814886;7866643320;4325386;0.0012914462;0.0024460221;0.0009282564;0.15;3.5990726e-07;2.0041114e-07;3.0540153e-07;4259850;0.033379342;0.17855091;-0.003061009;0.4;0.00018229733;0.0007776347;3.6664816e-05;396809;-0.05031062;0.029168978;-0.05614449;0.5;0.00056820974;0.00016450754;0.0005495422;1;1;1;1;1;1
7867822699;7867651184;4325386;0.0012949703;0.002443692;0.0009098748;0.15;3.6349357e-07;2.0384316e-07;3.0778708e-07;4259850;0.03347014;0.17870884;-0.0030557325;0.4;0.00018217736;0.00077671703;3.67382e-05;396809;-0.05049021;0.029254777;-0.055901952;0.5;0.0005681734;0.00016447146;0.0005494306;1;1;1;1;1;1
7869082769;7868911013;4325386;0.0012949574;0.0024436717;0.0008514517;0.15;3.7479842e-07;2.1514407e-07;3.1699898e-07;4259850;0.03347014;0.17870884;-0.0030624594;0.4;0.00018227994;0.0007768179;3.6839505e-05;396809;-0.03730228;0.021308249;-0.0635454;0.5;0.00029914113;0.00010195505;0.00029386347;1;0;1;0;1;0
7870054684;7869882881;4325386;0.0012950541;0.0024454887;0.00061277894;0.15;3.834838e-07;2.2384576e-07;3.247662e-07;4259850;0.03347014;0.17870884;-0.0031343584;0.4;0.00018235917;0.00077689585;3.691247e-05;396809;-0.029483706;0.013323722;-0.05268207;0.5;0.00010205699;5.4597498e-05;0.00010555549;1;0;1;0;1;0
7871026542;7870854750;4325386;0.0012947255;0.002447369;0.0004402317;0.15;3.920701e-07;2.3249392e-07;3.3242742e-07;4259850;0.03347014;0.17870884;-0.003179411;0.4;0.0001824383;0.00077697367;3.697707e-05;396809;-0.023354283;0.007609324;-0.0441612;0.5;6.7373694e-05;4.485084e-05;7.21953e-05;1;0;1;0;1;0
7872070487;7871898656;4325386;0.0012941915;0.0024497497;0.00031625116;0.15;4.011672e-07;2.4173187e-07;3.4045064e-07;4259850;0.03347014;0.17870884;-0.0032134098;0.4;0.00018252333;0.0007770573;3.701541e-05;396809;-0.018666642;0.0035996062;-0.036455464;0.5;5.225128e-05;3.9865736e-05;5.7609945e-05;1;0;1;0;1;0
7872970207;7872798534;4325386;0.0012956671;0.002452058;0.0002246333;0.15;4.0886755e-07;2.496299e-07;3.4723433e-07;4259850;0.03347014;0.17870884;-0.0032374451;0.4;0.00018259654;0.0007771293;3.700918e-05;396809;-0.015417675;-8.302107e-05;-0.030407336;0.5;4.4781154e-05;3.6783535e-05;4.9882434e-05;1;0;1;0;1;0
7874086094;7873914337;4325386;0.0012923392;0.00245405;0.0002351972;0.15;4.181813e-07;2.593234e-07;3.549081e-07;4259850;0.03347014;0.17870884;-0.0032414082;0.4;0.00018268735;0.00077721867;3.6938647e-05;396809;-0.012850444;-1.096029e-05;-0.02556276;0.5;3.9293136e-05;3.502112e-05;4.527612e-05;1;0;1;0;1;0
7874914018;7874742225;4325386;0.0012958074;0.0024562983;0.00021755951;0.15;4.2490797e-07;2.6644412e-07;3.6052248e-07;4259850;0.03347014;0.17870884;-0.0032785805;0.4;0.00018275483;0.000777285;3.6823403e-05;396809;-0.010626498;-0.0008222675;-0.021302959;0.5;3.5263158e-05;3.3851415e-05;4.135225e-05;1;0;1;0;1;0
7876029807;7875858121;4325386;0.0012951783;0.002458658;0.00023626456;0.15;4.3365628e-07;2.7589388e-07;3.681435e-07;4259850;0.03347014;0.17870884;-0.0033657046;0.4;0.00018284573;0.0007773744;3.651816e-05;396809;-0.008560108;-0.0030010894;-0.018079206;0.5;3.2476793e-05;3.2778233e-05;3.826094e-05;1;0;1;0;1;0
7877073733;7876901933;4325386;0.001293667;0.0024639866;0.00036576702;0.15;4.4152515e-07;2.8459024e-07;3.7525874e-07;4259850;0.03347014;0.17870884;-0.0034383333;0.4;0.00018293073;0.000777458;3.6112535e-05;396809;-0.003997271;-0.0027579705;-0.02078858;0.5;2.9065066e-05;3.1731575e-05;3.4700148e-05;1;0;1;0;1;0
7877901513;7877729821;4325386;0.0012915239;0.0024651773;0.000488072;0.15;4.47524e-07;2.913641e-07;3.8104477e-07;4259850;0.03347014;0.17870884;-0.0035115376;0.4;0.00018299812;0.0007775243;3.569325e-05;396809;0.0007626839;-0.0013710359;-0.024619618;0.5;2.6603164e-05;3.0243862e-05;3.2388234e-05;1;0;1;0;1;0
7878720434;7878548711;4325386;0.0012907233;0.0024655845;0.0005661733;0.15;4.5324612e-07;2.979622e-07;3.868567e-07;4259850;0.03347014;0.17870884;-0.0036509119;0.4;0.00018306483;0.0007775899;3.5326277e-05;396809;0.0027976083;-0.001619701;-0.025405278;0.5;2.4774292e-05;2.9709654e-05;3.0391448e-05;1;1;1;0;1;0
7879845352;7879673558;4325386;0.0012916946;0.0024690388;0.0006431601;0.15;4.6065418e-07;3.0680812e-07;3.9366236e-07;4259850;0.03347014;0.17870884;-0.0039369087;0.4;0.00018315636;0.00077767996;3.473135e-05;396809;0.0032579682;-0.002363136;-0.023365745;0.5;2.3566596e-05;2.9310911e-05;2.9046367e-05;1;1;1;0;1;0
7880961180;7880789407;4325386;0.0012904409;0.0024672963;0.00066388916;0.15;4.6750213e-07;3.1534367e-07;3.98226e-07;4259850;0.03347014;0.17870884;-0.0043834113;0.4;0.00018324729;0.0007777694;3.3951626e-05;396809;0.005671676;-0.0003131041;-0.019971874;0.5;2.2411368e-05;2.6916237e-05;2.8518292e-05;1;1;1;0;1;0
7882086011;7881914255;4325386;0.0012920421;0.0024717425;0.00068962434;0.15;4.7392638e-07;3.237069e-07;4.0193126e-07;4259850;0.03347014;0.17870884;-0.0048442404;0.4;0.00018333882;0.0007778595;3.317339e-05;396809;0.009047278;0.0032766869;-0.01686709;0.5;2.115131e-05;2.4446766e-05;2.8138784e-05;1;1;1;0;1;0
7883057917;7882886123;4325386;0.0012993703;0.0024708903;0.00071487186;0.15;4.790957e-07;3.3074176e-07;4.0534132e-07;4259850;0.03347014;0.17870884;-0.0052422564;0.4;0.00018341801;0.00077793736;3.2454136e-05;396809;0.011305526;0.0052495543;-0.0146835875;0.5;2.0386009e-05;2.278108e-05;2.7935885e-05;1;1;1;0;1;1
7883948790;7883777048;4325386;0.0012969505;0.0024727911;0.00072367233;0.15;4.8348386e-07;3.3699698e-07;4.0868042e-07;4259850;0.03347014;0.17870884;-0.0056842943;0.4;0.00018349047;0.00077800866;3.181572e-05;396809;0.013201012;0.0066422727;-0.012300985;0.5;1.9791165e-05;2.1460057e-05;2.7653738e-05;1;1;1;0;1;1
7885073643;7884901895;4325386;0.0013026278;0.0024786193;0.00077956734;0.15;4.8854434e-07;3.446551e-07;4.124212e-07;4259850;0.03347014;0.17870884;-0.006082915;0.4;0.00018358217;0.0007780989;3.1103053e-05;396809;0.015430099;0.008989193;-0.009991254;0.5;1.9070487e-05;2.0090425e-05;2.7370388e-05;1;1;1;0;1;1
7886045444;7885873715;4325386;0.001315894;0.0024720416;0.00080950063;0.15;4.92456e-07;3.5100416e-07;4.160022e-07;4259850;0.03347014;0.17870884;-0.0065659215;0.4;0.00018366132;0.0007781767;3.0387937e-05;396809;0.016805435;0.0095884465;-0.0086272955;0.5;1.8716171e-05;1.9009729e-05;2.7302995e-05;1;1;1;0;1;1
7887089340;7886917572;4325386;0.0013147516;0.0024811104;0.00089482556;0.15;4.961829e-07;3.5755622e-07;4.1880696e-07;4259850;0.03347014;0.17870884;-0.0068175597;0.4;0.0001837463;0.00077826035;3.001667e-05;396809;0.01893455;0.013033933;-0.006159538;0.5;1.7761868e-05;1.8252727e-05;2.6650972e-05;1;1;1;0;1;1
7887764290;7887592480;4325386;0.0013225593;0.0024787358;0.0009319627;0.15;4.982949e-07;3.6162103e-07;4.2074984e-07;4259850;0.03347014;0.17870884;-0.0071612266;0.4;0.00018380124;0.00077831437;2.958135e-05;396809;0.019788748;0.0143533265;-0.0046948567;0.5;1.7314895e-05;1.7987495e-05;2.62905e-05;1;1;1;0;1;1
7888736071;7888564346;4325386;0.001328357;0.0024749546;0.0009773826;0.15;5.008836e-07;3.672295e-07;4.230114e-07;4259850;0.03347014;0.17870884;-0.0074582123;0.4;0.00018388034;0.0007783922;2.9177985e-05;396809;0.020103207;0.0153713105;-0.0029087572;0.5;1.6615599e-05;1.7866516e-05;2.5610532e-05;1;1;1;0;1;1
7889743727;7889572207;4325386;0.0013306735;0.0024765416;0.0010712309;0.15;5.03178e-07;3.7283135e-07;4.2632044e-07;4259850;0.03347014;0.17870884;-0.0076553817;0.4;0.00018396242;0.0007784729;2.8752644e-05;396809;0.020514414;0.015229825;-0.0028541486;0.5;1.5906817e-05;1.7532751e-05;2.4798193e-05;1;1;1;0;1;1
7890679882;7890508079;4325386;0.001348446;0.002475295;0.001107443;0.15;5.046418e-07;3.776867e-07;4.30389e-07;4259850;0.03347014;0.17870884;-0.0077091185;0.4;0.00018403868;0.00077854795;2.8706336e-05;396809;0.020657405;0.014319952;-0.0023915393;0.5;1.5395502e-05;1.7207527e-05;2.39408e-05;1;1;1;0;1;1
7891723692;7891551936;4325386;0.0013398154;0.0024789525;0.0012010155;0.15;5.0564404e-07;3.8273942e-07;4.3154427e-07;4259850;0.03347014;0.17870884;-0.0077091185;0.4;0.00018412355;0.0007786315;2.879083e-05;396809;0.020802962;0.0158796;-0.0011046831;0.5;1.4846378e-05;1.699866e-05;2.3362123e-05;1;1;1;0;1;0
7892731352;7892559795;4325386;0.0013493531;0.0024774934;0.0012438177;0.15;5.0611123e-07;3.8731906e-07;4.3423177e-07;4259850;0.03347014;0.17870884;-0.008115147;0.4;0.00018420568;0.0007787122;2.837409e-05;396809;0.021162156;0.016277295;-0.0003598342;0.5;1.4682474e-05;1.6607573e-05;2.325597e-05;1;1;1;0;1;0
7893667474;7893495712;4325386;0.0013527004;0.0024780296;0.0012290563;0.15;5.0610817e-07;3.912862e-07;4.369161e-07;4259850;0.03347014;0.17870884;-0.00855336;0.4;0.00018428193;0.00077878725;2.7859049e-05;396809;0.021720897;0.016306726;0.0005222219;0.5;1.455968e-05;1.6222912e-05;2.3198527e-05;1;1;1;0;1;0
7894639293;7894467530;4325386;0.0013641814;0.0024864003;0.0012343002;0.15;5.0565546e-07;3.9508728e-07;4.3933804e-07;4259850;0.03347014;0.17870884;-0.009070601;0.4;0.00018436101;0.000778865;2.7334367e-05;396809;0.022420665;0.016893279;0.0011212855;0.5;1.4394774e-05;1.5861335e-05;2.3103818e-05;1;1;1;0;1;0
7895646961;7895475437;4325386;0.0013674628;0.0024845449;0.0012674779;0.15;5.0476126e-07;3.987214e-07;4.417993e-07;4259850;0.03347014;0.17870884;-0.009473096;0.4;0.0001844431;0.00077894574;2.6907755e-05;396809;0.023005001;0.017558645;0.0015570679;0.5;1.4240278e-05;1.555134e-05;2.3003653e-05;1;1;1;0;1;0
7896654993;7896483249;4325386;0.001374756;0.0024883747;0.0012457283;0.15;5.034694e-07;4.0203318e-07;4.4427296e-07;4259850;0.03347014;0.17870884;-0.009979028;0.4;0.00018452514;0.0007790265;2.643651e-05;396809;0.023654478;0.017795747;0.0020793378;0.5;1.4133269e-05;1.5233165e-05;2.2966942e-05;1;1;1;0;1;0
7897662581;7897491107;4325386;0.0013805642;0.0024912672;0.0012230601;0.15;5.017824e-07;4.050173e-07;4.4712823e-07;4259850;0.03347014;0.17870884;-0.010419777;0.4;0.00018460715;0.0007791072;2.5956904e-05;396809;0.024200205;0.01796963;0.002502792;0.5;1.4047464e-05;1.4965549e-05;2.2933442e-05;1;1;1;0;1;0
7898670852;7898498966;4325386;0.0013820832;0.0024979915;0.0012254962;0.15;4.9975074e-07;4.0768182e-07;4.4868116e-07;4259850;0.03347014;0.17870884;-0.010774481;0.4;0.00018468927;0.00077918795;2.55875e-05;396809;0.024201937;0.017778808;0.0031009133;0.5;1.390436e-05;1.4852691e-05;2.280706e-05;1;1;1;0;1;0
7900011548;7899839824;4325386;0.0014058584;0.0024885258;0.0013647203;0.15;4.967998e-07;4.109275e-07;4.5045937e-07;4259850;0.03347014;0.17870884;-0.011061987;0.4;0.00018479842;0.00077929534;2.5034751e-05;396809;0.025280382;0.018242024;0.0023816624;0.5;1.2998336e-05;1.4112071e-05;2.2255288e-05;1;1;1;0;1;0
7901064397;7900892628;4325386;0.0013956033;0.0024960607;0.001593806;0.15;4.9501267e-07;4.1373224e-07;4.525669e-07;4259850;0.03347014;0.17870884;-0.011074252;0.4;0.00018488416;0.0007793797;2.4597679e-05;396809;0.02933618;0.021867078;-0.00056667806;0.5;1.1539374e-05;1.2260933e-05;2.1604603e-05;1;1;1;0;1;0
7901955317;7901783502;4325386;0.0013924331;0.0025137619;0.0017591505;0.15;4.9378e-07;4.162442e-07;4.5581032e-07;4259850;0.03347014;0.17870884;-0.0110810865;0.4;0.00018495675;0.0007794511;2.427085e-05;396809;0.032246854;0.024682889;-0.0027931172;0.5;1.0523744e-05;1.09268985e-05;2.1132526e-05;1;1;1;0;1;1
7902477263;7902305428;4325386;0.0013921398;0.002501213;0.0018203404;0.15;4.933462e-07;4.1787064e-07;4.5793195e-07;4259850;0.03347014;0.17870884;-0.011069121;0.4;0.00018499927;0.0007794929;2.4079236e-05;396809;0.03299139;0.025199724;-0.0033779165;0.5;1.0198356e-05;1.0565983e-05;2.0940348e-05;1;1;1;0;1;1
7903484650;7903313285;4325386;0.0013950435;0.002514416;0.0018791188;0.15;4.9344084e-07;4.215201e-07;4.6109952e-07;4259850;0.033449933;0.17869592;-0.011127752;0.4;0.00018503943;0.00077954703;2.380631e-05;396809;0.033191673;0.025171638;-0.0035016434;0.5;9.926123e-06;1.0337048e-05;2.069386e-05;1;1;1;0;1;1
7904492592;7904321141;4325386;0.0013930026;0.0025044393;0.001881099;0.15;4.9285325e-07;4.2462256e-07;4.623227e-07;4259850;0.03344689;0.1786903;-0.011246587;0.4;0.00018512101;0.0007796253;2.3469429e-05;396809;0.032815423;0.02496787;-0.0030458593;0.5;9.835129e-06;1.0309407e-05;2.0607016e-05;1;1;1;0;1;1
7905500519;7905329044;4325386;0.0014126665;0.0025123018;0.0018059087;0.15;4.917989e-07;4.273011e-07;4.609388e-07;4259850;0.03344689;0.1786903;-0.011465994;0.4;0.00018520314;0.00077970605;2.3215482e-05;396809;0.03285689;0.025406858;-0.0025929583;0.5;9.646888e-06;1.0107402e-05;2.0397061e-05;1;1;1;0;1;1
7906661609;7906489830;4325386;0.0014222133;0.0025196597;0.0015760775;0.15;4.9004376e-07;4.2984504e-07;4.5934598e-07;4259850;0.03344689;0.1786903;-0.011865376;0.4;0.00018529758;0.000779799;2.2843209e-05;396809;0.03445632;0.026808584;-0.002995635;0.5;9.259517e-06;9.512006e-06;2.021801e-05;1;1;1;0;1;1
7907264583;7907092743;4325386;0.0014276088;0.0025232641;0.0014724911;0.15;4.892274e-07;4.3114593e-07;4.5890914e-07;4259850;0.03344689;0.1786903;-0.01207476;0.4;0.00018534674;0.0007798474;2.266417e-05;396809;0.03524426;0.027481824;-0.0032028407;0.5;9.087326e-06;9.246203e-06;2.0129022e-05;1;1;1;0;1;1
7908272120;7908100598;4325386;0.0014375248;0.0025293522;0.0013532974;0.15;4.878444e-07;4.331807e-07;4.586949e-07;4259850;0.03344689;0.1786903;-0.012391477;0.4;0.00018542878;0.00077992806;2.2344704e-05;396809;0.03584279;0.027934443;-0.003231298;0.5;8.9315e-06;9.000174e-06;2.0035877e-05;1;1;1;0;1;1
7909280279;7909108500;4325386;0.0014581735;0.0025215528;0.0012466696;0.15;4.864631e-07;4.3506245e-07;4.5826266e-07;4259850;0.03344689;0.1786903;-0.012659695;0.4;0.00018551087;0.0007800088;2.2099934e-05;396809;0.035921667;0.027524507;-0.002980757;0.5;8.83138e-06;8.78043e-06;1.9939844e-05;1;1;1;0;1;1
7910287885;7910116306;4325386;0.0014732004;0.0025181866;0.001159506;0.15;4.849492e-07;4.3671108e-07;4.5851453e-07;4259850;0.03344689;0.1786903;-0.012923608;0.4;0.00018559294;0.0007800895;2.1801638e-05;396809;0.036205947;0.027525513;-0.0028272327;0.5;8.7399885e-06;8.6083055e-06;1.985818e-05;1;1;1;0;1;1
7911295893;7911124159;4325386;0.0014708465;0.0025374293;0.0010793889;0.15;4.8396055e-07;4.3858972e-07;4.578365e-07;4259850;0.033357065;0.17854808;-0.013191701;0.4;0.00018566367;0.0007801365;2.1575812e-05;396809;0.036633484;0.027965074;-0.002524053;0.5;8.619062e-06;8.4510575e-06;1.9698362e-05;1;1;1;0;1;1
7912303606;7912132012;4325386;0.001501535;0.002537539;0.0010292847;0.15;4.823569e-07;4.39903e-07;4.5781886e-07;4259850;0.033357065;0.17854808;-0.013442215;0.4;0.00018574568;0.00078021723;2.1337566e-05;396809;0.036770925;0.027835218;-0.0024264208;0.5;8.544117e-06;8.299881e-06;1.9576231e-05;1;1;1;0;1;1
7913311645;7913139865;4325386;0.0015052883;0.0025307208;0.0010191624;0.15;4.8039027e-07;4.4082302e-07;4.5696487e-07;4259850;0.033357065;0.17854808;-0.013639573;0.4;0.00018582778;0.00078029797;2.1227299e-05;396809;0.03682329;0.027732957;-0.002050667;0.5;8.465831e-06;8.165982e-06;1.936737e-05;1;1;1;0;1;1
7914319274;7914147764;4325386;0.0015215054;0.0025339243;0.000988049;0.15;4.783995e-07;4.4162275e-07;4.5707014e-07;4259850;0.033357065;0.17854808;-0.013836765;0.4;0.00018590984;0.0007803787;2.1049313e-05;396809;0.036925174;0.027612405;-0.0018179055;0.5;8.412706e-06;8.057393e-06;1.924792e-05;1;1;1;0;1;1
7915327059;7915155568;4325386;0.0015265225;0.0025367467;0.0009206084;0.15;4.762068e-07;4.4214016e-07;4.5733364e-07;4259850;0.033357065;0.17854808;-0.014044899;0.4;0.00018599181;0.0007804593;2.082668e-05;396809;0.036816336;0.027285045;-0.001470141;0.5;8.362142e-06;8.0073105e-06;1.9185389e-05;1;1;1;0;1;1
7916334939;7916163419;4325386;0.0015343092;0.002544232;0.0009401581;0.15;4.7392285e-07;4.4251848e-07;4.5680852e-07;4259850;0.033357065;0.17854808;-0.014073932;0.4;0.00018607397;0.0007805401;2.0682362e-05;396809;0.03668057;0.026831036;-0.0013901677;0.5;8.1575145e-06;7.903744e-06;1.9001744e-05;1;1;1;0;1;1
7917199023;7917027339;4325386;0.0015450093;0.002529196;0.0010151719;0.15;4.721272e-07;4.429206e-07;4.5643367e-07;4259850;0.033357065;0.17854808;-0.014028603;0.4;0.00018614419;0.0007806092;2.0632504e-05;396809;0.037446823;0.026857961;-0.0020988502;0.5;7.780152e-06;7.6238557e-06;1.871388e-05;1;1;1;0;1;1
7918206673;7918035142;4325386;0.001550527;0.0025353136;0.0011070019;0.15;4.7054564e-07;4.43734e-07;4.5679096e-07;4259850;0.033357065;0.17854808;-0.013948401;0.4;0.00018622629;0.00078068994;2.0424151e-05;396809;0.038049005;0.027047561;-0.002474161;0.5;7.437852e-06;7.333407e-06;1.8645482e-05;1;1;1;0;1;1
7919214779;7919042991;4325386;0.0015525348;0.0025386375;0.0011912353;0.15;4.694063e-07;4.448184e-07;4.5659849e-07;4259850;0.033357065;0.17854808;-0.013885167;0.4;0.00018630833;0.0007807707;2.0201038e-05;396809;0.038410634;0.026996305;-0.002671788;0.5;7.2270377e-06;7.176583e-06;1.8601871e-05;1;1;1;0;1;1
7920222339;7920050840;4325386;0.001560861;0.0025362337;0.0012212769;0.15;4.6839156e-07;4.4587375e-07;4.5522097e-07;4259850;0.033357065;0.17854808;-0.013854822;0.4;0.0001863904;0.0007808514;2.0080131e-05;396809;0.03818355;0.026760727;-0.002376874;0.5;7.170977e-06;7.152044e-06;1.8496643e-05;1;1;1;0;1;1
7921230448;7921058689;4325386;0.0015711669;0.0025340961;0.001173432;0.15;4.6728118e-07;4.467218e-07;4.532026e-07;4259850;0.033357065;0.17854808;-0.013899128;0.4;0.00018647246;0.00078093214;1.9862195e-05;396809;0.03806823;0.026913516;-0.0020979068;0.5;7.1220766e-06;7.111508e-06;1.8445591e-05;1;1;1;0;1;1
7922733199;7922561509;4325386;0.001588834;0.0025438035;0.0008612363;0.15;4.6587965e-07;4.4791287e-07;4.5079565e-07;4259850;0.033357065;0.17854808;-0.013980765;0.4;0.00018659479;0.00078105245;1.9589721e-05;396809;0.03965506;0.028289815;-0.0024657452;0.5;6.8657737e-06;6.706058e-06;1.8284863e-05;1;1;1;0;1;1
7923399129;7923227365;4325386;0.0016062835;0.0025563466;0.00077315886;0.15;4.6547487e-07;4.4852467e-07;4.4928825e-07;4259850;0.033357065;0.17854808;-0.014057104;0.4;0.00018664906;0.00078110583;1.9464105e-05;396809;0.040424548;0.028933387;-0.002894564;0.5;6.718639e-06;6.5072877e-06;1.8138298e-05;1;1;1;0;1;1
7924892838;7924721182;4325386;0.001620681;0.002552134;0.0005492368;0.15;4.652324e-07;4.5033363e-07;4.4748566e-07;4259850;0.033357065;0.17854808;-0.014139581;0.4;0.00018677067;0.00078122545;1.9345718e-05;396809;0.041833986;0.030226342;-0.0024846944;0.5;6.4772e-06;6.1240817e-06;1.7823359e-05;1;1;1;0;1;1
7925720806;7925549008;4325386;0.0016322134;0.0025512793;0.00042939672;0.15;4.6518423e-07;4.5132558e-07;4.467202e-07;4259850;0.033357065;0.17854808;-0.014219817;0.4;0.00018683804;0.00078129175;1.9179182e-05;396809;0.042655;0.030737396;-0.002740509;0.5;6.3645307e-06;5.9318945e-06;1.774355e-05;1;1;1;0;1;1
7926692580;7926520907;4325386;0.0016470203;0.002553595;0.00032619553;0.15;4.6532037e-07;4.5257238e-07;4.4577266e-07;4259850;0.033357065;0.17854808;-0.014316877;0.4;0.00018691714;0.00078136957;1.9010975e-05;396809;0.043494787;0.031259313;-0.0029994375;0.5;6.2478202e-06;5.7279217e-06;1.7649305e-05;1;1;1;0;1;1
7927700234;7927528705;4325386;0.0016614206;0.0025569561;0.00023016779;0.15;4.6560854e-07;4.539357e-07;4.4527883e-07;4259850;0.033357065;0.17854808;-0.014425164;0.4;0.00018699931;0.00078145036;1.8820041e-05;396809;0.044211708;0.031628117;-0.0031908206;0.5;6.1511305e-06;5.542892e-06;1.7571789e-05;1;1;1;0;1;1
7928708348;7928536550;4325386;0.0016838203;0.002554781;7.484876e-05;0.15;4.6612806e-07;4.5542845e-07;4.4412684e-07;4259850;0.033357065;0.17854808;-0.014546595;0.4;0.00018708139;0.0007815311;1.8691682e-05;396809;0.04447478;0.031493217;-0.0029678158;0.5;6.102426e-06;5.3996796e-06;1.7524148e-05;1;1;1;0;1;1
7929715909;7929544395;4325386;0.0016811988;0.0025502667;5.5552733e-05;0.15;4.6663297e-07;4.5687426e-07;4.422449e-07;4259850;0.033357065;0.17854808;-0.014614254;0.4;0.00018716343;0.00078161183;1.8567162e-05;396809;0.044251792;0.03110314;-0.0025697288;0.5;6.0816187e-06;5.3516833e-06;1.746117e-05;1;1;1;0;1;1
7930724015;7930552239;4325386;0.001696453;0.0025567445;7.901263e-05;0.15;4.6669552e-07;4.5786254e-07;4.38726e-07;4259850;0.033357065;0.17854808;-0.014716134;0.4;0.00018724536;0.00078169245;1.8400931e-05;396809;0.04401839;0.030767513;-0.002222866;0.5;6.0221837e-06;5.330974e-06;1.7413446e-05;1;1;1;0;1;1
7931731602;7931560129;4325386;0.0017004857;0.0025647671;8.778674e-05;0.15;4.665769e-07;4.5866653e-07;4.369746e-07;4259850;0.033357065;0.17854808;-0.014789463;0.4;0.00018732745;0.0007817732;1.8224528e-05;396809;0.04388619;0.03048464;-0.0019401119;0.5;5.9974964e-06;5.302943e-06;1.7383285e-05;1;1;1;0;1;1
7932739656;7932567925;4325386;0.0017197236;0.0025450476;5.474101e-05;0.15;4.6640852e-07;4.5935064e-07;4.353713e-07;4259850;0.033357065;0.17854808;-0.014874565;0.4;0.00018740947;0.0007818539;1.8064395e-05;396809;0.04400703;0.03053463;-0.0015744258;0.5;5.973774e-06;5.2296014e-06;1.7323106e-05;1;1;1;0;1;1
7933747258;7933575767;4325386;0.0017176835;0.0025502022;2.3483613e-05;0.15;4.666274e-07;4.6033244e-07;4.3378873e-07;4259850;0.033357065;0.17854808;-0.014858909;0.4;0.00018749158;0.00078193465;1.810418e-05;396809;0.0438087;0.03044611;-0.00065461145;0.5;5.9439817e-06;5.192702e-06;1.7138731e-05;1;1;1;0;1;1
7934755414;7934583610;4325386;0.0017371196;0.0025393143;6.896807e-05;0.15;4.6612678e-07;4.6056633e-07;4.3095167e-07;4259850;0.033357065;0.17854808;-0.014918655;0.4;0.0001875737;0.00078201544;1.7948149e-05;396809;0.04369532;0.030259717;-0.00032375596;0.5;5.913455e-06;5.1809584e-06;1.7103795e-05;1;1;1;0;1;1
7935762916;7935591451;4325386;0.0017384196;0.0025407965;0.000106392356;0.15;4.6538943e-07;4.605378e-07;4.2900413e-07;4259850;0.033357065;0.17854808;-0.014972798;0.4;0.00018765578;0.0007820961;1.7781567e-05;396809;0.043630887;0.030096127;-9.1625676e-05;0.5;5.8877154e-06;5.1721945e-06;1.7082275e-05;1;1;1;0;1;1
7936770781;7936599339;4325386;0.0017505708;0.0025347052;0.00014294012;0.15;4.6455884e-07;4.6035214e-07;4.2736684e-07;4259850;0.033357065;0.17854808;-0.014994473;0.4;0.00018773784;0.00078217685;1.763045e-05;396809;0.043607052;0.030003514;0.000114209164;0.5;5.8703845e-06;5.1582383e-06;1.7058284e-05;1;1;1;0;1;1
7937778665;7937607132;4325386;0.0017612535;0.0025349646;0.00014698233;0.15;4.636472e-07;4.6003626e-07;4.25947e-07;4259850;0.033357065;0.17854808;-0.015055461;0.4;0.00018781977;0.00078225747;1.7468708e-05;396809;0.043962386;0.030272963;0.0002056939;0.5;5.837436e-06;5.0770946e-06;1.7005254e-05;1;1;1;0;1;1
7938498786;7938327018;4325386;0.0017681814;0.0025307478;0.00010231473;0.15;4.631202e-07;4.5988187e-07;4.254495e-07;4259850;0.033357065;0.17854808;-0.015070341;0.4;0.00018787835;0.00078231515;1.7365588e-05;396809;0.044756092;0.03082657;-8.4689265e-05;0.5;5.764779e-06;4.9474156e-06;1.6948776e-05;1;1;1;0;1;1
7939506386;7939334857;4325386;0.0017766391;0.002530706;2.0487e-05;0.15;4.6262468e-07;4.598595e-07;4.252977e-07;4259850;0.033357065;0.17854808;-0.015112681;0.4;0.00018796047;0.0007823959;1.7208073e-05;396809;0.045511317;0.031239998;-0.00030887642;0.5;5.7022344e-06;4.812534e-06;1.6898715e-05;1;1;1;0;1;1
7940514488;7940342696;4325386;0.0017887866;0.0025309254;9.840412e-06;0.15;4.6219952e-07;4.5984976e-07;4.238146e-07;4259850;0.033357065;0.17854808;-0.015140335;0.4;0.00018804251;0.0007824766;1.7065202e-05;396809;0.04566797;0.031266913;-0.00017167888;0.5;5.6864883e-06;4.7447365e-06;1.6863733e-05;1;1;1;0;1;1
7941522024;7941350535;4325386;0.0018033397;0.0025316332;-6.2969615e-05;0.15;4.6196064e-07;4.5999303e-07;4.2327514e-07;4259850;0.033357065;0.17854808;-0.015114047;0.4;0.00018812458;0.0007825573;1.696445e-05;396809;0.04568691;0.031222602;0.0003565081;0.5;5.678487e-06;4.6823334e-06;1.6812719e-05;1;1;1;0;1;1
7942530138;7942358420;4325386;0.001797147;0.0025237338;-6.1077946e-05;0.15;4.6140852e-07;4.598066e-07;4.21707e-07;4259850;0.033357065;0.17854808;-0.015138649;0.4;0.00018820664;0.00078263803;1.6826027e-05;396809;0.04580854;0.031239374;0.00053516525;0.5;5.66922e-06;4.6260357e-06;1.6780432e-05;1;1;1;0;1;1
7943537706;7943366210;4325386;0.0018038256;0.0025213112;-0.00012786355;0.15;4.6078404e-07;4.5952802e-07;4.210928e-07;4259850;0.033357065;0.17854808;-0.015120337;0.4;0.00018828858;0.00078271865;1.6728207e-05;396809;0.045837414;0.031193519;0.0010134769;0.5;5.6637273e-06;4.569487e-06;1.673825e-05;1;1;1;0;1;1
7944401861;7944230071;4325386;0.0018199196;0.0025347145;-0.0001526722;0.15;4.6024394e-07;4.5925495e-07;4.1985263e-07;4259850;0.033357065;0.17854808;-0.015145256;0.4;0.00018835888;0.00078278786;1.6709431e-05;396809;0.04595918;0.031465806;0.0020102842;0.5;5.6473173e-06;4.5214515e-06;1.6613138e-05;1;1;1;0;1;1
7945409386;7945237954;4325386;0.0018196679;0.0025156373;-0.00015689926;0.15;4.596128e-07;4.5888945e-07;4.1906594e-07;4259850;0.033357065;0.17854808;-0.0151889;0.4;0.000188441;0.0007828686;1.6575686e-05;396809;0.04603842;0.031416625;0.0020854285;0.5;5.6404374e-06;4.466376e-06;1.6585926e-05;1;1;1;0;1;1
7946417560;7946245743;4325386;0.0018361288;0.0025084;-0.00022484301;0.15;4.591088e-07;4.5863672e-07;4.177797e-07;4259850;0.033357065;0.17854808;-0.015233264;0.4;0.00018852315;0.0007829494;1.6469236e-05;396809;0.045966025;0.031192925;0.0023763657;0.5;5.6344397e-06;4.406566e-06;1.6552012e-05;1;1;1;0;1;1
7947425107;7947253579;4325386;0.0018278447;0.0025036898;-0.00033882147;0.15;4.5854014e-07;4.5831447e-07;4.1740105e-07;4259850;0.033357065;0.17854808;-0.015246614;0.4;0.0001886051;0.00078303;1.6400885e-05;396809;0.045927797;0.03102124;0.002915878;0.5;5.6259937e-06;4.3457762e-06;1.6498288e-05;1;1;1;0;1;1
7948433284;7948261414;4325386;0.0018322789;0.0024994065;-0.00029534893;0.15;4.583019e-07;4.5826854e-07;4.159038e-07;4259850;0.033075724;0.17799328;-0.015285013;0.4;0.0001886589;0.00078293734;1.631109e-05;396809;0.046070956;0.03122742;0.0036006197;0.5;5.6096155e-06;4.2951146e-06;1.6384942e-05;1;1;1;0;1;1
7949440697;7949269249;4325386;0.0018407985;0.0024902164;-0.00026471892;0.15;4.5751776e-07;4.576566e-07;4.151868e-07;4259850;0.033075724;0.17799328;-0.015321752;0.4;0.00018874093;0.000783018;1.618642e-05;396809;0.046168584;0.031198695;0.0037238677;0.5;5.60496e-06;4.2475226e-06;1.6358877e-05;1;1;1;0;1;1
7950448877;7950277130;4325386;0.0018540308;0.0024852864;-0.00030256173;0.15;4.568563e-07;4.5715885e-07;4.145317e-07;4259850;0.033075724;0.17799328;-0.015341402;0.4;0.000188823;0.00078309875;1.6077274e-05;396809;0.04677601;0.03153212;0.003946493;0.5;5.567837e-06;4.1411436e-06;1.6324417e-05;1;1;1;0;1;1
7951645567;7951473887;4325386;0.001861363;0.0024929866;-0.0002063261;0.15;4.5651257e-07;4.5700247e-07;4.1412474e-07;4259850;0.033075724;0.17799328;-0.0153786205;0.4;0.00018892049;0.0007831946;1.5998081e-05;396809;0.0484775;0.032544684;0.0031859626;0.5;5.3571503e-06;3.930619e-06;1.609498e-05;1;1;1;0;1;1
7952923182;7952751721;4325386;0.0018629315;0.0024851607;-0.00014873357;0.15;4.569309e-07;4.5762124e-07;4.1384126e-07;4259850;0.033075724;0.17799328;-0.015388737;0.4;0.00018902458;0.000783297;1.5837879e-05;396809;0.050281946;0.033559654;0.002698869;0.5;5.185485e-06;3.7342713e-06;1.603594e-05;1;1;1;0;1;1
7953931032;7953759506;4325386;0.0018866386;0.0024921873;-0.00022702751;0.15;4.576608e-07;4.5850967e-07;4.1371857e-07;4259850;0.033075724;0.17799328;-0.01541539;0.4;0.00018910666;0.00078337773;1.5784293e-05;396809;0.050466623;0.033609692;0.0030312166;0.5;5.139157e-06;3.6478132e-06;1.5960431e-05;1;1;1;0;1;1
7954938866;7954767338;4325386;0.0018938092;0.0024722798;-0.0001759071;0.15;4.584233e-07;4.5943221e-07;4.107056e-07;4259850;0.033075724;0.17799328;-0.015420783;0.4;0.0001891886;0.00078345835;1.5700834e-05;396809;0.05016487;0.033315834;0.0036490012;0.5;5.112359e-06;3.620403e-06;1.58805e-05;1;1;1;0;1;1
7955946679;7955775170;4325386;0.0018920647;0.0024675687;-0.00019559929;0.15;4.589128e-07;4.600723e-07;4.0777476e-07;4259850;0.033075724;0.17799328;-0.015400477;0.4;0.0001892707;0.0007835391;1.5630336e-05;396809;0.049813446;0.03297252;0.0041297325;0.5;5.054958e-06;3.6011825e-06;1.5830807e-05;1;1;1;0;1;1
7956954810;7956783001;4325386;0.0018890637;0.002462473;-0.0002183426;0.15;4.5927203e-07;4.6061598e-07;4.0452232e-07;4259850;0.033075724;0.17799328;-0.015363333;0.4;0.00018935272;0.0007836198;1.55952e-05;396809;0.049452033;0.032678153;0.0047977827;0.5;5.0037543e-06;3.5830346e-06;1.574186e-05;1;1;1;0;1;1
7957962420;7957790878;4325386;0.0019027313;0.0024467884;-0.00026828682;0.15;4.5945362e-07;4.6096548e-07;4.0252152e-07;4259850;0.033075724;0.17799328;-0.015329006;0.4;0.00018943482;0.00078370055;1.5560105e-05;396809;0.049119614;0.03245329;0.005419685;0.5;4.9550076e-06;3.5685525e-06;1.5661371e-05;1;1;1;0;1;1
7958889397;7958717675;4325386;0.0019002683;0.0024389871;-0.00035497677;0.15;4.5953144e-07;4.6121156e-07;4.002206e-07;4259850;0.033075724;0.17799328;-0.015329006;0.4;0.00018951026;0.00078377477;1.5635214e-05;396809;0.048714448;0.032348353;0.006392138;0.5;4.9029036e-06;3.556405e-06;1.5507538e-05;1;1;1;0;1;1
7959897177;7959725552;4325386;0.0019025032;0.002421128;-0.00038838063;0.15;4.595562e-07;4.614033e-07;3.9853688e-07;4259850;0.033075724;0.17799328;-0.01532521;0.4;0.00018959236;0.0007838555;1.5643478e-05;396809;0.048435997;0.032306124;0.007212992;0.5;4.8599904e-06;3.548289e-06;1.538732e-05;1;1;1;0;1;1
7960904854;7960733334;4325386;0.0019077595;0.0024082295;-0.0003849188;0.15;4.5952044e-07;4.6148133e-07;3.9672437e-07;4259850;0.033075724;0.17799328;-0.015325783;0.4;0.00018967438;0.0007839362;1.5724936e-05;396809;0.048222993;0.03232859;0.00804202;0.5;4.819664e-06;3.5427986e-06;1.5259915e-05;1;1;1;0;1;1
7961912761;7961741163;4325386;0.0019018638;0.0023974038;-0.00025586577;0.15;4.594589e-07;4.6143376e-07;3.936616e-07;4259850;0.033075724;0.17799328;-0.0153227495;0.4;0.00018975644;0.0007840169;1.577472e-05;396809;0.048140153;0.032437388;0.0089863995;0.5;4.785267e-06;3.5362832e-06;1.5056174e-05;1;1;1;0;1;1
7962920557;7962748991;4325386;0.0019041492;0.0023860917;-0.000187611;0.15;4.5939728e-07;4.6134926e-07;3.9205966e-07;4259850;0.033075724;0.17799328;-0.015319654;0.4;0.0001898385;0.00078409765;1.5685056e-05;396809;0.048090577;0.032329082;0.009149546;0.5;4.7627773e-06;3.5314733e-06;1.5033739e-05;1;1;1;0;1;1
7963928307;7963756821;4325386;0.0018902163;0.0023678325;-5.569549e-05;0.15;4.592383e-07;4.6115446e-07;3.8973326e-07;4259850;0.033075724;0.17799328;-0.015295922;0.4;0.00018992058;0.0007841784;1.5595051e-05;396809;0.048126943;0.03228276;0.00940644;0.5;4.744568e-06;3.5281614e-06;1.4986151e-05;1;1;1;0;1;1
7964936128;7964764693;4325386;0.0018982275;0.0023662904;2.7808868e-05;0.15;4.5898747e-07;4.60866e-07;3.8849944e-07;4259850;0.033075724;0.17799328;-0.0152532905;0.4;0.00019000251;0.000784259;1.5504638e-05;396809;0.048152667;0.032224175;0.009625093;0.5;4.723692e-06;3.525458e-06;1.4958168e-05;1;1;1;0;1;1
7965944049;7965772473;4325386;0.0018924996;0.002356769;6.272263e-05;0.15;4.5859917e-07;4.6043795e-07;3.868327e-07;4259850;0.033075724;0.17799328;-0.015161867;0.4;0.00019008458;0.0007843398;1.5393622e-05;396809;0.048142202;0.032142006;0.009776952;0.5;4.699536e-06;3.5228109e-06;1.4947726e-05;1;1;1;0;1;1
7966951879;7966780300;4325386;0.0018863011;0.002357354;6.657068e-05;0.15;4.5818564e-07;4.6000588e-07;3.8575834e-07;4259850;0.033075724;0.17799328;-0.015063762;0.4;0.00019016667;0.0007844205;1.5293237e-05;396809;0.04808711;0.03198185;0.009834068;0.5;4.6360524e-06;3.5151666e-06;1.4907782e-05;1;1;1;0;1;1
7967959674;7967788126;4325386;0.0018758777;0.0023279998;0.00013384162;0.15;4.5798242e-07;4.5981858e-07;3.838098e-07;4259850;0.033075724;0.17799328;-0.014990564;0.4;0.00019024871;0.00078450126;1.5225324e-05;396809;0.04830907;0.03188068;0.009604731;0.5;4.488403e-06;3.4790512e-06;1.4835831e-05;1;1;1;0;1;1
7968967475;7968795952;4325386;0.0018665579;0.0023431415;0.00018999624;0.15;4.5858937e-07;4.6042305e-07;3.8299808e-07;4259850;0.033075724;0.17799328;-0.014936113;0.4;0.00019033076;0.00078458193;1.5179846e-05;396809;0.04834333;0.031888932;0.009313142;0.5;4.2722595e-06;3.3830952e-06;1.4742189e-05;1;1;1;0;1;1
7969975244;7969803824;4325386;0.0018516461;0.0023339249;0.00031747055;0.15;4.5996856e-07;4.6180108e-07;3.822919e-07;4259850;0.033075724;0.17799328;-0.014829978;0.4;0.00019041283;0.00078466267;1.5081279e-05;396809;0.048931696;0.031993836;0.008970693;0.5;4.0828822e-06;3.2993432e-06;1.4710745e-05;1;1;1;0;1;1
7970983148;7970811602;4325386;0.0018403281;0.0023274575;0.00039526334;0.15;4.618326e-07;4.636746e-07;3.8238662e-07;4259850;0.033075724;0.17799328;-0.014737075;0.4;0.00019049487;0.0007847434;1.4972813e-05;396809;0.049126565;0.03185402;0.008855744;0.5;3.9978795e-06;3.269737e-06;1.4693519e-05;1;1;1;0;1;1
7971991005;7971819426;4325386;0.0018302974;0.0023180265;0.00046070965;0.15;4.63722e-07;4.655915e-07;3.8144924e-07;4259850;0.033075724;0.17799328;-0.014622013;0.4;0.00019057695;0.00078482414;1.4875307e-05;396809;0.049113158;0.031749927;0.008926687;0.5;3.9695037e-06;3.2617888e-06;1.4683643e-05;1;1;1;0;1;1
7972998821;7972827251;4325386;0.0018258188;0.0023097633;0.00047891194;0.15;4.653792e-07;4.67295e-07;3.8068436e-07;4259850;0.033075724;0.17799328;-0.014491553;0.4;0.00019065896;0.00078490487;1.4768345e-05;396809;0.049071208;0.031907674;0.0090929605;0.5;3.9582164e-06;3.2479788e-06;1.4664368e-05;1;1;1;0;1;1
7974006525;7973835074;4325386;0.0018198875;0.002303317;0.00044472364;0.15;4.6682885e-07;4.688002e-07;3.7918977e-07;4259850;0.033075724;0.17799328;-0.014306881;0.4;0.00019074108;0.0007849856;1.4672988e-05;396809;0.0491464;0.032200526;0.009215728;0.5;3.9388597e-06;3.2209791e-06;1.46418915e-05;1;1;1;0;1;1
7975014381;7974842945;4325386;0.0018146858;0.0022961257;0.00042973534;0.15;4.6805434e-07;4.7008757e-07;3.7876447e-07;4259850;0.033075724;0.17799328;-0.014101827;0.4;0.00019082312;0.00078506634;1.4569106e-05;396809;0.04911428;0.03227425;0.009343213;0.5;3.931151e-06;3.2136977e-06;1.4629774e-05;1;1;1;0;1;1
7976022245;7975850721;4325386;0.0018078435;0.0022923478;0.00045492352;0.15;4.6910094e-07;4.7118507e-07;3.7821658e-07;4259850;0.033075724;0.17799328;-0.013974654;0.4;0.00019090508;0.00078514696;1.4477113e-05;396809;0.04906031;0.032164577;0.009407171;0.5;3.9022984e-06;3.2048301e-06;1.4618298e-05;1;1;1;0;1;1
7977030023;7976858543;4325386;0.0018030271;0.0022831534;0.00050317455;0.15;4.7012526e-07;4.7224955e-07;3.7835295e-07;4259850;0.033075724;0.17799328;-0.01383776;0.4;0.00019098718;0.00078522775;1.4377386e-05;396809;0.049033653;0.032059956;0.009471447;0.5;3.8818393e-06;3.1980803e-06;1.4609504e-05;1;1;1;0;1;1
7978037909;7977866365;4325386;0.0017946447;0.0022781044;0.00052447186;0.15;4.7097396e-07;4.7311852e-07;3.7728785e-07;4259850;0.033075724;0.17799328;-0.013687963;0.4;0.0001910692;0.0007853084;1.4289736e-05;396809;0.04902663;0.032159474;0.009626386;0.5;3.8706303e-06;3.1879808e-06;1.4592724e-05;1;1;1;0;1;1
7979045735;7978874187;4325386;0.0017985636;0.002272814;0.00044862588;0.15;4.7165545e-07;4.73813e-07;3.7692607e-07;4259850;0.033075724;0.17799328;-0.0135014;0.4;0.0001911513;0.00078538916;1.4194559e-05;396809;0.04914627;0.032319266;0.009838234;0.5;3.856815e-06;3.1703394e-06;1.45752065e-05;1;1;1;0;1;1
7980053575;7979882056;4325386;0.0017941588;0.0022702815;0.00046562782;0.15;4.7227078e-07;4.744342e-07;3.7582407e-07;4259850;0.033075724;0.17799328;-0.0133497035;0.4;0.00019123332;0.0007854699;1.4140711e-05;396809;0.04916958;0.03249312;0.010096287;0.5;3.838233e-06;3.151193e-06;1.4504427e-05;1;1;1;0;1;1
7981061321;7980889830;4325386;0.0017913823;0.002251103;0.00041028822;0.15;4.7266627e-07;4.7483005e-07;3.7569643e-07;4259850;0.033075724;0.17799328;-0.0131525155;0.4;0.0001913154;0.0007855506;1.4069825e-05;396809;0.049261205;0.032585874;0.010396638;0.5;3.824877e-06;3.1341242e-06;1.447149e-05;1;1;1;0;1;1
7982069271;7981897650;4325386;0.0018043099;0.002252384;0.00041783505;0.15;4.729694e-07;4.750755e-07;3.7475536e-07;4259850;0.033075724;0.17799328;-0.013083556;0.4;0.0001913973;0.00078563124;1.4085824e-05;396809;0.049349822;0.032909304;0.011296794;0.5;3.7961909e-06;3.1196464e-06;1.4322541e-05;1;1;1;0;1;1
7983077012;7982905470;4325386;0.0018178261;0.0022535245;0.00039350174;0.15;4.7349485e-07;4.755157e-07;3.747142e-07;4259850;0.033075724;0.17799328;-0.012986602;0.4;0.0001914794;0.000785712;1.4047056e-05;396809;0.049322575;0.03290089;0.011616697;0.5;3.7834411e-06;3.1024872e-06;1.4263863e-05;1;1;1;0;1;1
7984084743;7983913290;4325386;0.0017972802;0.0022336403;0.00042862017;0.15;4.7355445e-07;4.754981e-07;3.7411192e-07;4259850;0.033075724;0.17799328;-0.012856879;0.4;0.00019156148;0.0007857927;1.4000589e-05;396809;0.049291216;0.032927025;0.011857301;0.5;3.7698985e-06;3.0864946e-06;1.4205719e-05;1;1;1;0;1;1
7985092623;7984921156;4325386;0.0018068491;0.002242935;0.00038149327;0.15;4.7364713e-07;4.7552493e-07;3.7439304e-07;4259850;0.033075724;0.17799328;-0.012739183;0.4;0.00019164359;0.00078587345;1.3947199e-05;396809;0.0493689;0.0329395;0.012215239;0.5;3.761662e-06;3.071965e-06;1.4179101e-05;1;1;1;0;1;1
7986100444;7985928928;4325386;0.0018049942;0.0022301713;0.00038717897;0.15;4.7352327e-07;4.7534152e-07;3.739909e-07;4259850;0.033075724;0.17799328;-0.012610754;0.4;0.00019172562;0.0007859541;1.3877838e-05;396809;0.049444806;0.033006202;0.012517687;0.5;3.7495822e-06;3.0574147e-06;1.41414575e-05;1;1;1;0;1;1
7987108222;7986936747;4325386;0.001805263;0.0022280877;0.0003645804;0.15;4.7320074e-07;4.7496374e-07;3.7428782e-07;4259850;0.033075724;0.17799328;-0.012466687;0.4;0.00019180769;0.00078603486;1.38014775e-05;396809;0.04949802;0.03299418;0.012740072;0.5;3.7421332e-06;3.0431406e-06;1.4120354e-05;1;1;1;0;1;1
7988116100;7987944565;4325386;0.0018087545;0.0022216607;0.00037942533;0.15;4.7276714e-07;4.7448748e-07;3.7400625e-07;4259850;0.033075724;0.17799328;-0.012338178;0.4;0.00019188973;0.0007861156;1.3735404e-05;396809;0.04956488;0.033009727;0.01293536;0.5;3.734129e-06;3.0290935e-06;1.41034e-05;1;1;1;0;1;1
7989123862;7988952382;4325386;0.001798596;0.002214244;0.0003715069;0.15;4.72231e-07;4.739154e-07;3.7435987e-07;4259850;0.033075724;0.17799328;-0.012206243;0.4;0.00019197182;0.0007861963;1.3662058e-05;396809;0.04963389;0.033007566;0.013107337;0.5;3.7281459e-06;3.0160668e-06;1.4094525e-05;1;1;1;0;1;1
7990122928;7989951201;4325386;0.0018163384;0.0022191813;0.00036732017;0.15;4.7163246e-07;4.7326503e-07;3.7396683e-07;4259850;0.033075724;0.17799328;-0.012186558;0.4;0.00019205302;0.00078627624;1.371722e-05;396809;0.04974637;0.033228233;0.014118805;0.5;3.7106395e-06;3.0007034e-06;1.3949515e-05;1;1;1;0;1;1
7991130548;7990959018;4325386;0.0018208405;0.0022022852;0.00038191036;0.15;4.710914e-07;4.7264945e-07;3.743148e-07;4259850;0.033075724;0.17799328;-0.012079495;0.4;0.00019213509;0.000786357;1.3679881e-05;396809;0.04970501;0.033182777;0.014372081;0.5;3.7021653e-06;2.9855967e-06;1.389597e-05;1;1;1;0;1;1
7992138596;7991966835;4325386;0.0018137883;0.0021953601;0.00030060572;0.15;4.70549e-07;4.7205097e-07;3.7423985e-07;4259850;0.033075724;0.17799328;-0.011997139;0.4;0.0001922172;0.0007864377;1.3643252e-05;396809;0.049645506;0.033009782;0.014815127;0.5;3.697382e-06;2.968862e-06;1.3851726e-05;1;1;1;0;1;1
7993146165;7992974698;4325386;0.0018079473;0.0021920267;0.00022914748;0.15;4.6975128e-07;4.7121281e-07;3.7472992e-07;4259850;0.033075724;0.17799328;-0.011861765;0.4;0.00019229927;0.00078651845;1.3582807e-05;396809;0.049612455;0.032869052;0.015153662;0.5;3.6944018e-06;2.9553719e-06;1.3830559e-05;1;1;1;0;1;1
7994153951;7993982467;4325386;0.0018181402;0.0021761032;0.00020092526;0.15;4.6911865e-07;4.705587e-07;3.751646e-07;4259850;0.033075724;0.17799328;-0.011749925;0.4;0.00019238131;0.0007865992;1.355705e-05;396809;0.049470793;0.032653674;0.015435173;0.5;3.6889046e-06;2.9495486e-06;1.3795121e-05;1;1;1;0;1;1
7995161808;7994990282;4325386;0.0018039185;0.002173683;0.00023372154;0.15;4.6851235e-07;4.6993034e-07;3.7492225e-07;4259850;0.033075724;0.17799328;-0.011652204;0.4;0.00019246334;0.00078667986;1.3508421e-05;396809;0.04941755;0.03253833;0.015649963;0.5;3.6695094e-06;2.9456771e-06;1.3765761e-05;1;1;1;0;1;1
7996169460;7995998097;4325386;0.001803684;0.0021680342;0.0002748093;0.15;4.6771433e-07;4.690977e-07;3.7536884e-07;4259850;0.033075724;0.17799328;-0.011538838;0.4;0.00019254541;0.0007867606;1.3477307e-05;396809;0.049409173;0.032518055;0.015952408;0.5;3.6570443e-06;2.9437815e-06;1.3720277e-05;1;1;1;0;1;1
7997177371;7997005912;4325386;0.0018063112;0.0021512578;0.00029935056;0.15;4.667625e-07;4.6808879e-07;3.7530572e-07;4259850;0.03299554;0.17781149;-0.01137477;0.4;0.00019261664;0.00078678614;1.3431305e-05;396809;0.049411;0.032494288;0.016273709;0.5;3.6533595e-06;2.9394957e-06;1.368259e-05;1;1;1;0;1;1
7998185282;7998013773;4325386;0.0018037558;0.0021417823;0.0002938862;0.15;4.6567106e-07;4.6694225e-07;3.7586085e-07;4259850;0.03299554;0.17781149;-0.011181983;0.4;0.00019269875;0.0007868669;1.3370341e-05;396809;0.049455445;0.032482672;0.016439795;0.5;3.6518254e-06;2.9333e-06;1.3676823e-05;1;1;1;0;1;1
7999193115;7999021540;4325386;0.0018036965;0.0021389793;0.00028450918;0.15;4.6455474e-07;4.6577625e-07;3.758941e-07;4259850;0.03299554;0.17781149;-0.010970769;0.4;0.00019278078;0.0007869476;1.3318111e-05;396809;0.049677767;0.032591667;0.016588628;0.5;3.6400209e-06;2.9126131e-06;1.3664513e-05;1;1;1;0;1;1
8000200906;8000029353;4325386;0.0018037474;0.002136176;0.00026783883;0.15;4.6367137e-07;4.6484664e-07;3.7648326e-07;4259850;0.03299554;0.17781149;-0.010736149;0.4;0.00019286282;0.00078702834;1.3258491e-05;396809;0.05044413;0.033055108;0.01650724;0.5;3.5850169e-06;2.851637e-06;1.3639706e-05;1;1;1;0;1;1
8000813061;8000641240;4325386;0.0018046485;0.0021305857;0.0002890251;0.15;4.6343357e-07;4.645817e-07;3.7612324e-07;4259850;0.03299554;0.17781149;-0.010595362;0.4;0.00019291253;0.00078707724;1.3221764e-05;396809;0.051288255;0.03355816;0.016250174;0.5;3.5208782e-06;2.7910103e-06;1.3619707e-05;1;1;1;0;1;1
8001820564;8001649053;4325386;0.0018041092;0.0021317662;0.00025461955;0.15;4.635719e-07;4.6468193e-07;3.7666274e-07;4259850;0.03299554;0.17781149;-0.010392434;0.4;0.0001929946;0.000787158;1.317035e-05;396809;0.05210727;0.03395941;0.016042447;0.5;3.456397e-06;2.724889e-06;1.3596959e-05;1;1;1;0;1;1
8002828725;8002656865;4325386;0.0018037928;0.002129997;0.00018308325;0.15;4.6401422e-07;4.6509078e-07;3.7652222e-07;4259850;0.03299554;0.17781149;-0.010176063;0.4;0.00019307667;0.0007872387;1.3111322e-05;396809;0.052410983;0.03407174;0.016137047;0.5;3.4283846e-06;2.685136e-06;1.3584924e-05;1;1;1;0;1;1
8003836176;8003664677;4325386;0.0018015555;0.002128565;0.00016728889;0.15;4.6441747e-07;4.654625e-07;3.765126e-07;4259850;0.03299554;0.17781149;-0.0099814525;0.4;0.0001931588;0.00078731944;1.3060252e-05;396809;0.052303363;0.03395413;0.016369298;0.5;3.423509e-06;2.6738594e-06;1.3578807e-05;1;1;1;0;1;1
8004844327;8004672536;4325386;0.0017947609;0.002119295;0.00016082359;0.15;4.6490538e-07;4.659229e-07;3.755932e-07;4259850;0.03299554;0.17781149;-0.009867515;0.4;0.00019324083;0.0007874002;1.3040781e-05;396809;0.05210405;0.033769272;0.016725808;0.5;3.4089355e-06;2.667714e-06;1.3538748e-05;1;1;1;0;1;1
8005851784;8005680300;4325386;0.001790058;0.0021172692;0.00013690222;0.15;4.651223e-07;4.6609287e-07;3.753566e-07;4259850;0.03299554;0.17781149;-0.0097574;0.4;0.00019332276;0.0007874808;1.3014083e-05;396809;0.05193709;0.03365927;0.017126353;0.5;3.3937017e-06;2.663382e-06;1.3485023e-05;1;1;1;0;1;1
8006859846;8006688111;4325386;0.0017851623;0.0021122282;0.00015729664;0.15;4.6516868e-07;4.6609514e-07;3.745716e-07;4259850;0.03299554;0.17781149;-0.00962604;0.4;0.00019340485;0.0007875615;1.2964843e-05;396809;0.05185645;0.033555854;0.017289605;0.5;3.3822655e-06;2.6602365e-06;1.347682e-05;1;1;1;0;1;1
8007867461;8007695922;4325386;0.0017762769;0.0021064554;0.00017373927;0.15;4.651095e-07;4.6599442e-07;3.7448294e-07;4259850;0.03299554;0.17781149;-0.009482589;0.4;0.00019348682;0.00078764214;1.290855e-05;396809;0.051804285;0.033481788;0.0174303;0.5;3.3726978e-06;2.6580421e-06;1.3470218e-05;1;1;1;0;1;1
8008875462;8008703732;4325386;0.0017691056;0.0021023543;0.00019337026;0.15;4.6497448e-07;4.6582014e-07;3.7384467e-07;4259850;0.03299554;0.17781149;-0.009356693;0.4;0.00019356898;0.00078772294;1.2860737e-05;396809;0.051768087;0.033417393;0.017562777;0.5;3.363448e-06;2.656206e-06;1.3463563e-05;1;1;1;0;1;1
8009883034;8009711590;4325386;0.0017599905;0.002088044;0.00020074678;0.15;4.6472854e-07;4.6553646e-07;3.7384777e-07;4259850;0.03299554;0.17781149;-0.00923256;0.4;0.00019365097;0.00078780355;1.2820895e-05;396809;0.05171956;0.03337688;0.017787302;0.5;3.3530462e-06;2.654863e-06;1.3435645e-05;1;1;1;0;1;1
8010890878;8010719352;4325386;0.001755631;0.0020730423;0.00013075532;0.15;4.644533e-07;4.6518943e-07;3.7385868e-07;4259850;0.03299554;0.17781149;-0.009185251;0.4;0.00019373305;0.0007878843;1.2864802e-05;396809;0.051490672;0.033228908;0.018360713;0.5;3.3384072e-06;2.6516013e-06;1.3325167e-05;1;1;1;0;1;1
8011898709;8011727161;4325386;0.0017564893;0.002072516;7.463243e-05;0.15;4.6424756e-07;4.6494185e-07;3.7346592e-07;4259850;0.03299554;0.17781149;-0.009106363;0.4;0.00019381517;0.000787965;1.2856468e-05;396809;0.051389135;0.03313274;0.018716833;0.5;3.3283702e-06;2.64878e-06;1.3265376e-05;1;1;1;0;1;1
8012906494;8012734970;4325386;0.0017475719;0.002068186;-1.5703163e-05;0.15;4.638011e-07;4.6448386e-07;3.7368585e-07;4259850;0.03299554;0.17781149;-0.009099264;0.4;0.00019389715;0.00078804576;1.2930772e-05;396809;0.051261436;0.033057213;0.019231653;0.5;3.3152216e-06;2.6465789e-06;1.3177327e-05;1;1;1;0;1;1
8013914263;8013742779;4325386;0.0017420432;0.0020600718;-5.8723e-05;0.15;4.6331618e-07;4.6399165e-07;3.7317398e-07;4259850;0.03299554;0.17781149;-0.009084986;0.4;0.00019397926;0.0007881265;1.29832e-05;396809;0.051139247;0.03305234;0.019822177;0.5;3.2997452e-06;2.6457906e-06;1.3087447e-05;1;1;1;0;1;1
8014922110;8014750634;4325386;0.0017411453;0.0020523549;-5.6991394e-05;0.15;4.6280147e-07;4.63424e-07;3.73135e-07;4259850;0.03299554;0.17781149;-0.009009161;0.4;0.00019406123;0.0007882071;1.29405835e-05;396809;0.05108243;0.03306672;0.02015183;0.5;3.289464e-06;2.6453142e-06;1.30440685e-05;1;1;1;0;1;1
8015929932;8015758395;4325386;0.0017362382;0.0020439895;6.548772e-05;0.15;4.6224898e-07;4.6280832e-07;3.7244058e-07;4259850;0.03299554;0.17781149;-0.008953518;0.4;0.00019414333;0.00078828784;1.2920203e-05;396809;0.051079642;0.033111747;0.020382417;0.5;3.2856522e-06;2.6432472e-06;1.299726e-05;1;1;1;0;1;1
8016937740;8016766203;4325386;0.0017258375;0.0020219467;0.00015983068;0.15;4.6162364e-07;4.6212648e-07;3.7254551e-07;4259850;0.03299554;0.17781149;-0.008896693;0.4;0.0001942254;0.0007883685;1.2878022e-05;396809;0.051080894;0.033125073;0.020500824;0.5;3.282785e-06;2.642596e-06;1.2970575e-05;1;1;1;0;1;1
8017945614;8017774010;4325386;0.0017239703;0.0020345803;0.00012090327;0.15;4.6101812e-07;4.6139436e-07;3.7203853e-07;4259850;0.03299554;0.17781149;-0.008892539;0.4;0.00019430747;0.00078844925;1.2952496e-05;396809;0.050854553;0.03311474;0.021365805;0.5;3.259042e-06;2.641449e-06;1.2793594e-05;1;1;1;0;1;1
8018953276;8018781817;4325386;0.0017197697;0.0020171006;9.670299e-05;0.15;4.604242e-07;4.606248e-07;3.7213258e-07;4259850;0.03299554;0.17781149;-0.008808306;0.4;0.00019438955;0.00078853;1.290972e-05;396809;0.050784826;0.033039987;0.021479612;0.5;3.2531025e-06;2.6403595e-06;1.2766819e-05;1;1;1;0;1;1
8019961080;8019789670;4325386;0.0017181571;0.0020161592;-7.2553615e-07;0.15;4.5975042e-07;4.5983015e-07;3.7171387e-07;4259850;0.03299554;0.17781149;-0.00878538;0.4;0.00019447147;0.0007886106;1.2947246e-05;396809;0.050678458;0.032903466;0.021764854;0.5;3.2456821e-06;2.6375503e-06;1.2697098e-05;1;1;1;0;1;1
8020968946;8020797430;4325386;0.0017150822;0.0020182377;-2.0606085e-06;0.15;4.5902914e-07;4.5906393e-07;3.7191975e-07;4259850;0.03299554;0.17781149;-0.0087338025;0.4;0.00019455353;0.00078869134;1.2955776e-05;396809;0.05062691;0.032874152;0.022020645;0.5;3.241234e-06;2.6355506e-06;1.264578e-05;1;1;1;0;1;1
8021976790;8021805236;4325386;0.0017114124;0.002004043;0.00013577528;0.15;4.5826505e-07;4.582783e-07;3.7159762e-07;4259850;0.03299554;0.17781149;-0.008710657;0.4;0.00019463564;0.0007887721;1.29940145e-05;396809;0.050606165;0.032905295;0.022389103;0.5;3.2376713e-06;2.6335515e-06;1.2568374e-05;1;1;1;0;1;1
8022984574;8022813042;4325386;0.0017013674;0.0019978725;0.00019627945;0.15;4.5748325e-07;4.5747436e-07;3.71991e-07;4259850;0.03299554;0.17781149;-0.008643458;0.4;0.0001947177;0.0007888528;1.2974754e-05;396809;0.05058985;0.032896884;0.022623383;0.5;3.2324094e-06;2.6320631e-06;1.2532875e-05;1;1;1;0;1;1
8023992304;8023820847;4325386;0.0017130757;0.0019901742;0.00019462175;0.15;4.566557e-07;4.566476e-07;3.7181738e-07;4259850;0.03299554;0.17781149;-0.008554001;0.4;0.00019479966;0.0007889334;1.2948431e-05;396809;0.050571807;0.03285425;0.022777107;0.5;3.2274904e-06;2.6312973e-06;1.2512242e-05;1;1;1;0;1;1
8025000220;8024828699;4325386;0.0017003937;0.0019861883;0.00024869546;0.15;4.5591233e-07;4.5591312e-07;3.722608e-07;4259850;0.03299554;0.17781149;-0.008461103;0.4;0.00019488185;0.0007890143;1.2929623e-05;396809;0.05056658;0.032855228;0.022940097;0.5;3.2235648e-06;2.6302885e-06;1.2488932e-05;1;1;1;0;1;1
8026007937;8025836457;4325386;0.0016940238;0.0019832535;0.0002758834;0.15;4.550257e-07;4.550417e-07;3.7208898e-07;4259850;0.03299554;0.17781149;-0.008348548;0.4;0.00019496375;0.00078909483;1.2881688e-05;396809;0.050572276;0.032841433;0.023023266;0.5;3.219447e-06;2.6302325e-06;1.2484669e-05;1;1;1;0;1;1
8027015771;8026844261;4325386;0.0016846252;0.0019794938;0.00030065217;0.15;4.5414066e-07;4.5417715e-07;3.7252676e-07;4259850;0.03299554;0.17781149;-0.008235983;0.4;0.00019504581;0.00078917557;1.2840817e-05;396809;0.05057159;0.03282345;0.023099834;0.5;3.214625e-06;2.6299085e-06;1.2479789e-05;1;1;1;0;1;1
8028023655;8027852066;4325386;0.0016773586;0.0019693824;0.00032141685;0.15;4.5331953e-07;4.5338535e-07;3.7251849e-07;4259850;0.03299554;0.17781149;-0.0080792885;0.4;0.0001951279;0.00078925636;1.2792618e-05;396809;0.05054676;0.032734964;0.023103476;0.5;3.1909542e-06;2.6187627e-06;1.2471037e-05;1;1;1;0;1;1
8029031357;8028859870;4325386;0.0016668913;0.0019653216;0.00036812018;0.15;4.5272526e-07;4.528267e-07;3.731401e-07;4259850;0.03299554;0.17781149;-0.007961268;0.4;0.00019520985;0.000789337;1.2751206e-05;396809;0.050561562;0.032644108;0.023074934;0.5;3.1668271e-06;2.6055786e-06;1.2460897e-05;1;1;1;0;1;1
8030039122;8029867721;4325386;0.0016555905;0.0019572114;0.0004103127;0.15;4.522123e-07;4.523565e-07;3.7289888e-07;4259850;0.03299554;0.17781149;-0.0078070574;0.4;0.00019529196;0.0007894177;1.2702641e-05;396809;0.05056247;0.032651618;0.023141937;0.5;3.1617506e-06;2.60381e-06;1.24559665e-05;1;1;1;0;1;1
8031047006;8030875477;4325386;0.0016536288;0.001955725;0.00029122946;0.15;4.5175406e-07;4.5195594e-07;3.729653e-07;4259850;0.03299554;0.17781149;-0.007710432;0.4;0.00019537398;0.00078949844;1.2711935e-05;396809;0.050623555;0.032626312;0.023540152;0.5;3.1540824e-06;2.592464e-06;1.2411275e-05;1;1;1;0;1;1
8032054870;8031883280;4325386;0.0016571588;0.0019440944;0.00036532056;0.15;4.5132512e-07;4.5161357e-07;3.724223e-07;4259850;0.03299554;0.17781149;-0.007608328;0.4;0.00019545604;0.0007895792;1.2721571e-05;396809;0.050602973;0.032840814;0.02384758;0.5;3.1343636e-06;2.5778243e-06;1.2324608e-05;1;1;1;0;1;1
8033062628;8032891083;4325386;0.0016448674;0.0019390718;0.0003536406;0.15;4.5091974e-07;4.5128695e-07;3.7273193e-07;4259850;0.03299956;0.17781499;-0.0075083035;0.4;0.00019553612;0.0007896578;1.2731733e-05;396809;0.050643444;0.032936666;0.024360225;0.5;3.1237205e-06;2.5713562e-06;1.22676865e-05;1;1;1;0;1;1
8034070360;8033898888;4325386;0.0016530016;0.0019492499;0.00032079415;0.15;4.504389e-07;4.5086236e-07;3.7245275e-07;4259850;0.03299956;0.17781499;-0.007384867;0.4;0.0001956182;0.0007897385;1.2713588e-05;396809;0.050691646;0.03295586;0.024639215;0.5;3.1182342e-06;2.5656805e-06;1.2246138e-05;1;1;1;0;1;1
8035078040;8034906735;4325386;0.0016428897;0.0019351735;0.00034381458;0.15;4.507215e-07;4.5118335e-07;3.7295135e-07;4259850;0.032961823;0.17772706;-0.0073103528;0.4;0.00019569429;0.0007897884;1.2745619e-05;396809;0.050588563;0.032975454;0.02517244;0.5;3.1090449e-06;2.562245e-06;1.2155509e-05;1;1;1;0;1;1
8036086049;8035914490;4325386;0.0016557471;0.0019000438;0.000368113;0.15;4.5041637e-07;4.5088e-07;3.7285923e-07;4259850;0.03296165;0.1777266;-0.007260464;0.4;0.00019577624;0.000789869;1.2798933e-05;396809;0.050503854;0.032971542;0.025711456;0.5;3.1026038e-06;2.556501e-06;1.2066007e-05;1;1;1;0;1;1
8037093794;8036922292;4325386;0.0016419382;0.001915145;0.00038142226;0.15;4.5053073e-07;4.5097266e-07;3.7344617e-07;4259850;0.032911874;0.1776086;-0.007176099;0.4;0.00019585049;0.0007899165;1.2803458e-05;396809;0.050535947;0.033064317;0.026163772;0.5;3.0932413e-06;2.5522793e-06;1.20071545e-05;1;1;1;0;1;1
8038101643;8037930093;4325386;0.0016398832;0.0018996408;0.00032892427;0.15;4.4993683e-07;4.5034898e-07;3.7331978e-07;4259850;0.032911874;0.1776086;-0.0070542675;0.4;0.00019593256;0.0007899972;1.2780124e-05;396809;0.050571617;0.03303577;0.026498737;0.5;3.0896183e-06;2.5458864e-06;1.1984464e-05;1;1;1;0;1;1
8039109415;8038937894;4325386;0.0016320759;0.0019089606;0.0003763803;0.15;4.493737e-07;4.497354e-07;3.7373678e-07;4259850;0.032911874;0.1776086;-0.007009581;0.4;0.00019601466;0.00079007796;1.2798877e-05;396809;0.05060495;0.033164453;0.026881397;0.5;3.0811407e-06;2.5407253e-06;1.191985e-05;1;1;1;0;1;1
8040117208;8039945742;4325386;0.0016358049;0.0019114318;0.00028956542;0.15;4.490673e-07;4.4939318e-07;3.7370518e-07;4259850;0.032911874;0.1776086;-0.0070032533;0.4;0.00019609669;0.0007901587;1.2866649e-05;396809;0.050522376;0.03305956;0.027756475;0.5;3.0729925e-06;2.5298293e-06;1.1816801e-05;1;1;1;0;1;1
8041124993;8040953496;4325386;0.0016453138;0.0018962851;0.00023400523;0.15;4.4889467e-07;4.491814e-07;3.742602e-07;4259850;0.032911874;0.1776086;-0.00693748;0.4;0.00019617873;0.0007902394;1.2857713e-05;396809;0.050538108;0.032999787;0.02806861;0.5;3.0661918e-06;2.519073e-06;1.1796138e-05;1;1;1;0;1;1
8042132850;8041961297;4325386;0.001625815;0.0018934271;0.00022972978;0.15;4.4860803e-07;4.4887594e-07;3.7437357e-07;4259850;0.032911874;0.1776086;-0.0068723466;0.4;0.00019626076;0.0007903201;1.28422635e-05;396809;0.050475977;0.032948572;0.028387252;0.5;3.0592214e-06;2.5102195e-06;1.1751109e-05;1;1;1;0;1;1
8043140457;8042969096;4325386;0.0016174008;0.0018935201;0.00016673998;0.15;4.4899116e-07;4.4925545e-07;3.7519706e-07;4259850;0.032858856;0.177482;-0.006834843;0.4;0.0001963332;0.0007903638;1.2840998e-05;396809;0.050392896;0.03282681;0.028928041;0.5;3.0535834e-06;2.501181e-06;1.1698768e-05;1;1;1;0;1;1
8044148585;8043976896;4325386;0.0016198988;0.0018803967;0.0001630512;0.15;4.501398e-07;4.503975e-07;3.7556813e-07;4259850;0.032775063;0.17729133;-0.006794531;0.4;0.00019641047;0.00079042016;1.284703e-05;396809;0.05039583;0.03279991;0.029365536;0.5;3.0487997e-06;2.4935414e-06;1.1660473e-05;1;1;1;0;1;1
8045156256;8044984742;4325386;0.0016232345;0.0018881289;0.00017822113;0.15;4.4939998e-07;4.4964904e-07;3.7624733e-07;4259850;0.032775063;0.17729133;-0.0067196228;0.4;0.00019649258;0.0007905009;1.2805068e-05;396809;0.05042046;0.032779936;0.029571503;0.5;3.0464403e-06;2.4873184e-06;1.1654815e-05;1;1;1;0;1;1
8046164313;8045992494;4325386;0.0016245941;0.001886894;0.00015979348;0.15;4.487586e-07;4.4900148e-07;3.7629988e-07;4259850;0.032775063;0.17729133;-0.006632468;0.4;0.00019657465;0.00079058163;1.2769812e-05;396809;0.05043784;0.032724015;0.029845774;0.5;3.0449687e-06;2.4800445e-06;1.1644074e-05;1;1;1;0;1;1
8047171775;8047000293;4325386;0.0016192351;0.001886305;0.00017273198;0.15;4.4731325e-07;4.4818054e-07;3.7662605e-07;4259850;0.032775063;0.17729133;-0.0065187695;0.4;0.00019665665;0.0007906623;1.2725344e-05;396809;0.050460916;0.032702565;0.030002711;0.5;3.0432766e-06;2.4738063e-06;1.1637683e-05;1;1;1;0;1;1
8048179930;8048008092;4325386;0.0016170759;0.0018854995;0.00022955882;0.15;4.4659325e-07;4.4747486e-07;3.7665464e-07;4259850;0.032775063;0.17729133;-0.006470258;0.4;0.00019673866;0.00079074304;1.2737792e-05;396809;0.05043632;0.032715686;0.030208731;0.5;3.0405124e-06;2.4678695e-06;1.1599828e-05;1;1;1;0;1;1
8049187371;8049015890;4325386;0.0016181874;0.0018809615;0.00023796299;0.15;4.4587748e-07;4.467873e-07;3.7725593e-07;4259850;0.032775063;0.17729133;-0.0063969167;0.4;0.00019682072;0.0007908238;1.269417e-05;396809;0.05044656;0.032675322;0.030421566;0.5;3.0393007e-06;2.46207e-06;1.1591192e-05;1;1;1;0;1;1
8050195438;8050023735;4325386;0.0016123583;0.0018796737;0.0002347319;0.15;4.451651e-07;4.460973e-07;3.7721938e-07;4259850;0.032775063;0.17729133;-0.0063097505;0.4;0.00019690268;0.0007909044;1.2656862e-05;396809;0.050468523;0.03263167;0.03060696;0.5;3.0383296e-06;2.4557742e-06;1.15879175e-05;1;1;1;0;1;1
8051202968;8051031486;4325386;0.0016129366;0.0018807722;0.00021000927;0.15;4.444758e-07;4.4542864e-07;3.7766398e-07;4259850;0.032775063;0.17729133;-0.006231263;0.4;0.0001969847;0.00079098507;1.2612157e-05;396809;0.050484486;0.032574907;0.030824693;0.5;3.0377755e-06;2.4493447e-06;1.1580773e-05;1;1;1;0;1;1
8052210834;8052039283;4325386;0.001610386;0.001878556;0.00030552817;0.15;4.4320225e-07;4.4469144e-07;3.7801442e-07;4259850;0.032775063;0.17729133;-0.0061402027;0.4;0.0001970668;0.0007910658;1.2595159e-05;396809;0.050499924;0.032643903;0.030982219;0.5;3.0357596e-06;2.4444992e-06;1.1541725e-05;1;1;1;0;1;1
8053218621;8053047080;4325386;0.0016164986;0.0018781628;0.0003796065;0.15;4.4252636e-07;4.440634e-07;3.7805904e-07;4259850;0.032775063;0.17729133;-0.0060629365;0.4;0.00019714887;0.00079114654;1.2592007e-05;396809;0.05050289;0.03266272;0.031217191;0.5;3.0343979e-06;2.4395492e-06;1.1507901e-05;1;1;1;0;1;1
8054226324;8054054877;4325386;0.0015995878;0.0018707927;0.00038001395;0.15;4.4194772e-07;4.4353138e-07;3.7857748e-07;4259850;0.032775063;0.17729133;-0.005962275;0.4;0.00019723097;0.00079122727;1.2553125e-05;396809;0.050507925;0.032628853;0.031403497;0.5;3.0339393e-06;2.4347173e-06;1.1497775e-05;1;1;1;0;1;1
8055234204;8055062721;4325386;0.0016115363;0.0018745809;0.0003650722;0.15;4.412728e-07;4.428997e-07;3.7843992e-07;4259850;0.032775063;0.17729133;-0.005848491;0.4;0.0001973129;0.0007913079;1.2506965e-05;396809;0.05050606;0.032561634;0.031609163;0.5;3.0337146e-06;2.429499e-06;1.1492955e-05;1;1;1;0;1;1
8056241988;8056070470;4325386;0.0016133117;0.0018791959;0.00031790748;0.15;4.4063074e-07;4.4229003e-07;3.7878257e-07;4259850;0.032775063;0.17729133;-0.005744878;0.4;0.00019739494;0.0007913886;1.2503555e-05;396809;0.050502356;0.032536782;0.03208207;0.5;3.0322653e-06;2.423992e-06;1.1453927e-05;1;1;1;0;1;1
8057249775;8057078265;4325386;0.001604546;0.0018693022;0.00031152618;0.15;4.3951897e-07;4.416121e-07;3.7840823e-07;4259850;0.032775063;0.17729133;-0.005641722;0.4;0.00019747701;0.00079146936;1.2477827e-05;396809;0.050451837;0.03248832;0.032271862;0.5;3.031457e-06;2.419098e-06;1.1431588e-05;1;1;1;0;1;1
8058257556;8058086061;4325386;0.001596386;0.001868768;0.0003001893;0.15;4.3889793e-07;4.4101813e-07;3.787338e-07;4259850;0.032775063;0.17729133;-0.005534386;0.4;0.00019755898;0.00079155;1.2439636e-05;396809;0.05045957;0.032453496;0.032421064;0.5;3.0308818e-06;2.4152291e-06;1.1427851e-05;1;1;1;0;1;1
8059265353;8059093857;4325386;0.0015931687;0.0018603905;0.00030644744;0.15;4.3830335e-07;4.4044683e-07;3.7823244e-07;4259850;0.032775063;0.17729133;-0.0054209977;0.4;0.00019764101;0.00079163065;1.2394977e-05;396809;0.050419964;0.032377098;0.032523453;0.5;3.0245412e-06;2.4137223e-06;1.142264e-05;1;1;1;0;1;1
8060273117;8060101699;4325386;0.0015910246;0.0018585916;0.0002946732;0.15;4.3774438e-07;4.399048e-07;3.7857882e-07;4259850;0.032775063;0.17729133;-0.005326585;0.4;0.0001977231;0.0007917114;1.2357881e-05;396809;0.05050747;0.032395877;0.0326396;0.5;3.0216452e-06;2.4059782e-06;1.141942e-05;1;1;1;0;1;1
8061281002;8061109448;4325386;0.0015834501;0.0018734381;0.00024179695;0.15;4.370391e-07;4.3953568e-07;3.7828787e-07;4259850;0.032775063;0.17729133;-0.0052451766;0.4;0.00019780516;0.0007917921;1.2333997e-05;396809;0.05111125;0.032724388;0.03294147;0.5;2.9918035e-06;2.3686014e-06;1.1392724e-05;1;1;1;0;1;1
8062288807;8062117241;4325386;0.0015894755;0.0018695238;0.00023235795;0.15;4.3715315e-07;4.3965755e-07;3.7868548e-07;4259850;0.032775063;0.17729133;-0.0051404806;0.4;0.00019788726;0.00079187285;1.2297844e-05;396809;0.051914822;0.03311728;0.032713782;0.5;2.939522e-06;2.320207e-06;1.1380091e-05;1;1;1;0;1;1
8063296573;8063125035;4325386;0.0015808581;0.0018786069;0.00022572809;0.15;4.376648e-07;4.4016537e-07;3.7847843e-07;4259850;0.032775063;0.17729133;-0.0050723674;0.4;0.00019796922;0.00079195347;1.2282712e-05;396809;0.052405808;0.033389404;0.032728545;0.5;2.9089779e-06;2.2876507e-06;1.1352889e-05;1;1;1;0;1;0
8064304268;8064132829;4325386;0.0015797268;0.0018699912;0.00011970616;0.15;4.3838943e-07;4.4087085e-07;3.785545e-07;4259850;0.032775063;0.17729133;-0.0050321356;0.4;0.00019805125;0.0007920342;1.2274912e-05;396809;0.05233205;0.033327404;0.033086423;0.5;2.8985353e-06;2.2730103e-06;1.1311224e-05;1;1;1;0;1;0
8065312185;8065140670;4325386;0.0015974032;0.0018583296;0.0001348909;0.15;4.3936075e-07;4.4181894e-07;3.7752844e-07;4259850;0.032775063;0.17729133;-0.004957788;0.4;0.00019813332;0.00079211494;1.2253885e-05;396809;0.052215017;0.033236578;0.033305347;0.5;2.8861048e-06;2.2679942e-06;1.128813e-05;1;1;1;0;1;0
8066319970;8066148416;4325386;0.0015863787;0.0018539521;0.0001701081;0.15;4.3968518e-07;4.4235168e-07;3.7672297e-07;4259850;0.032775063;0.17729133;-0.0048878924;0.4;0.0001982154;0.0007921957;1.22187785e-05;396809;0.05219648;0.03314674;0.033329815;0.5;2.8608333e-06;2.2614831e-06;1.1278221e-05;1;1;1;0;1;0
8067327749;8067156209;4325386;0.0015870569;0.0018455413;0.00012513268;0.15;4.409139e-07;4.4357114e-07;3.7585423e-07;4259850;0.032775063;0.17729133;-0.0048421337;0.4;0.00019829735;0.0007922763;1.222581e-05;396809;0.052074444;0.0330635;0.033665475;0.5;2.8525162e-06;2.257118e-06;1.1229455e-05;1;1;1;0;1;0
8068335489;8068164002;4325386;0.0015782166;0.0018660659;8.599289e-05;0.15;4.4143343e-07;4.4407832e-07;3.759264e-07;4259850;0.032775063;0.17729133;-0.0047674337;0.4;0.0001983794;0.00079235696;1.219271e-05;396809;0.052118737;0.033104967;0.033850804;0.5;2.850405e-06;2.2489985e-06;1.1220356e-05;1;1;1;0;1;0
8069343273;8069171794;4325386;0.0015736044;0.0018577465;4.427441e-05;0.15;4.4189267e-07;4.4452025e-07;3.7540266e-07;4259850;0.032775063;0.17729133;-0.0046938513;0.4;0.00019846145;0.0007924377;1.2153379e-05;396809;0.052129604;0.03310598;0.033962037;0.5;2.848441e-06;2.2406161e-06;1.1216715e-05;1;1;1;0;1;0
8070351072;8070179634;4325386;0.001577235;0.0018539293;2.3665449e-05;0.15;4.4227636e-07;4.4488263e-07;3.753052e-07;4259850;0.032775063;0.17729133;-0.0045834784;0.4;0.00019854355;0.00079251843;1.21209905e-05;396809;0.05209553;0.033072375;0.034065228;0.5;2.8468012e-06;2.2367665e-06;1.1214529e-05;1;1;1;0;1;0
8071358896;8071187379;4325386;0.001576736;0.0018420977;7.073765e-05;0.15;4.429293e-07;4.4547443e-07;3.7436928e-07;4259850;0.032775063;0.17729133;-0.0045078415;0.4;0.00019862564;0.00079259917;1.2095519e-05;396809;0.052074935;0.033001486;0.03414042;0.5;2.83062e-06;2.233338e-06;1.1161439e-05;1;1;1;0;1;0
8072366685;8072195171;4325386;0.0015769758;0.0018360141;8.805432e-05;0.15;4.4297028e-07;4.4566337e-07;3.741521e-07;4259850;0.032775063;0.17729133;-0.0044364617;0.4;0.00019870757;0.0007926798;1.2062903e-05;396809;0.052062407;0.032979447;0.034246102;0.5;2.8274583e-06;2.2308247e-06;1.1152792e-05;1;1;1;0;1;0
8073374568;8073202962;4325386;0.0015793327;0.0018503971;7.0661976e-05;0.15;4.4333459e-07;4.4598312e-07;3.7378786e-07;4259850;0.032775063;0.17729133;-0.004373969;0.4;0.00019878961;0.0007927605;1.2064796e-05;396809;0.052382052;0.033210482;0.034550548;0.5;2.816329e-06;2.2141141e-06;1.1131841e-05;1;1;1;0;1;1
8074382250;8074210753;4325386;0.0015905523;0.0018302123;4.0981562e-05;0.15;4.4390927e-07;4.4649877e-07;3.7411542e-07;4259850;0.032775063;0.17729133;-0.004266482;0.4;0.0001988717;0.00079284125;1.2033661e-05;396809;0.052874234;0.03348345;0.03435624;0.5;2.7813294e-06;2.1827277e-06;1.1114835e-05;1;1;1;0;1;1
8075390058;8075218592;4325386;0.0015783056;0.0018489473;6.459582e-05;0.15;4.4497784e-07;4.474827e-07;3.7390814e-07;4259850;0.032720577;0.17717588;-0.004226159;0.4;0.00019894943;0.00079290255;1.2049074e-05;396809;0.053408418;0.033845335;0.034380708;0.5;2.7443532e-06;2.1520639e-06;1.1054735e-05;1;1;1;0;1;1
8076397855;8076226335;4325386;0.0015902019;0.0018357574;3.9280258e-05;0.15;4.4619887e-07;4.485954e-07;3.742637e-07;4259850;0.032720577;0.17717588;-0.0041981563;0.4;0.00019903148;0.0007929832;1.2064652e-05;396809;0.053849112;0.034093615;0.034658242;0.5;2.7128394e-06;2.1252326e-06;1.09759285e-05;1;1;1;0;1;1
8077405630;8077234126;4325386;0.0016044063;0.0018431232;0.00011012221;0.15;4.472247e-07;4.496035e-07;3.7393386e-07;4259850;0.032720577;0.17717588;-0.0041843085;0.4;0.00019911358;0.00079306395;1.2080776e-05;396809;0.054356657;0.0344804;0.035018373;0.5;2.6839116e-06;2.0999403e-06;1.09284465e-05;1;1;1;0;1;1
8078413415;8078241916;4325386;0.0016011591;0.0018485748;0.00013841789;0.15;4.4862216e-07;4.5084929e-07;3.7442572e-07;4259850;0.032720577;0.17717588;-0.004184757;0.4;0.00019919557;0.0007931446;1.2123198e-05;396809;0.05454001;0.034639955;0.03481303;0.5;2.6516452e-06;2.0774203e-06;1.0844836e-05;1;1;1;0;1;1
8079421239;8079249706;4325386;0.0016069453;0.0018462006;7.4619165e-05;0.15;4.502215e-07;4.5232005e-07;3.7419056e-07;4259850;0.032720577;0.17717588;-0.004210276;0.4;0.0001992776;0.0007932253;1.21265875e-05;396809;0.054890882;0.034854475;0.035222355;0.5;2.6230662e-06;2.0526384e-06;1.0814834e-05;1;1;1;0;1;1
8080429040;8080257543;4325386;0.0016082871;0.001845406;-1.4940108e-05;0.15;4.5192243e-07;4.539134e-07;3.7454683e-07;4259850;0.032720577;0.17717588;-0.0042273146;0.4;0.00019935968;0.00079330604;1.2130294e-05;396809;0.055082526;0.034951523;0.035329413;0.5;2.5922495e-06;2.0328225e-06;1.0769796e-05;1;1;1;0;1;1
8081436791;8081265285;4325386;0.0016055537;0.0018487129;-5.042553e-05;0.15;4.536027e-07;4.554882e-07;3.7438264e-07;4259850;0.032720577;0.17717588;-0.0042648274;0.4;0.00019944162;0.00079338666;1.2095524e-05;396809;0.055331934;0.03508874;0.035386276;0.5;2.5645684e-06;2.013183e-06;1.0755593e-05;1;1;1;0;1;1
8082444607;8082273074;4325386;0.001608002;0.0018460877;-0.00015587667;0.15;4.5516873e-07;4.5702419e-07;3.7464054e-07;4259850;0.032720577;0.17717588;-0.0042733117;0.4;0.00019952371;0.0007934674;1.210586e-05;396809;0.05551782;0.035206832;0.035685286;0.5;2.533964e-06;1.9951513e-06;1.0675822e-05;1;1;1;0;1;1
8083452442;8083280863;4325386;0.0016101656;0.0018429009;-0.00027521525;0.15;4.5692735e-07;4.5869842e-07;3.744721e-07;4259850;0.032720577;0.17717588;-0.0042733117;0.4;0.00019960577;0.0007935481;1.2187584e-05;396809;0.055765387;0.035366435;0.036128316;0.5;2.5006234e-06;1.9768754e-06;1.0600217e-05;1;1;1;0;1;1
8084460171;8084288652;4325386;0.0016124524;0.0018444839;-0.00026215755;0.15;4.5881833e-07;4.605116e-07;3.749957e-07;4259850;0.032720577;0.17717588;-0.0042524072;0.4;0.00019968786;0.0007936288;1.2193907e-05;396809;0.056065068;0.035507362;0.03623398;0.5;2.4752876e-06;1.961852e-06;1.0574673e-05;1;1;1;0;1;1
8085467924;8085296487;4325386;0.0016169004;0.0018469136;-0.00012444612;0.15;4.6056684e-07;4.6215197e-07;3.748704e-07;4259850;0.032720577;0.17717588;-0.0042140125;0.4;0.0001997698;0.0007937094;1.2213196e-05;396809;0.0564094;0.03567084;0.036331892;0.5;2.4506717e-06;1.9475845e-06;1.0518771e-05;1;1;1;0;1;1
8086475749;8086304229;4325386;0.0016152061;0.0018532772;-0.00015020938;0.15;4.625575e-07;4.6402099e-07;3.7539897e-07;4259850;0.032720577;0.17717588;-0.0041858703;0.4;0.00019985189;0.00079379015;1.2220603e-05;396809;0.056663513;0.035825882;0.03655688;0.5;2.4259132e-06;1.9339582e-06;1.0489066e-05;1;1;1;0;1;1
8087483806;8087312017;4325386;0.0016140422;0.0018549794;-0.0001271583;0.15;4.6412663e-07;4.6546705e-07;3.7523847e-07;4259850;0.032720577;0.17717588;-0.004117483;0.4;0.00019993396;0.0007938709;1.2197044e-05;396809;0.056907624;0.035950784;0.036543127;0.5;2.4005722e-06;1.9207832e-06;1.0452297e-05;1;1;1;0;1;1
8088491293;8088319805;4325386;0.0016176036;0.0018546598;-0.00012816284;0.15;4.6573768e-07;4.669567e-07;3.7567906e-07;4259850;0.032720577;0.17717588;-0.004033291;0.4;0.000200016;0.0007939516;1.216766e-05;396809;0.05711262;0.03607073;0.03657901;0.5;2.3780574e-06;1.9093013e-06;1.04414e-05;1;1;1;0;1;1
8089499345;8089327592;4325386;0.0016190921;0.001849515;-0.00015705446;0.15;4.672651e-07;4.6837135e-07;3.7547585e-07;4259850;0.032720577;0.17717588;-0.0039420077;0.4;0.00020009799;0.00079403224;1.2156586e-05;396809;0.057323724;0.03621101;0.036671437;0.5;2.3530965e-06;1.8976599e-06;1.0427551e-05;1;1;1;0;1;1
8090506899;8090335427;4325386;0.0016204048;0.0018523675;-0.00017094512;0.15;4.6871358e-07;4.6971874e-07;3.75855e-07;4259850;0.032720577;0.17717588;-0.0038388835;0.4;0.00020018003;0.000794113;1.2127011e-05;396809;0.05753156;0.036341656;0.036723036;0.5;2.3308673e-06;1.8874579e-06;1.0419826e-05;1;1;1;0;1;1
8091514913;8091343167;4325386;0.0016206554;0.0018544265;-0.00012039283;0.15;4.7005386e-07;4.7097095e-07;3.7552715e-07;4259850;0.032720577;0.17717588;-0.0037372594;0.4;0.00020026197;0.0007941936;1.21034545e-05;396809;0.05785066;0.036515806;0.0369571;0.5;2.310358e-06;1.8763521e-06;1.0412922e-05;1;1;1;0;1;1
8092522465;8092350954;4325386;0.001621191;0.0018558883;-6.8922636e-05;0.15;4.7130564e-07;4.7216025e-07;3.7570854e-07;4259850;0.032720577;0.17717588;-0.0036237978;0.4;0.000200344;0.0007942743;1.2073895e-05;396809;0.05814888;0.036686406;0.037149083;0.5;2.2923443e-06;1.8665448e-06;1.0410329e-05;1;1;1;0;1;1
8093530572;8093358740;4325386;0.001625807;0.0018594229;-4.2734926e-05;0.15;4.723697e-07;4.7312014e-07;3.751559e-07;4259850;0.032720577;0.17717588;-0.003557396;0.4;0.00020042602;0.000794355;1.20875475e-05;396809;0.058318447;0.03679919;0.037029468;0.5;2.2708466e-06;1.8577123e-06;1.0340935e-05;1;1;1;0;1;1
8094537984;8094366527;4325386;0.0016343204;0.001859615;-7.318408e-05;0.15;4.7337457e-07;4.740682e-07;3.7547164e-07;4259850;0.032720577;0.17717588;-0.0035081245;0.4;0.00020050809;0.00079443573;1.2101331e-05;396809;0.0583182;0.036846895;0.03685427;0.5;2.250753e-06;1.8508606e-06;1.027781e-05;1;1;1;0;1;1
8095546001;8095374360;4325386;0.0016427662;0.0018583396;-0.000115972885;0.15;4.742273e-07;4.7486233e-07;3.7534247e-07;4259850;0.032720577;0.17717588;-0.0034313085;0.4;0.00020059003;0.00079451635;1.2077458e-05;396809;0.05828461;0.036888402;0.03675271;0.5;2.2301952e-06;1.8440605e-06;1.02214835e-05;1;1;1;0;1;1
8096553640;8096382100;4325386;0.0016506873;0.0018577765;-0.00016198534;0.15;4.7494763e-07;4.7552928e-07;3.759978e-07;4259850;0.032720577;0.17717588;-0.0034281744;0.4;0.00020067206;0.0007945971;1.2152938e-05;396809;0.058218546;0.03691427;0.036725387;0.5;2.211452e-06;1.838313e-06;1.0161227e-05;1;1;1;0;1;1
8097561496;8097389886;4325386;0.0016607253;0.001854465;-0.00019314273;0.15;4.7552123e-07;4.7605914e-07;3.7681124e-07;4259850;0.032720577;0.17717588;-0.0034187369;0.4;0.00020075413;0.0007946778;1.2228295e-05;396809;0.058171585;0.0369253;0.036741845;0.5;2.1942335e-06;1.8327671e-06;1.0105296e-05;1;1;1;0;1;1
8098569166;8098397671;4325386;0.0016684989;0.0018506044;-0.00014900211;0.15;4.7594932e-07;4.7643115e-07;3.771707e-07;4259850;0.032720577;0.17717588;-0.0033738133;0.4;0.00020083608;0.00079475844;1.2258446e-05;396809;0.058209665;0.03692874;0.036929604;0.5;2.178696e-06;1.8259761e-06;1.006055e-05;1;1;1;0;1;1
8099577016;8099405457;4325386;0.0016644092;0.0018514876;-0.00015512049;0.15;4.7620108e-07;4.7655254e-07;3.7792535e-07;4259850;0.032720577;0.17717588;-0.0032914872;0.4;0.00020091815;0.0007948392;1.22301435e-05;396809;0.058284767;0.036985494;0.037190888;0.5;2.1642322e-06;1.8186788e-06;1.0030609e-05;1;1;1;0;1;1
8100584785;8100413290;4325386;0.0016664203;0.001850384;-0.00013669436;0.15;4.7634646e-07;4.7665915e-07;3.7807604e-07;4259850;0.032720577;0.17717588;-0.0031882736;0.4;0.00020100022;0.0007949199;1.2195325e-05;396809;0.058375213;0.037028912;0.037363075;0.5;2.1506028e-06;1.8114094e-06;1.0017743e-05;1;1;1;0;1;1
8101592505;8101421028;4325386;0.0016696957;0.0018440573;-9.3799856e-05;0.15;4.7635888e-07;4.7661413e-07;3.7879843e-07;4259850;0.032720577;0.17717588;-0.0031025952;0.4;0.00020108228;0.0007950006;1.21672065e-05;396809;0.058435373;0.037032675;0.037410315;0.5;2.1387955e-06;1.8053871e-06;9.988637e-06;1;1;1;0;1;1
8102600289;8102428814;4325386;0.001671402;0.001846209;-6.317643e-05;0.15;4.7624303e-07;4.76417e-07;3.7895634e-07;4259850;0.032720577;0.17717588;-0.0030354538;0.4;0.00020116424;0.0007950812;1.2133226e-05;396809;0.058492307;0.037046965;0.03750879;0.5;2.126631e-06;1.7988424e-06;9.965351e-06;1;1;1;0;1;1
8103608141;8103436598;4325386;0.0016690786;0.001835551;-0.00013780865;0.15;4.7602074e-07;4.7611215e-07;3.7944832e-07;4259850;0.032720577;0.17717588;-0.0029907718;0.4;0.00020124628;0.00079516193;1.2106698e-05;396809;0.058511645;0.037162248;0.037854332;0.5;2.1112173e-06;1.792427e-06;9.939485e-06;1;1;1;0;1;1
8104615874;8104444383;4325386;0.0016638038;0.0018335737;-0.0002085669;0.15;4.7567707e-07;4.7558083e-07;3.7930317e-07;4259850;0.032720577;0.17717588;-0.0029570311;0.4;0.00020132834;0.00079524267;1.207509e-05;396809;0.05857206;0.03728621;0.038149115;0.5;2.0954558e-06;1.7859294e-06;9.917208e-06;1;1;1;0;1;1
8105623661;8105452215;4325386;0.0016600047;0.0018311098;-0.0002615105;0.15;4.7524102e-07;4.7505984e-07;3.7973143e-07;4259850;0.032720577;0.17717588;-0.00288902;0.4;0.00020141037;0.0007953234;1.2051361e-05;396809;0.058641434;0.037393395;0.038358044;0.5;2.0812845e-06;1.7801092e-06;9.882456e-06;1;1;1;0;1;1
8106631464;8106459952;4325386;0.0016605831;0.0018224793;-0.0003064202;0.15;4.7469797e-07;4.7443876e-07;3.7950008e-07;4259850;0.032720577;0.17717588;-0.0028205623;0.4;0.00020149231;0.000795404;1.2022346e-05;396809;0.058741186;0.03751063;0.03854074;0.5;2.067342e-06;1.7740265e-06;9.871066e-06;1;1;1;0;1;1
8107639283;8107467739;4325386;0.0016575335;0.0018283072;-0.0002648089;0.15;4.7407025e-07;4.7374556e-07;3.7979638e-07;4259850;0.032720577;0.17717588;-0.002710645;0.4;0.00020157441;0.00079548475;1.200003e-05;396809;0.058910288;0.037572928;0.038720816;0.5;2.0574355e-06;1.7678685e-06;9.862534e-06;1;1;1;0;1;1
8108647061;8108475521;4325386;0.0016590025;0.001822989;-0.00018044029;0.15;4.733365e-07;4.7299181e-07;3.793435e-07;4259850;0.032720577;0.17717588;-0.0025904698;0.4;0.00020165638;0.00079556543;1.1971147e-05;396809;0.059154417;0.037661403;0.039108314;0.5;2.0482585e-06;1.7606866e-06;9.850802e-06;1;1;1;0;1;1
8109654790;8109483305;4325386;0.001651003;0.001821874;-8.751576e-05;0.15;4.72529e-07;4.721905e-07;3.7940774e-07;4259850;0.032720577;0.17717588;-0.002456453;0.4;0.00020173844;0.00079564616;1.194741e-05;396809;0.059362058;0.037703454;0.03921777;0.5;2.0399739e-06;1.754615e-06;9.829892e-06;1;1;1;0;1;1
8110662632;8110491136;4325386;0.001648841;0.0018159965;-1.2284325e-05;0.15;4.7163792e-07;4.7118752e-07;3.7878002e-07;4259850;0.032720577;0.17717588;-0.002332469;0.4;0.00020182048;0.00079572684;1.1915536e-05;396809;0.059547897;0.037759796;0.039315417;0.5;2.0315092e-06;1.7482606e-06;9.815111e-06;1;1;1;0;1;1
8111670375;8111498873;4325386;0.0016491825;0.001813179;3.2742282e-05;0.15;4.7068346e-07;4.7024156e-07;3.7881568e-07;4259850;0.032720577;0.17717588;-0.0022557839;0.4;0.00020190257;0.0007958076;1.1927227e-05;396809;0.059656784;0.03780725;0.03928466;0.5;2.022745e-06;1.7430477e-06;9.761378e-06;1;1;1;0;1;1
8112678188;8112506657;4325386;0.0016545679;0.0018077963;5.2661926e-05;0.15;4.6967355e-07;4.692077e-07;3.7847732e-07;4259850;0.032720577;0.17717588;-0.0022557839;0.4;0.00020198451;0.0007958882;1.2008832e-05;396809;0.059667505;0.037833408;0.039192695;0.5;2.012837e-06;1.7386151e-06;9.6993845e-06;1;1;1;0;1;1
8113685964;8113514440;4325386;0.0016596474;0.0018017556;0.00011087597;0.15;4.686411e-07;4.6811496e-07;3.7894114e-07;4259850;0.032720577;0.17717588;-0.0022557839;0.4;0.0002020666;0.0007959689;1.2090557e-05;396809;0.05971158;0.037825286;0.039214667;0.5;2.004619e-06;1.7343988e-06;9.6508375e-06;1;1;1;0;1;1
8114693788;8114522223;4325386;0.001656547;0.0017972246;0.0001033183;0.15;4.6776736e-07;4.6713632e-07;3.7875884e-07;4259850;0.032720577;0.17717588;-0.0022384692;0.4;0.00020214869;0.00079604966;1.2109369e-05;396809;0.059719473;0.037867222;0.039461073;0.5;1.9947222e-06;1.7292801e-06;9.6105105e-06;1;1;1;0;1;1
8115701452;8115530054;4325386;0.0016512078;0.0017984263;-2.663265e-05;0.15;4.6666707e-07;4.6592197e-07;3.7880199e-07;4259850;0.032720577;0.17717588;-0.0022018552;0.4;0.00020223075;0.0007961304;1.2116368e-05;396809;0.059664134;0.03800343;0.03991731;0.5;1.9831466e-06;1.7239117e-06;9.568619e-06;1;1;1;0;1;1
8116709380;8116537793;4325386;0.0016435784;0.0017930506;-0.00016407217;0.15;4.6553444e-07;4.6452664e-07;3.7824202e-07;4259850;0.032720577;0.17717588;-0.0022018552;0.4;0.00020231267;0.000796211;1.2197967e-05;396809;0.059608493;0.038151037;0.040351257;0.5;1.9706463e-06;1.7186502e-06;9.520397e-06;1;1;1;0;1;1
8117717181;8117545573;4325386;0.0016388779;0.001786777;-0.00031641798;0.15;4.644091e-07;4.6323302e-07;3.7837168e-07;4259850;0.032720577;0.17717588;-0.0022018552;0.4;0.00020239475;0.00079629174;1.2279693e-05;396809;0.059506018;0.03828652;0.040701505;0.5;1.9593447e-06;1.7138342e-06;9.47324e-06;1;1;1;0;1;1
8118724912;8118553356;4325386;0.0016373465;0.0017811558;-0.00042503985;0.15;4.6325755e-07;4.61894e-07;3.7805455e-07;4259850;0.032720577;0.17717588;-0.00216771;0.4;0.00020247677;0.0007963724;1.232513e-05;396809;0.059426155;0.038381714;0.04093178;0.5;1.9497816e-06;1.7087109e-06;9.420237e-06;1;1;1;0;1;1
8119732616;8119561138;4325386;0.0016348246;0.0017765652;-0.00042362817;0.15;4.6208325e-07;4.605376e-07;3.784191e-07;4259850;0.032720577;0.17717588;-0.0020500557;0.4;0.00020255888;0.00079645315;1.2310875e-05;396809;0.05946116;0.03840294;0.041179128;0.5;1.94462e-06;1.7032038e-06;9.40434e-06;1;1;1;0;1;1
8120740457;8120568968;4325386;0.0016345602;0.0017753578;-0.0003850392;0.15;4.60866e-07;4.5919626e-07;3.781081e-07;4259850;0.032720577;0.17717588;-0.0019010757;0.4;0.00020264085;0.0007965338;1.229684e-05;396809;0.059567973;0.0384214;0.041448202;0.5;1.9397419e-06;1.6971852e-06;9.386219e-06;1;1;1;0;1;1
8121748224;8121576703;4325386;0.0016288408;0.0017649735;-0.00041489204;0.15;4.596425e-07;4.5786453e-07;3.7831566e-07;4259850;0.032720577;0.17717588;-0.0018071714;0.4;0.00020272289;0.0007966145;1.2318626e-05;396809;0.059575755;0.03847732;0.0416837;0.5;1.933128e-06;1.6922821e-06;9.362332e-06;1;1;1;0;1;1
8122755999;8122584486;4325386;0.0016182415;0.0017637097;-0.0005045777;0.15;4.5843495e-07;4.564041e-07;3.7786725e-07;4259850;0.032720577;0.17717588;-0.0017098474;0.4;0.00020280501;0.00079669524;1.2345484e-05;396809;0.059567153;0.038581327;0.042002395;0.5;1.9257166e-06;1.6870171e-06;9.337394e-06;1;1;1;0;1;1
8123763846;8123592268;4325386;0.0016231756;0.0017627218;-0.0004969829;0.15;4.572111e-07;4.5510086e-07;3.7793757e-07;4259850;0.032720577;0.17717588;-0.0015680355;0.4;0.00020288701;0.00079677586;1.2341583e-05;396809;0.059675064;0.038659297;0.042382203;0.5;1.9214153e-06;1.6815906e-06;9.320766e-06;1;1;1;0;1;1
8124771530;8124600050;4325386;0.0016212986;0.0017524136;-0.00051195483;0.15;4.5597952e-07;4.5382802e-07;3.774422e-07;4259850;0.032720577;0.17717588;-0.0013630778;0.4;0.00020296905;0.0007968566;1.2317957e-05;396809;0.059656046;0.038697354;0.04235597;0.5;1.9152671e-06;1.6774044e-06;9.27841e-06;1;1;1;0;1;1
8125779351;8125607879;4325386;0.0016083427;0.0017555645;-0.00043447415;0.15;4.5475366e-07;4.5255302e-07;3.7766577e-07;4259850;0.032720577;0.17717588;-0.0012287914;0.4;0.00020305112;0.0007969373;1.23310065e-05;396809;0.059716325;0.038673;0.042454608;0.5;1.9108575e-06;1.673495e-06;9.245109e-06;1;1;1;0;1;1
8126787093;8126615613;4325386;0.0016182475;0.001748611;-0.0004550528;0.15;4.5360093e-07;4.5138273e-07;3.7724953e-07;4259850;0.032720577;0.17717588;-0.0010466598;0.4;0.00020313307;0.00079701794;1.23249965e-05;396809;0.05971333;0.038721196;0.042745717;0.5;1.9066617e-06;1.6681993e-06;9.225906e-06;1;1;1;0;1;1
8127794959;8127623395;4325386;0.0016144919;0.0017480103;-0.0004659331;0.15;4.5238087e-07;4.5015713e-07;3.7743942e-07;4259850;0.032720577;0.17717588;-0.0008470478;0.4;0.00020321521;0.00079709874;1.229378e-05;396809;0.05971955;0.03873398;0.04285731;0.5;1.9030289e-06;1.6638211e-06;9.221329e-06;1;1;1;0;1;1
8128802697;8128631176;4325386;0.0016065789;0.0017400788;-0.0004933599;0.15;4.5115215e-07;4.4880863e-07;3.7680832e-07;4259850;0.032720577;0.17717588;-0.0006345483;0.4;0.00020329718;0.0007971794;1.2267857e-05;396809;0.059694204;0.038753312;0.04297815;0.5;1.9005728e-06;1.6574877e-06;9.2195105e-06;1;1;1;0;1;1
8129810430;8129638958;4325386;0.0015964219;0.001740876;-0.00043223167;0.15;4.5007303e-07;4.4774706e-07;3.7628308e-07;4259850;0.032720577;0.17717588;-0.00046911466;0.4;0.00020337927;0.00079726015;1.2235453e-05;396809;0.059693456;0.038642317;0.043106157;0.5;1.8948713e-06;1.642494e-06;9.211923e-06;1;1;1;0;1;1
8130818211;8130646786;4325386;0.0015784928;0.0017343935;-0.00037169916;0.15;4.49602e-07;4.4731502e-07;3.7477608e-07;4259850;0.032720577;0.17717588;-0.0002972213;0.4;0.00020346127;0.0007973409;1.2209157e-05;396809;0.05972846;0.038511142;0.043139838;0.5;1.8682199e-06;1.6158579e-06;9.1934535e-06;1;1;1;0;1;1
8131826073;8131654520;4325386;0.0015709068;0.0017299219;-0.00035482916;0.15;4.4994243e-07;4.4771522e-07;3.7410825e-07;4259850;0.032720577;0.17717588;-0.00017481537;0.4;0.00020354324;0.0007974215;1.2176224e-05;396809;0.05965767;0.038451537;0.043292366;0.5;1.8430695e-06;1.5941372e-06;9.164574e-06;1;1;1;0;1;1
8132834023;8132662301;4325386;0.0015557014;0.0017286182;-0.00028594304;0.15;4.5092298e-07;4.4878203e-07;3.7304267e-07;4259850;0.032720577;0.17717588;-3.4108445e-05;0.4;0.00020362533;0.00079750223;1.2149689e-05;396809;0.059665702;0.038333796;0.04343069;0.5;1.8278691e-06;1.577479e-06;9.151838e-06;1;1;1;0;1;1
8133841602;8133670082;4325386;0.0015382122;0.001725996;-0.00021519327;0.15;4.5216353e-07;4.501207e-07;3.7277204e-07;4259850;0.032720577;0.17717588;0.00012590364;0.4;0.00020370737;0.00079758296;1.2117143e-05;396809;0.059697904;0.038268067;0.04353756;0.5;1.8243836e-06;1.5691684e-06;9.144745e-06;1;1;1;0;1;1
8134849579;8134677862;4325386;0.0015270452;0.0017251075;-0.00034899457;0.15;4.5333704e-07;4.5125265e-07;3.7187704e-07;4259850;0.032720577;0.17717588;0.00022320055;0.4;0.00020378934;0.0007976636;1.2129214e-05;396809;0.059611976;0.038318288;0.043737724;0.5;1.8236766e-06;1.5639455e-06;9.12275e-06;1;1;1;0;1;1
8135857138;8135685690;4325386;0.0015231483;0.0017129164;-0.0005514341;0.15;4.5443383e-07;4.5239307e-07;3.7184594e-07;4259850;0.032720577;0.17717588;0.00022320055;0.4;0.00020387149;0.0007977444;1.2211027e-05;396809;0.059482533;0.038379077;0.044155926;0.5;1.8223902e-06;1.5597851e-06;9.076716e-06;1;1;1;0;1;1
8136865201;8136693423;4325386;0.0015092687;0.0017112425;-0.00058288354;0.15;4.554611e-07;4.5341804e-07;3.7140532e-07;4259850;0.032720577;0.17717588;0.00031056255;0.4;0.00020395343;0.000797825;1.2242377e-05;396809;0.059450228;0.038376845;0.044413593;0.5;1.8193513e-06;1.552932e-06;9.053115e-06;1;1;1;0;1;1
8137872759;8137701203;4325386;0.0014964126;0.0017151514;-0.0004888049;0.15;4.5677143e-07;4.547151e-07;3.7179947e-07;4259850;0.032720577;0.17717588;0.00040487573;0.4;0.0002040355;0.0007979057;1.2267604e-05;396809;0.059581317;0.038271427;0.044468388;0.5;1.804088e-06;1.5399584e-06;9.027634e-06;1;1;1;0;1;1
8138880797;8138708983;4325386;0.0014815233;0.0017201775;-0.00042240255;0.15;4.588173e-07;4.5673545e-07;3.7179848e-07;4259850;0.032720577;0.17717588;0.00058407;0.4;0.00020411742;0.00079798634;1.2242568e-05;396809;0.059613977;0.03816355;0.04435057;0.5;1.7733336e-06;1.5219775e-06;9.01529e-06;1;1;1;0;1;1
8139888242;8139716763;4325386;0.0014659737;0.0017134857;-0.00039609658;0.15;4.6152573e-07;4.5945382e-07;3.7236987e-07;4259850;0.032720577;0.17717588;0.00069167424;0.4;0.0002041995;0.00079806714;1.2267676e-05;396809;0.059590496;0.03811674;0.0443712;0.5;1.7555005e-06;1.5119919e-06;8.97341e-06;1;1;1;0;1;1
8140896381;8140724590;4325386;0.0014590155;0.0017076974;-0.00036573995;0.15;4.6440323e-07;4.6227603e-07;3.7180143e-07;4259850;0.032720577;0.17717588;0.0007932279;0.4;0.00020428153;0.00079814787;1.2304304e-05;396809;0.059546478;0.03812914;0.044669367;0.5;1.7497266e-06;1.5073356e-06;8.927282e-06;1;1;1;0;1;1
8141903857;8141732322;4325386;0.0014540752;0.001705262;-0.00034215712;0.15;4.6700941e-07;4.6496015e-07;3.716556e-07;4259850;0.032720577;0.17717588;0.0010492697;0.4;0.00020436346;0.0007982285;1.22698e-05;396809;0.059581816;0.038160164;0.044731107;0.5;1.7485651e-06;1.5042901e-06;8.925054e-06;1;1;1;0;1;1
8142911635;8142740101;4325386;0.0014470592;0.0017039396;-0.00031471372;0.15;4.6940622e-07;4.6742937e-07;3.7163178e-07;4259850;0.032720577;0.17717588;0.0012851699;0.4;0.00020444555;0.0007983092;1.2240801e-05;396809;0.059611052;0.0381744;0.04478939;0.5;1.7469291e-06;1.5016399e-06;8.923391e-06;1;1;1;0;1;1
8143919410;8143747881;4325386;0.0014389702;0.0016910215;-0.00025257375;0.15;4.7167356e-07;4.6976422e-07;3.7117016e-07;4259850;0.032720577;0.17717588;0.0014980597;0.4;0.00020452755;0.0007983899;1.2204364e-05;396809;0.059637446;0.038150724;0.04483315;0.5;1.7437354e-06;1.4984792e-06;8.922347e-06;1;1;1;0;1;1
8144927142;8144755660;4325386;0.0014359768;0.0016921439;-0.00022522159;0.15;4.7374724e-07;4.7191114e-07;3.7088984e-07;4259850;0.032720577;0.17717588;0.0017245719;0.4;0.00020460963;0.00079847063;1.2173889e-05;396809;0.05967953;0.038192507;0.044899855;0.5;1.7414189e-06;1.4961832e-06;8.908443e-06;1;1;1;0;1;1
8145934916;8145763486;4325386;0.0014286784;0.001688684;-0.0002449569;0.15;4.7553772e-07;4.7375954e-07;3.6995417e-07;4259850;0.032720577;0.17717588;0.0019305833;0.4;0.0002046916;0.00079855125;1.2136291e-05;396809;0.05973702;0.038231924;0.044940017;0.5;1.7396094e-06;1.4939758e-06;8.906636e-06;1;1;1;0;1;1
8146942694;8146771217;4325386;0.0014272437;0.001685078;-0.00021303313;0.15;4.77116e-07;4.753912e-07;3.700479e-07;4259850;0.032720577;0.17717588;0.0020861502;0.4;0.00020477366;0.000798632;1.2105062e-05;396809;0.05975684;0.038217835;0.044974063;0.5;1.7375171e-06;1.4923852e-06;8.905647e-06;1;1;1;0;1;1
8147950559;8147778996;4325386;0.0014236654;0.0016815346;-0.00013344009;0.15;4.7857503e-07;4.7678358e-07;3.6959167e-07;4259850;0.032720577;0.17717588;0.0022309641;0.4;0.00020485577;0.0007987127;1.20668155e-05;396809;0.05977814;0.038191788;0.045052625;0.5;1.7343592e-06;1.4904391e-06;8.899154e-06;1;1;1;0;1;1
8148958312;8148786774;4325386;0.001425545;0.0016790958;-7.561586e-06;0.15;4.7994075e-07;4.7818133e-07;3.6983522e-07;4259850;0.032720577;0.17717588;0.0022695644;0.4;0.00020493784;0.00079879345;1.2115266e-05;396809;0.059792027;0.03817722;0.045241546;0.5;1.7321604e-06;1.4884561e-06;8.871817e-06;1;1;1;0;1;1
8149966026;8149794553;4325386;0.0014200778;0.001664225;0.00011258419;0.15;4.8119074e-07;4.7945633e-07;3.697358e-07;4259850;0.032720577;0.17717588;0.0022695644;0.4;0.00020501977;0.00079887407;1.21968715e-05;396809;0.059820957;0.038188666;0.04550508;0.5;1.730907e-06;1.4863812e-06;8.8341485e-06;1;1;1;0;1;1
8150973824;8150802378;4325386;0.0014209196;0.0016610388;0.00015026706;0.15;4.82336e-07;4.80637e-07;3.703869e-07;4259850;0.032720577;0.17717588;0.0023227753;0.4;0.00020510185;0.00079895486;1.2240138e-05;396809;0.059836067;0.03817356;0.045695134;0.5;1.7284646e-06;1.48472e-06;8.798474e-06;1;1;1;0;1;1
8151981676;8151810109;4325386;0.001414471;0.0016559534;3.4664536e-05;0.15;4.833342e-07;4.816935e-07;3.7043438e-07;4259850;0.032720577;0.17717588;0.0023227753;0.4;0.00020518378;0.0007990355;1.2321739e-05;396809;0.05981469;0.038132433;0.045976076;0.5;1.7258731e-06;1.4835339e-06;8.755245e-06;1;1;1;0;1;1
8152989357;8152817886;4325386;0.0014120571;0.0016508995;2.4549774e-06;0.15;4.8420117e-07;4.8261904e-07;3.711531e-07;4259850;0.032720577;0.17717588;0.0023844868;0.4;0.00020526581;0.00079911615;1.2371993e-05;396809;0.059801485;0.038117275;0.046179824;0.5;1.7226287e-06;1.4829748e-06;8.727785e-06;1;1;1;0;1;1
8153997187;8153825664;4325386;0.001412789;0.0016346808;3.7676582e-05;0.15;4.849476e-07;4.833001e-07;3.7112318e-07;4259850;0.032720577;0.17717588;0.0024170121;0.4;0.00020534784;0.0007991969;1.24348635e-05;396809;0.059734255;0.038104326;0.046514835;0.5;1.716207e-06;1.4824403e-06;8.681709e-06;1;1;1;0;1;1
8155004968;8154833441;4325386;0.0014089942;0.0016253988;9.398853e-05;0.15;4.8561714e-07;4.8392815e-07;3.7158486e-07;4259850;0.032720577;0.17717588;0.0024170121;0.4;0.00020542993;0.0007992776;1.2516587e-05;396809;0.05965911;0.03809417;0.04684367;0.5;1.710638e-06;1.4817012e-06;8.626113e-06;1;1;1;0;1;1
8156012786;8155841266;4325386;0.0014054364;0.0016193814;0.00015215125;0.15;4.8618267e-07;4.8438983e-07;3.7141993e-07;4259850;0.032720577;0.17717588;0.0024170121;0.4;0.00020551198;0.00079935836;1.2598315e-05;396809;0.05959784;0.038085356;0.04710995;0.5;1.7055393e-06;1.4811944e-06;8.587987e-06;1;1;1;0;1;1
8157020470;8156848996;4325386;0.001408715;0.0016074822;0.00013848091;0.15;4.866033e-07;4.846907e-07;3.7169474e-07;4259850;0.032720577;0.17717588;0.0025231512;0.4;0.00020559394;0.000799439;1.2618026e-05;396809;0.059565477;0.03806809;0.047277372;0.5;1.701873e-06;1.4804483e-06;8.555562e-06;1;1;1;0;1;1
8158028339;8157856773;4325386;0.0014078425;0.0016005356;8.1067956e-05;0.15;4.868845e-07;4.8494155e-07;3.7123473e-07;4259850;0.032720577;0.17717588;0.0025231512;0.4;0.000205676;0.0007995197;1.2699753e-05;396809;0.059482116;0.038051452;0.047646508;0.5;1.6960482e-06;1.4794948e-06;8.48694e-06;1;1;1;0;1;1
8159036087;8158864550;4325386;0.0014029411;0.0015919319;0.00014738651;0.15;4.870203e-07;4.850863e-07;3.713872e-07;4259850;0.032720577;0.17717588;0.0025747593;0.4;0.00020575798;0.0007996004;1.274416e-05;396809;0.05945889;0.038091514;0.047819473;0.5;1.6939453e-06;1.4786658e-06;8.456608e-06;1;1;1;0;1;1
8160043806;8159872327;4325386;0.0014009762;0.0015884337;0.00017862092;0.15;4.8698774e-07;4.8500834e-07;3.7112636e-07;4259850;0.032720577;0.17717588;0.0026309479;0.4;0.00020584004;0.0007996811;1.2769294e-05;396809;0.059456997;0.03809119;0.047944747;0.5;1.6919494e-06;1.4780102e-06;8.432466e-06;1;1;1;0;1;1
8161051608;8160880151;4325386;0.0014006866;0.001589596;0.00011874213;0.15;4.868244e-07;4.8490693e-07;3.7148874e-07;4259850;0.032720577;0.17717588;0.0027029028;0.4;0.00020592212;0.0007997618;1.2775075e-05;396809;0.059451334;0.03806029;0.0480384;0.5;1.6899346e-06;1.4778155e-06;8.410285e-06;1;1;1;0;1;1
8162059426;8161887880;4325386;0.0013955259;0.0015839399;0.000101762336;0.15;4.865094e-07;4.846962e-07;3.7125272e-07;4259850;0.032720577;0.17717588;0.002795377;0.4;0.00020600416;0.0007998425;1.2754013e-05;396809;0.05944365;0.03804989;0.04811942;0.5;1.6872472e-06;1.4777801e-06;8.394991e-06;1;1;1;0;1;1
8163067178;8162895656;4325386;0.0013960631;0.0015789672;0.00012111392;0.15;4.861085e-07;4.8435584e-07;3.7146822e-07;4259850;0.032720577;0.17717588;0.002795377;0.4;0.00020608628;0.00079992326;1.2835735e-05;396809;0.059353523;0.0380459;0.048445955;0.5;1.6813678e-06;1.477515e-06;8.343687e-06;1;1;1;0;1;1
8164074956;8163903433;4325386;0.0014001299;0.0015699171;0.00020345133;0.15;4.8564306e-07;4.83866e-07;3.709645e-07;4259850;0.032720577;0.17717588;0.002802766;0.4;0.00020616822;0.0008000039;1.2903991e-05;396809;0.05928493;0.03807298;0.048709314;0.5;1.67718e-06;1.4764591e-06;8.296037e-06;1;1;1;0;1;1
8165082690;8164911209;4325386;0.0013922113;0.0015607652;0.00030495596;0.15;4.8507076e-07;4.8326996e-07;3.713651e-07;4259850;0.032720577;0.17717588;0.002802766;0.4;0.00020625025;0.0008000846;1.2985722e-05;396809;0.059258934;0.03813641;0.0489932;0.5;1.6758148e-06;1.4752179e-06;8.242687e-06;1;1;1;0;1;1
8166090522;8165919032;4325386;0.0014023837;0.001555904;0.00026564716;0.15;4.843379e-07;4.824838e-07;3.7132807e-07;4259850;0.032720577;0.17717588;0.0028256236;0.4;0.00020633235;0.00080016535;1.3041023e-05;396809;0.059245814;0.038120985;0.049278792;0.5;1.6740137e-06;1.4746505e-06;8.202626e-06;1;1;1;0;1;1
8167098265;8166926761;4325386;0.0013821293;0.0015566058;0.0002841134;0.15;4.835217e-07;4.816754e-07;3.7187152e-07;4259850;0.032720577;0.17717588;0.0029745493;0.4;0.00020641442;0.0008002461;1.3003789e-05;396809;0.05925189;0.038134087;0.049361102;0.5;1.6717938e-06;1.4746226e-06;8.19976e-06;1;1;1;0;1;1
8168106012;8167934536;4325386;0.0013799889;0.0015542617;0.00029047808;0.15;4.826133e-07;4.807798e-07;3.7203154e-07;4259850;0.032720577;0.17717588;0.0031183555;0.4;0.00020649636;0.0008003267;1.2972294e-05;396809;0.05923763;0.03811182;0.049387947;0.5;1.6683584e-06;1.4730756e-06;8.198627e-06;1;1;1;0;1;1
8169113854;8168942312;4325386;0.0013688804;0.0015486343;0.00029669324;0.15;4.819151e-07;4.800975e-07;3.7290528e-07;4259850;0.032720577;0.17717588;0.003263485;0.4;0.00020657842;0.00080040743;1.2932978e-05;396809;0.059184894;0.038022544;0.049357936;0.5;1.660481e-06;1.4651598e-06;8.197636e-06;1;1;1;0;1;1
8170121525;8169950087;4325386;0.0013611558;0.0015431346;0.0003366324;0.15;4.814665e-07;4.796682e-07;3.7302115e-07;4259850;0.032720577;0.17717588;0.0033817335;0.4;0.00020666045;0.0008004881;1.2898886e-05;396809;0.05915293;0.037976034;0.04935613;0.5;1.6560022e-06;1.4617893e-06;8.195032e-06;1;1;1;0;1;1
8171129386;8170957910;4325386;0.0013612777;0.0015436279;0.0003627868;0.15;4.809592e-07;4.7918445e-07;3.7304468e-07;4259850;0.032720577;0.17717588;0.003496225;0.4;0.00020674257;0.00080056884;1.2856395e-05;396809;0.05916645;0.038019195;0.04939401;0.5;1.6526407e-06;1.4606137e-06;8.193645e-06;1;1;1;0;1;1
8172137155;8171965638;4325386;0.001358475;0.0015456935;0.00037134902;0.15;4.8030375e-07;4.7856423e-07;3.716516e-07;4259850;0.032720577;0.17717588;0.0036100643;0.4;0.00020682462;0.0008006496;1.2847327e-05;396809;0.05927412;0.03814849;0.049499147;0.5;1.6422437e-06;1.453183e-06;8.173834e-06;1;1;1;0;1;1
8173144941;8172973413;4325386;0.001367105;0.0015347877;0.00034676958;0.15;4.797955e-07;4.780302e-07;3.7094588e-07;4259850;0.032720577;0.17717588;0.0036461733;0.4;0.00020690655;0.0008007302;1.2893539e-05;396809;0.059345547;0.038229752;0.04972434;0.5;1.633454e-06;1.4460617e-06;8.141437e-06;1;1;1;0;1;1
8174152681;8173981187;4325386;0.0013588336;0.0015467365;0.00023058185;0.15;4.7935305e-07;4.7755447e-07;3.697736e-07;4259850;0.032720577;0.17717588;0.0037611146;0.4;0.00020698864;0.0008008109;1.2868489e-05;396809;0.059442714;0.03820487;0.049857095;0.5;1.62638e-06;1.4387058e-06;8.131941e-06;1;1;1;0;1;1
8175160469;8174988962;4325386;0.0013640526;0.0015371485;8.03519e-05;0.15;4.7894196e-07;4.771265e-07;3.69421e-07;4259850;0.032720577;0.17717588;0.0038286282;0.4;0.00020707074;0.00080089166;1.2857194e-05;396809;0.05950547;0.038122572;0.050045468;0.5;1.6207246e-06;1.4319405e-06;8.1147255e-06;1;1;1;0;1;1
8176168535;8175996783;4325386;0.0013727348;0.0015486832;0.00015328667;0.15;4.786071e-07;4.7675871e-07;3.6851588e-07;4259850;0.032720577;0.17717588;0.0038943428;0.4;0.00020715281;0.0008009724;1.2859995e-05;396809;0.059612058;0.03824717;0.05023011;0.5;1.6115968e-06;1.4243425e-06;8.085159e-06;1;1;1;0;1;1
8177175992;8177004511;4325386;0.001372445;0.0015511856;0.00016733666;0.15;4.7833083e-07;4.764312e-07;3.6834638e-07;4259850;0.032720577;0.17717588;0.003939872;0.4;0.00020723476;0.000801053;1.28483425e-05;396809;0.05966067;0.038296033;0.050334986;0.5;1.6051342e-06;1.4176501e-06;8.068816e-06;1;1;1;0;1;1
8178184003;8178012285;4325386;0.0013740691;0.0015535002;0.00012926933;0.15;4.780285e-07;4.7611186e-07;3.675375e-07;4259850;0.032720577;0.17717588;0.004015709;0.4;0.00020731677;0.0008011337;1.280791e-05;396809;0.05972587;0.038305193;0.050533023;0.5;1.5998239e-06;1.4108207e-06;8.056531e-06;1;1;1;0;1;1
8179191585;8179020059;4325386;0.0013781873;0.0015618688;9.823997e-05;0.15;4.778032e-07;4.758625e-07;3.6748236e-07;4259850;0.032720577;0.17717588;0.0041027563;0.4;0.00020739883;0.0008012144;1.2760527e-05;396809;0.059777375;0.0383032;0.050712887;0.5;1.5953631e-06;1.4050735e-06;8.0438485e-06;1;1;1;0;1;1
8180199601;8180027833;4325386;0.0013818301;0.0015699569;6.0221362e-05;0.15;4.7758346e-07;4.7564288e-07;3.6673504e-07;4259850;0.032720577;0.17717588;0.0041806577;0.4;0.00020748089;0.00080129516;1.2720041e-05;396809;0.05985635;0.03831507;0.051045034;0.5;1.5917786e-06;1.3988755e-06;8.031043e-06;1;1;1;0;1;1
8181207111;8181035654;4325386;0.0013856502;0.001581563;4.2675994e-05;0.15;4.773572e-07;4.7543364e-07;3.665656e-07;4259850;0.032720577;0.17717588;0.004251274;0.4;0.00020756299;0.0008013759;1.26711975e-05;396809;0.059912182;0.038337804;0.051192302;0.5;1.5885582e-06;1.3937708e-06;8.024213e-06;1;1;1;0;1;1
8182215200;8182043380;4325386;0.0013805873;0.0015730418;2.2681204e-05;0.15;4.7718004e-07;4.7528567e-07;3.6586255e-07;4259850;0.032720577;0.17717588;0.0042879153;0.4;0.00020764508;0.0008014566;1.2628613e-05;396809;0.059931867;0.038346432;0.051233508;0.5;1.5850025e-06;1.3890491e-06;8.0143745e-06;1;1;1;0;1;1
8183222661;8183051154;4325386;0.0013878699;0.0015790405;1.914536e-06;0.15;4.768698e-07;4.7501808e-07;3.6576938e-07;4259850;0.032720577;0.17717588;0.0042777713;0.4;0.000207727;0.00080153724;1.2600125e-05;396809;0.05996052;0.03835187;0.05132342;0.5;1.5821255e-06;1.3845586e-06;8.009833e-06;1;1;1;0;1;1
8184230695;8184058927;4325386;0.0013839644;0.0015734656;-6.500251e-05;0.15;4.7662283e-07;4.7482433e-07;3.6515266e-07;4259850;0.032720577;0.17717588;0.004286521;0.4;0.00020780905;0.000801618;1.2586323e-05;396809;0.059957348;0.038331572;0.051387392;0.5;1.5785777e-06;1.3801147e-06;7.996164e-06;1;1;1;0;1;1
8185238197;8185066700;4325386;0.0013953279;0.0015807407;-1.3329137e-05;0.15;4.7635993e-07;4.746061e-07;3.652309e-07;4259850;0.032720488;0.17717563;0.0042809714;0.4;0.00020789112;0.0008016987;1.2572601e-05;396809;0.06001732;0.038371656;0.05153515;0.5;1.5755542e-06;1.3762032e-06;7.981487e-06;1;1;1;0;1;1
8186245990;8186074520;4325386;0.0013988019;0.0015721478;-3.247813e-05;0.15;4.7655396e-07;4.7481552e-07;3.6533396e-07;4259850;0.032720488;0.17717563;0.0042539155;0.4;0.00020797318;0.00080177945;1.2559442e-05;396809;0.060041554;0.03837737;0.05168952;0.5;1.572733e-06;1.3720847e-06;7.967115e-06;1;1;1;0;1;1
8187253724;8187082246;4325386;0.0014062254;0.0015850837;-5.164382e-05;0.15;4.7618047e-07;4.7448356e-07;3.6476754e-07;4259850;0.032720488;0.17717563;0.0041906065;0.4;0.00020805525;0.0008018601;1.25248125e-05;396809;0.060089227;0.038394637;0.051857725;0.5;1.5700239e-06;1.3671959e-06;7.961052e-06;1;1;1;0;1;1
8188261502;8188090018;4325386;0.00140212;0.0015924638;-2.6206517e-05;0.15;4.7579832e-07;4.7416162e-07;3.648155e-07;4259850;0.032720488;0.17717563;0.004123152;0.4;0.0002081372;0.00080194074;1.2483285e-05;396809;0.06014322;0.038437072;0.05185698;0.5;1.566641e-06;1.3628684e-06;7.95449e-06;1;1;1;0;1;1
8189269384;8189097791;4325386;0.0014007053;0.0015898722;-4.2812786e-05;0.15;4.7550986e-07;4.7393485e-07;3.643058e-07;4259850;0.032720488;0.17717563;0.004094901;0.4;0.00020821925;0.0008020215;1.2449673e-05;396809;0.060191147;0.038465478;0.052015677;0.5;1.5632571e-06;1.3582694e-06;7.944281e-06;1;1;1;0;1;1
8190277051;8190105563;4325386;0.0014114848;0.0015836635;-8.010626e-05;0.15;4.7502874e-07;4.7352364e-07;3.643791e-07;4259850;0.032720488;0.17717563;0.0040400913;0.4;0.00020830137;0.0008021022;1.2409671e-05;396809;0.06018427;0.038462557;0.05206963;0.5;1.5616856e-06;1.3556337e-06;7.941636e-06;1;1;1;0;1;1
8191284836;8191113382;4325386;0.0014169231;0.0015871582;-9.594955e-05;0.15;4.7437194e-07;4.7290857e-07;3.636546e-07;4259850;0.032720488;0.17717563;0.004009141;0.4;0.00020838334;0.0008021828;1.2384613e-05;396809;0.060123768;0.038431358;0.052223586;0.5;1.5596826e-06;1.3538746e-06;7.923473e-06;1;1;1;0;1;1
8192292614;8192121107;4325386;0.0013962548;0.0015743762;-7.899481e-05;0.15;4.7417848e-07;4.7277464e-07;3.634675e-07;4259850;0.032720488;0.17717563;0.0039921706;0.4;0.00020846538;0.00080226356;1.2367567e-05;396809;0.06009514;0.038396474;0.052289136;0.5;1.5502281e-06;1.3489334e-06;7.911736e-06;1;1;1;0;1;1
8193300459;8193128879;4325386;0.0013945547;0.0015774568;-1.0724551e-05;0.15;4.7407931e-07;4.727273e-07;3.626891e-07;4259850;0.032720488;0.17717563;0.003987418;0.4;0.00020854744;0.0008023443;1.2330251e-05;396809;0.060123496;0.03831595;0.052305877;0.5;1.538417e-06;1.3423672e-06;7.902665e-06;1;1;1;0;1;1
8194308150;8194136650;4325386;0.0013944977;0.0015623507;5.0224404e-05;0.15;4.742798e-07;4.7297766e-07;3.627655e-07;4259850;0.032720488;0.17717563;0.003989158;0.4;0.00020862935;0.0008024249;1.2300791e-05;396809;0.060139373;0.03827589;0.052314937;0.5;1.5342639e-06;1.3401263e-06;7.894603e-06;1;1;1;0;1;1
8195315939;8195144422;4325386;0.0013975091;0.0015800153;8.498565e-05;0.15;4.7439198e-07;4.7314762e-07;3.622835e-07;4259850;0.032720488;0.17717563;0.0039898013;0.4;0.00020871137;0.0008025056;1.2272406e-05;396809;0.06016787;0.038321957;0.052438043;0.5;1.5327619e-06;1.3384795e-06;7.880377e-06;1;1;1;0;1;1
8196323714;8196152241;4325386;0.0013995165;0.0015611077;0.00010505328;0.15;4.7419508e-07;4.7299383e-07;3.6245592e-07;4259850;0.032720488;0.17717563;0.00398154;0.4;0.00020879341;0.0008025863;1.2251693e-05;396809;0.060277816;0.038415305;0.052502565;0.5;1.5279508e-06;1.3337274e-06;7.867568e-06;1;1;1;0;1;1
8197331545;8197159965;4325386;0.0014066009;0.0015660997;0.00012104796;0.15;4.7409003e-07;4.7289674e-07;3.6202366e-07;4259850;0.032720488;0.17717563;0.003968589;0.4;0.00020887548;0.00080266705;1.2211227e-05;396809;0.060467042;0.038520206;0.052452356;0.5;1.5195595e-06;1.3260881e-06;7.864875e-06;1;1;1;0;1;1
8198339212;8198167738;4325386;0.001410611;0.0015719603;0.00015250084;0.15;4.7421298e-07;4.7305036e-07;3.6223517e-07;4259850;0.032720488;0.17717563;0.0039608916;0.4;0.00020895744;0.0008027477;1.2177978e-05;396809;0.060628984;0.03861605;0.052419838;0.5;1.5123854e-06;1.3198113e-06;7.863604e-06;1;1;1;0;1;1
8199347049;8199175507;4325386;0.0014150874;0.0015745261;0.00018493652;0.15;4.744878e-07;4.733523e-07;3.6186563e-07;4259850;0.032720488;0.17717563;0.0039360835;0.4;0.00020903951;0.0008028284;1.21385065e-05;396809;0.06078097;0.038707018;0.052390993;0.5;1.5052519e-06;1.3138979e-06;7.8623825e-06;1;1;1;0;1;1
8200354864;8200183278;4325386;0.0014202815;0.00157636;0.00021699257;0.15;4.7485656e-07;4.7374465e-07;3.6210645e-07;4259850;0.032720488;0.17717563;0.0039216285;0.4;0.00020912163;0.00080290914;1.2106036e-05;396809;0.060905375;0.03878383;0.052370377;0.5;1.4988232e-06;1.3089409e-06;7.858828e-06;1;1;1;0;1;1
8201362538;8201191096;4325386;0.0014244574;0.0015799599;0.00024623494;0.15;4.7528255e-07;4.741917e-07;3.6173512e-07;4259850;0.032720488;0.17717563;0.0039030104;0.4;0.00020920364;0.0008029898;1.2073736e-05;396809;0.061026044;0.038857114;0.05234854;0.5;1.4925124e-06;1.3043879e-06;7.857605e-06;1;1;1;0;1;1
8202370325;8202198820;4325386;0.0014290053;0.0015847775;0.00030576353;0.15;4.7575327e-07;4.7467387e-07;3.6199364e-07;4259850;0.032720488;0.17717563;0.003869239;0.4;0.0002092857;0.00080307055;1.2034994e-05;396809;0.061146975;0.038926963;0.05232591;0.5;1.4870136e-06;1.3006963e-06;7.848469e-06;1;1;1;0;1;1
8203378071;8203206590;4325386;0.0014274681;0.0015965826;0.0003823365;0.15;4.76202e-07;4.7504298e-07;3.616657e-07;4259850;0.032720488;0.17717563;0.003815257;0.4;0.00020936772;0.0008031512;1.20031245e-05;396809;0.061268106;0.038999867;0.052300032;0.5;1.4815902e-06;1.2971927e-06;7.832949e-06;1;1;1;0;1;1
8204385933;8204214361;4325386;0.0014380105;0.0015920026;0.0003813702;0.15;4.7676184e-07;4.7554784e-07;3.6193248e-07;4259850;0.032720488;0.17717563;0.0037604598;0.4;0.00020944969;0.00080323184;1.201141e-05;396809;0.061354615;0.039054785;0.052404564;0.5;1.4755927e-06;1.2942544e-06;7.812297e-06;1;1;1;0;1;1
8205393576;8205222131;4325386;0.0014494194;0.0015639724;0.0004063029;0.15;4.772518e-07;4.759867e-07;3.6164028e-07;4259850;0.032720488;0.17717563;0.0036891703;0.4;0.00020953176;0.0008033126;1.20068635e-05;396809;0.06144956;0.039125193;0.052484445;0.5;1.4693463e-06;1.2910501e-06;7.799007e-06;1;1;1;0;1;1
8206401460;8206229949;4325386;0.001457131;0.0015799577;0.00052434875;0.15;4.7811346e-07;4.767738e-07;3.620923e-07;4259850;0.032717817;0.17717351;0.0036386403;0.4;0.00020961295;0.00080339273;1.2042398e-05;396809;0.06161122;0.03919863;0.052716125;0.5;1.4644974e-06;1.2882817e-06;7.76686e-06;1;1;1;0;1;1
8207409179;8207237671;4325386;0.0014604415;0.0015597902;0.0005376543;0.15;4.7858975e-07;4.7712814e-07;3.618804e-07;4259850;0.032717817;0.17717351;0.0036052084;0.4;0.00020969503;0.00080347346;1.2097947e-05;396809;0.06167816;0.039264593;0.052733842;0.5;1.457172e-06;1.2857817e-06;7.728522e-06;1;1;1;0;1;1
8208416912;8208245441;4325386;0.0014650056;0.0015676749;0.00052186503;0.15;4.7900744e-07;4.774296e-07;3.6232646e-07;4259850;0.032717817;0.17717351;0.0034639924;0.4;0.00020977695;0.0008035541;1.2069054e-05;396809;0.061738912;0.03930595;0.052792307;0.5;1.4513898e-06;1.2836537e-06;7.721499e-06;1;1;1;0;1;1
8209424722;8209253212;4325386;0.0014677116;0.0015731289;0.00053459185;0.15;4.793461e-07;4.775869e-07;3.6217207e-07;4259850;0.032717817;0.17717351;0.0033191172;0.4;0.00020985899;0.0008036348;1.2041011e-05;396809;0.06181846;0.03935048;0.052827373;0.5;1.4456903e-06;1.2816436e-06;7.719814e-06;1;1;1;0;1;1
8210432493;8210260981;4325386;0.0014762006;0.0015763928;0.0005397666;0.15;4.7964585e-07;4.777903e-07;3.6260926e-07;4259850;0.032717817;0.17717351;0.0031776645;0.4;0.00020994105;0.00080371555;1.2007073e-05;396809;0.061886415;0.039390676;0.05284097;0.5;1.4403458e-06;1.2799916e-06;7.7181085e-06;1;1;1;0;1;1
8211440195;8211268800;4325386;0.0014815279;0.0015731321;0.00055042986;0.15;4.798559e-07;4.7791417e-07;3.6243094e-07;4259850;0.032717817;0.17717351;0.0030574908;0.4;0.00021002302;0.00080379617;1.19798115e-05;396809;0.061970174;0.0394348;0.05287297;0.5;1.4347904e-06;1.2783286e-06;7.715413e-06;1;1;1;0;1;1
8212448017;8212276520;4325386;0.0014819441;0.0015655223;0.00055250194;0.15;4.800717e-07;4.780562e-07;3.6281344e-07;4259850;0.032717817;0.17717351;0.0029458466;0.4;0.00021010506;0.00080387684;1.1946533e-05;396809;0.06204605;0.0394794;0.05290444;0.5;1.429419e-06;1.2769672e-06;7.711877e-06;1;1;1;0;1;1
8213455809;8213284289;4325386;0.0014841883;0.0015719438;0.0005632571;0.15;4.8012566e-07;4.7804826e-07;3.6258473e-07;4259850;0.032717817;0.17717351;0.0028501297;0.4;0.00021018714;0.0008039576;1.1919867e-05;396809;0.062140834;0.039522875;0.052921485;0.5;1.4237849e-06;1.2755993e-06;7.708725e-06;1;1;1;0;1;1
8214463631;8214292059;4325386;0.0014897326;0.0015762025;0.00057586236;0.15;4.8009815e-07;4.7796e-07;3.629476e-07;4259850;0.032717817;0.17717351;0.0027429028;0.4;0.00021026921;0.0008040383;1.1886993e-05;396809;0.062219888;0.039559726;0.052913733;0.5;1.41874e-06;1.274444e-06;7.706713e-06;1;1;1;0;1;1
8215471264;8215299828;4325386;0.001493419;0.0015749707;0.00058523036;0.15;4.7997815e-07;4.7779116e-07;3.6268864e-07;4259850;0.032717817;0.17717351;0.002664896;0.4;0.00021035133;0.00080411904;1.1860623e-05;396809;0.06230548;0.03960119;0.052911006;0.5;1.4132349e-06;1.2731591e-06;7.703756e-06;1;1;1;0;1;1
8216479042;8216307644;4325386;0.0014952297;0.0015737058;0.00058508135;0.15;4.797436e-07;4.7739735e-07;3.6297064e-07;4259850;0.032717817;0.17717351;0.0025767868;0.4;0.00021043325;0.00080419966;1.1827803e-05;396809;0.062376954;0.03963931;0.05289713;0.5;1.4083216e-06;1.2721789e-06;7.702428e-06;1;1;1;0;1;1
8217486878;8217315366;4325386;0.001497614;0.001575654;0.00058755797;0.15;4.794446e-07;4.770565e-07;3.6267681e-07;4259850;0.032717817;0.17717351;0.0025243524;0.4;0.0002105153;0.0008042804;1.1801526e-05;396809;0.062456183;0.03967905;0.052889027;0.5;1.4032556e-06;1.2711745e-06;7.701418e-06;1;1;1;0;1;1
8218494662;8218323134;4325386;0.0015024601;0.0015741478;0.00058684667;0.15;4.790548e-07;4.7663062e-07;3.629729e-07;4259850;0.032717817;0.17717351;0.002443483;0.4;0.00021059737;0.00080436113;1.176899e-05;396809;0.06252772;0.039716136;0.052877907;0.5;1.3986192e-06;1.270292e-06;7.700403e-06;1;1;1;0;1;1
8219502686;8219330903;4325386;0.0015074231;0.0015762112;0.0005856508;0.15;4.7857424e-07;4.7612502e-07;3.6265186e-07;4259850;0.032717817;0.17717351;0.0023773222;0.4;0.00021067944;0.00080444186;1.1742913e-05;396809;0.06260582;0.03975416;0.05287245;0.5;1.3938438e-06;1.26936e-06;7.699635e-06;1;1;1;0;1;1
8220510185;8220338671;4325386;0.0015125424;0.0015778552;0.0005832308;0.15;4.779999e-07;4.7553402e-07;3.629188e-07;4259850;0.032717817;0.17717351;0.0023520566;0.4;0.00021076147;0.00080452254;1.1710559e-05;396809;0.062673576;0.039789896;0.05286283;0.5;1.3894402e-06;1.2685277e-06;7.698872e-06;1;1;1;0;1;1
8221518200;8221346487;4325386;0.001514642;0.0015762227;0.0005735984;0.15;4.773362e-07;4.7486284e-07;3.6256912e-07;4259850;0.032717817;0.17717351;0.0023028504;0.4;0.00021084344;0.0008046032;1.1684615e-05;396809;0.06274508;0.03982917;0.05285734;0.5;1.3847701e-06;1.2676564e-06;7.697875e-06;1;1;1;0;1;1
8222525709;8222354208;4325386;0.0015162837;0.001575293;0.0005642934;0.15;4.7658676e-07;4.7398584e-07;3.6278945e-07;4259850;0.032717817;0.17717351;0.002260347;0.4;0.00021092549;0.00080468395;1.16526435e-05;396809;0.06280929;0.039866313;0.052842107;0.5;1.3803376e-06;1.2667205e-06;7.69509e-06;1;1;1;0;1;1
8223533726;8223361976;4325386;0.0015208508;0.0015754205;0.00055478676;0.15;4.7575702e-07;4.731594e-07;3.6241752e-07;4259850;0.032717817;0.17717351;0.0022225166;0.4;0.00021100741;0.00080476457;1.1627094e-05;396809;0.06288037;0.03990474;0.052829795;0.5;1.3759164e-06;1.2658783e-06;7.694348e-06;1;1;1;0;1;1
8224541298;8224369746;4325386;0.0015236946;0.001576236;0.00054228446;0.15;4.7486873e-07;4.7228068e-07;3.6265885e-07;4259850;0.032717817;0.17717351;0.0021889748;0.4;0.00021108947;0.0008048453;1.1595621e-05;396809;0.0629412;0.039940126;0.05281325;0.5;1.3718459e-06;1.2651107e-06;7.693491e-06;1;1;1;0;1;1
8225549266;8225377511;4325386;0.0015277087;0.0015755955;0.0005272598;0.15;4.7391288e-07;4.7134392e-07;3.6229434e-07;4259850;0.032717817;0.17717351;0.0021572341;0.4;0.00021117157;0.00080492604;1.15708135e-05;396809;0.063005365;0.03997718;0.052800935;0.5;1.3675756e-06;1.2642869e-06;7.692698e-06;1;1;1;0;1;1
8226556756;8226385326;4325386;0.0015298699;0.0015761212;0.00051711587;0.15;4.7289564e-07;4.7035212e-07;3.6252922e-07;4259850;0.032717817;0.17717351;0.002115857;0.4;0.00021125362;0.00080500677;1.1540138e-05;396809;0.06306972;0.040011413;0.052792586;0.5;1.3637083e-06;1.2635053e-06;7.692151e-06;1;1;1;0;1;1
8227564832;8227393046;4325386;0.0015274754;0.0015674921;0.0005146756;0.15;4.7180885e-07;4.6929904e-07;3.6214055e-07;4259850;0.032717817;0.17717351;0.0021000367;0.4;0.00021133557;0.0008050874;1.1516001e-05;396809;0.06314267;0.04004603;0.05279712;0.5;1.3597562e-06;1.2626157e-06;7.6910865e-06;1;1;1;0;1;1
8228572478;8228400814;4325386;0.001539066;0.0015778884;0.00050939526;0.15;4.7068724e-07;4.6807952e-07;3.6231927e-07;4259850;0.032717817;0.17717351;0.0020652502;0.4;0.00021141765;0.0008051681;1.14861905e-05;396809;0.063213125;0.040076893;0.052815724;0.5;1.356131e-06;1.261739e-06;7.686821e-06;1;1;1;0;1;1
8229580076;8229408581;4325386;0.0015383584;0.0015740297;0.0004968929;0.15;4.6951465e-07;4.6695172e-07;3.6253695e-07;4259850;0.032717817;0.17717351;0.0020253847;0.4;0.00021149966;0.0008052488;1.1462962e-05;396809;0.0632728;0.040112562;0.052799225;0.5;1.352036e-06;1.2609012e-06;7.684307e-06;1;1;1;0;1;1
8230587867;8230416348;4325386;0.0015420159;0.0015763874;0.0004790449;0.15;4.6831667e-07;4.6579896e-07;3.6215854e-07;4259850;0.032717817;0.17717351;0.0020144782;0.4;0.0002115817;0.00080532953;1.1434106e-05;396809;0.063338496;0.040148623;0.05278504;0.5;1.3479528e-06;1.2601486e-06;7.683574e-06;1;1;1;0;1;1
8231595599;8231424162;4325386;0.0015393796;0.0015663768;0.00045232178;0.15;4.6707592e-07;4.6460832e-07;3.6235716e-07;4259850;0.032717817;0.17717351;0.002024888;0.4;0.00021166366;0.00080541015;1.141172e-05;396809;0.06339456;0.0401899;0.05278461;0.5;1.343974e-06;1.2594596e-06;7.680796e-06;1;1;1;0;1;1
8232603380;8232431882;4325386;0.0015470007;0.0015773182;0.0004377282;0.15;4.6583048e-07;4.6341316e-07;3.6199333e-07;4259850;0.032717817;0.17717351;0.0020426016;0.4;0.00021174575;0.00080549094;1.1383845e-05;396809;0.06346933;0.040221687;0.052768294;0.5;1.3399457e-06;1.2587535e-06;7.679784e-06;1;1;1;0;1;1
8233611126;8233439649;4325386;0.0015468455;0.0015708887;0.00044574364;0.15;4.645504e-07;4.6219404e-07;3.6219467e-07;4259850;0.032717817;0.17717351;0.0020425161;0.4;0.00021182766;0.00080557156;1.1362349e-05;396809;0.06355116;0.04025169;0.052819747;0.5;1.3363391e-06;1.2579953e-06;7.677045e-06;1;1;1;0;1;1
8234618999;8234447416;4325386;0.0015465891;0.0015745696;0.00042400078;0.15;4.6327077e-07;4.6084003e-07;3.6176488e-07;4259850;0.032717817;0.17717351;0.0020137904;0.4;0.0002119097;0.0008056523;1.133543e-05;396809;0.06361687;0.04028783;0.05278694;0.5;1.3322633e-06;1.2573462e-06;7.675251e-06;1;1;1;0;1;1
8235626627;8235455182;4325386;0.0015541655;0.0015734192;0.0003936159;0.15;4.619849e-07;4.596123e-07;3.619834e-07;4259850;0.032717817;0.17717351;0.0020492377;0.4;0.00021199179;0.000805733;1.1314988e-05;396809;0.063659236;0.040326584;0.05273732;0.5;1.3283199e-06;1.2567631e-06;7.670186e-06;1;1;1;0;1;1
8236634419;8236462996;4325386;0.001555466;0.0015730863;0.00036768336;0.15;4.6068334e-07;4.5836256e-07;3.6166136e-07;4259850;0.032717817;0.17717351;0.0020328416;0.4;0.00021207373;0.00080581364;1.128905e-05;396809;0.06371906;0.040359456;0.052721933;0.5;1.3242854e-06;1.2561354e-06;7.667004e-06;1;1;1;0;1;1
8237642333;8237470715;4325386;0.0015592587;0.0015750439;0.00037698596;0.15;4.5938125e-07;4.571327e-07;3.6190747e-07;4259850;0.032717817;0.17717351;0.002053317;0.4;0.00021215573;0.0008058943;1.126963e-05;396809;0.063799575;0.040381167;0.052768417;0.5;1.3207508e-06;1.255306e-06;7.665261e-06;1;1;1;0;1;1
8238650092;8238478482;4325386;0.00156034;0.0015710559;0.0003300323;0.15;4.580934e-07;4.559145e-07;3.615542e-07;4259850;0.032717817;0.17717351;0.0021108189;0.4;0.00021223782;0.00080597505;1.1250722e-05;396809;0.06383825;0.04042564;0.052722063;0.5;1.316614e-06;1.2547039e-06;7.65876e-06;1;1;1;0;1;1
8239657751;8239486248;4325386;0.0015643267;0.0015695745;0.0003512319;0.15;4.5681554e-07;4.5469653e-07;3.6186762e-07;4259850;0.032717817;0.17717351;0.002152107;0.4;0.00021231991;0.0008060558;1.1226519e-05;396809;0.0639026;0.04043302;0.052683633;0.5;1.3133479e-06;1.2541025e-06;7.648845e-06;1;1;1;0;1;1
8240665451;8240494014;4325386;0.001569043;0.0015731724;0.00033797347;0.15;4.55543e-07;4.5333786e-07;3.6155654e-07;4259850;0.032717817;0.17717351;0.0022049048;0.4;0.00021240186;0.0008061364;1.1208647e-05;396809;0.06397462;0.040466163;0.052762937;0.5;1.3090366e-06;1.2535382e-06;7.640723e-06;1;1;1;0;1;1
8241673323;8241501827;4325386;0.0015679686;0.0015686991;0.00031569373;0.15;4.543209e-07;4.5214998e-07;3.6185827e-07;4259850;0.032717817;0.17717351;0.0022913914;0.4;0.00021248397;0.00080621714;1.1185629e-05;396809;0.06405474;0.04050334;0.052818723;0.5;1.3046886e-06;1.2531428e-06;7.634785e-06;1;1;1;0;1;1
8242681049;8242509546;4325386;0.0015708794;0.0015694228;0.00032200877;0.15;4.5312962e-07;4.509882e-07;3.615423e-07;4259850;0.032717817;0.17717351;0.0023701682;0.4;0.00021256602;0.0008062979;1.1168982e-05;396809;0.06414919;0.0405214;0.05281286;0.5;1.3006696e-06;1.2526681e-06;7.628158e-06;1;1;1;0;1;1
8243688788;8243517311;4325386;0.0015712193;0.0015650865;0.0003558322;0.15;4.5194824e-07;4.498355e-07;3.618184e-07;4259850;0.032717817;0.17717351;0.0024510717;0.4;0.00021264797;0.0008063785;1.114704e-05;396809;0.06423365;0.040527493;0.052796755;0.5;1.2974086e-06;1.2521514e-06;7.621281e-06;1;1;1;0;1;1
8244696683;8244525077;4325386;0.0015724029;0.0015573417;0.0003740698;0.15;4.5079557e-07;4.4873119e-07;3.6148774e-07;4259850;0.032717817;0.17717351;0.00247352;0.4;0.00021273002;0.0008064592;1.1154225e-05;396809;0.06431145;0.040550444;0.05286227;0.5;1.2930731e-06;1.2513357e-06;7.6046445e-06;1;1;1;0;1;1
8245704331;8245532843;4325386;0.0015717043;0.0015571874;0.0003334966;0.15;4.4969926e-07;4.4764727e-07;3.617905e-07;4259850;0.032717817;0.17717351;0.0025102003;0.4;0.00021281208;0.0008065399;1.1150489e-05;396809;0.06437468;0.040587228;0.05289743;0.5;1.2882492e-06;1.2510185e-06;7.5919015e-06;1;1;1;0;1;1
8246712048;8246540655;4325386;0.0015758686;0.001563925;0.000370305;0.15;4.4864169e-07;4.4661226e-07;3.614835e-07;4259850;0.032717817;0.17717351;0.0025442922;0.4;0.00021289411;0.00080662064;1.1135899e-05;396809;0.06449363;0.040602095;0.052984666;0.5;1.2844266e-06;1.2505135e-06;7.587602e-06;1;1;1;0;1;1
8247719859;8247548375;4325386;0.0015768502;0.0015595637;0.00043878387;0.15;4.4762507e-07;4.4549193e-07;3.6178244e-07;4259850;0.032717817;0.17717351;0.0026017865;0.4;0.00021297608;0.00080670125;1.1115998e-05;396809;0.064645454;0.04060066;0.052948304;0.5;1.2768407e-06;1.2501808e-06;7.584589e-06;1;1;1;0;1;1
8248727690;8248556139;4325386;0.0015793153;0.0015614538;0.00049492845;0.15;4.468154e-07;4.4471113e-07;3.6155222e-07;4259850;0.032717817;0.17717351;0.0026442027;0.4;0.00021305816;0.000806782;1.1102146e-05;396809;0.06482978;0.040587418;0.05288134;0.5;1.2672263e-06;1.249715e-06;7.583359e-06;1;1;1;0;1;1
8249735407;8249563904;4325386;0.0015776833;0.0015624757;0.0005260331;0.15;4.460882e-07;4.4401534e-07;3.6181103e-07;4259850;0.032717817;0.17717351;0.0026854095;0.4;0.00021314011;0.0008068626;1.1082825e-05;396809;0.0649299;0.040591687;0.052846298;0.5;1.2610715e-06;1.249761e-06;7.582292e-06;1;1;1;0;1;1
8250743149;8250571669;4325386;0.0015785625;0.001563609;0.0005625192;0.15;4.4542602e-07;4.4338674e-07;3.614693e-07;4259850;0.032717817;0.17717351;0.002731319;0.4;0.00021322223;0.00080694334;1.10693245e-05;396809;0.06503321;0.040596187;0.05281496;0.5;1.2547753e-06;1.2498153e-06;7.5814164e-06;1;1;1;0;1;1
8251750962;8251579481;4325386;0.0015759006;0.0015635088;0.00059045217;0.15;4.4478932e-07;4.4279295e-07;3.6168802e-07;4259850;0.032717817;0.17717351;0.0027895556;0.4;0.00021330424;0.00080702396;1.1050202e-05;396809;0.06512346;0.04060118;0.052782666;0.5;1.2488608e-06;1.249717e-06;7.5796147e-06;1;1;1;0;1;1
8252758744;8252587199;4325386;0.0015757285;0.0015658473;0.0006225986;0.15;4.4420437e-07;4.4224868e-07;3.613052e-07;4259850;0.032717817;0.17717351;0.0028471884;0.4;0.00021338632;0.0008071047;1.10368055e-05;396809;0.065222465;0.04060455;0.052756023;0.5;1.2428577e-06;1.2497901e-06;7.5789153e-06;1;1;1;0;1;1
8253766498;8253594964;4325386;0.001575227;0.0015674938;0.0006551061;0.15;4.4362676e-07;4.4159404e-07;3.614482e-07;4259850;0.032717817;0.17717351;0.0029010775;0.4;0.00021346827;0.0008071853;1.1017748e-05;396809;0.065317675;0.04060631;0.052732;0.5;1.2372243e-06;1.2498639e-06;7.578231e-06;1;1;1;0;1;1
8254774257;8254602728;4325386;0.0015726152;0.0015687954;0.00067734445;0.15;4.4310016e-07;4.411105e-07;3.6101775e-07;4259850;0.032717817;0.17717351;0.0029822595;0.4;0.0002135503;0.000807266;1.1004389e-05;396809;0.06540964;0.04061031;0.052699648;0.5;1.2314435e-06;1.2499308e-06;7.5773933e-06;1;1;1;0;1;1
8255781969;8255610493;4325386;0.0015707896;0.0015685394;0.000697015;0.15;4.4259974e-07;4.4065598e-07;3.6117473e-07;4259850;0.032717817;0.17717351;0.0030321581;0.4;0.00021363236;0.0008073467;1.0985521e-05;396809;0.065497294;0.040613662;0.05267126;0.5;1.2261771e-06;1.2499952e-06;7.5767466e-06;1;1;1;0;1;1
8256789693;8256618304;4325386;0.0015700165;0.0015680363;0.00070855586;0.15;4.4210566e-07;4.4021056e-07;3.6070787e-07;4259850;0.032717817;0.17717351;0.0030795743;0.4;0.00021371432;0.00080742734;1.097215e-05;396809;0.065585814;0.040617794;0.052637212;0.5;1.2206272e-06;1.2500483e-06;7.5758703e-06;1;1;1;0;1;1
8257797528;8257626022;4325386;0.0015701725;0.0015690465;0.0007240228;0.15;4.4163883e-07;4.3979367e-07;3.6084168e-07;4259850;0.032717817;0.17717351;0.0031350118;0.4;0.00021379637;0.00080750807;1.0953396e-05;396809;0.06566361;0.040621493;0.052614257;0.5;1.215694e-06;1.2500909e-06;7.575244e-06;1;1;1;0;1;1
8258805292;8258633786;4325386;0.0015687182;0.0015685362;0.00073838304;0.15;4.4117292e-07;4.3938067e-07;3.6035834e-07;4259850;0.032717817;0.17717351;0.0031951931;0.4;0.0002138783;0.0008075887;1.094018e-05;396809;0.06575126;0.04062448;0.052588757;0.5;1.2103848e-06;1.2501329e-06;7.574652e-06;1;1;1;0;1;1
8259813114;8259641551;4325386;0.0015670592;0.0015664272;0.00074894854;0.15;4.407023e-07;4.3887016e-07;3.604398e-07;4259850;0.032717817;0.17717351;0.0032582327;0.4;0.00021396035;0.0008076694;1.0921576e-05;396809;0.06582604;0.040627036;0.05256217;0.5;1.2053987e-06;1.2499964e-06;7.5731664e-06;1;1;1;0;1;1
8260820758;8260649315;4325386;0.0015665708;0.0015671676;0.00075443805;0.15;4.40255e-07;4.3847737e-07;3.5994168e-07;4259850;0.032717817;0.17717351;0.0033286158;0.4;0.0002140423;0.00080775004;1.0908612e-05;396809;0.06590763;0.040629994;0.05253187;0.5;1.200361e-06;1.2500245e-06;7.572388e-06;1;1;1;0;1;1
8261828672;8261657126;4325386;0.0015644984;0.0015757536;0.000756713;0.15;4.398288e-07;4.3810857e-07;3.600532e-07;4259850;0.032717817;0.17717351;0.0034192002;0.4;0.00021412436;0.0008078308;1.08903705e-05;396809;0.06598787;0.040632695;0.05251076;0.5;1.1957304e-06;1.2500514e-06;7.571816e-06;1;1;1;0;1;1
8262836586;8262664843;4325386;0.0015683273;0.0015609423;0.00077287975;0.15;4.39418e-07;4.377446e-07;3.5952445e-07;4259850;0.032717817;0.17717351;0.0034866931;0.4;0.00021420636;0.00080791145;1.0877769e-05;396809;0.06610095;0.04063332;0.052524574;0.5;1.1905987e-06;1.2500587e-06;7.5654807e-06;1;1;1;0;1;1
8263844114;8263672607;4325386;0.0015660923;0.001575408;0.00074740883;0.15;4.3901068e-07;4.3737967e-07;3.596303e-07;4259850;0.032717817;0.17717351;0.0035434603;0.4;0.00021428839;0.00080799207;1.0859897e-05;396809;0.06615588;0.040638525;0.052409366;0.5;1.1864898e-06;1.2500573e-06;7.5515995e-06;1;1;1;0;1;1
8264852163;8264680371;4325386;0.0015633922;0.001557388;0.0007724617;0.15;4.3863173e-07;4.3702474e-07;3.5916895e-07;4259850;0.032717817;0.17717351;0.0035796522;0.4;0.00021437045;0.0008080728;1.0870066e-05;396809;0.06626635;0.040640753;0.052458853;0.5;1.1815873e-06;1.2499987e-06;7.542109e-06;1;1;1;0;1;1
8265859653;8265688135;4325386;0.0015711631;0.0015569488;0.0008154076;0.15;4.382145e-07;4.365599e-07;3.5918333e-07;4259850;0.032717817;0.17717351;0.0036221435;0.4;0.00021445245;0.0008081534;1.085313e-05;396809;0.06636319;0.04064247;0.05256304;0.5;1.177975e-06;1.2497798e-06;7.5356675e-06;1;1;1;0;1;1
8266867753;8266695946;4325386;0.0015550267;0.0015531777;0.0008122227;0.15;4.3782813e-07;4.3623086e-07;3.586368e-07;4259850;0.032717817;0.17717351;0.0036793044;0.4;0.00021453455;0.00080823415;1.084222e-05;396809;0.06643563;0.04065014;0.052542165;0.5;1.1735397e-06;1.2495584e-06;7.5344324e-06;1;1;1;0;1;1
8267875161;8267703663;4325386;0.0015642542;0.0015538888;0.00081039034;0.15;4.3743128e-07;4.3589205e-07;3.5867208e-07;4259850;0.032717817;0.17717351;0.0037349067;0.4;0.00021461652;0.00080831477;1.0826012e-05;396809;0.06650397;0.04065562;0.052540008;0.5;1.1696698e-06;1.2494911e-06;7.5326247e-06;1;1;1;0;1;1
8268883202;8268711427;4325386;0.0015657836;0.0015488247;0.0008131142;0.15;4.370481e-07;4.3556997e-07;3.5811152e-07;4259850;0.032717817;0.17717351;0.0038025328;0.4;0.00021469862;0.0008083955;1.0815684e-05;396809;0.066575564;0.040661007;0.052541643;0.5;1.165628e-06;1.249413e-06;7.5309194e-06;1;1;1;0;1;1
8269890799;8269719191;4325386;0.0015635168;0.0015376909;0.0008256934;0.15;4.3667436e-07;4.352484e-07;3.5815307e-07;4259850;0.032717817;0.17717351;0.0038434383;0.4;0.00021478067;0.00080847624;1.081101e-05;396809;0.06668213;0.04066231;0.05259941;0.5;1.1614512e-06;1.2493667e-06;7.5224516e-06;1;1;1;0;1;1
8270898631;8270726954;4325386;0.0015601936;0.0015381714;0.0007835542;0.15;4.363115e-07;4.3491835e-07;3.575721e-07;4259850;0.032717817;0.17717351;0.003888639;0.4;0.0002148627;0.0008085569;1.0811912e-05;396809;0.06673721;0.04067756;0.052563448;0.5;1.1571802e-06;1.249134e-06;7.5132243e-06;1;1;1;0;1;1
8271906222;8271734765;4325386;0.0015699067;0.0015351253;0.0007908921;0.15;4.35915e-07;4.3449054e-07;3.5761443e-07;4259850;0.032717817;0.17717351;0.0039545917;0.4;0.00021494477;0.0008086376;1.0818532e-05;396809;0.06681735;0.04068582;0.052630648;0.5;1.1536059e-06;1.2489646e-06;7.506736e-06;1;1;1;0;1;1
8272914073;8272742482;4325386;0.0015647988;0.0015357501;0.00083101564;0.15;4.3556892e-07;4.3420434e-07;3.5763014e-07;4259850;0.032717817;0.17717351;0.0039926595;0.4;0.00021502683;0.0008087183;1.0836218e-05;396809;0.066923425;0.04069073;0.052748505;0.5;1.1500505e-06;1.2488531e-06;7.4980135e-06;1;1;1;0;1;1
8273921752;8273750245;4325386;0.0015701461;0.0015300711;0.0007444936;0.15;4.352062e-07;4.3390892e-07;3.570761e-07;4259850;0.032717817;0.17717351;0.004028397;0.4;0.00021510878;0.00080879894;1.0859405e-05;396809;0.066953085;0.040724114;0.05266557;0.5;1.1458751e-06;1.2483797e-06;7.4769805e-06;1;1;1;0;1;1
8274929495;8274758009;4325386;0.0015742668;0.0015258897;0.00066872954;0.15;4.3485912e-07;4.3361587e-07;3.5734192e-07;4259850;0.032717817;0.17717351;0.004086396;0.4;0.00021519087;0.0008088797;1.0851223e-05;396809;0.06697122;0.04075108;0.052611366;0.5;1.1424613e-06;1.2481867e-06;7.4624845e-06;1;1;1;0;1;1
8275937295;8275765772;4325386;0.001576009;0.0015235154;0.00065650424;0.15;4.3451348e-07;4.3331872e-07;3.5704855e-07;4259850;0.032717817;0.17717351;0.0041564396;0.4;0.00021527294;0.0008089604;1.0838021e-05;396809;0.067026265;0.04075871;0.052621797;0.5;1.1389108e-06;1.2480791e-06;7.4607115e-06;1;1;1;0;1;1
8276945058;8276773583;4325386;0.0015759118;0.001519164;0.00058691576;0.15;4.341557e-07;4.330025e-07;3.573755e-07;4259850;0.032717817;0.17717351;0.0042284443;0.4;0.00021535491;0.000809041;1.0830063e-05;396809;0.06704676;0.04078459;0.05262138;0.5;1.1354125e-06;1.247763e-06;7.4503446e-06;1;1;1;0;1;1
8277952836;8277781299;4325386;0.0015764637;0.0015158623;0.0005199591;0.15;4.3381064e-07;4.3269117e-07;3.572231e-07;4259850;0.032717817;0.17717351;0.004302815;0.4;0.00021543699;0.00080912176;1.0822226e-05;396809;0.06707496;0.040807277;0.052609;0.5;1.1318685e-06;1.2475182e-06;7.4422046e-06;1;1;1;0;1;1
8278960539;8278789062;4325386;0.0015773983;0.0015117541;0.00045866636;0.15;4.3340603e-07;4.3226132e-07;3.5765606e-07;4259850;0.032717817;0.17717351;0.004365392;0.4;0.00021551894;0.0008092024;1.0808902e-05;396809;0.06709597;0.040828183;0.052607205;0.5;1.1286103e-06;1.2472849e-06;7.4340132e-06;1;1;1;0;1;1
8279968382;8279796825;4325386;0.0015810315;0.0015086045;0.0003974319;0.15;4.3305644e-07;4.319321e-07;3.5763344e-07;4259850;0.032717817;0.17717351;0.0044239396;0.4;0.00021560097;0.00080928305;1.0801105e-05;396809;0.06711769;0.0408479;0.052602492;0.5;1.1252745e-06;1.2470689e-06;7.426431e-06;1;1;1;0;1;1
8280976092;8280804589;4325386;0.0015839415;0.0015044768;0.00034746117;0.15;4.327058e-07;4.3160537e-07;3.5820233e-07;4259850;0.032717817;0.17717351;0.004517942;0.4;0.00021568306;0.0008093638;1.0788411e-05;396809;0.06714461;0.04085753;0.052575804;0.5;1.1222083e-06;1.2467077e-06;7.4166683e-06;1;1;1;0;1;1
8281983826;8281812399;4325386;0.0015814477;0.0014961299;0.00031795283;0.15;4.3234627e-07;4.3127062e-07;3.5823433e-07;4259850;0.032717817;0.17717351;0.0046178317;0.4;0.00021576499;0.0008094444;1.0781453e-05;396809;0.0671769;0.04085817;0.052532397;0.5;1.1193863e-06;1.2465706e-06;7.4059726e-06;1;1;1;0;1;1
8282991647;8282820115;4325386;0.0015752388;0.0014958325;0.00025976828;0.15;4.320044e-07;4.3095523e-07;3.5892407e-07;4259850;0.032717817;0.17717351;0.004726425;0.4;0.00021584712;0.00080952514;1.077034e-05;396809;0.0671845;0.040876806;0.052511293;0.5;1.1166535e-06;1.2464533e-06;7.39323e-06;1;1;1;0;1;1
8283999383;8283827878;4325386;0.001577556;0.0014886499;0.00027100666;0.15;4.3164965e-07;4.3062877e-07;3.5905842e-07;4259850;0.032717817;0.17717351;0.004814806;0.4;0.00021592905;0.00080960576;1.0765449e-05;396809;0.067225285;0.04087489;0.05256561;0.5;1.1137785e-06;1.2463141e-06;7.39089e-06;1;1;1;0;1;1
8285007127;8284835641;4325386;0.0015726385;0.001487414;0.0002234359;0.15;4.3126974e-07;4.3023982e-07;3.5954588e-07;4259850;0.032717817;0.17717351;0.0049051982;0.4;0.00021601113;0.0008096865;1.0756915e-05;396809;0.06725228;0.04090853;0.05260695;0.5;1.1120828e-06;1.2454299e-06;7.389295e-06;1;1;1;0;1;1
8286014930;8285843404;4325386;0.0015640162;0.0014885046;8.8171626e-05;0.15;4.3103208e-07;4.3003377e-07;3.5926647e-07;4259850;0.032717817;0.17717351;0.004978595;0.4;0.00021609322;0.0008097672;1.0754497e-05;396809;0.06722014;0.041031312;0.0526671;0.5;1.1109734e-06;1.2394071e-06;7.3880583e-06;1;1;1;0;1;1
8287022679;8286851214;4325386;0.0015561465;0.0014837456;-1.8331682e-05;0.15;4.312208e-07;4.3025608e-07;3.5939672e-07;4259850;0.032717817;0.17717351;0.005050281;0.4;0.00021617519;0.00080984784;1.074788e-05;396809;0.06719175;0.04116301;0.052706845;0.5;1.1072214e-06;1.2246448e-06;7.3869696e-06;1;1;1;0;1;1
8288030394;8287858930;4325386;0.0015381979;0.001483363;-5.476681e-05;0.15;4.321332e-07;4.312241e-07;3.590949e-07;4259850;0.032717817;0.17717351;0.0050709466;0.4;0.00021625725;0.0008099286;1.08100685e-05;396809;0.06723745;0.041266974;0.052937593;0.5;1.102533e-06;1.2067867e-06;7.3681967e-06;1;1;1;0;1;1
8289038211;8288866693;4325386;0.0015232124;0.0014860347;-5.8872967e-05;0.15;4.3377494e-07;4.32951e-07;3.595994e-07;4259850;0.032717817;0.17717351;0.0051674345;0.4;0.00021633932;0.00081000925;1.0819399e-05;396809;0.06728316;0.041305885;0.053036515;0.5;1.0977813e-06;1.1910864e-06;7.3612177e-06;1;1;1;0;1;1
8290046022;8289874456;4325386;0.0015103449;0.0014782998;-0.0001698044;0.15;4.3611232e-07;4.353702e-07;3.5964453e-07;4259850;0.032717817;0.17717351;0.0052430686;0.4;0.00021642137;0.00081009;1.0853204e-05;396809;0.067268156;0.041425362;0.05323814;0.5;1.0922698e-06;1.1769461e-06;7.34724e-06;1;1;1;0;1;1
8291053695;8290882219;4325386;0.0015051105;0.001477688;-0.00027354856;0.15;4.3896185e-07;4.3820864e-07;3.6024124e-07;4259850;0.032717817;0.17717351;0.005369185;0.4;0.00021650335;0.0008101706;1.0848687e-05;396809;0.067276955;0.041536562;0.053381067;0.5;1.0879337e-06;1.1660426e-06;7.3396e-06;1;1;1;0;1;1
8292061460;8291890028;4325386;0.0014914568;0.0014798532;-0.00029680398;0.15;4.4236168e-07;4.416265e-07;3.6029158e-07;4259850;0.032717817;0.17717351;0.0054892893;0.4;0.00021658544;0.00081025134;1.0848287e-05;396809;0.06729478;0.041568935;0.053440195;0.5;1.0833772e-06;1.1556562e-06;7.336283e-06;1;1;1;0;1;1
8293069295;8292897744;4325386;0.0014779365;0.0014735763;-0.0003354318;0.15;4.4603513e-07;4.453244e-07;3.60672e-07;4259850;0.032717817;0.17717351;0.0056388383;0.4;0.00021666751;0.0008103321;1.08417935e-05;396809;0.06735095;0.041601673;0.05348072;0.5;1.0812665e-06;1.1508745e-06;7.3328974e-06;1;1;1;0;1;1
8294077018;8293905507;4325386;0.0014692113;0.0014630394;-0.0004085431;0.15;4.496176e-07;4.4892894e-07;3.6005554e-07;4259850;0.032717817;0.17717351;0.0058042626;0.4;0.00021674948;0.00081041275;1.083889e-05;396809;0.06742957;0.041640714;0.053522393;0.5;1.0799516e-06;1.149353e-06;7.330494e-06;1;1;1;0;1;1
8295084805;8294913269;4325386;0.0014664169;0.0014618117;-0.00045599454;0.15;4.529391e-07;4.522714e-07;3.5987634e-07;4259850;0.032717817;0.17717351;0.0059740487;0.4;0.00021683154;0.0008104935;1.0829846e-05;396809;0.06751243;0.041668158;0.053553056;0.5;1.078382e-06;1.1484547e-06;7.329754e-06;1;1;1;0;1;1
8296092527;8295921032;4325386;0.0014643766;0.0014594351;-0.00044277706;0.15;4.559718e-07;4.553361e-07;3.5904856e-07;4259850;0.032717817;0.17717351;0.0061487355;0.4;0.00021691361;0.0008105742;1.0834603e-05;396809;0.0675982;0.041697916;0.05370702;0.5;1.0763589e-06;1.1472172e-06;7.3163833e-06;1;1;1;0;1;1
8297100267;8296928841;4325386;0.0014641079;0.0014566652;-0.0004278095;0.15;4.5869922e-07;4.58035e-07;3.5879816e-07;4259850;0.032717817;0.17717351;0.006326606;0.4;0.00021699564;0.0008106549;1.0822951e-05;396809;0.06766239;0.041726466;0.05384416;0.5;1.0750624e-06;1.1462337e-06;7.306985e-06;1;1;1;0;1;1
8298108057;8297936557;4325386;0.0014645376;0.0014506323;-0.0004523212;0.15;4.6117134e-07;4.605558e-07;3.5795372e-07;4259850;0.032717817;0.17717351;0.0064593367;0.4;0.00021707757;0.0008107355;1.0815023e-05;396809;0.067728564;0.041759983;0.053815342;0.5;1.0737043e-06;1.145238e-06;7.2945686e-06;1;1;1;0;1;1
8299115811;8298944319;4325386;0.0014661835;0.0014438088;-0.00047947557;0.15;4.6338633e-07;4.628064e-07;3.579568e-07;4259850;0.032717817;0.17717351;0.0065831407;0.4;0.00021715964;0.00081081624;1.0801488e-05;396809;0.067779735;0.041783225;0.053773522;0.5;1.0725572e-06;1.1444093e-06;7.2814482e-06;1;1;1;0;1;1
8300123673;8299952082;4325386;0.001466861;0.0014405539;-0.00050245493;0.15;4.6533768e-07;4.6478695e-07;3.5741311e-07;4259850;0.032717817;0.17717351;0.006658478;0.4;0.00021724166;0.000810897;1.0809389e-05;396809;0.06780428;0.041803036;0.05390538;0.5;1.0718269e-06;1.1434292e-06;7.2705975e-06;1;1;1;0;1;1
8301131327;8300959844;4325386;0.0014653039;0.0014382256;-0.0005325531;0.15;4.6702976e-07;4.665141e-07;3.5738765e-07;4259850;0.032717817;0.17717351;0.006719167;0.4;0.00021732364;0.0008109776;1.0817399e-05;396809;0.06781979;0.041827932;0.054115325;0.5;1.0713056e-06;1.1424777e-06;7.256142e-06;1;1;1;0;1;1
8302139086;8301967653;4325386;0.0014670418;0.001448169;-0.0005707207;0.15;4.685042e-07;4.6801884e-07;3.567307e-07;4259850;0.032717817;0.17717351;0.0067803054;0.4;0.00021740574;0.0008110584;1.0809408e-05;396809;0.06784458;0.041846097;0.05418779;0.5;1.070692e-06;1.1416005e-06;7.251747e-06;1;1;1;0;1;1
8303146877;8302975368;4325386;0.0014636508;0.0014406182;-0.000617806;0.15;4.6972357e-07;4.6926093e-07;3.5669268e-07;4259850;0.032717817;0.17717351;0.0068208063;0.4;0.00021748766;0.000811139;1.0827283e-05;396809;0.067865804;0.041860513;0.054267116;0.5;1.069705e-06;1.1406289e-06;7.2405937e-06;1;1;1;0;1;1
8304154692;8303983131;4325386;0.0014638663;0.0014324298;-0.0007030518;0.15;4.707189e-07;4.7016334e-07;3.560996e-07;4259850;0.032717817;0.17717351;0.006841674;0.4;0.0002175697;0.00081121974;1.0871765e-05;396809;0.067868285;0.041878194;0.054319147;0.5;1.0686294e-06;1.1396934e-06;7.2215034e-06;1;1;1;0;1;1
8305162422;8304990893;4325386;0.0014577416;0.0014293806;-0.0007810902;0.15;4.7151408e-07;4.7095514e-07;3.5639133e-07;4259850;0.032717817;0.17717351;0.006856746;0.4;0.00021765173;0.0008113004;1.0937676e-05;396809;0.06786385;0.041887157;0.05439655;0.5;1.0675033e-06;1.1388315e-06;7.1992076e-06;1;1;1;0;1;1
8306170344;8305998655;4325386;0.0014693846;0.0014319358;-0.00070680096;0.15;4.720995e-07;4.7155245e-07;3.5612902e-07;4259850;0.032717817;0.17717351;0.0069183917;0.4;0.0002177338;0.00081138115;1.0951513e-05;396809;0.06789909;0.0419072;0.05463558;0.5;1.0667422e-06;1.137512e-06;7.188579e-06;1;1;1;0;1;1
8307177946;8307006464;4325386;0.0014667723;0.0014304175;-0.0006732739;0.15;4.7247056e-07;4.719834e-07;3.5637848e-07;4259850;0.032717817;0.17717351;0.006985251;0.4;0.00021781577;0.00081146177;1.0955336e-05;396809;0.06791882;0.041934635;0.05479729;0.5;1.065958e-06;1.1364457e-06;7.175525e-06;1;1;1;0;1;1
8308185976;8308014179;4325386;0.0014704299;0.0014303711;-0.00063111255;0.15;4.7266946e-07;4.7224174e-07;3.561146e-07;4259850;0.032717817;0.17717351;0.007082622;0.4;0.0002178978;0.0008115425;1.0949188e-05;396809;0.06795739;0.04194272;0.054835998;0.5;1.0649525e-06;1.1355918e-06;7.1644895e-06;1;1;1;0;1;1
8309193434;8309021942;4325386;0.0014718333;0.0014290344;-0.0005994057;0.15;4.7269793e-07;4.7232484e-07;3.5647327e-07;4259850;0.032717817;0.17717351;0.0071877553;0.4;0.0002179799;0.00081162323;1.09381845e-05;396809;0.067975715;0.041955497;0.054886337;0.5;1.0642518e-06;1.1348297e-06;7.163526e-06;1;1;1;0;1;1
8310201446;8310029702;4325386;0.0014700952;0.0014294006;-0.0005810757;0.15;4.7252323e-07;4.7210634e-07;3.5617117e-07;4259850;0.032717817;0.17717351;0.007256147;0.4;0.00021806186;0.00081170385;1.0932044e-05;396809;0.067992635;0.04196855;0.054914847;0.5;1.0632849e-06;1.133925e-06;7.163164e-06;1;1;1;0;1;1
8311209019;8311037464;4325386;0.0014694785;0.001430228;-0.00055992877;0.15;4.7223315e-07;4.7186606e-07;3.5649185e-07;4259850;0.032717817;0.17717351;0.0073149404;0.4;0.00021814395;0.0008117846;1.09208695e-05;396809;0.06800931;0.041980363;0.054939672;0.5;1.06264e-06;1.1332671e-06;7.1630216e-06;1;1;1;0;1;1
8312217005;8312045273;4325386;0.001470164;0.0014308025;-0.0005357188;0.15;4.7180322e-07;4.7148612e-07;3.5620153e-07;4259850;0.032717817;0.17717351;0.0073814723;0.4;0.00021822604;0.0008118653;1.0914443e-05;396809;0.068027124;0.04199405;0.054963745;0.5;1.0619725e-06;1.1325966e-06;7.1629293e-06;1;1;1;0;1;1
8313224527;8313052987;4325386;0.0014690545;0.0014306328;-0.0005110533;0.15;4.7123453e-07;4.7096782e-07;3.5648304e-07;4259850;0.032717817;0.17717351;0.007416823;0.4;0.00021830805;0.000811946;1.0902303e-05;396809;0.068043254;0.042007178;0.05498306;0.5;1.0613694e-06;1.1320233e-06;7.1628674e-06;1;1;1;0;1;1
8314232541;8314060749;4325386;0.0014695127;0.0014316496;-0.0004890242;0.15;4.7055295e-07;4.7033674e-07;3.5615915e-07;4259850;0.032717817;0.17717351;0.0074569965;0.4;0.00021839012;0.0008120267;1.0894829e-05;396809;0.0680579;0.04202057;0.054996356;0.5;1.0607333e-06;1.1314506e-06;7.1628306e-06;1;1;1;0;1;1
8315240203;8315068510;4325386;0.0014698707;0.0014305443;-0.00045985376;0.15;4.6977152e-07;4.6960443e-07;3.564279e-07;4259850;0.032717817;0.17717351;0.0074897064;0.4;0.00021847215;0.0008121074;1.0886839e-05;396809;0.068074346;0.042033866;0.055007834;0.5;1.0601526e-06;1.1309395e-06;7.1627614e-06;1;1;1;0;1;1
8316247728;8316076272;4325386;0.0014724097;0.0014319262;-0.00037261602;0.15;4.688906e-07;4.686593e-07;3.5658422e-07;4259850;0.032717817;0.17717351;0.0075022457;0.4;0.00021855414;0.000812188;1.0873014e-05;396809;0.0681351;0.04206678;0.055012885;0.5;1.0580194e-06;1.1295722e-06;7.1615345e-06;1;1;1;0;1;1
8317255517;8317084080;4325386;0.001471713;0.0014314703;-0.00022678671;0.15;4.6816248e-07;4.679767e-07;3.5610302e-07;4259850;0.032717817;0.17717351;0.007519378;0.4;0.00021863623;0.00081226876;1.0863867e-05;396809;0.06826799;0.042127103;0.05497789;0.5;1.0518835e-06;1.1255061e-06;7.1609043e-06;1;1;1;0;1;1
8318263329;8318091795;4325386;0.0014726764;0.0014349506;-0.00014741666;0.15;4.676007e-07;4.6745163e-07;3.562565e-07;4259850;0.032717817;0.17717351;0.007504768;0.4;0.00021871827;0.0008123495;1.0849124e-05;396809;0.0683524;0.042149317;0.054950275;0.5;1.048286e-06;1.1235843e-06;7.1604522e-06;1;1;1;0;1;1
8319271087;8319099556;4325386;0.0014737039;0.0014364055;-0.00012910413;0.15;4.6699964e-07;4.668841e-07;3.5582414e-07;4259850;0.032717817;0.17717351;0.0074932943;0.4;0.0002188002;0.0008124301;1.083921e-05;396809;0.0683777;0.042172365;0.054946635;0.5;1.0469538e-06;1.1230608e-06;7.1603163e-06;1;1;1;0;1;1
8320278817;8320107317;4325386;0.0014709829;0.0014377345;-0.00018607458;0.15;4.6634244e-07;4.6625442e-07;3.5603307e-07;4259850;0.032717817;0.17717351;0.007496726;0.4;0.00021888225;0.00081251084;1.0823775e-05;396809;0.068346374;0.042209063;0.054967444;0.5;1.0463684e-06;1.1216055e-06;7.1602035e-06;1;1;1;0;1;1
8321286597;8321115078;4325386;0.0014660427;0.0014403762;-0.0002263196;0.15;4.6590645e-07;4.6584123e-07;3.5567234e-07;4259850;0.032717817;0.17717351;0.0074990904;0.4;0.00021896433;0.0008125916;1.0813512e-05;396809;0.06832462;0.04223998;0.054979827;0.5;1.0416566e-06;1.1142424e-06;7.1599943e-06;1;1;1;0;1;1
8322294297;8322122888;4325386;0.0014572376;0.001446731;-0.0002772842;0.15;4.663358e-07;4.6617419e-07;3.5591938e-07;4259850;0.032717817;0.17717351;0.0075128484;0.4;0.00021904636;0.00081267225;1.0797711e-05;396809;0.0682446;0.042263255;0.05499543;0.5;1.0301152e-06;1.1005836e-06;7.1591503e-06;1;1;1;0;1;1
8323302073;8323130600;4325386;0.0014461043;0.0014525239;-0.0003187267;0.15;4.6806375e-07;4.6790396e-07;3.5564688e-07;4259850;0.032717817;0.17717351;0.0075425357;0.4;0.00021912844;0.000812753;1.0787344e-05;396809;0.06815293;0.04224644;0.055014316;0.5;1.0171327e-06;1.0858217e-06;7.157852e-06;1;1;1;0;1;1
8324309877;8324138361;4325386;0.0014345761;0.0014592579;-0.00030835366;0.15;4.7073667e-07;4.7058472e-07;3.559723e-07;4259850;0.032717817;0.17717351;0.0075967074;0.4;0.00021921039;0.0008128336;1.0771349e-05;396809;0.0681268;0.04220599;0.055022918;0.5;1.0094844e-06;1.0765382e-06;7.157423e-06;1;1;1;0;1;1
8325317694;8325146122;4325386;0.0014241642;0.0014577017;-0.00027983868;0.15;4.7388053e-07;4.7373027e-07;3.5551395e-07;4259850;0.032717817;0.17717351;0.0076183686;0.4;0.00021929247;0.00081291434;1.0761285e-05;396809;0.06815239;0.04219664;0.055030633;0.5;1.0057403e-06;1.0718927e-06;7.1562818e-06;1;1;1;0;1;1
8326325323;8326153883;4325386;0.0014213356;0.0014588383;-0.00031198034;0.15;4.7698046e-07;4.7683656e-07;3.5539898e-07;4259850;0.032717817;0.17717351;0.0076469937;0.4;0.00021937459;0.0008129951;1.0746031e-05;396809;0.0681838;0.04222559;0.05503106;0.5;1.0044528e-06;1.0705464e-06;7.155553e-06;1;1;1;0;1;1
8327333138;8327161691;4325386;0.001420663;0.0014583338;-0.00033904306;0.15;4.7981274e-07;4.7968194e-07;3.5446467e-07;4259850;0.032717817;0.17717351;0.007675054;0.4;0.00021945655;0.0008130757;1.0736267e-05;396809;0.06822487;0.04226219;0.055035967;0.5;1.0034165e-06;1.0694823e-06;7.154699e-06;1;1;1;0;1;1
8328340931;8328169404;4325386;0.0014189724;0.0014572006;-0.00033103727;0.15;4.8232226e-07;4.820864e-07;3.539994e-07;4259850;0.032717817;0.17717351;0.0076950383;0.4;0.00021953859;0.0008131564;1.0721421e-05;396809;0.06827442;0.042306576;0.05502545;0.5;1.0020768e-06;1.0678286e-06;7.1543645e-06;1;1;1;0;1;1
8329348688;8329177165;4325386;0.0014215788;0.0014535694;-0.0002513858;0.15;4.8456803e-07;4.8434384e-07;3.5286374e-07;4259850;0.032717817;0.17717351;0.0077246744;0.4;0.00021962065;0.00081323716;1.0712127e-05;396809;0.06833845;0.042373326;0.055026066;0.5;1.0000015e-06;1.0646241e-06;7.153191e-06;1;1;1;0;1;1
8330356423;8330184926;4325386;0.0014234135;0.0014591861;-0.00018256325;0.15;4.8662866e-07;4.864159e-07;3.52462e-07;4259850;0.032717817;0.17717351;0.0077682086;0.4;0.00021970259;0.0008133178;1.0697498e-05;396809;0.06839685;0.042424787;0.05501091;0.5;1.0000034e-06;1.0615723e-06;7.1530544e-06;1;1;1;0;1;1
8331364231;8331192686;4325386;0.0014266365;0.001462145;-0.00014375767;0.15;4.8846533e-07;4.882761e-07;3.5154164e-07;4259850;0.032717817;0.17717351;0.007803046;0.4;0.00021978462;0.00081339845;1.0688296e-05;396809;0.06844646;0.04246546;0.055002842;0.5;1.0000009e-06;1.0593756e-06;7.152853e-06;1;1;1;0;1;1
8332371983;8332200494;4325386;0.0014268552;0.0014643965;-0.00017483905;0.15;4.900205e-07;4.898451e-07;3.5147548e-07;4259850;0.032717817;0.17717351;0.007834199;0.4;0.00021986666;0.0008134792;1.0674208e-05;396809;0.06846049;0.042485982;0.055005543;0.5;1.0000028e-06;1.0585999e-06;7.152443e-06;1;1;1;0;1;1
8333379686;8333208207;4325386;0.0014239445;0.0014659264;-0.00022037384;0.15;4.91379e-07;4.9121655e-07;3.5107522e-07;4259850;0.032717817;0.17717351;0.007876566;0.4;0.00021994863;0.00081355986;1.066552e-05;396809;0.06846552;0.042500705;0.05501332;0.5;1.0000011e-06;1.0560037e-06;7.1517115e-06;1;1;1;0;1;1
8334387496;8334215968;4325386;0.0014202545;0.0014682538;-0.0002535988;0.15;4.930874e-07;4.929308e-07;3.5152246e-07;4259850;0.032717817;0.17717351;0.007851634;0.4;0.00022003072;0.0008136406;1.06518655e-05;396809;0.06841301;0.042503327;0.055028275;0.5;1.0000042e-06;1.0485195e-06;7.151006e-06;1;1;1;0;1;1
8335395304;8335223728;4325386;0.0014108982;0.0014740968;-0.000349012;0.15;4.9574356e-07;4.9545014e-07;3.51288e-07;4259850;0.032717817;0.17717351;0.007829738;0.4;0.00022011272;0.00081372133;1.064369e-05;396809;0.068256535;0.042504907;0.055061325;0.5;1.0000017e-06;1.0358378e-06;7.149784e-06;1;1;1;0;1;1
8336402931;8336231489;4325386;0.0014006769;0.0014791801;-0.0004487556;0.15;4.9953786e-07;4.992313e-07;3.5154008e-07;4259850;0.032717817;0.17717351;0.007827691;0.4;0.00022019481;0.00081380206;1.0630466e-05;396809;0.068073794;0.042497747;0.055102784;0.5;1.000005e-06;1.0230316e-06;7.1481963e-06;1;1;1;0;1;1
8337410685;8337239296;4325386;0.0013974974;0.0014867064;-0.00053217186;0.15;5.0433846e-07;5.040182e-07;3.512169e-07;4259850;0.032717817;0.17717351;0.007860011;0.4;0.00022027678;0.0008138827;1.06226635e-05;396809;0.067944296;0.042440336;0.055117525;0.5;1.0000007e-06;1.0110014e-06;7.1471695e-06;1;1;1;0;1;1
8338418612;8338247009;4325386;0.0013905909;0.0014958794;-0.00064604334;0.15;5.099237e-07;5.095999e-07;3.5156773e-07;4259850;0.032717817;0.17717351;0.007871901;0.4;0.00022035882;0.0008139634;1.0646636e-05;396809;0.067883134;0.042300317;0.05501043;0.5;1.0000041e-06;1.0011105e-06;7.1346835e-06;1;1;1;0;1;1
8339426375;8339254769;4325386;0.0013852924;0.0015002693;-0.00069263927;0.15;5.161663e-07;5.158221e-07;3.5130762e-07;4259850;0.032717817;0.17717351;0.007882495;0.4;0.0002204409;0.0008140441;1.0639549e-05;396809;0.067790926;0.04219367;0.054978095;0.5;1.0000008e-06;1.0000001e-06;7.1289146e-06;1;1;1;0;1;1
8340434052;8340262530;4325386;0.0013796992;0.0015011317;-0.0007011797;0.15;5.229575e-07;5.225959e-07;3.516207e-07;4259850;0.032717817;0.17717351;0.0078826435;0.4;0.00022052295;0.0008141248;1.0627745e-05;396809;0.06765357;0.04214822;0.05501438;0.5;1.0000041e-06;1.0000001e-06;7.111716e-06;1;1;1;0;1;1
8341441729;8341270290;4325386;0.0013728224;0.0015040057;-0.0007309336;0.15;5.301834e-07;5.296787e-07;3.5117608e-07;4259850;0.032717817;0.17717351;0.007901091;0.4;0.00022060491;0.00081420544;1.06216885e-05;396809;0.0675261;0.042083044;0.055053454;0.5;1.0000008e-06;1e-06;7.0995698e-06;1;1;1;0;1;1
8342449596;8342278097;4325386;0.0013667229;0.0015063533;-0.0007744719;0.15;5.377818e-07;5.372708e-07;3.5132413e-07;4259850;0.032717817;0.17717351;0.007926901;0.4;0.00022068703;0.0008142862;1.0611492e-05;396809;0.067441076;0.041993544;0.055077717;0.5;1.0000041e-06;1e-06;7.0939204e-06;1;1;1;0;1;1
8343457319;8343285810;4325386;0.0013635487;0.0015069754;-0.0008285157;0.15;5.456543e-07;5.4513623e-07;3.5073347e-07;4259850;0.032717817;0.17717351;0.007933351;0.4;0.00022076907;0.0008143669;1.0607196e-05;396809;0.06737963;0.041867923;0.05508203;0.5;1.0000008e-06;1e-06;7.093897e-06;1;1;1;0;1;1
8344465086;8344293570;4325386;0.0013601318;0.0015069302;-0.0008834424;0.15;5.537082e-07;5.5318174e-07;3.5075686e-07;4259850;0.032717817;0.17717351;0.00791232;0.4;0.00022085104;0.0008144476;1.0598407e-05;396809;0.06732036;0.041743755;0.05508427;0.5;1.0000041e-06;1e-06;7.093782e-06;1;1;1;0;1;1
8345472895;8345301330;4325386;0.001357831;0.0015059955;-0.0009255864;0.15;5.61895e-07;5.6136037e-07;3.5007375e-07;4259850;0.032717817;0.17717351;0.0078818435;0.4;0.00022093307;0.0008145283;1.0595149e-05;396809;0.0672603;0.04161958;0.05509253;0.5;1.0000008e-06;1e-06;7.0935275e-06;1;1;1;0;1;1
8346480661;8346309090;4325386;0.0013554837;0.0015040357;-0.00095832034;0.15;5.7011056e-07;5.695849e-07;3.500401e-07;4259850;0.032717817;0.17717351;0.007836124;0.4;0.00022101513;0.00081460905;1.0587153e-05;396809;0.06720784;0.04150203;0.055100165;0.5;1.0000041e-06;1e-06;7.093132e-06;1;1;1;0;1;1
8347488529;8347316897;4325386;0.0013541713;0.0015021218;-0.0009948967;0.15;5.783182e-07;5.7767824e-07;3.492744e-07;4259850;0.032717817;0.17717351;0.007789454;0.4;0.00022109716;0.00081468973;1.0584224e-05;396809;0.06717724;0.04136949;0.055091284;0.5;1e-06;1e-06;7.0921387e-06;1;1;1;0;1;1
8348496103;8348324609;4325386;0.0013521526;0.001499704;-0.0010191556;0.15;5.8643116e-07;5.857772e-07;3.4924784e-07;4259850;0.032717817;0.17717351;0.00773483;0.4;0.00022117925;0.00081477046;1.0576469e-05;396809;0.06715682;0.041239005;0.055073675;0.5;1.0000033e-06;1e-06;7.09046e-06;1;1;1;0;1;1
8349504112;8349332369;4325386;0.0013505843;0.0014958039;-0.0009899104;0.15;5.943718e-07;5.9370024e-07;3.485772e-07;4259850;0.032717817;0.17717351;0.0076897605;0.4;0.00022126117;0.0008148511;1.0573509e-05;396809;0.06706477;0.04115801;0.05507769;0.5;1e-06;1e-06;7.0813585e-06;1;1;1;0;1;1
8350511720;8350340129;4325386;0.0013519517;0.0014931712;-0.0009595283;0.15;6.0209896e-07;6.014045e-07;3.4860608e-07;4259850;0.032717817;0.17717351;0.007635096;0.4;0.00022134326;0.0008149318;1.056588e-05;396809;0.06697403;0.041088883;0.055094104;0.5;1.0000028e-06;1e-06;7.0704145e-06;1;1;1;0;1;1
8351519599;8351347888;4325386;0.0013506869;0.0014840859;-0.0009921334;0.15;6.095361e-07;6.088066e-07;3.479258e-07;4259850;0.032717817;0.17717351;0.007582647;0.4;0.00022142538;0.00081501255;1.0563478e-05;396809;0.06696046;0.040960822;0.055075705;0.5;1e-06;1e-06;7.0684655e-06;1;1;1;0;1;1
8352527184;8352355695;4325386;0.0013498486;0.0014855841;-0.0010334698;0.15;6.16612e-07;6.158461e-07;3.4796767e-07;4259850;0.032717817;0.17717351;0.0075091124;0.4;0.00022150729;0.00081509317;1.0556278e-05;396809;0.0669423;0.04083728;0.055052683;0.5;1.0000027e-06;1e-06;7.067118e-06;1;1;1;0;1;1
8353535176;8353363407;4325386;0.0013476645;0.0014773706;-0.0010307471;0.15;6.2325796e-07;6.2240116e-07;3.4742203e-07;4259850;0.032717817;0.17717351;0.00743398;0.4;0.00022158935;0.0008151739;1.0554168e-05;396809;0.06690777;0.04072351;0.05504114;0.5;1e-06;1e-06;7.062852e-06;1;1;1;0;1;1
8354542678;8354371167;4325386;0.0013477423;0.0014682908;-0.0010357749;0.15;6.29449e-07;6.2853326e-07;3.4763787e-07;4259850;0.032717817;0.17717351;0.0073885606;0.4;0.00022167139;0.00081525464;1.0552233e-05;396809;0.06688119;0.040614408;0.055033084;0.5;1.0000028e-06;1e-06;7.061273e-06;1;1;1;0;1;1
8355550663;8355378926;4325386;0.0013437151;0.001464666;-0.0011081033;0.15;6.352104e-07;6.342319e-07;3.4720034e-07;4259850;0.032717817;0.17717351;0.0073270365;0.4;0.00022175333;0.00081533525;1.0545301e-05;396809;0.06687119;0.040473733;0.054952156;0.5;1e-06;1e-06;7.0552046e-06;1;1;1;0;1;1
8356558162;8356386685;4325386;0.0013492062;0.0014569355;-0.0011103874;0.15;6.402904e-07;6.3923665e-07;3.47512e-07;4259850;0.032717817;0.17717351;0.0072585875;0.4;0.00022183536;0.00081541593;1.05436175e-05;396809;0.066848375;0.040368207;0.054952607;0.5;1.0000023e-06;1e-06;7.055166e-06;1;1;1;0;1;1
8357565928;8357394492;4325386;0.0013500187;0.0014501193;-0.0011148574;0.15;6.447579e-07;6.436178e-07;3.479101e-07;4259850;0.032717817;0.17717351;0.007190218;0.4;0.00022191743;0.00081549666;1.053727e-05;396809;0.06682536;0.040264066;0.05495035;0.5;1.0000047e-06;1e-06;7.055104e-06;1;1;1;0;1;1
8358573718;8358402204;4325386;0.0013533033;0.0014427549;-0.0011759023;0.15;6.485827e-07;6.473478e-07;3.476984e-07;4259850;0.032717817;0.17717351;0.007105923;0.4;0.00022199948;0.0008155774;1.0535867e-05;396809;0.066821426;0.040132124;0.054853845;0.5;1.0000018e-06;1e-06;7.0478914e-06;1;1;1;0;1;1
8359581467;8359409963;4325386;0.0013535286;0.0014360435;-0.0011533602;0.15;6.517368e-07;6.5041405e-07;3.482248e-07;4259850;0.032717817;0.17717351;0.00703702;0.4;0.00022208157;0.00081565813;1.0529966e-05;396809;0.06679804;0.040054694;0.054806814;0.5;1.0000048e-06;1e-06;7.0381825e-06;1;1;1;0;1;1
8360589220;8360417722;4325386;0.0013627653;0.0014353183;-0.0011640958;0.15;6.542216e-07;6.5282586e-07;3.482911e-07;4259850;0.032717817;0.17717351;0.007003775;0.4;0.00022216351;0.00081573875;1.0528845e-05;396809;0.06678947;0.039949533;0.05472763;0.5;1.0000017e-06;1e-06;7.028639e-06;1;1;1;0;1;1
8361596969;8361425481;4325386;0.0013600091;0.0014237687;-0.0011392221;0.15;6.559732e-07;6.544906e-07;3.4908794e-07;4259850;0.032717817;0.17717351;0.0069861915;0.4;0.00022224561;0.0008158195;1.0566805e-05;396809;0.06674781;0.039860133;0.054677863;0.5;1.0000042e-06;1e-06;7.0140854e-06;1;1;1;0;1;1
8362604769;8362433287;4325386;0.0013530152;0.001409891;-0.0011423411;0.15;6.570978e-07;6.5550654e-07;3.493754e-07;4259850;0.032717817;0.17717351;0.0069361497;0.4;0.00022232754;0.0008159001;1.0580354e-05;396809;0.06672857;0.039761554;0.054593626;0.5;1.0000017e-06;1e-06;7.003702e-06;1;1;1;0;1;1
8363612595;8363440999;4325386;0.0013759799;0.0013967642;-0.0011432678;0.15;6.575969e-07;6.559072e-07;3.5034392e-07;4259850;0.032717817;0.17717351;0.006910739;0.4;0.0002224097;0.0008159809;1.0579508e-05;396809;0.06671339;0.03965946;0.054527253;0.5;1.000005e-06;1e-06;6.9987327e-06;1;1;1;0;1;1
8364620233;8364448758;4325386;0.0013671167;0.0013812426;-0.0011287754;0.15;6.576552e-07;6.5586835e-07;3.5078855e-07;4259850;0.032717817;0.17717351;0.00687826;0.4;0.00022249174;0.00081606157;1.0593152e-05;396809;0.06669118;0.039555687;0.0544826;0.5;1.0000022e-06;1e-06;6.9894895e-06;1;1;1;0;1;1
8365628029;8365456517;4325386;0.0013790759;0.0013907203;-0.0011095318;0.15;6.5747025e-07;6.555644e-07;3.5192176e-07;4259850;0.032717817;0.17717351;0.0068427236;0.4;0.0002225737;0.0008161422;1.0587249e-05;396809;0.06665495;0.039465323;0.054417595;0.5;1.0000049e-06;1e-06;6.9844973e-06;1;1;1;0;1;1
8366635806;8366464276;4325386;0.0013855551;0.0013694142;-0.001111022;0.15;6.563186e-07;6.5433363e-07;3.5251773e-07;4259850;0.032717817;0.17717351;0.0068209227;0.4;0.00022265576;0.0008162229;1.0585998e-05;396809;0.066652104;0.039349;0.054353833;0.5;1.0000022e-06;1e-06;6.977443e-06;1;1;1;0;1;1
8367643533;8367472081;4325386;0.0013930006;0.0013729462;-0.0011429983;0.15;6.538289e-07;6.5175067e-07;3.5368097e-07;4259850;0.032717817;0.17717351;0.006773452;0.4;0.00022273783;0.00081630365;1.057961e-05;396809;0.06665496;0.03922979;0.054270152;0.5;1.000005e-06;1e-06;6.9718617e-06;1;1;1;0;1;1
8368651272;8368479793;4325386;0.0013714038;0.001354061;-0.0011514089;0.15;6.507315e-07;6.485906e-07;3.5427317e-07;4259850;0.032717817;0.17717351;0.0067324033;0.4;0.00022281977;0.0008163843;1.0577951e-05;396809;0.06664051;0.039125267;0.05418968;0.5;1.000002e-06;1e-06;6.9640746e-06;1;1;1;0;1;1
8369659140;8369487552;4325386;0.0013822279;0.0013450487;-0.0011235013;0.15;6.4710275e-07;6.449001e-07;3.5549309e-07;4259850;0.032717817;0.17717351;0.0066668172;0.4;0.00022290187;0.000816465;1.0571531e-05;396809;0.06659449;0.03904515;0.05413023;0.5;1.0000057e-06;1e-06;6.959471e-06;1;1;1;0;1;1
8370666846;8370495310;4325386;0.0013886405;0.0013432185;-0.0011003328;0.15;6.429686e-07;6.40719e-07;3.561846e-07;4259850;0.032717817;0.17717351;0.0066147703;0.4;0.00022298393;0.00081654574;1.0574731e-05;396809;0.06657527;0.038950797;0.054087676;0.5;1.0000017e-06;1e-06;6.954011e-06;1;1;1;0;1;1
8371674503;8371503069;4325386;0.0013881507;0.0013298822;-0.001086358;0.15;6.383523e-07;6.3605427e-07;3.5740416e-07;4259850;0.032717817;0.17717351;0.00653848;0.4;0.00022306589;0.00081662636;1.0567776e-05;396809;0.06654773;0.038853474;0.05404904;0.5;1.0000049e-06;1e-06;6.95385e-06;1;1;1;0;1;1
8372682326;8372510874;4325386;0.0013897455;0.0013236369;-0.0010695427;0.15;6.3328474e-07;6.309775e-07;3.5805505e-07;4259850;0.032717817;0.17717351;0.0064816913;0.4;0.00022314799;0.0008167071;1.0565478e-05;396809;0.066517584;0.038755294;0.054018177;0.5;1.0000016e-06;1e-06;6.9538078e-06;1;1;1;0;1;1
8373690121;8373518585;4325386;0.0013881376;0.0013170099;-0.0010415086;0.15;6.2787524e-07;6.2553926e-07;3.5923472e-07;4259850;0.032717817;0.17717351;0.0064136563;0.4;0.00022323;0.00081678777;1.0558034e-05;396809;0.06648532;0.03868036;0.053988323;0.5;1.0000049e-06;1e-06;6.951859e-06;1;1;1;0;1;1
8374697818;8374526343;4325386;0.0013897221;0.0013174051;-0.0010327067;0.15;6.2226655e-07;6.1992e-07;3.5983487e-07;4259850;0.032717817;0.17717351;0.0063729165;0.4;0.00022331196;0.0008168684;1.0555121e-05;396809;0.06644425;0.038586434;0.053919144;0.5;1.0000016e-06;1e-06;6.9479534e-06;1;1;1;0;1;1
8375705638;8375534103;4325386;0.0013926629;0.0013182233;-0.0010223867;0.15;6.165346e-07;6.141549e-07;3.609277e-07;4259850;0.032717817;0.17717351;0.006335279;0.4;0.00022339405;0.0008169491;1.0547326e-05;396809;0.06641858;0.038502395;0.053884447;0.5;1.0000049e-06;1e-06;6.9416064e-06;1;1;1;0;1;1
8376713348;8376541860;4325386;0.0013797127;0.0012882549;-0.0010241186;0.15;6.1068505e-07;6.0827574e-07;3.6146972e-07;4259850;0.032717817;0.17717351;0.0063217017;0.4;0.00022347603;0.00081702974;1.0544231e-05;396809;0.06641753;0.03840581;0.05382181;0.5;1.0000016e-06;1e-06;6.933311e-06;1;1;1;0;1;1
8377721162;8377549665;4325386;0.0013983079;0.001303793;-0.000960955;0.15;6.042557e-07;6.0181344e-07;3.6253596e-07;4259850;0.032717817;0.17717351;0.0063009695;0.4;0.00022355813;0.0008171105;1.0561112e-05;396809;0.066345;0.038360506;0.053751435;0.5;1.0000049e-06;1e-06;6.923791e-06;1;1;1;0;1;1
8378728885;8378557376;4325386;0.0014021959;0.001272203;-0.00092980405;0.15;5.98068e-07;5.9555725e-07;3.6301472e-07;4259850;0.032717817;0.17717351;0.006295691;0.4;0.00022364022;0.0008171912;1.0612924e-05;396809;0.066287674;0.038287293;0.053666424;0.5;1.0000017e-06;1e-06;6.9054863e-06;1;1;1;0;1;1
8379736629;8379565134;4325386;0.0014035031;0.0012624855;-0.000880962;0.15;5.9148834e-07;5.888142e-07;3.6391953e-07;4259850;0.032717817;0.17717351;0.0062592546;0.4;0.00022372216;0.0008172718;1.0644948e-05;396809;0.066188745;0.038254254;0.053582035;0.5;1.0000049e-06;1e-06;6.8907707e-06;1;1;1;0;1;1
8380744480;8380572891;4325386;0.0014051985;0.0012547369;-0.00083124725;0.15;5.8493555e-07;5.820396e-07;3.6418768e-07;4259850;0.032717817;0.17717351;0.0062404065;0.4;0.00022380424;0.00081735256;1.0677265e-05;396809;0.066093445;0.038226325;0.053514063;0.5;1.0000008e-06;1e-06;6.874535e-06;1;1;1;0;1;1
8381752126;8381580649;4325386;0.0014087121;0.0012431598;-0.00077248807;0.15;5.784751e-07;5.752333e-07;3.6488547e-07;4259850;0.032717817;0.17717351;0.0062404065;0.4;0.0002238863;0.00081743323;1.0758949e-05;396809;0.06598142;0.03821723;0.053442977;0.5;1.000003e-06;1e-06;6.850552e-06;1;1;1;0;1;1
8382759898;8382588455;4325386;0.001410234;0.0012342368;-0.000730942;0.15;5.7214544e-07;5.6845795e-07;3.6491642e-07;4259850;0.032717817;0.17717351;0.0062404065;0.4;0.00022396835;0.00081751397;1.0840678e-05;396809;0.06588781;0.038198706;0.05340765;0.5;1.0000007e-06;1e-06;6.830755e-06;1;1;1;0;1;1
8383767699;8383596165;4325386;0.0014127465;0.0012268531;-0.00069798937;0.15;5.6592853e-07;5.6170256e-07;3.653748e-07;4259850;0.032717817;0.17717351;0.0062404065;0.4;0.00022405032;0.0008175946;1.092228e-05;396809;0.065809526;0.03817981;0.05339509;0.5;1.0000017e-06;1e-06;6.8137138e-06;1;1;1;0;1;1
8384775486;8384603924;4325386;0.0014156032;0.001224283;-0.00067024084;0.15;5.5981104e-07;5.5495786e-07;3.6515175e-07;4259850;0.032717817;0.17717351;0.0062404065;0.4;0.0002241324;0.0008176753;1.1004004e-05;396809;0.065737255;0.038162548;0.053398132;0.5;1.0000003e-06;1e-06;6.7971505e-06;1;1;1;0;1;1
8385783241;8385611679;4325386;0.0014186717;0.0012248387;-0.00065467623;0.15;5.5391473e-07;5.4838733e-07;3.6541996e-07;4259850;0.032717817;0.17717351;0.0062404065;0.4;0.00022421441;0.00081775605;1.1085734e-05;396809;0.06568007;0.038144793;0.053408667;0.5;1.000001e-06;1e-06;6.7836677e-06;1;1;1;0;1;1
8386790880;8386619437;4325386;0.001421767;0.0012245955;-0.0006387528;0.15;5.4818844e-07;5.4195124e-07;3.650078e-07;4259850;0.032717817;0.17717351;0.0062404065;0.4;0.00022429651;0.0008178368;1.1167454e-05;396809;0.06562563;0.03812404;0.05341989;0.5;1.0000003e-06;1e-06;6.770904e-06;1;1;1;0;1;1
8387798603;8387627241;4325386;0.001425156;0.0012582211;-0.0006399004;0.15;5.430103e-07;5.3604583e-07;3.6505267e-07;4259850;0.032717817;0.17717351;0.0061838;0.4;0.00022437848;0.0008179174;1.1231749e-05;396809;0.06559814;0.038091876;0.05341484;0.5;1.0000023e-06;1.0000015e-06;6.758831e-06;1;1;1;0;1;1
8388806459;8388634951;4325386;0.0014174589;0.0012341476;-0.0008009796;0.15;5.380237e-07;5.3037655e-07;3.6404012e-07;4259850;0.032641668;0.17703381;0.006171847;0.4;0.0002243568;0.0008178049;1.1309174e-05;396809;0.06577339;0.037919875;0.0530696;0.5;1.0000007e-06;1e-06;6.6688744e-06;1;1;1;0;1;1
8389814181;8389642709;4325386;0.0014103852;0.0012370154;-0.0009040259;0.15;5.326234e-07;5.243289e-07;3.6416228e-07;4259850;0.032641668;0.17703381;0.006171847;0.4;0.0002244389;0.0008178856;1.1390896e-05;396809;0.06588932;0.0377849;0.052828286;0.5;1.000004e-06;1e-06;6.6180446e-06;1;1;1;0;1;1
8390822231;8390650466;4325386;0.001412628;0.0012386742;-0.0009078747;0.15;5.2729916e-07;5.184416e-07;3.6409892e-07;4259850;0.032641668;0.17703381;0.0060777254;0.4;0.00022452093;0.0008179663;1.1426416e-05;396809;0.06590142;0.037705027;0.05268811;0.5;1e-06;1e-06;6.5999334e-06;1;1;1;0;1;1
8391829675;8391658224;4325386;0.0014281047;0.0012404737;-0.0008523648;0.15;5.21987e-07;5.126394e-07;3.6470993e-07;4259850;0.032641668;0.17703381;0.006060063;0.4;0.0002246029;0.0008180469;1.1495062e-05;396809;0.06589664;0.037667554;0.052637767;0.5;1.0000027e-06;1e-06;6.584351e-06;1;1;1;0;1;1
8392837724;8392666027;4325386;0.0014213142;0.0012406161;-0.0009647501;0.15;5.16985e-07;5.073042e-07;3.6478608e-07;4259850;0.032641668;0.17703381;0.005984671;0.4;0.00022468498;0.00081812765;1.14974455e-05;396809;0.06596922;0.03751522;0.052266136;0.5;1e-06;1e-06;6.5614176e-06;1;1;1;0;1;1
8393845269;8393673738;4325386;0.001425026;0.0012321643;-0.0010241512;0.15;5.119861e-07;5.0211656e-07;3.6533984e-07;4259850;0.032641668;0.17703381;0.0059642466;0.4;0.00022476702;0.0008182084;1.1501356e-05;396809;0.06599028;0.037403435;0.051983025;0.5;1.0000028e-06;1e-06;6.544899e-06;1;1;1;0;1;1
8394853262;8394681494;4325386;0.0014301392;0.0012214878;-0.0010670646;0.15;5.071448e-07;4.971861e-07;3.651987e-07;4259850;0.032641668;0.17703381;0.006003602;0.4;0.00022484899;0.00081828906;1.151654e-05;396809;0.0659356;0.03732681;0.051601693;0.5;1e-06;1e-06;6.5283757e-06;1;1;1;0;1;1
8395860735;8395689251;4325386;0.0014143437;0.0012034844;-0.001108246;0.15;5.0249383e-07;4.9254606e-07;3.6541306e-07;4259850;0.032641668;0.17703381;0.0060767233;0.4;0.00022493106;0.0008183698;1.15158655e-05;396809;0.06590553;0.037269644;0.051388245;0.5;1.0000024e-06;1e-06;6.5178283e-06;1;1;1;0;1;1
8396868735;8396697008;4325386;0.0014261568;0.0012014121;-0.0009958606;0.15;4.981494e-07;4.882181e-07;3.650175e-07;4259850;0.032641668;0.17703381;0.0060977666;0.4;0.00022501315;0.0008184505;1.1577995e-05;396809;0.065788105;0.037298784;0.051364616;0.5;1e-06;1e-06;6.505783e-06;1;1;1;0;1;1
8397876277;8397704811;4325386;0.0014152845;0.0011929063;-0.0010086274;0.15;4.9380935e-07;4.8384294e-07;3.6509897e-07;4259850;0.032641668;0.17703381;0.006215139;0.4;0.0002250952;0.00081853126;1.1574227e-05;396809;0.06580213;0.037239354;0.051340766;0.5;1.0000028e-06;1e-06;6.499436e-06;1;1;1;0;1;1
8398884279;8398712523;4325386;0.0014096734;0.001184638;-0.0009972088;0.15;4.896666e-07;4.797703e-07;3.64632e-07;4259850;0.032641668;0.17703381;0.0063386275;0.4;0.00022517724;0.00081861194;1.1564055e-05;396809;0.065796316;0.037185837;0.051327202;0.5;1e-06;1e-06;6.4985256e-06;1;1;1;0;1;1
8399891754;8399720278;4325386;0.0014057921;0.0011795879;-0.0009827574;0.15;4.8567e-07;4.7588804e-07;3.6471226e-07;4259850;0.032641668;0.17703381;0.0064463783;0.4;0.0002252592;0.00081869256;1.1557089e-05;396809;0.06578328;0.037135478;0.051313937;0.5;1.0000023e-06;1e-06;6.498193e-06;1;1;1;0;1;1
8400899567;8400728034;4325386;0.0014006398;0.0011751438;-0.000967343;0.15;4.8183574e-07;4.7220806e-07;3.6477698e-07;4259850;0.032641668;0.17703381;0.006563511;0.4;0.00022534128;0.0008187733;1.154312e-05;396809;0.06576756;0.037084397;0.051298946;0.5;1.0000045e-06;1e-06;6.497907e-06;1;1;1;0;1;1
8401907318;8401735792;4325386;0.0013963444;0.0011705308;-0.0009465888;0.15;4.7815644e-07;4.687169e-07;3.6423958e-07;4259850;0.032641668;0.17703381;0.006694842;0.4;0.00022542337;0.000818854;1.1532542e-05;396809;0.065750144;0.037031684;0.051288202;0.5;1.0000018e-06;1e-06;6.4976484e-06;1;1;1;0;1;1
8402915023;8402743594;4325386;0.0013922877;0.0011679847;-0.00092729996;0.15;4.7461668e-07;4.653897e-07;3.6424993e-07;4259850;0.032641668;0.17703381;0.0068138423;0.4;0.00022550527;0.00081893464;1.1514566e-05;396809;0.065733865;0.036984254;0.05127614;0.5;1.0000041e-06;1e-06;6.497417e-06;1;1;1;0;1;1
8403922841;8403751303;4325386;0.0013876163;0.0011652199;-0.000908809;0.15;4.7117962e-07;4.6212267e-07;3.636343e-07;4259850;0.032641668;0.17703381;0.0069184145;0.4;0.0002255873;0.0008190154;1.1500213e-05;396809;0.06571519;0.03693169;0.051262405;0.5;1.0000017e-06;1e-06;6.4972087e-06;1;1;1;0;1;1
8404930590;8404759060;4325386;0.0013840803;0.0011638048;-0.0008953614;0.15;4.6795694e-07;4.591472e-07;3.6362061e-07;4259850;0.032641668;0.17703381;0.007024048;0.4;0.00022566937;0.0008190961;1.1478918e-05;396809;0.06570254;0.036883518;0.051250484;0.5;1.0000042e-06;1e-06;6.496864e-06;1;1;1;0;1;1
8405938314;8405766816;4325386;0.0013812301;0.0011635969;-0.0008673994;0.15;4.6487696e-07;4.563264e-07;3.630038e-07;4259850;0.032641668;0.17703381;0.0071077547;0.4;0.00022575134;0.0008191768;1.1461815e-05;396809;0.06568317;0.036836237;0.051238913;0.5;1.0000017e-06;1e-06;6.4967076e-06;1;1;1;0;1;1
8406946085;8406774572;4325386;0.0013792578;0.0011622466;-0.00084638095;0.15;4.6194165e-07;4.5366141e-07;3.629701e-07;4259850;0.032641668;0.17703381;0.007227313;0.4;0.00022583337;0.00081925746;1.1437745e-05;396809;0.065667376;0.036789376;0.051226545;0.5;1.0000041e-06;1e-06;6.4966234e-06;1;1;1;0;1;1
8407953904;8407782375;4325386;0.001376188;0.0011602428;-0.00082621886;0.15;4.5916204e-07;4.5115218e-07;3.623448e-07;4259850;0.032641668;0.17703381;0.007344813;0.4;0.00022591544;0.0008193382;1.141849e-05;396809;0.06565081;0.03673704;0.051210698;0.5;1.0000018e-06;1e-06;6.496531e-06;1;1;1;0;1;1
8408961637;8408790084;4325386;0.0013774888;0.0011594422;-0.000805905;0.15;4.5652294e-07;4.4878573e-07;3.6229648e-07;4259850;0.032641668;0.17703381;0.0074618105;0.4;0.0002259975;0.0008194189;1.1392624e-05;396809;0.06563407;0.036691234;0.05119861;0.5;1.0000042e-06;1e-06;6.496494e-06;1;1;1;0;1;1
8409969308;8409797840;4325386;0.0013736308;0.0011567485;-0.00079393195;0.15;4.539497e-07;4.464174e-07;3.6160722e-07;4259850;0.032641668;0.17703381;0.007558706;0.4;0.00022607943;0.00081949955;1.1371634e-05;396809;0.06561673;0.03664613;0.051189188;0.5;1.0000017e-06;1e-06;6.49619e-06;1;1;1;0;1;1
8410977093;8410805597;4325386;0.0013714861;0.0011533963;-0.00079291355;0.15;4.5162554e-07;4.4436337e-07;3.6151908e-07;4259850;0.032641668;0.17703381;0.0076460964;0.4;0.00022616152;0.0008195803;1.1344646e-05;396809;0.065571204;0.036622364;0.051157605;0.5;1.0000041e-06;1e-06;6.4959195e-06;1;1;1;0;1;1
8411984890;8411813352;4325386;0.0013731682;0.0011534126;-0.0007514137;0.15;4.494723e-07;4.424803e-07;3.6086138e-07;4259850;0.032641668;0.17703381;0.007733644;0.4;0.0002262436;0.000819661;1.13234855e-05;396809;0.06556324;0.03657094;0.051145073;0.5;1.0000012e-06;1e-06;6.4957394e-06;1;1;1;0;1;1
8412992580;8412821155;4325386;0.001371957;0.001156504;-0.0007035822;0.15;4.4745747e-07;4.4073235e-07;3.6076491e-07;4259850;0.032641668;0.17703381;0.0077844854;0.4;0.00022632556;0.00081974163;1.1296235e-05;396809;0.06555773;0.036530044;0.051139303;0.5;1.0000028e-06;1e-06;6.495682e-06;1;1;1;0;1;1
8414000390;8413828864;4325386;0.0013708604;0.0011595236;-0.000662746;0.15;4.4560497e-07;4.391489e-07;3.6011016e-07;4259850;0.032641668;0.17703381;0.007828365;0.4;0.00022640772;0.0008198224;1.1275103e-05;396809;0.065546885;0.036491193;0.051125977;0.5;1e-06;1e-06;6.4956403e-06;1;1;1;0;1;1
8415008158;8414836620;4325386;0.0013715787;0.001161483;-0.00063015753;0.15;4.4387934e-07;4.3768523e-07;3.6002854e-07;4259850;0.032641668;0.17703381;0.007851317;0.4;0.00022648969;0.00081990304;1.1247884e-05;396809;0.06553573;0.036456835;0.051118307;0.5;1.0000027e-06;1e-06;6.4954856e-06;1;1;1;0;1;1
8416015903;8415844376;4325386;0.0013690692;0.0011629304;-0.0005910056;0.15;4.4223935e-07;4.3623643e-07;3.5933124e-07;4259850;0.032641668;0.17703381;0.00785518;0.4;0.00022657172;0.0008199837;1.1226776e-05;396809;0.0655185;0.036426462;0.05111176;0.5;1.0000009e-06;1e-06;6.495443e-06;1;1;1;0;1;1
8417023597;8416852132;4325386;0.001369272;0.0011660685;-0.0005591986;0.15;4.407735e-07;4.3502124e-07;3.5927653e-07;4259850;0.032641668;0.17703381;0.007871929;0.4;0.00022665376;0.00082006445;1.1200415e-05;396809;0.06549999;0.036403358;0.05110459;0.5;1.0000028e-06;1e-06;6.4954525e-06;1;1;1;0;1;1
8418031357;8417859935;4325386;0.0013692179;0.001168638;-0.00053309056;0.15;4.3941475e-07;4.3390716e-07;3.5864204e-07;4259850;0.032641668;0.17703381;0.007889509;0.4;0.00022673584;0.0008201452;1.1180345e-05;396809;0.065481424;0.03637936;0.051096484;0.5;1.0000009e-06;1e-06;6.4954265e-06;1;1;1;0;1;1
8419039223;8418867643;4325386;0.0013678835;0.0011693784;-0.0005158196;0.15;4.381537e-07;4.328865e-07;3.5859875e-07;4259850;0.032641668;0.17703381;0.007891656;0.4;0.00022681785;0.0008202259;1.1154695e-05;396809;0.065461494;0.03636386;0.051080193;0.5;1.0000028e-06;1e-06;6.4952433e-06;1;1;1;0;1;1
8419084151;8418912634;4325386;0.0013683892;0.0011696107;-0.0005137755;0.15;4.3810041e-07;4.32844e-07;3.5834944e-07;4259850;0.0;0.0;0.0;0.4;0.040000003;0.040000003;0.040000003;396809;0.065459274;0.036362927;0.051078767;0.5;1.0000015e-06;1e-06;6.4952123e-06;1;1;1;0;1;1
8420020242;8419848405;4325386;0.0013597012;0.0012119603;-0.00050029723;0.15;4.380133e-07;4.3294685e-07;3.6436768e-07;4259850;0.0;0.0;-0.00012596455;0.4;0.040000003;0.040000003;0.039985448;396809;-0.00648899;-0.0055017024;-0.008501752;0.5;0.001222796;0.0016883531;0.0011228459;1;1;1;0;1;0
