timestamp;timestamp_sample;accel_device_id;gyro_device_id;delta_angle[0];delta_angle[1];delta_angle[2];delta_velocity[0];delta_velocity[1];delta_velocity[2];delta_angle_dt;delta_velocity_dt;delta_angle_clipping;delta_velocity_clipping;accel_calibration_count;gyro_calibration_count
7866499524;7866499387;4259850;4325386;5.6092604e-06;-9.83971e-06;2.8443617e-05;0.029955564;-0.013200142;-0.027171437;4546;4362;0;0;4;1
7867003433;7867003272;4259850;4325386;4.1977168e-05;-4.0766852e-07;4.750894e-07;0.03045968;-0.01320023;-0.026511565;4500;4365;0;0;4;1
7867502852;7867502704;4259850;4325386;-6.585094e-06;-2.7731026e-05;3.6050303e-06;0.030833887;-0.013056711;-0.028643254;4500;4360;0;0;4;1
7868002269;7868002136;4259850;4325386;0.00018028099;2.51928e-05;-0.00010974908;0.029962279;-0.012470723;-0.026809124;4499;4363;0;0;4;1
7868501749;7868501615;4259850;4325386;-0.0049440507;-0.006565948;0.0011599129;0.03280801;-0.0029635585;-0.021480555;4545;4361;0;0;4;1
7869001152;7869001001;4259850;4325386;-0.00028830007;-0.0012198358;0.00021423612;0.0015278176;-0.002195181;-0.04572131;4453;4362;0;0;4;1
7869505090;7869504932;4259850;4325386;0.00034804788;-0.0006401494;4.2234566e-05;-0.000838541;0.0031652576;-0.057961423;4499;5812;0;0;4;1
7870000019;7869999865;4259850;4325386;1.8889605e-05;0.00037836324;0.00012741984;0.0090332525;0.0036094335;-0.054446343;4495;4362;0;0;4;1
7870499432;7870499298;4259850;4325386;-0.00018712808;-0.00035989404;3.8198315e-05;0.0009723143;0.0017960328;-0.04323492;4499;4361;0;0;4;1
7871003425;7871003230;4259850;4325386;-0.0003274135;0.0005100027;-1.7038907e-05;-0.0036814206;0.0016685602;-0.03702792;4453;4361;0;0;4;1
7871502831;7871502662;4259850;4325386;0.00022410745;0.00054608705;0.00012099684;-0.002911014;-0.0020124996;-0.045088913;4499;4359;0;0;4;1
7872002244;7872002095;4259850;4325386;-0.002183989;-8.30925e-05;4.5850597e-05;-0.0020775355;5.7436726e-05;-0.04901034;4500;4361;0;0;4;1
7872501657;7872501527;4259850;4325386;0.0006977772;0.0007368724;-0.00022760151;-0.00063982775;-0.0051613105;-0.048283745;4499;4361;0;0;4;1
7873001158;7873001008;4259850;4325386;0.0039406316;-0.0004369562;-0.0002519449;0.001600252;-0.0044559245;-0.032315265;4547;4361;0;0;4;1
7873500538;7873500392;4259850;4325386;0.004808171;0.0010413678;-0.00027437674;-0.0066874074;-0.0043815225;-0.042204835;4452;4361;0;0;4;1
7873999981;7873999825;4259850;4325386;-0.001659118;-0.00421294;0.00023277443;-0.0008313215;0.015238846;-0.061860457;4499;4360;0;0;4;1
7874499405;7874499258;4259850;4325386;-0.00043811617;0.0042077494;-0.00017721597;-0.006031205;0.0020356448;-0.033006173;4500;4361;0;0;4;1
7875003376;7875003236;4259850;4325386;-0.00014154562;0.00079001614;-0.00026458965;-0.0051747207;0.0040386114;-0.049934223;4546;4361;0;0;4;1
7875502785;7875502622;4259850;4325386;0.00069788116;-0.0008017502;-0.0020546997;-0.0052832644;0.0009340452;-0.050559968;4452;4361;0;0;4;1
7876002206;7876002055;4259850;4325386;0.00084873394;-0.0029253922;-0.002772685;-0.011394485;-0.0017005972;-0.042018056;4500;4361;0;0;4;1
7876501652;7876501487;4259850;4325386;0.0026704548;-0.0011931711;-0.0025374736;0.015983066;-0.001975448;-0.048644926;4499;4362;0;0;4;1
7877001050;7877000920;4259850;4325386;-0.00023861739;0.0020008113;-0.0005893376;0.002993044;0.001394322;-0.036402937;4500;4361;0;0;4;1
7877500532;7877500399;4259850;4325386;0.00081155857;0.00061682455;0.00045767592;-0.004628271;-0.0073479484;-0.032935157;4546;4361;0;0;4;1
7877999934;7877999785;4259850;4325386;-0.0008492567;-0.00035345135;0.0018590793;0.0018551283;-0.0017745283;-0.033800412;4453;4361;0;0;4;1
7878503872;7878503717;4259850;4325386;0.0009151789;-0.00076110754;0.0014529015;-0.013443487;-0.0063407253;-0.03969986;4500;4361;0;0;4;1
7879003282;7879003149;4259850;4325386;-0.003106303;0.0029964831;0.00066307344;0.013675052;-0.0059290356;-0.0391857;4499;4361;0;0;4;1
7879502764;7879502629;4259850;4325386;0.0018453454;0.0013256425;0.0020344378;-0.012387848;0.0063267103;-0.049918815;4547;4361;0;0;4;1
7880002192;7880002014;4259850;4325386;-0.0020457096;-0.0035551637;0.0032258157;0.015623852;0.0048077404;-0.047166374;4452;4361;0;0;4;1
7880501594;7880501446;4259850;4325386;0.0010845507;0.0014379907;0.00074994273;0.009622335;-0.0043456927;-0.050071176;4499;4361;0;0;4;1
7881001034;7881000879;4259850;4325386;0.00032230085;0.00070757355;-8.29518e-05;0.003284774;0.0017962969;-0.044858668;4500;4361;0;0;4;1
7881500452;7881500311;4259850;4325386;-0.00084744336;-0.0004478812;-8.393165e-05;-0.003935032;0.0033434012;-0.02644053;4500;4361;0;0;4;1
7881999927;7881999790;4259850;4325386;0.00042401176;0.0007701283;-5.4536828e-05;0.00907689;0.006445474;-0.050291907;4546;4361;0;0;4;1
7882503828;7882503674;4259850;4325386;-5.504834e-06;0.0007634431;0.0002759183;-0.002259619;0.003507798;-0.05844031;4499;4361;0;0;4;1
7883003252;7883003107;4259850;4325386;-0.0013753058;-0.005659819;2.0135463e-05;0.0017466904;-0.010459435;-0.037878003;4500;4361;0;0;4;1
7883502674;7883502538;4259850;4325386;-0.0013706348;0.0005694193;-6.973536e-05;0.0023285595;-0.0062953765;-0.0560448;4499;4361;0;0;4;1
7884002149;7884002018;4259850;4325386;0.0073227263;0.0014815344;-0.0001771711;-0.0053095687;0.0051086196;-0.030913208;4547;4361;0;0;4;1
7884501504;7884501403;4259850;4325386;0.003152036;-0.0012514427;-0.0002551277;0.0038910494;0.0029989162;-0.04375315;4453;4365;0;0;4;1
7885000983;7885000834;4259850;4325386;-0.0024038567;0.002171426;0.00010591835;-0.002396222;-0.004163004;-0.04198604;4499;4361;0;0;4;1
7885500406;7885500266;4259850;4325386;-0.00017218983;0.0005455468;9.281805e-05;0.006537505;0.0057785674;-0.030335242;4499;4361;0;0;4;1
7886004381;7886004244;4259850;4325386;-0.0023892184;-0.0051091206;-5.047025e-05;-0.020255305;0.0027731385;-0.06343675;4546;5815;0;0;4;1
7886503774;7886503629;4259850;4325386;0.00076825503;-0.00012646649;-0.00015137027;-0.012593996;-0.0037957611;-0.03282951;4452;4360;0;0;4;1
7887003219;7887003061;4259850;4325386;-0.0010277564;0.0007905375;-0.0012507323;-0.003936705;0.007992836;-0.033607412;4500;4361;0;0;4;1
7887498158;7887497993;4259850;4325386;0.0009963536;-0.00052846485;-0.0007964323;-0.017304441;-0.0027163522;-0.045335386;4500;4361;0;0;4;1
7888002065;7888001925;4259850;4325386;0.0001538408;0.00050823577;-0.0017484614;-0.0140003655;-0.004760362;-0.04299759;4501;4361;0;0;4;1
7888501532;7888501402;4259850;4325386;-0.0010276827;-0.0015889211;-0.0024010476;-0.023605177;-0.009461538;-0.04886256;4546;4361;0;0;4;1
7889000931;7889000786;4259850;4325386;-0.0028324383;0.007943203;-0.002482995;-0.015631441;0.017292129;-0.018565949;4452;4361;0;0;4;1
7889500378;7889500217;4259850;4325386;-0.004134445;-0.0021237375;0.0013534566;0.020132009;0.011955403;-0.040942766;4499;4361;0;0;4;1
7890004281;7890004148;4259850;4325386;0.0002591383;-0.0012980002;0.0015068816;-0.013851628;0.009658124;-0.06354714;4499;4361;0;0;4;1
7890503789;7890503626;4259850;4325386;0.005084267;-0.0032648607;0.0011462356;-0.024662534;0.00839026;-0.059697535;4546;5814;0;0;4;1
7890998688;7890998558;4259850;4325386;0.0020762035;0.0013866927;0.0013707589;-0.01261481;-0.0070551103;-0.026470235;4547;4361;0;0;4;1
7891502657;7891502441;4259850;4325386;-0.00051411;0.0031200843;-0.00015347575;-4.8079815e-05;-0.016081141;-0.04467849;4499;4361;0;0;4;1
7892002020;7892001872;4259850;4325386;-0.0030302433;-0.0029033404;0.0004011289;0.0032942898;0.0043678707;-0.045610406;4499;4361;0;0;4;1
7892501438;7892501303;4259850;4325386;-1.2028082e-07;-0.00032211238;0.0001567859;0.005726801;0.0035538466;-0.043208767;4499;4361;0;0;4;1
7893000915;7893000781;4259850;4325386;0.0003196882;-0.00013024845;8.045574e-06;0.005998773;0.004331759;-0.056637555;4547;4361;0;0;4;1
7893504812;7893504664;4259850;4325386;-0.001975614;-0.0016011053;0.00026256146;-0.0013317211;0.015056113;-0.052415885;4500;4360;0;0;4;1
7894004266;7894004094;4259850;4325386;-0.0007672599;-0.00068138354;0.00023104345;0.003439901;-0.0012060846;-0.042348143;4499;4361;0;0;4;1
7894499169;7894499025;4259850;4325386;0.002092542;0.001920866;-0.0009187111;-0.0013424128;-0.015495796;-0.029291414;4498;4361;0;0;4;1
7894998681;7894998456;4259850;4325386;-0.0015891239;-0.0014064224;0.000512693;-0.0008400481;0.0013747727;-0.039259896;4499;4360;0;0;4;1
7895502535;7895502386;4259850;4325386;-0.0006638342;3.4958857e-06;-0.00017282601;0.0045868554;-0.0011596647;-0.045620706;4453;4361;0;0;4;1
7896002003;7896001816;4259850;4325386;0.00052283594;-8.9444715e-05;-0.00010976683;0.0022468201;0.001082234;-0.03666774;4499;4361;0;0;4;1
7896501390;7896501246;4259850;4325386;0.00023758011;0.00024700686;-1.4881864e-06;-0.002342717;0.004203512;-0.044997644;4498;4361;0;0;4;1
7897000815;7897000676;4259850;4325386;1.1779256e-05;-0.00012982842;-6.450941e-05;-0.00095868914;-0.0023775597;-0.04455587;4499;4361;0;0;4;1
7897504786;7897504605;4259850;4325386;-0.00014691653;-2.2209133e-05;-0.0013290433;-0.0043977266;0.00058514194;-0.060216494;4452;5814;0;0;4;1
7897999696;7897999536;4259850;4325386;0.002813295;3.601605e-05;-0.0020906394;-0.0007308002;0.011846274;-0.046635702;4452;4361;0;0;4;1
7898499155;7898498966;4259850;4325386;-0.0030386131;0.0020860687;-0.0017582305;-0.0030079093;0.002226255;-0.032233063;4500;4361;0;0;4;1
7899003037;7899002895;4259850;4325386;0.006926717;-0.0011063431;-0.0037879841;0.0019006206;-0.017947163;-0.047845494;4499;4361;0;0;4;1
7899502507;7899502372;4259850;4325386;-0.0024318288;0.00382175;-0.0032786988;0.0014724631;0.004055959;-0.02628166;4547;4361;0;0;4;1
7900001901;7900001754;4259850;4325386;-0.00013504359;-0.0009697629;-0.0032270441;0.0071826195;0.0018235306;-0.032416545;4451;4361;0;0;4;1
7900501333;7900501184;4259850;4325386;-0.003104943;-0.0052460385;-0.0030501978;-0.0002040964;-0.0012710867;-0.048239388;4500;4361;0;0;4;1
7901005266;7901005113;4259850;4325386;0.0015355672;-0.0030424874;0.00065753143;0.013383572;-0.0010764967;-0.03476483;4500;4361;0;0;4;1
7901500177;7901500042;4259850;4325386;0.005485728;-0.0005278541;0.0023181925;0.012800407;0.009036177;-0.041467965;4499;4361;0;0;4;1
7901999652;7901999519;4259850;4325386;-0.0012922558;-0.0081462655;0.0030616778;-0.003337576;0.0053758924;-0.05013459;4547;4362;0;0;4;1
7902499057;7902498901;4259850;4325386;-0.0018581947;0.0060162875;0.0020786296;-0.016666662;-0.009919675;-0.030281847;4453;4361;0;0;4;1
7903002967;7903002829;4259850;4325386;-0.0020063776;-0.008926096;0.002956486;-0.010119352;0.006565088;-0.045105837;4499;4361;0;0;4;1
7903502399;7903502258;4259850;4325386;-0.0014182811;0.0031042732;0.0010924701;0.009268249;-0.015320576;-0.032865416;4500;4361;0;0;4;1
7904001872;7904001735;4259850;4325386;0.0038937193;0.0041567166;0.0025027902;0.0013254676;-0.004857994;-0.045107387;4548;4361;0;0;4;1
7904501261;7904501115;4259850;4325386;0.005616125;-0.0022130674;0.0019389101;-0.013528595;0.009771113;-0.030507484;4452;4362;0;0;4;1
7905000686;7905000544;4259850;4325386;-0.005467687;-0.0003272956;0.000983571;0.005292915;0.00047695142;-0.020292196;4499;4363;0;0;4;1
7905500106;7905499972;4259850;4325386;-8.517885e-05;-0.0011684003;0.0033142462;-0.0011492731;0.0013200577;-0.04664863;4499;4361;0;0;4;1
7905999530;7905999401;4259850;4325386;0.00011622598;0.00016252845;0.00047596224;-0.0011771438;0.0044590295;-0.04882646;4500;4361;0;0;4;1
7906503469;7906503328;4259850;4325386;-0.00044774506;-0.00010738632;0.00017589475;-0.002779651;0.0030500712;-0.043988165;4452;4361;0;0;4;1
7907002909;7907002756;4259850;4325386;-0.00028191594;-0.00026776432;-0.001484029;0.0061172047;-0.0023509392;-0.015938252;4499;4362;0;0;4;1
7907502345;7907502185;4259850;4325386;8.638889e-05;-0.0006125695;-0.0017823065;0.00048233313;0.0046224887;-0.06662465;4500;5815;0;0;4;1
7908001839;7908001613;4259850;4325386;0.00031898805;-0.00017231939;0.00013516862;0.00873034;0.0011553335;-0.033030152;4500;4361;0;0;4;1
7908501223;7908501087;4259850;4325386;0.00056845095;0.0016479325;0.00020527169;-0.0011497492;0.0050269063;-0.03716251;4545;4361;0;0;4;1
7909000613;7909000468;4259850;4325386;0.0009376548;-0.0043316083;1.2090411e-05;0.01211793;-0.0035678553;-0.045515213;4452;4361;0;0;4;1
7909500046;7909499897;4259850;4325386;0.0010223596;0.001873753;-0.00012357622;-0.0020510808;0.000716365;-0.030437527;4501;4361;0;0;4;1
7910003959;7910003823;4259850;4325386;0.00068540743;-0.005994147;-9.869498e-06;0.021643938;0.004175882;-0.034022547;4500;4361;0;0;4;1
7910503428;7910503297;4259850;4325386;0.00065946305;0.0077545824;1.9958467e-05;-0.0070250994;-0.00301918;-0.031112365;4546;4362;0;0;4;1
7911002836;7911002677;4259850;4325386;-0.0005821609;0.0040982445;1.7116101e-05;-0.00924504;0.0037003225;-0.04207317;4452;4361;0;0;4;1
7911502252;7911502104;4259850;4325386;-0.00207446;-0.0022524125;0.00036851407;0.0037685179;-0.010920413;-0.0489657;4499;4362;0;0;4;1
7912001675;7912001532;4259850;4325386;0.0027493902;0.0077178446;0.00014080775;0.0035325857;-0.0004924201;-0.048967093;4500;4362;0;0;4;1
7912501133;7912500959;4259850;4325386;-0.0058652647;-0.0028791085;0.0003782083;0.0023395033;-0.013362963;-0.03684211;4500;4361;0;0;4;1
7913000564;7913000433;4259850;4325386;0.0007383076;0.0010358773;-0.00015239038;-0.0062413146;-0.003330838;-0.020583676;4547;4361;0;0;4;1
7913499957;7913499812;4259850;4325386;0.005872394;0.0066393893;-6.252892e-05;0.013228546;-0.0012153852;-0.06401616;4452;4361;0;0;4;1
7914003884;7914003739;4259850;4325386;0.00021285216;-0.0006634921;-0.00021819756;-0.0033179244;0.0068047172;-0.049607247;4500;4362;0;0;4;1
7914503299;7914503165;4259850;4325386;0.002629532;0.0023376606;-0.0032462857;0.009690735;-0.0016921377;-0.012608374;4500;4363;0;0;4;1
7915002774;7915002638;4259850;4325386;-0.0007639077;0.0062468997;-0.0029711588;-0.016762124;0.0038016995;-0.04802171;4547;4362;0;0;4;1
7915502178;7915502017;4259850;4325386;0.0044271993;0.0032775314;-0.0019601418;-0.0027076518;0.008873871;-0.03810523;4452;4362;0;0;4;1
7916001593;7916001443;4259850;4325386;-0.0030686834;-0.0058565405;-0.0027497353;-0.020320676;0.0019802076;-0.05103582;4499;4361;0;0;4;1
7916501001;7916500869;4259850;4325386;0.002336378;0.0051118224;-0.0011606003;0.0049344106;0.020510565;-0.031075707;4498;4362;0;0;4;1
7917000441;7917000295;4259850;4325386;0.0019317563;-0.0036313916;-0.00058212434;0.001563486;0.009081746;-0.045160923;4499;4361;0;0;4;1
7917504374;7917504220;4259850;4325386;-7.71222e-05;-0.001153527;-0.0005492596;-0.004128584;0.0044975206;-0.03849932;4452;4362;0;0;4;1
7918003795;7918003646;4259850;4325386;0.00024362336;0.0012194973;0.0011256514;0.0016917714;-0.0019479813;-0.04620705;4499;4362;0;0;4;1
7918503218;7918503072;4259850;4325386;-0.000567418;-0.0012415871;0.0021179637;-0.0018696667;0.0027030343;-0.044575687;4499;4362;0;0;4;1
7918998153;7918997998;4259850;4325386;0.00037304577;0.00014320212;0.0025860548;0.0067103673;0.002646944;-0.029997408;4500;4361;0;0;4;1
7919502100;7919501969;4259850;4325386;-0.0015423527;0.0036949082;0.0009284652;-0.002654392;-0.014459847;-0.028031686;4546;4361;0;0;4;1
7920001503;7920001348;4259850;4325386;-0.00029034115;-0.0014402195;0.0022917318;0.004397007;0.0013571695;-0.036400553;4452;4362;0;0;4;1
7920500924;7920500773;4259850;4325386;-0.0003792958;0.0005105498;0.0027124665;-0.0038102558;-0.004675947;-0.047155656;4500;4361;0;0;4;1
7921000345;7921000198;4259850;4325386;0.00037397444;0.00017466777;0.0030755305;0.0008717133;0.0067569003;-0.034397215;4500;4361;0;0;4;1
7921504297;7921504169;4259850;4325386;0.0020132894;-0.0054135034;0.003723012;0.011035344;0.015726894;-0.05170099;4546;4361;0;0;4;1
7922003748;7922003549;4259850;4325386;0.0010674916;0.0011854178;0.00070883706;0.0006078553;0.0024192126;-0.03525493;4455;4362;0;0;4;1
7922498616;7922498472;4259850;4325386;1.8186554e-05;0.000104108025;7.8580255e-05;-0.00041218952;0.008084202;-0.04348406;4452;4361;0;0;4;1
7923002556;7923002395;4259850;4325386;-0.002213844;-0.0017420831;0.00011696362;0.0015734653;-0.0021569952;-0.038335808;4499;4361;0;0;4;1
7923501956;7923501820;4259850;4325386;-0.0027143476;0.0016800027;-0.0008930666;0.0065740016;-0.027311396;-0.024797443;4500;4361;0;0;4;1
7924001423;7924001291;4259850;4325386;0.0021132713;0.0019125894;1.7431e-05;-0.0019243179;0.0040580546;-0.034310937;4546;4362;0;0;4;1
7924500940;7924500668;4259850;4325386;0.0037344075;-0.0016568288;-0.00010791941;-0.0064294236;0.021374825;-0.045063585;4452;5815;0;0;4;1
7925004739;7925004591;4259850;4325386;0.0009804285;5.169173e-05;-0.00014498645;0.0014094067;-0.0034311796;-0.033541076;4499;4362;0;0;4;1
7925504155;7925504015;4259850;4325386;0.00078870385;-0.00011756476;-4.0817486e-05;0.0045609605;-0.0036783786;-0.049497273;4499;4362;0;0;4;1
7925999077;7925998940;4259850;4325386;-0.0002577031;0.00070621737;8.942519e-05;-0.0014688913;0.0015311249;-0.046115402;4500;4362;0;0;4;1
7926503021;7926502863;4259850;4325386;-0.00037057768;-5.4267563e-05;-0.000120546174;0.005178228;0.00035999782;-0.04076006;4453;4361;0;0;4;1
7927002464;7927002286;4259850;4325386;-0.0001891899;-0.00040791972;-7.097505e-05;-0.000995662;-0.0024694738;-0.020141292;4499;4361;0;0;4;1
7927501873;7927501709;4259850;4325386;-0.0002331418;-0.00021964434;-0.0005374271;0.005025496;0.0015311249;-0.040066533;4499;4362;0;0;4;1
7928001265;7928001133;4259850;4325386;0.00030379283;0.00019328964;-0.0021675187;-0.0006578944;-0.0028534464;-0.0473872;4499;4361;0;0;4;1
7928500733;7928500603;4259850;4325386;0.0059789317;-0.0032246765;-0.0017867065;0.014024731;0.005321519;-0.046216216;4546;4362;0;0;4;1
7929004671;7929004478;4259850;4325386;-0.0026634943;0.009948357;-0.002510388;-0.008668677;-0.0026136772;-0.060814705;4500;4361;0;0;4;1
7929499594;7929499402;4259850;4325386;-1.457233e-05;-0.007646265;-0.0023087938;-0.017629744;-0.008959586;-0.033019744;4500;5814;0;0;4;1
7929998967;7929998824;4259850;4325386;0.00230255;0.00094873464;-0.0012816202;8.8660985e-05;0.0033617436;-0.054285597;4499;4361;0;0;4;1
7930502931;7930502793;4259850;4325386;0.000810176;0.0008954097;0.001859263;-0.0062879417;-0.002863011;-0.057639007;4546;4361;0;0;4;1
7931002311;7931002169;4259850;4325386;-0.0039315596;0.003992992;0.0031340546;0.015053996;0.014806662;-0.0377478;4453;4362;0;0;4;1
7931501740;7931501591;4259850;4325386;-0.00090165314;0.0049997666;0.0026707754;-0.007738191;0.0027446328;-0.06505537;4499;4361;0;0;4;1
7932001169;7932001014;4259850;4325386;3.4250945e-05;-0.0034308564;0.0019146485;-0.010483687;0.008679898;-0.042521942;4500;4361;0;0;4;1
7932505112;7932504982;4259850;4325386;0.004960449;-0.0045936834;-0.00049643766;-0.0062605785;0.0010178178;-0.042290114;4546;4361;0;0;4;1
7933000044;7932999905;4259850;4325386;0.004825944;0.011359155;-0.0001629734;0.007202436;0.02305581;-0.025833355;4547;4362;0;0;4;1
7933499459;7933499279;4259850;4325386;-0.0060466575;-0.0043106014;0.0005557418;-0.02496928;-0.01446255;-0.082691155;4452;5816;0;0;4;1
7934003334;7934003201;4259850;4325386;0.0019190568;-0.0034283746;0.00014253147;0.0021450368;0.00059563486;-0.052399736;4500;4362;0;0;4;1
7934502755;7934502622;4259850;4325386;0.00019319075;-0.00055011833;9.9065694e-08;0.00015225158;0.0052010566;-0.046076823;4499;4361;0;0;4;1
7935002251;7935002091;4259850;4325386;-0.00013821608;0.0011440075;-0.00016927297;-0.0014233483;-0.0009866493;-0.04482314;4547;4362;0;0;4;1
7935501610;7935501465;4259850;4325386;-0.00012100981;0.00045611916;-6.878876e-05;0.0004894444;0.0037376103;-0.05834146;4452;4362;0;0;4;1
7936005548;7936005386;4259850;4325386;0.0007289495;0.00077301636;0.0017019433;0.0020737895;0.003690581;-0.04574728;4500;4361;0;0;4;1
7936500523;7936500307;4259850;4325386;-0.00017166791;0.00025371386;0.0022683637;-0.0005558066;0.0049712732;-0.06434361;4499;5816;0;0;4;1
7936999862;7936999729;4259850;4325386;-0.00024433027;-0.0010893082;0.0029929716;-0.0011858938;-0.0012521979;-0.04703922;4500;4362;0;0;4;1
7937499335;7937499197;4259850;4325386;0.0013955127;0.000589252;0.002759028;0.00062607246;0.002254413;-0.034659203;4547;4362;0;0;4;1
7938003224;7938003069;4259850;4325386;-0.00034575665;0.0006699311;0.0019126781;-0.0021446708;0.0058075567;-0.039461125;4499;4362;0;0;4;1
7938502633;7938502490;4259850;4325386;-0.00010855178;-0.0002590962;-0.0016274885;0.0022751503;1.2948241e-05;-0.044018134;4499;4362;0;0;4;1
7939002044;7939001911;4259850;4325386;-0.00019060649;-0.00034303914;-0.002022489;0.00031638215;0.00599903;-0.031643935;4500;4362;0;0;4;1
7939501518;7939501378;4259850;4325386;-0.00049405167;-5.4648317e-05;-0.0023496898;0.008860623;0.0028400386;-0.04079827;4546;4363;0;0;4;1
7940000896;7940000751;4259850;4325386;-0.000795724;-0.0012108615;-8.936168e-05;0.0035764256;0.0070343968;-0.042627256;4452;4363;0;0;4;1
7940500320;7940500171;4259850;4325386;-0.00020411312;0.0010795953;4.896237e-05;0.0019012674;0.000807837;-0.05705836;4499;4362;0;0;4;1
7940999817;7940999591;4259850;4325386;-0.00795327;-0.00031876957;-5.3319847e-05;0.009857328;0.007444795;-0.047554366;4499;5815;0;0;4;1
7941503686;7941503557;4259850;4325386;0.0015619745;-0.00064307963;-0.00012863557;0.0022117114;0.0015130074;-0.057475988;4546;4363;0;0;4;1
7942003088;7942002930;4259850;4325386;0.0014653439;-0.00017547906;-0.00012692246;0.00047122737;0.0030417892;-0.048305824;4452;4362;0;0;4;1
7942498076;7942497850;4259850;4325386;0.00057303626;-0.00023650451;-9.014209e-05;0.004236462;1.7978557e-05;-0.06502682;4452;5817;0;0;4;1
7943001916;7943001769;4259850;4325386;-0.0017719105;-0.0005428721;8.89302e-05;-0.0035553335;0.022950402;-0.03335407;4499;4363;0;0;4;1
7943501324;7943501189;4259850;4325386;-0.004567507;-0.0017876179;0.00066697964;0.0065375133;0.01894497;-0.055051234;4500;4362;0;0;4;1
7944000801;7944000655;4259850;4325386;-0.0016599331;0.0008259128;4.4126336e-05;-0.017955344;0.0114008;-0.020288555;4547;4362;0;0;4;1
7944500174;7944500027;4259850;4325386;-0.0005186198;-0.0013189875;0.00037764592;0.0056083244;0.0032343061;-0.024987813;4452;4363;0;0;4;1
7944999598;7944999446;4259850;4325386;0.0012682978;-0.00043723188;-0.0002584196;0.0013092129;-0.0046213996;-0.03891175;4499;4362;0;0;4;1
7945503493;7945503364;4259850;4325386;0.000106017316;-0.00047337596;-0.00031361624;0.010463293;0.009514759;-0.04141378;4499;4362;0;0;4;1
7946002980;7946002830;4259850;4325386;-0.0031635135;0.00326831;0.00082258467;0.020386072;0.017048141;-0.046901662;4546;4361;0;0;4;1
7946502351;7946502202;4259850;4325386;-0.0009853529;0.0015189365;0.0003591839;0.015655158;0.011931822;-0.0414871;4453;4362;0;0;4;1
7947001765;7947001620;4259850;4325386;0.0028100961;-0.006892812;-0.000445722;-0.0039464133;-0.0036326014;-0.04026816;4499;4362;0;0;4;1
7947501193;7947501039;4259850;4325386;0.0057556126;0.00876286;0.0005664558;-0.013354228;0.004596998;-0.068315744;4500;5816;0;0;4;1
7948000591;7948000457;4259850;4325386;0.0018756987;-0.0008067454;-6.53461e-06;-0.00571347;0.0017417023;-0.04305431;4499;4362;0;0;4;1
7948500111;7948499922;4259850;4325386;-0.00060810003;-0.0012335262;-0.000245989;-0.0015957918;0.0008901691;-0.031097528;4546;4361;0;0;4;1
7949003940;7949003792;4259850;4325386;0.00034523566;-0.0002705293;0.0013354083;0.00020707982;-0.0024973142;-0.038224373;4499;4362;0;0;4;1
7949503388;7949503210;4259850;4325386;-0.00010976004;-0.00046072854;0.0024073836;-0.0007858259;0.0038681556;-0.046943348;4499;4362;0;0;4;1
7950002792;7950002628;4259850;4325386;0.002572286;-0.005208957;0.0025447682;0.016499555;0.011020055;-0.06785016;4499;5814;0;0;4;1
7950502224;7950502093;4259850;4325386;0.0093468875;0.0013265746;0.0020181937;-0.00062300754;-0.0046561314;-0.05020734;4546;4361;0;0;4;1
7951001612;7951001464;4259850;4325386;-0.0022454225;-0.0018512657;0.0017513948;0.014115815;-0.0044474443;-0.061448373;4453;4362;0;0;4;1
7951501037;7951500881;4259850;4325386;0.0009780462;0.00078754156;1.431716e-05;0.0008906914;0.0002945015;-0.038250517;4499;4363;0;0;4;1
7952000430;7952000298;4259850;4325386;0.0003274353;-0.00032491388;-0.0011245598;0.008042067;0.010054704;-0.051138636;4499;4361;0;0;4;1
7952504525;7952504262;4259850;4325386;0.0016177079;-0.00044776357;-0.0017347742;-0.0036884989;-9.222026e-05;-0.055994343;4546;5816;0;0;4;1
7953003788;7953003632;4259850;4325386;0.0052994518;-0.00018193686;-0.0009460526;0.010153602;0.015703905;-0.033229478;4452;4362;0;0;4;1
7953503194;7953503049;4259850;4325386;-0.005387224;-0.0022578167;-0.003070319;-0.0015500144;-0.0008496829;-0.044743888;4499;4363;0;0;4;1
7953998116;7953997967;4259850;4325386;-0.0007157385;-0.0039653345;-0.0038230754;0.021766987;-0.011048592;-0.032303814;4500;4362;0;0;4;1
7954502012;7954501882;4259850;4325386;-0.0038156118;0.005057509;-0.0025891247;0.0045515057;0.0074719964;-0.059843525;4499;4361;0;0;4;1
7955001477;7955001346;4259850;4325386;-0.002929916;-0.00012105571;-0.00015157383;0.0009014647;-0.0010597492;-0.03862313;4545;4366;0;0;4;1
7955500867;7955500715;4259850;4325386;-0.0040967013;0.00033249374;5.4357315e-05;-0.0016596331;0.008890489;-0.029448114;4452;4361;0;0;4;1
7956000287;7956000132;4259850;4325386;0.00079778204;-0.0004510818;4.9924332e-05;0.0020834384;0.008553426;-0.03912254;4499;4362;0;0;4;1
7956504187;7956504048;4259850;4325386;0.0049608727;-0.00074664387;-0.00025448672;0.004505312;-0.015567724;-0.039076734;4500;4361;0;0;4;1
7957003680;7957003511;4259850;4325386;-0.0014063572;-0.0011204474;5.1854106e-05;0.0010906078;0.004799654;-0.047865905;4547;4362;0;0;4;1
7957498560;7957498428;4259850;4325386;-0.002120211;4.236355e-05;0.00013526705;-0.011251461;0.012526932;-0.044841476;4547;4362;0;0;4;1
7958002441;7958002296;4259850;4325386;0.0006631746;-0.0005573969;-7.38629e-07;-0.0069182124;0.008858013;-0.049864348;4500;4363;0;0;4;1
7958501860;7958501711;4259850;4325386;0.00089918077;-0.0008964539;-0.00022564089;-0.0152045665;0.0077385833;-0.03400849;4499;4362;0;0;4;1
7959001259;7959001127;4259850;4325386;0.001953683;-0.00030772347;-8.5546606e-05;-0.011861731;0.010000001;-0.03830686;4499;4362;0;0;4;1
7959500777;7959500590;4259850;4325386;0.00037193796;-1.9246929e-05;0.00010164838;-0.005163331;0.004020792;-0.040922344;4546;5819;0;0;4;1
7960004616;7960004457;4259850;4325386;-0.00019211452;0.0014127998;3.8558406e-05;-0.0074349837;-0.0016916265;-0.036226418;4499;4362;0;0;4;1
7960504020;7960503873;4259850;4325386;0.0017531299;-0.0004002422;4.8423037e-05;-0.008000314;0.011227109;-0.04784436;4499;4362;0;0;4;1
7960998943;7960998789;4259850;4325386;9.1390466e-05;0.00078649644;-2.1938597e-05;-0.014958634;-0.003742468;-0.0347142;4499;4362;0;0;4;1
7961502886;7961502750;4259850;4325386;0.0012906286;0.00686181;-0.0009412423;0.0021016554;-0.004053756;-0.05419889;4546;4362;0;0;4;1
7962002263;7962002118;4259850;4325386;-0.0045020557;-0.0026944848;-0.00031948596;0.0018010738;0.012124087;-0.044969782;4452;4362;0;0;4;1
7962501713;7962501533;4259850;4325386;-0.0022207121;-0.0011237472;8.783198e-05;0.00041211944;0.00090483646;-0.039886694;4499;5818;0;0;4;1
7963001096;7963000948;4259850;4325386;-0.0020302383;0.0002958056;6.8378295e-06;0.0029661127;-0.0062590875;-0.03114304;4499;4361;0;0;4;1
7963505042;7963504909;4259850;4325386;0.0009085558;0.0046593063;-0.00040609966;0.005052822;-0.009107617;-0.050303787;4547;4362;0;0;4;1
7964004418;7964004276;4259850;4325386;0.005252263;0.002162861;-0.00042596075;0.0016193993;-0.008853801;-0.04287192;4452;4363;0;0;4;1
7964499339;7964499192;4259850;4325386;0.001898896;-0.0003525895;7.267949e-05;-0.0019434309;0.0031795069;-0.0598092;4453;4362;0;0;4;1
7964998801;7964998606;4259850;4325386;-0.00041134306;-3.1186028e-05;0.00016869296;-0.00047606055;0.008580893;-0.04561133;4499;4362;0;0;4;1
7965502651;7965502519;4259850;4325386;-0.001116336;0.0002225408;-0.00041861614;-0.00509275;-0.001096275;-0.060607973;4499;4361;0;0;4;1
7966002114;7966001981;4259850;4325386;-0.0040407674;-0.0006909033;-0.0020998595;0.0029760753;0.0032249005;-0.04829666;4547;4362;0;0;4;1
7966501451;7966501348;4259850;4325386;0.0004904435;-0.0031967254;-0.00238126;-0.0011495302;0.0024094475;-0.039407223;4452;4361;0;0;4;1
7967000943;7967000762;4259850;4325386;0.0005217317;0.0013177554;-0.0020737234;0.0017657912;0.015681695;-0.039940234;4500;5815;0;0;4;1
7967504829;7967504675;4259850;4325386;0.0035265265;0.001957254;-0.002495676;-0.0013228098;0.0032066144;-0.05486941;4500;4362;0;0;4;1
7967999735;7967999589;4259850;4325386;0.00023783997;-0.00463327;-0.0037160567;-0.0049131447;-0.026618527;-0.023825135;4499;4363;0;0;4;1
7968499183;7968499050;4259850;4325386;0.0028283498;-9.985791e-05;-0.0017035091;0.00078848994;-0.0008590934;-0.032935333;4546;4361;0;0;4;1
7969003128;7969002916;4259850;4325386;0.00082323025;-8.627984e-05;0.002088121;0.0060183266;0.0046256986;-0.0364922;4499;4362;0;0;4;1
7969502570;7969502329;4259850;4325386;0.00014298542;-0.0009420788;0.002386037;0.004853462;0.009960219;-0.0536626;4499;5816;0;0;4;1
7970001878;7970001743;4259850;4325386;-7.686807e-05;-0.00031817378;0.0024280495;-0.008390854;-0.0026336566;-0.018231587;4500;4361;0;0;4;1
7970501333;7970501203;4259850;4325386;-0.0002494984;0.00068980304;0.0024143145;0.0012090191;0.003362233;-0.05732414;4546;4362;0;0;4;1
7971005226;7971005068;4259850;4325386;-0.00021001173;0.00064080313;0.0025638689;-0.006586086;-0.0037690196;-0.06299921;4499;4361;0;0;4;1
7971500133;7971499982;4259850;4325386;0.0004505753;0.0002993116;0.002752787;-0.0052489345;-0.0033030016;-0.040588938;4499;4362;0;0;4;1
7971999574;7971999395;4259850;4325386;-0.0002989992;0.0003423556;0.0029561059;0.00077450817;0.0065446803;-0.05761441;4499;5815;0;0;4;1
7972503489;7972503355;4259850;4325386;0.0008738248;-1.8571114e-05;0.0030075596;0.0048134355;-0.006634037;-0.0338168;4547;4361;0;0;4;1
7973002878;7973002720;4259850;4325386;-0.0012477894;-0.0007801686;0.00064344145;0.0034687677;0.0016598142;-0.03202068;4452;4361;0;0;4;1
7973502328;7973502133;4259850;4325386;0.00065300486;0.0005639488;-0.0015967813;-0.0018514496;-0.0038340236;-0.040149014;4500;4362;0;0;4;1
7974001692;7974001545;4259850;4325386;-0.0005566264;-0.0006434904;-0.0021796967;-0.0011319832;-0.00023611364;-0.04643625;4499;4361;0;0;4;1
7974501091;7974500958;4259850;4325386;0.00015324939;0.0010614267;-0.0027977966;0.004805724;0.0018694282;-0.037372362;4499;4361;0;0;4;1
7975000547;7975000417;4259850;4325386;-0.0005941072;-0.0014577666;-0.0030595402;0.0062989034;3.874782e-05;-0.039956808;4546;4361;0;0;4;1
7975499940;7975499782;4259850;4325386;0.000872964;0.0008609536;-0.0023665815;0.0042135566;0.0017599772;-0.043626186;4452;4361;0;0;4;1
7975999348;7975999195;4259850;4325386;0.0002784319;0.00028672267;0.0017645439;0.00832493;0.0024563873;-0.031981114;4500;4363;0;0;4;1
7976503247;7976503106;4259850;4325386;-0.0011216319;-0.00037562082;0.0026296244;-0.0040921504;0.0015128136;-0.04806754;4499;4362;0;0;4;1
7977002701;7977002565;4259850;4325386;0.0014694316;-7.487796e-05;0.0027910566;-0.0049288776;-0.00046476285;-0.044510808;4546;4361;0;0;4;1
7977502113;7977501930;4259850;4325386;-0.00037630176;-0.0011075339;0.0032968058;-0.0056656967;-0.001547473;-0.07467251;4452;5816;0;0;4;1
7978001488;7978001342;4259850;4325386;0.0010598276;0.0001334696;0.00020288391;-0.0045384686;-0.00052887225;-0.03294536;4500;4362;0;0;4;1
7978500884;7978500753;4259850;4325386;0.005904859;-0.0005001247;-0.00019148232;-0.006815603;0.0073082726;-0.041908685;4499;4362;0;0;4;1
7979000319;7979000165;4259850;4325386;0.008252965;0.00015586836;-0.00042815882;0.0022678399;0.0010618565;-0.05557275;4499;5816;0;0;4;1
7979499754;7979499623;4259850;4325386;-0.005960566;-0.0015259206;0.00042889197;-0.007396364;0.005292751;-0.067682415;4546;4361;0;0;4;1
7980003632;7980003487;4259850;4325386;0.00030425529;-0.0051992144;0.0003742374;0.013792918;0.0008898669;-0.030524228;4499;4361;0;0;4;1
7980503094;7980502898;4259850;4325386;0.0071809883;0.0014651256;4.276917e-05;-0.0071779964;0.003169855;-0.043703325;4499;4361;0;0;4;1
7981002474;7981002309;4259850;4325386;-0.003955483;-0.0058885943;0.00025887045;-0.021924235;-0.0033840647;-0.044035964;4499;4361;0;0;4;1
7981501906;7981501768;4259850;4325386;0.0039805807;0.0029006165;0.0003097482;-0.010225532;0.0020225174;-0.036202315;4547;4360;0;0;4;1
7982001302;7982001131;4259850;4325386;-0.0033650196;0.0023323118;0.00038366066;-0.007753782;-0.02333533;-0.042128645;4452;4362;0;0;4;1
7982500687;7982500542;4259850;4325386;-0.002252758;-0.0050164815;0.0006078167;0.013046708;-0.012135448;-0.045077022;4499;4361;0;0;4;1
7983000115;7982999953;4259850;4325386;0.0038393755;-0.0010589212;-0.0004901733;0.0064719035;-0.011933331;-0.05131719;4499;4361;0;0;4;1
7983499494;7983499364;4259850;4325386;0.0014504986;0.0017468903;-0.00022156452;0.002383348;0.002802821;-0.04276991;4499;4361;0;0;4;1
7984003427;7984003274;4259850;4325386;-0.0026612235;-0.0026683256;0.00017292667;-0.004128584;0.0071892496;-0.04633536;4452;4362;0;0;4;1
7984502868;7984502684;4259850;4325386;-0.007246228;-0.0010116881;0.00081499567;-0.0032720016;0.0025636961;-0.053394854;4499;5818;0;0;4;1
7985002241;7985002095;4259850;4325386;-0.00012110273;0.000115275776;5.287825e-05;-0.0005762544;-0.009775971;-0.045528848;4500;4362;0;0;4;1
7985501632;7985501505;4259850;4325386;0.00023755967;-0.0027744686;-5.8362817e-05;-0.0029809084;-0.0039255787;-0.036217254;4499;4362;0;0;4;1
7986001097;7986000962;4259850;4325386;-0.0005224767;-0.005635913;9.870915e-05;0.010353991;-0.00234167;-0.025182642;4546;4362;0;0;4;1
7986500508;7986500325;4259850;4325386;0.005383515;-0.00024489613;0.00037116182;0.0026503985;0.0022520772;-0.06464605;4452;5816;0;0;4;1
7986999885;7986999735;4259850;4325386;-0.0023815944;0.0012768742;0.00020013648;0.0014750896;-0.0075419615;-0.05966183;4499;4362;0;0;4;1
7987503779;7987503644;4259850;4325386;0.00080983137;0.00087029085;-4.201952e-05;-0.0021067034;-0.003969988;-0.0515045;4499;4361;0;0;4;1
7988003232;7988003101;4259850;4325386;0.00014005296;0.00017061683;3.9019607e-05;0.010624425;0.0017496569;-0.058486726;4546;4361;0;0;4;1
7988502724;7988502464;4259850;4325386;0.00027010788;-0.000622705;-8.74984e-05;0.0005528142;-0.0013068022;-0.04960433;4452;4361;0;0;4;1
7989002055;7989001873;4259850;4325386;-0.005928388;0.00023894422;0.00025078116;0.0020743974;0.0075055454;-0.08500276;4499;5815;0;0;4;1
7989501425;7989501283;4259850;4325386;0.003995211;-0.00094062777;-0.00072285807;-0.0141444625;0.017603818;-0.027120482;4499;4361;0;0;4;1
7990000829;7990000692;4259850;4325386;0.0038206314;0.006081084;-0.00078507134;-0.017486926;-0.0041445233;-0.021775825;4499;4361;0;0;4;1
7990500298;7990500149;4259850;4325386;0.0007109943;-0.0016991041;-0.00019574621;-0.003026451;0.006163829;-0.047728434;4547;4362;0;0;4;1
7991004154;7991004010;4259850;4325386;0.0037229117;-0.0002112733;-0.00026717933;0.012445211;-0.0003636678;-0.039285824;4499;4361;0;0;4;1
7991503580;7991503419;4259850;4325386;-0.0067916806;-0.0022790125;8.358054e-05;0.01570981;-0.0028360693;-0.04506143;4499;4362;0;0;4;1
7992002961;7992002828;4259850;4325386;0.0009185545;0.0007449669;9.9716766e-05;0.0016648857;-0.0028182694;-0.04855586;4499;4363;0;0;4;1
7992502422;7992502284;4259850;4325386;-0.0021105867;0.0008662265;-0.0017739402;-0.0030798994;0.0015009632;-0.051827013;4546;4362;0;0;4;1
7993001796;7993001648;4259850;4325386;0.0020426898;-5.5809644e-05;-0.0010235782;0.013569304;0.007940005;-0.037335373;4454;4362;0;0;4;1
7993501206;7993501055;4259850;4325386;0.0014723566;-0.00010640055;-0.0016427654;0.01238308;0.0065926993;-0.03647954;4500;4361;0;0;4;1
7994000608;7994000463;4259850;4325386;0.0077655734;-0.0016513644;-0.0003597449;0.015110006;0.0030255376;-0.051132105;4499;4362;0;0;4;1
7994500017;7994499872;4259850;4325386;-0.0045312643;0.0046467823;-0.0015798521;-0.00957549;0.0003592153;-0.038114395;4499;4362;0;0;4;1
7995003929;7995003779;4259850;4325386;-0.0026180956;-0.0008555242;0.001932;0.016852649;0.0018418417;-0.03271195;4452;4361;0;0;4;1
7995503333;7995503188;4259850;4325386;0.0016379822;0.0010610728;0.0015477202;-0.0019152098;-0.004841133;-0.037353702;4499;4362;0;0;4;1
7995998280;7995998097;4259850;4325386;-0.0015754732;0.006385777;0.00012835143;-0.01342177;-0.005355073;-0.07769926;4499;4363;0;0;4;1
7996502168;7996502004;4259850;4325386;-0.0028378516;-0.0040327436;0.0015967035;0.008876707;0.015727008;-0.08049166;4499;5815;0;0;4;1
7997001591;7997001459;4259850;4325386;0.0002073141;0.0019648047;0.00037120824;0.0016280116;-0.002753669;-0.05687506;4546;4362;0;0;4;1
7997501003;7997500821;4259850;4325386;0.001000769;-9.7777054e-05;0.00013473505;0.006321515;-0.00034554268;-0.03328903;4453;4363;0;0;4;1
7998000372;7998000228;4259850;4325386;0.001053496;-0.0007789358;0.000978951;0.0042330534;-0.0020486922;-0.036565516;4498;4362;0;0;4;1
7998504266;7998504135;4259850;4325386;-0.0015189509;-3.7823895e-05;0.0033464257;0.00065339805;0.0014670364;-0.050312955;4499;4362;0;0;4;1
7999003733;7999003590;4259850;4325386;0.0018440502;0.00074663915;0.0026698534;-0.017253986;0.0060631186;-0.04204616;4546;4362;0;0;4;1
7999498689;7999498498;4259850;4325386;-0.0017991397;9.88523e-05;0.0033289196;-0.0025619152;0.007061073;-0.03686796;4546;4362;0;0;4;1
8000002502;8000002358;4259850;4325386;0.0017914148;0.00034359779;0.0029104599;0.0049883286;0.00073514046;-0.041418612;4499;4362;0;0;4;1
8000501951;8000501766;4259850;4325386;-3.567505e-05;0.0008814572;-0.0010864369;-0.0014691651;-0.0012608703;-0.05322849;4500;4363;0;0;4;1
8001001347;8001001173;4259850;4325386;-3.5352015e-05;-6.929472e-05;-0.0012966325;-0.004299914;0.001006349;-0.064254746;4499;5817;0;0;4;1
8001500762;8001500627;4259850;4325386;-0.0006832023;-6.594277e-05;-0.001733605;-0.0042743203;-0.0029093137;-0.031405646;4546;4362;0;0;4;1
8002004633;8002004487;4259850;4325386;0.0004503344;-0.00076101476;-0.002051524;-0.001295829;0.001512814;-0.036024787;4500;4362;0;0;4;1
8002504042;8002503894;4259850;4325386;7.2721574e-05;0.00052492955;-0.0027927049;-0.0007586741;-0.0014264254;-0.03611692;4500;4363;0;0;4;1
8002998951;8002998801;4259850;4325386;-0.00036710125;0.0005805767;-0.0032588162;0.00084482925;-0.0021224169;-0.04159783;4499;4363;0;0;4;1
8003502960;8003502755;4259850;4325386;0.00010296211;1.9657398e-05;-0.003333386;-2.0633666e-05;-0.0030374909;-0.043934148;4547;4362;0;0;4;1
8004002258;8004002114;4259850;4325386;-0.0016886836;0.006042331;-0.0002224501;0.0034679358;0.017187104;-0.023404643;4452;4362;0;0;4;1
8004501668;8004501521;4259850;4325386;-6.149554e-05;0.00023733916;-0.0001246083;-0.003072449;-0.0031112966;-0.043859623;4499;4363;0;0;4;1
8005001078;8005000927;4259850;4325386;-0.0010037209;0.007137723;-6.659987e-05;-0.014984677;-0.009692717;-0.047929686;4499;4361;0;0;4;1
8005505015;8005504880;4259850;4325386;0.0065315706;-0.0004638072;-0.00092041504;-0.002016628;-0.002193131;-0.044490166;4546;4364;0;0;4;1
8006004385;8006004240;4259850;4325386;0.00045936755;0.00066714705;4.677238e-06;-0.0017785814;0.004506676;-0.051834337;4449;4362;0;0;4;1
8006499305;8006499147;4259850;4325386;-0.0010638866;0.001325146;0.00011977539;0.0016189031;0.0007895259;-0.05287914;4452;4362;0;0;4;1
8006998705;8006998553;4259850;4325386;-7.599488e-05;-0.0010404878;6.2602834e-05;0.0028485553;0.0003958376;-0.036061447;4499;4362;0;0;4;1
8007502628;8007502458;4259850;4325386;0.00015624528;-0.00015095585;-8.7069515e-05;-5.70677e-05;0.00186988;-0.03860014;4499;4362;0;0;4;1
8008002010;8008001914;4259850;4325386;-0.00029174524;9.943109e-05;-4.7609185e-05;0.010064259;0.0032253452;-0.044038974;4549;4363;0;0;4;1
8008501423;8008501270;4259850;4325386;-0.00043662003;-0.0004922123;-0.00023588577;-0.005558624;0.00067965937;-0.029022757;4452;4362;0;0;4;1
8009000826;8009000676;4259850;4325386;0.00047255502;-0.0005846762;-9.152364e-05;-0.0044838167;-0.003376246;-0.036666334;4499;4362;0;0;4;1
8009504712;8009504581;4259850;4325386;0.00011232509;-0.0052361833;-6.983202e-05;-0.010340608;2.1492685e-06;-0.0361256;4499;4362;0;0;4;1
8009999634;8009999488;4259850;4325386;-0.0018425481;0.009449978;0.00036472484;-0.0063419593;0.0043418766;-0.030919904;4499;4362;0;0;4;1
8010499109;8010498941;4259850;4325386;-0.00032237227;-0.00091657485;0.00038333525;0.022307273;0.020370964;-0.04299147;4547;5816;0;0;4;1
8011002963;8011002798;4259850;4325386;0.002038304;-0.0007261365;-3.6956502e-05;-0.00010261061;0.028604068;-0.036446378;4499;4362;0;0;4;1
8011502349;8011502204;4259850;4325386;-0.007756804;-0.0007007112;0.0002938569;0.0016100672;0.003577776;-0.054505408;4499;4360;0;0;4;1
8012001742;8012001609;4259850;4325386;-0.0021903913;0.0010283348;0.00020957392;0.00068791956;0.013302067;-0.036283646;4499;4361;0;0;4;1
8012501202;8012501062;4259850;4325386;-0.0004231953;0.000102320344;-0.00023190204;-0.0028442803;0.009148536;-0.043439236;4547;4362;0;0;4;1
8013005069;8013004919;4259850;4325386;0.00190154;-0.0014439031;-8.545611e-05;-0.006522895;0.010980318;-0.05362971;4499;4362;0;0;4;1
8013499974;8013499825;4259850;4325386;-6.861704e-05;0.000871995;0.00017918689;-0.0052125;0.006649073;-0.049350634;4499;4362;0;0;4;1
8013999363;8013999230;4259850;4325386;-0.00040622344;0.0004831854;0.00012952626;-0.0103041725;-0.00014433934;-0.042889334;4499;4362;0;0;4;1
8014503344;8014503181;4259850;4325386;0.0012890305;0.0012884233;9.590707e-05;-0.0007926282;0.00043012423;-0.062107366;4546;5816;0;0;4;1
8015002682;8015002539;4259850;4325386;0.002449475;-9.588986e-05;-0.00034166663;0.008632476;-0.0124402335;-0.033385277;4452;4362;0;0;4;1
8015502168;8015501944;4259850;4325386;-0.0028969897;0.00022225562;3.7395595e-05;0.004032666;-0.010673215;-0.044841476;4499;4362;0;0;4;1
8016001479;8016001349;4259850;4325386;0.0011375075;0.0011994515;-0.00031039506;0.000790106;-0.004995774;-0.038014814;4500;4361;0;0;4;1
8016505479;8016505300;4259850;4325386;-0.0011092091;-0.002474176;1.7471613e-05;0.012953681;-0.0061256033;-0.05893049;4547;5816;0;0;4;1
8017000337;8017000205;4259850;4325386;0.0014042835;-0.0007006895;-1.3707821e-05;-0.021557381;0.0011001421;-0.03766594;4546;4361;0;0;4;1
8017499720;8017499563;4259850;4325386;0.0010244839;0.0001289877;-0.00013957947;-0.021043137;-0.0039805123;-0.03512662;4453;4362;0;0;4;1
8017999120;8017998967;4259850;4325386;-0.0003221457;0.003943916;0.00017736168;0.016832493;0.003273248;-0.027367571;4499;4365;0;0;4;1
8018503017;8018502870;4259850;4325386;0.0005788658;0.0007394474;-0.00012707876;0.000988591;0.012498803;-0.038244803;4498;4362;0;0;4;1
8019002456;8019002322;4259850;4325386;-0.0012234597;-3.6042795e-05;-9.704739e-05;0.0019103762;0.008846404;-0.040423967;4547;4362;0;0;4;1
8019501830;8019501679;4259850;4325386;-0.0021662614;0.00081000634;0.00015430935;0.0044516576;0.010531024;-0.058094;4452;4362;0;0;4;1
8020001231;8020001083;4259850;4325386;0.0022044145;0.00041208242;-0.00034280054;-0.0002923282;0.011512969;-0.05038234;4499;4363;0;0;4;1
8020500630;8020500487;4259850;4325386;0.0028926285;0.00044662523;-0.00022088595;-0.004273431;-0.002651686;-0.053195473;4499;4362;0;0;4;1
8021000027;8020999891;4259850;4325386;-0.0014814206;0.0013685201;-0.00046985297;0.012130155;-0.0060954425;-0.023074703;4499;4362;0;0;4;1
8021499505;8021499342;4259850;4325386;0.0017599006;-0.004152976;0.00053253083;-0.0016121572;-0.011034107;-0.051902957;4546;5817;0;0;4;1
8022003345;8022003198;4259850;4325386;-0.00094378577;0.0019180593;-0.00020075441;0.001400298;-0.0065257526;-0.049112342;4499;4362;0;0;4;1
8022502781;8022502601;4259850;4325386;-0.004437866;0.0006108959;0.00014650295;0.0052106557;0.00878184;-0.056837283;4499;5817;0;0;4;1
8023002216;8023002005;4259850;4325386;0.0075447173;0.0005774029;-1.1429262e-05;0.0011482623;0.009993582;-0.05318124;4499;4360;0;0;4;1
8023501583;8023501456;4259850;4325386;0.0011387435;0.000106972795;-2.5679457e-05;-0.0018432351;4.8397545e-05;-0.042898264;4546;4363;0;0;4;1
8024000956;8024000812;4259850;4325386;0.0025096745;1.13139495e-05;0.0001331601;-0.002452613;-0.029094163;-0.048489127;4452;4362;0;0;4;1
8024500366;8024500216;4259850;4325386;0.0027119014;-0.000441542;-0.00033788683;7.956023e-05;-0.00055633887;-0.04419993;4499;4362;0;0;4;1
8024999767;8024999619;4259850;4325386;0.0010826578;2.157679e-05;-0.00013221866;0.0015099589;-0.00079463655;-0.03341956;4499;4363;0;0;4;1
8025503699;8025503569;4259850;4325386;0.00014265745;-0.0005221566;8.949426e-05;-0.0014105941;-0.0004978541;-0.040325038;4547;4362;0;0;4;1
8026003109;8026002924;4259850;4325386;-7.796119e-05;0.0006579624;0.00012612867;0.00013644212;0.007324248;-0.05911959;4451;5816;0;0;4;1
8026502488;8026502328;4259850;4325386;-0.00086261396;0.00020381947;-0.0014079825;-0.0015235423;-0.0045847776;-0.04816835;4500;4362;0;0;4;1
8027001887;8027001731;4259850;4325386;0.0008970278;5.27047e-05;-0.0025942652;0.0016268777;0.0030047204;-0.037215307;4499;4362;0;0;4;1
8027501265;8027501134;4259850;4325386;-0.00028211696;-0.00047812404;-0.002843581;0.0041875103;0.003005167;-0.036226414;4499;4362;0;0;4;1
8028000713;8028000584;4259850;4325386;9.0757494e-05;0.0014017193;0.0009419544;0.0042407196;-0.0012790395;-0.036177717;4546;4361;0;0;4;1
8028500093;8028499940;4259850;4325386;0.0002421756;-0.0014157115;0.002164054;-0.009627171;0.00023036555;-0.0602187;4452;4361;0;0;4;1
8029003994;8029003842;4259850;4325386;-0.000818375;0.0009974603;0.0023722046;0.009406703;-0.0040720673;-0.047270183;4499;4362;0;0;4;1
8029503408;8029503245;4259850;4325386;0.00020259459;-0.0008782398;0.0030803955;-0.005904582;0.0041210447;-0.056427773;4500;5818;0;0;4;1
8030002830;8030002694;4259850;4325386;-0.00024210537;-0.00035979168;0.0029680158;-0.0033273445;0.00211738;-0.037162445;4546;4363;0;0;4;1
8030502305;8030502050;4259850;4325386;-0.0008069889;-0.00076194864;0.0013646919;0.02550372;0.02817142;-0.049853817;4452;5816;0;0;4;1
8031001596;8031001452;4259850;4325386;0.005787116;0.0019661156;-0.00024086967;-0.0077107945;-0.0068900473;-0.039013606;4499;4362;0;0;4;1
8031501005;8031500855;4259850;4325386;-0.005399057;-0.0009754677;-0.0004459131;-0.007935952;-7.109491e-05;-0.04746265;4499;4362;0;0;4;1
8032000389;8032000257;4259850;4325386;-0.0066017234;-0.006511545;-0.00013281159;0.009115229;-0.018519513;-0.043851655;4499;4362;0;0;4;1
8032499857;8032499707;4259850;4325386;0.005168622;0.003606423;1.04037335e-05;-0.0037915683;0.003810855;-0.061769146;4546;4362;0;0;4;1
8033003705;8033003561;4259850;4325386;-0.00044663736;-0.001304686;-0.0011923304;0.004943519;-0.0015909153;-0.04562049;4499;4362;0;0;4;1
8033503166;8033502963;4259850;4325386;-0.0060426826;-0.00039546003;8.444568e-05;0.0007558226;0.0016020339;-0.06912772;4499;5816;0;0;4;1
8034002497;8034002365;4259850;4325386;0.005543357;0.009212618;-0.0002627248;0.023625132;-0.0012979379;-0.08405831;4499;4362;0;0;4;1
8034501952;8034501815;4259850;4325386;-0.0059432755;-0.009056349;0.00030918777;0.016187875;-0.01002095;-0.04358042;4547;4361;0;0;4;1
8035001364;8035001169;4259850;4325386;0.0023251523;0.008165697;-0.00025114746;0.016487923;0.008095285;-0.05238911;4452;4361;0;0;4;1
8035500716;8035500571;4259850;4325386;-0.009046629;0.008634973;-0.0010777445;0.0034155778;-0.007191665;-0.07879269;4499;4362;0;0;4;1
8036000120;8035999973;4259850;4325386;0.004192325;-0.007591751;-0.0013051215;-0.025734033;0.007308273;-0.05663677;4499;4362;0;0;4;1
8036504089;8036503921;4259850;4325386;-0.0014854608;0.0011759163;-0.00046640512;0.011749834;-0.00500743;-0.03822644;4546;5816;0;0;4;1
8037003422;8037003276;4259850;4325386;0.0006079975;0.0020321952;-0.0001059661;0.0031760605;0.00093413325;-0.039059766;4452;4361;0;0;4;1
8037502834;8037502677;4259850;4325386;-0.006436886;-0.00057216984;0.000754267;0.010563487;0.0195767;-0.05892801;4499;4362;0;0;4;1
8038002336;8038002079;4259850;4325386;-0.0034574303;-0.0035067112;6.041614e-06;-0.025154427;-0.002294864;-0.051170312;4499;4361;0;0;4;1
8038501614;8038501481;4259850;4325386;0.0030984082;-0.0006546615;-0.00029650392;-0.018009996;0.002126235;-0.03483334;4500;4362;0;0;4;1
8039001062;8039000929;4259850;4325386;-0.0065144226;0.004837726;-0.0008119076;0.009344742;-0.01785765;-0.054554995;4546;4363;0;0;4;1
8039500431;8039500283;4259850;4325386;-0.0056822146;-0.009120164;-0.00042348602;0.009707282;0.030288683;-0.05271417;4452;4362;0;0;4;1
8040004322;8040004184;4259850;4325386;0.0022426879;0.0036367534;-0.00010647125;-0.0042378865;0.0030692562;-0.010023807;4499;4362;0;0;4;1
8040503719;8040503585;4259850;4325386;-0.0017466217;0.0013455319;0.00016060527;-0.012426463;-0.0004190058;-0.038774274;4499;4362;0;0;4;1
8041003185;8041003034;4259850;4325386;0.0068727066;-0.006283092;0.00030293313;0.0049814694;-0.021864958;-0.055322465;4547;5816;0;0;4;1
8041502535;8041502387;4259850;4325386;0.0031954744;0.0029897455;0.00015699444;0.004460767;0.00034090434;-0.05795652;4452;4362;0;0;4;1
8042001939;8042001788;4259850;4325386;-0.0041088816;0.0018371388;0.00025955468;-0.006157809;-0.011238261;-0.04233051;4499;4361;0;0;4;1
8042501360;8042501189;4259850;4325386;0.0022478378;-0.0015725981;-0.000108311;0.013478217;-0.017155338;-0.05826813;4499;4362;0;0;4;1
8043000720;8043000590;4259850;4325386;0.0031274324;0.0075357947;0.0009801664;-0.0033361416;0.01121769;-0.04119382;4499;4362;0;0;4;1
8043500175;8043500038;4259850;4325386;-0.00020808379;0.008811999;-0.0004963079;-0.020810077;0.004213911;0.0012103291;4546;4363;0;0;4;1
8044004038;8044003891;4259850;4325386;-0.004425871;-0.0025410063;0.00035990681;-0.006697191;0.010119024;-0.054803785;4500;4362;0;0;4;1
8044503433;8044503291;4259850;4325386;-0.001433186;-0.00084824767;0.0001877207;0.0057359613;-0.0037241569;-0.035172444;4499;4362;0;0;4;1
8044998344;8044998192;4259850;4325386;-0.0005164835;0.0003500406;-0.0006016335;0.0019650275;-0.0029276244;-0.034384258;4499;4362;0;0;4;1
8045502312;8045502139;4259850;4325386;-0.0030040576;0.00033108325;0.00011766163;0.005637246;-0.0020854783;-0.05625952;4546;4362;0;0;4;1
8046001635;8046001493;4259850;4325386;0.0025980317;-6.350565e-05;-6.692696e-06;-0.0041559096;-0.0030283357;-0.03243212;4452;4362;0;0;4;1
8046501041;8046500893;4259850;4325386;0.0018832311;2.760636e-05;-3.745294e-05;0.0028576644;0.00025850433;-0.046417847;4499;4362;0;0;4;1
8047000427;8047000293;4259850;4325386;0.0008928059;0.00045767197;1.18586095e-05;-0.0012776117;-6.1939725e-05;-0.045437194;4499;4362;0;0;4;1
8047504366;8047504239;4259850;4325386;0.0044305874;0.0019773613;-0.00048122145;0.0025677772;-0.014027738;-0.035504557;4546;4363;0;0;4;1
8048003751;8048003593;4259850;4325386;-0.0005577007;0.00049287477;-0.00036035714;0.01022647;-0.009959082;-0.031433143;4453;4362;0;0;4;1
8048498581;8048498494;4259850;4325386;0.0014330838;0.00032632236;-0.00010050997;-0.0016227826;0.006803141;-0.046613064;4452;4363;0;0;4;1
8049002526;8049002393;4259850;4325386;0.0008112748;-0.00054439274;-0.00012096447;-0.00036718074;0.0040506087;-0.05039038;4500;4364;0;0;4;1
8049501926;8049501792;4259850;4325386;5.979497e-05;-3.722489e-05;0.00019303495;-0.006861145;-0.00082184956;-0.05063372;4498;4362;0;0;4;1
8050001368;8050001240;4259850;4325386;-9.507056e-06;-5.9672428e-05;-0.00019445778;-0.0034071398;0.0021203256;-0.036608014;4547;4364;0;0;4;1
8050500744;8050500592;4259850;4325386;-0.0024059638;-0.0008876131;3.98236e-05;0.0029487498;0.008287916;-0.041386284;4452;4362;0;0;4;1
8051004645;8051004491;4259850;4325386;0.0015483769;0.00016323596;0.00026131136;-0.006169642;0.0023267753;-0.04669538;4499;4362;0;0;4;1
8051504021;8051503891;4259850;4325386;-0.0006627908;0.001109886;-0.00016593006;0.0028380689;-0.0168459;-0.046331212;4500;4362;0;0;4;1
8051998941;8051998792;4259850;4325386;-0.0012707642;-0.0002263265;-7.391476e-05;-0.0011888432;-0.010694202;-0.018275995;4499;4363;0;0;4;1
8052502847;8052502690;4259850;4325386;0.00024898426;0.00044711863;-0.00037752863;0.0007809177;-0.022941638;-0.043320093;4452;4362;0;0;4;1
8053002328;8053002089;4259850;4325386;0.0024335762;0.000840853;-0.000119502096;-0.0007676528;0.004698552;-0.042477146;4499;4362;0;0;4;1
8053501616;8053501488;4259850;4325386;0.0009455551;-0.00038616685;8.777044e-05;-0.002979857;0.0007073921;-0.046919104;4499;4361;0;0;4;1
8054001064;8054000888;4259850;4325386;-0.007330107;-3.7511643e-05;1.7875083e-05;-0.0050758715;-0.0059581096;-0.027455552;4499;4362;0;0;4;1
8054504937;8054504786;4259850;4325386;7.520977e-05;0.0010106954;8.53372e-05;-0.0032601387;-0.0037861431;-0.055172317;4452;4359;0;0;4;1
8055004327;8055004185;4259850;4325386;0.00091502507;0.00043361625;4.1281342e-05;-0.00084040186;-0.0008310053;-0.059762023;4499;4362;0;0;4;1
8055499263;8055499085;4259850;4325386;-0.0036268148;-0.002411605;0.00019355082;-0.0039988346;-0.0033694257;-0.04324588;4499;5816;0;0;4;1
8055998613;8055998484;4259850;4325386;0.0074793757;0.0056356913;0.0001416106;-0.0017330387;0.0052024974;-0.013790604;4499;4362;0;0;4;1
8056502559;8056502429;4259850;4325386;0.002480008;-0.00025665484;-0.0005635623;0.004888868;-0.0040629115;-0.026429074;4546;4362;0;0;4;1
8057001927;8057001781;4259850;4325386;0.0025689246;0.0012801084;-6.8965615e-05;0.0005258785;-0.005784154;-0.0496989;4452;4362;0;0;4;1
8057501327;8057501180;4259850;4325386;0.00046486818;-0.00045234422;-0.0005137828;-0.007620693;0.0020818363;-0.032467782;4499;4366;0;0;4;1
8058005210;8058005078;4259850;4325386;-5.9191076e-05;0.0021177703;-0.002851603;0.004788674;0.002950234;-0.030690778;4500;4362;0;0;4;1
8058504656;8058504523;4259850;4325386;-0.00019483002;-0.00048561057;-0.00053908426;0.00042568464;-0.0033213126;-0.029975913;4546;4362;0;0;4;1
8058999583;8058999423;4259850;4325386;-0.0008108447;-0.0010345876;0.0027910138;-0.0075685508;0.004971479;-0.0635951;4546;5817;0;0;4;1
8059498934;8059498774;4259850;4325386;0.0004973198;0.00087959535;0.0031816878;0.0036960454;0.0028689278;-0.038884137;4452;4363;0;0;4;1
8060002809;8060002672;4259850;4325386;-0.000564976;0.000357857;0.0027367256;-0.007917735;0.0059440965;-0.05143107;4499;4362;0;0;4;1
8060502300;8060502070;4259850;4325386;-0.0015409318;0.0015229911;0.0030804086;0.018051786;0.007518686;-0.050822712;4499;4362;0;0;4;1
8061001648;8061001516;4259850;4325386;0.0041993125;0.0026752476;0.0024510673;-0.0074564577;0.005927378;-0.061075434;4547;4362;0;0;4;1
8061501009;8061500866;4259850;4325386;0.00063310395;-0.0010172043;-0.0002074482;-0.0047406894;0.0036011445;-0.017152634;4451;4363;0;0;4;1
8062004909;8062004764;4259850;4325386;0.000245712;0.00098013;-0.0013867986;-0.0050194054;0.0035721257;-0.032985717;4499;4361;0;0;4;1
8062499817;8062499663;4259850;4325386;0.000414113;-0.00052602927;-0.0016655333;-0.0029893531;-0.0018104656;-0.048119407;4499;4362;0;0;4;1
8062999192;8062999061;4259850;4325386;-0.0054616085;0.008270265;-0.00089907105;0.0038869283;0.002638945;-0.06403289;4500;4362;0;0;4;1
8063503112;8063502958;4259850;4325386;0.0014723222;0.0024158934;-0.0022345416;0.023233462;-0.010599969;-0.053236574;4452;4362;0;0;4;1
8064002525;8064002356;4259850;4325386;-0.0046517607;-0.0019984953;-0.002942381;-0.010912828;-0.0075143375;-0.033112463;4500;4362;0;0;4;1
8064501899;8064501753;4259850;4325386;0.010291356;-0.0007199077;-0.0038689228;0.010062517;-8.940622e-05;-0.049918856;4499;4362;0;0;4;1
8065001282;8065001151;4259850;4325386;-0.0006161509;0.00624981;-0.0023942646;-0.011178591;-0.008860417;-0.04425491;4499;4362;0;0;4;1
8065505234;8065505048;4259850;4325386;-0.00079918833;0.00050283695;0.00013352354;-0.0020364597;0.005479105;-0.042438764;4450;4365;0;0;4;1
8066000148;8065999948;4259850;4325386;-0.0014877993;0.00033778537;0.0020453641;0.0049995747;0.004269253;-0.040873054;4454;4363;0;0;4;1
8066499489;8066499344;4259850;4325386;0.0017627408;-0.0052586016;0.0025239496;-0.011682818;0.022658112;-0.0459705;4499;4363;0;0;4;1
8067003430;8067003240;4259850;4325386;-0.00556731;0.0012565441;0.001855807;0.02216121;-0.0022851047;-0.062348664;4499;5816;0;0;4;1
8067502820;8067502685;4259850;4325386;0.0036673518;0.005596627;0.0008555247;0.0017022594;0.002873121;-0.049081642;4546;4363;0;0;4;1
8068002262;8068002035;4259850;4325386;0.0010230918;-1.7371566e-06;-0.00012073271;-0.00051249476;-0.0021585592;-0.052155107;4452;4362;0;0;4;1
8068501582;8068501433;4259850;4325386;-0.0004905944;-0.0012701174;-0.00025073206;0.0047249137;-0.00042816144;-0.044823144;4500;4362;0;0;4;1
8069005491;8069005329;4259850;4325386;0.00042618805;0.00026152708;-5.7328358e-05;0.00014384784;-0.0032674388;-0.042586297;4499;4363;0;0;4;1
8069500356;8069500227;4259850;4325386;6.752153e-05;0.00011292514;-0.0023356504;-0.0013049374;0.0008810815;-0.061045118;4499;4362;0;0;4;1
8069999820;8069999671;4259850;4325386;2.4065106e-05;3.6511825e-05;-0.0029446196;0.0093079675;-0.002708151;-0.032240264;4546;4363;0;0;4;1
8070503700;8070503520;4259850;4325386;-0.0075422185;0.0006334208;-0.0013442005;-0.00076780433;-0.0109409;-0.036808174;4499;5819;0;0;4;1
8071003067;8071002917;4259850;4325386;-0.0016932319;0.00023061401;0.0018752876;-0.0054586413;-0.00087740144;-0.054084454;4499;4363;0;0;4;1
8071502450;8071502314;4259850;4325386;0.002277626;0.000121936784;0.0024413068;-0.003427227;0.0004507711;-0.03429261;4498;4362;0;0;4;1
8072001890;8072001758;4259850;4325386;-0.0021909396;-0.0003902577;0.003345227;-0.004420057;0.0028129003;-0.042577732;4546;4362;0;0;4;1
8072501293;8072501107;4259850;4325386;0.0015459879;0.0011737614;0.0026827182;-0.002197574;0.0014121027;-0.06357464;4452;4362;0;0;4;1
8073000662;8073000504;4259850;4325386;0.0059981607;-0.006724347;0.0024594606;-0.01237394;0.014918436;-0.016378548;4499;4362;0;0;4;1
8073500046;8073499901;4259850;4325386;-0.0031278331;-0.0017454687;0.001293014;0.011018914;-0.0035410458;-0.035997294;4499;4362;0;0;4;1
8073994977;8073994800;4259850;4325386;0.00011829271;0.00021458638;0.00021480983;0.0046839146;0.0038372816;-0.058439407;4501;5817;0;0;4;1
8074503344;8074503193;4259850;4325386;-0.00025214074;0.004526834;0.00012522434;-0.009315223;0.0026418786;-0.030876424;4452;4363;0;0;4;1
8075002734;8075002589;4259850;4325386;-0.0021786375;0.0015267071;0.00017964456;0.0056175515;-0.001819804;-0.051137794;4499;4362;0;0;4;1
8075502208;8075501985;4259850;4325386;-0.0015279407;-0.008830924;0.000495961;0.010666833;-0.002131503;-0.054433268;4499;4363;0;0;4;1
8076001511;8076001382;4259850;4325386;-0.0052884216;-0.0050811637;0.00019966056;-0.0057499036;-0.0002267394;-0.039727427;4499;4362;0;0;4;1
8076500963;8076500825;4259850;4325386;0.002015566;0.0020688886;0.000779832;-0.006809931;0.0033001374;-0.056742944;4546;4364;0;0;4;1
8077000323;8077000174;4259850;4325386;9.358726e-05;0.0018770474;0.00053436763;0.005235858;0.0049848845;-0.04852981;4452;4363;0;0;4;1
8077499739;8077499570;4259850;4325386;-0.0002097618;-0.0013491767;0.0005006806;-0.011208497;-0.011646435;-0.043908138;4499;4363;0;0;4;1
8078003596;8078003465;4259850;4325386;-0.0061524855;0.006247729;-0.0003517786;-0.0051670996;-0.006637553;-0.039626677;4499;4363;0;0;4;1
8078503044;8078502909;4259850;4325386;-0.0015645452;-0.0003253256;9.356558e-05;0.0026502425;-0.0015748973;-0.044699576;4543;4363;0;0;4;1
8079002402;8079002257;4259850;4325386;0.0033451852;-0.002581157;0.0005833072;0.028878614;0.015983058;-0.02833358;4452;4363;0;0;4;1
8079501801;8079501653;4259850;4325386;0.0010990949;0.0021558707;-0.00020834405;-0.014194868;0.0064116;-0.030625524;4499;4363;0;0;4;1
8080001198;8080001049;4259850;4325386;-0.0056478065;-0.006641437;-0.0001375929;0.007771671;-0.011509353;-0.035779625;4499;4363;0;0;4;1
8080500573;8080500445;4259850;4325386;0.00050674076;0.0024612118;0.000118347394;0.0008902652;-0.0033127125;-0.044943552;4499;4363;0;0;4;1
8081000029;8080999888;4259850;4325386;0.0005582251;0.0032400426;0.00021047071;-0.0017428409;0.009462367;-0.036847413;4547;4363;0;0;4;1
8081503902;8081503735;4259850;4325386;0.00015077533;-0.00028685934;-8.043472e-06;0.00059874693;0.00088108133;-0.012296717;4499;4362;0;0;4;1
8082003279;8082003131;4259850;4325386;0.00021438081;0.0016735223;-1.6602307e-05;0.013268722;-0.0030741128;-0.02402786;4499;4362;0;0;4;1
8082502657;8082502526;4259850;4325386;-0.00035015133;-0.00061268185;-8.229308e-05;0.023779973;-0.0042551784;-0.038352683;4499;4362;0;0;4;1
8083002129;8083001969;4259850;4325386;0.00022872108;-0.00020637504;0.00013947909;0.016110584;0.0041587655;-0.06699317;4547;4362;0;0;4;1
8083501459;8083501317;4259850;4325386;0.00034354467;-0.0026944461;0.00025627232;0.012661984;0.00076064066;-0.04318407;4452;4363;0;0;4;1
8084000856;8084000712;4259850;4325386;0.0006088843;0.002885599;5.974997e-05;-0.006974238;0.002111639;-0.048147645;4499;4362;0;0;4;1
8084500242;8084500107;4259850;4325386;-0.001030878;-0.003603272;-5.1438583e-05;0.0046702633;0.0009817923;-0.03585982;4499;4362;0;0;4;1
8084999635;8084999503;4259850;4325386;0.00059695676;0.007497558;-0.00019416308;-0.01560037;0.0067794835;-0.007959776;4499;4363;0;0;4;1
8085503564;8085503397;4259850;4325386;-0.0023773725;0.007181908;0.00040420544;0.0082076145;0.0019143476;-0.062243614;4452;4366;0;0;4;1
8086002948;8086002792;4259850;4325386;-0.0002514272;-0.0063912375;0.00017867061;-0.0007206303;0.0025853077;-0.04754237;4499;4363;0;0;4;1
8086502317;8086502187;4259850;4325386;-0.0003575109;-0.0010884684;0.00016091195;0.0071121976;0.0019342251;-0.035475634;4499;4363;0;0;4;1
8087001711;8087001582;4259850;4325386;0.0004940218;0.0009112277;-3.849648e-05;-0.00013919351;0.002300837;-0.045952376;4499;4363;0;0;4;1
8087501161;8087501024;4259850;4325386;0.0007337553;-0.0009863644;0.00014806035;0.012166589;-0.00067536085;-0.03959912;4546;4362;0;0;4;1
8088000515;8088000372;4259850;4325386;0.000722055;0.0007419026;8.570176e-05;0.004296813;0.0043418766;-0.052457552;4452;4362;0;0;4;1
8088499915;8088499767;4259850;4325386;5.3690863e-05;-0.0026380038;0.00028357588;0.01481163;0.0019437209;-0.050078906;4499;4363;0;0;4;1
8089003833;8089003660;4259850;4325386;0.00079199346;0.0004273061;-6.195874e-05;-0.0039373054;0.0046714763;-0.03393517;4499;4362;0;0;4;1
8089503262;8089503102;4259850;4325386;0.0004750688;-0.00014959731;-6.745268e-05;0.01293137;0.005022489;-0.03898409;4546;5817;0;0;4;1
8090002548;8090002450;4259850;4325386;3.850771e-05;0.0004589091;0.00013658617;0.007843462;0.0060559823;-0.068879604;4452;4363;0;0;4;1
8090502044;8090501844;4259850;4325386;-0.00018049535;-0.0012673315;1.2328304e-05;0.0058247293;0.0074363495;-0.0370664;4499;4362;0;0;4;1
8091001369;8091001239;4259850;4325386;0.00063325686;0.00064167404;0.00031296568;0.0063813585;0.017442465;-0.033991776;4499;4362;0;0;4;1
8091500813;8091500633;4259850;4325386;0.00037082282;-0.0001971945;-0.00013550876;0.017174467;0.0013726522;-0.06789364;4499;5817;0;0;4;1
8092000216;8092000075;4259850;4325386;0.00035157174;0.00020320585;-3.974493e-05;-0.0026074585;0.0136988405;-0.033110328;4546;4362;0;0;4;1
8092504077;8092503921;4259850;4325386;-0.000329853;-0.00040908193;-3.0952782e-05;0.008805539;0.0030143228;-0.0416704;4499;4362;0;0;4;1
8093003476;8093003316;4259850;4325386;0.003257462;-0.003149286;9.373765e-05;-0.012614254;-0.010629257;-0.03998249;4499;5817;0;0;4;1
8093502852;8093502710;4259850;4325386;-0.00013897337;0.00016535477;-0.00047235974;0.0021392;-0.0038543257;-0.0352335;4499;4363;0;0;4;1
8094002281;8094002151;4259850;4325386;6.403834e-05;0.0008215068;-0.0001880702;-0.011761539;-0.0072765076;-0.05254003;4546;4362;0;0;4;1
8094501645;8094501499;4259850;4325386;0.00038793424;-0.00032411178;3.7849753e-05;-0.0038826538;-0.007056774;-0.021947414;4452;4362;0;0;4;1
8095001089;8095000893;4259850;4325386;0.00060087023;3.7642698e-05;-2.9039575e-05;0.00031825106;-0.011124392;-0.07057429;4499;5817;0;0;4;1
8095500436;8095500287;4259850;4325386;0.00045193435;-0.00083512854;-4.1118226e-05;-1.1379566e-05;-0.012946887;-0.029129313;4499;4363;0;0;4;1
8096004358;8096004227;4259850;4325386;6.994502e-05;-0.00016945013;-8.288316e-05;-0.0044029537;-0.0100351665;-0.044318438;4546;4363;0;0;4;1
8096503764;8096503574;4259850;4325386;4.512014e-05;0.00031825894;-4.110699e-05;-0.0070242006;-0.012518118;-0.033672333;4452;5817;0;0;4;1
8097003116;8097002968;4259850;4325386;-0.00096105237;-0.0008788034;0.00035528734;-0.003661818;-0.0124242585;-0.063197985;4499;5816;0;0;4;1
8097502526;8097502362;4259850;4325386;0.00037684088;0.0005078804;-0.00017348691;-0.016483791;-0.01171077;-0.030980684;4499;4363;0;0;4;1
8098001928;8098001756;4259850;4325386;-0.0039060637;0.003954332;-7.788969e-05;-0.0097715035;-0.0029286204;-0.03936935;4499;4363;0;0;4;1
8098501372;8098501197;4259850;4325386;-0.00031323396;-0.002131216;-0.00019245814;-0.0052480726;-0.000953952;-0.026327342;4547;5818;0;0;4;1
8099000688;8099000544;4259850;4325386;0.00035782365;-0.0012418237;-0.00015979877;0.0017038193;0.0038579658;-0.013129823;4453;4363;0;0;4;1
8099500082;8099499937;4259850;4325386;-0.00010065459;-0.00074020866;-0.00015504877;-0.004412457;0.0067243236;-0.018026488;4499;4363;0;0;4;1
8100003982;8100003830;4259850;4325386;-0.00017997783;-0.0021991688;-4.063956e-05;-0.0013596121;0.006118478;-0.038125537;4499;4363;0;0;4;1
8100503439;8100503270;4259850;4325386;-0.00014726997;0.0002498556;-9.210973e-05;-0.009173979;-0.006959558;-0.041321453;4546;5817;0;0;4;1
8100998298;8100998165;4259850;4325386;0.00052247045;0.0001157915;6.7501176e-05;-0.016602416;-0.0005471849;-0.051782798;4546;4363;0;0;4;1
8101502161;8101502011;4259850;4325386;0.00038731805;0.0006015388;7.308904e-05;-0.0008497095;-0.003898775;-0.064530656;4499;4363;0;0;4;1
8102001581;8102001404;4259850;4325386;-3.9883198e-05;0.00047979434;5.4847083e-06;-0.012014347;-0.007938041;-0.057185784;4499;5816;0;0;4;1
8102500930;8102500798;4259850;4325386;0.0009400887;0.0029399216;0.00014562088;0.015700702;0.0058250744;-0.05590357;4499;4362;0;0;4;1
8103000376;8103000238;4259850;4325386;0.00025848558;-0.0007065794;-0.0001956046;0.008955675;0.006085494;-0.035071876;4546;4364;0;0;4;1
8103504229;8103504084;4259850;4325386;-0.0001559507;-0.00022053478;0.00013484665;0.017130744;0.00023103777;-0.04613373;4499;4362;0;0;4;1
8104003634;8104003477;4259850;4325386;0.0002900045;0.00065835175;-0.00010076585;0.0054202355;-0.0032219086;-0.031365052;4499;4364;0;0;4;1
8104498541;8104498372;4259850;4325386;-0.00053136854;-0.00023335143;-5.976532e-05;0.016780058;-0.00092293986;-0.039332654;4499;4363;0;0;4;1
8105002441;8105002311;4259850;4325386;0.00063047477;0.0009327572;-1.4769484e-05;0.006573948;-0.0004098502;-0.06428951;4546;4362;0;0;4;1
8105501874;8105501657;4259850;4325386;-0.00011308383;0.00018226256;-8.562916e-05;0.008962647;-0.006022722;-0.03199326;4452;4363;0;0;4;1
8106001197;8106001051;4259850;4325386;0.0002452129;0.0005109278;0.0002365873;0.0011827974;0.00438883;-0.046518788;4500;4363;0;0;4;1
8106500588;8106500444;4259850;4325386;0.000649401;-0.004015133;-0.00026804977;0.009239957;-0.00044539868;-0.025351543;4499;4364;0;0;4;1
8107004553;8107004383;4259850;4325386;-0.003280272;0.001373962;2.5726564e-05;-0.006898516;0.0014563372;-0.06846739;4546;5817;0;0;4;1
8107503873;8107503729;4259850;4325386;0.0006819406;0.0011441807;0.00011557348;0.0054171626;-0.001297938;-0.057571597;4452;4362;0;0;4;1
8107998779;8107998623;4259850;4325386;0.00044950237;0.0001913755;-0.00013934923;-0.0050673196;0.010312781;-0.046134625;4452;4363;0;0;4;1
8108502665;8108502515;4259850;4325386;0.0023233253;-0.0024987466;-0.00034325095;-0.004429166;0.0065849847;-0.043961637;4499;4362;0;0;4;1
8109002041;8109001908;4259850;4325386;0.00065762934;0.00013009376;-3.964503e-06;-0.013710434;0.0074256766;-0.042362783;4499;4362;0;0;4;1
8109501492;8109501349;4259850;4325386;-0.00018448896;0.00062733114;4.62562e-05;-0.00502122;0.00989929;-0.03846267;4546;4362;0;0;4;1
8110000843;8110000694;4259850;4325386;0.00050851714;-0.0004574216;0.00016409346;-0.0128090205;7.539357e-05;-0.029077748;4452;4362;0;0;4;1
8110504730;8110504586;4259850;4325386;0.00016294068;2.9172363e-05;-0.00014362475;-0.006853758;-0.00067594805;-0.038654767;4499;4363;0;0;4;1
8111004111;8111003979;4259850;4325386;0.004588094;-0.0013599547;-9.5095216e-05;-0.005731687;0.005367297;-0.046738617;4499;4362;0;0;4;1
8111499004;8111498873;4259850;4325386;-0.00074663665;-0.00025937258;-1.7863891e-05;-0.0038757466;-0.0051367898;-0.043513946;4499;4364;0;0;4;1
8112002913;8112002765;4259850;4325386;-0.0011122571;5.2490625e-05;-0.00026200304;-0.016944297;-0.007203263;-0.025989158;4452;4362;0;0;4;1
8112502307;8112502158;4259850;4325386;-0.00033069061;-5.015991e-05;7.3071635e-05;-0.0051958407;-0.0059773973;-0.037936296;4499;4363;0;0;4;1
8113001683;8113001550;4259850;4325386;-0.0011363204;-0.0020271905;0.00017229059;-0.0129762795;-0.007772841;-0.030990208;4499;4363;0;0;4;1
8113501074;8113500943;4259850;4325386;0.00013637857;0.00056113227;2.1098083e-05;-0.00552219;-0.002121937;-0.03904006;4497;4362;0;0;4;1
8114004981;8114004835;4259850;4325386;-0.0034727573;0.007832741;-0.00071320665;-0.027325895;-0.008614622;-0.028123187;4453;4363;0;0;4;1
8114504377;8114504227;4259850;4325386;-0.0005967751;-0.0009382544;2.1978667e-05;0.007229762;0.0007895259;-0.048278335;4499;4362;0;0;4;1
8114999275;8114999121;4259850;4325386;-0.00021304618;0.00017221997;-4.601429e-05;0.019069979;-0.0038154663;-0.0468852;4499;4362;0;0;4;1
8115498658;8115498514;4259850;4325386;0.00068157277;0.00025589328;-8.405403e-05;0.011692945;-0.0015451375;-0.02904109;4500;4362;0;0;4;1
8116002611;8116002452;4259850;4325386;-0.00018245394;0.00029986314;0.00015258655;0.016154362;-0.0016647198;-0.05850496;4546;4362;0;0;4;1
8116501976;8116501798;4259850;4325386;0.0011480997;0.0005124556;-0.000118386655;0.012615138;0.0029204316;-0.06584667;4452;5816;0;0;4;1
8117001340;8117001190;4259850;4325386;9.5955154e-05;0.0007030911;-6.8454894e-05;0.0016097946;-0.0018289593;-0.040258996;4499;4362;0;0;4;1
8117500728;8117500582;4259850;4325386;0.00021417906;-0.00046447947;-0.0001679117;0.009789261;-0.004694645;-0.014065551;4499;4362;0;0;4;1
8118004654;8118004521;4259850;4325386;-0.0005107924;-0.00013222144;-8.6380496e-05;0.016127037;-0.0091181565;-0.03806904;4546;4362;0;0;4;1
8118499547;8118499414;4259850;4325386;0.00143097;0.00028093706;9.143902e-05;-0.0067882817;-0.0060510067;-0.043237824;4546;4363;0;0;4;1
8118998917;8118998760;4259850;4325386;-0.0013627023;-0.0014587506;-2.4060877e-05;0.0068198773;-0.009821748;-0.022524804;4452;4362;0;0;4;1
8119502823;8119502651;4259850;4325386;0.0003296893;-9.899499e-06;9.4660274e-05;0.0016374473;0.012447609;-0.05030668;4499;4363;0;0;4;1
8120002182;8120002043;4259850;4325386;0.006076426;0.0007328753;-0.00022458151;-0.0081090145;-0.008292772;-0.0366755;4499;4362;0;0;4;1
8120501612;8120501483;4259850;4325386;0.002053221;-0.00040039516;-0.0004419239;-0.011460956;-0.0022043367;-0.03734454;4547;4362;0;0;4;1
8121000971;8121000828;4259850;4325386;0.0008283407;0.005105851;3.9097104e-05;0.004296813;-0.0026071805;-0.04424575;4452;4362;0;0;4;1
8121504871;8121504719;4259850;4325386;-9.020401e-05;-0.00060611987;-0.00016149662;0.003212897;-0.00055633887;-0.041523755;4499;4362;0;0;4;1
8121999743;8121999612;4259850;4325386;-9.232325e-05;-0.0012077051;4.859528e-06;0.019079972;-0.0040262896;-0.0618333;4499;4362;0;0;4;1
8122499145;8122499004;4259850;4325386;-0.003486461;-0.001565311;-5.8799553e-05;0.000733646;0.007755849;-0.043928508;4499;4362;0;0;4;1
8123003046;8123002895;4259850;4325386;-0.0011206442;-0.00065605034;8.924731e-05;0.00079913466;0.0020529907;-0.026795676;4452;4362;0;0;4;1
8123502529;8123502287;4259850;4325386;0.0066671814;-0.0017648088;-0.0003752902;0.0035444146;-0.013946485;-0.058699775;4494;5817;0;0;4;1
8124001834;8124001679;4259850;4325386;0.0016649719;-9.098114e-05;-0.00014878147;-0.001468891;-0.00089509395;-0.029499337;4499;4362;0;0;4;1
8124501210;8124501071;4259850;4325386;0.0001053596;-0.0037405463;0.0001826334;-0.008036147;-0.0029642466;-0.026245777;4499;4362;0;0;4;1
8125005136;8125004962;4259850;4325386;0.00010479857;0.0016044416;-0.00017092322;-0.0051851748;-0.00051971694;-0.044969782;4452;4362;0;0;4;1
8125500019;8125499855;4259850;4325386;-0.0067235054;0.0044818767;-0.00015304302;-0.0010863325;-0.0023874473;-0.05795652;4452;4362;0;0;4;1
8125999395;8125999247;4259850;4325386;0.0055120313;0.00027933568;-0.00020852084;-0.008767947;0.0019342;-0.030657161;4499;4363;0;0;4;1
8126503273;8126503138;4259850;4325386;-0.0002349588;0.00029148223;9.6394244e-05;0.006649949;-0.008779534;-0.05373384;4499;4363;0;0;4;1
8127002797;8127002577;4259850;4325386;-0.0014166103;0.00057108153;5.524318e-05;0.0005196787;0.0016499192;-0.054872338;4547;5817;0;0;4;1
8127502065;8127501921;4259850;4325386;-0.0011986095;-4.6636345e-05;-0.00014261586;-0.0010498983;0.0027030343;-0.043723352;4452;4362;0;0;4;1
8128001459;8128001313;4259850;4325386;-0.00062979525;5.0666473e-05;-0.001508454;0.00985497;-0.004392626;-0.04725004;4499;4363;0;0;4;1
8128505334;8128505204;4259850;4325386;0.0021543521;-0.00052346784;-0.0033420057;0.006630479;-0.0040820492;-0.044403005;4499;4363;0;0;4;1
8129000228;8129000096;4259850;4325386;-0.001820005;-0.00043363072;-0.0033480793;-0.0048292917;-0.0014440535;-0.028866693;4499;4361;0;0;4;1
8129499676;8129499535;4259850;4325386;0.0012957691;-0.0013324114;-0.0045217387;0.00057142123;-0.0015176708;-0.039415818;4546;4362;0;0;4;1
8130003526;8130003379;4259850;4325386;0.0005590387;8.606748e-05;-0.0022035835;0.0036501067;-0.0035593573;-0.03499831;4499;4362;0;0;4;1
8130502953;8130502770;4259850;4325386;-0.00026274147;-0.0031162514;-9.19186e-05;-0.00073109946;-0.001517671;-0.021186722;4499;4362;0;0;4;1
8131002325;8131002162;4259850;4325386;0.00024910536;0.00021555007;-0.00018016632;-0.009967156;-0.0016000705;-0.02904109;4499;4362;0;0;4;1
8131501703;8131501600;4259850;4325386;0.001303342;0.0004902955;0.0005264301;-0.0038012322;0.00552447;-0.046493508;4546;4363;0;0;4;1
8132001128;8132000945;4259850;4325386;-0.001053109;0.00011996645;0.0014708189;-0.0004835463;-0.0009059301;-0.068676576;4452;5816;0;0;4;1
8132500479;8132500336;4259850;4325386;0.0011919016;0.00012859574;0.0016420252;-0.0043386677;-0.0029928982;-0.039605245;4499;4363;0;0;4;1
8132999889;8132999728;4259850;4325386;-0.0010254767;-7.99084e-05;0.0023850182;-0.0050667636;-0.0037241569;-0.040011544;4500;4362;0;0;4;1
8133499249;8133499119;4259850;4325386;0.0011175066;0.0037794982;0.0025950586;0.0017646395;0.0027030343;-0.044548195;4497;4362;0;0;4;1
8134003159;8134003009;4259850;4325386;0.0016097995;0.0035110044;0.00016089843;0.0071568936;0.0027945898;-0.06396873;4452;4362;0;0;4;1
8134502545;8134502400;4259850;4325386;-0.0012316355;-0.00096907554;0.00035267833;0.0090990225;-0.00078595954;-0.059335526;4499;4363;0;0;4;1
8135001925;8135001792;4259850;4325386;0.00034669702;0.00018123984;0.00025497648;0.022292387;0.0036159265;-0.036792997;4499;4365;0;0;4;1
8135501312;8135501183;4259850;4325386;0.0029081942;0.0018860814;-0.0014726563;0.014735198;4.7927013e-05;-0.0485991;4499;4362;0;0;4;1
8136000772;8136000621;4259850;4325386;0.000103795064;-0.0018242635;-0.0029481829;0.008076856;-0.007056774;-0.059871998;4546;4362;0;0;4;1
8136500113;8136499965;4259850;4325386;0.002386857;0.00035737077;-0.0034080893;0.008379255;-0.00244339;-0.04196713;4452;4363;0;0;4;1
8136999508;8136999356;4259850;4325386;0.0006528648;0.0007080298;-0.0034169846;0.0047878595;-0.004567103;-0.04351835;4499;4362;0;0;4;1
8137503376;8137503246;4259850;4325386;0.0008611306;-3.9614773e-05;-0.0030197504;0.014252444;-0.00092256075;-0.029719295;4499;4362;0;0;4;1
8138002817;8138002684;4259850;4325386;-0.0011185497;-0.005145761;-0.002514781;0.008331894;-0.0030466465;-0.04057061;4546;4362;0;0;4;1
8138502178;8138502028;4259850;4325386;0.00014717501;0.0014149973;0.0016592166;-0.0121258795;-0.0034952685;-0.040478952;4452;4362;0;0;4;1
8139001575;8139001419;4259850;4325386;-0.0010442188;-0.0038744912;0.002672378;0.0051062084;0.008173878;-0.06070919;4499;4363;0;0;4;1
8139500942;8139500810;4259850;4325386;0.0016528774;0.0017340559;0.0029321106;-0.010559211;0.007866761;-0.029655142;4499;4362;0;0;4;1
8140000336;8140000201;4259850;4325386;0.00018932493;-0.0040181926;0.0028049261;-0.01816945;0.014754271;-0.014794756;4499;4363;0;0;4;1
8140499783;8140499639;4259850;4325386;0.003521443;0.0079638185;0.0014062887;-0.008621052;-0.013771472;-0.04190168;4546;4363;0;0;4;1
8141003627;8141003482;4259850;4325386;0.00042005902;-0.00019647184;-2.6897873e-05;-0.00018458742;0.0008169925;-0.049763054;4499;4362;0;0;4;1
8141503150;8141502872;4259850;4325386;-0.00096378225;-0.0011476385;-1.0844451e-05;0.0060205576;-0.0023165387;-0.060585983;4499;5816;0;0;4;1
8142002398;8142002263;4259850;4325386;-0.00028997994;0.0007961836;-0.0014610542;0.001227236;-0.0023691359;-0.02882113;4499;4362;0;0;4;1
8142501832;8142501701;4259850;4325386;-0.00027075032;-0.00067657157;-0.0020687862;0.0022109582;0.0071251616;-0.03054414;4546;4362;0;0;4;1
8143001199;8143001044;4259850;4325386;0.00054579787;0.00025803913;-0.002302751;-0.0015326509;-0.0035868236;-0.0579107;4452;4362;0;0;4;1
8143500584;8143500435;4259850;4325386;-0.001993829;-0.00041093898;0.0029201948;0.010312955;0.0040780557;-0.045145117;4499;4364;0;0;4;1
8143999966;8143999825;4259850;4325386;0.002278626;0.000561145;0.0028144333;-0.00030419332;-0.0014439179;-0.039199885;4498;4363;0;0;4;1
8144503907;8144503762;4259850;4325386;-0.0012742045;-0.0017232101;0.0013847498;0.00043479318;0.0015769027;-0.04001154;4546;4362;0;0;4;1
8145003289;8145003105;4259850;4325386;-0.0017353194;-0.00016312096;-0.0011901606;0.0020390553;0.00069297134;-0.057690445;4451;5816;0;0;4;1
8145502640;8145502496;4259850;4325386;0.00025573213;-0.00037399514;-0.0020047105;-0.00633285;-0.005289754;-0.04330176;4499;4362;0;0;4;1
8146002042;8146001886;4259850;4325386;-0.00031623172;0.0019065911;-0.0021503817;0.0040873163;0.0033073002;-0.045767136;4499;4362;0;0;4;1
8146501455;8146501276;4259850;4325386;1.299387e-05;-0.00025395956;-0.0010209621;0.0020743299;-0.0008218497;-0.042871006;4498;4362;0;0;4;1
8147000845;8147000714;4259850;4325386;9.822861e-05;-0.0005700885;-0.00015664485;0.006025456;-0.0017470693;-0.02988303;4546;4362;0;0;4;1
8147500203;8147500057;4259850;4325386;0.0028380144;0.0002945669;5.4076798e-05;0.0029142825;-0.0031099103;-0.060738478;4452;4362;0;0;4;1
8147999602;8147999448;4259850;4325386;0.0011603229;-6.9974553e-06;7.2121657e-06;0.008004377;-0.009281125;-0.04511344;4499;4362;0;0;4;1
8148503466;8148503337;4259850;4325386;0.00031881977;-4.5199893e-05;-5.7843718e-05;-0.0029171484;-0.008045573;-0.040863883;4499;4362;0;0;4;1
8149002920;8149002774;4259850;4325386;0.0003199428;0.00142486;-0.0007408923;0.017349347;-0.009034373;-0.03085575;4546;4362;0;0;4;1
8149502320;8149502117;4259850;4325386;-0.00022553612;-0.00086597406;0.00026468872;0.009761935;-0.0133740995;-0.029517666;4452;4362;0;0;4;1
8150001674;8150001507;4259850;4325386;-8.7179396e-05;-0.00045140897;-8.048883e-06;0.008140616;-0.008329396;-0.031286504;4499;4362;0;0;4;1
8150501029;8150500897;4259850;4325386;-0.0071219816;-0.002504383;1.450573e-05;-0.0014340525;0.00855673;-0.035815217;4499;4359;0;0;4;1
8151000428;8151000287;4259850;4325386;6.6637986e-05;0.0012898066;0.0003023299;0.009573343;0.011092204;-0.043064322;4495;4363;0;0;4;1
8151499860;8151499725;4259850;4325386;0.0012323045;-0.0005551891;-1.1686319e-05;0.0093904855;0.01355568;-0.031925328;4547;4363;0;0;4;1
8152003724;8152003566;4259850;4325386;0.0005903741;0.0005186115;-7.8574385e-06;0.0062915827;0.0052116527;-0.041807875;4499;4362;0;0;4;1
8152503106;8152502956;4259850;4325386;0.0023876044;-0.008694495;-0.00040701177;-0.0004396263;-0.008814638;-0.038535982;4499;4362;0;0;4;1
8153002480;8153002346;4259850;4325386;0.001041721;3.285728e-05;-0.00026558834;-0.008564442;-0.006040509;-0.03984657;4499;4362;0;0;4;1
8153501913;8153501782;4259850;4325386;0.00025115215;0.00061917555;-7.68991e-06;-0.010972083;-0.0017656402;-0.04159302;4545;4363;0;0;4;1
8154001267;8154001125;4259850;4325386;-0.0004128945;0.00031673317;-0.00010558173;-0.018319685;-0.007816684;-0.046216216;4452;4362;0;0;4;1
8154500661;8154500515;4259850;4325386;0.00029730456;-3.478027e-05;9.861923e-05;-0.0077902162;-0.014903074;-0.03466837;4499;4362;0;0;4;1
8155000040;8154999905;4259850;4325386;0.00068189186;-0.00047663995;0.0003378186;-6.617632e-05;-5.278391e-05;-0.053502355;4499;4362;0;0;4;1
8155503978;8155503841;4259850;4325386;0.00027658738;-6.200834e-06;-0.0002756619;-0.009955818;-0.0038638252;-0.046242826;4546;5816;0;0;4;1
8156003328;8156003183;4259850;4325386;-0.0027653289;0.0056614317;-0.00022576269;-0.0070068818;0.0010733476;-0.021617476;4452;4362;0;0;4;1
8156502747;8156502573;4259850;4325386;-0.0052754753;-0.004488553;-0.00070946536;-0.0068520373;0.014321418;-0.018620534;4499;4362;0;0;4;1
8157002153;8157001962;4259850;4325386;2.3784021e-05;-0.0011245531;-6.0588005e-05;-0.006869251;0.016928885;-0.061380733;4499;5816;0;0;4;1
8157501480;8157501352;4259850;4325386;0.0005423293;4.2692234e-05;7.8780446e-05;-0.006444111;0.012667297;-0.03536365;4499;4363;0;0;4;1
8158000932;8158000793;4259850;4325386;0.003992917;0.002091786;-5.496221e-05;-0.01328334;0.013937018;-0.050997578;4551;4362;0;0;4;1
8158500285;8158500131;4259850;4325386;-1.4011493e-05;0.0011893513;-0.0007721324;0.0098898;-0.006967298;-0.033908017;4452;4363;0;0;4;1
8159004165;8159004019;4259850;4325386;-0.00037586858;-0.00062177976;9.202552e-05;0.010517944;-0.012266277;-0.037170403;4498;4362;0;0;4;1
8159503545;8159503409;4259850;4325386;-0.0033055795;0.0029455211;-1.7893655e-05;-0.004556685;0.00583423;-0.046931088;4499;4362;0;0;4;1
8160002975;8160002845;4259850;4325386;0.0002633842;-0.0006697353;-2.2301389e-05;0.0018118375;0.011749185;-0.04134916;4546;4363;0;0;4;1
8160502362;8160502187;4259850;4325386;0.0004269168;-9.9379395e-05;4.731086e-05;0.010434787;0.009127858;-0.044459555;4451;4361;0;0;4;1
8161001730;8161001577;4259850;4325386;-0.00017352379;-0.00054171716;-0.00013078934;0.009607091;0.004964453;-0.034695867;4499;4362;0;0;4;1
8161501111;8161500966;4259850;4325386;0.0021407378;-0.0023090255;3.514433e-05;0.012754206;0.009901561;-0.053544335;4499;4360;0;0;4;1
8162000489;8162000355;4259850;4325386;-0.00033279983;0.00046661275;0.00012739435;-0.018652024;-0.0063590556;-0.048431296;4499;4361;0;0;4;1
8162504431;8162504243;4259850;4325386;0.00037128758;-0.0011777842;-0.00030999444;-0.02032133;0.0068206927;-0.05364811;4452;5816;0;0;4;1
8163003779;8163003632;4259850;4325386;-0.0020676295;0.0012208158;-0.00016886975;-0.018174218;-0.008924958;-0.05013082;4499;4362;0;0;4;1
8163503167;8163503022;4259850;4325386;3.841349e-06;0.0047313147;-0.0009709595;-0.017377743;-0.0154913915;-0.040892236;4500;4363;0;0;4;1
8164002577;8164002411;4259850;4325386;2.8309734e-05;0.0011747708;-0.00043117022;0.016356517;-0.009363971;-0.04939646;4499;4362;0;0;4;1
8164501977;8164501847;4259850;4325386;-0.0011236713;0.0020323868;-0.00014879016;0.010428984;-0.009365848;-0.033924196;4546;4363;0;0;4;1
8165001338;8165001189;4259850;4325386;-0.00085471047;-6.902097e-05;3.1282514e-05;0.022559028;-0.009564202;-0.032092378;4451;4362;0;0;4;1
8165500730;8165500578;4259850;4325386;-0.005205487;-0.0029712098;-0.0003995458;0.0006618974;0.010666776;-0.046670165;4499;4361;0;0;4;1
8166000120;8165999967;4259850;4325386;0.006670909;0.0005434956;-0.0004346971;-0.0061816555;0.007857319;-0.039401777;4499;4363;0;0;4;1
8166504035;8166503902;4259850;4325386;0.0011557059;-0.000350163;9.668971e-05;-0.00084040203;0.0035636555;-0.034659203;4546;4362;0;0;4;1
8167003470;8167003243;4259850;4325386;-0.00018744051;3.639183e-05;-0.002096093;-0.0047512953;0.0026078944;-0.046245728;4451;4363;0;0;4;1
8167498304;8167498133;4259850;4325386;-0.00024783824;0.00042351385;-0.0027617249;-0.00875264;0.0060346583;-0.03574807;4452;4361;0;0;4;1
8168002165;8168002021;4259850;4325386;0.00079256296;0.000109456785;-0.0034124458;0.0031126656;-0.002122151;-0.048859783;4499;4362;0;0;4;1
8168501545;8168501410;4259850;4325386;0.00030545171;-0.00041161044;-0.00028679604;0.0014822752;-0.004502378;-0.040698912;4499;4362;0;0;4;1
8169000987;8169000846;4259850;4325386;-0.00080553355;-0.0016615076;0.0024670966;-0.0022522255;0.0029685453;-0.028986096;4546;4362;0;0;4;1
8169500335;8169500188;4259850;4325386;0.0009562614;0.0012921988;0.0025393937;0.0075212354;-0.0029550914;-0.051394418;4453;4362;0;0;4;1
8170004234;8170004075;4259850;4325386;-0.00047334126;-0.0020254764;0.0031899237;-0.0031721874;0.0035544997;-0.038755942;4499;4362;0;0;4;1
8170503598;8170503464;4259850;4325386;-0.00044092076;0.001156538;0.00341614;0.0025833289;-0.0026521564;-0.04909017;4499;4361;0;0;4;1
8170998508;8170998353;4259850;4325386;0.00034289015;-8.520641e-05;0.0030398376;-0.0014514617;0.0037388494;-0.049124405;4499;4363;0;0;4;1
8171502396;8171502241;4259850;4325386;-0.00072210986;-0.00198058;0.0009809077;0.0045700697;0.002254413;-0.031020716;4450;4362;0;0;4;1
8172001793;8172001629;4259850;4325386;0.0010193967;0.0015654577;0.00016559451;-0.0055768415;-0.0029642466;-0.036831304;4499;4362;0;0;4;1
8172501164;8172501018;4259850;4325386;-0.0011287917;0.005224996;9.237795e-06;-0.016789451;0.0030692562;-0.03805024;4499;4362;0;0;4;1
8173000540;8173000406;4259850;4325386;-0.0001729037;-0.0052685332;0.0004007806;0.025687153;0.00058758294;-0.032303214;4499;4361;0;0;4;1
8173504438;8173504294;4259850;4325386;0.0019644797;0.0011216017;3.3938337e-05;-0.004262363;0.001091188;-0.033885084;4451;4361;0;0;4;1
8174003840;8174003682;4259850;4325386;0.00085156935;0.0027261602;0.00012727443;0.0070971437;0.009238909;-0.03311545;4499;4362;0;0;4;1
8174498718;8174498572;4259850;4325386;-0.0011648467;-0.000469466;0.00048052453;0.0136392135;-0.0015440969;-0.0330039;4499;4361;0;0;4;1
8175002588;8175002459;4259850;4325386;-0.00046117732;-0.0029594535;0.0006802102;0.009516005;0.0013205474;-0.05515205;4499;4362;0;0;4;1
8175502025;8175501894;4259850;4325386;0.00069770357;0.00240252;0.00011761356;-0.020788096;-0.00091340503;-0.041038018;4546;4362;0;0;4;1
8176001383;8176001235;4259850;4325386;0.004405591;0.0009169968;-0.00020887393;-0.010887118;0.00020357115;-0.034695867;4452;4362;0;0;4;1
8176500783;8176500624;4259850;4325386;-0.0048779477;0.0005000965;-3.824716e-05;-0.0023342345;0.0010917926;-0.035208743;4499;4361;0;0;4;1
8177004642;8177004511;4259850;4325386;0.00032196214;0.0014220013;0.0003712651;-0.00054892874;0.009597159;-0.035355743;4499;4362;0;0;4;1
8177504148;8177503946;4259850;4325386;0.00198812;-0.0014181401;-0.0003983276;0.0018017706;0.010011232;-0.0353635;4546;4363;0;0;4;1
8177998978;8177998835;4259850;4325386;-0.001983128;-0.0003675082;1.0299125e-05;-0.0012588511;-0.0035130985;-0.05378229;4546;4361;0;0;4;1
8178502826;8178502675;4259850;4325386;-0.0056885374;0.0005039264;-4.379591e-05;0.011647403;0.001210681;-0.030608298;4499;4362;0;0;4;1
8179002202;8179002063;4259850;4325386;-0.0005651732;0.00035245885;0.00018520346;-0.0026906892;0.0058926526;-0.04608203;4499;4365;0;0;4;1
8179501579;8179501451;4259850;4325386;0.0005847138;0.0010286481;1.9091332e-05;0.0061185197;0.005284898;-0.052475885;4499;4362;0;0;4;1
8180001019;8180000886;4259850;4325386;0.00045028547;0.00041072458;-2.3787568e-05;-0.005066763;0.008818937;-0.059166294;4546;4362;0;0;4;1
8180504890;8180504726;4259850;4325386;-0.0007885602;-0.0003269472;-3.246718e-05;0.0036947269;0.0057231234;-0.051125105;4499;4361;0;0;4;1
8181004245;8181004114;4259850;4325386;0.004772965;0.0024287926;-0.00016963737;-0.0058835186;-0.016192557;-0.04369093;4499;4362;0;0;4;1
8181499154;8181499003;4259850;4325386;-0.001351224;-0.0005406358;2.1136975e-05;0.00097219704;-0.0043101115;-0.03806857;4500;4362;0;0;4;1
8181998565;8181998390;4259850;4325386;-0.005517943;-0.001654297;0.00017614228;0.0036501351;0.02099974;-0.062493;4499;5818;0;0;4;1
8182502426;8182502277;4259850;4325386;-0.0008356602;0.00045843518;0.00026580348;0.0007171578;-0.006132065;-0.032367967;4452;4362;0;0;4;1
8183001812;8183001665;4259850;4325386;0.001134342;6.674654e-05;0.00014516221;0.01792595;-0.0039538336;-0.04079343;4499;4363;0;0;4;1
8183501199;8183501052;4259850;4325386;-0.0003913391;-0.0060879285;0.0003429027;0.012779662;-0.006381041;-0.04737309;4497;4363;0;0;4;1
8184000578;8184000440;4259850;4325386;-1.4486708e-05;0.0010545929;-0.0007972994;0.011374147;-0.008384328;-0.028784469;4499;4362;0;0;4;1
8184504475;8184504327;4259850;4325386;0.0019204158;0.0041044685;-0.00011383203;-0.011951176;0.0024925703;-0.051301245;4452;4362;0;0;4;1
8184999368;8184999215;4259850;4325386;-9.571355e-05;-0.0031331338;-0.00045262388;-0.015049722;0.009679558;-0.051522724;4452;4362;0;0;4;1
8185498751;8185498603;4259850;4325386;-0.00074857316;-0.004385849;7.3184194e-05;-0.0036009718;0.011528896;-0.051593073;4499;4362;0;0;4;1
8186002620;8186002489;4259850;4325386;0.0010144225;-0.005152832;0.00077209965;0.004821593;0.0015243937;-0.02781613;4499;4362;0;0;4;1
8186502091;8186501923;4259850;4325386;-0.0032984414;-0.0002878087;0.00080557284;0.002859895;0.017908055;-0.055930186;4545;5816;0;0;4;1
8187001423;8187001264;4259850;4325386;-0.003144855;-0.0008610625;0.000871713;0.008883837;0.022475023;-0.037655562;4452;4361;0;0;4;1
8187500800;8187500651;4259850;4325386;-0.001850321;6.09437e-05;0.0002424903;0.0019722767;-0.0016004185;-0.053593736;4499;4363;0;0;4;1
8188004681;8188004537;4259850;4325386;-0.004339417;0.0030019516;-0.00010473884;-6.6176195e-05;-0.000757761;-0.020334383;4499;4362;0;0;4;1
8188499611;8188499426;4259850;4325386;-0.0062874793;-0.00595963;0.00022122989;0.011920659;-0.0029642466;-0.028106263;4499;4362;0;0;4;1
8188998996;8188998860;4259850;4325386;0.0010484422;0.0016629569;1.3539329e-05;0.0103448825;-0.014390364;-0.05477628;4546;4362;0;0;4;1
8189502844;8189502699;4259850;4325386;0.00051179976;-0.00078742247;-0.0021265957;-0.0026183934;0.00063829456;-0.05721326;4499;5331;0;0;4;1
8190002219;8190002086;4259850;4325386;0.003772109;-0.0021823277;-0.0023391177;0.01349963;0.0059821527;-0.03706913;4499;4363;0;0;4;1
8190501609;8190501473;4259850;4325386;-0.00489066;0.00547023;-0.0019732122;-0.021838346;-0.0038245611;-0.020757984;4499;4363;0;0;4;1
8191001046;8191000908;4259850;4325386;0.002990282;0.0009725047;-0.0026460334;0.0031309202;0.021920517;-0.0386643;4547;4362;0;0;4;1
8191504928;8191504746;4259850;4325386;-0.0039767455;-0.008510704;-0.0035002558;-0.0025163728;-0.007789218;-0.04955226;4499;4362;0;0;4;1
8191999793;8191999634;4259850;4325386;0.0027907074;0.0014992458;-0.0026406401;0.011886724;-0.0028370023;-0.030046143;4499;4363;0;0;4;1
8192499168;8192499021;4259850;4325386;0.0023323388;-0.0005494647;0.001693543;-0.007963279;-0.00052887225;-0.030406667;4498;4362;0;0;4;1
8193003082;8193002954;4259850;4325386;0.0037825971;0.0011235946;0.0013939244;0.001172585;-0.015406627;-0.028427036;4546;4362;0;0;4;1
8193502443;8193502294;4259850;4325386;-0.0010103997;0.0026235;0.0019495593;0.0103386305;0.0069240523;-0.030543828;4452;4363;0;0;4;1
8194001827;8194001681;4259850;4325386;-0.0045072963;-0.0029911976;0.0032998275;-0.0076000686;0.006028402;-0.039308168;4499;4363;0;0;4;1
8194501298;8194501068;4259850;4325386;0.0012404339;0.005962309;0.0028354898;0.0053007766;-0.016840093;-0.01833907;4499;4363;0;0;4;1
8195005134;8195005001;4259850;4325386;0.007690158;0.005827424;0.0019792519;-0.015731279;0.0005530793;-0.076303214;4546;4363;0;0;4;1
8195500020;8195499889;4259850;4325386;-0.0026698648;-0.0055277026;0.0029284568;-0.0069272025;0.009709383;-0.0398181;4546;4363;0;0;4;1
8195999395;8195999229;4259850;4325386;0.004000481;0.004562523;0.001629067;0.008851082;0.0023825904;-0.017108316;4452;4362;0;0;4;1
8196503265;8196503114;4259850;4325386;0.0006931608;-0.0003461322;0.00012987942;-0.005159666;0.00043932936;-0.058426067;4499;4362;0;0;4;1
8197002633;8197002501;4259850;4325386;-0.000950206;-0.0012952482;2.7103955e-05;0.00051663374;-0.0011331333;-0.040159374;4499;4363;0;0;4;1
8197502092;8197501934;4259850;4325386;-0.0005765705;-0.00015007798;0.00020013507;-0.0008312932;-0.0019846035;-0.076561384;4546;4362;0;0;4;1
8198001427;8198001274;4259850;4325386;-8.962587e-05;-0.00027215976;-0.0001857423;0.014880935;-0.0007302942;-0.045767136;4452;4362;0;0;4;1
8198505320;8198505159;4259850;4325386;-0.0006848592;-0.00043104848;-0.00014497868;0.0003072737;-0.005161577;-0.03805024;4498;4362;0;0;4;1
8199000317;8199000047;4259850;4325386;2.2146585e-05;0.0007164063;9.683374e-05;-0.0062963995;-0.0032430207;-0.07039618;4499;5818;0;0;4;1
8199499573;8199499435;4259850;4325386;0.00022802148;-0.00027802883;0.00012182476;-0.0033061237;0.0052825306;-0.03079351;4500;4361;0;0;4;1
8200003473;8200003319;4259850;4325386;-0.00093522423;-0.00082569453;-2.5413565e-05;-0.0014506745;0.00414961;-0.041615408;4452;4362;0;0;4;1
8200502856;8200502706;4259850;4325386;0.00020033077;4.0266696e-05;-7.286402e-05;6.2904524e-05;0.0038674488;-0.018480284;4499;4363;0;0;4;1
8201002241;8201002092;4259850;4325386;-0.00063471356;0.00010991586;-6.964335e-05;0.00074478105;0.00096392503;-0.053827617;4499;4364;0;0;4;1
8201501642;8201501479;4259850;4325386;0.00022916417;-0.0008482095;7.4359144e-05;-0.0039175004;-0.0024542194;-0.059660196;4499;5817;0;0;4;1
8202005513;8202005364;4259850;4325386;0.0010220081;0.00085495855;0.00015785046;-0.0114154145;0.00043245972;-0.06143921;4452;4362;0;0;4;1
8202500403;8202500251;4259850;4325386;-0.00070418714;-0.0018391219;-4.003271e-05;-0.0054128882;-0.0010141159;-0.037344538;4452;4362;0;0;4;1
8202999791;8202999638;4259850;4325386;-0.00068683055;8.146523e-05;9.649913e-05;0.002253462;-0.0024240257;-0.025426032;4499;4362;0;0;4;1
8203499219;8203499024;4259850;4325386;-0.0004655745;-0.00071043405;0.00031323844;0.024624143;-0.007932776;-0.049910508;4499;5819;0;0;4;1
8204003091;8204002956;4259850;4325386;-0.0005802431;-0.002703685;-0.00023637897;-0.010495452;0.006704007;-0.047316015;4546;4362;0;0;4;1
8204502440;8204502295;4259850;4325386;-0.004353799;-0.002087494;0.00064889475;0.014201602;0.019444067;-0.04579713;4451;4363;0;0;4;1
8205001874;8205001681;4259850;4325386;-0.00037051234;0.0016090866;-6.861692e-05;0.005339412;-0.016202528;-0.058515873;4499;5818;0;0;4;1
8205501217;8205501067;4259850;4325386;-0.0015658495;-0.00014534355;-0.00087691925;-0.02799014;0.018079344;-0.066616714;4498;4363;0;0;4;1
8206000582;8206000454;4259850;4325386;-0.002499518;-0.0068385666;0.00037821606;-0.009191171;0.01202944;-0.024548477;4499;4361;0;0;4;1
8206500061;8206499887;4259850;4325386;0.005335773;0.0008165327;-0.00011511421;-0.013708535;-0.02040789;-0.041605357;4546;5816;0;0;4;1
8206999376;8206999226;4259850;4325386;0.0047847517;0.0065387073;-0.0014068795;0.013314266;-0.010581658;-0.041065507;4452;4362;0;0;4;1
8207503255;8207503111;4259850;4325386;-0.0014401111;-0.0017885605;5.1387608e-05;-0.0035815912;0.003361051;-0.064526066;4499;4361;0;0;4;1
8208002630;8208002497;4259850;4325386;-0.0018481093;-0.0009314912;0.0004276818;-0.0021884658;-0.007569485;-0.03971826;4499;4362;0;0;4;1
8208502074;8208501930;4259850;4325386;0.001343395;0.0015004085;0.0002972724;-0.0013044302;-0.0058569387;-0.057344873;4546;4362;0;0;4;1
8209001412;8209001269;4259850;4325386;0.00082525174;-0.0007225365;-0.00014159504;-0.006715409;0.0035636555;-0.033064503;4452;4362;0;0;4;1
8209500815;8209500655;4259850;4325386;-0.00030582058;0.00029331294;0.00011258598;0.008413873;0.0033988552;-0.055133715;4499;4362;0;0;4;1
8210000230;8210000041;4259850;4325386;0.00019069674;0.00038187185;-9.892866e-05;-0.0029900167;0.002254413;-0.047343507;4499;4362;0;0;4;1
8210499554;8210499427;4259850;4325386;-0.0029021595;-0.00029691527;-6.967324e-05;0.007566778;0.0023642792;-0.027867975;4499;4362;0;0;4;1
8211003464;8211003311;4259850;4325386;-0.0029682945;0.0018722755;0.0003634947;0.0082158595;0.00839028;-0.062090725;4452;4363;0;0;4;1
8211502854;8211502697;4259850;4325386;-0.00020115235;0.0016499386;0.00019695627;-0.007080362;-0.0008042516;-0.06315793;4499;4363;0;0;4;1
8212002226;8212002083;4259850;4325386;-0.00023420862;0.004441971;-5.260879e-05;-0.009493511;0.005696897;-0.009281445;4499;4362;0;0;4;1
8212501612;8212501469;4259850;4325386;-0.0009667359;0.00012529813;5.1460593e-05;0.01147434;0.0069878288;-0.03429261;4500;4362;0;0;4;1
8213001036;8213000902;4259850;4325386;-0.00054271176;-0.00024226651;-5.966535e-05;-0.012872781;0.0041129882;-0.051788505;4547;4362;0;0;4;1
8213500327;8213500240;4259850;4325386;0.00091640744;0.003457481;0.00028072123;0.0053534033;0.002309346;-0.057718232;4452;4362;0;0;4;1
8213999787;8213999625;4259850;4325386;-0.00062453025;-0.0011768714;-3.5229772e-05;-0.0045765354;0.0033535543;-0.021543995;4498;4363;0;0;4;1
8214503652;8214503510;4259850;4325386;-0.0004006112;0.00050962885;0.00023371146;0.00979837;-0.0006112722;-0.04655532;4499;4362;0;0;4;1
8215003075;8215002943;4259850;4325386;0.00063410285;0.000397373;0.0002090773;-0.0071446113;0.0009921993;-0.031195156;4546;4363;0;0;4;1
8215502424;8215502281;4259850;4325386;0.00033406832;-0.00013211134;-0.00017677875;-0.0046022283;0.007985783;-0.02553091;4451;4362;0;0;4;1
8216001815;8216001667;4259850;4325386;0.00011060471;0.0001867571;0.00012681643;-0.0026719966;-0.0016183549;-0.04273921;4499;4361;0;0;4;1
8216501181;8216501052;4259850;4325386;-0.00013327785;0.00020733633;-8.693695e-05;0.001045065;-0.00018096184;-0.03524577;4498;4362;0;0;4;1
8217000683;8217000438;4259850;4325386;-4.01743e-06;-0.00018819458;-0.000114830706;0.0049548587;0.003982474;-0.06817456;4499;5816;0;0;4;1
8217500002;8217499870;4259850;4325386;-0.0005222449;-0.0003186165;6.6765155e-05;0.0001797544;-0.0024698472;-0.049213156;4546;4362;0;0;4;1
8218003857;8218003708;4259850;4325386;0.00039479454;0.0007602009;-1.2992907e-05;0.0035954555;0.00013032682;-0.039626613;4500;4362;0;0;4;1
8218503266;8218503093;4259850;4325386;-0.00012318898;-0.0006072753;-0.00015428827;0.010082965;-0.0029482709;-0.0403131;4499;5816;0;0;4;1
8219002607;8219002478;4259850;4325386;-7.085844e-05;-6.139742e-05;4.966999e-05;0.0054638525;-0.0027078737;-0.05512215;4499;4363;0;0;4;1
8219502044;8219501911;4259850;4325386;-0.0003183236;-0.00043572928;2.8279519e-05;0.004987158;0.005991918;-0.044814333;4547;4363;0;0;4;1
8220001410;8220001249;4259850;4325386;-0.00021685116;-0.00044398915;-0.00012964665;-0.00083228166;-0.0005872513;-0.026326539;4452;4363;0;0;4;1
8220500787;8220500634;4259850;4325386;-0.0003509477;0.00020125732;9.596589e-05;0.0019285934;0.0021170797;-0.04620705;4499;4362;0;0;4;1
8221000152;8221000019;4259850;4325386;-0.00018231636;0.0005116493;2.6485042e-05;-0.002362221;-0.0012067868;-0.047895767;4499;4363;0;0;4;1
8221499540;8221499404;4259850;4325386;0.0012107088;0.00079756917;-9.926805e-05;0.0020105701;-0.0021860255;-0.05467547;4498;4362;0;0;4;1
8222003435;8222003289;4259850;4325386;0.00015988035;-0.0007600883;0.00012277953;0.0005532042;0.005797608;-0.027684676;4452;4362;0;0;4;1
8222502820;8222502674;4259850;4325386;3.7095924e-05;-0.00013599101;-3.4342243e-05;0.001227236;0.0020621466;-0.061100103;4499;4362;0;0;4;1
8223002207;8223002059;4259850;4325386;0.0003616725;0.00051771785;-0.0001111925;-0.0065601864;0.0022530193;-0.0377535;4499;4363;0;0;4;1
8223501581;8223501444;4259850;4325386;-8.502324e-06;0.0003047474;-6.180963e-05;-0.00016637032;0.0020255242;-0.048855722;4499;4362;0;0;4;1
8224001009;8224000876;4259850;4325386;0.00016087112;-0.00030120937;-3.510629e-06;-0.0033329197;0.004841803;-0.021332435;4546;4363;0;0;4;1
8224500399;8224500213;4259850;4325386;-0.00014097217;-0.0006154448;7.4690484e-05;0.0004905925;0.0024103008;-0.03726885;4451;4363;0;0;4;1
8224999746;8224999599;4259850;4325386;-8.0792226e-05;0.0007197804;0.00010696025;0.0015010573;0.004434356;-0.043138433;4499;4363;0;0;4;1
8225503612;8225503482;4259850;4325386;-0.00019564223;-0.0008609607;-5.5275003e-05;-0.0053690467;0.010488397;-0.028623406;4499;4363;0;0;4;1
8226003050;8226002914;4259850;4325386;0.00021122595;0.00027446286;0.00018871104;-0.004659446;0.006174526;-0.05767522;4544;4363;0;0;4;1
8226502413;8226502252;4259850;4325386;0.00013366986;-0.00051589444;-9.6996984e-05;-0.0028086866;0.00030400668;-0.048011452;4452;4361;0;0;4;1
8227001786;8227001637;4259850;4325386;0.0002885489;-0.0010469031;1.9575193e-05;-0.0007678641;0.00061482587;-0.021447076;4499;4363;0;0;4;1
8227501170;8227501022;4259850;4325386;0.0012800291;-0.0016524239;-0.00046163896;-0.012082622;0.014636023;-0.058164213;4499;4363;0;0;4;1
8228000535;8228000406;4259850;4325386;-0.0017604906;-0.0024813267;0.00063699024;0.0039248425;-0.003780036;-0.05600106;4498;4363;0;0;4;1
8228499968;8228499838;4259850;4325386;0.0006843459;0.0011082212;0.00017272598;0.0013912474;-0.0033220507;-0.042495035;4546;4363;0;0;4;1
8229003837;8229003675;4259850;4325386;0.00039105443;-0.0006254334;-0.00014930812;0.00056238007;-0.0047487384;-0.029946106;4499;4361;0;0;4;1
8229503195;8229503059;4259850;4325386;-5.3542546e-05;0.00026271725;0.00021103778;-0.0021137472;0.0013846469;-0.058449317;4499;4363;0;0;4;1
8230002574;8230002444;4259850;4325386;-2.8203915e-05;0.000366845;3.9093375e-05;0.0073875356;-0.0046596876;-0.056403596;4499;4364;0;0;4;1
8230502018;8230501876;4259850;4325386;0.00019200429;0.0002277124;0.00019453833;-0.002337718;-0.0035526683;-0.05521819;4546;4365;0;0;4;1
8231001358;8231001213;4259850;4325386;0.0025173074;0.0026173403;6.30979e-05;-0.0002574415;-0.005127323;-0.062729515;4452;4363;0;0;4;1
8231500745;8231500598;4259850;4325386;-0.0017737952;-0.002140844;3.5776047e-05;0.0028849896;0.006969517;-0.051256943;4499;4362;0;0;4;1
8232000145;8231999982;4259850;4325386;-0.0011206303;0.00014192452;6.272302e-05;-0.0021593831;-0.0014933092;-0.059123714;4499;5817;0;0;4;1
8232504050;8232503913;4259850;4325386;0.0010514191;0.00045996826;-0.00021075213;9.72212e-05;-0.0030474348;-0.0248651;4546;4363;0;0;4;1
8233003398;8233003250;4259850;4325386;0.0058012335;-8.191916e-05;-0.00053725624;-0.001978136;0.0051283143;-0.05639977;4452;4362;0;0;4;1
8233502874;8233502634;4259850;4325386;-0.0007288539;-0.0020953675;-9.725558e-05;0.0045800298;0.010033262;-0.064135864;4498;5816;0;0;4;1
8234002160;8234002019;4259850;4325386;6.1637484e-06;0.0001397639;-7.412204e-05;-0.009269723;0.006304747;-0.037727892;4499;4365;0;0;4;1
8234501533;8234501403;4259850;4325386;-0.0017525048;-0.00047664903;0.00016585038;0.0010823279;-0.00063884084;-0.04703812;4499;4363;0;0;4;1
8235001043;8235000841;4259850;4325386;0.0023409086;0.00077971665;-0.00025172613;-0.0008019485;-0.0068967533;-0.04666338;4552;5817;0;0;4;1
8235500348;8235500172;4259850;4325386;-0.00015722457;-0.00048789475;-7.784522e-05;0.0011288092;-0.009779382;-0.0445857;4452;5816;0;0;4;1
8236004201;8236004055;4259850;4325386;-0.00071401504;-0.0018047289;3.6820307e-05;-0.0051396317;0.008214671;-0.023881217;4499;4362;0;0;4;1
8236503571;8236503440;4259850;4325386;-0.0009009619;-0.000451321;-5.168685e-05;-0.0036288903;0.0036926619;-0.037773486;4499;4363;0;0;4;1
8237003035;8237002871;4259850;4325386;-0.00026107638;-0.00035770013;0.00016610025;0.00374301;0.0012821612;-0.06882582;4546;5817;0;0;4;1
8237502352;8237502208;4259850;4325386;0.00028626068;-0.0001149982;-9.360537e-05;0.005810221;-0.0027267393;-0.021152744;4452;4363;0;0;4;1
8238001819;8238001592;4259850;4325386;0.002121154;0.00081415044;-0.00015107355;-0.003709591;-0.0028818466;-0.020930106;4499;4362;0;0;4;1
8238501106;8238500976;4259850;4325386;-0.0018542379;-0.0005681346;0.00024697077;-0.00909924;-0.004409687;-0.051657174;4498;4361;0;0;4;1
8239000501;8239000361;4259850;4325386;-0.00033882266;0.00023269339;-4.6329566e-05;-0.020307096;0.006602483;-0.031500343;4500;4362;0;0;4;1
8239504398;8239504244;4259850;4325386;-0.0015636475;-0.00019737212;-8.205686e-05;-0.0010954409;0.0016409914;-0.041807875;4452;4362;0;0;4;1
8240003775;8240003628;4259850;4325386;-0.00024883772;0.00093213795;0.00029932935;0.010026082;-0.00034576136;-0.035997298;4499;4362;0;0;4;1
8240503174;8240503012;4259850;4325386;0.0015555219;0.0009614673;6.0111884e-06;-0.001709031;0.0004752644;-0.066921204;4499;5817;0;0;4;1
8241002564;8241002396;4259850;4325386;-0.00072451425;-0.0010263395;0.00018971194;0.0037396117;-0.00149019;-0.05720768;4499;4361;0;0;4;1
8241501956;8241501827;4259850;4325386;-0.00022181083;-0.00023010984;8.8766756e-05;0.0001253645;-0.00033428674;-0.05137175;4546;4361;0;0;4;1
8242001314;8242001164;4259850;4325386;-1.1748197e-05;-0.0048321034;-0.00023326342;-0.011318802;0.0022365472;-0.029128842;4452;4363;0;0;4;1
8242500717;8242500548;4259850;4325386;0.0009454522;0.0013125275;-1.2531734e-05;-0.012748596;0.007392603;-0.03526245;4499;4363;0;0;4;1
8243000079;8242999932;4259850;4325386;-0.00027368663;-0.0002385178;-1.1571379e-05;-0.015477822;0.0022361015;-0.049295645;4499;4362;0;0;4;1
8243503998;8243503862;4259850;4325386;2.023552e-05;-3.7911872e-05;1.868409e-05;-0.007890986;0.007572486;-0.042220827;4546;4362;0;0;4;1
8244003348;8244003198;4259850;4325386;0.0015669187;0.001320731;9.995904e-06;-0.0040200944;0.0014862146;-0.03130954;4451;4363;0;0;4;1
8244498239;8244498083;4259850;4325386;-0.00042694545;-0.0013851635;0.00037184855;0.018543944;-0.0038709918;-0.03715056;4451;4362;0;0;4;1
8245002116;8245001966;4259850;4325386;0.000894191;-7.622624e-05;-8.65942e-06;0.004307351;-0.009357071;-0.0436587;4499;4363;0;0;4;1
8245501571;8245501350;4259850;4325386;-0.0017780076;-0.0022215731;5.6484e-05;-0.0019896484;0.0031801912;-0.037160877;4499;4363;0;0;4;1
8246000913;8246000781;4259850;4325386;0.0002347576;-0.00082134065;-0.00012767868;-0.005688127;0.014456035;-0.027212257;4546;4364;0;0;4;1
8246500265;8246500118;4259850;4325386;0.0011377287;0.0010492698;0.0013692534;0.0020365505;-0.0046411604;-0.07058655;4452;4363;0;0;4;1
8247004147;8247004000;4259850;4325386;-0.0011885873;-0.0029631436;0.0027155988;-0.0094767595;0.0057259602;-0.05507743;4499;4363;0;0;4;1
8247503515;8247503384;4259850;4325386;0.00057868386;0.0011845292;0.00130196;0.009206616;0.0010655131;-0.026726682;4499;4363;0;0;4;1
8247998403;8247998269;4259850;4325386;0.00016320388;-0.00074076233;-0.0014827288;-0.0070370296;0.00084480224;-0.030687807;4499;4364;0;0;4;1
8248502312;8248502151;4259850;4325386;0.0002492085;0.000117282056;-0.0014843552;0.00054466724;0.0026693514;-0.042626973;4451;4363;0;0;4;1
8249001682;8249001535;4259850;4325386;-0.00091559597;-0.0006234073;-5.9815943e-06;0.002538192;-0.001912817;-0.03413337;4499;4364;0;0;4;1
8249501062;8249500919;4259850;4325386;0.0002412777;2.784041e-05;-3.7390288e-05;0.00090858893;0.0047093807;-0.02510444;4499;4363;0;0;4;1
8250000432;8250000302;4259850;4325386;0.0005275942;-0.0004618638;2.0877873e-05;0.0019005018;0.0023823148;-0.03853364;4498;4361;0;0;4;1
8250504344;8250504185;4259850;4325386;9.94711e-05;-0.00010498635;-0.00022783224;0.0009728138;0.0010189338;-0.039571717;4452;4364;0;0;4;1
8251003720;8251003568;4259850;4325386;-0.00038659258;0.0006373992;-0.00011801236;0.0027855488;-0.0028550678;-0.0336489;4499;4363;0;0;4;1
8251498601;8251498453;4259850;4325386;-0.00018386694;-0.0012081985;4.9494658e-05;0.0014373602;-0.00096862303;-0.030709762;4499;4363;0;0;4;1
8252002467;8252002335;4259850;4325386;6.426151e-05;-7.700969e-05;8.303323e-05;-0.0006765314;0.01228588;-0.037245166;4499;4365;0;0;4;1
8252501909;8252501766;4259850;4325386;1.8690125e-05;-0.00017063618;0.00024771696;-0.0011785063;-0.00012561434;-0.030843481;4546;4363;0;0;4;1
8253001287;8253001102;4259850;4325386;-0.00013459286;0.00041151012;0.00019231811;-0.0027349775;0.003719299;-0.06065102;4452;4362;0;0;4;1
8253500668;8253500486;4259850;4325386;0.0005287694;-0.00021979258;-0.0002560766;-0.005605926;-0.0010052642;-0.028395155;4499;4363;0;0;4;1
8254004503;8254004368;4259850;4325386;0.00031796555;0.00039839267;0.00016672628;-0.0023533306;0.00019440618;-0.050748114;4499;4364;0;0;4;1
8254503926;8254503798;4259850;4325386;-0.00029145728;-0.0003386747;-6.607226e-05;0.0021853705;0.00057926006;-0.033153888;4545;4364;0;0;4;1
8254998783;8254998683;4259850;4325386;-0.00029551316;0.00026871986;0.0001432619;0.00022502894;-0.0026361407;-0.03568121;4546;4363;0;0;4;1
8255502665;8255502518;4259850;4325386;3.108659e-05;0.00039575296;0.00025209354;0.0053373314;0.0011562041;-0.04726334;4499;4364;0;0;4;1
8256002044;8256001901;4259850;4325386;-0.00012854999;5.5768975e-05;-4.1661926e-05;0.0003876734;-0.001708144;-0.04338669;4499;4363;0;0;4;1
8256501413;8256501285;4259850;4325386;-0.00035445395;0.00021984422;-7.750006e-05;0.0025030528;-0.000712287;-0.04309916;4499;4363;0;0;4;1
8257000854;8257000715;4259850;4325386;-0.00040978953;9.358314e-05;0.0001932516;-0.002015978;-0.0043480885;-0.041028824;4546;4363;0;0;4;1
8257504697;8257504550;4259850;4325386;0.0006309188;-0.00059025147;7.360913e-05;0.0030684166;0.0020812978;-0.029844359;4498;4364;0;0;4;1
8258004062;8258003934;4259850;4325386;-0.00056071265;-8.041063e-05;0.00021604537;-0.0011592681;-0.0014805086;-0.04794888;4499;4363;0;0;4;1
8258499001;8258498818;4259850;4325386;0.000113221024;-0.000331746;2.9438395e-05;0.0048931814;0.007161812;-0.07286144;4499;5818;0;0;4;1
8259002890;8259002747;4259850;4325386;-3.6739046e-05;0.000117955846;-6.320166e-05;-0.0008221849;0.005468008;-0.034081817;4546;4362;0;0;4;1
8259502238;8259502083;4259850;4325386;-1.9779607e-05;0.00012295159;5.8212795e-06;0.0036971127;-0.002837187;-0.059833817;4452;4364;0;0;4;1
8260001618;8260001467;4259850;4325386;0.0003499068;0.00029278768;-5.333332e-05;0.0049895095;-0.0013624643;-0.05884699;4499;4364;0;0;4;1
8260500999;8260500850;4259850;4325386;-0.00012196151;-0.00059607957;-5.635824e-05;0.0047530946;0.0055963397;-0.042780288;4499;4364;0;0;4;1
8261004915;8261004779;4259850;4325386;0.00035929924;-0.0005326697;1.1148665e-05;-0.004358419;-0.0029840579;-0.021777537;4546;4363;0;0;4;1
8261504266;8261504115;4259850;4325386;-8.187154e-05;0.0012592124;2.1325124e-05;0.008975183;0.0062724976;-0.056834307;4452;4363;0;0;4;1
8261999144;8261998999;4259850;4325386;-1.857357e-05;-0.0020958933;-0.0001386412;0.017691063;0.0045354315;-0.03405218;4452;4363;0;0;4;1
8262503060;8262502881;4259850;4325386;0.00052196655;0.00020271461;-0.00022911844;-0.0024879046;0.0031591605;-0.049225;4499;5817;0;0;4;1
8263002398;8263002264;4259850;4325386;-0.00063265715;0.00028370644;-5.726235e-05;-0.01682087;-0.0018966389;-0.043617662;4499;4363;0;0;4;1
8263501914;8263501695;4259850;4325386;-0.00029609416;0.0021794525;-4.7359255e-05;-0.006416477;-0.002968172;-0.0719557;4547;5818;0;0;4;1
8264001190;8264001030;4259850;4325386;-0.0004450193;-0.00052442466;0.00017456885;0.0103448825;-0.0031565127;-0.03080076;4451;4362;0;0;4;1
8264500559;8264500414;4259850;4325386;0.00080388406;-0.0019340529;-0.000109129105;0.0072691;0.0005693299;-0.048852306;4499;4364;0;0;4;1
8265004428;8265004295;4259850;4325386;-0.0015283659;-0.0012661661;-0.00017294344;-0.0053965226;0.014104842;-0.04243215;4499;4363;0;0;4;1
8265499330;8265499180;4259850;4325386;0.0013475566;0.000149843;0.0003938975;-0.0013687143;0.008354653;-0.04554669;4499;4363;0;0;4;1
8265998745;8265998610;4259850;4325386;-0.00014469714;-0.0001623208;-2.267055e-05;-0.004728456;-0.00069594703;-0.03181671;4546;4367;0;0;4;1
8266502595;8266502444;4259850;4325386;0.000119945944;6.244821e-05;-0.00012150776;0.001746067;-0.0038166952;-0.05080172;4499;4363;0;0;4;1
8267001984;8267001827;4259850;4325386;0.0045356965;0.00012513435;-0.00054065435;-0.012639933;-0.00011690598;-0.015303046;4499;4363;0;0;4;1
8267501342;8267501210;4259850;4325386;0.0007347644;-0.00045184442;-7.706809e-05;0.0066946326;0.003958273;-0.048583474;4498;4363;0;0;4;1
8268000769;8268000641;4259850;4325386;-0.0029744373;-1.0101834e-05;0.00013939445;-0.0075468887;0.010542626;-0.036857467;4547;4363;0;0;4;1
8268504619;8268504475;4259850;4325386;-0.0024689187;0.00043418756;0.00013507459;0.006237878;-0.0008308995;-0.05201991;4499;4363;0;0;4;1
8268999507;8268999359;4259850;4325386;-8.923907e-05;0.004560846;6.710412e-05;0.007448367;0.0016593024;-0.070265055;4499;4362;0;0;4;1
8269498923;8269498742;4259850;4325386;-8.168743e-05;-0.0008708961;3.318168e-05;0.014860928;-0.0026018447;-0.05151276;4499;5815;0;0;4;1
8270002807;8270002671;4259850;4325386;-0.00071517716;-0.00085762347;-0.00019457674;-0.004875808;0.00048809662;-0.035284262;4546;4363;0;0;4;1
8270502152;8270502007;4259850;4325386;-0.0052535227;0.0009620877;0.00012562016;0.0012732203;-0.011667311;-0.05420421;4452;4364;0;0;4;1
8271001546;8271001390;4259850;4325386;0.00076286803;0.0011744605;-8.260482e-05;-0.0017620729;-0.004779381;-0.043073498;4499;4363;0;0;4;1
8271500910;8271500773;4259850;4325386;-0.0063429116;0.0030708765;0.00071125914;0.019464813;0.008629143;-0.060572997;4499;4363;0;0;4;1
8272004836;8272004702;4259850;4325386;-0.004108013;0.0054768804;0.00030892936;0.01769175;0.009306526;-0.060043413;4547;4363;0;0;4;1
8272499714;8272499586;4259850;4325386;9.257549e-05;-0.0007983708;-0.00031804654;-0.001277612;0.0048454315;-0.031790573;4547;4362;0;0;4;1
8272999077;8272998921;4259850;4325386;0.00434326;-0.0032215617;-0.00020033507;0.0029665355;-0.003688663;-0.06408109;4451;4363;0;0;4;1
8273502954;8273502803;4259850;4325386;-0.0002518035;1.9173347e-05;-0.00021525653;-0.007426831;-0.009008769;-0.038608965;4499;4363;0;0;4;1
8274002393;8274002186;4259850;4325386;-0.00075075775;0.00025809873;0.000108141096;0.0015935522;0.00045158158;-0.0574568;4499;4363;0;0;4;1
8274501755;8274501616;4259850;4325386;-0.0028714146;0.0030315316;-5.2993273e-05;-0.0040557156;-0.00225927;-0.056966707;4546;4362;0;0;4;1
8275001114;8275000952;4259850;4325386;-0.00021905793;-0.0005652149;0.00012162689;-0.0024981291;0.0057266406;-0.043121535;4452;4363;0;0;4;1
8275504981;8275504833;4259850;4325386;0.0015750092;-0.00077008054;5.67385e-06;0.0006264514;-3.4532844e-05;-0.029009845;4499;4364;0;0;4;1
8275999900;8275999717;4259850;4325386;-0.0007670091;0.00024006102;-0.00010662831;0.0037547522;-0.015313288;-0.062157936;4499;5818;0;0;4;1
8276499276;8276499100;4259850;4325386;-0.00011124059;-0.0004697004;-5.104952e-06;-0.0070177;-0.009683803;-0.055400625;4499;5820;0;0;4;1
8277003136;8277002981;4259850;4325386;-0.0006751451;0.00034062524;-3.662049e-05;0.0066031977;-0.011207012;-0.048565134;4451;4363;0;0;4;1
8277502517;8277502364;4259850;4325386;0.00062538247;0.00031216248;-2.3172177e-05;0.0005532743;-0.006765341;-0.042129405;4499;4363;0;0;4;1
8278001878;8278001747;4259850;4325386;7.5296143e-06;-0.000238323;8.212429e-05;0.005118142;-0.0025158783;-0.032760065;4499;4363;0;0;4;1
8278501259;8278501130;4259850;4325386;0.00046242133;-3.729096e-05;-7.849705e-06;-0.0046402947;-0.0030392571;-0.02884537;4499;4364;0;0;4;1
8279005154;8279005011;4259850;4325386;0.00029833268;-0.00015499839;-4.580362e-05;0.004826343;-0.002699197;-0.03519751;4452;4363;0;0;4;1
8279500039;8279499895;4259850;4325386;-0.00013811079;-2.388689e-05;4.6959893e-05;0.0017100087;-0.0066184746;-0.051222857;4452;4363;0;0;4;1
8279999434;8279999278;4259850;4325386;-0.00024431062;0.00040242306;-0.00012047521;-0.004977224;-0.0127089685;-0.031806014;4499;4363;0;0;4;1
8280503347;8280503160;4259850;4325386;-0.0023853048;-0.0027640231;0.00035215102;-0.0018681723;-0.0017405798;-0.05711454;4500;5818;0;0;4;1
8281002718;8281002589;4259850;4325386;0.00011308231;0.0006617221;-9.021915e-05;0.00079048495;-0.0006570262;-0.03663799;4546;4363;0;0;4;1
8281502098;8281501925;4259850;4325386;0.0009240967;0.00017734816;-5.304279e-05;-0.010232704;-0.00040062697;-0.031037476;4452;4363;0;0;4;1
8282001463;8282001307;4259850;4325386;-7.143213e-05;-0.0002258313;-0.00021886258;-0.003337042;-0.005602272;-0.03160708;4499;4363;0;0;4;1
8282505319;8282505189;4259850;4325386;-6.2327534e-05;0.0004422199;9.57741e-05;-0.0053942874;-0.010271989;-0.05469867;4499;4363;0;0;4;1
8283000228;8283000072;4259850;4325386;9.221232e-05;0.0015493126;0.00014752446;0.010348478;0.0043052775;-0.040923085;4498;4363;0;0;4;1
8283499674;8283499502;4259850;4325386;8.16649e-05;0.00063103216;2.264073e-05;-0.00029195825;0.001327542;-0.0722201;4546;5817;0;0;4;1
8284003480;8284003336;4259850;4325386;0.00034819287;9.375606e-05;-0.0013482098;0.0018401654;-0.0033833878;-0.044950753;4498;4363;0;0;4;1
8284502966;8284502722;4259850;4325386;-4.7589867e-05;-0.00019826012;-0.0019602946;-0.0063237417;-0.0025980244;-0.052237596;4502;4362;0;0;4;1
8285002283;8285002102;4259850;4325386;0.00018710157;-0.00085027347;-0.00240347;0.0050787893;0.0073908335;-0.055220902;4499;5817;0;0;4;1
8285501666;8285501532;4259850;4325386;2.7701656e-06;-0.00062641787;-0.0034416178;-0.0007675759;-0.0039538653;-0.04256076;4547;4363;0;0;4;1
8286005515;8286005370;4259850;4325386;-0.00016199316;0.0005551147;-0.003993347;5.2234656e-05;-0.0031290462;-0.042110313;4503;4362;0;0;4;1
8286500397;8286500249;4259850;4325386;-0.00012552927;-0.00042177478;-0.0015578596;-0.0048576663;0.002062302;-0.03257928;4499;4363;0;0;4;1
8286999801;8286999632;4259850;4325386;0.0045612487;0.0030761121;-0.0007938609;-0.00576037;-0.0051086033;-0.02188402;4499;4363;0;0;4;1
8287499152;8287499015;4259850;4325386;-3.2334272e-05;-0.0010598748;-0.0006503399;0.012066395;-0.010215436;-0.046729453;4499;4362;0;0;4;1
8288003047;8288002896;4259850;4325386;-0.00076811237;-0.002249519;-0.00058810867;0.005033884;-0.009253663;-0.032082256;4452;4362;0;0;4;1
8288502424;8288502278;4259850;4325386;-0.0005131686;0.0010399262;7.047483e-05;0.00084467715;-0.006031354;-0.054354694;4499;4362;0;0;4;1
8289003357;8289001661;4259850;4325386;-0.0023850468;-0.0014144323;0.00016220378;-0.0065456326;-0.0067160046;-0.018690014;4499;4347;0;0;4;1
8289501174;8289501043;4259850;4325386;-0.0025469544;0.0036397523;0.000758323;0.015400458;0.007787773;-0.0240847;4499;4362;0;0;4;1
8290000606;8290000473;4259850;4325386;0.00024173879;-0.00036636367;-0.000124035;0.0129774995;0.008463297;-0.038542006;4546;4363;0;0;4;1
8290499958;8290499808;4259850;4325386;0.000320649;-0.0011173243;-0.00051032065;0.0038516235;0.0038578776;-0.028069932;4451;4363;0;0;4;1
8290999345;8290999191;4259850;4325386;0.0007197863;-0.00034480193;-0.00026638995;0.008532283;0.004048899;-0.051339425;4499;4362;0;0;4;1
8291503207;8291503072;4259850;4325386;0.0008030539;0.00095097465;0.0007832167;-0.0035547463;-0.0031198908;-0.03355941;4499;4362;0;0;4;1
8292002652;8292002502;4259850;4325386;-0.0026559404;-0.0009830893;0.0026733838;0.0033768506;0.0011832142;-0.040973864;4546;4362;0;0;4;1
8292502014;8292501837;4259850;4325386;0.0023464805;0.0010346313;0.0022377367;0.0072836997;0.0024550655;-0.042414013;4452;5817;0;0;4;1
8293001375;8293001220;4259850;4325386;-0.002542101;-0.0003379401;0.0029170644;6.4367446e-06;0.0033445505;-0.04333269;4499;4363;0;0;4;1
8293500754;8293500602;4259850;4325386;0.002705099;0.0010753544;0.002557191;0.0005724628;-0.0012811141;-0.031571265;4499;4363;0;0;4;1
8294000132;8293999985;4259850;4325386;-0.0019027676;-0.0018081067;0.0010162151;-0.0014233483;0.004515832;-0.033550248;4499;4362;0;0;4;1
8294499576;8294499414;4259850;4325386;0.00034931378;7.381638e-05;-9.0939e-05;-0.0066949613;0.0054473616;-0.042521853;4546;5816;0;0;4;1
8295003405;8295003248;4259850;4325386;-0.0012164119;-0.0014874619;0.00013930346;-0.006623183;-0.0006392238;-0.044717826;4499;4362;0;0;4;1
8295502778;8295502631;4259850;4325386;0.0013622125;0.0008772332;0.00019431183;-0.019660622;0.005697959;-0.015313155;4499;4363;0;0;4;1
8296002143;8296002013;4259850;4325386;-0.00036171972;-0.00042323375;5.8636248e-05;-0.00080396794;0.0014761918;-0.050615393;4499;4362;0;0;4;1
8296501539;8296501442;4259850;4325386;-0.00030158734;-0.0005364014;8.3986466e-05;0.00055355654;0.009242445;-0.044429783;4546;4363;0;0;4;1
8297000924;8297000778;4259850;4325386;0.001290177;-6.003213e-05;3.1262058e-05;-0.00011684181;0.0021392992;-0.052680757;4452;4363;0;0;4;1
8297500346;8297500160;4259850;4325386;0.00053549604;0.00014202023;0.00022626497;-0.009375102;-0.011396502;-0.055014573;4499;4362;0;0;4;1
8297999690;8297999542;4259850;4325386;0.00014252927;-0.00037807127;-0.00018464142;-0.004639627;-0.008265911;-0.031054597;4499;4362;0;0;4;1
8298503619;8298503470;4259850;4325386;0.00033720053;9.294328e-05;0.00025975925;-0.008739137;-0.0070045497;-0.051051;4546;4363;0;0;4;1
8299002949;8299002806;4259850;4325386;-0.00014466014;9.9310615e-05;-3.8802846e-05;-0.0073347893;-0.0054087774;-0.056480963;4452;4362;0;0;4;1
8299502334;8299502188;4259850;4325386;-0.001918859;0.0030338648;-4.7125075e-05;0.0014544686;-0.000629805;-0.024471032;4499;4363;0;0;4;1
8300001700;8300001570;4259850;4325386;0.00046569857;-0.00048680307;-0.00012022897;0.0055907583;0.0103773605;-0.021029187;4499;4363;0;0;4;1
8300501083;8300500952;4259850;4325386;0.000678022;0.001938063;0.0004642958;0.014712458;0.008700743;-0.0396279;4499;4363;0;0;4;1
8301000518;8301000382;4259850;4325386;0.00045406274;-0.0010879134;6.2827945e-05;0.00499817;0.0062828516;-0.048956536;4546;4362;0;0;4;1
8301499926;8301499717;4259850;4325386;-0.0001435513;-0.0023543711;1.46730445e-05;0.0014375405;-0.00026175592;-0.044571847;4452;4362;0;0;4;1
8302003749;8302003598;4259850;4325386;0.0017302637;0.0036912928;0.00016281207;0.014736719;0.0012570298;-0.05708052;4499;4363;0;0;4;1
8302503173;8302502980;4259850;4325386;6.700584e-05;-0.002434075;0.00063425297;0.0064372225;-0.0008678321;-0.05300533;4499;4364;0;0;4;1
8303002537;8303002409;4259850;4325386;0.002877849;0.003967083;-0.00018275066;-0.013355533;0.0064659626;-0.028811963;4546;4362;0;0;4;1
8303501895;8303501744;4259850;4325386;0.00029631442;-0.0012804492;0.0004067499;0.0012818873;-0.009345661;-0.051064476;4451;4362;0;0;4;1
8304001273;8304001126;4259850;4325386;-3.2990232e-05;-0.0007662231;0.00024076547;0.0049890615;-0.013548053;-0.051770177;4499;4362;0;0;4;1
8304500651;8304500509;4259850;4325386;0.00026528965;-0.00051437796;0.0002480498;0.0004803359;-0.0124677;-0.053713147;4499;4362;0;0;4;1
8305000021;8304999891;4259850;4325386;-0.006017172;-0.00056767755;0.00010178587;0.005573049;-0.0072967024;-0.04812211;4499;4363;0;0;4;1
8305503934;8305503772;4259850;4325386;-0.0027194796;0.0016807835;0.00017004667;-0.0018605584;-0.0011789155;-0.042907663;4452;4362;0;0;4;1
8306003299;8306003154;4259850;4325386;0.0005382602;0.00047276603;0.0001714622;-0.0030719934;0.0107599115;-0.052549202;4499;4362;0;0;4;1
8306502666;8306502536;4259850;4325386;0.0074528214;-0.00047263852;0.00016597008;-0.0014382765;0.010558156;-0.056623902;4499;4362;0;0;4;1
8307002055;8307001918;4259850;4325386;-0.002157701;-0.0008499635;-3.9451e-05;0.0029214236;-0.011204234;-0.03864596;4499;4362;0;0;4;1
8307501476;8307501347;4259850;4325386;0.0002353554;-0.0004652317;-4.4959754e-05;-0.011527244;0.0051032957;-0.042000756;4544;4363;0;0;4;1
8308000831;8308000682;4259850;4325386;-0.0004480252;0.00126443;0.00012739509;-0.007828941;-0.00095040654;-0.03943377;4452;4363;0;0;4;1
8308500217;8308500064;4259850;4325386;0.00027549293;-0.0002630883;0.00020786708;0.0017655493;0.0027329295;-0.05046315;4499;4367;0;0;4;1
8308999601;8308999446;4259850;4325386;0.00043456064;0.00077842054;1.2011249e-06;0.0018101824;-0.004767888;-0.06384959;4499;4362;0;0;4;1
8309503510;8309503374;4259850;4325386;-0.00010495208;-0.00020143291;0.00013164524;-0.0005854177;-0.0062071485;-0.057898473;4546;4363;0;0;4;1
8310002870;8310002709;4259850;4325386;0.00011894215;0.00031643725;-2.3158862e-05;0.0017008799;0.0039756545;-0.04056144;4452;4362;0;0;4;1
8310502238;8310502091;4259850;4325386;0.000574445;0.00021166733;-2.8259035e-05;-0.0062899054;0.0008642042;-0.059892345;4499;4363;0;0;4;1
8311001619;8311001473;4259850;4325386;0.00013476663;-0.00042747668;-4.009736e-05;-0.003911442;0.0025118603;-0.03237475;4499;4364;0;0;4;1
8311501003;8311500855;4259850;4325386;-0.00021027298;-0.00069083343;-0.00030159482;0.010171889;-0.0007507917;-0.029413028;4499;4363;0;0;4;1
8312000422;8312000283;4259850;4325386;0.0005787633;0.00097453134;5.564569e-05;-0.01074304;0.0022541652;-0.047563713;4545;4363;0;0;4;1
8312499773;8312499618;4259850;4325386;-0.00013796773;-0.0008785646;-0.00013094516;-0.0006491227;-0.0005838056;-0.030012572;4452;4362;0;0;4;1
8313003732;8313003500;4259850;4325386;-0.00012536472;-0.00021430185;-3.6628036e-05;-0.0040561524;-0.0007680515;-0.036501046;4500;4363;0;0;4;1
8313503013;8313502881;4259850;4325386;0.00019492232;0.00010225512;-5.0647577e-05;-0.0039737388;-0.0037882456;-0.039470807;4498;4362;0;0;4;1
8314002442;8314002310;4259850;4325386;9.142655e-05;0.00031229772;5.1074807e-05;-0.00028489242;0.0014208662;-0.0388277;4546;4363;0;0;4;1
8314501797;8314501644;4259850;4325386;-0.00012618068;0.0007765207;0.00013139211;-0.0060869195;0.0005514819;-0.049359795;4451;4362;0;0;4;1
8315001190;8315001027;4259850;4325386;0.00033327044;0.00023028611;0.0013117485;0.0053534033;-0.0019479813;-0.02389955;4500;4362;0;0;4;1
8315500552;8315500408;4259850;4325386;-0.0012327041;0.0004163317;0.0027443464;-0.0037642426;0.0002493487;-0.058185652;4499;4362;0;0;4;1
8315999920;8315999790;4259850;4325386;0.0017768393;-0.0001712407;0.0028857125;-0.013121877;0.00023128811;-0.06269654;4499;4363;0;0;4;1
8316503820;8316503671;4259850;4325386;-0.0007143342;-0.0013778417;0.00092020864;-0.0066243587;-0.0017659866;-0.02627207;4452;4363;0;0;4;1
8317003200;8317003052;4259850;4325386;4.6883906e-05;0.00028087298;-0.001236799;0.0029032067;-0.003815712;-0.036803808;4499;4362;0;0;4;1
8317502590;8317502434;4259850;4325386;-0.00021631214;-0.0006805992;-0.0012252039;-0.0029171484;-0.001197227;-0.048360817;4499;4362;0;0;4;1
8318001944;8318001816;4259850;4325386;6.7864465e-05;0.00044778758;-0.0019339538;-0.0021234602;0.00417556;-0.0453281;4499;4361;0;0;4;1
8318501377;8318501245;4259850;4325386;0.0010235136;0.0001664013;-0.0022609932;-0.010067351;-0.0007028275;-0.049506437;4546;4362;0;0;4;1
8319000726;8319000579;4259850;4325386;-0.00065898657;0.0005260471;-0.0027328397;0.0005987469;-0.0074229958;-0.045492183;4452;4362;0;0;4;1
8319500115;8319499961;4259850;4325386;0.00079813704;0.0006105009;-0.0027777888;0.0033495254;-0.0035593573;-0.033678554;4499;4362;0;0;4;1
8320003975;8320003842;4259850;4325386;-0.0004358021;0.00010723626;-0.0034707438;-0.0036731572;0.00043245978;-0.035786502;4500;4362;0;0;4;1
8320503407;8320503270;4259850;4325386;-4.3182383e-05;0.0006336438;-0.0042161033;-0.005850097;-0.003458646;-0.048195846;4546;4362;0;0;4;1
8321002754;8321002605;4259850;4325386;0.0003697004;-0.00040663034;-0.0046025;-0.0036913739;0.0014578805;-0.04222946;4452;4362;0;0;4;1
8321502137;8321501986;4259850;4325386;-0.00090208004;-0.00023490595;-0.0041741487;0.0044784117;-0.00034586695;-0.04684652;4499;4361;0;0;4;1
8322001514;8322001368;4259850;4325386;0.0008463524;-2.2335495e-05;-0.002489047;0.0038406153;-0.0021936132;-0.041834;4499;4362;0;0;4;1
8322500891;8322500749;4259850;4325386;0.00042873793;-0.0005673345;0.0015597146;-0.0074738837;0.004736224;-0.049228854;4498;4363;0;0;4;1
8323000314;8323000178;4259850;4325386;0.0002441714;0.0002598251;0.0017330005;0.001516673;-0.0040915683;-0.026623165;4546;4366;0;0;4;1
8323504260;8323504012;4259850;4325386;0.0001653927;-6.7836874e-05;0.0025924717;-0.0020518375;0.0051658754;-0.04808587;4499;4362;0;0;4;1
8324003542;8324003393;4259850;4325386;-0.00043432068;-0.00049629394;0.0022050862;0.01165044;-0.006024195;-0.030734584;4499;4363;0;0;4;1
8324502940;8324502775;4259850;4325386;0.0007061235;-0.00036868942;0.002939497;-0.012369581;0.0018400778;-0.07656966;4499;5816;0;0;4;1
8325002333;8325002203;4259850;4325386;-0.001310284;-2.3368166e-05;0.0031761543;-0.0027076523;-0.0053538433;-0.051907655;4546;4362;0;0;4;1
8325501680;8325501538;4259850;4325386;0.0008917629;0.0007337623;0.002129806;0.0051243473;0.002235165;-0.04043119;4452;4361;0;0;4;1
8326001089;8326000919;4259850;4325386;-2.762082e-05;-0.00054772483;1.3359127e-05;0.005287648;0.0010094763;-0.0406934;4499;4360;0;0;4;1
8326500451;8326500301;4259850;4325386;4.5257202e-05;0.00046735877;0.0025441227;0.01016271;-0.004557312;-0.014184696;4498;4362;0;0;4;1
8327004360;8327004228;4259850;4325386;0.00068489567;-0.0014370317;0.0030952014;-0.00050012744;-0.0009790065;-0.050981678;4546;4363;0;0;4;1
8327503707;8327503562;4259850;4325386;-0.0010514769;-1.6161969e-06;0.0008373652;-0.0020799695;0.0039111925;-0.049592674;4451;4363;0;0;4;1
8327998593;8327998445;4259850;4325386;0.0014769236;0.0009950018;0.0010361533;-0.007058658;0.0007705537;-0.065559655;4452;4362;0;0;4;1
8328502471;8328502325;4259850;4325386;-0.0013838473;-0.0030414895;0.0027538869;0.006075712;-0.0027547237;-0.030971445;4498;4364;0;0;4;1
8329001847;8329001707;4259850;4325386;0.00075288565;0.0019159046;0.00074277224;-0.007399506;-0.002197046;-0.046467423;4499;4363;0;0;4;1
8329501298;8329501135;4259850;4325386;-0.00017346261;0.00059319346;-0.0010709255;-0.006403488;0.0012449677;-0.059532017;4545;5816;0;0;4;1
8330000645;8330000469;4259850;4325386;-0.00070028735;-0.00054190273;-0.00035477246;0.0019837597;-0.0007752171;-0.056589857;4451;4363;0;0;4;1
8330504501;8330504351;4259850;4325386;0.0004395614;-0.00013725346;-0.00095275324;-0.0140767535;-9.9552075e-05;-0.057321846;4500;4363;0;0;4;1
8331003901;8331003731;4259850;4325386;-0.00042665174;0.00090308953;-0.0016255747;0.000817543;-0.004897959;-0.032952294;4499;4364;0;0;4;1
8331503327;8331503160;4259850;4325386;0.0011337058;-0.00054763485;-0.002340464;0.0077313706;7.7036075e-06;-0.0487636;4546;5820;0;0;4;1
8331998174;8331998042;4259850;4325386;-0.0010534427;0.0011078421;-0.0032148892;-0.0027701508;0.0016509073;-0.05225169;4546;4363;0;0;4;1
8332502024;8332501876;4259850;4325386;0.0012163166;-0.0012048723;-0.004118353;0.0035506538;-0.00058328453;-0.04439409;4500;4363;0;0;4;1
8333001410;8333001257;4259850;4325386;-0.00047728006;0.0012391539;-0.0038228382;0.0024751057;0.002071302;-0.047160204;4500;4362;0;0;4;1
8333500777;8333500638;4259850;4325386;0.00094618415;-0.00019998783;-0.004373615;-0.0009953582;0.002988057;-0.050966945;4498;4363;0;0;4;1
8334000232;8334000066;4259850;4325386;-0.0009091068;-0.00017928792;-0.004178076;-0.0025161386;-0.005439745;-0.071234174;4546;5817;0;0;4;1
8334504054;8334503900;4259850;4325386;0.0013608872;-0.0012957688;-0.0037636713;-0.0050591626;0.003216215;-0.053623706;4500;4363;0;0;4;1
8335003431;8335003281;4259850;4325386;-0.00059103034;-0.00041809876;-0.0012872041;-0.00052160316;-0.0018930482;-0.03605228;4499;4362;0;0;4;1
8335498331;8335498163;4259850;4325386;0.00031835012;0.0006102666;-0.003490988;-0.0019425355;0.0034263222;-0.046307866;4499;4362;0;0;4;1
8336002230;8336002090;4259850;4325386;5.5716682e-05;2.415954e-05;0.000464499;-0.006210774;0.0014293939;-0.04032211;4546;4362;0;0;4;1
8336501577;8336501424;4259850;4325386;-0.0010356889;0.0012041603;0.002239058;0.008514066;-0.00041900566;-0.04101052;4451;4362;0;0;4;1
8337000950;8337000806;4259850;4325386;0.00024375872;-0.00014269602;0.0012553425;0.0018564845;-0.0045579737;-0.033375654;4499;4363;0;0;4;1
8337500401;8337500187;4259850;4325386;-0.0005342358;0.0066779233;0.0001556232;0.03139528;0.0006246867;-0.08028788;4499;4363;0;0;4;1
8338004215;8338004114;4259850;4325386;0.00077151123;-0.0011550853;-0.000321622;0.010744408;-0.0034568373;-0.041085638;4546;4365;0;0;4;1
8338503595;8338503448;4259850;4325386;0.001267654;-0.00010132677;-9.370274e-05;0.008779148;0.004561803;-0.043595284;4452;4363;0;0;4;1
8338998474;8338998331;4259850;4325386;0.00019197151;-0.0043020053;-5.3340384e-05;-0.0028442803;5.708245e-05;-0.043384247;4451;4362;0;0;4;1
8339502359;8339502211;4259850;4325386;0.0005568145;0.0014402205;0.00012582136;-0.009650561;-0.0025713027;-0.0503066;4499;4363;0;0;4;1
8340001721;8340001592;4259850;4325386;-0.0007915951;-0.0009296113;-0.00025141795;0.0014549494;-0.0003274503;-0.02667653;4499;4362;0;0;4;1
8340501246;8340501020;4259850;4325386;0.0004264457;-7.34016e-05;-0.000118994765;-0.0049781254;-0.0041375994;-0.03295139;4546;4363;0;0;4;1
8341000500;8341000354;4259850;4325386;0.0003891662;0.00024445463;0.00030727024;-0.010980926;-0.0021958747;-0.034509737;4452;4363;0;0;4;1
8341504432;8341504234;4259850;4325386;0.00019578174;-0.0006932075;-3.0949848e-06;-0.006105136;0.0018424134;-0.03947998;4499;4362;0;0;4;1
8342003750;8342003615;4259850;4325386;0.0002942856;0.0022554293;-0.00021728427;-0.0023888529;-0.00020842835;-0.038187716;4499;4362;0;0;4;1
8342498633;8342498497;4259850;4325386;0.0002998117;-5.5411438e-05;1.0933733e-05;0.008954158;0.0065399436;-0.045564312;4499;4362;0;0;4;1
8343002522;8343002377;4259850;4325386;0.00017438125;-0.0004174613;-0.00019754634;0.001621141;0.0031073182;-0.032689136;4452;4363;0;0;4;1
8343501916;8343501758;4259850;4325386;3.5137527e-05;0.00010348583;-0.00013154288;-0.00267957;-0.0008669581;-0.050465856;4499;4361;0;0;4;1
8344001274;8344001139;4259850;4325386;-0.00017402798;-7.2171635e-05;-3.7926573e-05;0.0038231686;0.0006430372;-0.054767117;4498;4362;0;0;4;1
8344500682;8344500520;4259850;4325386;-0.00033743173;-0.00044732806;-0.0001260384;-0.0034067787;0.003277498;-0.05908293;4498;5816;0;0;4;1
8345004546;8345004401;4259850;4325386;0.00016365606;4.350852e-05;0.00020349624;0.0033859594;-0.004951;-0.04168873;4452;4362;0;0;4;1
8345503937;8345503782;4259850;4325386;-0.00020743208;-0.0006100587;-6.6007495e-05;-0.0015326509;0.0028769895;-0.033706054;4499;4362;0;0;4;1
8345998842;8345998664;4259850;4325386;8.938365e-05;0.0009787843;0.00012463082;0.0040166792;0.0011167899;-0.057534054;4499;5816;0;0;4;1
8346502674;8346502544;4259850;4325386;-0.00048704908;0.00024521677;5.6920366e-05;0.0001342115;0.0008902368;-0.044337403;4500;4362;0;0;4;1
8347002108;8347001972;4259850;4325386;-0.00023466747;0.002145197;0.00012309555;0.0070293737;0.005413075;-0.04489647;4546;4362;0;0;4;1
8347501454;8347501306;4259850;4325386;-1.8203356e-05;-0.00011953738;-5.3944892e-05;0.0026478732;-0.006059091;-0.030379882;4452;4362;0;0;4;1
8348000918;8348000686;4259850;4325386;-9.7622586e-05;-0.002587874;-0.00012893592;0.006698834;0.00056953006;-0.04522623;4498;4361;0;0;4;1
8348504700;8348504566;4259850;4325386;0.0009688765;-0.0005079413;9.044891e-05;-0.005704361;-7.109516e-05;-0.06642494;4498;4362;0;0;4;1
8349004123;8349003994;4259850;4325386;-4.7129346e-05;-0.00092560926;-0.00010258558;-0.0067346287;-7.214124e-06;-0.030880423;4546;4362;0;0;4;1
8349499011;8349498876;4259850;4325386;-0.00029254938;0.00036703586;0.00019958678;-0.008478739;-0.0063129445;-0.03804494;4546;4361;0;0;4;1
8350002861;8350002709;4259850;4325386;-0.00063458475;-0.00046803974;7.374124e-05;-0.013209796;0.0014945028;-0.023505457;4499;4362;0;0;4;1
8350502237;8350502090;4259850;4325386;-0.0044421237;0.00057054166;0.00038863163;0.007680438;-0.0021414366;-0.04777855;4499;4365;0;0;4;1
8351001611;8351001471;4259850;4325386;-4.4999637e-05;-3.7595524e-05;4.0051735e-05;-0.0018883349;0.0033259764;-0.04319873;4499;4362;0;0;4;1
8351501040;8351500899;4259850;4325386;-0.00066204247;-0.00048216994;-0.00019430758;-0.008983434;-0.006635619;-0.041093003;4546;4362;0;0;4;1
8352004944;8352004732;4259850;4325386;0.0014206828;-0.0001723857;-0.000108414766;-0.004939244;-0.00010771722;-0.044135775;4499;4362;0;0;4;1
8352504288;8352504112;4259850;4325386;-0.00017808868;-0.0021195053;0.00029618148;0.02082193;0.010025134;-0.043410856;4498;5816;0;0;4;1
8352999124;8352998994;4259850;4325386;-0.00014961087;5.924074e-05;-0.00031884867;0.00058052974;0.0009543257;-0.015577768;4499;4362;0;0;4;1
8353503069;8353502921;4259850;4325386;-0.000746786;0.003940862;-4.9613293e-05;-0.0015162615;0.000551096;-0.02296956;4546;4363;0;0;4;1
8354002411;8354002255;4259850;4325386;0.0050340383;0.00017305519;-0.00018059133;0.005780444;0.0045685754;-0.04777819;4452;4361;0;0;4;1
8354501794;8354501636;4259850;4325386;0.003631945;-0.00076062535;-0.0003756824;-0.003964631;-0.011259169;-0.026759015;4499;4362;0;0;4;1
8355001156;8355001017;4259850;4325386;0.0037988047;0.00018688907;-8.83825e-05;0.0024751057;-0.0073039746;-0.03757367;4500;4362;0;0;4;1
8355500559;8355500397;4259850;4325386;-0.0015690129;0.00011063397;7.74613e-05;0.0016292817;-0.0025337897;-0.026717274;4499;4361;0;0;4;1
8356004443;8356004277;4259850;4325386;-0.0008526631;-0.00019815388;0.00014980565;0.0012454531;0.0074272943;-0.03476919;4452;4362;0;0;4;1
8356499324;8356499159;4259850;4325386;-0.00027305124;-0.00047716268;-0.00042867658;-0.007246139;-0.0006758664;-0.035307955;4452;4363;0;0;4;1
8356998689;8356998540;4259850;4325386;-0.00021019003;0.00038232873;-0.00021506262;-0.0054402133;-0.0035959792;-0.03585065;4500;4362;0;0;4;1
8357502574;8357502419;4259850;4325386;0.00015642431;0.000407992;8.9957466e-05;-0.00089505315;0.00038668208;-0.04419076;4499;4362;0;0;4;1
8358002023;8358001847;4259850;4325386;0.0010878303;-0.0006911837;-9.05784e-05;-0.0038721329;-0.008835958;-0.063610725;4546;5817;0;0;4;1
8358501427;8358501181;4259850;4325386;-0.000981191;0.00039560732;-0.000116351934;0.0027133573;-0.012405854;-0.044458084;4453;4363;0;0;4;1
8359005211;8359005060;4259850;4325386;-0.00021135193;0.00027021274;0.00026318018;0.010556579;0.013643705;-0.05386802;4499;4362;0;0;4;1
8359504593;8359504440;4259850;4325386;-0.000104883286;-8.279087e-05;0.00024371537;0.00019711754;0.008130522;-0.04237849;4498;4361;0;0;4;1
8359999458;8359999322;4259850;4325386;0.0030998609;-0.000818599;-0.00041618076;0.0010632824;-0.01289801;-0.042220294;4498;4362;0;0;4;1
8360498892;8360498750;4259850;4325386;0.0010343752;0.00180404;-0.0002722092;0.013162202;-0.0049248436;-0.031090835;4546;4363;0;0;4;1
8361002729;8361002583;4259850;4325386;0.001146719;-0.005370131;4.5672128e-05;-0.0023103482;0.008934685;-0.06090211;4500;4365;0;0;4;1
8361502125;8361501963;4259850;4325386;-4.1818066e-06;0.006018987;-0.00018174054;-0.004212852;-0.001764878;-0.029925816;4499;4363;0;0;4;1
8362001472;8362001344;4259850;4325386;0.0067175087;0.00025516303;-0.00021492915;-0.0014962166;0.017809682;-0.019839475;4499;4362;0;0;4;1
8362500903;8362500771;4259850;4325386;-0.0063202544;0.00025446696;-0.00017996786;0.0064996383;-0.0011808298;-0.03877756;4546;4362;0;0;4;1
8363004754;8363004604;4259850;4325386;-0.0009972921;-0.0009199591;5.086358e-05;0.004779565;-0.009959082;-0.039232522;4499;4362;0;0;4;1
8363499629;8363499485;4259850;4325386;0.006720621;-0.0010509469;-7.73226e-05;-0.0011045462;-0.001343901;-0.033520497;4499;4364;0;0;4;1
8363999012;8363998866;4259850;4325386;-3.0294781e-05;0.010179831;-0.0003653744;0.009288291;0.0016409913;-0.0515044;4499;4362;0;0;4;1
8364502974;8364502793;4259850;4325386;0.0013929944;-0.0042295717;0.00045683637;-0.017766256;-0.0040767435;-0.059702057;4547;5819;0;0;4;1
8365002272;8365002126;4259850;4325386;0.010051508;-0.00013197627;3.974012e-05;-0.0040414566;-0.0012607946;-0.028830057;4452;4363;0;0;4;1
8365501654;8365501506;4259850;4325386;0.0033860966;0.0012163977;-0.00034064407;-0.02028613;-0.0014459584;-0.0007449263;4499;4363;0;0;4;1
8366001077;8366000887;4259850;4325386;0.0098796515;-0.0006893654;-0.00085820514;-0.012148028;0.012537456;-0.048342567;4499;4363;0;0;4;1
8366504954;8366504813;4259850;4325386;-0.0002449377;-0.006304404;6.7049776e-05;-0.00932045;0.0038657882;-0.039260015;4546;4362;0;0;4;1
8366999840;8366999694;4259850;4325386;-0.0009032297;0.0017517327;-0.00019767474;0.007821817;-0.0006570497;-0.054052256;4546;4362;0;0;4;1
8367499174;8367499028;4259850;4325386;0.0012069638;-6.9786096e-05;-0.00027558292;0.008733423;-0.0045755967;-0.04010091;4452;4362;0;0;4;1
8368003039;8368002907;4259850;4325386;-0.004557547;-0.005512196;-7.345413e-05;0.0057904385;0.019105043;-0.038335938;4499;4363;0;0;4;1
8368502419;8368502288;4259850;4325386;-0.007193876;-0.0018748428;0.0002421968;-0.002799312;0.0048469976;-0.04529883;4499;4363;0;0;4;1
8369001910;8369001715;4259850;4325386;0.000104317514;-0.0013321444;0.0002481094;-0.001998149;-0.0064723133;-0.04314752;4546;4363;0;0;4;1
8369501198;8369501048;4259850;4325386;-0.002919714;-0.0012669709;0.00012011004;0.0014372286;0.018701322;-0.032019187;4452;4363;0;0;4;1
8370005092;8370004927;4259850;4325386;-0.0013034858;-0.000870721;0.000114692615;0.016516011;0.0051945113;-0.03458307;4498;4363;0;0;4;1
8370499955;8370499809;4259850;4325386;-0.0002845141;0.0018177408;-0.00014236258;0.009354652;0.009150172;-0.058175858;4499;4363;0;0;4;1
8370999322;8370999189;4259850;4325386;-5.59013e-05;0.00064889214;5.5438155e-05;0.009683506;0.0011292679;-0.06666585;4499;4363;0;0;4;1
8371503219;8371503069;4259850;4325386;2.2213379e-05;-0.00028301013;-8.180865e-05;0.0010541189;-0.0012446494;-0.043604955;4452;4363;0;0;4;1
8372002630;8372002449;4259850;4325386;-9.9585355e-05;-0.0003376268;6.823608e-05;0.0060931253;0.006880377;-0.047584783;4499;4363;0;0;4;1
8372501976;8372501829;4259850;4325386;0.00010019019;0.00024887556;0.0001156958;-0.007528042;0.0021797514;-0.048583433;4499;4362;0;0;4;1
8373001339;8373001209;4259850;4325386;-0.0047663697;-0.00049841125;0.00022588717;0.009664993;0.0027498617;-0.05696308;4499;4363;0;0;4;1
8373500819;8373500636;4259850;4325386;-0.00045878216;-0.00046280754;-9.338926e-05;-0.0011723927;-0.002088009;-0.054738943;4545;5816;0;0;4;1
8374000152;8373999970;4259850;4325386;-0.0042745266;0.00024691503;-0.0002019974;0.003325396;0.000110314526;-0.08691905;4452;5817;0;0;4;1
8374499503;8374499350;4259850;4325386;-0.00057027076;0.0048968494;-6.5280445e-05;0.0010450649;0.001329703;-0.06319888;4499;4362;0;0;4;1
8375003363;8375003229;4259850;4325386;6.791624e-05;-0.0063030967;0.00032854662;-0.016311644;0.0015129822;-0.057531264;4499;4363;0;0;4;1
8375502806;8375502657;4259850;4325386;6.273735e-05;0.008172372;-0.00014033029;-0.0015989465;-0.0043943077;-0.038391374;4547;4363;0;0;4;1
8376002141;8376001989;4259850;4325386;-0.0031434523;0.0018091663;0.00054985296;-0.009019868;0.016775103;-0.04708689;4452;4362;0;0;4;1
8376501616;8376501370;4259850;4325386;-0.0036901683;-0.00084185577;0.00059862965;0.0029618435;-0.009559072;-0.070267394;4499;5817;0;0;4;1
8377005393;8377005249;4259850;4325386;0.005804039;-0.003767529;-0.00029371423;0.016751308;0.0012927138;-0.055517036;4499;4363;0;0;4;1
8377500266;8377500130;4259850;4325386;0.0010631236;0.0080380505;-0.00015345177;0.0010723908;-2.5317482e-05;-0.0468486;4499;4362;0;0;4;1
8377999690;8377999557;4259850;4325386;0.0012763278;-0.009625472;0.0006123822;0.010217363;0.0054222303;-0.084773175;4546;4362;0;0;4;1
8378503589;8378503389;4259850;4325386;0.0012352065;0.00019638562;0.00011581035;-0.009389312;-0.0024546976;-0.0655074;4499;5817;0;0;4;1
8379002898;8379002768;4259850;4325386;0.00052132586;0.00048413398;8.0026475e-05;-0.011836948;0.005964162;-0.04630945;4498;4363;0;0;4;1
8379502296;8379502149;4259850;4325386;-0.00044662567;-0.000116498755;5.9077967e-05;-0.0074258745;0.0063377847;-0.047829244;4499;4362;0;0;4;1
8380001708;8380001576;4259850;4325386;-0.0005358022;-0.00037069627;5.8809772e-05;-0.010797259;0.0029877296;-0.0248066;4546;4363;0;0;4;1
8380501057;8380500909;4259850;4325386;4.286357e-06;-0.0009602502;-9.112632e-05;-0.015672931;0.0021025653;-0.0297339;4452;4366;0;0;4;1
8381000434;8381000289;4259850;4325386;0.0003443056;-0.00033831625;-0.00026249076;-0.0146886455;-0.0024616001;-0.031219125;4499;4363;0;0;4;1
8381499829;8381499669;4259850;4325386;-0.00011172525;0.00042221247;-0.00011085299;-0.013694237;0.0030692606;-0.04160057;4499;4363;0;0;4;1
8381999187;8381999049;4259850;4325386;0.00044427815;-0.00077961583;-0.00010869106;-0.0175313;0.0027045875;-0.041637093;4499;4363;0;0;4;1
8382503088;8382502928;4259850;4325386;-0.00020043786;-0.00022276519;-0.00020847228;-0.014779117;0.00018382278;-0.023816496;4453;4363;0;0;4;1
8383002458;8383002307;4259850;4325386;0.0005820325;-0.00047973244;-0.00023259282;-0.010309131;-0.0014177123;-0.026534356;4498;4364;0;0;4;1
8383501826;8383501687;4259850;4325386;-2.8466546e-05;0.00015800023;-0.00024879843;-0.021201612;-0.0027817355;-0.029807018;4499;4363;0;0;4;1
8384001200;8384001068;4259850;4325386;-5.75929e-05;-0.00011418688;5.2962005e-05;-0.02109779;-0.0016458485;-0.034200955;4500;4362;0;0;4;1
8384500626;8384500494;4259850;4325386;-4.986873e-05;-0.00013453643;-6.806624e-05;-0.017983217;0.0013026929;-0.027497917;4546;4360;0;0;4;1
8384999979;8384999827;4259850;4325386;-8.105531e-05;-1.795393e-05;0.00018497562;-0.008546226;0.0048454315;-0.051440243;4452;4362;0;0;4;1
8385499351;8385499207;4259850;4325386;0.00045339976;0.0004253921;0.000117484466;-0.014193812;0.0040204446;-0.054507162;4499;4362;0;0;4;1
8386003215;8386003085;4259850;4325386;-0.00020814734;4.362454e-05;-4.2978434e-05;-0.018151077;-0.00061088026;-0.023886638;4499;4361;0;0;4;1
8386502645;8386502512;4259850;4325386;-0.0002911168;0.0007122983;0.00013248448;-0.0086237;0.0056252615;-0.052161597;4546;4364;0;0;4;1
8387002080;8387001845;4259850;4325386;0.00012777137;0.0007592903;0.00020016427;-0.024423914;0.0038646592;-0.05729026;4452;5817;0;0;4;1
8387501407;8387501225;4259850;4325386;-0.00146249;0.011372868;-7.174051e-05;-0.011812523;-0.000745236;-0.04599963;4500;5820;0;0;4;1
8388000757;8388000604;4259850;4325386;0.0010859197;-0.0015628586;4.7764075e-05;0.017038494;-0.0033868782;-0.02630498;4498;4364;0;0;4;1
8388500116;8388499984;4259850;4325386;8.99148e-05;-0.0011520741;2.6194595e-05;0.01974489;0.005614497;-0.04134963;4499;4362;0;0;4;1
8388999596;8388999411;4259850;4325386;-7.3897434e-05;0.0004917925;-0.00010896393;0.02291144;-0.0008609915;-0.052820317;4546;5817;0;0;4;1
8389503393;8389503243;4259850;4325386;0.00015572747;0.00011930778;-6.759014e-05;0.010016974;-0.00011687285;-0.04694025;4499;4362;0;0;4;1
8390002780;8390002622;4259850;4325386;-0.00021028015;-0.007491205;-8.245641e-05;0.0022005734;-0.0025516944;-0.047499232;4499;4363;0;0;4;1
8390502172;8390502002;4259850;4325386;-0.0031651594;0.005351883;0.0004155407;0.004244392;0.015655793;-0.05636093;4499;5816;0;0;4;1
8391001565;8391001428;4259850;4325386;-0.0006890847;0.00027245868;0.00012804677;0.008780958;0.009586942;-0.051500037;4546;5817;0;0;4;1
8391500909;8391500761;4259850;4325386;0.0011719262;-0.00055424735;-9.417742e-05;0.008668911;0.014724262;-0.04314596;4452;4362;0;0;4;1
8392000284;8392000141;4259850;4325386;-0.0009979729;0.0014191762;-0.0004902612;0.012412518;-0.0110669015;-0.037289552;4499;4362;0;0;4;1
8392499706;8392499520;4259850;4325386;-9.0736765e-05;5.9321243e-05;0.00010556899;0.010948275;-0.009064174;-0.06229983;4499;5816;0;0;4;1
8393003587;8393003446;4259850;4325386;-8.335871e-05;-0.00027230452;-0.00014563558;0.015047584;-0.005204959;-0.04817417;4546;4360;0;0;4;1
8393502923;8393502778;4259850;4325386;0.0014037382;-0.0053388868;0.00035079394;0.004241884;-0.0071196523;-0.047641058;4452;4361;0;0;4;1
8394002309;8394002158;4259850;4325386;-0.00041107016;0.00090744515;-7.547101e-05;-0.006179444;-0.0065633524;-0.04111277;4499;4363;0;0;4;1
8394501729;8394501537;4259850;4325386;-0.0005478739;0.00038309718;-6.273633e-05;-0.0067860465;-0.0036532471;-0.05966032;4499;5816;0;0;4;1
8395001046;8395000917;4259850;4325386;-0.00026304167;-0.00035783625;-0.0001302437;-0.002625675;-0.010050638;-0.025292624;4499;4362;0;0;4;1
8395500486;8395500344;4259850;4325386;-0.0015167978;0.00018794801;2.4161402e-05;-0.0022340084;-0.013602988;-0.044786483;4547;4362;0;0;4;1
8395999881;8395999676;4259850;4325386;0.0013593056;0.0003102034;-4.7352187e-05;-0.016474603;0.01028746;-0.034818213;4452;4363;0;0;4;1
8396503695;8396503554;4259850;4325386;0.0011609221;-0.00060120947;0.00012451899;-0.00565046;0.00956309;-0.03640885;4499;4363;0;0;4;1
8397003068;8397002934;4259850;4325386;0.0019749573;0.007828044;0.000108526976;0.008668912;-0.007697662;-0.058148984;4499;4362;0;0;4;1
8397502525;8397502360;4259850;4325386;0.00078944344;-0.0005100421;0.00018870275;-0.012472565;-0.0009018645;-0.032689497;4546;4363;0;0;4;1
8398001843;8398001693;4259850;4325386;0.00014498994;-0.0009988219;0.00012733846;0.0016363794;-0.0033660685;-0.043704122;4452;4361;0;0;4;1
8398501222;8398501072;4259850;4325386;-0.00047275508;0.0003178495;0.00022011102;-0.0007493168;0.008178049;-0.049625587;4499;4362;0;0;4;1
8399000597;8399000451;4259850;4325386;0.00015371572;-0.00048019204;-0.00029012866;-0.00023923839;0.0011557476;-0.029829277;4499;4362;0;0;4;1
8399499976;8399499831;4259850;4325386;0.00014329524;-0.0006257936;-0.00017588605;-0.00016637018;-0.0018106485;-0.027492208;4499;4362;0;0;4;1
8400003858;8400003709;4259850;4325386;0.00040906412;1.6646576e-05;-0.00014553797;-0.0075599253;0.003525588;-0.043451436;4452;4360;0;0;4;1
8400503240;8400503088;4259850;4325386;6.630989e-05;-0.0005633942;-3.9331717e-05;0.0030398348;-0.0014718933;-0.036950443;4499;4362;0;0;4;1
8401002612;8401002468;4259850;4325386;0.00022292188;-3.9038346e-06;7.500475e-05;-0.00091327034;0.003609433;-0.05099116;4499;4362;0;0;4;1
8401501987;8401501847;4259850;4325386;-0.0003371085;0.0003026306;0.00023674297;0.00030727367;0.0020072132;-0.039974883;4499;4362;0;0;4;1
8402001408;8402001274;4259850;4325386;-0.0001284915;-2.6750007e-07;-9.11838e-05;-0.0003576496;0.0040305876;-0.04464901;4547;4362;0;0;4;1
8402500753;8402500606;4259850;4325386;-0.00040552247;-0.0003350043;-0.00016075856;0.00058052986;0.00024934884;-0.048617434;4452;4362;0;0;4;1
8403000131;8402999985;4259850;4325386;-7.101215e-05;8.472963e-05;0.00023235723;0.0015278176;0.0038566329;-0.054033916;4499;4362;0;0;4;1
8403504006;8403503863;4259850;4325386;0.00010972462;1.9690533e-05;-4.56548e-05;0.008124786;-0.00059307594;-0.042927004;4499;4363;0;0;4;1
8404003417;8404003289;4259850;4325386;-3.778197e-05;-0.00019072377;-6.426993e-05;0.0013001042;-0.0030100243;-0.038728446;4545;4362;0;0;4;1
8404498299;8404498170;4259850;4325386;0.00032852386;0.00022539869;-0.00021242848;-0.00079485937;0.0031333447;-0.047068555;4546;4362;0;0;4;1
8405002147;8405002001;4259850;4325386;7.107637e-05;-7.737395e-05;-6.233204e-05;-0.0007493166;-0.00093171647;-0.056471802;4499;4362;0;0;4;1
8405501524;8405501380;4259850;4325386;0.00049535406;0.0002702329;0.00027434572;-0.009803457;-0.0011151748;-0.03286308;4499;4363;0;0;4;1
8406000889;8406000759;4259850;4325386;-0.00013151616;-0.0006174375;0.00020175276;0.013305156;0.0019065022;-0.05715;4498;4362;0;0;4;1
8406500366;8406500186;4259850;4325386;0.0007694353;0.000160442;-8.072404e-05;0.0025411912;0.003589578;-0.07012039;4546;5817;0;0;4;1
8406999706;8406999518;4259850;4325386;0.000113508075;-0.0005694877;-0.00019785158;0.0022070215;0.0038930385;-0.060184903;4452;5814;0;0;4;1
8407503534;8407503396;4259850;4325386;-4.3091153e-05;-0.00059902284;-7.279945e-05;0.0006898323;-0.0025430918;-0.025191808;4499;4362;0;0;4;1
8408002973;8408002775;4259850;4325386;0.0001862322;0.00022547376;-0.00022144872;-0.0017500778;-0.012210004;-0.027031064;4499;4362;0;0;4;1
8408502330;8408502201;4259850;4325386;-0.00034827788;-0.00047438106;-4.9670136e-05;0.0033677423;0.0016135246;-0.06219073;4546;4362;0;0;4;1
8409001681;8409001533;4259850;4325386;-0.00045238252;-0.00028299764;1.4217092e-05;0.0008542009;-0.006471344;-0.033037685;4452;4363;0;0;4;1
8409501059;8409500912;4259850;4325386;0.00023204966;0.000112313224;-0.0018924972;-0.0024711231;0.0053816903;-0.041106757;4499;4363;0;0;4;1
8410000492;8410000291;4259850;4325386;0.0001919776;-0.0010352754;-0.0026048603;-0.0010504542;0.001740649;-0.037653264;4498;4363;0;0;4;1
8410499807;8410499670;4259850;4325386;-0.000288424;0.00022072406;0.0015484645;0.00033459914;-0.0029367802;-0.027070623;4498;4362;0;0;4;1
8411003702;8411003549;4259850;4325386;0.00013078206;-0.0011026582;0.0025848146;-0.00018458717;0.00034090437;-0.023322158;4452;4362;0;0;4;1
8411503069;8411502927;4259850;4325386;-0.0009002346;-0.000109646804;0.002288848;0.00023440512;-0.0080638835;-0.026163295;4498;4362;0;0;4;1
8412002452;8412002307;4259850;4325386;-0.00015557489;0.0007724241;0.0003966803;-0.007462651;-0.0022143563;-0.022802042;4499;4363;0;0;4;1
8412501818;8412501686;4259850;4325386;-0.00011155251;-0.0002615843;-0.00048612404;0.0023658033;0.0032615222;-0.04659198;4499;4362;0;0;4;1
8413001247;8413001112;4259850;4325386;0.00049877004;-0.0005014123;-0.00034442407;0.0032857656;-0.0042185555;-0.029196892;4546;4362;0;0;4;1
8413500646;8413500444;4259850;4325386;0.0008647175;9.321995e-05;0.000107621905;0.0013709978;-3.8909933e-05;-0.058742967;4452;5819;0;0;4;1
8413999967;8413999823;4259850;4325386;9.160565e-05;0.00043747513;0.00028753318;0.0016896728;0.006235852;-0.054343157;4499;4362;0;0;4;1
8414503834;8414503701;4259850;4325386;-0.0011234866;0.00011274188;3.5920006e-05;0.0037333253;0.003546495;-0.06249184;4499;4363;0;0;4;1
8415003260;8415003127;4259850;4325386;0.0002564823;6.512347e-05;0.00012428607;-0.006779435;0.0014495042;-0.021946732;4546;4363;0;0;4;1
8415502609;8415502459;4259850;4325386;3.5870704e-05;0.0008438651;2.042193e-05;0.00038158448;0.007521146;-0.07202074;4452;4363;0;0;4;1
8416001985;8416001837;4259850;4325386;0.00018172283;0.00031778342;-0.00020147927;-0.0027443413;0.0062198616;-0.051845845;4498;4363;0;0;4;1
8416501362;8416501217;4259850;4325386;0.00045031964;0.00018976786;2.351262e-05;-0.0052293963;-0.0010149141;-0.02762613;4499;4361;0;0;4;1
8417000726;8417000596;4259850;4325386;0.00014446574;0.000924326;0.00020549897;0.0006716152;0.0010641924;-0.06405122;4499;4362;0;0;4;1
8417500197;8417500022;4259850;4325386;0.00033897298;-0.000401172;-4.465926e-05;0.011696562;-0.00021890223;-0.05109646;4546;5814;0;0;4;1
8418004002;8418003855;4259850;4325386;0.00022336385;-0.00051526004;2.8955921e-05;-0.0022074294;0.0014757336;-0.03548755;4502;4361;0;0;4;1
8418503440;8418503231;4259850;4325386;-0.0003529796;-0.0004810698;1.2377086e-05;0.0022559604;-0.0022929877;-0.040053047;4499;4357;0;0;4;1
8418998271;8418998111;4259850;4325386;-5.2146217e-05;0.00019669447;2.8632901e-05;-0.0028169544;0.0040214327;-0.04894737;4499;4362;0;0;4;1
8419502193;8419502036;4259850;4325386;0.0005977459;0.0057218065;-2.4984229e-05;0.002365543;-0.0005851123;-0.04323344;4546;4362;0;0;5;1
8420001508;8420001368;4259850;4325386;-0.0024221002;0.0076453444;3.3318956e-05;0.0141793145;0.004001814;-0.040988028;4452;4362;0;0;5;1
