timestamp;last_instance_change;instance_changed_count;accel_device_id;baro_device_id;gyro_device_id;mag_device_id;combined_test_ratio[0];combined_test_ratio[1];combined_test_ratio[2];combined_test_ratio[3];combined_test_ratio[4];combined_test_ratio[5];combined_test_ratio[6];combined_test_ratio[7];combined_test_ratio[8];relative_test_ratio[0];relative_test_ratio[1];relative_test_ratio[2];relative_test_ratio[3];relative_test_ratio[4];relative_test_ratio[5];relative_test_ratio[6];relative_test_ratio[7];relative_test_ratio[8];accumulated_gyro_error[0];accumulated_gyro_error[1];accumulated_gyro_error[2];accumulated_gyro_error[3];accumulated_accel_error[0];accumulated_accel_error[1];accumulated_accel_error[2];accumulated_accel_error[3];primary_instance;instances_available;healthy[0];healthy[1];healthy[2];healthy[3];healthy[4];healthy[5];healthy[6];healthy[7];healthy[8];gyro_fault_detected;accel_fault_detected
7866211915;1146008;1;4259850;4028193;4325386;396809;1.0;1.0;nan;nan;nan;nan;nan;nan;nan;0.0;0.0;nan;nan;nan;nan;nan;nan;nan;0.0;0.0;nan;nan;0.0;0.0;nan;nan;0;2;1;1;0;0;0;0;0;0;0;0;0
7867219887;1146008;1;4259850;4028193;4325386;396809;1.0;1.0;nan;nan;nan;nan;nan;nan;nan;0.0;0.0;nan;nan;nan;nan;nan;nan;nan;0.0;0.0;nan;nan;0.0;0.0;nan;nan;0;2;1;1;0;0;0;0;0;0;0;0;0
7868227647;1146008;1;4259850;4028193;4325386;396809;1.0;1.0;nan;nan;nan;nan;nan;nan;nan;0.0;0.0;nan;nan;nan;nan;nan;nan;nan;0.0;0.0;nan;nan;0.0;0.0;nan;nan;0;2;1;1;0;0;0;0;0;0;0;0;0
7869235769;1146008;1;4259850;4028193;4325386;396809;1.0;1.0;nan;nan;nan;nan;nan;nan;nan;0.0;0.0;nan;nan;nan;nan;nan;nan;nan;0.0;0.0;nan;nan;0.0;0.0;nan;nan;0;2;1;1;0;0;0;0;0;0;0;0;0
7870243423;1146008;1;4259850;4028193;4325386;396809;1.0;1.0;nan;nan;nan;nan;nan;nan;nan;0.0;0.0;nan;nan;nan;nan;nan;nan;nan;0.0;0.0;nan;nan;0.0;0.0;nan;nan;0;2;1;1;0;0;0;0;0;0;0;0;0
7871251577;1146008;1;4259850;4028193;4325386;396809;1.0;1.0;nan;nan;nan;nan;nan;nan;nan;0.0;0.0;nan;nan;nan;nan;nan;nan;nan;0.0;0.0;nan;nan;0.0;0.0;nan;nan;0;2;1;1;0;0;0;0;0;0;0;0;0
7872259149;1146008;1;4259850;4028193;4325386;396809;1.0;1.0;nan;nan;nan;nan;nan;nan;nan;0.0;0.0;nan;nan;nan;nan;nan;nan;nan;0.0;0.0;nan;nan;0.0;0.0;nan;nan;0;2;1;1;0;0;0;0;0;0;0;0;0
7873267234;1146008;1;4259850;4028193;4325386;396809;1.0;1.0;nan;nan;nan;nan;nan;nan;nan;0.0;0.0;nan;nan;nan;nan;nan;nan;nan;0.0;0.0;nan;nan;0.0;0.0;nan;nan;0;2;1;1;0;0;0;0;0;0;0;0;0
7874274863;1146008;1;4259850;4028193;4325386;396809;1.0;1.0;nan;nan;nan;nan;nan;nan;nan;0.0;0.0;nan;nan;nan;nan;nan;nan;nan;0.0;0.0;nan;nan;0.0;0.0;nan;nan;0;2;1;1;0;0;0;0;0;0;0;0;0
7875282952;1146008;1;4259850;4028193;4325386;396809;1.0;1.0;nan;nan;nan;nan;nan;nan;nan;0.0;0.0;nan;nan;nan;nan;nan;nan;nan;0.0;0.0;nan;nan;0.0;0.0;nan;nan;0;2;1;1;0;0;0;0;0;0;0;0;0
7876290537;1146008;1;4259850;4028193;4325386;396809;1.0;1.0;nan;nan;nan;nan;nan;nan;nan;0.0;0.0;nan;nan;nan;nan;nan;nan;nan;0.0;0.0;nan;nan;0.0;0.0;nan;nan;0;2;1;1;0;0;0;0;0;0;0;0;0
7877298759;1146008;1;4259850;4028193;4325386;396809;1.0;1.0;nan;nan;nan;nan;nan;nan;nan;0.0;0.0;nan;nan;nan;nan;nan;nan;nan;0.0;0.0;nan;nan;0.0;0.0;nan;nan;0;2;1;1;0;0;0;0;0;0;0;0;0
7878306267;1146008;1;4259850;4028193;4325386;396809;1.0;1.0;nan;nan;nan;nan;nan;nan;nan;0.0;0.0;nan;nan;nan;nan;nan;nan;nan;0.0;0.0;nan;nan;0.0;0.0;nan;nan;0;2;1;1;0;0;0;0;0;0;0;0;0
7879314423;1146008;1;4259850;4028193;4325386;396809;1.0;1.0;nan;nan;nan;nan;nan;nan;nan;0.0;0.0;nan;nan;nan;nan;nan;nan;nan;0.0;0.0;nan;nan;0.0;0.0;nan;nan;0;2;1;1;0;0;0;0;0;0;0;0;0
7880322133;1146008;1;4259850;4028193;4325386;396809;1.0;1.0;nan;nan;nan;nan;nan;nan;nan;0.0;0.0;nan;nan;nan;nan;nan;nan;nan;0.0;0.0;nan;nan;0.0;0.0;nan;nan;0;2;1;1;0;0;0;0;0;0;0;0;0
7881329941;1146008;1;4259850;4028193;4325386;396809;1.0;1.0;nan;nan;nan;nan;nan;nan;nan;0.0;0.0;nan;nan;nan;nan;nan;nan;nan;0.0;0.0;nan;nan;0.0;0.0;nan;nan;0;2;1;1;0;0;0;0;0;0;0;0;0
7882337791;1146008;1;4259850;4028193;4325386;396809;1.0;1.0;nan;nan;nan;nan;nan;nan;nan;0.0;0.0;nan;nan;nan;nan;nan;nan;nan;0.0;0.0;nan;nan;0.0;0.0;nan;nan;0;2;1;1;0;0;0;0;0;0;0;0;0
7883345600;1146008;1;4259850;4028193;4325386;396809;1.0;1.0;nan;nan;nan;nan;nan;nan;nan;0.0;0.0;nan;nan;nan;nan;nan;nan;nan;0.0;0.0;nan;nan;0.0;0.0;nan;nan;0;2;1;1;0;0;0;0;0;0;0;0;0
7884353486;1146008;1;4259850;4028193;4325386;396809;1.0;1.0;nan;nan;nan;nan;nan;nan;nan;0.0;0.0;nan;nan;nan;nan;nan;nan;nan;0.0;0.0;nan;nan;0.0;0.0;nan;nan;0;2;1;1;0;0;0;0;0;0;0;0;0
7885361338;1146008;1;4259850;4028193;4325386;396809;1.0;1.0;nan;nan;nan;nan;nan;nan;nan;0.0;0.0;nan;nan;nan;nan;nan;nan;nan;0.0;0.0;nan;nan;0.0;0.0;nan;nan;0;2;1;1;0;0;0;0;0;0;0;0;0
7886369231;1146008;1;4259850;4028193;4325386;396809;1.0;1.0;nan;nan;nan;nan;nan;nan;nan;0.0;0.0;nan;nan;nan;nan;nan;nan;nan;0.0;0.0;nan;nan;0.0;0.0;nan;nan;0;2;1;1;0;0;0;0;0;0;0;0;0
7887377149;1146008;1;4259850;4028193;4325386;396809;1.0;1.0;nan;nan;nan;nan;nan;nan;nan;0.0;0.0;nan;nan;nan;nan;nan;nan;nan;0.0;0.0;nan;nan;0.0;0.0;nan;nan;0;2;1;1;0;0;0;0;0;0;0;0;0
7888384964;1146008;1;4259850;4028193;4325386;396809;1.0;1.0;nan;nan;nan;nan;nan;nan;nan;0.0;0.0;nan;nan;nan;nan;nan;nan;nan;0.0;0.0;nan;nan;0.0;0.0;nan;nan;0;2;1;1;0;0;0;0;0;0;0;0;0
7889392785;1146008;1;4259850;4028193;4325386;396809;1.0;1.0;nan;nan;nan;nan;nan;nan;nan;0.0;0.0;nan;nan;nan;nan;nan;nan;nan;0.0;0.0;nan;nan;0.0;0.0;nan;nan;0;2;1;1;0;0;0;0;0;0;0;0;0
7890400734;1146008;1;4259850;4028193;4325386;396809;1.0;1.0;nan;nan;nan;nan;nan;nan;nan;0.0;0.0;nan;nan;nan;nan;nan;nan;nan;0.0;0.0;nan;nan;0.0;0.0;nan;nan;0;2;1;1;0;0;0;0;0;0;0;0;0
7891408567;1146008;1;4259850;4028193;4325386;396809;1.0;1.0;nan;nan;nan;nan;nan;nan;nan;0.0;0.0;nan;nan;nan;nan;nan;nan;nan;0.0;0.0;nan;nan;0.0;0.0;nan;nan;0;2;1;1;0;0;0;0;0;0;0;0;0
7892416462;1146008;1;4259850;4028193;4325386;396809;1.0;1.0;nan;nan;nan;nan;nan;nan;nan;0.0;0.0;nan;nan;nan;nan;nan;nan;nan;0.0;0.0;nan;nan;0.0;0.0;nan;nan;0;2;1;1;0;0;0;0;0;0;0;0;0
7893424283;1146008;1;4259850;4028193;4325386;396809;1.0;1.0;nan;nan;nan;nan;nan;nan;nan;0.0;0.0;nan;nan;nan;nan;nan;nan;nan;0.0;0.0;nan;nan;0.0;0.0;nan;nan;0;2;1;1;0;0;0;0;0;0;0;0;0
7894432133;1146008;1;4259850;4028193;4325386;396809;1.0;1.0;nan;nan;nan;nan;nan;nan;nan;0.0;0.0;nan;nan;nan;nan;nan;nan;nan;0.0;0.0;nan;nan;0.0;0.0;nan;nan;0;2;1;1;0;0;0;0;0;0;0;0;0
7895439944;1146008;1;4259850;4028193;4325386;396809;1.0;1.0;nan;nan;nan;nan;nan;nan;nan;0.0;0.0;nan;nan;nan;nan;nan;nan;nan;0.0;0.0;nan;nan;0.0;0.0;nan;nan;0;2;1;1;0;0;0;0;0;0;0;0;0
7896447854;1146008;1;4259850;4028193;4325386;396809;1.0;1.0;nan;nan;nan;nan;nan;nan;nan;0.0;0.0;nan;nan;nan;nan;nan;nan;nan;0.0;0.0;nan;nan;0.0;0.0;nan;nan;0;2;1;1;0;0;0;0;0;0;0;0;0
7897455744;1146008;1;4259850;4028193;4325386;396809;1.0;1.0;nan;nan;nan;nan;nan;nan;nan;0.0;0.0;nan;nan;nan;nan;nan;nan;nan;0.0;0.0;nan;nan;0.0;0.0;nan;nan;0;2;1;1;0;0;0;0;0;0;0;0;0
7898463543;1146008;1;4259850;4028193;4325386;396809;1.0;1.0;nan;nan;nan;nan;nan;nan;nan;0.0;0.0;nan;nan;nan;nan;nan;nan;nan;0.0;0.0;nan;nan;0.0;0.0;nan;nan;0;2;1;1;0;0;0;0;0;0;0;0;0
7899471398;1146008;1;4259850;4028193;4325386;396809;1.0;1.0;nan;nan;nan;nan;nan;nan;nan;0.0;0.0;nan;nan;nan;nan;nan;nan;nan;0.0;0.0;nan;nan;0.0;0.0;nan;nan;0;2;1;1;0;0;0;0;0;0;0;0;0
7900479320;1146008;1;4259850;4028193;4325386;396809;1.0;1.0;nan;nan;nan;nan;nan;nan;nan;0.0;0.0;nan;nan;nan;nan;nan;nan;nan;0.0;0.0;nan;nan;0.0;0.0;nan;nan;0;2;1;1;0;0;0;0;0;0;0;0;0
7901487172;1146008;1;4259850;4028193;4325386;396809;1.0;1.0;nan;nan;nan;nan;nan;nan;nan;0.0;0.0;nan;nan;nan;nan;nan;nan;nan;0.0;0.0;nan;nan;0.0;0.0;nan;nan;0;2;1;1;0;0;0;0;0;0;0;0;0
7902495028;1146008;1;4259850;4028193;4325386;396809;1.0;1.0;nan;nan;nan;nan;nan;nan;nan;0.0;0.0;nan;nan;nan;nan;nan;nan;nan;0.0;0.0;nan;nan;0.0;0.0;nan;nan;0;2;1;1;0;0;0;0;0;0;0;0;0
7903502790;1146008;1;4259850;4028193;4325386;396809;1.0;1.0;nan;nan;nan;nan;nan;nan;nan;0.0;0.0;nan;nan;nan;nan;nan;nan;nan;0.0;0.0;nan;nan;0.0;0.0;nan;nan;0;2;1;1;0;0;0;0;0;0;0;0;0
7904510716;1146008;1;4259850;4028193;4325386;396809;1.0;1.0;nan;nan;nan;nan;nan;nan;nan;0.0;0.0;nan;nan;nan;nan;nan;nan;nan;0.0;0.0;nan;nan;0.0;0.0;nan;nan;0;2;1;1;0;0;0;0;0;0;0;0;0
7905518561;1146008;1;4259850;4028193;4325386;396809;1.0;1.0;nan;nan;nan;nan;nan;nan;nan;0.0;0.0;nan;nan;nan;nan;nan;nan;nan;0.0;0.0;nan;nan;0.0;0.0;nan;nan;0;2;1;1;0;0;0;0;0;0;0;0;0
7906526422;1146008;1;4259850;4028193;4325386;396809;1.0;1.0;nan;nan;nan;nan;nan;nan;nan;0.0;0.0;nan;nan;nan;nan;nan;nan;nan;0.0;0.0;nan;nan;0.0;0.0;nan;nan;0;2;1;1;0;0;0;0;0;0;0;0;0
7907534348;1146008;1;4259850;4028193;4325386;396809;1.0;1.0;nan;nan;nan;nan;nan;nan;nan;0.0;0.0;nan;nan;nan;nan;nan;nan;nan;0.0;0.0;nan;nan;0.0;0.0;nan;nan;0;2;1;1;0;0;0;0;0;0;0;0;0
7908542036;1146008;1;4259850;4028193;4325386;396809;1.0;1.0;nan;nan;nan;nan;nan;nan;nan;0.0;0.0;nan;nan;nan;nan;nan;nan;nan;0.0;0.0;nan;nan;0.0;0.0;nan;nan;0;2;1;1;0;0;0;0;0;0;0;0;0
7909549926;1146008;1;4259850;4028193;4325386;396809;1.0;1.0;nan;nan;nan;nan;nan;nan;nan;0.0;0.0;nan;nan;nan;nan;nan;nan;nan;0.0;0.0;nan;nan;0.0;0.0;nan;nan;0;2;1;1;0;0;0;0;0;0;0;0;0
7910557670;1146008;1;4259850;4028193;4325386;396809;1.0;1.0;nan;nan;nan;nan;nan;nan;nan;0.0;0.0;nan;nan;nan;nan;nan;nan;nan;0.0;0.0;nan;nan;0.0;0.0;nan;nan;0;2;1;1;0;0;0;0;0;0;0;0;0
7911565686;1146008;1;4259850;4028193;4325386;396809;1.0;1.0;nan;nan;nan;nan;nan;nan;nan;0.0;0.0;nan;nan;nan;nan;nan;nan;nan;0.0;0.0;nan;nan;0.0;0.0;nan;nan;0;2;1;1;0;0;0;0;0;0;0;0;0
7912573545;1146008;1;4259850;4028193;4325386;396809;1.0;1.0;nan;nan;nan;nan;nan;nan;nan;0.0;0.0;nan;nan;nan;nan;nan;nan;nan;0.0;0.0;nan;nan;0.0;0.0;nan;nan;0;2;1;1;0;0;0;0;0;0;0;0;0
7913581336;1146008;1;4259850;4028193;4325386;396809;1.0;1.0;nan;nan;nan;nan;nan;nan;nan;0.0;0.0;nan;nan;nan;nan;nan;nan;nan;0.0;0.0;nan;nan;0.0;0.0;nan;nan;0;2;1;1;0;0;0;0;0;0;0;0;0
7914589222;1146008;1;4259850;4028193;4325386;396809;1.0;1.0;nan;nan;nan;nan;nan;nan;nan;0.0;0.0;nan;nan;nan;nan;nan;nan;nan;0.0;0.0;nan;nan;0.0;0.0;nan;nan;0;2;1;1;0;0;0;0;0;0;0;0;0
7915597058;1146008;1;4259850;4028193;4325386;396809;1.0;1.0;nan;nan;nan;nan;nan;nan;nan;0.0;0.0;nan;nan;nan;nan;nan;nan;nan;0.0;0.0;nan;nan;0.0;0.0;nan;nan;0;2;1;1;0;0;0;0;0;0;0;0;0
7916605231;1146008;1;4259850;4028193;4325386;396809;1.0;1.0;nan;nan;nan;nan;nan;nan;nan;0.0;0.0;nan;nan;nan;nan;nan;nan;nan;0.0;0.0;nan;nan;0.0;0.0;nan;nan;0;2;1;1;0;0;0;0;0;0;0;0;0
7917612825;1146008;1;4259850;4028193;4325386;396809;1.0;1.0;nan;nan;nan;nan;nan;nan;nan;0.0;0.0;nan;nan;nan;nan;nan;nan;nan;0.0;0.0;nan;nan;0.0;0.0;nan;nan;0;2;1;1;0;0;0;0;0;0;0;0;0
7918620842;1146008;1;4259850;4028193;4325386;396809;1.0;1.0;nan;nan;nan;nan;nan;nan;nan;0.0;0.0;nan;nan;nan;nan;nan;nan;nan;0.0;0.0;nan;nan;0.0;0.0;nan;nan;0;2;1;1;0;0;0;0;0;0;0;0;0
7919628462;1146008;1;4259850;4028193;4325386;396809;1.0;1.0;nan;nan;nan;nan;nan;nan;nan;0.0;0.0;nan;nan;nan;nan;nan;nan;nan;0.0;0.0;nan;nan;0.0;0.0;nan;nan;0;2;1;1;0;0;0;0;0;0;0;0;0
7920636598;1146008;1;4259850;4028193;4325386;396809;1.0;1.0;nan;nan;nan;nan;nan;nan;nan;0.0;0.0;nan;nan;nan;nan;nan;nan;nan;0.0;0.0;nan;nan;0.0;0.0;nan;nan;0;2;1;1;0;0;0;0;0;0;0;0;0
7921644189;1146008;1;4259850;4028193;4325386;396809;1.0;1.0;nan;nan;nan;nan;nan;nan;nan;0.0;0.0;nan;nan;nan;nan;nan;nan;nan;0.0;0.0;nan;nan;0.0;0.0;nan;nan;0;2;1;1;0;0;0;0;0;0;0;0;0
7922652264;1146008;1;4259850;4028193;4325386;396809;1.0;1.0;nan;nan;nan;nan;nan;nan;nan;0.0;0.0;nan;nan;nan;nan;nan;nan;nan;0.0;0.0;nan;nan;0.0;0.0;nan;nan;0;2;1;1;0;0;0;0;0;0;0;0;0
7923659834;1146008;1;4259850;4028193;4325386;396809;1.0;1.0;nan;nan;nan;nan;nan;nan;nan;0.0;0.0;nan;nan;nan;nan;nan;nan;nan;0.0;0.0;nan;nan;0.0;0.0;nan;nan;0;2;1;1;0;0;0;0;0;0;0;0;0
7924667927;1146008;1;4259850;4028193;4325386;396809;1.0;1.0;nan;nan;nan;nan;nan;nan;nan;0.0;0.0;nan;nan;nan;nan;nan;nan;nan;0.0;0.0;nan;nan;0.0;0.0;nan;nan;0;2;1;1;0;0;0;0;0;0;0;0;0
7925675528;1146008;1;4259850;4028193;4325386;396809;1.0;1.0;nan;nan;nan;nan;nan;nan;nan;0.0;0.0;nan;nan;nan;nan;nan;nan;nan;0.0;0.0;nan;nan;0.0;0.0;nan;nan;0;2;1;1;0;0;0;0;0;0;0;0;0
7926683399;1146008;1;4259850;4028193;4325386;396809;1.0;1.0;nan;nan;nan;nan;nan;nan;nan;0.0;0.0;nan;nan;nan;nan;nan;nan;nan;0.0;0.0;nan;nan;0.0;0.0;nan;nan;0;2;1;1;0;0;0;0;0;0;0;0;0
7927691266;1146008;1;4259850;4028193;4325386;396809;1.0;1.0;nan;nan;nan;nan;nan;nan;nan;0.0;0.0;nan;nan;nan;nan;nan;nan;nan;0.0;0.0;nan;nan;0.0;0.0;nan;nan;0;2;1;1;0;0;0;0;0;0;0;0;0
7928699038;1146008;1;4259850;4028193;4325386;396809;1.0;1.0;nan;nan;nan;nan;nan;nan;nan;0.0;0.0;nan;nan;nan;nan;nan;nan;nan;0.0;0.0;nan;nan;0.0;0.0;nan;nan;0;2;1;1;0;0;0;0;0;0;0;0;0
7929706917;1146008;1;4259850;4028193;4325386;396809;1.0;1.0;nan;nan;nan;nan;nan;nan;nan;0.0;0.0;nan;nan;nan;nan;nan;nan;nan;0.0;0.0;nan;nan;0.0;0.0;nan;nan;0;2;1;1;0;0;0;0;0;0;0;0;0
7930714777;1146008;1;4259850;4028193;4325386;396809;1.0;1.0;nan;nan;nan;nan;nan;nan;nan;0.0;0.0;nan;nan;nan;nan;nan;nan;nan;0.0;0.0;nan;nan;0.0;0.0;nan;nan;0;2;1;1;0;0;0;0;0;0;0;0;0
7931722580;1146008;1;4259850;4028193;4325386;396809;1.0;1.0;nan;nan;nan;nan;nan;nan;nan;0.0;0.0;nan;nan;nan;nan;nan;nan;nan;0.0;0.0;nan;nan;0.0;0.0;nan;nan;0;2;1;1;0;0;0;0;0;0;0;0;0
7932730461;1146008;1;4259850;4028193;4325386;396809;1.0;1.0;nan;nan;nan;nan;nan;nan;nan;0.0;0.0;nan;nan;nan;nan;nan;nan;nan;0.0;0.0;nan;nan;0.0;0.0;nan;nan;0;2;1;1;0;0;0;0;0;0;0;0;0
7933738311;1146008;1;4259850;4028193;4325386;396809;1.0;1.0;nan;nan;nan;nan;nan;nan;nan;0.0;0.0;nan;nan;nan;nan;nan;nan;nan;0.0;0.0;nan;nan;0.0;0.0;nan;nan;0;2;1;1;0;0;0;0;0;0;0;0;0
7934746079;1146008;1;4259850;4028193;4325386;396809;1.0;1.0;nan;nan;nan;nan;nan;nan;nan;0.0;0.0;nan;nan;nan;nan;nan;nan;nan;0.0;0.0;nan;nan;0.0;0.0;nan;nan;0;2;1;1;0;0;0;0;0;0;0;0;0
7935753981;1146008;1;4259850;4028193;4325386;396809;1.0;1.0;nan;nan;nan;nan;nan;nan;nan;0.0;0.0;nan;nan;nan;nan;nan;nan;nan;0.0;0.0;nan;nan;0.0;0.0;nan;nan;0;2;1;1;0;0;0;0;0;0;0;0;0
7936761838;1146008;1;4259850;4028193;4325386;396809;1.0;1.0;nan;nan;nan;nan;nan;nan;nan;0.0;0.0;nan;nan;nan;nan;nan;nan;nan;0.0;0.0;nan;nan;0.0;0.0;nan;nan;0;2;1;1;0;0;0;0;0;0;0;0;0
7937769741;1146008;1;4259850;4028193;4325386;396809;1.0;1.0;nan;nan;nan;nan;nan;nan;nan;0.0;0.0;nan;nan;nan;nan;nan;nan;nan;0.0;0.0;nan;nan;0.0;0.0;nan;nan;0;2;1;1;0;0;0;0;0;0;0;0;0
7938777442;1146008;1;4259850;4028193;4325386;396809;1.0;1.0;nan;nan;nan;nan;nan;nan;nan;0.0;0.0;nan;nan;nan;nan;nan;nan;nan;0.0;0.0;nan;nan;0.0;0.0;nan;nan;0;2;1;1;0;0;0;0;0;0;0;0;0
7939785459;1146008;1;4259850;4028193;4325386;396809;1.0;1.0;nan;nan;nan;nan;nan;nan;nan;0.0;0.0;nan;nan;nan;nan;nan;nan;nan;0.0;0.0;nan;nan;0.0;0.0;nan;nan;0;2;1;1;0;0;0;0;0;0;0;0;0
7940793211;1146008;1;4259850;4028193;4325386;396809;1.0;1.0;nan;nan;nan;nan;nan;nan;nan;0.0;0.0;nan;nan;nan;nan;nan;nan;nan;0.0;0.0;nan;nan;0.0;0.0;nan;nan;0;2;1;1;0;0;0;0;0;0;0;0;0
7941801024;1146008;1;4259850;4028193;4325386;396809;1.0;1.0;nan;nan;nan;nan;nan;nan;nan;0.0;0.0;nan;nan;nan;nan;nan;nan;nan;0.0;0.0;nan;nan;0.0;0.0;nan;nan;0;2;1;1;0;0;0;0;0;0;0;0;0
7942808848;1146008;1;4259850;4028193;4325386;396809;1.0;1.0;nan;nan;nan;nan;nan;nan;nan;0.0;0.0;nan;nan;nan;nan;nan;nan;nan;0.0;0.0;nan;nan;0.0;0.0;nan;nan;0;2;1;1;0;0;0;0;0;0;0;0;0
7943816733;1146008;1;4259850;4028193;4325386;396809;1.0;1.0;nan;nan;nan;nan;nan;nan;nan;0.0;0.0;nan;nan;nan;nan;nan;nan;nan;0.0;0.0;nan;nan;0.0;0.0;nan;nan;0;2;1;1;0;0;0;0;0;0;0;0;0
7944824601;1146008;1;4259850;4028193;4325386;396809;1.0;1.0;nan;nan;nan;nan;nan;nan;nan;0.0;0.0;nan;nan;nan;nan;nan;nan;nan;0.0;0.0;nan;nan;0.0;0.0;nan;nan;0;2;1;1;0;0;0;0;0;0;0;0;0
7945832411;1146008;1;4259850;4028193;4325386;396809;1.0;1.0;nan;nan;nan;nan;nan;nan;nan;0.0;0.0;nan;nan;nan;nan;nan;nan;nan;0.0;0.0;nan;nan;0.0;0.0;nan;nan;0;2;1;1;0;0;0;0;0;0;0;0;0
7946840209;1146008;1;4259850;4028193;4325386;396809;1.0;1.0;nan;nan;nan;nan;nan;nan;nan;0.0;0.0;nan;nan;nan;nan;nan;nan;nan;0.0;0.0;nan;nan;0.0;0.0;nan;nan;0;2;1;1;0;0;0;0;0;0;0;0;0
7947848082;1146008;1;4259850;4028193;4325386;396809;1.0;1.0;nan;nan;nan;nan;nan;nan;nan;0.0;0.0;nan;nan;nan;nan;nan;nan;nan;0.0;0.0;nan;nan;0.0;0.0;nan;nan;0;2;1;1;0;0;0;0;0;0;0;0;0
7948855818;1146008;1;4259850;4028193;4325386;396809;1.0;1.0;nan;nan;nan;nan;nan;nan;nan;0.0;0.0;nan;nan;nan;nan;nan;nan;nan;0.0;0.0;nan;nan;0.0;0.0;nan;nan;0;2;1;1;0;0;0;0;0;0;0;0;0
7949863785;1146008;1;4259850;4028193;4325386;396809;1.0;1.0;nan;nan;nan;nan;nan;nan;nan;0.0;0.0;nan;nan;nan;nan;nan;nan;nan;0.0;0.0;nan;nan;0.0;0.0;nan;nan;0;2;1;1;0;0;0;0;0;0;0;0;0
7950871587;1146008;1;4259850;4028193;4325386;396809;1.0;1.0;nan;nan;nan;nan;nan;nan;nan;0.0;0.0;nan;nan;nan;nan;nan;nan;nan;0.0;0.0;nan;nan;0.0;0.0;nan;nan;0;2;1;1;0;0;0;0;0;0;0;0;0
7951879380;1146008;1;4259850;4028193;4325386;396809;1.0;1.0;nan;nan;nan;nan;nan;nan;nan;0.0;0.0;nan;nan;nan;nan;nan;nan;nan;0.0;0.0;nan;nan;0.0;0.0;nan;nan;0;2;1;1;0;0;0;0;0;0;0;0;0
7952887220;1146008;1;4259850;4028193;4325386;396809;1.0;1.0;nan;nan;nan;nan;nan;nan;nan;0.0;0.0;nan;nan;nan;nan;nan;nan;nan;0.0;0.0;nan;nan;0.0;0.0;nan;nan;0;2;1;1;0;0;0;0;0;0;0;0;0
7953895055;1146008;1;4259850;4028193;4325386;396809;1.0;1.0;nan;nan;nan;nan;nan;nan;nan;0.0;0.0;nan;nan;nan;nan;nan;nan;nan;0.0;0.0;nan;nan;0.0;0.0;nan;nan;0;2;1;1;0;0;0;0;0;0;0;0;0
7954902844;1146008;1;4259850;4028193;4325386;396809;1.0;1.0;nan;nan;nan;nan;nan;nan;nan;0.0;0.0;nan;nan;nan;nan;nan;nan;nan;0.0;0.0;nan;nan;0.0;0.0;nan;nan;0;2;1;1;0;0;0;0;0;0;0;0;0
7955910669;1146008;1;4259850;4028193;4325386;396809;1.0;1.0;nan;nan;nan;nan;nan;nan;nan;0.0;0.0;nan;nan;nan;nan;nan;nan;nan;0.0;0.0;nan;nan;0.0;0.0;nan;nan;0;2;1;1;0;0;0;0;0;0;0;0;0
7956918541;1146008;1;4259850;4028193;4325386;396809;1.0;1.0;nan;nan;nan;nan;nan;nan;nan;0.0;0.0;nan;nan;nan;nan;nan;nan;nan;0.0;0.0;nan;nan;0.0;0.0;nan;nan;0;2;1;1;0;0;0;0;0;0;0;0;0
7957926373;1146008;1;4259850;4028193;4325386;396809;1.0;1.0;nan;nan;nan;nan;nan;nan;nan;0.0;0.0;nan;nan;nan;nan;nan;nan;nan;0.0;0.0;nan;nan;0.0;0.0;nan;nan;0;2;1;1;0;0;0;0;0;0;0;0;0
7958934193;1146008;1;4259850;4028193;4325386;396809;1.0;1.0;nan;nan;nan;nan;nan;nan;nan;0.0;0.0;nan;nan;nan;nan;nan;nan;nan;0.0;0.0;nan;nan;0.0;0.0;nan;nan;0;2;1;1;0;0;0;0;0;0;0;0;0
7959942368;1146008;1;4259850;4028193;4325386;396809;1.0;1.0;nan;nan;nan;nan;nan;nan;nan;0.0;0.0;nan;nan;nan;nan;nan;nan;nan;0.0;0.0;nan;nan;0.0;0.0;nan;nan;0;2;1;1;0;0;0;0;0;0;0;0;0
7960949911;1146008;1;4259850;4028193;4325386;396809;1.0;1.0;nan;nan;nan;nan;nan;nan;nan;0.0;0.0;nan;nan;nan;nan;nan;nan;nan;0.0;0.0;nan;nan;0.0;0.0;nan;nan;0;2;1;1;0;0;0;0;0;0;0;0;0
7961957982;1146008;1;4259850;4028193;4325386;396809;1.0;1.0;nan;nan;nan;nan;nan;nan;nan;0.0;0.0;nan;nan;nan;nan;nan;nan;nan;0.0;0.0;nan;nan;0.0;0.0;nan;nan;0;2;1;1;0;0;0;0;0;0;0;0;0
7962965559;1146008;1;4259850;4028193;4325386;396809;1.0;1.0;nan;nan;nan;nan;nan;nan;nan;0.0;0.0;nan;nan;nan;nan;nan;nan;nan;0.0;0.0;nan;nan;0.0;0.0;nan;nan;0;2;1;1;0;0;0;0;0;0;0;0;0
7963973620;1146008;1;4259850;4028193;4325386;396809;1.0;1.0;nan;nan;nan;nan;nan;nan;nan;0.0;0.0;nan;nan;nan;nan;nan;nan;nan;0.0;0.0;nan;nan;0.0;0.0;nan;nan;0;2;1;1;0;0;0;0;0;0;0;0;0
7964981139;1146008;1;4259850;4028193;4325386;396809;1.0;1.0;nan;nan;nan;nan;nan;nan;nan;0.0;0.0;nan;nan;nan;nan;nan;nan;nan;0.0;0.0;nan;nan;0.0;0.0;nan;nan;0;2;1;1;0;0;0;0;0;0;0;0;0
7965989251;1146008;1;4259850;4028193;4325386;396809;1.0;1.0;nan;nan;nan;nan;nan;nan;nan;0.0;0.0;nan;nan;nan;nan;nan;nan;nan;0.0;0.0;nan;nan;0.0;0.0;nan;nan;0;2;1;1;0;0;0;0;0;0;0;0;0
7966996857;1146008;1;4259850;4028193;4325386;396809;1.0;1.0;nan;nan;nan;nan;nan;nan;nan;0.0;0.0;nan;nan;nan;nan;nan;nan;nan;0.0;0.0;nan;nan;0.0;0.0;nan;nan;0;2;1;1;0;0;0;0;0;0;0;0;0
7968004943;1146008;1;4259850;4028193;4325386;396809;1.0;1.0;nan;nan;nan;nan;nan;nan;nan;0.0;0.0;nan;nan;nan;nan;nan;nan;nan;0.0;0.0;nan;nan;0.0;0.0;nan;nan;0;2;1;1;0;0;0;0;0;0;0;0;0
7969012407;1146008;1;4259850;4028193;4325386;396809;1.0;1.0;nan;nan;nan;nan;nan;nan;nan;0.0;0.0;nan;nan;nan;nan;nan;nan;nan;0.0;0.0;nan;nan;0.0;0.0;nan;nan;0;2;1;1;0;0;0;0;0;0;0;0;0
7970020270;1146008;1;4259850;4028193;4325386;396809;1.0;1.0;nan;nan;nan;nan;nan;nan;nan;0.0;0.0;nan;nan;nan;nan;nan;nan;nan;0.0;0.0;nan;nan;0.0;0.0;nan;nan;0;2;1;1;0;0;0;0;0;0;0;0;0
7971028162;1146008;1;4259850;4028193;4325386;396809;1.0;1.0;nan;nan;nan;nan;nan;nan;nan;0.0;0.0;nan;nan;nan;nan;nan;nan;nan;0.0;0.0;nan;nan;0.0;0.0;nan;nan;0;2;1;1;0;0;0;0;0;0;0;0;0
7972035945;1146008;1;4259850;4028193;4325386;396809;1.0;1.0;nan;nan;nan;nan;nan;nan;nan;0.0;0.0;nan;nan;nan;nan;nan;nan;nan;0.0;0.0;nan;nan;0.0;0.0;nan;nan;0;2;1;1;0;0;0;0;0;0;0;0;0
7973043790;1146008;1;4259850;4028193;4325386;396809;1.0;1.0;nan;nan;nan;nan;nan;nan;nan;0.0;0.0;nan;nan;nan;nan;nan;nan;nan;0.0;0.0;nan;nan;0.0;0.0;nan;nan;0;2;1;1;0;0;0;0;0;0;0;0;0
7974051621;1146008;1;4259850;4028193;4325386;396809;1.0;1.0;nan;nan;nan;nan;nan;nan;nan;0.0;0.0;nan;nan;nan;nan;nan;nan;nan;0.0;0.0;nan;nan;0.0;0.0;nan;nan;0;2;1;1;0;0;0;0;0;0;0;0;0
7975059389;1146008;1;4259850;4028193;4325386;396809;1.0;1.0;nan;nan;nan;nan;nan;nan;nan;0.0;0.0;nan;nan;nan;nan;nan;nan;nan;0.0;0.0;nan;nan;0.0;0.0;nan;nan;0;2;1;1;0;0;0;0;0;0;0;0;0
7976067219;1146008;1;4259850;4028193;4325386;396809;1.0;1.0;nan;nan;nan;nan;nan;nan;nan;0.0;0.0;nan;nan;nan;nan;nan;nan;nan;0.0;0.0;nan;nan;0.0;0.0;nan;nan;0;2;1;1;0;0;0;0;0;0;0;0;0
7977075123;1146008;1;4259850;4028193;4325386;396809;1.0;1.0;nan;nan;nan;nan;nan;nan;nan;0.0;0.0;nan;nan;nan;nan;nan;nan;nan;0.0;0.0;nan;nan;0.0;0.0;nan;nan;0;2;1;1;0;0;0;0;0;0;0;0;0
7978082948;1146008;1;4259850;4028193;4325386;396809;1.0;1.0;nan;nan;nan;nan;nan;nan;nan;0.0;0.0;nan;nan;nan;nan;nan;nan;nan;0.0;0.0;nan;nan;0.0;0.0;nan;nan;0;2;1;1;0;0;0;0;0;0;0;0;0
7979090674;1146008;1;4259850;4028193;4325386;396809;1.0;1.0;nan;nan;nan;nan;nan;nan;nan;0.0;0.0;nan;nan;nan;nan;nan;nan;nan;0.0;0.0;nan;nan;0.0;0.0;nan;nan;0;2;1;1;0;0;0;0;0;0;0;0;0
7980098628;1146008;1;4259850;4028193;4325386;396809;1.0;1.0;nan;nan;nan;nan;nan;nan;nan;0.0;0.0;nan;nan;nan;nan;nan;nan;nan;0.0;0.0;nan;nan;0.0;0.0;nan;nan;0;2;1;1;0;0;0;0;0;0;0;0;0
7981106394;1146008;1;4259850;4028193;4325386;396809;1.0;1.0;nan;nan;nan;nan;nan;nan;nan;0.0;0.0;nan;nan;nan;nan;nan;nan;nan;0.0;0.0;nan;nan;0.0;0.0;nan;nan;0;2;1;1;0;0;0;0;0;0;0;0;0
7982114149;1146008;1;4259850;4028193;4325386;396809;1.0;1.0;nan;nan;nan;nan;nan;nan;nan;0.0;0.0;nan;nan;nan;nan;nan;nan;nan;0.0;0.0;nan;nan;0.0;0.0;nan;nan;0;2;1;1;0;0;0;0;0;0;0;0;0
7983122025;1146008;1;4259850;4028193;4325386;396809;1.0;1.0;nan;nan;nan;nan;nan;nan;nan;0.0;0.0;nan;nan;nan;nan;nan;nan;nan;0.0;0.0;nan;nan;0.0;0.0;nan;nan;0;2;1;1;0;0;0;0;0;0;0;0;0
7984129787;1146008;1;4259850;4028193;4325386;396809;1.0;1.0;nan;nan;nan;nan;nan;nan;nan;0.0;0.0;nan;nan;nan;nan;nan;nan;nan;0.0;0.0;nan;nan;0.0;0.0;nan;nan;0;2;1;1;0;0;0;0;0;0;0;0;0
7985137723;1146008;1;4259850;4028193;4325386;396809;1.0;1.0;nan;nan;nan;nan;nan;nan;nan;0.0;0.0;nan;nan;nan;nan;nan;nan;nan;0.0;0.0;nan;nan;0.0;0.0;nan;nan;0;2;1;1;0;0;0;0;0;0;0;0;0
7986145419;1146008;1;4259850;4028193;4325386;396809;1.0;1.0;nan;nan;nan;nan;nan;nan;nan;0.0;0.0;nan;nan;nan;nan;nan;nan;nan;0.0;0.0;nan;nan;0.0;0.0;nan;nan;0;2;1;1;0;0;0;0;0;0;0;0;0
7987153306;1146008;1;4259850;4028193;4325386;396809;1.0;1.0;nan;nan;nan;nan;nan;nan;nan;0.0;0.0;nan;nan;nan;nan;nan;nan;nan;0.0;0.0;nan;nan;0.0;0.0;nan;nan;0;2;1;1;0;0;0;0;0;0;0;0;0
7988161229;1146008;1;4259850;4028193;4325386;396809;1.0;1.0;nan;nan;nan;nan;nan;nan;nan;0.0;0.0;nan;nan;nan;nan;nan;nan;nan;0.0;0.0;nan;nan;0.0;0.0;nan;nan;0;2;1;1;0;0;0;0;0;0;0;0;0
7989168865;1146008;1;4259850;4028193;4325386;396809;1.0;1.0;nan;nan;nan;nan;nan;nan;nan;0.0;0.0;nan;nan;nan;nan;nan;nan;nan;0.0;0.0;nan;nan;0.0;0.0;nan;nan;0;2;1;1;0;0;0;0;0;0;0;0;0
7990176776;1146008;1;4259850;4028193;4325386;396809;1.0;1.0;nan;nan;nan;nan;nan;nan;nan;0.0;0.0;nan;nan;nan;nan;nan;nan;nan;0.0;0.0;nan;nan;0.0;0.0;nan;nan;0;2;1;1;0;0;0;0;0;0;0;0;0
7991184538;1146008;1;4259850;4028193;4325386;396809;1.0;1.0;nan;nan;nan;nan;nan;nan;nan;0.0;0.0;nan;nan;nan;nan;nan;nan;nan;0.0;0.0;nan;nan;0.0;0.0;nan;nan;0;2;1;1;0;0;0;0;0;0;0;0;0
7992192316;1146008;1;4259850;4028193;4325386;396809;1.0;1.0;nan;nan;nan;nan;nan;nan;nan;0.0;0.0;nan;nan;nan;nan;nan;nan;nan;0.0;0.0;nan;nan;0.0;0.0;nan;nan;0;2;1;1;0;0;0;0;0;0;0;0;0
7993200218;1146008;1;4259850;4028193;4325386;396809;1.0;1.0;nan;nan;nan;nan;nan;nan;nan;0.0;0.0;nan;nan;nan;nan;nan;nan;nan;0.0;0.0;nan;nan;0.0;0.0;nan;nan;0;2;1;1;0;0;0;0;0;0;0;0;0
7994208000;1146008;1;4259850;4028193;4325386;396809;1.0;1.0;nan;nan;nan;nan;nan;nan;nan;0.0;0.0;nan;nan;nan;nan;nan;nan;nan;0.0;0.0;nan;nan;0.0;0.0;nan;nan;0;2;1;1;0;0;0;0;0;0;0;0;0
7995215769;1146008;1;4259850;4028193;4325386;396809;1.0;1.0;nan;nan;nan;nan;nan;nan;nan;0.0;0.0;nan;nan;nan;nan;nan;nan;nan;0.0;0.0;nan;nan;0.0;0.0;nan;nan;0;2;1;1;0;0;0;0;0;0;0;0;0
7996223612;1146008;1;4259850;4028193;4325386;396809;1.0;1.0;nan;nan;nan;nan;nan;nan;nan;0.0;0.0;nan;nan;nan;nan;nan;nan;nan;0.0;0.0;nan;nan;0.0;0.0;nan;nan;0;2;1;1;0;0;0;0;0;0;0;0;0
7997231426;1146008;1;4259850;4028193;4325386;396809;1.0;1.0;nan;nan;nan;nan;nan;nan;nan;0.0;0.0;nan;nan;nan;nan;nan;nan;nan;0.0;0.0;nan;nan;0.0;0.0;nan;nan;0;2;1;1;0;0;0;0;0;0;0;0;0
7998239276;1146008;1;4259850;4028193;4325386;396809;1.0;1.0;nan;nan;nan;nan;nan;nan;nan;0.0;0.0;nan;nan;nan;nan;nan;nan;nan;0.0;0.0;nan;nan;0.0;0.0;nan;nan;0;2;1;1;0;0;0;0;0;0;0;0;0
7999247036;1146008;1;4259850;4028193;4325386;396809;1.0;1.0;nan;nan;nan;nan;nan;nan;nan;0.0;0.0;nan;nan;nan;nan;nan;nan;nan;0.0;0.0;nan;nan;0.0;0.0;nan;nan;0;2;1;1;0;0;0;0;0;0;0;0;0
8000254979;1146008;1;4259850;4028193;4325386;396809;1.0;1.0;nan;nan;nan;nan;nan;nan;nan;0.0;0.0;nan;nan;nan;nan;nan;nan;nan;0.0;0.0;nan;nan;0.0;0.0;nan;nan;0;2;1;1;0;0;0;0;0;0;0;0;0
8001262696;1146008;1;4259850;4028193;4325386;396809;1.0;1.0;nan;nan;nan;nan;nan;nan;nan;0.0;0.0;nan;nan;nan;nan;nan;nan;nan;0.0;0.0;nan;nan;0.0;0.0;nan;nan;0;2;1;1;0;0;0;0;0;0;0;0;0
8002270475;1146008;1;4259850;4028193;4325386;396809;1.0;1.0;nan;nan;nan;nan;nan;nan;nan;0.0;0.0;nan;nan;nan;nan;nan;nan;nan;0.0;0.0;nan;nan;0.0;0.0;nan;nan;0;2;1;1;0;0;0;0;0;0;0;0;0
8003278534;1146008;1;4259850;4028193;4325386;396809;1.0;1.0;nan;nan;nan;nan;nan;nan;nan;0.0;0.0;nan;nan;nan;nan;nan;nan;nan;0.0;0.0;nan;nan;0.0;0.0;nan;nan;0;2;1;1;0;0;0;0;0;0;0;0;0
8004286146;1146008;1;4259850;4028193;4325386;396809;1.0;1.0;nan;nan;nan;nan;nan;nan;nan;0.0;0.0;nan;nan;nan;nan;nan;nan;nan;0.0;0.0;nan;nan;0.0;0.0;nan;nan;0;2;1;1;0;0;0;0;0;0;0;0;0
8005294220;1146008;1;4259850;4028193;4325386;396809;1.0;1.0;nan;nan;nan;nan;nan;nan;nan;0.0;0.0;nan;nan;nan;nan;nan;nan;nan;0.0;0.0;nan;nan;0.0;0.0;nan;nan;0;2;1;1;0;0;0;0;0;0;0;0;0
8006301767;1146008;1;4259850;4028193;4325386;396809;1.0;1.0;nan;nan;nan;nan;nan;nan;nan;0.0;0.0;nan;nan;nan;nan;nan;nan;nan;0.0;0.0;nan;nan;0.0;0.0;nan;nan;0;2;1;1;0;0;0;0;0;0;0;0;0
8007309831;1146008;1;4259850;4028193;4325386;396809;1.0;1.0;nan;nan;nan;nan;nan;nan;nan;0.0;0.0;nan;nan;nan;nan;nan;nan;nan;0.0;0.0;nan;nan;0.0;0.0;nan;nan;0;2;1;1;0;0;0;0;0;0;0;0;0
8008317418;1146008;1;4259850;4028193;4325386;396809;1.0;1.0;nan;nan;nan;nan;nan;nan;nan;0.0;0.0;nan;nan;nan;nan;nan;nan;nan;0.0;0.0;nan;nan;0.0;0.0;nan;nan;0;2;1;1;0;0;0;0;0;0;0;0;0
8009325380;1146008;1;4259850;4028193;4325386;396809;1.0;1.0;nan;nan;nan;nan;nan;nan;nan;0.0;0.0;nan;nan;nan;nan;nan;nan;nan;0.0;0.0;nan;nan;0.0;0.0;nan;nan;0;2;1;1;0;0;0;0;0;0;0;0;0
8010333001;1146008;1;4259850;4028193;4325386;396809;1.0;1.0;nan;nan;nan;nan;nan;nan;nan;0.0;0.0;nan;nan;nan;nan;nan;nan;nan;0.0;0.0;nan;nan;0.0;0.0;nan;nan;0;2;1;1;0;0;0;0;0;0;0;0;0
8011341036;1146008;1;4259850;4028193;4325386;396809;1.0;1.0;nan;nan;nan;nan;nan;nan;nan;0.0;0.0;nan;nan;nan;nan;nan;nan;nan;0.0;0.0;nan;nan;0.0;0.0;nan;nan;0;2;1;1;0;0;0;0;0;0;0;0;0
8012348595;1146008;1;4259850;4028193;4325386;396809;1.0;1.0;nan;nan;nan;nan;nan;nan;nan;0.0;0.0;nan;nan;nan;nan;nan;nan;nan;0.0;0.0;nan;nan;0.0;0.0;nan;nan;0;2;1;1;0;0;0;0;0;0;0;0;0
8013356392;1146008;1;4259850;4028193;4325386;396809;1.0;1.0;nan;nan;nan;nan;nan;nan;nan;0.0;0.0;nan;nan;nan;nan;nan;nan;nan;0.0;0.0;nan;nan;0.0;0.0;nan;nan;0;2;1;1;0;0;0;0;0;0;0;0;0
8014364230;1146008;1;4259850;4028193;4325386;396809;1.0;1.0;nan;nan;nan;nan;nan;nan;nan;0.0;0.0;nan;nan;nan;nan;nan;nan;nan;0.0;0.0;nan;nan;0.0;0.0;nan;nan;0;2;1;1;0;0;0;0;0;0;0;0;0
8015372004;1146008;1;4259850;4028193;4325386;396809;1.0;1.0;nan;nan;nan;nan;nan;nan;nan;0.0;0.0;nan;nan;nan;nan;nan;nan;nan;0.0;0.0;nan;nan;0.0;0.0;nan;nan;0;2;1;1;0;0;0;0;0;0;0;0;0
8016379837;1146008;1;4259850;4028193;4325386;396809;1.0;1.0;nan;nan;nan;nan;nan;nan;nan;0.0;0.0;nan;nan;nan;nan;nan;nan;nan;0.0;0.0;nan;nan;0.0;0.0;nan;nan;0;2;1;1;0;0;0;0;0;0;0;0;0
8017387643;1146008;1;4259850;4028193;4325386;396809;1.0;1.0;nan;nan;nan;nan;nan;nan;nan;0.0;0.0;nan;nan;nan;nan;nan;nan;nan;0.0;0.0;nan;nan;0.0;0.0;nan;nan;0;2;1;1;0;0;0;0;0;0;0;0;0
8018395555;1146008;1;4259850;4028193;4325386;396809;1.0;1.0;nan;nan;nan;nan;nan;nan;nan;0.0;0.0;nan;nan;nan;nan;nan;nan;nan;0.0;0.0;nan;nan;0.0;0.0;nan;nan;0;2;1;1;0;0;0;0;0;0;0;0;0
8019403276;1146008;1;4259850;4028193;4325386;396809;1.0;1.0;nan;nan;nan;nan;nan;nan;nan;0.0;0.0;nan;nan;nan;nan;nan;nan;nan;0.0;0.0;nan;nan;0.0;0.0;nan;nan;0;2;1;1;0;0;0;0;0;0;0;0;0
8020411079;1146008;1;4259850;4028193;4325386;396809;1.0;1.0;nan;nan;nan;nan;nan;nan;nan;0.0;0.0;nan;nan;nan;nan;nan;nan;nan;0.0;0.0;nan;nan;0.0;0.0;nan;nan;0;2;1;1;0;0;0;0;0;0;0;0;0
8021418876;1146008;1;4259850;4028193;4325386;396809;1.0;1.0;nan;nan;nan;nan;nan;nan;nan;0.0;0.0;nan;nan;nan;nan;nan;nan;nan;0.0;0.0;nan;nan;0.0;0.0;nan;nan;0;2;1;1;0;0;0;0;0;0;0;0;0
8022426679;1146008;1;4259850;4028193;4325386;396809;1.0;1.0;nan;nan;nan;nan;nan;nan;nan;0.0;0.0;nan;nan;nan;nan;nan;nan;nan;0.0;0.0;nan;nan;0.0;0.0;nan;nan;0;2;1;1;0;0;0;0;0;0;0;0;0
8023434487;1146008;1;4259850;4028193;4325386;396809;1.0;1.0;nan;nan;nan;nan;nan;nan;nan;0.0;0.0;nan;nan;nan;nan;nan;nan;nan;0.0;0.0;nan;nan;0.0;0.0;nan;nan;0;2;1;1;0;0;0;0;0;0;0;0;0
8024442317;1146008;1;4259850;4028193;4325386;396809;1.0;1.0;nan;nan;nan;nan;nan;nan;nan;0.0;0.0;nan;nan;nan;nan;nan;nan;nan;0.0;0.0;nan;nan;0.0;0.0;nan;nan;0;2;1;1;0;0;0;0;0;0;0;0;0
8025450105;1146008;1;4259850;4028193;4325386;396809;1.0;1.0;nan;nan;nan;nan;nan;nan;nan;0.0;0.0;nan;nan;nan;nan;nan;nan;nan;0.0;0.0;nan;nan;0.0;0.0;nan;nan;0;2;1;1;0;0;0;0;0;0;0;0;0
8026457903;1146008;1;4259850;4028193;4325386;396809;1.0;1.0;nan;nan;nan;nan;nan;nan;nan;0.0;0.0;nan;nan;nan;nan;nan;nan;nan;0.0;0.0;nan;nan;0.0;0.0;nan;nan;0;2;1;1;0;0;0;0;0;0;0;0;0
8027465743;1146008;1;4259850;4028193;4325386;396809;1.0;1.0;nan;nan;nan;nan;nan;nan;nan;0.0;0.0;nan;nan;nan;nan;nan;nan;nan;0.0;0.0;nan;nan;0.0;0.0;nan;nan;0;2;1;1;0;0;0;0;0;0;0;0;0
8028473583;1146008;1;4259850;4028193;4325386;396809;1.0;1.0;nan;nan;nan;nan;nan;nan;nan;0.0;0.0;nan;nan;nan;nan;nan;nan;nan;0.0;0.0;nan;nan;0.0;0.0;nan;nan;0;2;1;1;0;0;0;0;0;0;0;0;0
8029481240;1146008;1;4259850;4028193;4325386;396809;1.0;1.0;nan;nan;nan;nan;nan;nan;nan;0.0;0.0;nan;nan;nan;nan;nan;nan;nan;0.0;0.0;nan;nan;0.0;0.0;nan;nan;0;2;1;1;0;0;0;0;0;0;0;0;0
8030489134;1146008;1;4259850;4028193;4325386;396809;1.0;1.0;nan;nan;nan;nan;nan;nan;nan;0.0;0.0;nan;nan;nan;nan;nan;nan;nan;0.0;0.0;nan;nan;0.0;0.0;nan;nan;0;2;1;1;0;0;0;0;0;0;0;0;0
8031496941;1146008;1;4259850;4028193;4325386;396809;1.0;1.0;nan;nan;nan;nan;nan;nan;nan;0.0;0.0;nan;nan;nan;nan;nan;nan;nan;0.0;0.0;nan;nan;0.0;0.0;nan;nan;0;2;1;1;0;0;0;0;0;0;0;0;0
8032504685;1146008;1;4259850;4028193;4325386;396809;1.0;1.0;nan;nan;nan;nan;nan;nan;nan;0.0;0.0;nan;nan;nan;nan;nan;nan;nan;0.0;0.0;nan;nan;0.0;0.0;nan;nan;0;2;1;1;0;0;0;0;0;0;0;0;0
8033512517;1146008;1;4259850;4028193;4325386;396809;1.0;1.0;nan;nan;nan;nan;nan;nan;nan;0.0;0.0;nan;nan;nan;nan;nan;nan;nan;0.0;0.0;nan;nan;0.0;0.0;nan;nan;0;2;1;1;0;0;0;0;0;0;0;0;0
8034520359;1146008;1;4259850;4028193;4325386;396809;1.0;1.0;nan;nan;nan;nan;nan;nan;nan;0.0;0.0;nan;nan;nan;nan;nan;nan;nan;0.0;0.0;nan;nan;0.0;0.0;nan;nan;0;2;1;1;0;0;0;0;0;0;0;0;0
8035528182;1146008;1;4259850;4028193;4325386;396809;1.0;1.0;nan;nan;nan;nan;nan;nan;nan;0.0;0.0;nan;nan;nan;nan;nan;nan;nan;0.0;0.0;nan;nan;0.0;0.0;nan;nan;0;2;1;1;0;0;0;0;0;0;0;0;0
8036535762;1146008;1;4259850;4028193;4325386;396809;1.0;1.0;nan;nan;nan;nan;nan;nan;nan;0.0;0.0;nan;nan;nan;nan;nan;nan;nan;0.0;0.0;nan;nan;0.0;0.0;nan;nan;0;2;1;1;0;0;0;0;0;0;0;0;0
8037543762;1146008;1;4259850;4028193;4325386;396809;1.0;1.0;nan;nan;nan;nan;nan;nan;nan;0.0;0.0;nan;nan;nan;nan;nan;nan;nan;0.0;0.0;nan;nan;0.0;0.0;nan;nan;0;2;1;1;0;0;0;0;0;0;0;0;0
8038551554;1146008;1;4259850;4028193;4325386;396809;1.0;1.0;nan;nan;nan;nan;nan;nan;nan;0.0;0.0;nan;nan;nan;nan;nan;nan;nan;0.0;0.0;nan;nan;0.0;0.0;nan;nan;0;2;1;1;0;0;0;0;0;0;0;0;0
8039559278;1146008;1;4259850;4028193;4325386;396809;1.0;1.0;nan;nan;nan;nan;nan;nan;nan;0.0;0.0;nan;nan;nan;nan;nan;nan;nan;0.0;0.0;nan;nan;0.0;0.0;nan;nan;0;2;1;1;0;0;0;0;0;0;0;0;0
8040567107;1146008;1;4259850;4028193;4325386;396809;1.0;1.0;nan;nan;nan;nan;nan;nan;nan;0.0;0.0;nan;nan;nan;nan;nan;nan;nan;0.0;0.0;nan;nan;0.0;0.0;nan;nan;0;2;1;1;0;0;0;0;0;0;0;0;0
8041574966;1146008;1;4259850;4028193;4325386;396809;1.0;1.0;nan;nan;nan;nan;nan;nan;nan;0.0;0.0;nan;nan;nan;nan;nan;nan;nan;0.0;0.0;nan;nan;0.0;0.0;nan;nan;0;2;1;1;0;0;0;0;0;0;0;0;0
8042582759;1146008;1;4259850;4028193;4325386;396809;1.0;1.0;nan;nan;nan;nan;nan;nan;nan;0.0;0.0;nan;nan;nan;nan;nan;nan;nan;0.0;0.0;nan;nan;0.0;0.0;nan;nan;0;2;1;1;0;0;0;0;0;0;0;0;0
8043590515;1146008;1;4259850;4028193;4325386;396809;1.0;1.0;nan;nan;nan;nan;nan;nan;nan;0.0;0.0;nan;nan;nan;nan;nan;nan;nan;0.0;0.0;nan;nan;0.0;0.0;nan;nan;0;2;1;1;0;0;0;0;0;0;0;0;0
8044598541;1146008;1;4259850;4028193;4325386;396809;1.0;1.0;nan;nan;nan;nan;nan;nan;nan;0.0;0.0;nan;nan;nan;nan;nan;nan;nan;0.0;0.0;nan;nan;0.0;0.0;nan;nan;0;2;1;1;0;0;0;0;0;0;0;0;0
8045606172;1146008;1;4259850;4028193;4325386;396809;1.0;1.0;nan;nan;nan;nan;nan;nan;nan;0.0;0.0;nan;nan;nan;nan;nan;nan;nan;0.0;0.0;nan;nan;0.0;0.0;nan;nan;0;2;1;1;0;0;0;0;0;0;0;0;0
8046614149;1146008;1;4259850;4028193;4325386;396809;1.0;1.0;nan;nan;nan;nan;nan;nan;nan;0.0;0.0;nan;nan;nan;nan;nan;nan;nan;0.0;0.0;nan;nan;0.0;0.0;nan;nan;0;2;1;1;0;0;0;0;0;0;0;0;0
8047621710;1146008;1;4259850;4028193;4325386;396809;1.0;1.0;nan;nan;nan;nan;nan;nan;nan;0.0;0.0;nan;nan;nan;nan;nan;nan;nan;0.0;0.0;nan;nan;0.0;0.0;nan;nan;0;2;1;1;0;0;0;0;0;0;0;0;0
8048629787;1146008;1;4259850;4028193;4325386;396809;1.0;1.0;nan;nan;nan;nan;nan;nan;nan;0.0;0.0;nan;nan;nan;nan;nan;nan;nan;0.0;0.0;nan;nan;0.0;0.0;nan;nan;0;2;1;1;0;0;0;0;0;0;0;0;0
8049637277;1146008;1;4259850;4028193;4325386;396809;1.0;1.0;nan;nan;nan;nan;nan;nan;nan;0.0;0.0;nan;nan;nan;nan;nan;nan;nan;0.0;0.0;nan;nan;0.0;0.0;nan;nan;0;2;1;1;0;0;0;0;0;0;0;0;0
8050645381;1146008;1;4259850;4028193;4325386;396809;1.0;1.0;nan;nan;nan;nan;nan;nan;nan;0.0;0.0;nan;nan;nan;nan;nan;nan;nan;0.0;0.0;nan;nan;0.0;0.0;nan;nan;0;2;1;1;0;0;0;0;0;0;0;0;0
8051652935;1146008;1;4259850;4028193;4325386;396809;1.0;1.0;nan;nan;nan;nan;nan;nan;nan;0.0;0.0;nan;nan;nan;nan;nan;nan;nan;0.0;0.0;nan;nan;0.0;0.0;nan;nan;0;2;1;1;0;0;0;0;0;0;0;0;0
8052660986;1146008;1;4259850;4028193;4325386;396809;1.0;1.0;nan;nan;nan;nan;nan;nan;nan;0.0;0.0;nan;nan;nan;nan;nan;nan;nan;0.0;0.0;nan;nan;0.0;0.0;nan;nan;0;2;1;1;0;0;0;0;0;0;0;0;0
8053668590;1146008;1;4259850;4028193;4325386;396809;1.0;1.0;nan;nan;nan;nan;nan;nan;nan;0.0;0.0;nan;nan;nan;nan;nan;nan;nan;0.0;0.0;nan;nan;0.0;0.0;nan;nan;0;2;1;1;0;0;0;0;0;0;0;0;0
8054676317;1146008;1;4259850;4028193;4325386;396809;1.0;1.0;nan;nan;nan;nan;nan;nan;nan;0.0;0.0;nan;nan;nan;nan;nan;nan;nan;0.0;0.0;nan;nan;0.0;0.0;nan;nan;0;2;1;1;0;0;0;0;0;0;0;0;0
8055684183;1146008;1;4259850;4028193;4325386;396809;1.0;1.0;nan;nan;nan;nan;nan;nan;nan;0.0;0.0;nan;nan;nan;nan;nan;nan;nan;0.0;0.0;nan;nan;0.0;0.0;nan;nan;0;2;1;1;0;0;0;0;0;0;0;0;0
8056691870;1146008;1;4259850;4028193;4325386;396809;1.0;1.0;nan;nan;nan;nan;nan;nan;nan;0.0;0.0;nan;nan;nan;nan;nan;nan;nan;0.0;0.0;nan;nan;0.0;0.0;nan;nan;0;2;1;1;0;0;0;0;0;0;0;0;0
8057699716;1146008;1;4259850;4028193;4325386;396809;1.0;1.0;nan;nan;nan;nan;nan;nan;nan;0.0;0.0;nan;nan;nan;nan;nan;nan;nan;0.0;0.0;nan;nan;0.0;0.0;nan;nan;0;2;1;1;0;0;0;0;0;0;0;0;0
8058707551;1146008;1;4259850;4028193;4325386;396809;1.0;1.0;nan;nan;nan;nan;nan;nan;nan;0.0;0.0;nan;nan;nan;nan;nan;nan;nan;0.0;0.0;nan;nan;0.0;0.0;nan;nan;0;2;1;1;0;0;0;0;0;0;0;0;0
8059715255;1146008;1;4259850;4028193;4325386;396809;1.0;1.0;nan;nan;nan;nan;nan;nan;nan;0.0;0.0;nan;nan;nan;nan;nan;nan;nan;0.0;0.0;nan;nan;0.0;0.0;nan;nan;0;2;1;1;0;0;0;0;0;0;0;0;0
8060723056;1146008;1;4259850;4028193;4325386;396809;1.0;1.0;nan;nan;nan;nan;nan;nan;nan;0.0;0.0;nan;nan;nan;nan;nan;nan;nan;0.0;0.0;nan;nan;0.0;0.0;nan;nan;0;2;1;1;0;0;0;0;0;0;0;0;0
8061730960;1146008;1;4259850;4028193;4325386;396809;1.0;1.0;nan;nan;nan;nan;nan;nan;nan;0.0;0.0;nan;nan;nan;nan;nan;nan;nan;0.0;0.0;nan;nan;0.0;0.0;nan;nan;0;2;1;1;0;0;0;0;0;0;0;0;0
8062738731;1146008;1;4259850;4028193;4325386;396809;1.0;1.0;nan;nan;nan;nan;nan;nan;nan;0.0;0.0;nan;nan;nan;nan;nan;nan;nan;0.0;0.0;nan;nan;0.0;0.0;nan;nan;0;2;1;1;0;0;0;0;0;0;0;0;0
8063746479;1146008;1;4259850;4028193;4325386;396809;1.0;1.0;nan;nan;nan;nan;nan;nan;nan;0.0;0.0;nan;nan;nan;nan;nan;nan;nan;0.0;0.0;nan;nan;0.0;0.0;nan;nan;0;2;1;1;0;0;0;0;0;0;0;0;0
8064754290;1146008;1;4259850;4028193;4325386;396809;1.0;1.0;nan;nan;nan;nan;nan;nan;nan;0.0;0.0;nan;nan;nan;nan;nan;nan;nan;0.0;0.0;nan;nan;0.0;0.0;nan;nan;0;2;1;1;0;0;0;0;0;0;0;0;0
8065762065;1146008;1;4259850;4028193;4325386;396809;1.0;1.0;nan;nan;nan;nan;nan;nan;nan;0.0;0.0;nan;nan;nan;nan;nan;nan;nan;0.0;0.0;nan;nan;0.0;0.0;nan;nan;0;2;1;1;0;0;0;0;0;0;0;0;0
8066769822;1146008;1;4259850;4028193;4325386;396809;1.0;1.0;nan;nan;nan;nan;nan;nan;nan;0.0;0.0;nan;nan;nan;nan;nan;nan;nan;0.0;0.0;nan;nan;0.0;0.0;nan;nan;0;2;1;1;0;0;0;0;0;0;0;0;0
8067777665;1146008;1;4259850;4028193;4325386;396809;1.0;1.0;nan;nan;nan;nan;nan;nan;nan;0.0;0.0;nan;nan;nan;nan;nan;nan;nan;0.0;0.0;nan;nan;0.0;0.0;nan;nan;0;2;1;1;0;0;0;0;0;0;0;0;0
8068785455;1146008;1;4259850;4028193;4325386;396809;1.0;1.0;nan;nan;nan;nan;nan;nan;nan;0.0;0.0;nan;nan;nan;nan;nan;nan;nan;0.0;0.0;nan;nan;0.0;0.0;nan;nan;0;2;1;1;0;0;0;0;0;0;0;0;0
8069793193;1146008;1;4259850;4028193;4325386;396809;1.0;1.0;nan;nan;nan;nan;nan;nan;nan;0.0;0.0;nan;nan;nan;nan;nan;nan;nan;0.0;0.0;nan;nan;0.0;0.0;nan;nan;0;2;1;1;0;0;0;0;0;0;0;0;0
8070801029;1146008;1;4259850;4028193;4325386;396809;1.0;1.0;nan;nan;nan;nan;nan;nan;nan;0.0;0.0;nan;nan;nan;nan;nan;nan;nan;0.0;0.0;nan;nan;0.0;0.0;nan;nan;0;2;1;1;0;0;0;0;0;0;0;0;0
8071808810;1146008;1;4259850;4028193;4325386;396809;1.0;1.0;nan;nan;nan;nan;nan;nan;nan;0.0;0.0;nan;nan;nan;nan;nan;nan;nan;0.0;0.0;nan;nan;0.0;0.0;nan;nan;0;2;1;1;0;0;0;0;0;0;0;0;0
8072816633;1146008;1;4259850;4028193;4325386;396809;1.0;1.0;nan;nan;nan;nan;nan;nan;nan;0.0;0.0;nan;nan;nan;nan;nan;nan;nan;0.0;0.0;nan;nan;0.0;0.0;nan;nan;0;2;1;1;0;0;0;0;0;0;0;0;0
8073824370;1146008;1;4259850;4028193;4325386;396809;1.0;1.0;nan;nan;nan;nan;nan;nan;nan;0.0;0.0;nan;nan;nan;nan;nan;nan;nan;0.0;0.0;nan;nan;0.0;0.0;nan;nan;0;2;1;1;0;0;0;0;0;0;0;0;0
8074832211;1146008;1;4259850;4028193;4325386;396809;1.0;1.0;nan;nan;nan;nan;nan;nan;nan;0.0;0.0;nan;nan;nan;nan;nan;nan;nan;0.0;0.0;nan;nan;0.0;0.0;nan;nan;0;2;1;1;0;0;0;0;0;0;0;0;0
8075840034;1146008;1;4259850;4028193;4325386;396809;1.0;1.0;nan;nan;nan;nan;nan;nan;nan;0.0;0.0;nan;nan;nan;nan;nan;nan;nan;0.0;0.0;nan;nan;0.0;0.0;nan;nan;0;2;1;1;0;0;0;0;0;0;0;0;0
8076847730;1146008;1;4259850;4028193;4325386;396809;1.0;1.0;nan;nan;nan;nan;nan;nan;nan;0.0;0.0;nan;nan;nan;nan;nan;nan;nan;0.0;0.0;nan;nan;0.0;0.0;nan;nan;0;2;1;1;0;0;0;0;0;0;0;0;0
8077855534;1146008;1;4259850;4028193;4325386;396809;1.0;1.0;nan;nan;nan;nan;nan;nan;nan;0.0;0.0;nan;nan;nan;nan;nan;nan;nan;0.0;0.0;nan;nan;0.0;0.0;nan;nan;0;2;1;1;0;0;0;0;0;0;0;0;0
8078863372;1146008;1;4259850;4028193;4325386;396809;1.0;1.0;nan;nan;nan;nan;nan;nan;nan;0.0;0.0;nan;nan;nan;nan;nan;nan;nan;0.0;0.0;nan;nan;0.0;0.0;nan;nan;0;2;1;1;0;0;0;0;0;0;0;0;0
8079871106;1146008;1;4259850;4028193;4325386;396809;1.0;1.0;nan;nan;nan;nan;nan;nan;nan;0.0;0.0;nan;nan;nan;nan;nan;nan;nan;0.0;0.0;nan;nan;0.0;0.0;nan;nan;0;2;1;1;0;0;0;0;0;0;0;0;0
8080878897;1146008;1;4259850;4028193;4325386;396809;1.0;1.0;nan;nan;nan;nan;nan;nan;nan;0.0;0.0;nan;nan;nan;nan;nan;nan;nan;0.0;0.0;nan;nan;0.0;0.0;nan;nan;0;2;1;1;0;0;0;0;0;0;0;0;0
8081886794;1146008;1;4259850;4028193;4325386;396809;1.0;1.0;nan;nan;nan;nan;nan;nan;nan;0.0;0.0;nan;nan;nan;nan;nan;nan;nan;0.0;0.0;nan;nan;0.0;0.0;nan;nan;0;2;1;1;0;0;0;0;0;0;0;0;0
8082894508;1146008;1;4259850;4028193;4325386;396809;1.0;1.0;nan;nan;nan;nan;nan;nan;nan;0.0;0.0;nan;nan;nan;nan;nan;nan;nan;0.0;0.0;nan;nan;0.0;0.0;nan;nan;0;2;1;1;0;0;0;0;0;0;0;0;0
8083902323;1146008;1;4259850;4028193;4325386;396809;1.0;1.0;nan;nan;nan;nan;nan;nan;nan;0.0;0.0;nan;nan;nan;nan;nan;nan;nan;0.0;0.0;nan;nan;0.0;0.0;nan;nan;0;2;1;1;0;0;0;0;0;0;0;0;0
8084910065;1146008;1;4259850;4028193;4325386;396809;1.0;1.0;nan;nan;nan;nan;nan;nan;nan;0.0;0.0;nan;nan;nan;nan;nan;nan;nan;0.0;0.0;nan;nan;0.0;0.0;nan;nan;0;2;1;1;0;0;0;0;0;0;0;0;0
8085917852;1146008;1;4259850;4028193;4325386;396809;1.0;1.0;nan;nan;nan;nan;nan;nan;nan;0.0;0.0;nan;nan;nan;nan;nan;nan;nan;0.0;0.0;nan;nan;0.0;0.0;nan;nan;0;2;1;1;0;0;0;0;0;0;0;0;0
8086925626;1146008;1;4259850;4028193;4325386;396809;1.0;1.0;nan;nan;nan;nan;nan;nan;nan;0.0;0.0;nan;nan;nan;nan;nan;nan;nan;0.0;0.0;nan;nan;0.0;0.0;nan;nan;0;2;1;1;0;0;0;0;0;0;0;0;0
8087933471;1146008;1;4259850;4028193;4325386;396809;1.0;1.0;nan;nan;nan;nan;nan;nan;nan;0.0;0.0;nan;nan;nan;nan;nan;nan;nan;0.0;0.0;nan;nan;0.0;0.0;nan;nan;0;2;1;1;0;0;0;0;0;0;0;0;0
8088941305;1146008;1;4259850;4028193;4325386;396809;1.0;1.0;nan;nan;nan;nan;nan;nan;nan;0.0;0.0;nan;nan;nan;nan;nan;nan;nan;0.0;0.0;nan;nan;0.0;0.0;nan;nan;0;2;1;1;0;0;0;0;0;0;0;0;0
8089949242;1146008;1;4259850;4028193;4325386;396809;1.0;1.0;nan;nan;nan;nan;nan;nan;nan;0.0;0.0;nan;nan;nan;nan;nan;nan;nan;0.0;0.0;nan;nan;0.0;0.0;nan;nan;0;2;1;1;0;0;0;0;0;0;0;0;0
8090956782;1146008;1;4259850;4028193;4325386;396809;1.0;1.0;nan;nan;nan;nan;nan;nan;nan;0.0;0.0;nan;nan;nan;nan;nan;nan;nan;0.0;0.0;nan;nan;0.0;0.0;nan;nan;0;2;1;1;0;0;0;0;0;0;0;0;0
8091964897;1146008;1;4259850;4028193;4325386;396809;1.0;1.0;nan;nan;nan;nan;nan;nan;nan;0.0;0.0;nan;nan;nan;nan;nan;nan;nan;0.0;0.0;nan;nan;0.0;0.0;nan;nan;0;2;1;1;0;0;0;0;0;0;0;0;0
8092972381;1146008;1;4259850;4028193;4325386;396809;1.0;1.0;nan;nan;nan;nan;nan;nan;nan;0.0;0.0;nan;nan;nan;nan;nan;nan;nan;0.0;0.0;nan;nan;0.0;0.0;nan;nan;0;2;1;1;0;0;0;0;0;0;0;0;0
8093980508;1146008;1;4259850;4028193;4325386;396809;1.0;1.0;nan;nan;nan;nan;nan;nan;nan;0.0;0.0;nan;nan;nan;nan;nan;nan;nan;0.0;0.0;nan;nan;0.0;0.0;nan;nan;0;2;1;1;0;0;0;0;0;0;0;0;0
8094987970;1146008;1;4259850;4028193;4325386;396809;1.0;1.0;nan;nan;nan;nan;nan;nan;nan;0.0;0.0;nan;nan;nan;nan;nan;nan;nan;0.0;0.0;nan;nan;0.0;0.0;nan;nan;0;2;1;1;0;0;0;0;0;0;0;0;0
8095995957;1146008;1;4259850;4028193;4325386;396809;1.0;1.0;nan;nan;nan;nan;nan;nan;nan;0.0;0.0;nan;nan;nan;nan;nan;nan;nan;0.0;0.0;nan;nan;0.0;0.0;nan;nan;0;2;1;1;0;0;0;0;0;0;0;0;0
8097003561;1146008;1;4259850;4028193;4325386;396809;1.0;1.0;nan;nan;nan;nan;nan;nan;nan;0.0;0.0;nan;nan;nan;nan;nan;nan;nan;0.0;0.0;nan;nan;0.0;0.0;nan;nan;0;2;1;1;0;0;0;0;0;0;0;0;0
8098011515;1146008;1;4259850;4028193;4325386;396809;1.0;1.0;nan;nan;nan;nan;nan;nan;nan;0.0;0.0;nan;nan;nan;nan;nan;nan;nan;0.0;0.0;nan;nan;0.0;0.0;nan;nan;0;2;1;1;0;0;0;0;0;0;0;0;0
8099019176;1146008;1;4259850;4028193;4325386;396809;1.0;1.0;nan;nan;nan;nan;nan;nan;nan;0.0;0.0;nan;nan;nan;nan;nan;nan;nan;0.0;0.0;nan;nan;0.0;0.0;nan;nan;0;2;1;1;0;0;0;0;0;0;0;0;0
8100026875;1146008;1;4259850;4028193;4325386;396809;1.0;1.0;nan;nan;nan;nan;nan;nan;nan;0.0;0.0;nan;nan;nan;nan;nan;nan;nan;0.0;0.0;nan;nan;0.0;0.0;nan;nan;0;2;1;1;0;0;0;0;0;0;0;0;0
8101034630;1146008;1;4259850;4028193;4325386;396809;1.0;1.0;nan;nan;nan;nan;nan;nan;nan;0.0;0.0;nan;nan;nan;nan;nan;nan;nan;0.0;0.0;nan;nan;0.0;0.0;nan;nan;0;2;1;1;0;0;0;0;0;0;0;0;0
8102042451;1146008;1;4259850;4028193;4325386;396809;1.0;1.0;nan;nan;nan;nan;nan;nan;nan;0.0;0.0;nan;nan;nan;nan;nan;nan;nan;0.0;0.0;nan;nan;0.0;0.0;nan;nan;0;2;1;1;0;0;0;0;0;0;0;0;0
8103050290;1146008;1;4259850;4028193;4325386;396809;1.0;1.0;nan;nan;nan;nan;nan;nan;nan;0.0;0.0;nan;nan;nan;nan;nan;nan;nan;0.0;0.0;nan;nan;0.0;0.0;nan;nan;0;2;1;1;0;0;0;0;0;0;0;0;0
8104058044;1146008;1;4259850;4028193;4325386;396809;1.0;1.0;nan;nan;nan;nan;nan;nan;nan;0.0;0.0;nan;nan;nan;nan;nan;nan;nan;0.0;0.0;nan;nan;0.0;0.0;nan;nan;0;2;1;1;0;0;0;0;0;0;0;0;0
8105065831;1146008;1;4259850;4028193;4325386;396809;1.0;1.0;nan;nan;nan;nan;nan;nan;nan;0.0;0.0;nan;nan;nan;nan;nan;nan;nan;0.0;0.0;nan;nan;0.0;0.0;nan;nan;0;2;1;1;0;0;0;0;0;0;0;0;0
8106073557;1146008;1;4259850;4028193;4325386;396809;1.0;1.0;nan;nan;nan;nan;nan;nan;nan;0.0;0.0;nan;nan;nan;nan;nan;nan;nan;0.0;0.0;nan;nan;0.0;0.0;nan;nan;0;2;1;1;0;0;0;0;0;0;0;0;0
8107081398;1146008;1;4259850;4028193;4325386;396809;1.0;1.0;nan;nan;nan;nan;nan;nan;nan;0.0;0.0;nan;nan;nan;nan;nan;nan;nan;0.0;0.0;nan;nan;0.0;0.0;nan;nan;0;2;1;1;0;0;0;0;0;0;0;0;0
8108089153;1146008;1;4259850;4028193;4325386;396809;1.0;1.0;nan;nan;nan;nan;nan;nan;nan;0.0;0.0;nan;nan;nan;nan;nan;nan;nan;0.0;0.0;nan;nan;0.0;0.0;nan;nan;0;2;1;1;0;0;0;0;0;0;0;0;0
8109096929;1146008;1;4259850;4028193;4325386;396809;1.0;1.0;nan;nan;nan;nan;nan;nan;nan;0.0;0.0;nan;nan;nan;nan;nan;nan;nan;0.0;0.0;nan;nan;0.0;0.0;nan;nan;0;2;1;1;0;0;0;0;0;0;0;0;0
8110104703;1146008;1;4259850;4028193;4325386;396809;1.0;1.0;nan;nan;nan;nan;nan;nan;nan;0.0;0.0;nan;nan;nan;nan;nan;nan;nan;0.0;0.0;nan;nan;0.0;0.0;nan;nan;0;2;1;1;0;0;0;0;0;0;0;0;0
8111112485;1146008;1;4259850;4028193;4325386;396809;1.0;1.0;nan;nan;nan;nan;nan;nan;nan;0.0;0.0;nan;nan;nan;nan;nan;nan;nan;0.0;0.0;nan;nan;0.0;0.0;nan;nan;0;2;1;1;0;0;0;0;0;0;0;0;0
8112120300;1146008;1;4259850;4028193;4325386;396809;1.0;1.0;nan;nan;nan;nan;nan;nan;nan;0.0;0.0;nan;nan;nan;nan;nan;nan;nan;0.0;0.0;nan;nan;0.0;0.0;nan;nan;0;2;1;1;0;0;0;0;0;0;0;0;0
8113128084;1146008;1;4259850;4028193;4325386;396809;1.0;1.0;nan;nan;nan;nan;nan;nan;nan;0.0;0.0;nan;nan;nan;nan;nan;nan;nan;0.0;0.0;nan;nan;0.0;0.0;nan;nan;0;2;1;1;0;0;0;0;0;0;0;0;0
8114135907;1146008;1;4259850;4028193;4325386;396809;1.0;1.0;nan;nan;nan;nan;nan;nan;nan;0.0;0.0;nan;nan;nan;nan;nan;nan;nan;0.0;0.0;nan;nan;0.0;0.0;nan;nan;0;2;1;1;0;0;0;0;0;0;0;0;0
8115143579;1146008;1;4259850;4028193;4325386;396809;1.0;1.0;nan;nan;nan;nan;nan;nan;nan;0.0;0.0;nan;nan;nan;nan;nan;nan;nan;0.0;0.0;nan;nan;0.0;0.0;nan;nan;0;2;1;1;0;0;0;0;0;0;0;0;0
8116151461;1146008;1;4259850;4028193;4325386;396809;1.0;1.0;nan;nan;nan;nan;nan;nan;nan;0.0;0.0;nan;nan;nan;nan;nan;nan;nan;0.0;0.0;nan;nan;0.0;0.0;nan;nan;0;2;1;1;0;0;0;0;0;0;0;0;0
8117159283;1146008;1;4259850;4028193;4325386;396809;1.0;1.0;nan;nan;nan;nan;nan;nan;nan;0.0;0.0;nan;nan;nan;nan;nan;nan;nan;0.0;0.0;nan;nan;0.0;0.0;nan;nan;0;2;1;1;0;0;0;0;0;0;0;0;0
8118167025;1146008;1;4259850;4028193;4325386;396809;1.0;1.0;nan;nan;nan;nan;nan;nan;nan;0.0;0.0;nan;nan;nan;nan;nan;nan;nan;0.0;0.0;nan;nan;0.0;0.0;nan;nan;0;2;1;1;0;0;0;0;0;0;0;0;0
8119174770;1146008;1;4259850;4028193;4325386;396809;1.0;1.0;nan;nan;nan;nan;nan;nan;nan;0.0;0.0;nan;nan;nan;nan;nan;nan;nan;0.0;0.0;nan;nan;0.0;0.0;nan;nan;0;2;1;1;0;0;0;0;0;0;0;0;0
8120182543;1146008;1;4259850;4028193;4325386;396809;1.0;1.0;nan;nan;nan;nan;nan;nan;nan;0.0;0.0;nan;nan;nan;nan;nan;nan;nan;0.0;0.0;nan;nan;0.0;0.0;nan;nan;0;2;1;1;0;0;0;0;0;0;0;0;0
8121190308;1146008;1;4259850;4028193;4325386;396809;1.0;1.0;nan;nan;nan;nan;nan;nan;nan;0.0;0.0;nan;nan;nan;nan;nan;nan;nan;0.0;0.0;nan;nan;0.0;0.0;nan;nan;0;2;1;1;0;0;0;0;0;0;0;0;0
8122198133;1146008;1;4259850;4028193;4325386;396809;1.0;1.0;nan;nan;nan;nan;nan;nan;nan;0.0;0.0;nan;nan;nan;nan;nan;nan;nan;0.0;0.0;nan;nan;0.0;0.0;nan;nan;0;2;1;1;0;0;0;0;0;0;0;0;0
8123205940;1146008;1;4259850;4028193;4325386;396809;1.0;1.0;nan;nan;nan;nan;nan;nan;nan;0.0;0.0;nan;nan;nan;nan;nan;nan;nan;0.0;0.0;nan;nan;0.0;0.0;nan;nan;0;2;1;1;0;0;0;0;0;0;0;0;0
8124213764;1146008;1;4259850;4028193;4325386;396809;1.0;1.0;nan;nan;nan;nan;nan;nan;nan;0.0;0.0;nan;nan;nan;nan;nan;nan;nan;0.0;0.0;nan;nan;0.0;0.0;nan;nan;0;2;1;1;0;0;0;0;0;0;0;0;0
8125221408;1146008;1;4259850;4028193;4325386;396809;1.0;1.0;nan;nan;nan;nan;nan;nan;nan;0.0;0.0;nan;nan;nan;nan;nan;nan;nan;0.0;0.0;nan;nan;0.0;0.0;nan;nan;0;2;1;1;0;0;0;0;0;0;0;0;0
8126229189;1146008;1;4259850;4028193;4325386;396809;1.0;1.0;nan;nan;nan;nan;nan;nan;nan;0.0;0.0;nan;nan;nan;nan;nan;nan;nan;0.0;0.0;nan;nan;0.0;0.0;nan;nan;0;2;1;1;0;0;0;0;0;0;0;0;0
8127237088;1146008;1;4259850;4028193;4325386;396809;1.0;1.0;nan;nan;nan;nan;nan;nan;nan;0.0;0.0;nan;nan;nan;nan;nan;nan;nan;0.0;0.0;nan;nan;0.0;0.0;nan;nan;0;2;1;1;0;0;0;0;0;0;0;0;0
8128244789;1146008;1;4259850;4028193;4325386;396809;1.0;1.0;nan;nan;nan;nan;nan;nan;nan;0.0;0.0;nan;nan;nan;nan;nan;nan;nan;0.0;0.0;nan;nan;0.0;0.0;nan;nan;0;2;1;1;0;0;0;0;0;0;0;0;0
8129252581;1146008;1;4259850;4028193;4325386;396809;1.0;1.0;nan;nan;nan;nan;nan;nan;nan;0.0;0.0;nan;nan;nan;nan;nan;nan;nan;0.0;0.0;nan;nan;0.0;0.0;nan;nan;0;2;1;1;0;0;0;0;0;0;0;0;0
8130260424;1146008;1;4259850;4028193;4325386;396809;1.0;1.0;nan;nan;nan;nan;nan;nan;nan;0.0;0.0;nan;nan;nan;nan;nan;nan;nan;0.0;0.0;nan;nan;0.0;0.0;nan;nan;0;2;1;1;0;0;0;0;0;0;0;0;0
8131268120;1146008;1;4259850;4028193;4325386;396809;1.0;1.0;nan;nan;nan;nan;nan;nan;nan;0.0;0.0;nan;nan;nan;nan;nan;nan;nan;0.0;0.0;nan;nan;0.0;0.0;nan;nan;0;2;1;1;0;0;0;0;0;0;0;0;0
8132276004;1146008;1;4259850;4028193;4325386;396809;1.0;1.0;nan;nan;nan;nan;nan;nan;nan;0.0;0.0;nan;nan;nan;nan;nan;nan;nan;0.0;0.0;nan;nan;0.0;0.0;nan;nan;0;2;1;1;0;0;0;0;0;0;0;0;0
8133283714;1146008;1;4259850;4028193;4325386;396809;1.0;1.0;nan;nan;nan;nan;nan;nan;nan;0.0;0.0;nan;nan;nan;nan;nan;nan;nan;0.0;0.0;nan;nan;0.0;0.0;nan;nan;0;2;1;1;0;0;0;0;0;0;0;0;0
8134291555;1146008;1;4259850;4028193;4325386;396809;1.0;1.0;nan;nan;nan;nan;nan;nan;nan;0.0;0.0;nan;nan;nan;nan;nan;nan;nan;0.0;0.0;nan;nan;0.0;0.0;nan;nan;0;2;1;1;0;0;0;0;0;0;0;0;0
8135299533;1146008;1;4259850;4028193;4325386;396809;1.0;1.0;nan;nan;nan;nan;nan;nan;nan;0.0;0.0;nan;nan;nan;nan;nan;nan;nan;0.0;0.0;nan;nan;0.0;0.0;nan;nan;0;2;1;1;0;0;0;0;0;0;0;0;0
8136307043;1146008;1;4259850;4028193;4325386;396809;1.0;1.0;nan;nan;nan;nan;nan;nan;nan;0.0;0.0;nan;nan;nan;nan;nan;nan;nan;0.0;0.0;nan;nan;0.0;0.0;nan;nan;0;2;1;1;0;0;0;0;0;0;0;0;0
8137315134;1146008;1;4259850;4028193;4325386;396809;1.0;1.0;nan;nan;nan;nan;nan;nan;nan;0.0;0.0;nan;nan;nan;nan;nan;nan;nan;0.0;0.0;nan;nan;0.0;0.0;nan;nan;0;2;1;1;0;0;0;0;0;0;0;0;0
8138322705;1146008;1;4259850;4028193;4325386;396809;1.0;1.0;nan;nan;nan;nan;nan;nan;nan;0.0;0.0;nan;nan;nan;nan;nan;nan;nan;0.0;0.0;nan;nan;0.0;0.0;nan;nan;0;2;1;1;0;0;0;0;0;0;0;0;0
8139330625;1146008;1;4259850;4028193;4325386;396809;1.0;1.0;nan;nan;nan;nan;nan;nan;nan;0.0;0.0;nan;nan;nan;nan;nan;nan;nan;0.0;0.0;nan;nan;0.0;0.0;nan;nan;0;2;1;1;0;0;0;0;0;0;0;0;0
8140333635;1146008;1;4259850;4028193;4325386;396809;1.0;1.0;nan;nan;nan;nan;nan;nan;nan;0.0;0.0;nan;nan;nan;nan;nan;nan;nan;0.0;0.0;nan;nan;0.0;0.0;nan;nan;0;2;1;1;0;0;0;0;0;0;0;0;0
8141336967;1146008;1;4259850;4028193;4325386;396809;1.0;1.0;nan;nan;nan;nan;nan;nan;nan;0.0;0.0;nan;nan;nan;nan;nan;nan;nan;0.0;0.0;nan;nan;0.0;0.0;nan;nan;0;2;1;1;0;0;0;0;0;0;0;0;0
8142344734;1146008;1;4259850;4028193;4325386;396809;1.0;1.0;nan;nan;nan;nan;nan;nan;nan;0.0;0.0;nan;nan;nan;nan;nan;nan;nan;0.0;0.0;nan;nan;0.0;0.0;nan;nan;0;2;1;1;0;0;0;0;0;0;0;0;0
8143352505;1146008;1;4259850;4028193;4325386;396809;1.0;1.0;nan;nan;nan;nan;nan;nan;nan;0.0;0.0;nan;nan;nan;nan;nan;nan;nan;0.0;0.0;nan;nan;0.0;0.0;nan;nan;0;2;1;1;0;0;0;0;0;0;0;0;0
8144360302;1146008;1;4259850;4028193;4325386;396809;1.0;1.0;nan;nan;nan;nan;nan;nan;nan;0.0;0.0;nan;nan;nan;nan;nan;nan;nan;0.0;0.0;nan;nan;0.0;0.0;nan;nan;0;2;1;1;0;0;0;0;0;0;0;0;0
8145368056;1146008;1;4259850;4028193;4325386;396809;1.0;1.0;nan;nan;nan;nan;nan;nan;nan;0.0;0.0;nan;nan;nan;nan;nan;nan;nan;0.0;0.0;nan;nan;0.0;0.0;nan;nan;0;2;1;1;0;0;0;0;0;0;0;0;0
8146375868;1146008;1;4259850;4028193;4325386;396809;1.0;1.0;nan;nan;nan;nan;nan;nan;nan;0.0;0.0;nan;nan;nan;nan;nan;nan;nan;0.0;0.0;nan;nan;0.0;0.0;nan;nan;0;2;1;1;0;0;0;0;0;0;0;0;0
8147383660;1146008;1;4259850;4028193;4325386;396809;1.0;1.0;nan;nan;nan;nan;nan;nan;nan;0.0;0.0;nan;nan;nan;nan;nan;nan;nan;0.0;0.0;nan;nan;0.0;0.0;nan;nan;0;2;1;1;0;0;0;0;0;0;0;0;0
8148391422;1146008;1;4259850;4028193;4325386;396809;1.0;1.0;nan;nan;nan;nan;nan;nan;nan;0.0;0.0;nan;nan;nan;nan;nan;nan;nan;0.0;0.0;nan;nan;0.0;0.0;nan;nan;0;2;1;1;0;0;0;0;0;0;0;0;0
8149399183;1146008;1;4259850;4028193;4325386;396809;1.0;1.0;nan;nan;nan;nan;nan;nan;nan;0.0;0.0;nan;nan;nan;nan;nan;nan;nan;0.0;0.0;nan;nan;0.0;0.0;nan;nan;0;2;1;1;0;0;0;0;0;0;0;0;0
8150406985;1146008;1;4259850;4028193;4325386;396809;1.0;1.0;nan;nan;nan;nan;nan;nan;nan;0.0;0.0;nan;nan;nan;nan;nan;nan;nan;0.0;0.0;nan;nan;0.0;0.0;nan;nan;0;2;1;1;0;0;0;0;0;0;0;0;0
8151414771;1146008;1;4259850;4028193;4325386;396809;1.0;1.0;nan;nan;nan;nan;nan;nan;nan;0.0;0.0;nan;nan;nan;nan;nan;nan;nan;0.0;0.0;nan;nan;0.0;0.0;nan;nan;0;2;1;1;0;0;0;0;0;0;0;0;0
8152422515;1146008;1;4259850;4028193;4325386;396809;1.0;1.0;nan;nan;nan;nan;nan;nan;nan;0.0;0.0;nan;nan;nan;nan;nan;nan;nan;0.0;0.0;nan;nan;0.0;0.0;nan;nan;0;2;1;1;0;0;0;0;0;0;0;0;0
8153430333;1146008;1;4259850;4028193;4325386;396809;1.0;1.0;nan;nan;nan;nan;nan;nan;nan;0.0;0.0;nan;nan;nan;nan;nan;nan;nan;0.0;0.0;nan;nan;0.0;0.0;nan;nan;0;2;1;1;0;0;0;0;0;0;0;0;0
8154438045;1146008;1;4259850;4028193;4325386;396809;1.0;1.0;nan;nan;nan;nan;nan;nan;nan;0.0;0.0;nan;nan;nan;nan;nan;nan;nan;0.0;0.0;nan;nan;0.0;0.0;nan;nan;0;2;1;1;0;0;0;0;0;0;0;0;0
8155445880;1146008;1;4259850;4028193;4325386;396809;1.0;1.0;nan;nan;nan;nan;nan;nan;nan;0.0;0.0;nan;nan;nan;nan;nan;nan;nan;0.0;0.0;nan;nan;0.0;0.0;nan;nan;0;2;1;1;0;0;0;0;0;0;0;0;0
8156453659;1146008;1;4259850;4028193;4325386;396809;1.0;1.0;nan;nan;nan;nan;nan;nan;nan;0.0;0.0;nan;nan;nan;nan;nan;nan;nan;0.0;0.0;nan;nan;0.0;0.0;nan;nan;0;2;1;1;0;0;0;0;0;0;0;0;0
8157461449;1146008;1;4259850;4028193;4325386;396809;1.0;1.0;nan;nan;nan;nan;nan;nan;nan;0.0;0.0;nan;nan;nan;nan;nan;nan;nan;0.0;0.0;nan;nan;0.0;0.0;nan;nan;0;2;1;1;0;0;0;0;0;0;0;0;0
8158469154;1146008;1;4259850;4028193;4325386;396809;1.0;1.0;nan;nan;nan;nan;nan;nan;nan;0.0;0.0;nan;nan;nan;nan;nan;nan;nan;0.0;0.0;nan;nan;0.0;0.0;nan;nan;0;2;1;1;0;0;0;0;0;0;0;0;0
8159476993;1146008;1;4259850;4028193;4325386;396809;1.0;1.0;nan;nan;nan;nan;nan;nan;nan;0.0;0.0;nan;nan;nan;nan;nan;nan;nan;0.0;0.0;nan;nan;0.0;0.0;nan;nan;0;2;1;1;0;0;0;0;0;0;0;0;0
8160484755;1146008;1;4259850;4028193;4325386;396809;1.0;1.0;nan;nan;nan;nan;nan;nan;nan;0.0;0.0;nan;nan;nan;nan;nan;nan;nan;0.0;0.0;nan;nan;0.0;0.0;nan;nan;0;2;1;1;0;0;0;0;0;0;0;0;0
8161492501;1146008;1;4259850;4028193;4325386;396809;1.0;1.0;nan;nan;nan;nan;nan;nan;nan;0.0;0.0;nan;nan;nan;nan;nan;nan;nan;0.0;0.0;nan;nan;0.0;0.0;nan;nan;0;2;1;1;0;0;0;0;0;0;0;0;0
8162500321;1146008;1;4259850;4028193;4325386;396809;1.0;1.0;nan;nan;nan;nan;nan;nan;nan;0.0;0.0;nan;nan;nan;nan;nan;nan;nan;0.0;0.0;nan;nan;0.0;0.0;nan;nan;0;2;1;1;0;0;0;0;0;0;0;0;0
8163508142;1146008;1;4259850;4028193;4325386;396809;1.0;1.0;nan;nan;nan;nan;nan;nan;nan;0.0;0.0;nan;nan;nan;nan;nan;nan;nan;0.0;0.0;nan;nan;0.0;0.0;nan;nan;0;2;1;1;0;0;0;0;0;0;0;0;0
8164515842;1146008;1;4259850;4028193;4325386;396809;1.0;1.0;nan;nan;nan;nan;nan;nan;nan;0.0;0.0;nan;nan;nan;nan;nan;nan;nan;0.0;0.0;nan;nan;0.0;0.0;nan;nan;0;2;1;1;0;0;0;0;0;0;0;0;0
8165523623;1146008;1;4259850;4028193;4325386;396809;1.0;1.0;nan;nan;nan;nan;nan;nan;nan;0.0;0.0;nan;nan;nan;nan;nan;nan;nan;0.0;0.0;nan;nan;0.0;0.0;nan;nan;0;2;1;1;0;0;0;0;0;0;0;0;0
8166531383;1146008;1;4259850;4028193;4325386;396809;1.0;1.0;nan;nan;nan;nan;nan;nan;nan;0.0;0.0;nan;nan;nan;nan;nan;nan;nan;0.0;0.0;nan;nan;0.0;0.0;nan;nan;0;2;1;1;0;0;0;0;0;0;0;0;0
8167539265;1146008;1;4259850;4028193;4325386;396809;1.0;1.0;nan;nan;nan;nan;nan;nan;nan;0.0;0.0;nan;nan;nan;nan;nan;nan;nan;0.0;0.0;nan;nan;0.0;0.0;nan;nan;0;2;1;1;0;0;0;0;0;0;0;0;0
8168547211;1146008;1;4259850;4028193;4325386;396809;1.0;1.0;nan;nan;nan;nan;nan;nan;nan;0.0;0.0;nan;nan;nan;nan;nan;nan;nan;0.0;0.0;nan;nan;0.0;0.0;nan;nan;0;2;1;1;0;0;0;0;0;0;0;0;0
8169554708;1146008;1;4259850;4028193;4325386;396809;1.0;1.0;nan;nan;nan;nan;nan;nan;nan;0.0;0.0;nan;nan;nan;nan;nan;nan;nan;0.0;0.0;nan;nan;0.0;0.0;nan;nan;0;2;1;1;0;0;0;0;0;0;0;0;0
8170562873;1146008;1;4259850;4028193;4325386;396809;1.0;1.0;nan;nan;nan;nan;nan;nan;nan;0.0;0.0;nan;nan;nan;nan;nan;nan;nan;0.0;0.0;nan;nan;0.0;0.0;nan;nan;0;2;1;1;0;0;0;0;0;0;0;0;0
8171570369;1146008;1;4259850;4028193;4325386;396809;1.0;1.0;nan;nan;nan;nan;nan;nan;nan;0.0;0.0;nan;nan;nan;nan;nan;nan;nan;0.0;0.0;nan;nan;0.0;0.0;nan;nan;0;2;1;1;0;0;0;0;0;0;0;0;0
8172578413;1146008;1;4259850;4028193;4325386;396809;1.0;1.0;nan;nan;nan;nan;nan;nan;nan;0.0;0.0;nan;nan;nan;nan;nan;nan;nan;0.0;0.0;nan;nan;0.0;0.0;nan;nan;0;2;1;1;0;0;0;0;0;0;0;0;0
8173585808;1146008;1;4259850;4028193;4325386;396809;1.0;1.0;nan;nan;nan;nan;nan;nan;nan;0.0;0.0;nan;nan;nan;nan;nan;nan;nan;0.0;0.0;nan;nan;0.0;0.0;nan;nan;0;2;1;1;0;0;0;0;0;0;0;0;0
8174593892;1146008;1;4259850;4028193;4325386;396809;1.0;1.0;nan;nan;nan;nan;nan;nan;nan;0.0;0.0;nan;nan;nan;nan;nan;nan;nan;0.0;0.0;nan;nan;0.0;0.0;nan;nan;0;2;1;1;0;0;0;0;0;0;0;0;0
8175601348;1146008;1;4259850;4028193;4325386;396809;1.0;1.0;nan;nan;nan;nan;nan;nan;nan;0.0;0.0;nan;nan;nan;nan;nan;nan;nan;0.0;0.0;nan;nan;0.0;0.0;nan;nan;0;2;1;1;0;0;0;0;0;0;0;0;0
8176609396;1146008;1;4259850;4028193;4325386;396809;1.0;1.0;nan;nan;nan;nan;nan;nan;nan;0.0;0.0;nan;nan;nan;nan;nan;nan;nan;0.0;0.0;nan;nan;0.0;0.0;nan;nan;0;2;1;1;0;0;0;0;0;0;0;0;0
8177616975;1146008;1;4259850;4028193;4325386;396809;1.0;1.0;nan;nan;nan;nan;nan;nan;nan;0.0;0.0;nan;nan;nan;nan;nan;nan;nan;0.0;0.0;nan;nan;0.0;0.0;nan;nan;0;2;1;1;0;0;0;0;0;0;0;0;0
8178624685;1146008;1;4259850;4028193;4325386;396809;1.0;1.0;nan;nan;nan;nan;nan;nan;nan;0.0;0.0;nan;nan;nan;nan;nan;nan;nan;0.0;0.0;nan;nan;0.0;0.0;nan;nan;0;2;1;1;0;0;0;0;0;0;0;0;0
8179632450;1146008;1;4259850;4028193;4325386;396809;1.0;1.0;nan;nan;nan;nan;nan;nan;nan;0.0;0.0;nan;nan;nan;nan;nan;nan;nan;0.0;0.0;nan;nan;0.0;0.0;nan;nan;0;2;1;1;0;0;0;0;0;0;0;0;0
8180640304;1146008;1;4259850;4028193;4325386;396809;1.0;1.0;nan;nan;nan;nan;nan;nan;nan;0.0;0.0;nan;nan;nan;nan;nan;nan;nan;0.0;0.0;nan;nan;0.0;0.0;nan;nan;0;2;1;1;0;0;0;0;0;0;0;0;0
8181648068;1146008;1;4259850;4028193;4325386;396809;1.0;1.0;nan;nan;nan;nan;nan;nan;nan;0.0;0.0;nan;nan;nan;nan;nan;nan;nan;0.0;0.0;nan;nan;0.0;0.0;nan;nan;0;2;1;1;0;0;0;0;0;0;0;0;0
8182655800;1146008;1;4259850;4028193;4325386;396809;1.0;1.0;nan;nan;nan;nan;nan;nan;nan;0.0;0.0;nan;nan;nan;nan;nan;nan;nan;0.0;0.0;nan;nan;0.0;0.0;nan;nan;0;2;1;1;0;0;0;0;0;0;0;0;0
8183663517;1146008;1;4259850;4028193;4325386;396809;1.0;1.0;nan;nan;nan;nan;nan;nan;nan;0.0;0.0;nan;nan;nan;nan;nan;nan;nan;0.0;0.0;nan;nan;0.0;0.0;nan;nan;0;2;1;1;0;0;0;0;0;0;0;0;0
8184671352;1146008;1;4259850;4028193;4325386;396809;1.0;1.0;nan;nan;nan;nan;nan;nan;nan;0.0;0.0;nan;nan;nan;nan;nan;nan;nan;0.0;0.0;nan;nan;0.0;0.0;nan;nan;0;2;1;1;0;0;0;0;0;0;0;0;0
8185679105;1146008;1;4259850;4028193;4325386;396809;1.0;1.0;nan;nan;nan;nan;nan;nan;nan;0.0;0.0;nan;nan;nan;nan;nan;nan;nan;0.0;0.0;nan;nan;0.0;0.0;nan;nan;0;2;1;1;0;0;0;0;0;0;0;0;0
8186686922;1146008;1;4259850;4028193;4325386;396809;1.0;1.0;nan;nan;nan;nan;nan;nan;nan;0.0;0.0;nan;nan;nan;nan;nan;nan;nan;0.0;0.0;nan;nan;0.0;0.0;nan;nan;0;2;1;1;0;0;0;0;0;0;0;0;0
8187694768;1146008;1;4259850;4028193;4325386;396809;1.0;1.0;nan;nan;nan;nan;nan;nan;nan;0.0;0.0;nan;nan;nan;nan;nan;nan;nan;0.0;0.0;nan;nan;0.0;0.0;nan;nan;0;2;1;1;0;0;0;0;0;0;0;0;0
8188702411;1146008;1;4259850;4028193;4325386;396809;1.0;1.0;nan;nan;nan;nan;nan;nan;nan;0.0;0.0;nan;nan;nan;nan;nan;nan;nan;0.0;0.0;nan;nan;0.0;0.0;nan;nan;0;2;1;1;0;0;0;0;0;0;0;0;0
8189710185;1146008;1;4259850;4028193;4325386;396809;1.0;1.0;nan;nan;nan;nan;nan;nan;nan;0.0;0.0;nan;nan;nan;nan;nan;nan;nan;0.0;0.0;nan;nan;0.0;0.0;nan;nan;0;2;1;1;0;0;0;0;0;0;0;0;0
8190717957;1146008;1;4259850;4028193;4325386;396809;1.0;1.0;nan;nan;nan;nan;nan;nan;nan;0.0;0.0;nan;nan;nan;nan;nan;nan;nan;0.0;0.0;nan;nan;0.0;0.0;nan;nan;0;2;1;1;0;0;0;0;0;0;0;0;0
8191725768;1146008;1;4259850;4028193;4325386;396809;1.0;1.0;nan;nan;nan;nan;nan;nan;nan;0.0;0.0;nan;nan;nan;nan;nan;nan;nan;0.0;0.0;nan;nan;0.0;0.0;nan;nan;0;2;1;1;0;0;0;0;0;0;0;0;0
8192733503;1146008;1;4259850;4028193;4325386;396809;1.0;1.0;nan;nan;nan;nan;nan;nan;nan;0.0;0.0;nan;nan;nan;nan;nan;nan;nan;0.0;0.0;nan;nan;0.0;0.0;nan;nan;0;2;1;1;0;0;0;0;0;0;0;0;0
8193741279;1146008;1;4259850;4028193;4325386;396809;1.0;1.0;nan;nan;nan;nan;nan;nan;nan;0.0;0.0;nan;nan;nan;nan;nan;nan;nan;0.0;0.0;nan;nan;0.0;0.0;nan;nan;0;2;1;1;0;0;0;0;0;0;0;0;0
8194749078;1146008;1;4259850;4028193;4325386;396809;1.0;1.0;nan;nan;nan;nan;nan;nan;nan;0.0;0.0;nan;nan;nan;nan;nan;nan;nan;0.0;0.0;nan;nan;0.0;0.0;nan;nan;0;2;1;1;0;0;0;0;0;0;0;0;0
8195756859;1146008;1;4259850;4028193;4325386;396809;1.0;1.0;nan;nan;nan;nan;nan;nan;nan;0.0;0.0;nan;nan;nan;nan;nan;nan;nan;0.0;0.0;nan;nan;0.0;0.0;nan;nan;0;2;1;1;0;0;0;0;0;0;0;0;0
8196764684;1146008;1;4259850;4028193;4325386;396809;1.0;1.0;nan;nan;nan;nan;nan;nan;nan;0.0;0.0;nan;nan;nan;nan;nan;nan;nan;0.0;0.0;nan;nan;0.0;0.0;nan;nan;0;2;1;1;0;0;0;0;0;0;0;0;0
8197772442;1146008;1;4259850;4028193;4325386;396809;1.0;1.0;nan;nan;nan;nan;nan;nan;nan;0.0;0.0;nan;nan;nan;nan;nan;nan;nan;0.0;0.0;nan;nan;0.0;0.0;nan;nan;0;2;1;1;0;0;0;0;0;0;0;0;0
8198780147;1146008;1;4259850;4028193;4325386;396809;1.0;1.0;nan;nan;nan;nan;nan;nan;nan;0.0;0.0;nan;nan;nan;nan;nan;nan;nan;0.0;0.0;nan;nan;0.0;0.0;nan;nan;0;2;1;1;0;0;0;0;0;0;0;0;0
8199787900;1146008;1;4259850;4028193;4325386;396809;1.0;1.0;nan;nan;nan;nan;nan;nan;nan;0.0;0.0;nan;nan;nan;nan;nan;nan;nan;0.0;0.0;nan;nan;0.0;0.0;nan;nan;0;2;1;1;0;0;0;0;0;0;0;0;0
8200795724;1146008;1;4259850;4028193;4325386;396809;1.0;1.0;nan;nan;nan;nan;nan;nan;nan;0.0;0.0;nan;nan;nan;nan;nan;nan;nan;0.0;0.0;nan;nan;0.0;0.0;nan;nan;0;2;1;1;0;0;0;0;0;0;0;0;0
8201803469;1146008;1;4259850;4028193;4325386;396809;1.0;1.0;nan;nan;nan;nan;nan;nan;nan;0.0;0.0;nan;nan;nan;nan;nan;nan;nan;0.0;0.0;nan;nan;0.0;0.0;nan;nan;0;2;1;1;0;0;0;0;0;0;0;0;0
8202811342;1146008;1;4259850;4028193;4325386;396809;1.0;1.0;nan;nan;nan;nan;nan;nan;nan;0.0;0.0;nan;nan;nan;nan;nan;nan;nan;0.0;0.0;nan;nan;0.0;0.0;nan;nan;0;2;1;1;0;0;0;0;0;0;0;0;0
8203818951;1146008;1;4259850;4028193;4325386;396809;1.0;1.0;nan;nan;nan;nan;nan;nan;nan;0.0;0.0;nan;nan;nan;nan;nan;nan;nan;0.0;0.0;nan;nan;0.0;0.0;nan;nan;0;2;1;1;0;0;0;0;0;0;0;0;0
8204826846;1146008;1;4259850;4028193;4325386;396809;1.0;1.0;nan;nan;nan;nan;nan;nan;nan;0.0;0.0;nan;nan;nan;nan;nan;nan;nan;0.0;0.0;nan;nan;0.0;0.0;nan;nan;0;2;1;1;0;0;0;0;0;0;0;0;0
8205834619;1146008;1;4259850;4028193;4325386;396809;1.0;1.0;nan;nan;nan;nan;nan;nan;nan;0.0;0.0;nan;nan;nan;nan;nan;nan;nan;0.0;0.0;nan;nan;0.0;0.0;nan;nan;0;2;1;1;0;0;0;0;0;0;0;0;0
8206842370;1146008;1;4259850;4028193;4325386;396809;1.0;1.0;nan;nan;nan;nan;nan;nan;nan;0.0;0.0;nan;nan;nan;nan;nan;nan;nan;0.0;0.0;nan;nan;0.0;0.0;nan;nan;0;2;1;1;0;0;0;0;0;0;0;0;0
8207850081;1146008;1;4259850;4028193;4325386;396809;1.0;1.0;nan;nan;nan;nan;nan;nan;nan;0.0;0.0;nan;nan;nan;nan;nan;nan;nan;0.0;0.0;nan;nan;0.0;0.0;nan;nan;0;2;1;1;0;0;0;0;0;0;0;0;0
8208857878;1146008;1;4259850;4028193;4325386;396809;1.0;1.0;nan;nan;nan;nan;nan;nan;nan;0.0;0.0;nan;nan;nan;nan;nan;nan;nan;0.0;0.0;nan;nan;0.0;0.0;nan;nan;0;2;1;1;0;0;0;0;0;0;0;0;0
8209865618;1146008;1;4259850;4028193;4325386;396809;1.0;1.0;nan;nan;nan;nan;nan;nan;nan;0.0;0.0;nan;nan;nan;nan;nan;nan;nan;0.0;0.0;nan;nan;0.0;0.0;nan;nan;0;2;1;1;0;0;0;0;0;0;0;0;0
8210873403;1146008;1;4259850;4028193;4325386;396809;1.0;1.0;nan;nan;nan;nan;nan;nan;nan;0.0;0.0;nan;nan;nan;nan;nan;nan;nan;0.0;0.0;nan;nan;0.0;0.0;nan;nan;0;2;1;1;0;0;0;0;0;0;0;0;0
8211881461;1146008;1;4259850;4028193;4325386;396809;1.0;1.0;nan;nan;nan;nan;nan;nan;nan;0.0;0.0;nan;nan;nan;nan;nan;nan;nan;0.0;0.0;nan;nan;0.0;0.0;nan;nan;0;2;1;1;0;0;0;0;0;0;0;0;0
8212888966;1146008;1;4259850;4028193;4325386;396809;1.0;1.0;nan;nan;nan;nan;nan;nan;nan;0.0;0.0;nan;nan;nan;nan;nan;nan;nan;0.0;0.0;nan;nan;0.0;0.0;nan;nan;0;2;1;1;0;0;0;0;0;0;0;0;0
8213896941;1146008;1;4259850;4028193;4325386;396809;1.0;1.0;nan;nan;nan;nan;nan;nan;nan;0.0;0.0;nan;nan;nan;nan;nan;nan;nan;0.0;0.0;nan;nan;0.0;0.0;nan;nan;0;2;1;1;0;0;0;0;0;0;0;0;0
8214904476;1146008;1;4259850;4028193;4325386;396809;1.0;1.0;nan;nan;nan;nan;nan;nan;nan;0.0;0.0;nan;nan;nan;nan;nan;nan;nan;0.0;0.0;nan;nan;0.0;0.0;nan;nan;0;2;1;1;0;0;0;0;0;0;0;0;0
8215912527;1146008;1;4259850;4028193;4325386;396809;1.0;1.0;nan;nan;nan;nan;nan;nan;nan;0.0;0.0;nan;nan;nan;nan;nan;nan;nan;0.0;0.0;nan;nan;0.0;0.0;nan;nan;0;2;1;1;0;0;0;0;0;0;0;0;0
8216919986;1146008;1;4259850;4028193;4325386;396809;1.0;1.0;nan;nan;nan;nan;nan;nan;nan;0.0;0.0;nan;nan;nan;nan;nan;nan;nan;0.0;0.0;nan;nan;0.0;0.0;nan;nan;0;2;1;1;0;0;0;0;0;0;0;0;0
8217928002;1146008;1;4259850;4028193;4325386;396809;1.0;1.0;nan;nan;nan;nan;nan;nan;nan;0.0;0.0;nan;nan;nan;nan;nan;nan;nan;0.0;0.0;nan;nan;0.0;0.0;nan;nan;0;2;1;1;0;0;0;0;0;0;0;0;0
8218935578;1146008;1;4259850;4028193;4325386;396809;1.0;1.0;nan;nan;nan;nan;nan;nan;nan;0.0;0.0;nan;nan;nan;nan;nan;nan;nan;0.0;0.0;nan;nan;0.0;0.0;nan;nan;0;2;1;1;0;0;0;0;0;0;0;0;0
8219943610;1146008;1;4259850;4028193;4325386;396809;1.0;1.0;nan;nan;nan;nan;nan;nan;nan;0.0;0.0;nan;nan;nan;nan;nan;nan;nan;0.0;0.0;nan;nan;0.0;0.0;nan;nan;0;2;1;1;0;0;0;0;0;0;0;0;0
8220951131;1146008;1;4259850;4028193;4325386;396809;1.0;1.0;nan;nan;nan;nan;nan;nan;nan;0.0;0.0;nan;nan;nan;nan;nan;nan;nan;0.0;0.0;nan;nan;0.0;0.0;nan;nan;0;2;1;1;0;0;0;0;0;0;0;0;0
8221958873;1146008;1;4259850;4028193;4325386;396809;1.0;1.0;nan;nan;nan;nan;nan;nan;nan;0.0;0.0;nan;nan;nan;nan;nan;nan;nan;0.0;0.0;nan;nan;0.0;0.0;nan;nan;0;2;1;1;0;0;0;0;0;0;0;0;0
8222966650;1146008;1;4259850;4028193;4325386;396809;1.0;1.0;nan;nan;nan;nan;nan;nan;nan;0.0;0.0;nan;nan;nan;nan;nan;nan;nan;0.0;0.0;nan;nan;0.0;0.0;nan;nan;0;2;1;1;0;0;0;0;0;0;0;0;0
8223974325;1146008;1;4259850;4028193;4325386;396809;1.0;1.0;nan;nan;nan;nan;nan;nan;nan;0.0;0.0;nan;nan;nan;nan;nan;nan;nan;0.0;0.0;nan;nan;0.0;0.0;nan;nan;0;2;1;1;0;0;0;0;0;0;0;0;0
8224982205;1146008;1;4259850;4028193;4325386;396809;1.0;1.0;nan;nan;nan;nan;nan;nan;nan;0.0;0.0;nan;nan;nan;nan;nan;nan;nan;0.0;0.0;nan;nan;0.0;0.0;nan;nan;0;2;1;1;0;0;0;0;0;0;0;0;0
8225989952;1146008;1;4259850;4028193;4325386;396809;1.0;1.0;nan;nan;nan;nan;nan;nan;nan;0.0;0.0;nan;nan;nan;nan;nan;nan;nan;0.0;0.0;nan;nan;0.0;0.0;nan;nan;0;2;1;1;0;0;0;0;0;0;0;0;0
8226997740;1146008;1;4259850;4028193;4325386;396809;1.0;1.0;nan;nan;nan;nan;nan;nan;nan;0.0;0.0;nan;nan;nan;nan;nan;nan;nan;0.0;0.0;nan;nan;0.0;0.0;nan;nan;0;2;1;1;0;0;0;0;0;0;0;0;0
8228005444;1146008;1;4259850;4028193;4325386;396809;1.0;1.0;nan;nan;nan;nan;nan;nan;nan;0.0;0.0;nan;nan;nan;nan;nan;nan;nan;0.0;0.0;nan;nan;0.0;0.0;nan;nan;0;2;1;1;0;0;0;0;0;0;0;0;0
8229013217;1146008;1;4259850;4028193;4325386;396809;1.0;1.0;nan;nan;nan;nan;nan;nan;nan;0.0;0.0;nan;nan;nan;nan;nan;nan;nan;0.0;0.0;nan;nan;0.0;0.0;nan;nan;0;2;1;1;0;0;0;0;0;0;0;0;0
8230021060;1146008;1;4259850;4028193;4325386;396809;1.0;1.0;nan;nan;nan;nan;nan;nan;nan;0.0;0.0;nan;nan;nan;nan;nan;nan;nan;0.0;0.0;nan;nan;0.0;0.0;nan;nan;0;2;1;1;0;0;0;0;0;0;0;0;0
8231028742;1146008;1;4259850;4028193;4325386;396809;1.0;1.0;nan;nan;nan;nan;nan;nan;nan;0.0;0.0;nan;nan;nan;nan;nan;nan;nan;0.0;0.0;nan;nan;0.0;0.0;nan;nan;0;2;1;1;0;0;0;0;0;0;0;0;0
8232036531;1146008;1;4259850;4028193;4325386;396809;1.0;1.0;nan;nan;nan;nan;nan;nan;nan;0.0;0.0;nan;nan;nan;nan;nan;nan;nan;0.0;0.0;nan;nan;0.0;0.0;nan;nan;0;2;1;1;0;0;0;0;0;0;0;0;0
8233044317;1146008;1;4259850;4028193;4325386;396809;1.0;1.0;nan;nan;nan;nan;nan;nan;nan;0.0;0.0;nan;nan;nan;nan;nan;nan;nan;0.0;0.0;nan;nan;0.0;0.0;nan;nan;0;2;1;1;0;0;0;0;0;0;0;0;0
8234052027;1146008;1;4259850;4028193;4325386;396809;1.0;1.0;nan;nan;nan;nan;nan;nan;nan;0.0;0.0;nan;nan;nan;nan;nan;nan;nan;0.0;0.0;nan;nan;0.0;0.0;nan;nan;0;2;1;1;0;0;0;0;0;0;0;0;0
8235059816;1146008;1;4259850;4028193;4325386;396809;1.0;1.0;nan;nan;nan;nan;nan;nan;nan;0.0;0.0;nan;nan;nan;nan;nan;nan;nan;0.0;0.0;nan;nan;0.0;0.0;nan;nan;0;2;1;1;0;0;0;0;0;0;0;0;0
8236067729;1146008;1;4259850;4028193;4325386;396809;1.0;1.0;nan;nan;nan;nan;nan;nan;nan;0.0;0.0;nan;nan;nan;nan;nan;nan;nan;0.0;0.0;nan;nan;0.0;0.0;nan;nan;0;2;1;1;0;0;0;0;0;0;0;0;0
8237075375;1146008;1;4259850;4028193;4325386;396809;1.0;1.0;nan;nan;nan;nan;nan;nan;nan;0.0;0.0;nan;nan;nan;nan;nan;nan;nan;0.0;0.0;nan;nan;0.0;0.0;nan;nan;0;2;1;1;0;0;0;0;0;0;0;0;0
8238083117;1146008;1;4259850;4028193;4325386;396809;1.0;1.0;nan;nan;nan;nan;nan;nan;nan;0.0;0.0;nan;nan;nan;nan;nan;nan;nan;0.0;0.0;nan;nan;0.0;0.0;nan;nan;0;2;1;1;0;0;0;0;0;0;0;0;0
8239090896;1146008;1;4259850;4028193;4325386;396809;1.0;1.0;nan;nan;nan;nan;nan;nan;nan;0.0;0.0;nan;nan;nan;nan;nan;nan;nan;0.0;0.0;nan;nan;0.0;0.0;nan;nan;0;2;1;1;0;0;0;0;0;0;0;0;0
8240098673;1146008;1;4259850;4028193;4325386;396809;1.0;1.0;nan;nan;nan;nan;nan;nan;nan;0.0;0.0;nan;nan;nan;nan;nan;nan;nan;0.0;0.0;nan;nan;0.0;0.0;nan;nan;0;2;1;1;0;0;0;0;0;0;0;0;0
8241106395;1146008;1;4259850;4028193;4325386;396809;1.0;1.0;nan;nan;nan;nan;nan;nan;nan;0.0;0.0;nan;nan;nan;nan;nan;nan;nan;0.0;0.0;nan;nan;0.0;0.0;nan;nan;0;2;1;1;0;0;0;0;0;0;0;0;0
8242114223;1146008;1;4259850;4028193;4325386;396809;1.0;1.0;nan;nan;nan;nan;nan;nan;nan;0.0;0.0;nan;nan;nan;nan;nan;nan;nan;0.0;0.0;nan;nan;0.0;0.0;nan;nan;0;2;1;1;0;0;0;0;0;0;0;0;0
8243122051;1146008;1;4259850;4028193;4325386;396809;1.0;1.0;nan;nan;nan;nan;nan;nan;nan;0.0;0.0;nan;nan;nan;nan;nan;nan;nan;0.0;0.0;nan;nan;0.0;0.0;nan;nan;0;2;1;1;0;0;0;0;0;0;0;0;0
8244129759;1146008;1;4259850;4028193;4325386;396809;1.0;1.0;nan;nan;nan;nan;nan;nan;nan;0.0;0.0;nan;nan;nan;nan;nan;nan;nan;0.0;0.0;nan;nan;0.0;0.0;nan;nan;0;2;1;1;0;0;0;0;0;0;0;0;0
8245137458;1146008;1;4259850;4028193;4325386;396809;1.0;1.0;nan;nan;nan;nan;nan;nan;nan;0.0;0.0;nan;nan;nan;nan;nan;nan;nan;0.0;0.0;nan;nan;0.0;0.0;nan;nan;0;2;1;1;0;0;0;0;0;0;0;0;0
8246145288;1146008;1;4259850;4028193;4325386;396809;1.0;1.0;nan;nan;nan;nan;nan;nan;nan;0.0;0.0;nan;nan;nan;nan;nan;nan;nan;0.0;0.0;nan;nan;0.0;0.0;nan;nan;0;2;1;1;0;0;0;0;0;0;0;0;0
8247153055;1146008;1;4259850;4028193;4325386;396809;1.0;1.0;nan;nan;nan;nan;nan;nan;nan;0.0;0.0;nan;nan;nan;nan;nan;nan;nan;0.0;0.0;nan;nan;0.0;0.0;nan;nan;0;2;1;1;0;0;0;0;0;0;0;0;0
8248160873;1146008;1;4259850;4028193;4325386;396809;1.0;1.0;nan;nan;nan;nan;nan;nan;nan;0.0;0.0;nan;nan;nan;nan;nan;nan;nan;0.0;0.0;nan;nan;0.0;0.0;nan;nan;0;2;1;1;0;0;0;0;0;0;0;0;0
8249168492;1146008;1;4259850;4028193;4325386;396809;1.0;1.0;nan;nan;nan;nan;nan;nan;nan;0.0;0.0;nan;nan;nan;nan;nan;nan;nan;0.0;0.0;nan;nan;0.0;0.0;nan;nan;0;2;1;1;0;0;0;0;0;0;0;0;0
8250176369;1146008;1;4259850;4028193;4325386;396809;1.0;1.0;nan;nan;nan;nan;nan;nan;nan;0.0;0.0;nan;nan;nan;nan;nan;nan;nan;0.0;0.0;nan;nan;0.0;0.0;nan;nan;0;2;1;1;0;0;0;0;0;0;0;0;0
8251184193;1146008;1;4259850;4028193;4325386;396809;1.0;1.0;nan;nan;nan;nan;nan;nan;nan;0.0;0.0;nan;nan;nan;nan;nan;nan;nan;0.0;0.0;nan;nan;0.0;0.0;nan;nan;0;2;1;1;0;0;0;0;0;0;0;0;0
8252191823;1146008;1;4259850;4028193;4325386;396809;1.0;1.0;nan;nan;nan;nan;nan;nan;nan;0.0;0.0;nan;nan;nan;nan;nan;nan;nan;0.0;0.0;nan;nan;0.0;0.0;nan;nan;0;2;1;1;0;0;0;0;0;0;0;0;0
8253199632;1146008;1;4259850;4028193;4325386;396809;1.0;1.0;nan;nan;nan;nan;nan;nan;nan;0.0;0.0;nan;nan;nan;nan;nan;nan;nan;0.0;0.0;nan;nan;0.0;0.0;nan;nan;0;2;1;1;0;0;0;0;0;0;0;0;0
8254207347;1146008;1;4259850;4028193;4325386;396809;1.0;1.0;nan;nan;nan;nan;nan;nan;nan;0.0;0.0;nan;nan;nan;nan;nan;nan;nan;0.0;0.0;nan;nan;0.0;0.0;nan;nan;0;2;1;1;0;0;0;0;0;0;0;0;0
8255215462;1146008;1;4259850;4028193;4325386;396809;1.0;1.0;nan;nan;nan;nan;nan;nan;nan;0.0;0.0;nan;nan;nan;nan;nan;nan;nan;0.0;0.0;nan;nan;0.0;0.0;nan;nan;0;2;1;1;0;0;0;0;0;0;0;0;0
8256222878;1146008;1;4259850;4028193;4325386;396809;1.0;1.0;nan;nan;nan;nan;nan;nan;nan;0.0;0.0;nan;nan;nan;nan;nan;nan;nan;0.0;0.0;nan;nan;0.0;0.0;nan;nan;0;2;1;1;0;0;0;0;0;0;0;0;0
8257230911;1146008;1;4259850;4028193;4325386;396809;1.0;1.0;nan;nan;nan;nan;nan;nan;nan;0.0;0.0;nan;nan;nan;nan;nan;nan;nan;0.0;0.0;nan;nan;0.0;0.0;nan;nan;0;2;1;1;0;0;0;0;0;0;0;0;0
8258238463;1146008;1;4259850;4028193;4325386;396809;1.0;1.0;nan;nan;nan;nan;nan;nan;nan;0.0;0.0;nan;nan;nan;nan;nan;nan;nan;0.0;0.0;nan;nan;0.0;0.0;nan;nan;0;2;1;1;0;0;0;0;0;0;0;0;0
8259246429;1146008;1;4259850;4028193;4325386;396809;1.0;1.0;nan;nan;nan;nan;nan;nan;nan;0.0;0.0;nan;nan;nan;nan;nan;nan;nan;0.0;0.0;nan;nan;0.0;0.0;nan;nan;0;2;1;1;0;0;0;0;0;0;0;0;0
8260254019;1146008;1;4259850;4028193;4325386;396809;1.0;1.0;nan;nan;nan;nan;nan;nan;nan;0.0;0.0;nan;nan;nan;nan;nan;nan;nan;0.0;0.0;nan;nan;0.0;0.0;nan;nan;0;2;1;1;0;0;0;0;0;0;0;0;0
8261262020;1146008;1;4259850;4028193;4325386;396809;1.0;1.0;nan;nan;nan;nan;nan;nan;nan;0.0;0.0;nan;nan;nan;nan;nan;nan;nan;0.0;0.0;nan;nan;0.0;0.0;nan;nan;0;2;1;1;0;0;0;0;0;0;0;0;0
8262269469;1146008;1;4259850;4028193;4325386;396809;1.0;1.0;nan;nan;nan;nan;nan;nan;nan;0.0;0.0;nan;nan;nan;nan;nan;nan;nan;0.0;0.0;nan;nan;0.0;0.0;nan;nan;0;2;1;1;0;0;0;0;0;0;0;0;0
8263277484;1146008;1;4259850;4028193;4325386;396809;1.0;1.0;nan;nan;nan;nan;nan;nan;nan;0.0;0.0;nan;nan;nan;nan;nan;nan;nan;0.0;0.0;nan;nan;0.0;0.0;nan;nan;0;2;1;1;0;0;0;0;0;0;0;0;0
8264285059;1146008;1;4259850;4028193;4325386;396809;1.0;1.0;nan;nan;nan;nan;nan;nan;nan;0.0;0.0;nan;nan;nan;nan;nan;nan;nan;0.0;0.0;nan;nan;0.0;0.0;nan;nan;0;2;1;1;0;0;0;0;0;0;0;0;0
8265292770;1146008;1;4259850;4028193;4325386;396809;1.0;1.0;nan;nan;nan;nan;nan;nan;nan;0.0;0.0;nan;nan;nan;nan;nan;nan;nan;0.0;0.0;nan;nan;0.0;0.0;nan;nan;0;2;1;1;0;0;0;0;0;0;0;0;0
8266300563;1146008;1;4259850;4028193;4325386;396809;1.0;1.0;nan;nan;nan;nan;nan;nan;nan;0.0;0.0;nan;nan;nan;nan;nan;nan;nan;0.0;0.0;nan;nan;0.0;0.0;nan;nan;0;2;1;1;0;0;0;0;0;0;0;0;0
8267308404;1146008;1;4259850;4028193;4325386;396809;1.0;1.0;nan;nan;nan;nan;nan;nan;nan;0.0;0.0;nan;nan;nan;nan;nan;nan;nan;0.0;0.0;nan;nan;0.0;0.0;nan;nan;0;2;1;1;0;0;0;0;0;0;0;0;0
8268316137;1146008;1;4259850;4028193;4325386;396809;1.0;1.0;nan;nan;nan;nan;nan;nan;nan;0.0;0.0;nan;nan;nan;nan;nan;nan;nan;0.0;0.0;nan;nan;0.0;0.0;nan;nan;0;2;1;1;0;0;0;0;0;0;0;0;0
8269323776;1146008;1;4259850;4028193;4325386;396809;1.0;1.0;nan;nan;nan;nan;nan;nan;nan;0.0;0.0;nan;nan;nan;nan;nan;nan;nan;0.0;0.0;nan;nan;0.0;0.0;nan;nan;0;2;1;1;0;0;0;0;0;0;0;0;0
8270331610;1146008;1;4259850;4028193;4325386;396809;1.0;1.0;nan;nan;nan;nan;nan;nan;nan;0.0;0.0;nan;nan;nan;nan;nan;nan;nan;0.0;0.0;nan;nan;0.0;0.0;nan;nan;0;2;1;1;0;0;0;0;0;0;0;0;0
8271339376;1146008;1;4259850;4028193;4325386;396809;1.0;1.0;nan;nan;nan;nan;nan;nan;nan;0.0;0.0;nan;nan;nan;nan;nan;nan;nan;0.0;0.0;nan;nan;0.0;0.0;nan;nan;0;2;1;1;0;0;0;0;0;0;0;0;0
8272347145;1146008;1;4259850;4028193;4325386;396809;1.0;1.0;nan;nan;nan;nan;nan;nan;nan;0.0;0.0;nan;nan;nan;nan;nan;nan;nan;0.0;0.0;nan;nan;0.0;0.0;nan;nan;0;2;1;1;0;0;0;0;0;0;0;0;0
8273354907;1146008;1;4259850;4028193;4325386;396809;1.0;1.0;nan;nan;nan;nan;nan;nan;nan;0.0;0.0;nan;nan;nan;nan;nan;nan;nan;0.0;0.0;nan;nan;0.0;0.0;nan;nan;0;2;1;1;0;0;0;0;0;0;0;0;0
8274362658;1146008;1;4259850;4028193;4325386;396809;1.0;1.0;nan;nan;nan;nan;nan;nan;nan;0.0;0.0;nan;nan;nan;nan;nan;nan;nan;0.0;0.0;nan;nan;0.0;0.0;nan;nan;0;2;1;1;0;0;0;0;0;0;0;0;0
8275370462;1146008;1;4259850;4028193;4325386;396809;1.0;1.0;nan;nan;nan;nan;nan;nan;nan;0.0;0.0;nan;nan;nan;nan;nan;nan;nan;0.0;0.0;nan;nan;0.0;0.0;nan;nan;0;2;1;1;0;0;0;0;0;0;0;0;0
8276378196;1146008;1;4259850;4028193;4325386;396809;1.0;1.0;nan;nan;nan;nan;nan;nan;nan;0.0;0.0;nan;nan;nan;nan;nan;nan;nan;0.0;0.0;nan;nan;0.0;0.0;nan;nan;0;2;1;1;0;0;0;0;0;0;0;0;0
8277385951;1146008;1;4259850;4028193;4325386;396809;1.0;1.0;nan;nan;nan;nan;nan;nan;nan;0.0;0.0;nan;nan;nan;nan;nan;nan;nan;0.0;0.0;nan;nan;0.0;0.0;nan;nan;0;2;1;1;0;0;0;0;0;0;0;0;0
8278393781;1146008;1;4259850;4028193;4325386;396809;1.0;1.0;nan;nan;nan;nan;nan;nan;nan;0.0;0.0;nan;nan;nan;nan;nan;nan;nan;0.0;0.0;nan;nan;0.0;0.0;nan;nan;0;2;1;1;0;0;0;0;0;0;0;0;0
8279401443;1146008;1;4259850;4028193;4325386;396809;1.0;1.0;nan;nan;nan;nan;nan;nan;nan;0.0;0.0;nan;nan;nan;nan;nan;nan;nan;0.0;0.0;nan;nan;0.0;0.0;nan;nan;0;2;1;1;0;0;0;0;0;0;0;0;0
8280409209;1146008;1;4259850;4028193;4325386;396809;1.0;1.0;nan;nan;nan;nan;nan;nan;nan;0.0;0.0;nan;nan;nan;nan;nan;nan;nan;0.0;0.0;nan;nan;0.0;0.0;nan;nan;0;2;1;1;0;0;0;0;0;0;0;0;0
8281417075;1146008;1;4259850;4028193;4325386;396809;1.0;1.0;nan;nan;nan;nan;nan;nan;nan;0.0;0.0;nan;nan;nan;nan;nan;nan;nan;0.0;0.0;nan;nan;0.0;0.0;nan;nan;0;2;1;1;0;0;0;0;0;0;0;0;0
8282424844;1146008;1;4259850;4028193;4325386;396809;1.0;1.0;nan;nan;nan;nan;nan;nan;nan;0.0;0.0;nan;nan;nan;nan;nan;nan;nan;0.0;0.0;nan;nan;0.0;0.0;nan;nan;0;2;1;1;0;0;0;0;0;0;0;0;0
8283432618;1146008;1;4259850;4028193;4325386;396809;1.0;1.0;nan;nan;nan;nan;nan;nan;nan;0.0;0.0;nan;nan;nan;nan;nan;nan;nan;0.0;0.0;nan;nan;0.0;0.0;nan;nan;0;2;1;1;0;0;0;0;0;0;0;0;0
8284432822;1146008;1;4259850;4028193;4325386;396809;1.0;1.0;nan;nan;nan;nan;nan;nan;nan;0.0;0.0;nan;nan;nan;nan;nan;nan;nan;0.0;0.0;nan;nan;0.0;0.0;nan;nan;0;2;1;1;0;0;0;0;0;0;0;0;0
8285439033;1146008;1;4259850;4028193;4325386;396809;1.0;1.0;nan;nan;nan;nan;nan;nan;nan;0.0;0.0;nan;nan;nan;nan;nan;nan;nan;0.0;0.0;nan;nan;0.0;0.0;nan;nan;0;2;1;1;0;0;0;0;0;0;0;0;0
8286446863;1146008;1;4259850;4028193;4325386;396809;1.0;1.0;nan;nan;nan;nan;nan;nan;nan;0.0;0.0;nan;nan;nan;nan;nan;nan;nan;0.0;0.0;nan;nan;0.0;0.0;nan;nan;0;2;1;1;0;0;0;0;0;0;0;0;0
8287454567;1146008;1;4259850;4028193;4325386;396809;1.0;1.0;nan;nan;nan;nan;nan;nan;nan;0.0;0.0;nan;nan;nan;nan;nan;nan;nan;0.0;0.0;nan;nan;0.0;0.0;nan;nan;0;2;1;1;0;0;0;0;0;0;0;0;0
8288462595;1146008;1;4259850;4028193;4325386;396809;1.0;1.0;nan;nan;nan;nan;nan;nan;nan;0.0;0.0;nan;nan;nan;nan;nan;nan;nan;0.0;0.0;nan;nan;0.0;0.0;nan;nan;0;2;1;1;0;0;0;0;0;0;0;0;0
8289470136;1146008;1;4259850;4028193;4325386;396809;1.0;1.0;nan;nan;nan;nan;nan;nan;nan;0.0;0.0;nan;nan;nan;nan;nan;nan;nan;0.0;0.0;nan;nan;0.0;0.0;nan;nan;0;2;1;1;0;0;0;0;0;0;0;0;0
8290478099;1146008;1;4259850;4028193;4325386;396809;1.0;1.0;nan;nan;nan;nan;nan;nan;nan;0.0;0.0;nan;nan;nan;nan;nan;nan;nan;0.0;0.0;nan;nan;0.0;0.0;nan;nan;0;2;1;1;0;0;0;0;0;0;0;0;0
8291485659;1146008;1;4259850;4028193;4325386;396809;1.0;1.0;nan;nan;nan;nan;nan;nan;nan;0.0;0.0;nan;nan;nan;nan;nan;nan;nan;0.0;0.0;nan;nan;0.0;0.0;nan;nan;0;2;1;1;0;0;0;0;0;0;0;0;0
8292493648;1146008;1;4259850;4028193;4325386;396809;1.0;1.0;nan;nan;nan;nan;nan;nan;nan;0.0;0.0;nan;nan;nan;nan;nan;nan;nan;0.0;0.0;nan;nan;0.0;0.0;nan;nan;0;2;1;1;0;0;0;0;0;0;0;0;0
8293501161;1146008;1;4259850;4028193;4325386;396809;1.0;1.0;nan;nan;nan;nan;nan;nan;nan;0.0;0.0;nan;nan;nan;nan;nan;nan;nan;0.0;0.0;nan;nan;0.0;0.0;nan;nan;0;2;1;1;0;0;0;0;0;0;0;0;0
8294509164;1146008;1;4259850;4028193;4325386;396809;1.0;1.0;nan;nan;nan;nan;nan;nan;nan;0.0;0.0;nan;nan;nan;nan;nan;nan;nan;0.0;0.0;nan;nan;0.0;0.0;nan;nan;0;2;1;1;0;0;0;0;0;0;0;0;0
8295516753;1146008;1;4259850;4028193;4325386;396809;1.0;1.0;nan;nan;nan;nan;nan;nan;nan;0.0;0.0;nan;nan;nan;nan;nan;nan;nan;0.0;0.0;nan;nan;0.0;0.0;nan;nan;0;2;1;1;0;0;0;0;0;0;0;0;0
8296524798;1146008;1;4259850;4028193;4325386;396809;1.0;1.0;nan;nan;nan;nan;nan;nan;nan;0.0;0.0;nan;nan;nan;nan;nan;nan;nan;0.0;0.0;nan;nan;0.0;0.0;nan;nan;0;2;1;1;0;0;0;0;0;0;0;0;0
8297532200;1146008;1;4259850;4028193;4325386;396809;1.0;1.0;nan;nan;nan;nan;nan;nan;nan;0.0;0.0;nan;nan;nan;nan;nan;nan;nan;0.0;0.0;nan;nan;0.0;0.0;nan;nan;0;2;1;1;0;0;0;0;0;0;0;0;0
8298540026;1146008;1;4259850;4028193;4325386;396809;1.0;1.0;nan;nan;nan;nan;nan;nan;nan;0.0;0.0;nan;nan;nan;nan;nan;nan;nan;0.0;0.0;nan;nan;0.0;0.0;nan;nan;0;2;1;1;0;0;0;0;0;0;0;0;0
8299547757;1146008;1;4259850;4028193;4325386;396809;1.0;1.0;nan;nan;nan;nan;nan;nan;nan;0.0;0.0;nan;nan;nan;nan;nan;nan;nan;0.0;0.0;nan;nan;0.0;0.0;nan;nan;0;2;1;1;0;0;0;0;0;0;0;0;0
8300555525;1146008;1;4259850;4028193;4325386;396809;1.0;1.0;nan;nan;nan;nan;nan;nan;nan;0.0;0.0;nan;nan;nan;nan;nan;nan;nan;0.0;0.0;nan;nan;0.0;0.0;nan;nan;0;2;1;1;0;0;0;0;0;0;0;0;0
8301563286;1146008;1;4259850;4028193;4325386;396809;1.0;1.0;nan;nan;nan;nan;nan;nan;nan;0.0;0.0;nan;nan;nan;nan;nan;nan;nan;0.0;0.0;nan;nan;0.0;0.0;nan;nan;0;2;1;1;0;0;0;0;0;0;0;0;0
8302570974;1146008;1;4259850;4028193;4325386;396809;1.0;1.0;nan;nan;nan;nan;nan;nan;nan;0.0;0.0;nan;nan;nan;nan;nan;nan;nan;0.0;0.0;nan;nan;0.0;0.0;nan;nan;0;2;1;1;0;0;0;0;0;0;0;0;0
8303578731;1146008;1;4259850;4028193;4325386;396809;1.0;1.0;nan;nan;nan;nan;nan;nan;nan;0.0;0.0;nan;nan;nan;nan;nan;nan;nan;0.0;0.0;nan;nan;0.0;0.0;nan;nan;0;2;1;1;0;0;0;0;0;0;0;0;0
8304586687;1146008;1;4259850;4028193;4325386;396809;1.0;1.0;nan;nan;nan;nan;nan;nan;nan;0.0;0.0;nan;nan;nan;nan;nan;nan;nan;0.0;0.0;nan;nan;0.0;0.0;nan;nan;0;2;1;1;0;0;0;0;0;0;0;0;0
8305594309;1146008;1;4259850;4028193;4325386;396809;1.0;1.0;nan;nan;nan;nan;nan;nan;nan;0.0;0.0;nan;nan;nan;nan;nan;nan;nan;0.0;0.0;nan;nan;0.0;0.0;nan;nan;0;2;1;1;0;0;0;0;0;0;0;0;0
8306602089;1146008;1;4259850;4028193;4325386;396809;1.0;1.0;nan;nan;nan;nan;nan;nan;nan;0.0;0.0;nan;nan;nan;nan;nan;nan;nan;0.0;0.0;nan;nan;0.0;0.0;nan;nan;0;2;1;1;0;0;0;0;0;0;0;0;0
8307609803;1146008;1;4259850;4028193;4325386;396809;1.0;1.0;nan;nan;nan;nan;nan;nan;nan;0.0;0.0;nan;nan;nan;nan;nan;nan;nan;0.0;0.0;nan;nan;0.0;0.0;nan;nan;0;2;1;1;0;0;0;0;0;0;0;0;0
8308617652;1146008;1;4259850;4028193;4325386;396809;1.0;1.0;nan;nan;nan;nan;nan;nan;nan;0.0;0.0;nan;nan;nan;nan;nan;nan;nan;0.0;0.0;nan;nan;0.0;0.0;nan;nan;0;2;1;1;0;0;0;0;0;0;0;0;0
8309625324;1146008;1;4259850;4028193;4325386;396809;1.0;1.0;nan;nan;nan;nan;nan;nan;nan;0.0;0.0;nan;nan;nan;nan;nan;nan;nan;0.0;0.0;nan;nan;0.0;0.0;nan;nan;0;2;1;1;0;0;0;0;0;0;0;0;0
8310633118;1146008;1;4259850;4028193;4325386;396809;1.0;1.0;nan;nan;nan;nan;nan;nan;nan;0.0;0.0;nan;nan;nan;nan;nan;nan;nan;0.0;0.0;nan;nan;0.0;0.0;nan;nan;0;2;1;1;0;0;0;0;0;0;0;0;0
8311640990;1146008;1;4259850;4028193;4325386;396809;1.0;1.0;nan;nan;nan;nan;nan;nan;nan;0.0;0.0;nan;nan;nan;nan;nan;nan;nan;0.0;0.0;nan;nan;0.0;0.0;nan;nan;0;2;1;1;0;0;0;0;0;0;0;0;0
8312648696;1146008;1;4259850;4028193;4325386;396809;1.0;1.0;nan;nan;nan;nan;nan;nan;nan;0.0;0.0;nan;nan;nan;nan;nan;nan;nan;0.0;0.0;nan;nan;0.0;0.0;nan;nan;0;2;1;1;0;0;0;0;0;0;0;0;0
8313656364;1146008;1;4259850;4028193;4325386;396809;1.0;1.0;nan;nan;nan;nan;nan;nan;nan;0.0;0.0;nan;nan;nan;nan;nan;nan;nan;0.0;0.0;nan;nan;0.0;0.0;nan;nan;0;2;1;1;0;0;0;0;0;0;0;0;0
8314664265;1146008;1;4259850;4028193;4325386;396809;1.0;1.0;nan;nan;nan;nan;nan;nan;nan;0.0;0.0;nan;nan;nan;nan;nan;nan;nan;0.0;0.0;nan;nan;0.0;0.0;nan;nan;0;2;1;1;0;0;0;0;0;0;0;0;0
8315671951;1146008;1;4259850;4028193;4325386;396809;1.0;1.0;nan;nan;nan;nan;nan;nan;nan;0.0;0.0;nan;nan;nan;nan;nan;nan;nan;0.0;0.0;nan;nan;0.0;0.0;nan;nan;0;2;1;1;0;0;0;0;0;0;0;0;0
8316679675;1146008;1;4259850;4028193;4325386;396809;1.0;1.0;nan;nan;nan;nan;nan;nan;nan;0.0;0.0;nan;nan;nan;nan;nan;nan;nan;0.0;0.0;nan;nan;0.0;0.0;nan;nan;0;2;1;1;0;0;0;0;0;0;0;0;0
8317687416;1146008;1;4259850;4028193;4325386;396809;1.0;1.0;nan;nan;nan;nan;nan;nan;nan;0.0;0.0;nan;nan;nan;nan;nan;nan;nan;0.0;0.0;nan;nan;0.0;0.0;nan;nan;0;2;1;1;0;0;0;0;0;0;0;0;0
8318695223;1146008;1;4259850;4028193;4325386;396809;1.0;1.0;nan;nan;nan;nan;nan;nan;nan;0.0;0.0;nan;nan;nan;nan;nan;nan;nan;0.0;0.0;nan;nan;0.0;0.0;nan;nan;0;2;1;1;0;0;0;0;0;0;0;0;0
8319702986;1146008;1;4259850;4028193;4325386;396809;1.0;1.0;nan;nan;nan;nan;nan;nan;nan;0.0;0.0;nan;nan;nan;nan;nan;nan;nan;0.0;0.0;nan;nan;0.0;0.0;nan;nan;0;2;1;1;0;0;0;0;0;0;0;0;0
8320710696;1146008;1;4259850;4028193;4325386;396809;1.0;1.0;nan;nan;nan;nan;nan;nan;nan;0.0;0.0;nan;nan;nan;nan;nan;nan;nan;0.0;0.0;nan;nan;0.0;0.0;nan;nan;0;2;1;1;0;0;0;0;0;0;0;0;0
8321718514;1146008;1;4259850;4028193;4325386;396809;1.0;1.0;nan;nan;nan;nan;nan;nan;nan;0.0;0.0;nan;nan;nan;nan;nan;nan;nan;0.0;0.0;nan;nan;0.0;0.0;nan;nan;0;2;1;1;0;0;0;0;0;0;0;0;0
8322726233;1146008;1;4259850;4028193;4325386;396809;1.0;1.0;nan;nan;nan;nan;nan;nan;nan;0.0;0.0;nan;nan;nan;nan;nan;nan;nan;0.0;0.0;nan;nan;0.0;0.0;nan;nan;0;2;1;1;0;0;0;0;0;0;0;0;0
8323733966;1146008;1;4259850;4028193;4325386;396809;1.0;1.0;nan;nan;nan;nan;nan;nan;nan;0.0;0.0;nan;nan;nan;nan;nan;nan;nan;0.0;0.0;nan;nan;0.0;0.0;nan;nan;0;2;1;1;0;0;0;0;0;0;0;0;0
8324741788;1146008;1;4259850;4028193;4325386;396809;1.0;1.0;nan;nan;nan;nan;nan;nan;nan;0.0;0.0;nan;nan;nan;nan;nan;nan;nan;0.0;0.0;nan;nan;0.0;0.0;nan;nan;0;2;1;1;0;0;0;0;0;0;0;0;0
8325749595;1146008;1;4259850;4028193;4325386;396809;1.0;1.0;nan;nan;nan;nan;nan;nan;nan;0.0;0.0;nan;nan;nan;nan;nan;nan;nan;0.0;0.0;nan;nan;0.0;0.0;nan;nan;0;2;1;1;0;0;0;0;0;0;0;0;0
8326757337;1146008;1;4259850;4028193;4325386;396809;1.0;1.0;nan;nan;nan;nan;nan;nan;nan;0.0;0.0;nan;nan;nan;nan;nan;nan;nan;0.0;0.0;nan;nan;0.0;0.0;nan;nan;0;2;1;1;0;0;0;0;0;0;0;0;0
8327765028;1146008;1;4259850;4028193;4325386;396809;1.0;1.0;nan;nan;nan;nan;nan;nan;nan;0.0;0.0;nan;nan;nan;nan;nan;nan;nan;0.0;0.0;nan;nan;0.0;0.0;nan;nan;0;2;1;1;0;0;0;0;0;0;0;0;0
8328772883;1146008;1;4259850;4028193;4325386;396809;1.0;1.0;nan;nan;nan;nan;nan;nan;nan;0.0;0.0;nan;nan;nan;nan;nan;nan;nan;0.0;0.0;nan;nan;0.0;0.0;nan;nan;0;2;1;1;0;0;0;0;0;0;0;0;0
8329780857;1146008;1;4259850;4028193;4325386;396809;1.0;1.0;nan;nan;nan;nan;nan;nan;nan;0.0;0.0;nan;nan;nan;nan;nan;nan;nan;0.0;0.0;nan;nan;0.0;0.0;nan;nan;0;2;1;1;0;0;0;0;0;0;0;0;0
8330788312;1146008;1;4259850;4028193;4325386;396809;1.0;1.0;nan;nan;nan;nan;nan;nan;nan;0.0;0.0;nan;nan;nan;nan;nan;nan;nan;0.0;0.0;nan;nan;0.0;0.0;nan;nan;0;2;1;1;0;0;0;0;0;0;0;0;0
8331796362;1146008;1;4259850;4028193;4325386;396809;1.0;1.0;nan;nan;nan;nan;nan;nan;nan;0.0;0.0;nan;nan;nan;nan;nan;nan;nan;0.0;0.0;nan;nan;0.0;0.0;nan;nan;0;2;1;1;0;0;0;0;0;0;0;0;0
8332803836;1146008;1;4259850;4028193;4325386;396809;1.0;1.0;nan;nan;nan;nan;nan;nan;nan;0.0;0.0;nan;nan;nan;nan;nan;nan;nan;0.0;0.0;nan;nan;0.0;0.0;nan;nan;0;2;1;1;0;0;0;0;0;0;0;0;0
8333811918;1146008;1;4259850;4028193;4325386;396809;1.0;1.0;nan;nan;nan;nan;nan;nan;nan;0.0;0.0;nan;nan;nan;nan;nan;nan;nan;0.0;0.0;nan;nan;0.0;0.0;nan;nan;0;2;1;1;0;0;0;0;0;0;0;0;0
8334819396;1146008;1;4259850;4028193;4325386;396809;1.0;1.0;nan;nan;nan;nan;nan;nan;nan;0.0;0.0;nan;nan;nan;nan;nan;nan;nan;0.0;0.0;nan;nan;0.0;0.0;nan;nan;0;2;1;1;0;0;0;0;0;0;0;0;0
8335827464;1146008;1;4259850;4028193;4325386;396809;1.0;1.0;nan;nan;nan;nan;nan;nan;nan;0.0;0.0;nan;nan;nan;nan;nan;nan;nan;0.0;0.0;nan;nan;0.0;0.0;nan;nan;0;2;1;1;0;0;0;0;0;0;0;0;0
8336834926;1146008;1;4259850;4028193;4325386;396809;1.0;1.0;nan;nan;nan;nan;nan;nan;nan;0.0;0.0;nan;nan;nan;nan;nan;nan;nan;0.0;0.0;nan;nan;0.0;0.0;nan;nan;0;2;1;1;0;0;0;0;0;0;0;0;0
8337842863;1146008;1;4259850;4028193;4325386;396809;1.0;1.0;nan;nan;nan;nan;nan;nan;nan;0.0;0.0;nan;nan;nan;nan;nan;nan;nan;0.0;0.0;nan;nan;0.0;0.0;nan;nan;0;2;1;1;0;0;0;0;0;0;0;0;0
8338850518;1146008;1;4259850;4028193;4325386;396809;1.0;1.0;nan;nan;nan;nan;nan;nan;nan;0.0;0.0;nan;nan;nan;nan;nan;nan;nan;0.0;0.0;nan;nan;0.0;0.0;nan;nan;0;2;1;1;0;0;0;0;0;0;0;0;0
8339858234;1146008;1;4259850;4028193;4325386;396809;1.0;1.0;nan;nan;nan;nan;nan;nan;nan;0.0;0.0;nan;nan;nan;nan;nan;nan;nan;0.0;0.0;nan;nan;0.0;0.0;nan;nan;0;2;1;1;0;0;0;0;0;0;0;0;0
8340865930;1146008;1;4259850;4028193;4325386;396809;1.0;1.0;nan;nan;nan;nan;nan;nan;nan;0.0;0.0;nan;nan;nan;nan;nan;nan;nan;0.0;0.0;nan;nan;0.0;0.0;nan;nan;0;2;1;1;0;0;0;0;0;0;0;0;0
8341873713;1146008;1;4259850;4028193;4325386;396809;1.0;1.0;nan;nan;nan;nan;nan;nan;nan;0.0;0.0;nan;nan;nan;nan;nan;nan;nan;0.0;0.0;nan;nan;0.0;0.0;nan;nan;0;2;1;1;0;0;0;0;0;0;0;0;0
8342881488;1146008;1;4259850;4028193;4325386;396809;1.0;1.0;nan;nan;nan;nan;nan;nan;nan;0.0;0.0;nan;nan;nan;nan;nan;nan;nan;0.0;0.0;nan;nan;0.0;0.0;nan;nan;0;2;1;1;0;0;0;0;0;0;0;0;0
8343889239;1146008;1;4259850;4028193;4325386;396809;1.0;1.0;nan;nan;nan;nan;nan;nan;nan;0.0;0.0;nan;nan;nan;nan;nan;nan;nan;0.0;0.0;nan;nan;0.0;0.0;nan;nan;0;2;1;1;0;0;0;0;0;0;0;0;0
8344896947;1146008;1;4259850;4028193;4325386;396809;1.0;1.0;nan;nan;nan;nan;nan;nan;nan;0.0;0.0;nan;nan;nan;nan;nan;nan;nan;0.0;0.0;nan;nan;0.0;0.0;nan;nan;0;2;1;1;0;0;0;0;0;0;0;0;0
8345904788;1146008;1;4259850;4028193;4325386;396809;1.0;1.0;nan;nan;nan;nan;nan;nan;nan;0.0;0.0;nan;nan;nan;nan;nan;nan;nan;0.0;0.0;nan;nan;0.0;0.0;nan;nan;0;2;1;1;0;0;0;0;0;0;0;0;0
8346912587;1146008;1;4259850;4028193;4325386;396809;1.0;1.0;nan;nan;nan;nan;nan;nan;nan;0.0;0.0;nan;nan;nan;nan;nan;nan;nan;0.0;0.0;nan;nan;0.0;0.0;nan;nan;0;2;1;1;0;0;0;0;0;0;0;0;0
8347920228;1146008;1;4259850;4028193;4325386;396809;1.0;1.0;nan;nan;nan;nan;nan;nan;nan;0.0;0.0;nan;nan;nan;nan;nan;nan;nan;0.0;0.0;nan;nan;0.0;0.0;nan;nan;0;2;1;1;0;0;0;0;0;0;0;0;0
8348927961;1146008;1;4259850;4028193;4325386;396809;1.0;1.0;nan;nan;nan;nan;nan;nan;nan;0.0;0.0;nan;nan;nan;nan;nan;nan;nan;0.0;0.0;nan;nan;0.0;0.0;nan;nan;0;2;1;1;0;0;0;0;0;0;0;0;0
8349935843;1146008;1;4259850;4028193;4325386;396809;1.0;1.0;nan;nan;nan;nan;nan;nan;nan;0.0;0.0;nan;nan;nan;nan;nan;nan;nan;0.0;0.0;nan;nan;0.0;0.0;nan;nan;0;2;1;1;0;0;0;0;0;0;0;0;0
8350943582;1146008;1;4259850;4028193;4325386;396809;1.0;1.0;nan;nan;nan;nan;nan;nan;nan;0.0;0.0;nan;nan;nan;nan;nan;nan;nan;0.0;0.0;nan;nan;0.0;0.0;nan;nan;0;2;1;1;0;0;0;0;0;0;0;0;0
8351951323;1146008;1;4259850;4028193;4325386;396809;1.0;1.0;nan;nan;nan;nan;nan;nan;nan;0.0;0.0;nan;nan;nan;nan;nan;nan;nan;0.0;0.0;nan;nan;0.0;0.0;nan;nan;0;2;1;1;0;0;0;0;0;0;0;0;0
8352959000;1146008;1;4259850;4028193;4325386;396809;1.0;1.0;nan;nan;nan;nan;nan;nan;nan;0.0;0.0;nan;nan;nan;nan;nan;nan;nan;0.0;0.0;nan;nan;0.0;0.0;nan;nan;0;2;1;1;0;0;0;0;0;0;0;0;0
8353966811;1146008;1;4259850;4028193;4325386;396809;1.0;1.0;nan;nan;nan;nan;nan;nan;nan;0.0;0.0;nan;nan;nan;nan;nan;nan;nan;0.0;0.0;nan;nan;0.0;0.0;nan;nan;0;2;1;1;0;0;0;0;0;0;0;0;0
8354974584;1146008;1;4259850;4028193;4325386;396809;1.0;1.0;nan;nan;nan;nan;nan;nan;nan;0.0;0.0;nan;nan;nan;nan;nan;nan;nan;0.0;0.0;nan;nan;0.0;0.0;nan;nan;0;2;1;1;0;0;0;0;0;0;0;0;0
8355982305;1146008;1;4259850;4028193;4325386;396809;1.0;1.0;nan;nan;nan;nan;nan;nan;nan;0.0;0.0;nan;nan;nan;nan;nan;nan;nan;0.0;0.0;nan;nan;0.0;0.0;nan;nan;0;2;1;1;0;0;0;0;0;0;0;0;0
8356990118;1146008;1;4259850;4028193;4325386;396809;1.0;1.0;nan;nan;nan;nan;nan;nan;nan;0.0;0.0;nan;nan;nan;nan;nan;nan;nan;0.0;0.0;nan;nan;0.0;0.0;nan;nan;0;2;1;1;0;0;0;0;0;0;0;0;0
8357997908;1146008;1;4259850;4028193;4325386;396809;1.0;1.0;nan;nan;nan;nan;nan;nan;nan;0.0;0.0;nan;nan;nan;nan;nan;nan;nan;0.0;0.0;nan;nan;0.0;0.0;nan;nan;0;2;1;1;0;0;0;0;0;0;0;0;0
8359005589;1146008;1;4259850;4028193;4325386;396809;1.0;1.0;nan;nan;nan;nan;nan;nan;nan;0.0;0.0;nan;nan;nan;nan;nan;nan;nan;0.0;0.0;nan;nan;0.0;0.0;nan;nan;0;2;1;1;0;0;0;0;0;0;0;0;0
8360013363;1146008;1;4259850;4028193;4325386;396809;1.0;1.0;nan;nan;nan;nan;nan;nan;nan;0.0;0.0;nan;nan;nan;nan;nan;nan;nan;0.0;0.0;nan;nan;0.0;0.0;nan;nan;0;2;1;1;0;0;0;0;0;0;0;0;0
8361021151;1146008;1;4259850;4028193;4325386;396809;1.0;1.0;nan;nan;nan;nan;nan;nan;nan;0.0;0.0;nan;nan;nan;nan;nan;nan;nan;0.0;0.0;nan;nan;0.0;0.0;nan;nan;0;2;1;1;0;0;0;0;0;0;0;0;0
8362028955;1146008;1;4259850;4028193;4325386;396809;1.0;1.0;nan;nan;nan;nan;nan;nan;nan;0.0;0.0;nan;nan;nan;nan;nan;nan;nan;0.0;0.0;nan;nan;0.0;0.0;nan;nan;0;2;1;1;0;0;0;0;0;0;0;0;0
8363036608;1146008;1;4259850;4028193;4325386;396809;1.0;1.0;nan;nan;nan;nan;nan;nan;nan;0.0;0.0;nan;nan;nan;nan;nan;nan;nan;0.0;0.0;nan;nan;0.0;0.0;nan;nan;0;2;1;1;0;0;0;0;0;0;0;0;0
8364044453;1146008;1;4259850;4028193;4325386;396809;1.0;1.0;nan;nan;nan;nan;nan;nan;nan;0.0;0.0;nan;nan;nan;nan;nan;nan;nan;0.0;0.0;nan;nan;0.0;0.0;nan;nan;0;2;1;1;0;0;0;0;0;0;0;0;0
8365052013;1146008;1;4259850;4028193;4325386;396809;1.0;1.0;nan;nan;nan;nan;nan;nan;nan;0.0;0.0;nan;nan;nan;nan;nan;nan;nan;0.0;0.0;nan;nan;0.0;0.0;nan;nan;0;2;1;1;0;0;0;0;0;0;0;0;0
8366060020;1146008;1;4259850;4028193;4325386;396809;1.0;1.0;nan;nan;nan;nan;nan;nan;nan;0.0;0.0;nan;nan;nan;nan;nan;nan;nan;0.0;0.0;nan;nan;0.0;0.0;nan;nan;0;2;1;1;0;0;0;0;0;0;0;0;0
8367067726;1146008;1;4259850;4028193;4325386;396809;1.0;1.0;nan;nan;nan;nan;nan;nan;nan;0.0;0.0;nan;nan;nan;nan;nan;nan;nan;0.0;0.0;nan;nan;0.0;0.0;nan;nan;0;2;1;1;0;0;0;0;0;0;0;0;0
8368075419;1146008;1;4259850;4028193;4325386;396809;1.0;1.0;nan;nan;nan;nan;nan;nan;nan;0.0;0.0;nan;nan;nan;nan;nan;nan;nan;0.0;0.0;nan;nan;0.0;0.0;nan;nan;0;2;1;1;0;0;0;0;0;0;0;0;0
8369083176;1146008;1;4259850;4028193;4325386;396809;1.0;1.0;nan;nan;nan;nan;nan;nan;nan;0.0;0.0;nan;nan;nan;nan;nan;nan;nan;0.0;0.0;nan;nan;0.0;0.0;nan;nan;0;2;1;1;0;0;0;0;0;0;0;0;0
8370090964;1146008;1;4259850;4028193;4325386;396809;1.0;1.0;nan;nan;nan;nan;nan;nan;nan;0.0;0.0;nan;nan;nan;nan;nan;nan;nan;0.0;0.0;nan;nan;0.0;0.0;nan;nan;0;2;1;1;0;0;0;0;0;0;0;0;0
8371099013;1146008;1;4259850;4028193;4325386;396809;1.0;1.0;nan;nan;nan;nan;nan;nan;nan;0.0;0.0;nan;nan;nan;nan;nan;nan;nan;0.0;0.0;nan;nan;0.0;0.0;nan;nan;0;2;1;1;0;0;0;0;0;0;0;0;0
8372106478;1146008;1;4259850;4028193;4325386;396809;1.0;1.0;nan;nan;nan;nan;nan;nan;nan;0.0;0.0;nan;nan;nan;nan;nan;nan;nan;0.0;0.0;nan;nan;0.0;0.0;nan;nan;0;2;1;1;0;0;0;0;0;0;0;0;0
8373114449;1146008;1;4259850;4028193;4325386;396809;1.0;1.0;nan;nan;nan;nan;nan;nan;nan;0.0;0.0;nan;nan;nan;nan;nan;nan;nan;0.0;0.0;nan;nan;0.0;0.0;nan;nan;0;2;1;1;0;0;0;0;0;0;0;0;0
8374122080;1146008;1;4259850;4028193;4325386;396809;1.0;1.0;nan;nan;nan;nan;nan;nan;nan;0.0;0.0;nan;nan;nan;nan;nan;nan;nan;0.0;0.0;nan;nan;0.0;0.0;nan;nan;0;2;1;1;0;0;0;0;0;0;0;0;0
8375130059;1146008;1;4259850;4028193;4325386;396809;1.0;1.0;nan;nan;nan;nan;nan;nan;nan;0.0;0.0;nan;nan;nan;nan;nan;nan;nan;0.0;0.0;nan;nan;0.0;0.0;nan;nan;0;2;1;1;0;0;0;0;0;0;0;0;0
8376137488;1146008;1;4259850;4028193;4325386;396809;1.0;1.0;nan;nan;nan;nan;nan;nan;nan;0.0;0.0;nan;nan;nan;nan;nan;nan;nan;0.0;0.0;nan;nan;0.0;0.0;nan;nan;0;2;1;1;0;0;0;0;0;0;0;0;0
8377145571;1146008;1;4259850;4028193;4325386;396809;1.0;1.0;nan;nan;nan;nan;nan;nan;nan;0.0;0.0;nan;nan;nan;nan;nan;nan;nan;0.0;0.0;nan;nan;0.0;0.0;nan;nan;0;2;1;1;0;0;0;0;0;0;0;0;0
8378153021;1146008;1;4259850;4028193;4325386;396809;1.0;1.0;nan;nan;nan;nan;nan;nan;nan;0.0;0.0;nan;nan;nan;nan;nan;nan;nan;0.0;0.0;nan;nan;0.0;0.0;nan;nan;0;2;1;1;0;0;0;0;0;0;0;0;0
8379161074;1146008;1;4259850;4028193;4325386;396809;1.0;1.0;nan;nan;nan;nan;nan;nan;nan;0.0;0.0;nan;nan;nan;nan;nan;nan;nan;0.0;0.0;nan;nan;0.0;0.0;nan;nan;0;2;1;1;0;0;0;0;0;0;0;0;0
8380168513;1146008;1;4259850;4028193;4325386;396809;1.0;1.0;nan;nan;nan;nan;nan;nan;nan;0.0;0.0;nan;nan;nan;nan;nan;nan;nan;0.0;0.0;nan;nan;0.0;0.0;nan;nan;0;2;1;1;0;0;0;0;0;0;0;0;0
8381176371;1146008;1;4259850;4028193;4325386;396809;1.0;1.0;nan;nan;nan;nan;nan;nan;nan;0.0;0.0;nan;nan;nan;nan;nan;nan;nan;0.0;0.0;nan;nan;0.0;0.0;nan;nan;0;2;1;1;0;0;0;0;0;0;0;0;0
8382184115;1146008;1;4259850;4028193;4325386;396809;1.0;1.0;nan;nan;nan;nan;nan;nan;nan;0.0;0.0;nan;nan;nan;nan;nan;nan;nan;0.0;0.0;nan;nan;0.0;0.0;nan;nan;0;2;1;1;0;0;0;0;0;0;0;0;0
8383191793;1146008;1;4259850;4028193;4325386;396809;1.0;1.0;nan;nan;nan;nan;nan;nan;nan;0.0;0.0;nan;nan;nan;nan;nan;nan;nan;0.0;0.0;nan;nan;0.0;0.0;nan;nan;0;2;1;1;0;0;0;0;0;0;0;0;0
8384199585;1146008;1;4259850;4028193;4325386;396809;1.0;1.0;nan;nan;nan;nan;nan;nan;nan;0.0;0.0;nan;nan;nan;nan;nan;nan;nan;0.0;0.0;nan;nan;0.0;0.0;nan;nan;0;2;1;1;0;0;0;0;0;0;0;0;0
8385207463;1146008;1;4259850;4028193;4325386;396809;1.0;1.0;nan;nan;nan;nan;nan;nan;nan;0.0;0.0;nan;nan;nan;nan;nan;nan;nan;0.0;0.0;nan;nan;0.0;0.0;nan;nan;0;2;1;1;0;0;0;0;0;0;0;0;0
8386215064;1146008;1;4259850;4028193;4325386;396809;1.0;1.0;nan;nan;nan;nan;nan;nan;nan;0.0;0.0;nan;nan;nan;nan;nan;nan;nan;0.0;0.0;nan;nan;0.0;0.0;nan;nan;0;2;1;1;0;0;0;0;0;0;0;0;0
8387222930;1146008;1;4259850;4028193;4325386;396809;1.0;1.0;nan;nan;nan;nan;nan;nan;nan;0.0;0.0;nan;nan;nan;nan;nan;nan;nan;0.0;0.0;nan;nan;0.0;0.0;nan;nan;0;2;1;1;0;0;0;0;0;0;0;0;0
8388230586;1146008;1;4259850;4028193;4325386;396809;1.0;1.0;nan;nan;nan;nan;nan;nan;nan;0.0;0.0;nan;nan;nan;nan;nan;nan;nan;0.0;0.0;nan;nan;0.0;0.0;nan;nan;0;2;1;1;0;0;0;0;0;0;0;0;0
8389238458;1146008;1;4259850;4028193;4325386;396809;1.0;1.0;nan;nan;nan;nan;nan;nan;nan;0.0;0.0;nan;nan;nan;nan;nan;nan;nan;0.0;0.0;nan;nan;0.0;0.0;nan;nan;0;2;1;1;0;0;0;0;0;0;0;0;0
8390246110;1146008;1;4259850;4028193;4325386;396809;1.0;1.0;nan;nan;nan;nan;nan;nan;nan;0.0;0.0;nan;nan;nan;nan;nan;nan;nan;0.0;0.0;nan;nan;0.0;0.0;nan;nan;0;2;1;1;0;0;0;0;0;0;0;0;0
8391253862;1146008;1;4259850;4028193;4325386;396809;1.0;1.0;nan;nan;nan;nan;nan;nan;nan;0.0;0.0;nan;nan;nan;nan;nan;nan;nan;0.0;0.0;nan;nan;0.0;0.0;nan;nan;0;2;1;1;0;0;0;0;0;0;0;0;0
8392261661;1146008;1;4259850;4028193;4325386;396809;1.0;1.0;nan;nan;nan;nan;nan;nan;nan;0.0;0.0;nan;nan;nan;nan;nan;nan;nan;0.0;0.0;nan;nan;0.0;0.0;nan;nan;0;2;1;1;0;0;0;0;0;0;0;0;0
8393269363;1146008;1;4259850;4028193;4325386;396809;1.0;1.0;nan;nan;nan;nan;nan;nan;nan;0.0;0.0;nan;nan;nan;nan;nan;nan;nan;0.0;0.0;nan;nan;0.0;0.0;nan;nan;0;2;1;1;0;0;0;0;0;0;0;0;0
8394277089;1146008;1;4259850;4028193;4325386;396809;1.0;1.0;nan;nan;nan;nan;nan;nan;nan;0.0;0.0;nan;nan;nan;nan;nan;nan;nan;0.0;0.0;nan;nan;0.0;0.0;nan;nan;0;2;1;1;0;0;0;0;0;0;0;0;0
8395284912;1146008;1;4259850;4028193;4325386;396809;1.0;1.0;nan;nan;nan;nan;nan;nan;nan;0.0;0.0;nan;nan;nan;nan;nan;nan;nan;0.0;0.0;nan;nan;0.0;0.0;nan;nan;0;2;1;1;0;0;0;0;0;0;0;0;0
8396292669;1146008;1;4259850;4028193;4325386;396809;1.0;1.0;nan;nan;nan;nan;nan;nan;nan;0.0;0.0;nan;nan;nan;nan;nan;nan;nan;0.0;0.0;nan;nan;0.0;0.0;nan;nan;0;2;1;1;0;0;0;0;0;0;0;0;0
8397300450;1146008;1;4259850;4028193;4325386;396809;1.0;1.0;nan;nan;nan;nan;nan;nan;nan;0.0;0.0;nan;nan;nan;nan;nan;nan;nan;0.0;0.0;nan;nan;0.0;0.0;nan;nan;0;2;1;1;0;0;0;0;0;0;0;0;0
8398308126;1146008;1;4259850;4028193;4325386;396809;1.0;1.0;nan;nan;nan;nan;nan;nan;nan;0.0;0.0;nan;nan;nan;nan;nan;nan;nan;0.0;0.0;nan;nan;0.0;0.0;nan;nan;0;2;1;1;0;0;0;0;0;0;0;0;0
8399315916;1146008;1;4259850;4028193;4325386;396809;1.0;1.0;nan;nan;nan;nan;nan;nan;nan;0.0;0.0;nan;nan;nan;nan;nan;nan;nan;0.0;0.0;nan;nan;0.0;0.0;nan;nan;0;2;1;1;0;0;0;0;0;0;0;0;0
8400323704;1146008;1;4259850;4028193;4325386;396809;1.0;1.0;nan;nan;nan;nan;nan;nan;nan;0.0;0.0;nan;nan;nan;nan;nan;nan;nan;0.0;0.0;nan;nan;0.0;0.0;nan;nan;0;2;1;1;0;0;0;0;0;0;0;0;0
8401331456;1146008;1;4259850;4028193;4325386;396809;1.0;1.0;nan;nan;nan;nan;nan;nan;nan;0.0;0.0;nan;nan;nan;nan;nan;nan;nan;0.0;0.0;nan;nan;0.0;0.0;nan;nan;0;2;1;1;0;0;0;0;0;0;0;0;0
8402339227;1146008;1;4259850;4028193;4325386;396809;1.0;1.0;nan;nan;nan;nan;nan;nan;nan;0.0;0.0;nan;nan;nan;nan;nan;nan;nan;0.0;0.0;nan;nan;0.0;0.0;nan;nan;0;2;1;1;0;0;0;0;0;0;0;0;0
8403346931;1146008;1;4259850;4028193;4325386;396809;1.0;1.0;nan;nan;nan;nan;nan;nan;nan;0.0;0.0;nan;nan;nan;nan;nan;nan;nan;0.0;0.0;nan;nan;0.0;0.0;nan;nan;0;2;1;1;0;0;0;0;0;0;0;0;0
8404354726;1146008;1;4259850;4028193;4325386;396809;1.0;1.0;nan;nan;nan;nan;nan;nan;nan;0.0;0.0;nan;nan;nan;nan;nan;nan;nan;0.0;0.0;nan;nan;0.0;0.0;nan;nan;0;2;1;1;0;0;0;0;0;0;0;0;0
8405362508;1146008;1;4259850;4028193;4325386;396809;1.0;1.0;nan;nan;nan;nan;nan;nan;nan;0.0;0.0;nan;nan;nan;nan;nan;nan;nan;0.0;0.0;nan;nan;0.0;0.0;nan;nan;0;2;1;1;0;0;0;0;0;0;0;0;0
8406370238;1146008;1;4259850;4028193;4325386;396809;1.0;1.0;nan;nan;nan;nan;nan;nan;nan;0.0;0.0;nan;nan;nan;nan;nan;nan;nan;0.0;0.0;nan;nan;0.0;0.0;nan;nan;0;2;1;1;0;0;0;0;0;0;0;0;0
8407378011;1146008;1;4259850;4028193;4325386;396809;1.0;1.0;nan;nan;nan;nan;nan;nan;nan;0.0;0.0;nan;nan;nan;nan;nan;nan;nan;0.0;0.0;nan;nan;0.0;0.0;nan;nan;0;2;1;1;0;0;0;0;0;0;0;0;0
8408385667;1146008;1;4259850;4028193;4325386;396809;1.0;1.0;nan;nan;nan;nan;nan;nan;nan;0.0;0.0;nan;nan;nan;nan;nan;nan;nan;0.0;0.0;nan;nan;0.0;0.0;nan;nan;0;2;1;1;0;0;0;0;0;0;0;0;0
8409393468;1146008;1;4259850;4028193;4325386;396809;1.0;1.0;nan;nan;nan;nan;nan;nan;nan;0.0;0.0;nan;nan;nan;nan;nan;nan;nan;0.0;0.0;nan;nan;0.0;0.0;nan;nan;0;2;1;1;0;0;0;0;0;0;0;0;0
8410401244;1146008;1;4259850;4028193;4325386;396809;1.0;1.0;nan;nan;nan;nan;nan;nan;nan;0.0;0.0;nan;nan;nan;nan;nan;nan;nan;0.0;0.0;nan;nan;0.0;0.0;nan;nan;0;2;1;1;0;0;0;0;0;0;0;0;0
8411409020;1146008;1;4259850;4028193;4325386;396809;1.0;1.0;nan;nan;nan;nan;nan;nan;nan;0.0;0.0;nan;nan;nan;nan;nan;nan;nan;0.0;0.0;nan;nan;0.0;0.0;nan;nan;0;2;1;1;0;0;0;0;0;0;0;0;0
8412416831;1146008;1;4259850;4028193;4325386;396809;1.0;1.0;nan;nan;nan;nan;nan;nan;nan;0.0;0.0;nan;nan;nan;nan;nan;nan;nan;0.0;0.0;nan;nan;0.0;0.0;nan;nan;0;2;1;1;0;0;0;0;0;0;0;0;0
8413424494;1146008;1;4259850;4028193;4325386;396809;1.0;1.0;nan;nan;nan;nan;nan;nan;nan;0.0;0.0;nan;nan;nan;nan;nan;nan;nan;0.0;0.0;nan;nan;0.0;0.0;nan;nan;0;2;1;1;0;0;0;0;0;0;0;0;0
8414432556;1146008;1;4259850;4028193;4325386;396809;1.0;1.0;nan;nan;nan;nan;nan;nan;nan;0.0;0.0;nan;nan;nan;nan;nan;nan;nan;0.0;0.0;nan;nan;0.0;0.0;nan;nan;0;2;1;1;0;0;0;0;0;0;0;0;0
8415440011;1146008;1;4259850;4028193;4325386;396809;1.0;1.0;nan;nan;nan;nan;nan;nan;nan;0.0;0.0;nan;nan;nan;nan;nan;nan;nan;0.0;0.0;nan;nan;0.0;0.0;nan;nan;0;2;1;1;0;0;0;0;0;0;0;0;0
8416448077;1146008;1;4259850;4028193;4325386;396809;1.0;1.0;nan;nan;nan;nan;nan;nan;nan;0.0;0.0;nan;nan;nan;nan;nan;nan;nan;0.0;0.0;nan;nan;0.0;0.0;nan;nan;0;2;1;1;0;0;0;0;0;0;0;0;0
8417455548;1146008;1;4259850;4028193;4325386;396809;1.0;1.0;nan;nan;nan;nan;nan;nan;nan;0.0;0.0;nan;nan;nan;nan;nan;nan;nan;0.0;0.0;nan;nan;0.0;0.0;nan;nan;0;2;1;1;0;0;0;0;0;0;0;0;0
8418463549;1146008;1;4259850;4028193;4325386;396809;1.0;1.0;nan;nan;nan;nan;nan;nan;nan;0.0;0.0;nan;nan;nan;nan;nan;nan;nan;0.0;0.0;nan;nan;0.0;0.0;nan;nan;0;2;1;1;0;0;0;0;0;0;0;0;0
8419471192;1146008;1;4259850;4028193;4325386;396809;1.0;1.0;nan;nan;nan;nan;nan;nan;nan;0.0;0.0;nan;nan;nan;nan;nan;nan;nan;0.0;0.0;nan;nan;0.0;0.0;nan;nan;0;2;1;1;0;0;0;0;0;0;0;0;0
