timestamp;timestamp_sample;states[0];states[1];states[2];states[3];states[4];states[5];states[6];states[7];states[8];states[9];states[10];states[11];states[12];states[13];states[14];states[15];states[16];states[17];states[18];states[19];states[20];states[21];states[22];states[23];states[24];covariances[0];covariances[1];covariances[2];covariances[3];covariances[4];covariances[5];covariances[6];covariances[7];covariances[8];covariances[9];covariances[10];covariances[11];covariances[12];covariances[13];covariances[14];covariances[15];covariances[16];covariances[17];covariances[18];covariances[19];covariances[20];covariances[21];covariances[22];covariances[23];n_states
1251117624;1250928973;-0.26540524;-0.412121;0.06360195;0.86929345;-0.0013889576;-0.0010879246;-0.0067166355;0.0;0.0;2.0481632;-0.0074846814;-0.00048374545;-0.0019698234;0.007899364;0.011209008;0.013410761;0.3294315;-0.000105620726;-0.18333866;0.028680297;-0.10983519;0.029629814;0.0;0.0;2.0581632;9.0783185e-05;1.4165241e-05;0.0021409409;0.0008179361;0.0008209729;0.0032729318;9.4324256e-05;9.449681e-05;0.07529632;3.1636054e-07;2.0512044e-07;2.575553e-07;0.0015261074;0.006926902;0.00019316873;3.131512e-05;2.3483273e-05;2.4876854e-05;5.9906975e-05;0.00016655728;3.0082012e-05;1.0;1.0;1e-04;25
1251612403;1251423780;-0.26527235;-0.4122048;0.063571036;0.86929655;0.0007522429;-0.0014454172;-0.008448953;0.0;0.0;2.0474627;-0.0074850093;-0.00048699556;-0.0019704348;0.007787921;0.01076491;0.013471152;0.32935688;-0.000104980165;-0.18333091;0.02852913;-0.10989556;0.029657628;0.0;0.0;2.0574627;9.0664995e-05;1.4394806e-05;0.0021366854;0.000974409;0.0009786496;0.0033756557;0.00013313105;0.00013345604;0.07601836;3.1722792e-07;2.0590471e-07;2.5759846e-07;0.0015198716;0.006896713;0.00019313082;3.130373e-05;2.3346669e-05;2.4814524e-05;5.9795802e-05;0.00016635377;3.0005389e-05;1.0;1.0;1e-04;25
1252107446;1251918588;-0.26499984;-0.4123703;0.06377041;0.86928654;-0.0010534601;-0.000915811;-0.0066190218;0.0;0.0;2.0460584;-0.007472873;-0.00049485976;-0.0019764532;0.0076946625;0.010350326;0.013526174;0.32928616;-0.00010397261;-0.18330626;0.02841726;-0.109916;0.029662428;0.0;0.0;2.0560584;8.98962e-05;1.3977766e-05;0.002132622;0.00072492764;0.00072737015;0.003206331;7.588127e-05;7.599269e-05;0.07509108;3.1607254e-07;2.0463409e-07;2.562139e-07;0.0015135307;0.0068667075;0.00019309326;3.129251e-05;2.321163e-05;2.475366e-05;5.968884e-05;0.0001661602;2.993082e-05;1.0;1.0;1e-04;25
1252611830;1252423291;-0.2647055;-0.41241893;0.06385713;0.86934686;-0.00026702374;-0.001752871;-0.006930446;0.0;0.0;2.0458868;-0.007467796;-0.00049991324;-0.0019783422;0.0076023927;0.009973949;0.013577261;0.32922113;-0.000102987906;-0.18328218;0.028315006;-0.109932765;0.029665561;0.0;0.0;2.0558867;8.9814675e-05;1.4235543e-05;0.0021300626;0.0008949286;0.0008985021;0.0033184397;0.00011218578;0.000112423695;0.075465396;3.1702422e-07;2.0551367e-07;2.5665233e-07;0.0015073033;0.0068365415;0.00019305738;3.1284013e-05;2.3097913e-05;2.4703435e-05;5.9599555e-05;0.00016599965;2.986845e-05;1.0;1.0;1e-04;25
1253106680;1252918099;-0.20864943;-0.40700606;0.08941467;0.8847693;-0.013887425;-0.03383063;-0.011093875;0.0;0.0;2.0464435;-0.007463245;-0.0005034473;-0.0019880203;0.0075712665;0.009840061;0.013593067;0.3291413;-0.00010251973;-0.18325414;0.028237028;-0.109908;0.029655403;0.0;0.0;2.0558307;9.038114e-05;1.5125324e-05;0.0021279992;0.0015320972;0.0015391472;0.0036888786;0.0003532304;0.00035470203;0.077560626;3.1989046e-07;2.0834676e-07;2.581514e-07;0.0015056764;0.0068288543;0.0001930804;3.1257303e-05;2.2965718e-05;2.4663866e-05;5.952752e-05;0.00016583693;2.9817646e-05;1.0;1.0;0.09068928;25
1253611391;1253422804;-0.0024611333;-0.20708862;0.13597259;0.9688239;-0.1458006;0.11098751;-0.014654818;0.0;0.0;2.0374374;-0.0074643595;-0.0005037187;-0.0020523982;0.0075712665;0.009840061;0.013593067;0.32775572;-8.799034e-05;-0.18270108;0.029113881;-0.107347086;0.028433757;0.0;0.0;2.0558307;9.167669e-05;1.6726106e-05;0.0019556738;0.003372052;0.0030847052;0.004333759;0.0016020637;0.0016016961;0.08153898;3.248706e-07;2.1332737e-07;2.6118317e-07;0.0015057239;0.006828902;0.00019312567;2.9508703e-05;2.2833618e-05;2.3882489e-05;5.4926008e-05;0.00014953421;2.8460725e-05;1.0;1.0;0.21556966;25
1254116002;1253927506;0.009374854;0.03426733;0.03775376;0.9986554;0.04657167;-0.01095583;-0.029249676;0.0;0.0;2.0382872;-0.007463213;-0.00050307;-0.0021100463;0.0075712665;0.009840061;0.012296377;0.32204664;-3.460932e-06;-0.18054025;0.03294136;-0.09614372;0.023519754;0.0;0.0;2.0558307;9.294912e-05;1.8376406e-05;0.0016653147;0.007153844;0.005218744;0.004925137;0.0051191794;0.0047911745;0.08663456;3.29844e-07;2.183025e-07;2.645951e-07;0.0015057714;0.0068289493;0.00019294923;2.621898e-05;2.2718456e-05;2.164551e-05;4.6383317e-05;0.0001233584;2.5035633e-05;1.0;1.0;0.3404565;25
1254610783;1254422314;0.021125589;0.03705133;0.002636271;0.9990866;0.020287067;-0.02135945;-0.017693983;0.0;0.0;2.0310445;-0.007463247;-0.00050341024;-0.002162273;0.0075712665;0.009840061;0.010769705;0.3166553;5.1142742e-05;-0.17916095;0.035368457;-0.0866217;0.019198854;0.0;0.0;2.0558307;9.431262e-05;2.0094642e-05;0.0014266495;0.013040676;0.008008708;0.0055713714;0.013394796;0.011233683;0.093235806;3.3471042e-07;2.2317255e-07;2.6769698e-07;0.001505818;0.006828996;0.00019274806;2.3289658e-05;2.257939e-05;1.974e-05;3.931976e-05;0.00010173356;2.209709e-05;1.0;1.0;0.46287522;25
1255115763;1254927018;0.029314619;0.016365863;0.0032963173;0.99943084;0.024868997;-0.014547961;-0.014455582;0.0;0.0;2.0237288;-0.007463373;-0.0005035813;-0.0022035595;0.0075712665;0.009840061;0.009564649;0.3124113;7.727382e-05;-0.17845042;0.036662176;-0.07966852;0.015975816;0.0;0.0;2.0558307;9.5845935e-05;2.195435e-05;0.001263403;0.021452788;0.011711685;0.006279322;0.031100936;0.023200743;0.10048828;3.3966145e-07;2.2813067e-07;2.7091863e-07;0.0015058655;0.0068290434;0.00019258521;2.1173826e-05;2.243702e-05;1.8439408e-05;3.4426877e-05;8.682525e-05;2.0090885e-05;1.0;1.0;0.587742;25
1255610501;1255421825;0.033846904;0.008788451;-0.0005108542;0.9993883;0.04517347;-0.010473826;0.0031652467;0.0;0.0;2.0191302;-0.0074634035;-0.0005036246;-0.0022303925;0.0075712665;0.009840061;0.008729211;0.30949014;9.0169306e-05;-0.17818907;0.03719002;-0.07520879;0.013854782;0.0;0.0;2.0558307;9.749437e-05;2.3887202e-05;0.0011620306;0.03219685;0.016276583;0.007010895;0.06351641;0.042797618;0.10839639;3.4449943e-07;2.3298105e-07;2.742983e-07;0.001505912;0.00682909;0.00019243217;1.980177e-05;2.2313649e-05;1.7637894e-05;3.133617e-05;7.7460725e-05;1.8857703e-05;1.0;1.0;0.71016115;25
1256114999;1255926529;0.03837079;0.00923883;0.0005416807;0.9992208;0.069068216;-0.004814874;-0.00066837564;0.0;0.0;2.0173943;-0.0074635125;-0.0005037283;-0.002257058;0.0075712665;0.009840061;0.007931712;0.30673754;9.5358664e-05;-0.17815706;0.03732972;-0.0713356;0.011948287;0.0;0.0;2.0558307;9.9322635e-05;2.5974172e-05;0.001072375;0.045831803;0.022051727;0.007819149;0.11990058;0.07417389;0.11863453;3.4941618e-07;2.3791603e-07;2.7751452e-07;0.0015059595;0.0068291374;0.00019222512;1.8546098e-05;2.216744e-05;1.6933016e-05;2.8570274e-05;6.9150665e-05;1.7782557e-05;1.0;1.0;0.8350303;25
1256609804;1256421337;0.041433617;0.008215959;0.005214146;0.9990939;0.0782411;-0.0065402365;0.0074420283;0.0;0.0;2.0207233;-0.0074635386;-0.00050408655;-0.0022785855;0.0075712665;0.009840061;0.0072368793;0.30443504;9.875757e-05;-0.17826036;0.037215192;-0.06832739;0.010401211;0.0;0.0;2.0558307;0.00010125537;2.8134406e-05;0.0010035165;0.061935835;0.02891794;0.008591035;0.20771006;0.12018842;0.12826064;3.5421482e-07;2.4274078e-07;2.8061288e-07;0.0015060061;0.006829184;0.00019188829;1.7546095e-05;2.2020102e-05;1.6388336e-05;2.6398122e-05;6.272902e-05;1.6962647e-05;1.0;1.0;0.9574549;25
1257114839;1256926041;0.04070778;0.009625888;0.00070262846;0.9991245;0.11946752;-0.0098433;0.005799549;0.0;0.0;2.016203;-0.007463441;-0.0005040918;-0.002295806;0.0075712665;0.009840061;0.0066692955;0.3023359;0.00010438659;-0.17850757;0.036825947;-0.06587691;0.009050932;0.0;0.0;2.0558307;0.0001033687;3.0456542e-05;0.00094971934;0.0812573;0.037308756;0.0093871085;0.34237984;0.18780597;0.13886963;3.5908403e-07;2.476462e-07;2.837802e-07;0.0015060536;0.0068292315;0.00019134232;1.6719127e-05;2.1872236e-05;1.5940686e-05;2.4641542e-05;5.766167e-05;1.6303558e-05;1.0;1.0;1.0823326;25
1257609333;1257420849;0.04111999;0.023689969;6.4448046e-05;0.99887335;0.1358025;-0.0035240664;0.0106226085;0.0;0.0;2.016123;-0.0074635632;-0.00050439703;-0.0023071484;0.0075712665;0.009840061;0.006222448;0.30071867;0.00011244719;-0.17875974;0.03640679;-0.064115696;0.008031872;0.0;0.0;2.0558307;0.000105584026;3.2850858e-05;0.000913212;0.103021994;0.04703284;0.010197061;0.5322784;0.28037688;0.1511502;3.6383068e-07;2.5243816e-07;2.8708234e-07;0.0015061002;0.006829278;0.00019060817;1.6120575e-05;2.1745896e-05;1.561646e-05;2.338903e-05;5.41405e-05;1.5836162e-05;1.0;1.0;1.204768;25
1258114028;1257925553;0.0426038;0.0044417335;0.005259107;0.9990684;0.17569481;-0.001509276;0.01406202;0.0;0.0;2.018325;-0.007463528;-0.00050456374;-0.0023193085;0.0075712665;0.009840061;0.00574862;0.2990155;0.000121064564;-0.17907052;0.035876192;-0.062356327;0.0069763763;0.0;0.0;2.0558307;0.00010798595;3.541086e-05;0.000877434;0.12830165;0.058639638;0.010946244;0.80077964;0.40884814;0.16248071;3.6864e-07;2.5730617e-07;2.9018162e-07;0.0015061477;0.0068293256;0.00018942147;1.5516569e-05;2.1597682e-05;1.5289172e-05;2.213727e-05;5.0701452e-05;1.5375153e-05;1.0;1.0;1.3296682;25
1258609105;1258420361;0.04516943;0.01727688;0.007659761;0.99880064;0.21816261;-0.008583317;0.022200309;0.0;0.0;2.0210965;-0.0074632703;-0.0005049098;-0.0023280317;0.0075712665;0.009840061;0.0053595514;0.29749537;0.00013439746;-0.1794057;0.035314973;-0.06087476;0.0060503026;0.0;0.0;2.0558307;0.000110482346;3.8035887e-05;0.00084780547;0.15622099;0.07182008;0.011607198;1.1549928;0.57646537;0.17299199;3.7332032e-07;2.6205757e-07;2.93142e-07;0.0015061942;0.006829372;0.00018777385;1.5004598e-05;2.1449689e-05;1.5014838e-05;2.1075106e-05;4.7824942e-05;1.4996548e-05;1.0;1.0;1.4521303;25
1259113647;1258925065;0.047886074;0.009294255;0.0028980237;0.99880534;0.26378426;0.005368794;0.0094800005;0.0;0.0;2.0252573;-0.00746352;-0.0005049776;-0.0023369442;0.0075712665;0.009840061;0.0050618006;0.2963004;0.00014125057;-0.17971434;0.03475396;-0.05985691;0.00533727;0.0;0.0;2.0558307;0.00011316548;4.082939e-05;0.000826509;0.18822613;0.08740725;0.012220957;1.630022;0.7999284;0.18366072;3.7805543e-07;2.6688025e-07;2.964448e-07;0.0015062417;0.0068294196;0.00018560927;1.4617135e-05;2.1324011e-05;1.4807094e-05;2.0261014e-05;4.568338e-05;1.4713089e-05;1.0;1.0;1.5770668;25
1259608336;1259419873;0.048539422;0.017201971;0.0025270898;0.9986699;0.30470777;0.0020780752;0.018615589;0.0;0.0;2.0309577;-0.0074633854;-0.0005055134;-0.00234127;0.0075712665;0.009840061;0.0047707343;0.29503024;0.00016082941;-0.18007068;0.034162197;-0.058742933;0.0045878883;0.0;0.0;2.0558307;0.00011593318;4.3690794e-05;0.00080463366;0.22293414;0.104765646;0.012840218;2.228595;1.081351;0.19601499;3.8265614e-07;2.7158302e-07;2.9932485e-07;0.0015062883;0.006829466;0.00018321765;1.4221122e-05;2.1177098e-05;1.4595695e-05;1.9436337e-05;4.3511525e-05;1.4434094e-05;1.0;1.0;1.699578;25
1260113089;1259924577;0.049084663;0.017903307;0.0012959355;0.9986334;0.3603812;0.009839504;0.02655383;0.0;0.0;2.0482678;-0.007463518;-0.0005057676;-0.002344977;0.0075712665;0.009840061;0.0044267764;0.2938662;0.00018036297;-0.18042961;0.03354219;-0.05780838;0.003913;0.0;0.0;2.0558307;0.00011889399;4.6725465e-05;0.00078611885;0.26185855;0.12487033;0.013304008;2.9999816;1.4449499;0.20536602;3.8730298e-07;2.7635167e-07;3.0225362e-07;0.0015063358;0.0068295137;0.00018001051;1.3870101e-05;2.1031123e-05;1.4403665e-05;1.8703744e-05;4.1639683e-05;1.418822e-05;1.0;1.0;1.8245782;25
1260607893;1260419386;0.05036912;0.015228076;0.006391046;0.99859416;0.39568624;0.025184361;0.03561556;0.0;0.0;2.049193;-0.0074638147;-0.00050640467;-0.0023478644;0.0075712665;0.009840061;0.0043404517;0.29297763;0.00019653937;-0.18072562;0.033024944;-0.057164073;0.0033975046;0.0;0.0;2.0558307;0.00012193135;4.9820363e-05;0.0007729213;0.30363142;0.14714737;0.013773004;3.9415033;1.8910053;0.21662934;3.9181043e-07;2.8099697e-07;3.0534102e-07;0.0015063824;0.0068295603;0.00017672086;1.3608269e-05;2.0907422e-05;1.4260722e-05;1.8141463e-05;4.023175e-05;1.4006796e-05;1.0;1.0;1.9471743;25
1261112568;1260924090;0.050858293;0.013503625;0.009168344;0.9985725;0.46602723;0.027793694;0.034166664;0.0;0.0;2.044115;-0.0074638296;-0.00050671794;-0.002348293;0.0075712665;0.009840061;0.004320466;0.29197118;0.00022138351;-0.18107592;0.032429524;-0.05643966;0.00282016;0.0;0.0;2.0558307;0.00012516283;5.309538e-05;0.00075896905;0.35008064;0.17264204;0.014071362;5.1186013;2.4532385;0.2240823;3.9635452e-07;2.8570253e-07;3.081748e-07;0.0015064299;0.0068296078;0.00017258321;1.3330654e-05;2.0763402e-05;1.4104486e-05;1.7547785e-05;3.8774833e-05;1.3816291e-05;1.0;1.0;2.07228;25
1261617395;1261428794;0.04709544;0.012887057;-0.0024376346;0.9988043;0.5234837;0.019438382;0.040213417;0.0;0.0;2.0408583;-0.0074633644;-0.00050750806;-0.0023463238;0.0075712665;0.009840061;0.0043365704;0.29108033;0.00024970295;-0.18141113;0.031903062;-0.05577394;0.0023171182;0.0;0.0;2.0558307;0.00012852935;5.649632e-05;0.000746975;0.4005001;0.20110111;0.014283586;6.5479255;3.1425009;0.23032792;4.008412e-07;2.9037236e-07;3.109539e-07;0.0015064774;0.0068296553;0.00016803824;1.3089396e-05;2.0620604e-05;1.39666e-05;1.7025117e-05;3.7485817e-05;1.3656247e-05;1.0;1.0;2.1974568;25
1262112333;1261923602;0.041735303;0.018890532;0.007471491;0.99892217;0.5913317;0.010906016;0.038857616;0.0;0.0;2.0428333;-0.007463023;-0.0005079154;-0.0023442213;0.0075712665;0.009840061;0.004341613;0.2903482;0.0002743616;-0.1816902;0.031440496;-0.055273604;0.0019046139;0.0;0.0;2.0558307;0.00013196895;5.9945854e-05;0.0007390799;0.45357636;0.2321947;0.014401541;8.229471;3.9620852;0.23453969;4.051809e-07;2.9491397e-07;3.138966e-07;0.0015065239;0.006829702;0.00016317602;1.2902416e-05;2.049984e-05;1.38508e-05;1.6617949e-05;3.6542846e-05;1.3526766e-05;1.0;1.0;2.3202589;25
1262607188;1262418410;0.051046047;0.00463536;-0.002732093;0.99868184;0.6761713;0.04199801;0.024591362;0.0;0.0;2.0570197;-0.007464141;-0.00050814997;-0.0023413915;0.0075712665;0.009840061;0.00419132;0.28956926;0.00030217503;-0.18200746;0.03086731;-0.054850936;0.0014639058;0.0;0.0;2.0558307;0.00013553139;6.351871e-05;0.0007301592;0.51034325;0.26667553;0.0146083655;10.21869;4.945042;0.24237137;4.0945852e-07;2.9941646e-07;3.1646923e-07;0.0015065705;0.0068297484;0.00015864607;1.2707392e-05;2.0359419e-05;1.3730318e-05;1.6176282e-05;3.5545916e-05;1.3391476e-05;1.0;1.0;2.4431806;25
1263111602;1262923114;0.051725924;0.010926496;-0.0044824476;0.99859154;0.76298743;0.043831117;0.042023744;0.0;0.0;2.0656216;-0.007464189;-0.0005086925;-0.00233444;0.0075712665;0.009840061;0.004161878;0.2888272;0.0003378034;-0.18233217;0.030365497;-0.05435219;0.0010577694;0.0;0.0;2.0558307;0.0001392767;6.729325e-05;0.00072194537;0.5730272;0.30519235;0.014636286;12.6080065;6.140813;0.24549332;4.137542e-07;3.0396683e-07;3.1909445e-07;0.001506618;0.006829796;0.00015340262;1.2531892e-05;2.0220552e-05;1.362127e-05;1.5775979e-05;3.4599816e-05;1.32784935e-05;1.0;1.0;2.5686765;25
1263606416;1263417923;0.053857535;0.016436076;0.0032188727;0.99840814;0.83829576;0.049443852;0.04714209;0.0;0.0;2.0673726;-0.0074643353;-0.0005095417;-0.0023273064;0.0075712665;0.009840061;0.004243888;0.2882064;0.00037039779;-0.18260926;0.029924495;-0.053977616;0.0007156061;0.0;0.0;2.0558307;0.00014306736;7.111279e-05;0.00071634655;0.639041;0.34689802;0.014578744;15.348538;7.5304756;0.24677344;4.1789562e-07;3.0838376e-07;3.219183e-07;0.0015066646;0.0068298425;0.0001480732;1.239522e-05;2.0103269e-05;1.3532759e-05;1.545513e-05;3.3868975e-05;1.3188602e-05;1.0;1.0;2.6918716;25
1264111091;1263922627;0.056702208;0.015350554;0.002475982;0.9982701;0.9340038;0.047283188;0.04039864;0.0;0.0;2.0666637;-0.0074639977;-0.00051050505;-0.0023221683;0.0075712665;0.009840061;0.0043450133;0.2875118;0.00040295525;-0.18291907;0.029418375;-0.053580016;0.0003341965;0.0;0.0;2.0558307;0.00014704552;7.51449e-05;0.0007097742;0.71113884;0.39352176;0.014698992;18.587616;9.19792;0.2533794;4.2204593e-07;3.1284208e-07;3.244525e-07;0.001506712;0.00682989;0.00014332419;1.2247105e-05;1.9967061e-05;1.34362e-05;1.51008035e-05;3.3081462e-05;1.3090793e-05;1.0;1.0;2.8177335;25
1264615886;1264427331;0.056621842;0.011360431;-0.005448449;0.99831617;1.0471499;0.06372382;0.04624993;0.0;0.0;2.0689292;-0.0074645733;-0.00051123917;-0.0023151713;0.0075712665;0.009840061;0.0044211866;0.2868589;0.00043764294;-0.18322842;0.028902484;-0.053257063;-2.3096334e-05;0.0;0.0;2.0558307;0.00015113545;7.92942e-05;0.00070388295;0.78770554;0.44429502;0.01459403;22.325003;11.150462;0.25414953;4.261176e-07;3.1724932e-07;3.2693836e-07;0.0015067596;0.0068299375;0.00013800965;1.2114793e-05;1.9832227e-05;1.3347723e-05;1.4771827e-05;3.2357828e-05;1.3004075e-05;1.0;1.0;2.94384;25
1265111009;1264922139;0.051509734;0.015328741;-0.0043589515;0.9985454;1.1509979;0.047556654;0.046887834;0.0;0.0;2.0799665;-0.00746371;-0.00051257596;-0.002304262;0.0075712665;0.009840061;0.0044428967;0.2862782;0.00047640983;-0.18352221;0.028450238;-0.052929204;-0.00032940842;0.0;0.0;2.0558307;0.00015525722;8.348831e-05;0.0006988066;0.86764765;0.49845722;0.014453777;26.523233;13.375656;0.25340044;4.3002976e-07;3.2151874e-07;3.2926394e-07;0.0015068061;0.006829984;0.00013278415;1.1995775e-05;1.9698777e-05;1.3261968e-05;1.4473579e-05;3.1707e-05;1.2927179e-05;1.0;1.0;3.0677383;25
1265615313;1265426845;0.044160973;0.017905232;0.007150469;0.9988384;1.2719438;0.08309434;0.050041553;0.0;0.0;2.0866714;-0.0074653206;-0.00051248557;-0.0022988834;0.0075712665;0.009840061;0.004534129;0.28579065;0.00050286314;-0.18375763;0.028030457;-0.052748363;-0.00059762853;0.0;0.0;2.0558307;0.00015958813;8.787895e-05;0.0006961964;0.952951;0.5585855;0.014487681;31.414156;16.006393;0.25845298;4.3393592e-07;3.2581877e-07;3.3199967e-07;0.0015068536;0.0068300315;0.00012824014;1.1904293e-05;1.9586392e-05;1.3191278e-05;1.423128e-05;3.1233943e-05;1.28607935e-05;1.0;1.0;3.194435;25
1266110115;1265921651;0.05541616;0.012131404;0.0019380772;0.9983878;1.3981308;0.103668384;0.049217023;0.0;0.0;2.0976493;-0.0074660373;-0.0005134202;-0.0022910254;0.0075712665;0.009840061;0.004569732;0.28528458;0.0005348196;-0.1840285;0.027552903;-0.052603457;-0.00087239966;0.0;0.0;2.0558307;0.00016393523;9.229065e-05;0.0006925746;1.040958;0.6221622;0.014281012;36.82952;18.969433;0.25678733;4.3767952e-07;3.2997755e-07;3.342187e-07;0.0015069002;0.006830078;0.00012327457;1.1810372e-05;1.945581e-05;1.3117333e-05;1.3968974e-05;3.071626e-05;1.2794409e-05;1.0;1.0;3.3190339;25
1266614852;1266426358;0.060107186;0.016957195;-0.009167491;0.99800587;1.5339403;0.09582999;0.047087684;0.0;0.0;2.1035352;-0.0074654366;-0.00051479554;-0.0022779885;0.0075712665;0.009840061;0.004692934;0.28477484;0.00057452207;-0.18429717;0.02714024;-0.052349713;-0.0011449589;0.0;0.0;2.0558307;0.00016843707;9.693081e-05;0.0006888691;1.1376809;0.6922096;0.0141085135;43.067924;22.433327;0.25570565;4.4140697e-07;3.341602e-07;3.3650906e-07;0.0015069477;0.0068301256;0.000118486314;1.1721531e-05;1.9326892e-05;1.304919e-05;1.3718983e-05;3.0188727e-05;1.2737431e-05;1.0;1.0;3.4465733;25
1267109623;1266921164;0.058262285;0.011001285;-0.004972574;0.9982284;1.6683612;0.10349075;0.054972444;0.0;0.0;2.101474;-0.0074657453;-0.0005154755;-0.002268852;0.0075712665;0.009840061;0.004891469;0.28435683;0.00060497416;-0.18452889;0.026774524;-0.052181512;-0.0013647383;0.0;0.0;2.0558307;0.00017294634;0.00010159724;0.0006868082;1.237705;0.76621693;0.014081382;49.960766;26.314224;0.2588451;4.4496974e-07;3.3819987e-07;3.3904513e-07;0.0015069942;0.006830172;0.00011439511;1.1651951e-05;1.9218205e-05;1.2993562e-05;1.3516048e-05;2.9777173e-05;1.2690974e-05;1.0;1.0;3.5721369;25
1267614396;1267425868;0.059379198;0.012698982;0.0069872434;0.9981303;1.8232911;0.12901048;0.046475943;0.0;0.0;2.1020036;-0.007466995;-0.0005168121;-0.0022564074;0.0075712665;0.009840061;0.005055236;0.28392014;0.0006411631;-0.18478286;0.026368614;-0.052040614;-0.0015992121;0.0;0.0;2.0558307;0.00017763984;0.00010645859;0.0006840332;1.3438753;0.84722936;0.01387674;57.805195;30.804077;0.25723526;4.4850765e-07;3.4225533e-07;3.4124503e-07;0.0015070417;0.0068302196;0.00010997748;1.1582372e-05;1.909214e-05;1.2936292e-05;1.32963405e-05;2.9331826e-05;1.2645034e-05;1.0;1.0;3.7008066;25
1268109259;1267920676;0.05969231;0.010258664;0.0028932777;0.99816;1.9915683;0.12837523;0.050026212;0.0;0.0;2.1037312;-0.0074668187;-0.0005182431;-0.0022420967;0.0075712665;0.009840061;0.0052107996;0.283497;0.0006791618;-0.1850428;0.025956508;-0.051918406;-0.0018198242;0.0;0.0;2.0558307;0.00018231601;0.00011133606;0.00068141986;1.4535003;0.9319839;0.0136515;66.37423;35.783253;0.254524;4.5187903e-07;3.4616605e-07;3.433056e-07;0.0015070883;0.006830266;0.000105766245;1.151767e-05;1.8967507e-05;1.28810925e-05;1.3087321e-05;2.8912857e-05;1.2602421e-05;1.0;1.0;3.8276887;25
1268613925;1268425380;0.057958875;0.016843202;0.0031358586;0.998172;2.135373;0.14098114;0.051124655;0.0;0.0;2.1212072;-0.0074671097;-0.000519328;-0.0022306317;0.0075712665;0.009840061;0.0052512945;0.28316396;0.00070891686;-0.18524584;0.025635999;-0.051807895;-0.001991382;0.0;0.0;2.0558307;0.00018717592;0.000116420175;0.00068053475;1.5714729;1.0250245;0.013631071;76.12761;41.523422;0.25795048;4.5521665e-07;3.500864e-07;3.4581998e-07;0.0015071358;0.0068303137;0.00010220237;1.1466844e-05;1.8862658e-05;1.283457e-05;1.291918e-05;2.8589362e-05;1.2567627e-05;1.0;1.0;3.9579167;25
1269108654;1268920187;0.06417035;0.015202965;0.00031027905;0.9978231;2.3365178;0.14882614;0.05067117;0.0;0.0;2.1247532;-0.0074671456;-0.00052005536;-0.0022174271;0.0075712665;0.009840061;0.005395325;0.28276846;0.00074383634;-0.18548903;0.025238384;-0.051714383;-0.0021965432;0.0;0.0;2.0558307;0.00019200069;0.000121499004;0.0006785851;1.69134;1.1216226;0.013409423;86.66611;47.831055;0.254971;4.583871e-07;3.5385887e-07;3.4779296e-07;0.0015071824;0.0068303603;9.838401e-05;1.14112845e-05;1.8740826e-05;1.2782632e-05;1.2728639e-05;2.8229857e-05;1.2528912e-05;1.0;1.0;4.0865335;25
1269613377;1269424891;0.06719808;0.012909634;0.00638644;0.9976357;2.5404255;0.17282672;0.042155556;0.0;0.0;2.101923;-0.0074682967;-0.0005214513;-0.002205755;0.0075712665;0.009840061;0.0057695555;0.28239882;0.00077583804;-0.18572433;0.024869094;-0.051636677;-0.0023885658;0.0;0.0;2.0558307;0.00019697874;0.00012678094;0.000676782;1.8193598;1.2266531;0.013208562;98.53249;55.03762;0.25284168;4.6151587e-07;3.5763335e-07;3.4983512e-07;0.0015072299;0.006830408;9.477142e-05;1.1361199e-05;1.8620494e-05;1.2736608e-05;1.2546602e-05;2.7878552e-05;1.2494869e-05;1.0;1.0;4.2188563;25
1270108212;1269919699;0.06789843;0.020074015;-0.0017190992;0.99748886;2.719493;0.17923114;0.045167666;0.0;0.0;2.1111941;-0.0074685556;-0.0005223737;-0.002193367;0.0075712665;0.009840061;0.0058657285;0.28210184;0.0008043232;-0.18590567;0.0245924;-0.05152933;-0.002541726;0.0;0.0;2.0558307;0.00020191316;0.00013206208;0.00067613303;1.9524244;1.3364289;0.013161193;111.39245;62.94048;0.25501528;4.6447715e-07;3.612611e-07;3.5216485e-07;0.0015072764;0.0068304543;9.172901e-05;1.1320243e-05;1.8519111e-05;1.2698059e-05;1.2398013e-05;2.7591244e-05;1.2467629e-05;1.0;1.0;4.3497696;25
1270612935;1270424403;0.06834904;0.013651858;-0.006532452;0.9975467;2.9270117;0.19297576;0.056331016;0.0;0.0;2.1113894;-0.0074690646;-0.0005241554;-0.0021770936;0.0075712665;0.009840061;0.006029444;0.28178594;0.00083769363;-0.18611681;0.024276588;-0.051436722;-0.0026996222;0.0;0.0;2.0558307;0.0002070038;0.00013753373;0.0006747884;2.0916562;1.4542153;0.012975944;125.73741;71.89273;0.25275442;4.6738842e-07;3.6488407e-07;3.5412785e-07;0.0015073239;0.006830502;8.8484085e-05;1.1277641e-05;1.8401495e-05;1.26556015e-05;1.2234146e-05;2.7277134e-05;1.2439449e-05;1.0;1.0;4.484732;25
1271107743;1270919210;0.06899801;0.00940617;0.0058846925;0.9975551;3.1621509;0.2071158;0.04165089;0.0;0.0;2.096551;-0.007469833;-0.0005253061;-0.002161835;0.0075712665;0.009840061;0.006307947;0.28148752;0.0008692817;-0.18633124;0.023953483;-0.051389102;-0.002847268;0.0;0.0;2.0558307;0.00021204646;0.0001429752;0.0006735379;2.233376;1.5767827;0.012766291;141.11111;81.62629;0.24960063;4.701338e-07;3.6835777e-07;3.5595448e-07;0.0015073705;0.0068305484;8.5418586e-05;1.1239688e-05;1.8285247e-05;1.2616566e-05;1.2078398e-05;2.6982667e-05;1.24138905e-05;1.0;1.0;4.6185164;25
1271612635;1271423914;0.06926291;0.009151606;5.364419e-05;0.9975565;3.4029686;0.21937543;0.057521332;0.0;0.0;2.105072;-0.007470072;-0.00052673277;-0.00214751;0.0075712665;0.009840061;0.0064012897;0.28122598;0.0008984687;-0.18654422;0.023614755;-0.051402718;-0.0029706946;0.0;0.0;2.0558307;0.00021723782;0.00014860617;0.0006725951;2.3830643;1.7081491;0.012740835;158.24101;92.61765;0.2524577;4.7282225e-07;3.7182207e-07;3.5784078e-07;0.001507418;0.006830596;8.284662e-05;1.1205526e-05;1.8170544e-05;1.2581027e-05;1.1930714e-05;2.6704609e-05;1.2391e-05;1.0;1.0;4.7567887;25
1272117089;1271928618;0.06825592;0.017679157;0.006783276;0.9974882;3.622467;0.25150296;0.04178482;0.0;0.0;2.0841305;-0.0074718073;-0.0005286693;-0.002136356;0.0075712665;0.009840061;0.0067182938;0.2810097;0.0009219233;-0.18672259;0.023326518;-0.051452935;-0.003078797;0.0;0.0;2.0558307;0.00022247453;0.000154296;0.0006727942;2.5400622;1.8484566;0.012549843;176.97795;104.78336;0.25010234;4.7539572e-07;3.7520252e-07;3.601373e-07;0.0015074655;0.0068306434;8.0103775e-05;1.1178456e-05;1.8074072e-05;1.2552997e-05;1.1808806e-05;2.6478463e-05;1.2371981e-05;1.0;1.0;4.8970656;25
1272611899;1272423425;0.06336323;0.015234354;0.0073759304;0.9978471;3.8908665;0.27497914;0.055734746;0.0;0.0;2.0787923;-0.0074725663;-0.00053058856;-0.0021235922;0.0075712665;0.009840061;0.0068872645;0.28076595;0.0009482457;-0.18691613;0.023008568;-0.051487193;-0.0031989496;0.0;0.0;2.0558307;0.00022764187;0.00015993872;0.00067216606;2.6957042;1.9911964;0.012350878;196.83029;117.87578;0.2469143;4.7780685e-07;3.7843435e-07;3.618479e-07;0.0015075121;0.00683069;7.751947e-05;1.1149241e-05;1.7961904e-05;1.2519551e-05;1.1672612e-05;2.623677e-05;1.2350819e-05;1.0;1.0;5.036939;25
1273107602;1272918233;0.05928338;0.015990002;0.0069242953;0.9980892;4.1696553;0.28357032;0.0443186;0.0;0.0;2.0837486;-0.0074722976;-0.00053132826;-0.0021069467;0.0075712665;0.009840061;0.0069868825;0.28053662;0.00097541726;-0.18709669;0.022710152;-0.051512063;-0.0033090182;0.0;0.0;2.0558307;0.00023285049;0.00016563358;0.0006719747;2.8563848;2.1418474;0.012316393;218.33682;132.23766;0.24877825;4.8010673e-07;3.8158475e-07;3.634995e-07;0.0015075586;0.0068307365;7.535423e-05;1.112153e-05;1.78511e-05;1.2484241e-05;1.154291e-05;2.6026313e-05;1.23290465e-05;1.0;1.0;5.1792483;25
1273612034;1273422936;0.057708714;0.012974;0.00042298774;0.99824905;4.400248;0.30302003;0.049091153;0.0;0.0;2.079723;-0.00747301;-0.00053327536;-0.0020924387;0.0075712665;0.009840061;0.0071507446;0.2803629;0.0009973338;-0.18724893;0.02247178;-0.05154265;-0.0033888454;0.0;0.0;2.0558307;0.00023819893;0.00017148835;0.00067294156;3.0276234;2.3038971;0.0121578835;242.19443;148.3269;0.24648444;4.823379e-07;3.847114e-07;3.6567545e-07;0.0015076061;0.006830784;7.305042e-05;1.1099075e-05;1.7757971e-05;1.24561875e-05;1.1437485e-05;2.5854177e-05;1.2312073e-05;1.0;1.0;5.3271456;25
1274116127;1273927639;0.055241697;0.012497673;-0.010424154;0.99834037;4.6520433;0.3242672;0.04896251;0.0;0.0;2.074672;-0.0074740583;-0.0005353512;-0.0020760864;0.0075712665;0.009840061;0.007316654;0.28019333;0.0010192319;-0.18740486;0.022234913;-0.051571827;-0.0034640755;0.0;0.0;2.0558307;0.00024358078;0.00017738371;0.00067328895;3.1998136;2.4726062;0.012006988;267.8265;165.88177;0.24419662;4.844523e-07;3.8775005e-07;3.6734156e-07;0.0015076536;0.0068308315;7.087656e-05;1.1076246e-05;1.7649712e-05;1.2424127e-05;1.1321224e-05;2.567363e-05;1.2294255e-05;1.0;1.0;5.4779058;25
1274610925;1274422447;0.061093908;0.014471917;-2.9171288e-05;0.99802715;4.957435;0.35418367;0.04484325;0.0;0.0;2.0856621;-0.007475916;-0.00053580035;-0.002061332;0.0075712665;0.009840061;0.0073675183;0.280016;0.0010404974;-0.18756106;0.021983478;-0.05160693;-0.0035449138;0.0;0.0;2.0558307;0.00024885248;0.00018320815;0.0006735058;3.3732414;2.6455767;0.011981964;294.8716;184.64981;0.24604397;4.864117e-07;3.9064375e-07;3.6888602e-07;0.0015077002;0.006830878;6.9053734e-05;1.1054145e-05;1.7542718e-05;1.23938225e-05;1.1207762e-05;2.549624e-05;1.227706e-05;1.0;1.0;5.62862;25
1275115646;1274927150;0.05537994;0.022097921;0.0056054518;0.9982051;5.198745;0.3760811;0.056669835;0.0;0.0;2.0921404;-0.007476725;-0.00053762516;-0.002048573;0.0075712665;0.009840061;0.0074635614;0.2798949;0.0010570775;-0.18769021;0.02177357;-0.051682148;-0.0035977438;0.0;0.0;2.0558307;0.0002542377;0.00018917762;0.00067472673;3.5586653;2.831018;0.011834405;324.70053;205.5437;0.24379846;4.882952e-07;3.935052e-07;3.7097735e-07;0.0015077477;0.0068309256;6.7106615e-05;1.1035408e-05;1.7452829e-05;1.2370806e-05;1.1114208e-05;2.534468e-05;1.226335e-05;1.0;1.0;5.785825;25
1275610487;1275421957;0.06089708;0.0136955585;0.0004627109;0.99805003;5.4740925;0.3910186;0.0603229;0.0;0.0;2.1044204;-0.007477308;-0.00054005376;-0.002030372;0.0075712665;0.009840061;0.007508939;0.27977112;0.001076095;-0.18782927;0.021549148;-0.051762372;-0.003648783;0.0;0.0;2.0558307;0.00025953274;0.0001950522;0.00067517045;3.7399557;3.019355;0.011676028;355.88336;227.72469;0.24081051;4.9002904e-07;3.9622273e-07;3.724541e-07;0.0015077943;0.006830972;6.52686e-05;1.1016417e-05;1.7348295e-05;1.234405e-05;1.1010694e-05;2.5185376e-05;1.22490255e-05;1.0;1.0;5.943638;25
1276115196;1275926660;0.0738075;0.0062611345;0.0007791652;0.9972526;5.827094;0.4273967;0.05437001;0.0;0.0;2.1147213;-0.007479127;-0.0005408209;-0.0020176126;0.0075712665;0.009840061;0.00757182;0.2796365;0.0010938343;-0.18798585;0.021295369;-0.05186173;-0.0037029872;0.0;0.0;2.0558307;0.00026487574;0.00020108782;0.0006753784;3.9325342;3.2199535;0.011542543;389.9984;252.27222;0.23867781;4.9168284e-07;3.9890523e-07;3.740331e-07;0.0015078417;0.0068310197;6.3532316e-05;1.09970615e-05;1.724517e-05;1.2321363e-05;1.0908101e-05;2.5006066e-05;1.2236009e-05;1.0;1.0;6.1085944;25
1276609939;1276421467;0.07386422;0.008147028;0.0021654665;0.9972327;6.126836;0.44174418;0.056777563;0.0;0.0;2.1196148;-0.0074789305;-0.0005424932;-0.002002504;0.0075712665;0.009840061;0.0076792096;0.27953038;0.0011108225;-0.18812408;0.021096244;-0.051926486;-0.003739404;0.0;0.0;2.0558307;0.00027009755;0.00020702959;0.0006763773;4.131141;3.4257915;0.011528471;426.01382;278.3826;0.24050052;4.9319397e-07;4.0144832e-07;3.7597533e-07;0.0015078883;0.006831066;6.207232e-05;1.0979701e-05;1.715836e-05;1.230386e-05;1.08236745e-05;2.4852221e-05;1.2225537e-05;1.0;1.0;6.2750654;25
1277114709;1276926169;0.075178474;0.011767506;-0.0065554995;0.99707913;6.5100117;0.48115975;0.046869315;0.0;0.0;2.1209743;-0.0074807494;-0.0005436752;-0.0019892012;0.0075712665;0.009840061;0.007803874;0.2794124;0.0011275653;-0.18828173;0.020843515;-0.052050065;-0.003781823;0.0;0.0;2.0558307;0.00027539083;0.00021309394;0.0006766136;4.333402;3.642817;0.011403901;465.04446;307.08362;0.23841003;4.946223e-07;4.0395113e-07;3.775082e-07;0.0015079358;0.0068311137;6.050876e-05;1.0961229e-05;1.7057559e-05;1.2283962e-05;1.07274245e-05;2.4677813e-05;1.221381e-05;1.0;1.0;6.450313;25
1277613133;1277420976;0.07501464;0.017416188;-0.003061598;0.99702567;6.8939934;0.5351002;0.046013076;0.0;0.0;2.1150594;-0.007483834;-0.0005456246;-0.001976991;0.0075712665;0.009840061;0.007965117;0.27930063;0.0011424616;-0.18843026;0.020610297;-0.052158426;-0.0038204715;0.0;0.0;2.0558307;0.00028055362;0.00021904327;0.0006768281;4.534066;3.8630128;0.011393393;505.86166;337.41992;0.2402481;4.9591534e-07;4.0631755e-07;3.789099e-07;0.0015079824;0.0068311603;5.9192593e-05;1.0943182e-05;1.6957882e-05;1.226457e-05;1.0634368e-05;2.4511663e-05;1.220236e-05;1.0;1.0;6.62787;25
1278114662;1277925679;0.076306336;0.009903181;0.0038481976;0.9970279;7.27813;0.5697115;0.04296636;0.0;0.0;2.1309924;-0.007484125;-0.0005467941;-0.0019653758;0.0075712665;0.009840061;0.007996322;0.27918842;0.0011566887;-0.1885639;0.020398997;-0.052230235;-0.0038590601;0.0;0.0;2.0558307;0.00028577336;0.00022510887;0.00067732634;4.745178;4.096294;0.011287142;550.30365;370.73923;0.23822188;4.971252e-07;4.0864077e-07;3.803701e-07;0.0015080299;0.006831208;5.7780628e-05;1.09243e-05;1.6859469e-05;1.2243618e-05;1.0543506e-05;2.4355611e-05;1.2189984e-05;1.0;1.0;6.815496;25
1278608983;1278420486;0.07841164;0.01307117;-0.004532668;0.99682516;7.611978;0.61248624;0.046657506;0.0;0.0;2.1278121;-0.0074859443;-0.0005488149;-0.0019561974;0.0075712665;0.009840061;0.00814615;0.2791216;0.001166911;-0.18867828;0.020219525;-0.05234685;-0.0038794123;0.0;0.0;2.0558307;0.00029087567;0.00023104185;0.00067847176;4.960014;4.334536;0.011154389;596.87537;405.93295;0.23547545;4.9820557e-07;4.1083106e-07;3.822127e-07;0.0015080764;0.0068312543;5.6440054e-05;1.0907897e-05;1.6776648e-05;1.2230031e-05;1.0469121e-05;2.421425e-05;1.2180716e-05;1.0;1.0;7.0060053;25
1279113790;1278925188;0.07995401;0.011849851;0.0053845965;0.9967136;8.035634;0.6327864;0.050605442;0.0;0.0;2.1248202;-0.0074853157;-0.0005505867;-0.0019373914;0.0075712665;0.009840061;0.008289099;0.27902284;0.0011829548;-0.18882723;0.020006655;-0.052428365;-0.0039022546;0.0;0.0;2.0558307;0.0002960199;0.00023708679;0.0006790267;5.1797976;4.5838947;0.011059738;647.21954;444.37683;0.23357165;4.99202e-07;4.129763e-07;3.8361983e-07;0.0015081239;0.006831302;5.5168603e-05;1.0889704e-05;1.6680402e-05;1.2211641e-05;1.0384611e-05;2.4063744e-05;1.2169799e-05;1.0;1.0;7.207792;25
1279608946;1279419994;0.078622;0.00949193;0.0054315245;0.99684453;8.470008;0.6805565;0.051243167;0.0;0.0;2.1222792;-0.0074867406;-0.0005519254;-0.0019261003;0.0075712665;0.009840061;0.008418853;0.27895588;0.0011939968;-0.18895355;0.01980178;-0.052577678;-0.003921337;0.0;0.0;2.0558307;0.00030103396;0.00024298143;0.0006793779;5.3958716;4.836435;0.011057647;699.5039;484.75882;0.23544522;5.0007856e-07;4.1499396e-07;3.8490828e-07;0.0015081705;0.0068313484;5.409434e-05;1.0872936e-05;1.6585213e-05;1.2197057e-05;1.0303537e-05;2.3911087e-05;1.2160358e-05;1.0;1.0;7.4137483;25
1280113163;1279924696;0.07943827;0.010509705;0.005052578;0.99677163;8.878475;0.727201;0.034395803;0.0;0.0;2.1275566;-0.0074884864;-0.0005529772;-0.0019157324;0.0075712665;0.009840061;0.008507373;0.27889574;0.0012037007;-0.18906343;0.019609781;-0.052725922;-0.0039397217;0.0;0.0;2.0558307;0.0003060922;0.00024896214;0.0006808495;5.628845;5.1061506;0.010958396;756.4782;528.95605;0.23358575;5.008707e-07;4.1696399e-07;3.8676419e-07;0.001508218;0.006831396;5.2938078e-05;1.0856061e-05;1.6505273e-05;1.2184404e-05;1.0234945e-05;2.3782077e-05;1.2150879e-05;1.0;1.0;7.6330776;25
1280607965;1280419502;0.07852224;0.013363227;-0.012054456;0.9967499;9.283124;0.7646569;0.048909694;0.0;0.0;2.1328864;-0.0074894223;-0.0005551563;-0.0019028811;0.0075712665;0.009840061;0.0086011;0.27884215;0.0012127352;-0.18918264;0.019437253;-0.052831765;-0.0039438303;0.0;0.0;2.0558307;0.00031101404;0.00025479664;0.0006814184;5.852249;5.3744297;0.010968615;815.3571;575.13336;0.23547861;5.015503e-07;4.1881148e-07;3.879837e-07;0.0015082646;0.0068314425;5.196102e-05;1.083917e-05;1.6412156e-05;1.21698795e-05;1.0159322e-05;2.3644609e-05;1.2141661e-05;1.0;1.0;7.8572955;25
1281112763;1280924204;0.079134606;0.014080945;0.009526697;0.99671894;9.738616;0.81812614;0.057056524;0.0;0.0;2.1458528;-0.0074914317;-0.00055677147;-0.0018910236;0.0075712665;0.009840061;0.008650895;0.27878767;0.0012215802;-0.18930149;0.019240987;-0.052976966;-0.0039520427;0.0;0.0;2.0558307;0.00031596818;0.0002607014;0.0006821721;6.083612;5.6571875;0.010881756;878.9689;625.40845;0.23368104;5.021478e-07;4.2060967e-07;3.8926692e-07;0.0015083121;0.00683149;5.090724e-05;1.082189e-05;1.6320218e-05;1.2155252e-05;1.00852e-05;2.351066e-05;1.2131964e-05;1.0;1.0;8.095344;25
1281607628;1281419010;0.07650191;0.009200194;0.00046269465;0.9970269;10.14311;0.8621282;0.059328396;0.0;0.0;2.187298;-0.0074919574;-0.0005576369;-0.0018804455;0.0075712665;0.009840061;0.008564769;0.27875355;0.0012284864;-0.18938848;0.019081125;-0.053117212;-0.0039597577;0.0;0.0;2.0558307;0.00032077343;0.00026644013;0.00068366143;6.321149;5.945498;0.010774358;945.22656;678.0539;0.23117882;5.026406e-07;4.2228936e-07;3.909408e-07;0.0015083586;0.0068315365;4.9901286e-05;1.0805495e-05;1.6242853e-05;1.2144448e-05;1.0023371e-05;2.3393242e-05;1.2123386e-05;1.0;1.0;8.339748;25
1282112211;1281923712;0.07266278;-0.0022551268;-0.008129971;0.9973209;10.574972;0.8970171;0.06088705;0.0;0.0;2.2076883;-0.007492624;-0.00055952725;-0.0018650979;0.0075712665;0.009840061;0.008599326;0.27872485;0.0012353294;-0.1894953;0.018920038;-0.05325117;-0.0039545237;0.0;0.0;2.0558307;0.0003256519;0.000272238;0.00068458373;6.558281;6.2457547;0.010693743;1016.3198;735.0847;0.22948933;5.030532e-07;4.2392e-07;3.9215175e-07;0.0015084061;0.006831584;4.894313e-05;1.0788699e-05;1.6152893e-05;1.2131864e-05;9.955277e-06;2.3272421e-05;1.2114778e-05;1.0;1.0;8.600254;25
1282616888;1282428413;0.069290765;0.014202884;-0.0063736057;0.9974751;11.027817;0.9357719;0.051737085;0.0;0.0;2.2398138;-0.007493822;-0.00055977615;-0.0018508817;0.0075712665;0.009840061;0.008593418;0.27867717;0.0012417556;-0.1895965;0.018754462;-0.05336355;-0.0039592;0.0;0.0;2.0558307;0.0003304278;0.00027797525;0.0006856908;6.799596;6.5550265;0.0107336035;1091.5084;795.7659;0.23215963;5.0337684e-07;4.254688e-07;3.9332448e-07;0.0015084536;0.0068316315;4.8130478e-05;1.0771206e-05;1.6063965e-05;1.2116955e-05;9.887442e-06;2.3161982e-05;1.2104867e-05;1.0;1.0;8.871599;25
1283115375;1282923219;0.057441514;0.017662399;0.0012026208;0.9981919;11.401444;0.97265;0.0758642;0.0;0.0;2.262288;-0.0074954513;-0.0005616393;-0.0018381906;0.0075712665;0.009840061;0.008634704;0.27864963;0.0012459162;-0.18967894;0.018619828;-0.05347615;-0.003957416;0.0;0.0;2.0558307;0.0003350829;0.0002835179;0.0006876744;7.0413675;6.8668065;0.01064344;1169.5594;859.0422;0.2297778;5.036103e-07;4.2690704e-07;3.948766e-07;0.0015085002;0.006831678;4.724856e-05;1.0754377e-05;1.5989131e-05;1.2104052e-05;9.831079e-06;2.3075356e-05;1.2095753e-05;1.0;1.0;9.149251;25
1283606632;1283418024;0.05689903;0.0069592944;-0.003423924;0.99834985;11.818592;1.0165534;0.07663013;0.0;0.0;2.2938693;-0.0074980618;-0.0005628051;-0.0018257095;0.0075712665;0.009840061;0.008631108;0.27862775;0.0012485323;-0.18975838;0.018477857;-0.05361425;-0.0039567645;0.0;0.0;2.0558307;0.00033969583;0.00028898136;0.0006889046;7.2754245;7.185811;0.010552718;1251.2404;925.9548;0.22744915;5.0376406e-07;4.2826872e-07;3.958599e-07;0.0015085468;0.0068317247;4.640331e-05;1.0737378e-05;1.5901986e-05;1.2089102e-05;9.7678785e-06;2.2983662e-05;1.2086437e-05;1.0;1.0;9.438564;25
1284111245;1283922725;0.055147227;0.012649165;0.0049303663;0.99838597;12.2460375;1.0472279;0.08362887;0.0;0.0;2.3194563;-0.0074987845;-0.0005640107;-0.0018129746;0.0075712665;0.009840061;0.008680906;0.2786029;0.0012516838;-0.1898494;0.018332323;-0.053740073;-0.0039503854;0.0;0.0;2.0558307;0.00034432183;0.00029448033;0.00069037935;7.518919;7.519409;0.01059829;1339.121;998.30804;0.23015967;5.038425e-07;4.2958075e-07;3.9690337e-07;0.0015085943;0.006831772;4.5685643e-05;1.0719793e-05;1.5815922e-05;1.2073626e-05;9.7063285e-06;2.2899005e-05;1.2076678e-05;1.0;1.0;9.745485;25
1284616646;1284427427;0.056128725;0.0129494015;0.0017421151;0.9983381;12.662744;1.0789452;0.08822696;0.0;0.0;2.3499246;-0.0074991304;-0.00056588935;-0.0018022223;0.0075712665;0.009840061;0.008713183;0.27858332;0.0012536269;-0.18992907;0.018202234;-0.053858764;-0.0039443276;0.0;0.0;2.0558307;0.00034886575;0.00029990065;0.00069186836;7.76514;7.861914;0.010533679;1431.6028;1074.9197;0.2285791;5.0384335e-07;4.308155e-07;3.979167e-07;0.0015086418;0.0068318197;4.4902677e-05;1.0702264e-05;1.5730833e-05;1.20583945e-05;9.646325e-06;2.281683e-05;1.2067008e-05;1.0;1.0;10.064836;25
1285111323;1284922232;0.0606451;0.010216002;-0.0022732026;0.9981045;13.025961;1.1028702;0.08438635;0.0;0.0;2.3662987;-0.0074997386;-0.0005667413;-0.0017927588;0.0075712665;0.009840061;0.008810637;0.2785682;0.0012549115;-0.19000386;0.018084124;-0.05397241;-0.0039364286;0.0;0.0;2.0558307;0.000353228;0.00030514796;0.000693918;8.019194;8.208809;0.010452468;1527.2893;1154.4921;0.22635862;5.0377366e-07;4.3195362e-07;3.9935887e-07;0.0015086883;0.006831866;4.4149965e-05;1.0685726e-05;1.5659245e-05;1.2047262e-05;9.596054e-06;2.2739336e-05;1.2058505e-05;1.0;1.0;10.390829;25
1285615405;1285426933;0.062858105;0.009524487;0.0005326583;0.9979769;13.506631;1.145024;0.07291334;0.0;0.0;2.3843837;-0.007503135;-0.00056750985;-0.0017809566;0.0075712665;0.009840061;0.008903985;0.27854595;0.0012561433;-0.19009684;0.017924892;-0.054126915;-0.0039291624;0.0;0.0;2.0558307;0.00035757697;0.00031042128;0.0006952677;8.272399;8.568908;0.0104973875;1629.4403;1240.0924;0.2291097;5.036332e-07;4.3304343e-07;4.003349e-07;0.0015087358;0.0068319137;4.3508997e-05;1.0668804e-05;1.5575923e-05;1.2034376e-05;9.538793e-06;2.2652108e-05;1.2049542e-05;1.0;1.0;10.737255;25
1286110640;1285921739;0.058597013;0.013716908;-0.0060567358;0.9981691;13.960872;1.1770067;0.087787926;0.0;0.0;2.402386;-0.0075040874;-0.0005689067;-0.0017694243;0.0075712665;0.009840061;0.008998252;0.27852407;0.0012571915;-0.19018546;0.01778178;-0.05425654;-0.003920043;0.0;0.0;2.0558307;0.00036175043;0.00031550808;0.0006965227;8.521882;8.927451;0.010420127;1734.5487;1328.6014;0.22691232;5.0342965e-07;4.3404287e-07;4.0118638e-07;0.0015087824;0.0068319603;4.2806783e-05;1.065209e-05;1.5493426e-05;1.2021176e-05;9.483012e-06;2.2569535e-05;1.2040591e-05;1.0;1.0;11.091863;25
1286615025;1286426438;0.058394235;0.008333387;-0.0034633558;0.99825287;14.319243;1.1999613;0.08761331;0.0;0.0;2.417938;-0.007506413;-0.00056980015;-0.0017600362;0.0075712665;0.009840061;0.009102601;0.27850685;0.0012566291;-0.19025396;0.017675294;-0.05435102;-0.003912572;0.0;0.0;2.0558307;0.00036593253;0.00032059895;0.0006988071;8.789729;9.306186;0.010364963;1847.5046;1423.9763;0.22548242;5.031591e-07;4.3499432e-07;4.026321e-07;0.0015088299;0.006832008;4.2130527e-05;1.0635304e-05;1.5424188e-05;1.2010044e-05;9.436013e-06;2.2500493e-05;1.2031879e-05;1.0;1.0;11.46804;25
1287109873;1286921243;0.05704306;0.0033267203;0.003978092;0.99835825;14.760203;1.2197878;0.07772916;0.0;0.0;2.4368994;-0.0075068846;-0.0005704395;-0.001747829;0.0075712665;0.009840061;0.009193155;0.2784911;0.0012563488;-0.19033535;0.017545003;-0.05447689;-0.0039027212;0.0;0.0;2.0558307;0.00036995418;0.00032550038;0.0007000895;9.044461;9.683153;0.010396018;1963.066;1522.2704;0.22753981;5.028367e-07;4.3586292e-07;4.0341874e-07;0.0015088764;0.0068320544;4.155203e-05;1.0618878e-05;1.534336e-05;1.1997826e-05;9.383331e-06;2.242367e-05;1.2023414e-05;1.0;1.0;11.851432;25
1287614410;1287425943;0.063272014;0.0028024134;-0.0039638053;0.9979845;15.172833;1.2518364;0.07560087;0.0;0.0;2.4556675;-0.007509417;-0.00057173934;-0.0017409119;0.0075712665;0.009840061;0.009289617;0.2784874;0.0012543569;-0.19040897;0.017428976;-0.05460586;-0.0038894094;0.0;0.0;2.0558307;0.00037398323;0.00033040822;0.0007013877;9.307109;10.07526;0.010335568;2086.5144;1627.783;0.22611201;5.024499e-07;4.366853e-07;4.0427778e-07;0.001508924;0.006832102;4.0917592e-05;1.060268e-05;1.5263517e-05;1.1987606e-05;9.332706e-06;2.234302e-05;1.201554e-05;1.0;1.0;12.257478;25
1288109243;1287920747;0.06942574;0.009061256;0.00012633308;0.99754596;15.545375;1.274059;0.07409828;0.0;0.0;2.4711165;-0.0075100497;-0.00057287375;-0.001733956;0.0075712665;0.009840061;0.009401799;0.27847582;0.0012531525;-0.1904727;0.017343268;-0.054679748;-0.0038791026;0.0;0.0;2.0558307;0.00037780943;0.00033514094;0.00070335093;9.580105;10.469735;0.010265619;2213.7002;1736.6986;0.22403103;5.020171e-07;4.3743137e-07;4.055739e-07;0.0015089705;0.0068321484;4.0304305e-05;1.0587131e-05;1.5196346e-05;1.1979411e-05;9.289808e-06;2.2270371e-05;1.20079785e-05;1.0;1.0;12.670636;25
1288614022;1288425448;0.081068106;0.010089161;-0.0040150895;0.99664944;16.006609;1.3073361;0.09284012;0.0;0.0;2.4828346;-0.0075120577;-0.0005744801;-0.001726295;0.0075712665;0.009840061;0.009531599;0.27845442;0.0012519718;-0.19055709;0.017228855;-0.054763373;-0.0038661552;0.0;0.0;2.0558307;0.00038156775;0.00033988626;0.00070444954;9.855199;10.875245;0.010319283;2349.1777;1853.2825;0.22683133;5.0152664e-07;4.3813415e-07;4.0641027e-07;0.001509018;0.006832196;3.978108e-05;1.0571377e-05;1.5118118e-05;1.1970709e-05;9.240967e-06;2.2181219e-05;1.2000309e-05;1.0;1.0;13.108828;25
1289108831;1288920252;0.080278754;0.001648276;-0.0026111545;0.99676776;16.475943;1.3288974;0.08266134;0.0;0.0;2.4798403;-0.0075125867;-0.00057610916;-0.0017166279;0.0075712665;0.009840061;0.009712494;0.27843267;0.0012511534;-0.19065413;0.017108604;-0.05484308;-0.003846996;0.0;0.0;2.0558307;0.00038515506;0.00034444762;0.00070534827;10.130439;11.282164;0.010254844;2488.032;1973.1877;0.22476894;5.009984e-07;4.3876727e-07;4.0713311e-07;0.0015090646;0.0068322425;3.9203656e-05;1.0556043e-05;1.5040649e-05;1.19626e-05;9.193676e-06;2.2091242e-05;1.1992994e-05;1.0;1.0;13.556209;25
1289613657;1289424952;0.07606468;0.0074604102;0.00075950514;0.9970747;16.95659;1.356725;0.08042485;0.0;0.0;2.4774754;-0.007514244;-0.0005769895;-0.0017084349;0.0075712665;0.009840061;0.009894469;0.27841374;0.0012495661;-0.19074388;0.016990522;-0.05493589;-0.0038321277;0.0;0.0;2.0558307;0.00038874103;0.00034899224;0.0007064075;10.412957;11.704054;0.01020795;2636.0276;2101.4587;0.22346629;5.0041575e-07;4.393589e-07;4.0791113e-07;0.0015091121;0.00683229;3.864505e-05;1.0540681e-05;1.4964089e-05;1.1954863e-05;9.147667e-06;2.2004395e-05;1.1985799e-05;1.0;1.0;14.031008;25
1290118276;1289929652;0.07868168;0.015654463;0.0033581057;0.9967713;17.394144;1.3867117;0.08299091;0.0;0.0;2.4886577;-0.007516526;-0.0005775123;-0.0017035956;0.0075712665;0.009840061;0.010017593;0.27839217;0.0012480639;-0.1908135;0.016872346;-0.055046353;-0.0038294422;0.0;0.0;2.0558307;0.00039220124;0.00035342816;0.00070836535;10.707341;12.136702;0.01025602;2791.0;2236.1306;0.22627161;4.997926e-07;4.398985e-07;4.0920378e-07;0.0015091596;0.0068323375;3.8166385e-05;1.05256095e-05;1.4899792e-05;1.1948272e-05;9.107993e-06;2.1927986e-05;1.1978541e-05;1.0;1.0;14.525996;25
1290613154;1290424456;0.08216382;0.0022585415;0.007098021;0.9965911;17.908903;1.4245608;0.08286287;0.0;0.0;2.4997778;-0.0075189825;-0.0005783015;-0.0016985526;0.0075712665;0.009840061;0.010129941;0.2783686;0.0012460048;-0.1908897;0.016739005;-0.05517445;-0.0038276946;0.0;0.0;2.0558307;0.00039548686;0.0003576773;0.00070919865;10.9885025;12.564733;0.010183241;2949.037;2374.1306;0.22425014;4.9914297e-07;4.403786e-07;4.09837e-07;0.0015092061;0.006832384;3.7637255e-05;1.0510826e-05;1.48246e-05;1.1940896e-05;9.06326e-06;2.1839265e-05;1.1971372e-05;1.0;1.0;15.032592;25
1291108199;1290919259;0.0781;0.004948749;-0.0035422135;0.996927;18.37212;1.4200675;0.07809214;0.0;0.0;2.5043378;-0.007516432;-0.0005788935;-0.0016843126;0.0075712665;0.009840061;0.0102811735;0.2783426;0.0012446165;-0.19098641;0.016631667;-0.05522242;-0.0038087557;0.0;0.0;2.0558307;0.00039872277;0.0003618268;0.0007101315;11.27745;13.000071;0.010129318;3114.0232;2518.4216;0.2222828;4.984598e-07;4.4081298e-07;4.1043285e-07;0.0015092527;0.0068324306;3.712454e-05;1.0495934e-05;1.4750185e-05;1.19332635e-05;9.020628e-06;2.1759428e-05;1.1964324e-05;1.0;1.0;15.559432;25
1291612480;1291423958;0.07536329;0.006605026;-0.0034461587;0.9971283;18.786787;1.4458643;0.07756698;0.0;0.0;2.5180364;-0.00751935;-0.0005797763;-0.0016779396;0.0075712665;0.009840061;0.010389383;0.27832863;0.0012421324;-0.19106208;0.016524237;-0.055314407;-0.0037971844;0.0;0.0;2.0558307;0.00040195117;0.00036594513;0.0007120829;11.580322;13.455295;0.010186231;3289.7495;2672.5215;0.22511296;4.977327e-07;4.4121143e-07;4.1163597e-07;0.0015093002;0.006832478;3.6686473e-05;1.0481382e-05;1.46878065e-05;1.1927722e-05;8.984501e-06;2.1690073e-05;1.1957731e-05;1.0;1.0;16.117693;25
1292107221;1291918761;0.07920339;0.00500966;0.0109584825;0.99678564;19.254515;1.4686924;0.07525384;0.0;0.0;2.5190368;-0.0075204023;-0.0005800849;-0.0016753171;0.0075712665;0.009840061;0.010541576;0.27830967;0.0012395775;-0.19113515;0.016414054;-0.05541565;-0.003792544;0.0;0.0;2.0558307;0.0004050007;0.0003698779;0.0007129718;11.869995;13.904579;0.010121255;3468.6917;2830.097;0.22315712;4.969886e-07;4.4155914e-07;4.1217368e-07;0.0015093468;0.0068325247;3.620023e-05;1.0467148e-05;1.4614881e-05;1.1920906e-05;8.943362e-06;2.1611762e-05;1.1951171e-05;1.0;1.0;16.685947;25
1292612039;1292423461;0.08270638;0.0012106253;0.0018981228;0.9965715;19.763601;1.497608;0.073467284;0.0;0.0;2.5112715;-0.007523557;-0.0005808199;-0.0016721486;0.0075712665;0.009840061;0.01072486;0.27829212;0.0012362739;-0.19120796;0.016293678;-0.055543892;-0.0037916973;0.0;0.0;2.0558307;0.0004080112;0.00037378317;0.0007138294;12.169477;14.36977;0.010066599;3658.681;2997.9329;0.2219155;4.962031e-07;4.41873e-07;4.1278122e-07;0.0015093943;0.006832572;3.5728503e-05;1.0453121e-05;1.4542774e-05;1.191537e-05;8.903409e-06;2.1526757e-05;1.1944627e-05;1.0;1.0;17.288387;25
1293116664;1292928163;0.08297563;-0.00034214044;0.0036585776;0.99654484;20.173498;1.512764;0.06414074;0.0;0.0;2.5094147;-0.007524965;-0.00058061525;-0.0016684089;0.0075712665;0.009840061;0.010882239;0.2782703;0.0012338166;-0.19127594;0.016201377;-0.055612933;-0.0037871476;0.0;0.0;2.0558307;0.00041092944;0.00037758754;0.00071564806;12.485049;14.84528;0.01002147;3856.905;3173.2595;0.22067122;4.953923e-07;4.4214798e-07;4.1391417e-07;0.0015094418;0.0068326197;3.5269786e-05;1.0439266e-05;1.44822325e-05;1.19108345e-05;8.869567e-06;2.145571e-05;1.1938423e-05;1.0;1.0;17.914028;25
1293611429;1293422962;0.08166233;0.0057934937;-0.00725913;0.99661684;20.645117;1.531705;0.07587953;0.0;0.0;2.5151286;-0.007526452;-0.0005819718;-0.001661196;0.0075712665;0.009840061;0.0110106645;0.27825204;0.00123084;-0.19136822;0.016075756;-0.0557114;-0.0037730727;0.0;0.0;2.0558307;0.00041372408;0.0003812123;0.0007164263;12.785048;15.31319;0.010063765;4058.7395;3352.2812;0.22277875;4.9457753e-07;4.4238203e-07;4.1437534e-07;0.0015094883;0.006832666;3.4876655e-05;1.0425679e-05;1.4411406e-05;1.1905519e-05;8.831839e-06;2.1379165e-05;1.1932457e-05;1.0;1.0;18.549786;25
1294106260;1293917765;0.08099074;0.0019164006;-0.011565323;0.9966459;21.109362;1.5446197;0.08122575;0.0;0.0;2.52286;-0.0075281407;-0.0005813824;-0.0016530068;0.0075712665;0.009840061;0.011127844;0.2782164;0.0012278141;-0.19145325;0.015966095;-0.05576172;-0.0037672403;0.0;0.0;2.0558307;0.0004163984;0.00038473282;0.0007173298;13.089396;15.787195;0.01001394;4268.4546;3538.668;0.2208983;4.93744e-07;4.4258215e-07;4.148022e-07;0.0015095349;0.006832713;3.4441153e-05;1.04118535e-05;1.4341319e-05;1.1898983e-05;8.794202e-06;2.1308932e-05;1.1926185e-05;1.0;1.0;19.20804;25
1294611001;1294422464;0.07954316;0.0049180943;-0.006566851;0.9967977;21.492903;1.540587;0.06988881;0.0;0.0;2.5263176;-0.007528641;-0.0005825979;-0.0016454727;0.0075712665;0.009840061;0.0112635465;0.2781975;0.0012250077;-0.19153129;0.015868092;-0.055827156;-0.0037558416;0.0;0.0;2.0558307;0.00041908017;0.00038821655;0.0007191575;13.414463;16.28386;0.010080147;4491.021;3736.8484;0.2237446;4.928779e-07;4.4275416e-07;4.1585128e-07;0.0015095824;0.0068327603;3.4068413e-05;1.039846e-05;1.4282576e-05;1.1894771e-05;8.762974e-06;2.1245482e-05;1.1920377e-05;1.0;1.0;19.901817;25
1295115648;1294927164;0.073683076;0.008131802;5.6780933e-05;0.9972486;21.97739;1.556765;0.07231663;0.0;0.0;2.5364013;-0.007529832;-0.0005809355;-0.0016392303;0.0075712665;0.009840061;0.011376909;0.27816215;0.0012217282;-0.19160292;0.01575366;-0.0559112;-0.0037624643;0.0;0.0;2.0558307;0.00042163383;0.00039158782;0.00072016404;13.72922;16.781301;0.010038235;4721.6787;3942.9165;0.22255056;4.919965e-07;4.4289504e-07;4.1630688e-07;0.0015096299;0.006832808;3.3653276e-05;1.0384921e-05;1.4213881e-05;1.1888614e-05;8.726636e-06;2.1177611e-05;1.191423e-05;1.0;1.0;20.620174;25
1295610441;1295421964;0.06302242;0.0038483725;-0.0004484547;0.9980047;22.40418;1.5638837;0.087080225;0.0;0.0;2.5336456;-0.0075315004;-0.00058277143;-0.001632485;0.0075712665;0.009840061;0.011526494;0.2781467;0.0012170557;-0.19166628;0.015656544;-0.056009993;-0.0037619872;0.0;0.0;2.0558307;0.0004241245;0.00039477603;0.0007210576;14.032436;17.275414;0.009977594;4956.1226;4152.953;0.2206814;4.9111964e-07;4.4300484e-07;4.1662966e-07;0.0015096765;0.0068328544;3.324725e-05;1.0371855e-05;1.4145799e-05;1.1882589e-05;8.691677e-06;2.111713e-05;1.1908513e-05;1.0;1.0;21.347765;25
1296116114;1295926663;0.055715255;0.0023098032;0.0048228647;0.9984324;22.802107;1.5688287;0.067222126;0.0;0.0;2.5312371;-0.007532518;-0.00058190955;-0.001628797;0.0075712665;0.009840061;0.011675682;0.2781213;0.001212747;-0.19171835;0.015572439;-0.056085408;-0.0037705882;0.0;0.0;2.0558307;0.00042656242;0.0003979101;0.00072227686;14.345259;17.790047;0.009938942;5204.1714;4375.622;0.2195227;4.902158e-07;4.430898e-07;4.1698883e-07;0.001509724;0.006832902;3.2851996e-05;1.0358103e-05;1.407851e-05;1.187449e-05;8.6562895e-06;2.1066675e-05;1.1902082e-05;1.0;1.0;22.112488;25
1296610528;1296421465;0.05807426;0.008633429;0.006720755;0.9982524;23.160385;1.5616959;0.072593674;0.0;0.0;2.5335104;-0.0075332066;-0.00058241194;-0.001623306;0.0075712665;0.009840061;0.011803878;0.27809834;0.0012089114;-0.19176884;0.015489717;-0.05615908;-0.0037768842;0.0;0.0;2.0558307;0.0004288735;0.00040087986;0.0007241722;14.660913;18.300507;0.00997933;5456.5073;4602.5757;0.22166306;4.8932276e-07;4.4314885e-07;4.1781018e-07;0.0015097705;0.0068329484;3.251215e-05;1.0345141e-05;1.4021965e-05;1.1868024e-05;8.62633e-06;2.102265e-05;1.1896e-05;1.0;1.0;22.883646;25
1297114649;1296926163;0.06404096;0.0057872394;-0.0022028869;0.9979281;23.57184;1.5711364;0.067105986;0.0;0.0;2.5489736;-0.007534949;-0.00058232114;-0.0016209773;0.0075712665;0.009840061;0.011887834;0.2780694;0.0012046507;-0.19181949;0.015392183;-0.05624853;-0.0037900433;0.0;0.0;2.0558307;0.00043111446;0.00040381082;0.0007253096;14.977938;18.826387;0.009932983;5722.694;4842.7446;0.22047949;4.8840496e-07;4.4318506e-07;4.181249e-07;0.001509818;0.006832996;3.2133976e-05;1.0332013e-05;1.39559015e-05;1.1860242e-05;8.592074e-06;2.0972406e-05;1.1889536e-05;1.0;1.0;23.6936;25
1297609705;1297420964;0.06835808;0.0011828094;-0.0008790684;0.9976598;23.998198;1.5698727;0.0711547;0.0;0.0;2.5565283;-0.0075360537;-0.00058234046;-0.0016147459;0.0075712665;0.009840061;0.011999045;0.27803797;0.0012005786;-0.19189085;0.015297794;-0.05630137;-0.0037913206;0.0;0.0;2.0558307;0.00043325257;0.00040660257;0.00072616566;15.294963;19.345287;0.0099794315;5993.0796;5087.124;0.22264321;4.87502e-07;4.4319992e-07;4.1834753e-07;0.0015098646;0.0068330425;3.180995e-05;1.0319584e-05;1.3890394e-05;1.1854376e-05;8.559736e-06;2.0919058e-05;1.1883883e-05;1.0;1.0;24.510553;25
1298114270;1297925662;0.06406451;0.0004053061;-0.003498552;0.9979396;24.362206;1.5648947;0.07948139;0.0;0.0;2.5565202;-0.007536062;-0.0005813842;-0.0016102538;0.0075712665;0.009840061;0.012135787;0.27800956;0.0011971375;-0.1919463;0.015223437;-0.056347378;-0.0037971146;0.0;0.0;2.0558307;0.00043535954;0.00040934794;0.00072801777;15.629126;19.882065;0.009943461;6278.5513;5345.7466;0.2214953;4.86577e-07;4.4319506e-07;4.191995e-07;0.0015099121;0.00683309;3.144926e-05;1.0307352e-05;1.3835529e-05;1.1849555e-05;8.532132e-06;2.0873113e-05;1.1878282e-05;1.0;1.0;25.368235;25
1298609031;1298420464;0.07078835;0.012792187;-0.006635751;0.99738735;24.767069;1.5571502;0.068426795;0.0;0.0;2.558577;-0.007536031;-0.0005812603;-0.0016056829;0.0075712665;0.009840061;0.012269551;0.27797556;0.0011933664;-0.19201471;0.015135484;-0.056390468;-0.003800591;0.0;0.0;2.0558307;0.00043733642;0.0004119502;0.0007288167;15.953084;20.413319;0.009894498;6567.728;5608.4077;0.21967027;4.856689e-07;4.4317255e-07;4.1938057e-07;0.0015099586;0.0068331365;3.109581e-05;1.0295258e-05;1.3771194e-05;1.1843824e-05;8.501035e-06;2.0821488e-05;1.1872758e-05;1.0;1.0;26.232317;25
1299113674;1298925161;0.069696866;0.008096082;-0.0015522946;0.99753416;25.149328;1.5621681;0.07641971;0.0;0.0;2.552019;-0.007538202;-0.00058042555;-0.0016054164;0.0075712665;0.009840061;0.012426543;0.27794176;0.0011894983;-0.19207717;0.015049606;-0.05644146;-0.0038082248;0.0;0.0;2.0558307;0.0004392607;0.00041451008;0.00072969205;16.284885;20.958103;0.009856877;6872.7095;5886.0186;0.2185526;4.84744e-07;4.4313347e-07;4.1962414e-07;0.0015100061;0.006833184;3.075129e-05;1.028325e-05;1.3707574e-05;1.1838534e-05;8.470477e-06;2.0768644e-05;1.1867245e-05;1.0;1.0;27.13691;25
1299608426;1299419962;0.08190799;0.0024268322;0.002449038;0.99663395;25.519108;1.5652004;0.06658931;0.0;0.0;2.5527902;-0.0075390013;-0.00057909003;-0.0016046932;0.0075712665;0.009840061;0.01255278;0.2779059;0.0011866551;-0.19213507;0.014967021;-0.056485955;-0.0038183648;0.0;0.0;2.0558307;0.00044104768;0.00041693205;0.00073119596;16.624954;21.501694;0.009896331;7182.0386;6168.038;0.22070302;4.8384004e-07;4.4308072e-07;4.203486e-07;0.0015100527;0.0068332306;3.0455305e-05;1.02720005e-05;1.365416e-05;1.183502e-05;8.444656e-06;2.0717762e-05;1.1862061e-05;1.0;1.0;28.047672;25
1300113205;1299924659;0.08242703;0.0035952756;-0.003222404;0.9965854;25.918406;1.5600414;0.06449155;0.0;0.0;2.5492115;-0.0075387713;-0.0005795585;-0.0016015994;0.0075712665;0.009840061;0.012698565;0.2778693;0.0011831429;-0.19220582;0.014881603;-0.056519043;-0.0038221998;0.0;0.0;2.0558307;0.00044280852;0.0004193151;0.00073182484;16.969723;22.057974;0.009860291;7507.542;6465.642;0.2195733;4.8292065e-07;4.4301387e-07;4.2057175e-07;0.0015101002;0.006833278;3.0125233e-05;1.0260616e-05;1.3591706e-05;1.1831423e-05;8.415898e-06;2.0657326e-05;1.1857088e-05;1.0;1.0;29.002007;25
1300617851;1300429356;0.08150231;-0.0043566017;0.0025330829;0.9966605;26.34401;1.5541229;0.07279243;0.0;0.0;2.5361156;-0.0075410404;-0.0005789236;-0.0016006408;0.0075712665;0.009840061;0.012868792;0.27782914;0.0011795592;-0.19227865;0.0147856325;-0.05656776;-0.0038308946;0.0;0.0;2.0558307;0.00044449183;0.00042160586;0.0007324371;17.314566;22.616621;0.009822371;7843.769;6773.642;0.2184555;4.8200593e-07;4.4293526e-07;4.2076923e-07;0.0015101477;0.0068333256;2.9802508e-05;1.0249356e-05;1.3529843e-05;1.1827849e-05;8.387618e-06;2.0598392e-05;1.18520975e-05;1.0;1.0;29.982058;25
1301112621;1300924157;0.087256506;-0.00052413566;-0.003529546;0.9961795;26.709373;1.5441978;0.049679834;0.0;0.0;2.5372236;-0.0075398763;-0.00057592994;-0.00159797;0.0075712665;0.009840061;0.012989738;0.27778426;0.0011774164;-0.19234766;0.014702311;-0.056582198;-0.0038386201;0.0;0.0;2.0558307;0.0004460493;0.000423769;0.00073378865;17.670475;23.174435;0.009874126;8184.457;7086.0293;0.22062875;4.811163e-07;4.4284852e-07;4.2144617e-07;0.0015101943;0.006833372;2.9526054e-05;1.0238414e-05;1.3477887e-05;1.182511e-05;8.363501e-06;2.0545309e-05;1.1847318e-05;1.0;1.0;30.968765;25
1301607414;1301418957;0.08609329;0.007908171;-0.007350507;0.99622864;27.1199;1.5366337;0.064987384;0.0;0.0;2.5330884;-0.0075411205;-0.00057602674;-0.0015959869;0.0075712665;0.009840061;0.013128492;0.27774173;0.0011741716;-0.19242622;0.014608956;-0.0566092;-0.003843169;0.0;0.0;2.0558307;0.00044756036;0.00042584672;0.00073415454;18.0164;23.729992;0.009826748;8535.303;7408.6694;0.21884759;4.8023327e-07;4.427534e-07;4.2153167e-07;0.0015102408;0.0068334187;2.9215744e-05;1.0227546e-05;1.3417001e-05;1.1822e-05;8.336572e-06;2.0485037e-05;1.1842709e-05;1.0;1.0;31.980623;25
1302112362;1301923654;0.07560952;0.0075020697;0.0029056484;0.99710506;27.536297;1.5349021;0.06177003;0.0;0.0;2.5284257;-0.0075411485;-0.00057538884;-0.0015934765;0.0075712665;0.009840061;0.013268547;0.27769935;0.001170683;-0.19249192;0.014512196;-0.05666479;-0.0038582897;0.0;0.0;2.0558307;0.00044903188;0.0004278764;0.00073471485;18.370222;24.305332;0.009789374;8904.508;7748.7124;0.21776688;4.7934105e-07;4.4264854e-07;4.2166434e-07;0.0015102883;0.0068334662;2.891301e-05;1.0216571e-05;1.3356785e-05;1.1818473e-05;8.309647e-06;2.0429805e-05;1.1837878e-05;1.0;1.0;33.039284;25
1302607155;1302418454;0.0760136;6.130475e-06;0.0025021278;0.99710363;27.879997;1.5309603;0.062475614;0.0;0.0;2.5208642;-0.007542127;-0.000575287;-0.0015938593;0.0075712665;0.009840061;0.013405833;0.27766985;0.0011674908;-0.19254316;0.014436655;-0.05672007;-0.0038713021;0.0;0.0;2.0558307;0.0004504405;0.00042978043;0.00073603797;18.722794;24.876799;0.009826738;9278.244;8093.137;0.2199229;4.784756e-07;4.4253954e-07;4.2226588e-07;0.0015103349;0.006833513;2.865329e-05;1.0206237e-05;1.3306226e-05;1.1815787e-05;8.286888e-06;2.0384343e-05;1.1833275e-05;1.0;1.0;34.10468;25
1303111644;1302923150;0.07262602;0.0065330574;0.0004008691;0.99733776;28.272945;1.5189562;0.05945412;0.0;0.0;2.5136595;-0.0075417813;-0.00057416526;-0.0015924762;0.0075712665;0.009840061;0.013550122;0.27762875;0.0011640745;-0.19260523;0.014350765;-0.056763746;-0.0038863884;0.0;0.0;2.0558307;0.0004517965;0.00043164357;0.00073660794;19.08016;25.461216;0.009792766;9670.587;8455.715;0.21883152;4.776021e-07;4.4242296e-07;4.2235277e-07;0.0015103824;0.0068335603;2.8362794e-05;1.01954665e-05;1.32470495e-05;1.1812131e-05;8.260851e-06;2.0334386e-05;1.1828545e-05;1.0;1.0;35.218494;25
1303616472;1303427847;0.06391852;-0.004105614;-0.0008371248;0.9979463;28.642797;1.5084137;0.06646318;0.0;0.0;2.5054214;-0.007541956;-0.00057259534;-0.0015902278;0.0075712665;0.009840061;0.013688476;0.27758676;0.0011603315;-0.19266184;0.01426947;-0.05680352;-0.0039037564;0.0;0.0;2.0558307;0.00045309137;0.0004334193;0.00073730096;19.434488;26.049725;0.009759844;10075.008;8830.02;0.21772397;4.767406e-07;4.4230163e-07;4.2239967e-07;0.0015104299;0.006833608;2.8078222e-05;1.0184354e-05;1.3188417e-05;1.1807271e-05;8.234632e-06;2.0292619e-05;1.1823492e-05;1.0;1.0;36.35849;25
1304111432;1303922646;0.07135221;0.0029863315;0.003306157;0.9974413;29.033789;1.506858;0.053059246;0.0;0.0;2.494066;-0.0075428532;-0.0005705163;-0.0015938631;0.0075712665;0.009840061;0.013835946;0.27754366;0.00115716;-0.19271359;0.0141810365;-0.05686575;-0.0039285677;0.0;0.0;2.0558307;0.0004542854;0.00043508736;0.00073777366;19.78438;26.6335;0.009798091;10483.641;9208.653;0.21989608;4.759084e-07;4.4217916e-07;4.2235246e-07;0.0015104765;0.0068336544;2.7835089e-05;1.0173806e-05;1.3130229e-05;1.180282e-05;8.208875e-06;2.0249343e-05;1.1818471e-05;1.0;1.0;37.500134;25
1304606035;1304417446;0.07204435;0.0036927464;0.006563951;0.997373;29.3633;1.5115093;0.047016926;0.0;0.0;2.487065;-0.007544097;-0.00056900125;-0.0016002042;0.0075712665;0.009840061;0.013962023;0.2775067;0.001154441;-0.19274549;0.014116276;-0.056917544;-0.0039558983;0.0;0.0;2.0558307;0.00045540297;0.00043668176;0.0007389968;20.144432;27.221876;0.009734246;10903.883;9599.034;0.2181286;4.750884e-07;4.420543e-07;4.2288184e-07;0.001510523;0.006833701;2.7561779e-05;1.0163871e-05;1.3081495e-05;1.1799901e-05;8.187083e-06;2.020659e-05;1.1813484e-05;1.0;1.0;38.667843;25
1305110668;1304922142;0.08069443;0.0011799571;-0.0007667284;0.9967379;29.74006;1.5053128;0.05671236;0.0;0.0;2.481181;-0.007543532;-0.00056747894;-0.0016006702;0.0075712665;0.009840061;0.014086667;0.27746442;0.0011513095;-0.19280587;0.014036667;-0.056949373;-0.0039719595;0.0;0.0;2.0558307;0.00045652068;0.00043823908;0.00073943846;20.509958;27.822353;0.009699204;11345.091;10009.525;0.21702619;4.7426596e-07;4.4192547e-07;4.2289057e-07;0.0015105705;0.0068337484;2.7295682e-05;1.01536025e-05;1.3024431e-05;1.179669e-05;8.162864e-06;2.0160525e-05;1.1808891e-05;1.0;1.0;39.885605;25
1305615401;1305426838;0.08747488;-0.00062437623;-0.0033089272;0.99616104;30.148794;1.492016;0.047274675;0.0;0.0;2.476702;-0.007544296;-0.0005651195;-0.001599367;0.0075712665;0.009840061;0.014211447;0.2774116;0.0011483722;-0.19288006;0.01394786;-0.056961704;-0.0039865472;0.0;0.0;2.0558307;0.00045756018;0.00043973347;0.00073973136;20.886372;28.427393;0.0097607365;11799.634;10432.762;0.219834;4.7345839e-07;4.4179617e-07;4.229025e-07;0.001510618;0.006833796;2.706936e-05;1.0143548e-05;1.2967882e-05;1.179443e-05;8.139486e-06;2.0107904e-05;1.1804544e-05;1.0;1.0;41.131004;25
1306110218;1305921637;0.084333114;0.0024972376;-0.0008207802;0.9964342;30.470848;1.4789032;0.06170927;0.0;0.0;2.4836833;-0.0075431177;-0.00056508475;-0.0015963966;0.0075712665;0.009840061;0.014295677;0.27737546;0.001145707;-0.19294308;0.013879964;-0.05696797;-0.0039924053;0.0;0.0;2.0558307;0.0004585563;0.00044112903;0.00074075675;21.262415;29.02389;0.009716594;12257.778;10860.207;0.21807715;4.7268043e-07;4.416703e-07;4.2340318e-07;0.0015106646;0.0068338425;2.6813948e-05;1.0134069e-05;1.2920428e-05;1.1792847e-05;8.119905e-06;2.006216e-05;1.1800487e-05;1.0;1.0;42.3801;25
1306614850;1306426332;0.07827701;0.0048998194;0.0034992697;0.99691355;30.869457;1.4669204;0.060193367;0.0;0.0;2.4846175;-0.007541728;-0.0005625686;-0.0015951975;0.0075712665;0.009840061;0.014402835;0.27732193;0.0011429477;-0.19300729;0.013791051;-0.05699247;-0.004013749;0.0;0.0;2.0558307;0.0004594753;0.00044248518;0.0007410661;21.642084;29.635424;0.0096865045;12738.242;11309.187;0.2170145;4.7190227e-07;4.4154308e-07;4.233788e-07;0.0015107121;0.00683389;2.656517e-05;1.0124036e-05;1.2864817e-05;1.1790188e-05;8.09693e-06;2.0013815e-05;1.17961e-05;1.0;1.0;43.68249;25
1307109590;1306921131;0.07890987;0.0009733983;-0.008666058;0.9968437;31.236061;1.4632381;0.06873862;0.0;0.0;2.4911773;-0.0075405454;-0.0005611379;-0.00159596;0.0075712665;0.009840061;0.014488809;0.2772826;0.001139992;-0.1930671;0.013713787;-0.057021514;-0.004028809;0.0;0.0;2.0558307;0.00046037833;0.00044375064;0.00074121717;22.012556;30.239088;0.00973289;13223.11;11762.399;0.21917003;4.7115486e-07;4.4141987e-07;4.2325098e-07;0.0015107587;0.0068339366;2.6352585e-05;1.0114433e-05;1.2809606e-05;1.1787605e-05;8.0746995e-06;1.9968798e-05;1.1791865e-05;1.0;1.0;44.987328;25
1307614917;1307425826;0.08488112;0.0066575333;-0.008572613;0.99633205;31.544363;1.4528992;0.055080853;0.0;0.0;2.4802825;-0.007541879;-0.0005589079;-0.0015956755;0.0075712665;0.009840061;0.014624238;0.27724254;0.001137101;-0.19312218;0.0136562465;-0.057023205;-0.0040413802;0.0;0.0;2.0558307;0.00046124877;0.00044497967;0.0007423258;22.402704;30.862238;0.009704635;13731.219;12238.164;0.21811184;4.70408e-07;4.4129663e-07;4.2378483e-07;0.0015108061;0.006833984;2.611388e-05;1.0105095e-05;1.2763468e-05;1.1786123e-05;8.056005e-06;1.9926936e-05;1.1787825e-05;1.0;1.0;46.344887;25
1308109705;1307920625;0.07996343;0.0061235433;-0.0014336563;0.99677795;31.901855;1.4369409;0.056029096;0.0;0.0;2.4818387;-0.0075405785;-0.00055803946;-0.0015918514;0.0075712665;0.009840061;0.014724872;0.27719095;0.0011339535;-0.19318573;0.013586437;-0.057013135;-0.004056401;0.0;0.0;2.0558307;0.0004620269;0.00044612554;0.00074244983;22.78198;31.473341;0.009664692;14242.478;12718.003;0.21639933;4.696918e-07;4.4117874e-07;4.2363934e-07;0.0015108527;0.0068340306;2.587891e-05;1.0095437e-05;1.27091635e-05;1.1783455e-05;8.034371e-06;1.9882096e-05;1.1783766e-05;1.0;1.0;47.70294;25
1308613878;1308425319;0.07731855;0.0018031667;-0.0039131367;0.9969972;32.28359;1.4291118;0.051135838;0.0;0.0;2.4859645;-0.007540061;-0.0005551647;-0.0015918381;0.0075712665;0.009840061;0.014820151;0.27713788;0.0011309438;-0.1932385;0.013509658;-0.057032887;-0.004083042;0.0;0.0;2.0558307;0.0004627586;0.00044723638;0.00074270956;23.169716;32.10076;0.009725641;14778.959;13221.4795;0.21924663;4.6897853e-07;4.4106267e-07;4.2355194e-07;0.0015109002;0.006834078;2.5679878e-05;1.0085751e-05;1.2655436e-05;1.17808095e-05;8.012699e-06;1.9839645e-05;1.1779451e-05;1.0;1.0;49.11587;25
1309108757;1308920117;0.084225096;-0.004454834;0.0059733475;0.9964189;32.60349;1.4171995;0.04862208;0.0;0.0;2.4757836;-0.0075388593;-0.0005529921;-0.0015903367;0.0075712665;0.009840061;0.014950216;0.27709284;0.001128441;-0.1932931;0.013442363;-0.057045538;-0.0041012387;0.0;0.0;2.0558307;0.00046345533;0.000448269;0.0007436777;23.557575;32.719944;0.009681374;15318.464;13729.017;0.21753429;4.6829578e-07;4.4095262e-07;4.2396485e-07;0.0015109468;0.0068341247;2.5453573e-05;1.0076631e-05;1.26103705e-05;1.1779007e-05;7.99453e-06;1.9801726e-05;1.1775465e-05;1.0;1.0;50.529354;25
1309613332;1309424812;0.08682346;-0.0014710746;-0.010533679;0.99616694;32.975;1.4055924;0.06063099;0.0;0.0;2.475156;-0.0075382916;-0.0005523081;-0.0015900028;0.0075712665;0.009840061;0.015059532;0.27704796;0.0011254943;-0.19335717;0.013363073;-0.05706729;-0.0041183513;0.0;0.0;2.0558307;0.00046413566;0.00044926695;0.00074370584;23.951649;33.350647;0.0096522905;15883.026;14261.18;0.2165121;4.676156e-07;4.4084544e-07;4.2386793e-07;0.0015109943;0.006834172;2.523286e-05;1.0067516e-05;1.2557514e-05;1.1777424e-05;7.974424e-06;1.9753916e-05;1.1771538e-05;1.0;1.0;52.0005;25
1310108125;1309919610;0.08690978;0.003307135;-0.0028615254;0.9962066;33.352516;1.3905724;0.05462387;0.0;0.0;2.4671218;-0.007537327;-0.0005503856;-0.0015869816;0.0075712665;0.009840061;0.01518627;0.2769941;0.0011226861;-0.19342919;0.013277463;-0.057077788;-0.004136429;0.0;0.0;2.0558307;0.00046475185;0.00045019586;0.0007436323;24.34264;33.974255;0.009702725;16451.53;14797.348;0.21869597;4.6696545e-07;4.407456e-07;4.2368114e-07;0.0015110408;0.0068342187;2.5044175e-05;1.0058494e-05;1.250502e-05;1.1775752e-05;7.954535e-06;1.9708095e-05;1.1767793e-05;1.0;1.0;53.471348;25
1310613049;1310424304;0.087825075;-0.009528928;0.00045219774;0.99609023;33.725365;1.3738526;0.059607297;0.0;0.0;2.4613245;-0.0075363917;-0.00054871914;-0.0015850168;0.0075712665;0.009840061;0.0153026385;0.27694562;0.0011197395;-0.19349572;0.013203648;-0.057083387;-0.0041531646;0.0;0.0;2.0558307;0.0004653536;0.0004510919;0.0007436313;24.742632;34.611927;0.00967819;17045.857;15359.191;0.21768507;4.663199e-07;4.4064947e-07;4.2356245e-07;0.0015110883;0.0068342662;2.4831239e-05;1.00495545e-05;1.2453076e-05;1.1774304e-05;7.935186e-06;1.9662237e-05;1.1764055e-05;1.0;1.0;55.00162;25
1311107618;1310919102;0.086080015;0.002551861;0.0007337902;0.9962848;34.045498;1.3638076;0.061075564;0.0;0.0;2.4706526;-0.00753595;-0.000546661;-0.0015865478;0.0075712665;0.009840061;0.015379456;0.27690244;0.0011174052;-0.19354343;0.013145176;-0.05708859;-0.004172551;0.0;0.0;2.0558307;0.0004658995;0.00045192012;0.0007443757;25.142492;35.240944;0.009634667;17643.533;15924.926;0.2160111;4.6570398e-07;4.4056074e-07;4.2394808e-07;0.0015111349;0.006834313;2.4621124e-05;1.0041041e-05;1.2409528e-05;1.1773425e-05;7.91857e-06;1.9621577e-05;1.1760423e-05;1.0;1.0;56.530815;25
1311612345;1311423796;0.08787071;-0.0034420367;0.011441013;0.9960603;34.424057;1.3487403;0.06508914;0.0;0.0;2.4828777;-0.0075360066;-0.00054440775;-0.0015906959;0.0075712665;0.009840061;0.015450309;0.27685615;0.0011146518;-0.19359177;0.013070342;-0.05712256;-0.0042009996;0.0;0.0;2.0558307;0.000466414;0.00045271937;0.00074429205;25.546103;35.88481;0.009690897;18269.307;16517.514;0.21886344;4.6509354e-07;4.4047735e-07;4.2381023e-07;0.0015111824;0.0068343603;2.444337e-05;1.0032378e-05;1.235842e-05;1.1772287e-05;7.899646e-06;1.9576006e-05;1.1756564e-05;1.0;1.0;58.121166;25
1312107410;1311918593;0.08817842;0.0060992353;0.005131963;0.9960728;34.800987;1.3391536;0.06568949;0.0;0.0;2.4855013;-0.007536487;-0.0005441831;-0.0015957194;0.0075712665;0.009840061;0.015552389;0.27680904;0.0011118099;-0.19363701;0.012992126;-0.057169598;-0.0042333705;0.0;0.0;2.0558307;0.00046687323;0.0004534539;0.00074399734;25.941786;36.51977;0.009630594;18896.965;17113.871;0.2171509;4.6451248e-07;4.4040243e-07;4.2358866e-07;0.001511229;0.006834407;2.4240351e-05;1.0023947e-05;1.2307653e-05;1.1771259e-05;7.8810735e-06;1.9528865e-05;1.1752656e-05;1.0;1.0;59.710808;25
1312611760;1312423286;0.08786047;-0.0061442303;-0.0060114767;0.9960957;35.130898;1.3316362;0.062479775;0.0;0.0;2.4868608;-0.0075353784;-0.0005409945;-0.0015976895;0.0075712665;0.009840061;0.015648944;0.27675566;0.0011098535;-0.19368479;0.012922755;-0.057181254;-0.0042613894;0.0;0.0;2.0558307;0.00046726895;0.00045416405;0.0007448448;26.358482;37.170177;0.009598943;19553.787;17738.236;0.21612939;4.6393788e-07;4.403329e-07;4.240225e-07;0.0015112765;0.0068344544;2.4042809e-05;1.0015277e-05;1.2265273e-05;1.1770342e-05;7.864781e-06;1.9489693e-05;1.1748829e-05;1.0;1.0;61.36458;25
1313116692;1312927980;0.089420885;-0.0011105913;-0.0037920624;0.9959861;35.474255;1.3144993;0.06998325;0.0;0.0;2.49078;-0.007534715;-0.00054058497;-0.0015970566;0.0075712665;0.009840061;0.015744442;0.27670926;0.0011068989;-0.19374411;0.012860874;-0.05717526;-0.004277894;0.0;0.0;2.0558307;0.00046769757;0.00045483274;0.00074471184;26.770315;37.822407;0.009572944;20226.807;18379.04;0.2151168;4.633811e-07;4.402705e-07;4.2385628e-07;0.001511324;0.006834502;2.3849178e-05;1.0006789e-05;1.2215425e-05;1.1769269e-05;7.846934e-06;1.9446357e-05;1.1745313e-05;1.0;1.0;63.04827;25
1313611268;1313422777;0.08720895;0.0023660157;0.0046064598;0.9961766;35.823994;1.3054228;0.06674267;0.0;0.0;2.4835663;-0.0075317756;-0.0005374242;-0.0015977062;0.0075712665;0.009840061;0.015866363;0.27665034;0.0011047166;-0.19380489;0.012784933;-0.057175793;-0.004303884;0.0;0.0;2.0558307;0.00046803794;0.00045545053;0.00074452284;27.179096;38.46423;0.009625756;20903.44;19023.58;0.21727654;4.62853e-07;4.402172e-07;4.2360244e-07;0.0015113705;0.0068345484;2.3684186e-05;9.998113e-06;1.2165925e-05;1.1767711e-05;7.828779e-06;1.9405226e-05;1.1741676e-05;1.0;1.0;64.72758;25
1314115942;1313927470;0.08865889;0.004503813;0.005423287;0.9960372;36.152893;1.2962723;0.052461687;0.0;0.0;2.4774005;-0.0075325347;-0.00053543603;-0.0016021768;0.0075712665;0.009840061;0.015983261;0.2766003;0.0011024064;-0.19384243;0.012716793;-0.05721097;-0.004339245;0.0;0.0;2.0558307;0.0004683418;0.00045603688;0.0007452634;27.599913;39.126396;0.009581339;21610.168;19697.883;0.21626051;4.623315e-07;4.401702e-07;4.240103e-07;0.001511418;0.006834596;2.3497618e-05;9.98986e-06;1.2124627e-05;1.1767073e-05;7.813214e-06;1.9367057e-05;1.1737756e-05;1.0;1.0;66.4716;25
1314610735;1314422267;0.0888188;-0.001539147;-6.599777e-05;0.99604666;36.514942;1.286248;0.06256735;0.0;0.0;2.4833324;-0.007530335;-0.0005337252;-0.0016038775;0.0075712665;0.009840061;0.01606623;0.27654514;0.0010999151;-0.19389324;0.012648127;-0.0572169;-0.004368077;0.0;0.0;2.0558307;0.00046862787;0.0004565807;0.00074496266;28.011932;39.77258;0.009625315;22320.1;20375.758;0.21841034;4.618383e-07;4.4013208e-07;4.2374052e-07;0.0015114646;0.0068346425;2.3338906e-05;9.981501e-06;1.2075897e-05;1.1766063e-05;7.79573e-06;1.932502e-05;1.1734141e-05;1.0;1.0;68.213554;25
1315105535;1314917063;0.089198165;-0.006870401;-0.000765091;0.99599;36.88016;1.2766585;0.07205088;0.0;0.0;2.480595;-0.0075293886;-0.0005305328;-0.0016047127;0.0075712665;0.009840061;0.016171735;0.2764894;0.0010972418;-0.19394723;0.012575703;-0.057228915;-0.0043978365;0.0;0.0;2.0558307;0.0004688948;0.00045708846;0.0007446442;28.42286;40.4196;0.009578032;23046.016;21070.54;0.2166996;4.6136248e-07;4.4010136e-07;4.234603e-07;0.0015115112;0.006834689;2.3158344e-05;9.973276e-06;1.2027571e-05;1.1765091e-05;7.778619e-06;1.9284347e-05;1.1730579e-05;1.0;1.0;69.98628;25
1315610212;1315421756;0.08856699;-0.0033301718;-0.008525693;0.9960282;37.192585;1.2720323;0.06924422;0.0;0.0;2.4868147;-0.0075277113;-0.00052862294;-0.0016054885;0.0075712665;0.009840061;0.016253809;0.2764433;0.0010949998;-0.19399242;0.012519307;-0.05723194;-0.0044216337;0.0;0.0;2.0558307;0.00046915546;0.00045757327;0.0007452855;28.854292;41.086735;0.009547783;23804.852;21796.973;0.21567468;4.6089406e-07;4.4007808e-07;4.2385076e-07;0.0015115587;0.0068347366;2.298268e-05;9.965311e-06;1.1987271e-05;1.1764891e-05;7.7641425e-06;1.9246734e-05;1.1727073e-05;1.0;1.0;71.82611;25
1316115080;1315926448;0.08615361;-0.0024837097;0.006674809;0.9962564;37.543545;1.2600733;0.061847884;0.0;0.0;2.4945428;-0.0075259856;-0.00052505825;-0.0016070586;0.0075712665;0.009840061;0.016333615;0.27638504;0.0010925557;-0.19404268;0.012452508;-0.057229552;-0.004451594;0.0;0.0;2.0558307;0.0004693522;0.00045802636;0.00074514473;29.281666;41.755287;0.009522914;24581.438;22541.58;0.21467163;4.60443e-07;4.400629e-07;4.2363067e-07;0.0015116062;0.006834784;2.2810698e-05;9.956781e-06;1.1939794e-05;1.1763429e-05;7.747045e-06;1.9209485e-05;1.1723359e-05;1.0;1.0;73.6973;25
1316609830;1316421244;0.083812796;0.005702005;-0.0076522715;0.9964359;37.874653;1.2559717;0.055297494;0.0;0.0;2.4953995;-0.0075240056;-0.00052349654;-0.0016078872;0.0075712665;0.009840061;0.016432144;0.27633905;0.0010897431;-0.19409318;0.012392508;-0.057236344;-0.004475364;0.0;0.0;2.0558307;0.00046957823;0.00045844;0.0007447516;29.702028;42.41525;0.009567461;25361.777;23289.566;0.21680146;4.600178e-07;4.4005657e-07;4.2332832e-07;0.0015116527;0.0068348306;2.2664517e-05;9.948907e-06;1.1892613e-05;1.1762669e-05;7.730824e-06;1.9171142e-05;1.1719913e-05;1.0;1.0;75.5615;25
1317114809;1316925936;0.08549586;-0.00013123147;-0.005564301;0.996323;38.214615;1.2477111;0.054356012;0.0;0.0;2.497797;-0.0075210324;-0.0005218354;-0.0016055701;0.0075712665;0.009840061;0.016526671;0.27628553;0.0010870937;-0.19415109;0.01232258;-0.057237342;-0.004499713;0.0;0.0;2.0558307;0.0004697595;0.00045883557;0.00074457447;30.132872;43.09098;0.009543236;26175.28;24071.104;0.21578838;4.596013e-07;4.4005836e-07;4.2309307e-07;0.0015117002;0.006834878;2.2498809e-05;9.940665e-06;1.1845916e-05;1.1761375e-05;7.7143895e-06;1.9136218e-05;1.1716451e-05;1.0;1.0;77.49417;25
1317609192;1317420732;0.08738004;0.004491662;-0.0042643207;0.9961558;38.50095;1.237436;0.06784891;0.0;0.0;2.5054476;-0.007519282;-0.00052000635;-0.0016070198;0.0075712665;0.009840061;0.01660316;0.2762405;0.001085032;-0.1941978;0.0122634685;-0.057241056;-0.0045216554;0.0;0.0;2.0558307;0.00046990713;0.0004591947;0.0007451228;30.5639;43.751823;0.009591609;26992.44;24855.932;0.21794574;4.5920942e-07;4.4006845e-07;4.233781e-07;0.0015117468;0.0068349247;2.2358194e-05;9.932921e-06;1.1806813e-05;1.1760827e-05;7.700373e-06;1.9103953e-05;1.1713135e-05;1.0;1.0;79.41918;25
1318113893;1317925426;0.09528282;-0.009526481;-0.010013864;0.99535435;38.826366;1.2241298;0.058943648;0.0;0.0;2.5103064;-0.0075200284;-0.00051818445;-0.0016121845;0.0075712665;0.009840061;0.016688744;0.27619302;0.001082451;-0.19424659;0.012198093;-0.057255976;-0.004548854;0.0;0.0;2.0558307;0.00047004348;0.00045952862;0.0007447277;31.001705;44.432133;0.009554465;27843.326;25675.598;0.21692254;4.5882638e-07;4.4008658e-07;4.2314545e-07;0.0015117943;0.006834972;2.2198286e-05;9.925132e-06;1.1760823e-05;1.1760392e-05;7.68487e-06;1.9063375e-05;1.1709551e-05;1.0;1.0;81.41356;25
1318608958;1318420220;0.09659791;-0.0038375733;0.0012322122;0.9953153;39.16979;1.2122512;0.04762388;0.0;0.0;2.5007071;-0.0075179683;-0.00051376584;-0.0016149066;0.0075712665;0.009840061;0.016808007;0.27613;0.0010805898;-0.19431096;0.012126731;-0.05723814;-0.0045745554;0.0;0.0;2.0558307;0.0004701305;0.0004598321;0.0007442642;31.438408;45.09546;0.0095207775;28695.49;26498.246;0.21526212;4.5846667e-07;4.4011236e-07;4.2283537e-07;0.0015118408;0.0068350188;2.2040502e-05;9.917195e-06;1.1715112e-05;1.1759597e-05;7.669447e-06;1.9023293e-05;1.1706216e-05;1.0;1.0;83.39763;25
1319113406;1318924911;0.0894605;0.004850251;0.0032267522;0.9959734;39.44965;1.2033427;0.05440042;0.0;0.0;2.4980633;-0.007513605;-0.00051132124;-0.0016134416;0.0075712665;0.009840061;0.016908458;0.27607778;0.0010787701;-0.1943631;0.01206913;-0.05722156;-0.0045959;0.0;0.0;2.0558307;0.0004702019;0.00046011916;0.0007448515;31.891495;45.77496;0.009503941;29585.156;27357.271;0.214287;4.581161e-07;4.401473e-07;4.2319226e-07;0.0015118883;0.0068350662;2.188662e-05;9.909383e-06;1.1677028e-05;1.1759159e-05;7.65607e-06;1.8989382e-05;1.1702906e-05;1.0;1.0;85.45249;25
1319608173;1319419707;0.08579435;0.0051903743;0.00091906113;0.99629897;39.772602;1.1999792;0.054150905;0.0;0.0;2.504296;-0.0075111557;-0.00051020406;-0.0016186591;0.0075712665;0.009840061;0.01698483;0.27603614;0.0010760893;-0.19440085;0.012012372;-0.057246253;-0.0046261544;0.0;0.0;2.0558307;0.00047030387;0.00046037888;0.0007443006;32.325287;46.44795;0.009543512;30477.871;28219.139;0.21643434;4.5778864e-07;4.4018972e-07;4.2286393e-07;0.0015119349;0.006835113;2.1755926e-05;9.902035e-06;1.1632003e-05;1.1758833e-05;7.641226e-06;1.895228e-05;1.1699504e-05;1.0;1.0;87.4972;25
1320113156;1319924398;0.08716112;0.0038714206;0.0009844289;0.99618626;40.116806;1.194208;0.061515763;0.0;0.0;2.5069096;-0.0075107026;-0.0005074645;-0.0016243315;0.0075712665;0.009840061;0.017072996;0.2759822;0.0010734719;-0.19443747;0.011947872;-0.057270996;-0.004665373;0.0;0.0;2.0558307;0.00047033597;0.00046062123;0.00074394164;32.76722;47.133205;0.009504851;31407.398;29118.688;0.2154299;4.5746935e-07;4.4024137e-07;4.226047e-07;0.0015119824;0.0068351603;2.160707e-05;9.894315e-06;1.1587442e-05;1.17581085e-05;7.6260194e-06;1.8917557e-05;1.16958845e-05;1.0;1.0;89.61498;25
1320608494;1320419193;0.09652222;-0.0003041316;-0.009840098;0.9952822;40.400826;1.1896677;0.061082818;0.0;0.0;2.504982;-0.007509603;-0.0005050948;-0.001629702;0.0075712665;0.009840061;0.01716515;0.27593765;0.0010714922;-0.19447757;0.011891754;-0.0572848;-0.0046932865;0.0;0.0;2.0558307;0.00047036566;0.00046083643;0.00074427034;33.212498;47.80852;0.0094554555;32338.664;30021.088;0.213771;4.5717206e-07;4.4029957e-07;4.2287184e-07;0.001512029;0.006835207;2.14602e-05;9.887165e-06;1.1550149e-05;1.1758264e-05;7.6134106e-06;1.8883758e-05;1.1692572e-05;1.0;1.0;91.72306;25
1321112375;1320923884;0.09326278;-0.0015057342;-0.0043961243;0.9956307;40.72893;1.1756194;0.060874123;0.0;0.0;2.509782;-0.007508068;-0.0005035372;-0.0016333306;0.0075712665;0.009840061;0.017247487;0.27588546;0.0010692786;-0.19453399;0.0118291825;-0.05727547;-0.004716344;0.0;0.0;2.0558307;0.0004703974;0.0004610391;0.000743815;33.67011;48.498085;0.009517872;33310.07;30962.531;0.21655607;4.5688446e-07;4.4036727e-07;4.22617e-07;0.0015120765;0.0068352544;2.1337757e-05;9.879688e-06;1.1506247e-05;1.1758118e-05;7.5991825e-06;1.8845836e-05;1.1689392e-05;1.0;1.0;93.90504;25
1321617082;1321428574;0.09811799;0.0026094269;0.0071793185;0.99514556;41.062237;1.1663399;0.053816818;0.0;0.0;2.499511;-0.007505008;-0.00050023803;-0.001635263;0.0075712665;0.009840061;0.01736401;0.2758286;0.0010671053;-0.19459228;0.011762449;-0.057270072;-0.0047439747;0.0;0.0;2.0558307;0.00047041182;0.00046121972;0.00074331305;34.129734;49.18973;0.009493326;34301.34;31925.607;0.2155318;4.5661167e-07;4.4044288e-07;4.2236147e-07;0.001512124;0.006835302;2.1196818e-05;9.872305e-06;1.1462696e-05;1.1758102e-05;7.5852067e-06;1.8807623e-05;1.16862e-05;1.0;1.0;96.11895;25
1322111917;1321923369;0.09334745;-0.0030733289;0.009617039;0.9955824;41.35755;1.1648655;0.057328217;0.0;0.0;2.4996967;-0.007503409;-0.00049820385;-0.0016398826;0.0075712665;0.009840061;0.017451055;0.2757847;0.0010651262;-0.1946344;0.011700832;-0.057292655;-0.0047729523;0.0;0.0;2.0558307;0.00047040428;0.00046137712;0.0007435321;34.58449;49.869263;0.009441944;35294.523;32891.28;0.21387354;4.563581e-07;4.4052464e-07;4.226274e-07;0.0015121705;0.0068353484;2.1057816e-05;9.86543e-06;1.1426264e-05;1.175868e-05;7.5733255e-06;1.8772433e-05;1.1682974e-05;1.0;1.0;98.32269;25
1322610312;1322418163;0.097558975;-0.00018433435;0.009618921;0.9951832;41.685715;1.1577064;0.062131576;0.0;0.0;2.49826;-0.007499422;-0.0004955626;-0.0016406027;0.0075712665;0.009840061;0.017542923;0.27572867;0.0010628867;-0.19468924;0.011633132;-0.057290275;-0.0048013804;0.0;0.0;2.0558307;0.00047038202;0.00046152322;0.00074295374;35.039387;50.550003;0.009494571;36309.293;33878.25;0.21601301;4.561188e-07;4.4061446e-07;4.2228643e-07;0.0015122171;0.006835395;2.094151e-05;9.858142e-06;1.1383259e-05;1.17583595e-05;7.5594867e-06;1.8737059e-05;1.1679752e-05;1.0;1.0;100.558304;25
1323111324;1322922853;0.093055695;0.0015714198;-0.009000262;0.995619;42.01075;1.1498688;0.0707984;0.0;0.0;2.4895253;-0.0074970103;-0.00049377495;-0.0016446448;0.0075712665;0.009840061;0.017650329;0.27567255;0.0010606151;-0.19473784;0.01156934;-0.05729213;-0.004833088;0.0;0.0;2.0558307;0.00047032928;0.0004616525;0.0007424227;35.505714;51.24489;0.009466105;37365.03;34907.406;0.21500741;4.5588834e-07;4.4071257e-07;4.2202404e-07;0.0015122646;0.0068354425;2.080845e-05;9.85078e-06;1.13406895e-05;1.175828e-05;7.5458634e-06;1.8699739e-05;1.1676378e-05;1.0;1.0;102.871826;25
1323616317;1323427544;0.0971439;-0.0006818787;0.0035827572;0.9952637;42.347843;1.1469791;0.06255759;0.0;0.0;2.4878025;-0.0074955565;-0.0004908103;-0.0016531028;0.0075712665;0.009840061;0.017740088;0.2756162;0.0010585169;-0.19478136;0.011501144;-0.057309218;-0.0048703724;0.0;0.0;2.0558307;0.0004702522;0.00046177005;0.00074190256;35.97336;51.94545;0.009433036;38443.49;35959.6;0.2140121;4.556721e-07;4.4081878e-07;4.217563e-07;0.0015123121;0.00683549;2.0677844e-05;9.843475e-06;1.1298453e-05;1.1758319e-05;7.532258e-06;1.8663924e-05;1.167303e-05;1.0;1.0;105.21809;25
1324110843;1323922338;0.09768475;-0.0054543572;-0.008007014;0.99517035;42.641354;1.1402237;0.06717121;0.0;0.0;2.4966614;-0.0074945195;-0.00048765296;-0.0016594441;0.0075712665;0.009840061;0.017803011;0.27556473;0.0010567061;-0.19481826;0.011445122;-0.057313416;-0.0049029207;0.0;0.0;2.0558307;0.00047016633;0.0004618697;0.00074211974;36.44223;52.63045;0.009474173;39524.4;37014.062;0.21613884;4.554744e-07;4.4093053e-07;4.220138e-07;0.0015123587;0.0068355366;2.0567964e-05;9.836573e-06;1.1263129e-05;1.1758901e-05;7.5206694e-06;1.8630262e-05;1.1669808e-05;1.0;1.0;107.55242;25
1324615493;1324427027;0.08427177;-0.0046982993;-0.009925497;0.99638236;42.95063;1.1317862;0.058036868;0.0;0.0;2.4946203;-0.007491058;-0.0004851131;-0.0016577692;0.0075712665;0.009840061;0.017894;0.27551588;0.0010542389;-0.19487841;0.011386177;-0.057298146;-0.004922274;0.0;0.0;2.0558307;0.00047013196;0.00046196216;0.0007416277;36.916748;53.336704;0.009456402;40648.824;38112.945;0.21512999;4.5528517e-07;4.410514e-07;4.2173434e-07;0.0015124062;0.006835584;2.0442043e-05;9.829501e-06;1.1221503e-05;1.1758662e-05;7.5076687e-06;1.8597984e-05;1.1666821e-05;1.0;1.0;109.96582;25
1325110823;1324921822;0.08249925;-0.013186981;0.003152798;0.99649894;43.250786;1.1251118;0.056633834;0.0;0.0;2.4894147;-0.007489452;-0.00048163303;-0.0016602678;0.0075712665;0.009840061;0.017987262;0.27547115;0.001051384;-0.19491793;0.011334782;-0.05730857;-0.0049523115;0.0;0.0;2.0558307;0.00047007282;0.00046204173;0.0007410738;37.372417;54.031506;0.009413589;41774.613;39213.742;0.2134937;4.5511152e-07;4.4117604e-07;4.213654e-07;0.0015124527;0.0068356306;2.0317508e-05;9.822553e-06;1.118011e-05;1.1758001e-05;7.4943737e-06;1.85706e-05;1.1663612e-05;1.0;1.0;112.36268;25
1325614990;1325426510;0.09191134;-0.0041670343;0.0021656514;0.9957562;43.511627;1.1168;0.04792932;0.0;0.0;2.490027;-0.0074873995;-0.0004785496;-0.0016630918;0.0075712665;0.009840061;0.01807046;0.2754302;0.0010492203;-0.19495754;0.011289103;-0.05730779;-0.0049758055;0.0;0.0;2.0558307;0.00047002765;0.0004621126;0.0007414425;37.852997;54.74239;0.00947865;42948.035;40361.035;0.21630463;4.5494787e-07;4.4131002e-07;4.2168577e-07;0.0015125002;0.006835678;2.0214608e-05;9.815908e-06;1.1145689e-05;1.1758286e-05;7.4832087e-06;1.8543582e-05;1.1660582e-05;1.0;1.0;114.837616;25
1326109868;1325921304;0.09304446;0.0065389695;-0.006117361;0.9956217;43.80336;1.112548;0.060368612;0.0;0.0;2.506281;-0.007482825;-0.00047639996;-0.0016606873;0.0075712665;0.009840061;0.018120253;0.27537832;0.0010469286;-0.19501549;0.011228863;-0.057284735;-0.0049955207;0.0;0.0;2.0558307;0.00046994208;0.00046216778;0.000740847;38.325085;55.436626;0.009451586;44118.066;41509.56;0.2146805;4.54798e-07;4.4144747e-07;4.2133186e-07;0.0015125468;0.0068357247;2.0094212e-05;9.8089195e-06;1.1104894e-05;1.175768e-05;7.4705167e-06;1.851289e-05;1.1657582e-05;1.0;1.0;117.29434;25
1326614459;1326425993;0.09258807;0.010686815;-0.011393987;0.995582;44.11534;1.1000781;0.077746734;0.0;0.0;2.5151486;-0.0074809254;-0.0004757661;-0.001663024;0.0075712665;0.009840061;0.018191556;0.27532536;0.0010446124;-0.19506727;0.011166634;-0.05727896;-0.005022471;0.0;0.0;2.0558307;0.00046984002;0.00046221286;0.000740285;38.807518;56.14628;0.009424873;45335.473;42706.06;0.21373017;4.546576e-07;4.4159387e-07;4.2106015e-07;0.0015125943;0.006835772;1.9976667e-05;9.801987e-06;1.1064509e-05;1.1757675e-05;7.4580403e-06;1.848058e-05;1.1654557e-05;1.0;1.0;119.83258;25
1327109242;1326920786;0.08965613;-0.005384676;-0.0051392987;0.99594504;44.368053;1.0937039;0.06936899;0.0;0.0;2.515885;-0.007478603;-0.00047138086;-0.0016655965;0.0075712665;0.009840061;0.018268941;0.27527398;0.0010428061;-0.19511129;0.011117274;-0.05725893;-0.005046678;0.0;0.0;2.0558307;0.00046970582;0.0004622519;0.0007406282;39.28858;56.847294;0.009479529;46554.344;43904.27;0.21590254;4.5453314e-07;4.417442e-07;4.2130412e-07;0.0015126409;0.0068358188;1.9877674e-05;9.7951e-06;1.1030755e-05;1.1757313e-05;7.4468257e-06;1.8455423e-05;1.16514875e-05;1.0;1.0;122.353386;25
1327613993;1327425475;0.09052676;-0.008579304;0.0037522137;0.9958501;44.66976;1.0859118;0.05466126;0.0;0.0;2.512239;-0.007474185;-0.0004684451;-0.001665919;0.0075712665;0.009840061;0.018361708;0.2752288;0.0010402936;-0.19516324;0.011062083;-0.0572567;-0.005070403;0.0;0.0;2.0558307;0.0004696305;0.0004622797;0.00074003986;39.775105;57.567482;0.00946282;47820.383;45151.83;0.21495327;4.5441652e-07;4.419034e-07;4.2102732e-07;0.0015126884;0.0068358663;1.9763358e-05;9.78857e-06;1.09909415e-05;1.175744e-05;7.43487e-06;1.8425475e-05;1.1648661e-05;1.0;1.0;124.955635;25
1328108801;1327920268;0.092157446;-0.002828981;-0.003708294;0.99573356;44.972046;1.0694251;0.069083154;0.0;0.0;2.5202904;-0.007473786;-0.00046659898;-0.0016723893;0.0075712665;0.009840061;0.018430602;0.2751872;0.0010375754;-0.19519974;0.011015274;-0.057266496;-0.0050999704;0.0;0.0;2.0558307;0.00046954522;0.00046229496;0.00073924375;40.24755;58.268818;0.009414904;49085.023;46400.49;0.21337773;4.5431216e-07;4.4206428e-07;4.2067856e-07;0.0015127349;0.006835913;1.9649975e-05;9.782367e-06;1.0951337e-05;1.17579e-05;7.423237e-06;1.8393997e-05;1.16457095e-05;1.0;1.0;127.53837;25
1328613799;1328424956;0.09109419;-0.004378362;-0.0036538185;0.99582595;45.277752;1.0667461;0.077341005;0.0;0.0;2.519566;-0.00747074;-0.0004626132;-0.001677137;0.0075712665;0.009840061;0.018516093;0.27513412;0.0010351627;-0.19523972;0.01095928;-0.05727084;-0.005135055;0.0;0.0;2.0558307;0.0004694155;0.00046230794;0.0007386442;40.736824;58.985535;0.009474382;50401.09;47700.598;0.216205;4.5421837e-07;4.422351e-07;4.2040853e-07;0.0015127824;0.0068359603;1.9556255e-05;9.775828e-06;1.0912131e-05;1.1758181e-05;7.411321e-06;1.8363795e-05;1.1642639e-05;1.0;1.0;130.20511;25
1329108244;1328919749;0.09063808;-0.0066397437;0.0029859126;0.99585736;45.547863;1.0580231;0.06229957;0.0;0.0;2.513103;-0.007468249;-0.00045868976;-0.0016833746;0.0075712665;0.009840061;0.01860886;0.27508798;0.0010331314;-0.19527225;0.010914208;-0.05727513;-0.0051671662;0.0;0.0;2.0558307;0.00046928236;0.0004623098;0.0007387692;41.22232;59.6947;0.009431289;51714.76;49001.98;0.2145878;4.5413495e-07;4.424077e-07;4.2066037e-07;0.001512829;0.006836007;1.9445939e-05;9.7697575e-06;1.087938e-05;1.1758844e-05;7.401175e-06;1.8336508e-05;1.1639683e-05;1.0;1.0;132.8519;25
1329612980;1329424437;0.08586529;-0.0012032611;0.008807198;0.99626714;45.841164;1.0496871;0.06683151;0.0;0.0;2.5136788;-0.007465442;-0.0004578073;-0.0016869829;0.0075712665;0.009840061;0.018693058;0.27504593;0.0010303659;-0.19531001;0.0108666085;-0.05728477;-0.0051966025;0.0;0.0;2.0558307;0.00046918026;0.0004623071;0.0007381079;41.71051;60.421658;0.009399842;53080.38;50356.277;0.21363805;4.540603e-07;4.425887e-07;4.2038636e-07;0.0015128765;0.0068360544;1.9338451e-05;9.763597e-06;1.0840728e-05;1.1759234e-05;7.389796e-06;1.8308036e-05;1.16367455e-05;1.0;1.0;135.58466;25
1330108002;1329919229;0.09332877;-0.0029238057;0.00285828;0.995627;46.15174;1.0497161;0.064258575;0.0;0.0;2.5176647;-0.0074619935;-0.00045320208;-0.0016931668;0.0075712665;0.009840061;0.018765973;0.27498782;0.0010280613;-0.19534588;0.010807079;-0.057292536;-0.005237489;0.0;0.0;2.0558307;0.00046900244;0.00046230128;0.000737437;42.194504;61.13354;0.009442713;54445.04;51711.02;0.2157751;4.5399833e-07;4.42772e-07;4.2003722e-07;0.001512923;0.006836101;1.9248324e-05;9.757105e-06;1.0802272e-05;1.1759185e-05;7.377949e-06;1.8280845e-05;1.16335505e-05;1.0;1.0;138.29672;25
1330612379;1330423917;0.097485885;-0.0059654173;0.001559409;0.99521786;46.398453;1.0527102;0.061254237;0.0;0.0;2.521275;-0.0074566505;-0.00045031143;-0.0016948719;0.0075712665;0.009840061;0.018838108;0.2749439;0.0010261876;-0.19539143;0.0107643455;-0.05727096;-0.0052567176;0.0;0.0;2.0558307;0.0004688714;0.00046228373;0.00073762814;42.702896;61.8614;0.009423642;55861.977;53121.47;0.2147974;4.5394322e-07;4.4296306e-07;4.2037323e-07;0.0015129705;0.0068361484;1.9144303e-05;9.751101e-06;1.0770335e-05;1.1760046e-05;7.368432e-06;1.8252445e-05;1.1630817e-05;1.0;1.0;141.09602;25
1331117602;1330928605;0.101490706;0.0047091097;-0.00044102978;0.99482524;46.716465;1.0442189;0.07067024;0.0;0.0;2.5303836;-0.007454396;-0.00044746912;-0.0017015608;0.0075712665;0.009840061;0.018905364;0.27488837;0.0010238988;-0.19543202;0.010706301;-0.05727357;-0.0052935197;0.0;0.0;2.0558307;0.00046870348;0.00046225823;0.0007368611;43.206097;62.58605;0.0093911905;57304.598;54560.113;0.2138295;4.5389712e-07;4.4315917e-07;4.2011584e-07;0.001513018;0.006836196;1.9042209e-05;9.7448565e-06;1.0732511e-05;1.176088e-05;7.3575475e-06;1.821918e-05;1.1627709e-05;1.0;1.0;143.92891;25
1331612476;1331423397;0.10473188;0.0021662645;-0.00726318;0.99447167;47.017635;1.0408441;0.06250894;0.0;0.0;2.523161;-0.0074513527;-0.00044472082;-0.0017060721;0.0075712665;0.009840061;0.019002318;0.2748298;0.0010218942;-0.19548804;0.01064378;-0.057257425;-0.0053220373;0.0;0.0;2.0558307;0.0004685434;0.00046223114;0.0007360177;43.708534;63.300877;0.0094361035;58745.883;55998.72;0.21597491;4.5386267e-07;4.4335616e-07;4.1978643e-07;0.0015130646;0.0068362425;1.8957036e-05;9.738617e-06;1.0694868e-05;1.1761585e-05;7.346804e-06;1.8185632e-05;1.1624887e-05;1.0;1.0;146.74065;25
1332116640;1331928084;0.10298399;-0.0031108586;-0.0013072448;0.99467736;47.25814;1.0333227;0.061597124;0.0;0.0;2.5149717;-0.007448797;-0.00044168008;-0.0017104628;0.0075712665;0.009840061;0.019098077;0.27477944;0.0010201556;-0.19553408;0.010595637;-0.05723633;-0.0053454735;0.0;0.0;2.0558307;0.000468358;0.00046219752;0.000736192;44.227623;64.02972;0.009410135;60243.082;57496.082;0.21499646;4.5383422e-07;4.4356116e-07;4.2013033e-07;0.0015131121;0.00683629;1.8858365e-05;9.732504e-06;1.06636235e-05;1.1762555e-05;7.337459e-06;1.8156006e-05;1.1622148e-05;1.0;1.0;149.64151;25
1332611372;1332422876;0.10474542;-0.0034530738;0.002550281;0.9944899;47.560127;1.0252571;0.07215067;0.0;0.0;2.5199084;-0.0074456325;-0.00043803218;-0.0017147645;0.0075712665;0.009840061;0.019167483;0.2747205;0.0010180037;-0.1955817;0.010537908;-0.057220533;-0.0053773993;0.0;0.0;2.0558307;0.00046816163;0.00046216082;0.0007353586;44.732517;64.743065;0.009370664;61736.53;58992.418;0.21338002;4.5381387e-07;4.43766e-07;4.1979996e-07;0.0015131587;0.0068363366;1.8760542e-05;9.726292e-06;1.06264915e-05;1.1763274e-05;7.326848e-06;1.8123636e-05;1.1619359e-05;1.0;1.0;152.51747;25
1333106175;1332917667;0.10081086;-0.0018127289;-0.00070322736;0.99490374;47.871136;1.0188819;0.07234449;0.0;0.0;2.5209787;-0.00744219;-0.00043456728;-0.0017174602;0.0075712665;0.009840061;0.019246876;0.27466196;0.0010158516;-0.19563459;0.0104766;-0.057206377;-0.0054079774;0.0;0.0;2.0558307;0.00046798878;0.00046212383;0.00073454174;45.242107;65.46075;0.009420118;63259.08;60517.96;0.21552154;4.538036e-07;4.439755e-07;4.1947015e-07;0.0015132052;0.006836383;1.8679848e-05;9.720177e-06;1.0589632e-05;1.1764002e-05;7.316399e-06;1.8092218e-05;1.1616653e-05;1.0;1.0;155.4269;25
1333610962;1333422354;0.098825574;0.0022292722;-0.0028113772;0.9950983;48.12799;1.019403;0.06791657;0.0;0.0;2.5305545;-0.0074389186;-0.00043096466;-0.0017180388;0.0075712665;0.009840061;0.019307734;0.2746177;0.0010138401;-0.1956803;0.010431213;-0.057189867;-0.0054295966;0.0;0.0;2.0558307;0.00046783485;0.00046208364;0.00073470676;45.766094;66.19823;0.009397944;64841.2;62105.53;0.2145513;4.5379892e-07;4.4419247e-07;4.1981178e-07;0.0015132527;0.0068364306;1.8586124e-05;9.714426e-06;1.0559054e-05;1.176498e-05;7.3075093e-06;1.806533e-05;1.1614051e-05;1.0;1.0;158.42902;25
1334115577;1333927041;0.09370266;0.00095534953;-0.0014999645;0.9955987;48.417942;1.02157;0.07710721;0.0;0.0;2.539855;-0.007435265;-0.0004272527;-0.0017209267;0.0075712665;0.009840061;0.01937121;0.274566;0.001011481;-0.19572674;0.010377206;-0.0571802;-0.0054587997;0.0;0.0;2.0558307;0.00046766087;0.00046204214;0.0007340347;46.284843;66.93562;0.009374749;66451.016;63723.61;0.2136022;4.5380156e-07;4.44413e-07;4.1955573e-07;0.0015133002;0.006836478;1.8494009e-05;9.708381e-06;1.0522795e-05;1.1765554e-05;7.297167e-06;1.8037317e-05;1.1611373e-05;1.0;1.0;161.46613;25
1334610365;1334421832;0.07969326;-0.01180856;-0.0017436789;0.996748;48.70175;1.0158534;0.07692999;0.0;0.0;2.5553184;-0.0074319695;-0.00042420838;-0.0017230453;0.0075712665;0.009840061;0.019419419;0.2745213;0.001008781;-0.19576389;0.010331659;-0.05717835;-0.005487979;0.0;0.0;2.0558307;0.00046751407;0.00046200468;0.0007333288;46.789543;67.66759;0.009423788;68060.54;65340.816;0.21576573;4.5381356e-07;4.4463295e-07;4.1921274e-07;0.0015133468;0.0068365247;1.8417386e-05;9.7024795e-06;1.04866995e-05;1.1765712e-05;7.286678e-06;1.8014098e-05;1.1608671e-05;1.0;1.0;164.47667;25
1335105130;1334916623;0.077658914;-0.0016704286;-0.0012974913;0.9969778;48.92281;1.010358;0.080074795;0.0;0.0;2.5677776;-0.0074293017;-0.00042123586;-0.0017248205;0.0075712665;0.009840061;0.019475238;0.27448627;0.001006303;-0.19579066;0.010300971;-0.057174344;-0.00551151;0.0;0.0;2.0558307;0.00046736392;0.0004619625;0.0007335231;47.29272;68.40247;0.009387857;69698.22;66989.93;0.21417457;4.5382959e-07;4.4485512e-07;4.1946274e-07;0.0015133934;0.0068365713;1.8327184e-05;9.696721e-06;1.0456675e-05;1.1765656e-05;7.2773337e-06;1.7995999e-05;1.1605929e-05;1.0;1.0;167.51657;25
1335609850;1335421309;0.076965995;-0.012225313;-0.002640395;0.99695534;49.1934;1.0092016;0.07933406;0.0;0.0;2.5682778;-0.007426364;-0.0004174153;-0.0017262676;0.0075712665;0.009840061;0.019556427;0.2744418;0.0010034919;-0.19582643;0.010253648;-0.05718259;-0.005543515;0.0;0.0;2.0558307;0.0004672029;0.0004619173;0.0007329461;47.802677;69.15544;0.009360587;71397.35;68703.71;0.21322235;4.5385306e-07;4.4508465e-07;4.1919304e-07;0.0015134409;0.0068366188;1.8239049e-05;9.690758e-06;1.0421171e-05;1.1765383e-05;7.2667276e-06;1.797617e-05;1.1603004e-05;1.0;1.0;170.64986;25
1336114512;1335925995;0.07731651;-0.006233998;0.0007688762;0.99698687;49.46578;1.0067174;0.076755054;0.0;0.0;2.5741525;-0.007423259;-0.0004127744;-0.0017299319;0.0075712665;0.009840061;0.019629413;0.2743962;0.00100078;-0.19585997;0.01020653;-0.05719072;-0.005577476;0.0;0.0;2.0558307;0.00046702786;0.00046186955;0.0007323702;48.31453;69.90947;0.009336056;73126.086;70450.81;0.21229558;4.5388288e-07;4.4531723e-07;4.1892778e-07;0.0015134884;0.0068366663;1.8152423e-05;9.684868e-06;1.0385928e-05;1.1765033e-05;7.2561734e-06;1.7956641e-05;1.1599984e-05;1.0;1.0;173.81438;25
1336609492;1336420786;0.0766141;0.002126586;0.0038910406;0.997051;49.726494;1.0076121;0.063687585;0.0;0.0;2.5809324;-0.0074177263;-0.0004085531;-0.0017321515;0.0075712665;0.009840061;0.019696875;0.27434486;0.0009982219;-0.19589384;0.010160568;-0.05718371;-0.0056107705;0.0;0.0;2.0558307;0.00046683836;0.00046182532;0.00073177257;48.822876;70.65503;0.009391057;74850.68;72196.234;0.2144373;4.5392107e-07;4.4554866e-07;4.1858593e-07;0.0015135349;0.006836713;1.8080422e-05;9.67878e-06;1.0350841e-05;1.1764159e-05;7.2454122e-06;1.7938723e-05;1.1596863e-05;1.0;1.0;176.9465;25
1337114136;1336925472;0.07505085;0.0041681663;-0.009904457;0.9971218;49.930176;1.0026233;0.066545084;0.0;0.0;2.587455;-0.0074137277;-0.000405579;-0.0017334274;0.0075712665;0.009840061;0.019763831;0.27430397;0.0009959923;-0.19592533;0.010125172;-0.05717141;-0.005634483;0.0;0.0;2.0558307;0.0004666375;0.00046177584;0.0007321259;49.34492;71.416115;0.009370439;76638.984;74011.516;0.21348234;4.539633e-07;4.45786e-07;4.1892167e-07;0.0015135824;0.0068367603;1.7996119e-05;9.6729245e-06;1.0321767e-05;1.1763765e-05;7.236155e-06;1.7922373e-05;1.1593862e-05;1.0;1.0;180.17253;25
1337608962;1337420262;0.074388415;-0.0117573785;-0.00021129638;0.99716;50.157455;0.9937263;0.07240146;0.0;0.0;2.5876043;-0.0074111964;-0.00040174866;-0.0017379855;0.0075712665;0.009840061;0.019839615;0.274259;0.0009934544;-0.19596215;0.010087485;-0.05715342;-0.005659374;0.0;0.0;2.0558307;0.0004664419;0.0004617271;0.0007315388;49.85096;72.162445;0.009332911;78420.4;75823.55;0.21191767;4.5400967e-07;4.4601978e-07;4.1858e-07;0.001513629;0.006836807;1.7912305e-05;9.6668355e-06;1.0287152e-05;1.1762596e-05;7.2256053e-06;1.790577e-05;1.159077e-05;1.0;1.0;183.36263;25
1338113468;1337924947;0.074957475;-0.006295991;-0.0010969719;0.99716634;50.38671;0.996375;0.07272544;0.0;0.0;2.5882635;-0.0074066543;-0.0003974578;-0.0017427814;0.0075712665;0.009840061;0.01991905;0.2742201;0.0009906787;-0.19599217;0.010056572;-0.057145566;-0.005685471;0.0;0.0;2.0558307;0.00046630407;0.00046168006;0.00073095155;50.369667;72.92732;0.009397045;80271.586;77706.7;0.21472308;4.540665e-07;4.4626202e-07;4.1832155e-07;0.0015136765;0.0068368544;1.7844453e-05;9.66124e-06;1.02528875e-05;1.1762414e-05;7.215593e-06;1.7888215e-05;1.1587936e-05;1.0;1.0;186.64325;25
1338608242;1338419738;0.07569024;0.005857367;-0.002034878;0.99711215;50.610928;1.000315;0.054853868;0.0;0.0;2.579383;-0.0074023693;-0.00039225552;-0.0017478517;0.0075712665;0.009840061;0.020015212;0.27417028;0.0009885419;-0.19601737;0.010014095;-0.057148095;-0.0057222527;0.0;0.0;2.0558307;0.00046606569;0.00046162872;0.0007311444;50.885296;73.6805;0.009354346;82113.945;79588.54;0.21313158;4.5412403e-07;4.4650088e-07;4.1858948e-07;0.001513723;0.006836901;1.7762757e-05;9.6556105e-06;1.0224332e-05;1.1762208e-05;7.2065313e-06;1.7872022e-05;1.1584698e-05;1.0;1.0;189.8879;25
1339113071;1338924423;0.07197918;-0.009416748;0.0024898704;0.9973586;50.834473;0.9976962;0.067421824;0.0;0.0;2.5670962;-0.0073992466;-0.00038869216;-0.0017553073;0.0075712665;0.009840061;0.020113021;0.27413276;0.0009858343;-0.19604926;0.009975759;-0.057154436;-0.0057505136;0.0;0.0;2.0558307;0.00046589586;0.00046157584;0.00073051505;51.402245;74.448235;0.009320987;84025.11;81542.75;0.21219973;4.541885e-07;4.4674616e-07;4.1833383e-07;0.0015137705;0.0068369485;1.7683327e-05;9.65011e-06;1.01905225e-05;1.1762075e-05;7.1966806e-06;1.7854722e-05;1.1581712e-05;1.0;1.0;193.22617;25
1339607812;1339419212;0.070993856;-0.0019648427;0.00011275299;0.9974749;51.062798;0.9991759;0.057472855;0.0;0.0;2.5723672;-0.0073943106;-0.00038594427;-0.0017561021;0.0075712665;0.009840061;0.02017794;0.274097;0.0009830206;-0.19608378;0.009941577;-0.05714736;-0.0057726526;0.0;0.0;2.0558307;0.00046577412;0.00046152656;0.00072980113;51.91434;75.21009;0.009369813;85931.98;83493.79;0.21432985;4.5425918e-07;4.469887e-07;4.1800425e-07;0.0015138171;0.006836995;1.7617622e-05;9.644822e-06;1.015686e-05;1.1761821e-05;7.1870504e-06;1.7838762e-05;1.1578946e-05;1.0;1.0;196.52582;25
1340112371;1339923901;0.07087557;0.0018667236;0.00084643;0.9974831;51.243217;1.0055811;0.06898582;0.0;0.0;2.564626;-0.00738932;-0.00038121853;-0.0017620766;0.0075712665;0.009840061;0.020264981;0.27406007;0.0009807687;-0.19610894;0.009914275;-0.057137653;-0.0057973135;0.0;0.0;2.0558307;0.0004655791;0.0004614764;0.0007300954;52.44048;75.98204;0.009346338;87907.79;85522.0;0.21337986;4.54332e-07;4.47237e-07;4.183519e-07;0.0015138646;0.0068370425;1.75405e-05;9.639476e-06;1.0128997e-05;1.1761724e-05;7.1783934e-06;1.7824574e-05;1.1575964e-05;1.0;1.0;199.91904;25
1340607205;1340418686;0.079768986;-0.0004256579;-0.0017703946;0.99681175;51.470753;0.99208254;0.07510182;0.0;0.0;2.5701158;-0.0073865373;-0.00037891476;-0.0017687721;0.0075712665;0.009840061;0.020327218;0.2740171;0.0009782382;-0.19614111;0.009878006;-0.05712493;-0.005823772;0.0;0.0;2.0558307;0.00046538422;0.00046142808;0.00072940707;52.957413;76.74267;0.009303436;89874.06;87545.516;0.21181314;4.544068e-07;4.474816e-07;4.1803125e-07;0.0015139112;0.006837089;1.7463934e-05;9.634028e-06;1.0095778e-05;1.1761386e-05;7.168782e-06;1.780814e-05;1.1573058e-05;1.0;1.0;203.27234;25
1341111931;1340923371;0.087824985;0.0017094375;0.0013010608;0.9961337;51.70136;0.9900935;0.055841647;0.0;0.0;2.5673466;-0.007381482;-0.00037354397;-0.0017736675;0.0075712665;0.009840061;0.020405125;0.273964;0.0009760464;-0.19618487;0.009837173;-0.05708978;-0.0058485577;0.0;0.0;2.0558307;0.00046520025;0.00046138375;0.0007288133;53.500748;77.52012;0.009371653;91913.055;89647.25;0.21459374;4.5449235e-07;4.4773367e-07;4.1779825e-07;0.0015139587;0.0068371366;1.740243e-05;9.6285485e-06;1.0062891e-05;1.176144e-05;7.1594864e-06;1.7788981e-05;1.1570296e-05;1.0;1.0;206.72011;25
1341616802;1341428056;0.0862034;0.0010257496;0.0010630157;0.9962765;51.94197;0.9785599;0.06077189;0.0;0.0;2.5695276;-0.0073774727;-0.00037103755;-0.0017772227;0.0075712665;0.009840061;0.020473737;0.27391735;0.00097374024;-0.19623113;0.009795844;-0.057062626;-0.005870382;0.0;0.0;2.0558307;0.00046504082;0.00046133602;0.00072808843;54.044174;78.29633;0.009345676;93983.62;91787.11;0.21363921;4.5457693e-07;4.4798546e-07;4.1757104e-07;0.0015140062;0.006837184;1.7328848e-05;9.623429e-06;1.0030234e-05;1.1762106e-05;7.1507734e-06;1.7767547e-05;1.1567659e-05;1.0;1.0;210.19739;25
1342111359;1341922845;0.08153066;0.0019309424;0.0045091906;0.9966588;52.154053;0.97573113;0.06955588;0.0;0.0;2.5587077;-0.0073732776;-0.00036605168;-0.0017812279;0.0075712665;0.009840061;0.02056315;0.27387062;0.0009717654;-0.1962681;0.009757608;-0.05704394;-0.0058966205;0.0;0.0;2.0558307;0.00046484818;0.0004612916;0.00072819134;54.57786;79.0568;0.009306909;96048.164;93924.29;0.21206306;4.5466254e-07;4.482326e-07;4.1786146e-07;0.0015140527;0.0068372306;1.7255701e-05;9.618475e-06;1.0003042e-05;1.1762744e-05;7.142938e-06;1.7750452e-05;1.15649855e-05;1.0;1.0;213.63579;25
1342616591;1342427530;0.08834142;0.00039073956;-0.001672845;0.9960888;52.39679;0.9720629;0.0585738;0.0;0.0;2.546682;-0.007369364;-0.00036251018;-0.0017848501;0.0075712665;0.009840061;0.020656163;0.27381706;0.00096944405;-0.19631098;0.009710849;-0.05702499;-0.0059265313;0.0;0.0;2.0558307;0.0004646713;0.00046124993;0.000727533;55.125645;79.84138;0.009362354;98188.77;96142.086;0.21483423;4.5475844e-07;4.48487e-07;4.1763795e-07;0.0015141002;0.006837278;1.7197217e-05;9.613274e-06;9.970808e-06;1.1763236e-05;7.134074e-06;1.7730912e-05;1.15622215e-05;1.0;1.0;217.17459;25
1343111645;1342922318;0.086134285;-0.006820647;-0.0028660563;0.99625605;52.650196;0.966741;0.057358745;0.0;0.0;2.559577;-0.00736543;-0.00035723794;-0.0017888215;0.0075712665;0.009840061;0.02070018;0.2737642;0.000967261;-0.19635628;0.0096624065;-0.056999926;-0.0059534605;0.0;0.0;2.0558307;0.00046446896;0.00046120642;0.0007267822;55.665703;80.6066;0.009326584;100317.48;98354.97;0.21323633;4.5485e-07;4.487352e-07;4.1733912e-07;0.0015141468;0.0068373247;1.7126222e-05;9.608077e-06;9.938698e-06;1.176356e-05;7.1253257e-06;1.771127e-05;1.1559588e-05;1.0;1.0;220.67442;25
1343615712;1343427002;0.084162794;0.002850632;4.769766e-05;0.99644804;52.8469;0.9666085;0.066013426;0.0;0.0;2.5576742;-0.0073609636;-0.00035410418;-0.0017906127;0.0075712665;0.009840061;0.020772686;0.27372736;0.0009651249;-0.19639307;0.009629594;-0.056982603;-0.005972296;0.0;0.0;2.0558307;0.00046431812;0.0004611642;0.000726933;56.218647;81.39067;0.009302443;102527.734;100654.016;0.21228601;4.5494707e-07;4.4898854e-07;4.177142e-07;0.0015141943;0.006837372;1.7057271e-05;9.603373e-06;9.912153e-06;1.1764517e-05;7.1179825e-06;1.7693743e-05;1.155704e-05;1.0;1.0;224.27405;25
1344110375;1343921790;0.08677019;-0.0020977182;-0.009670366;0.9961792;53.08399;0.9658594;0.067314796;0.0;0.0;2.5537965;-0.0073570902;-0.00034917085;-0.0017941721;0.0075712665;0.009840061;0.020847613;0.27367553;0.00096292124;-0.19644083;0.009583131;-0.056955047;-0.005997293;0.0;0.0;2.0558307;0.00046415368;0.00046112752;0.0007262088;56.76236;82.161255;0.009350274;104727.555;102945.99;0.21442792;4.5504913e-07;4.4923877e-07;4.174207e-07;0.0015142409;0.006837419;1.7000952e-05;9.598307e-06;9.880456e-06;1.1764709e-05;7.109408e-06;1.7675346e-05;1.1554456e-05;1.0;1.0;227.83232;25
1344614991;1344426474;0.0835991;-0.0042427434;-0.0011054039;0.9964898;53.290222;0.9748443;0.055925764;0.0;0.0;2.5365598;-0.007349796;-0.0003453616;-0.0017928055;0.0075712665;0.009840061;0.020942552;0.27362806;0.0009606696;-0.1964934;0.009542993;-0.056913674;-0.006013361;0.0;0.0;2.0558307;0.0004639912;0.0004610881;0.00072561187;57.322662;82.954056;0.009339597;107004.58;105325.25;0.21349847;4.5515128e-07;4.4949263e-07;4.1720625e-07;0.0015142884;0.0068374663;1.6934087e-05;9.593218e-06;9.849075e-06;1.1764526e-05;7.100978e-06;1.7657188e-05;1.1551891e-05;1.0;1.0;231.48927;25
1345109844;1344921263;0.09130477;-0.00067385915;0.00383118;0.99581546;53.49483;0.9738641;0.06448334;0.0;0.0;2.5347028;-0.0073472955;-0.00034207432;-0.0017968361;0.0075712665;0.009840061;0.021009825;0.27358872;0.00095851184;-0.19652441;0.009509172;-0.056903996;-0.0060382537;0.0;0.0;2.0558307;0.00046382408;0.0004610508;0.0007256416;57.869244;83.72863;0.009290053;109274.27;107700.32;0.21192542;4.552526e-07;4.497413e-07;4.175133e-07;0.0015143349;0.006837513;1.6867294e-05;9.5886635e-06;9.822966e-06;1.1765584e-05;7.0938427e-06;1.7639763e-05;1.154934e-05;1.0;1.0;235.10246;25
1345614436;1345425946;0.09594644;-0.008771738;0.0050670686;0.995335;53.721424;0.9766801;0.058191393;0.0;0.0;2.5280182;-0.0073412564;-0.0003381987;-0.0018020322;0.0075712665;0.009840061;0.021082897;0.2735448;0.00095619255;-0.19656928;0.0094676;-0.056883037;-0.006060475;0.0;0.0;2.0558307;0.0004636978;0.0004610159;0.00072484044;58.439472;84.520836;0.009355185;111623.74;110163.33;0.21471983;4.5536447e-07;4.4999592e-07;4.1731593e-07;0.0015143824;0.0068375603;1.6814327e-05;9.583923e-06;9.791984e-06;1.176677e-05;7.086072e-06;1.7616514e-05;1.1546785e-05;1.0;1.0;238.8177;25
1346109196;1345920734;0.09124676;-0.0032660775;0.0055068345;0.9958078;53.969364;0.97357863;0.057441108;0.0;0.0;2.524069;-0.0073369513;-0.0003337205;-0.0018055724;0.0075712665;0.009840061;0.021153996;0.27349582;0.0009539633;-0.19661805;0.00941777;-0.056865145;-0.006086289;0.0;0.0;2.0558307;0.000463538;0.0004609814;0.00072398986;58.99576;85.29677;0.009318377;113959.875;112619.58;0.2131358;4.5546975e-07;4.5024444e-07;4.170418e-07;0.001514429;0.006837607;1.674924e-05;9.579181e-06;9.761118e-06;1.1767683e-05;7.0782407e-06;1.7595263e-05;1.1544362e-05;1.0;1.0;242.48988;25
1346613963;1346425417;0.09253518;-0.0062066936;0.0042585633;0.99568105;54.17977;0.9763959;0.06699098;0.0;0.0;2.517661;-0.0073322197;-0.00032901394;-0.0018076428;0.0075712665;0.009840061;0.021225534;0.27345058;0.00095194246;-0.1966546;0.009378667;-0.056849092;-0.006112222;0.0;0.0;2.0558307;0.00046337137;0.00046094984;0.00072410936;59.567116;86.09039;0.00929395;116382.414;115170.49;0.21220492;4.555799e-07;4.5049768e-07;4.174387e-07;0.0015144765;0.0068376544;1.668603e-05;9.574606e-06;9.735629e-06;1.17690015e-05;7.071369e-06;1.7576489e-05;1.1541877e-05;1.0;1.0;246.26733;25
1347108751;1346920205;0.09071328;0.0041908184;-0.0017297271;0.9958668;54.432476;0.9708531;0.055631593;0.0;0.0;2.527772;-0.0073276586;-0.00032380267;-0.0018111249;0.0075712665;0.009840061;0.021270132;0.2733903;0.00094977295;-0.19669461;0.009330327;-0.05682088;-0.006145534;0.0;0.0;2.0558307;0.00046317567;0.00046092374;0.0007233768;60.130928;86.87474;0.009345969;118791.52;117712.0;0.21434937;4.5569473e-07;4.5074606e-07;4.1716916e-07;0.001514523;0.006837701;1.6634624e-05;9.569528e-06;9.70515e-06;1.1769563e-05;7.0631995e-06;1.7557159e-05;1.1539282e-05;1.0;1.0;250.00159;25
1347613350;1347424888;0.09337082;-0.005857337;0.0061909896;0.9955949;54.667175;0.9775958;0.05954269;0.0;0.0;2.516789;-0.0073220907;-0.00031980927;-0.0018152978;0.0075712665;0.009840061;0.021348828;0.2733412;0.0009473816;-0.19673486;0.009286277;-0.0568058;-0.006174495;0.0;0.0;2.0558307;0.00046300347;0.0004608946;0.0007226429;60.70381;87.67538;0.009320215;121286.086;120349.1;0.21342243;4.558083e-07;4.5099833e-07;4.1697675e-07;0.0015145706;0.0068377485;1.6573262e-05;9.564773e-06;9.674972e-06;1.1770636e-05;7.055473e-06;1.7536731e-05;1.1536733e-05;1.0;1.0;253.8427;25
1348108128;1347919675;0.09086522;-0.0044765947;0.0016131683;0.9958519;54.882084;0.97375596;0.059200108;0.0;0.0;2.5117981;-0.007317947;-0.00031585753;-0.0018181972;0.0075712665;0.009840061;0.021416264;0.27330098;0.0009452695;-0.19677012;0.009248539;-0.056797314;-0.0061996942;0.0;0.0;2.0558307;0.00046285638;0.00046086757;0.0007226106;61.270687;88.46245;0.009280797;123771.13;122980.234;0.21184658;4.559194e-07;4.512441e-07;4.1730127e-07;0.0015146171;0.006837795;1.6511945e-05;9.560464e-06;9.649887e-06;1.1772119e-05;7.04896e-06;1.7517881e-05;1.1534308e-05;1.0;1.0;257.63925;25
1348613051;1348424358;0.09741418;-0.0041544894;0.004085039;0.995227;55.133648;0.9676011;0.04772748;0.0;0.0;2.5055559;-0.007314479;-0.0003112313;-0.0018230448;0.0075712665;0.009840061;0.021488504;0.27324992;0.00094300194;-0.1968151;0.009199806;-0.05678159;-0.0062288186;0.0;0.0;2.0558307;0.00046271377;0.00046084705;0.00072189653;61.851784;89.26838;0.009339867;126343.86;125707.49;0.21462724;4.5604122e-07;4.514961e-07;4.171166e-07;0.0015146646;0.0068378425;1.6463855e-05;9.555784e-06;9.620089e-06;1.1773239e-05;7.041403e-06;1.7497634e-05;1.1531851e-05;1.0;1.0;261.54404;25
1349117527;1348929041;0.092079856;-0.0017715709;0.0005759532;0.99574995;55.358944;0.9663708;0.06337327;0.0;0.0;2.496275;-0.0073091993;-0.00030870753;-0.0018250219;0.0075712665;0.009840061;0.021562334;0.2732019;0.0009406522;-0.1968575;0.009159731;-0.05675458;-0.0062527293;0.0;0.0;2.0558307;0.00046255076;0.00046082554;0.0007211734;62.434895;90.07181;0.009316439;128952.76;128481.01;0.2136717;4.5615732e-07;4.5174568e-07;4.1693423e-07;0.0015147121;0.00683789;1.6405176e-05;9.551098e-06;9.590492e-06;1.1774311e-05;7.033951e-06;1.747687e-05;1.1529462e-05;1.0;1.0;265.48022;25
1349612591;1349423827;0.0829106;-0.0073784958;-0.0020677575;0.9965276;55.581417;0.97347945;0.058949657;0.0;0.0;2.4866028;-0.0073034074;-0.00030337318;-0.0018263645;0.0075712665;0.009840061;0.021632345;0.27315372;0.0009382606;-0.19689861;0.009122555;-0.056724824;-0.0062767123;0.0;0.0;2.0558307;0.0004623896;0.00046080744;0.00072045065;63.004868;90.86702;0.009286412;131550.23;131245.67;0.21210073;4.5627093e-07;4.519889e-07;4.1667045e-07;0.0015147587;0.0068379366;1.6346605e-05;9.546498e-06;9.560994e-06;1.1774742e-05;7.026367e-06;1.7459863e-05;1.1527118e-05;1.0;1.0;269.36896;25
1350107089;1349918614;0.081611805;-0.0021833838;-9.37322e-05;0.9966619;55.775116;0.9704378;0.050569735;0.0;0.0;2.4896452;-0.0073001976;-0.0003004113;-0.0018270649;0.0075712665;0.009840061;0.021682356;0.27312174;0.00093597395;-0.19692849;0.009095647;-0.05671376;-0.006296338;0.0;0.0;2.0558307;0.0004623028;0.00046079437;0.0007205192;63.573013;91.67268;0.009330548;134193.02;134058.31;0.21425898;4.5639172e-07;4.5223197e-07;4.1699772e-07;0.0015148052;0.006837983;1.6300048e-05;9.542426e-06;9.53657e-06;1.1775722e-05;7.0199335e-06;1.7445573e-05;1.1524821e-05;1.0;1.0;273.28537;25
1350611908;1350423296;0.087491125;0.008516615;0.008527039;0.9960925;56.01068;0.9710294;0.04438171;0.0;0.0;2.4789643;-0.0072952625;-0.0002949994;-0.0018317036;0.0075712665;0.009840061;0.021758577;0.27306017;0.0009336594;-0.19696002;0.009045173;-0.05670226;-0.006336845;0.0;0.0;2.0558307;0.0004620613;0.00046078017;0.00071996864;64.15682;92.48961;0.009308569;136920.38;136972.97;0.21333706;4.5650975e-07;4.5247776e-07;4.1681568e-07;0.0015148527;0.0068380306;1.624401e-05;9.537294e-06;9.507537e-06;1.1775752e-05;7.011853e-06;1.7429831e-05;1.1521835e-05;1.0;1.0;277.3104;25
1351106918;1350918083;0.08078554;-0.007582154;0.006221003;0.99668324;56.222324;0.9793178;0.053089477;0.0;0.0;2.4716856;-0.00728915;-0.00029182882;-0.0018351985;0.0075712665;0.009840061;0.021821754;0.2730195;0.0009310634;-0.19699253;0.009012798;-0.05668735;-0.006361952;0.0;0.0;2.0558307;0.00046190817;0.00046076585;0.00071919465;64.727936;93.29482;0.009270658;139635.11;139877.55;0.21177948;4.5662557e-07;4.5271722e-07;4.1655576e-07;0.0015148993;0.006838077;1.6187902e-05;9.5329115e-06;9.478596e-06;1.1776488e-05;7.004551e-06;1.7413358e-05;1.1519382e-05;1.0;1.0;281.28717;25
1351611330;1351422765;0.07356602;-0.00026969367;0.0046513416;0.9972795;56.397694;0.9787326;0.057070438;0.0;0.0;2.472134;-0.007284328;-0.0002876362;-0.0018365475;0.0075712665;0.009840061;0.021873113;0.27298594;0.00092881103;-0.19701925;0.008986439;-0.056673527;-0.0063820663;0.0;0.0;2.0558307;0.00046178777;0.00046075755;0.00071945856;65.312096;94.12106;0.009337942;142450.61;142891.81;0.21456422;4.567523e-07;4.5296105e-07;4.169621e-07;0.0015149468;0.0068381247;1.6144257e-05;9.528599e-06;9.454745e-06;1.1776946e-05;6.997894e-06;1.7400931e-05;1.1516855e-05;1.0;1.0;285.37146;25
1352116006;1351927447;0.07365412;-0.0071449624;-0.004895076;0.99724627;56.607967;0.9771727;0.04853334;0.0;0.0;2.4716759;-0.0072801085;-0.00028295274;-0.0018365055;0.0075712665;0.009840061;0.021925924;0.27294075;0.0009262815;-0.19705155;0.008950748;-0.056657027;-0.006409358;0.0;0.0;2.0558307;0.0004616203;0.00046074708;0.0007189326;65.89228;94.955154;0.009316026;145303.3;145953.53;0.21362545;4.568719e-07;4.5320238e-07;4.1677595e-07;0.0015149943;0.006838172;1.6090487e-05;9.523921e-06;9.4262605e-06;1.17765385e-05;6.9901444e-06;1.7388676e-05;1.15141065e-05;1.0;1.0;289.4844;25
1352610797;1352422233;0.07521802;-0.0030483778;0.005377785;0.99714804;56.792816;0.98136955;0.045006983;0.0;0.0;2.4626725;-0.0072756577;-0.00027842607;-0.0018440731;0.0075712665;0.009840061;0.021991715;0.272905;0.0009235761;-0.19707607;0.008925876;-0.056646254;-0.006434046;0.0;0.0;2.0558307;0.00046147406;0.00046073957;0.00071822753;66.45971;95.77326;0.009274758;148140.9;149004.56;0.212061;4.5698826e-07;4.5343708e-07;4.1651646e-07;0.0015150409;0.006838219;1.6036618e-05;9.519599e-06;9.397868e-06;1.1776661e-05;6.9827265e-06;1.7376035e-05;1.1511526e-05;1.0;1.0;293.54227;25
1353115405;1352926914;0.090523936;-0.00017794686;0.0043819384;0.99588466;56.97262;0.99198383;0.055380102;0.0;0.0;2.4503899;-0.007269333;-0.00027439746;-0.0018475167;0.0075712665;0.009840061;0.022062292;0.27286598;0.0009215028;-0.19710875;0.00888852;-0.056637954;-0.006458238;0.0;0.0;2.0558307;0.0004613083;0.00046073474;0.0007184288;67.05325;96.603836;0.009252695;151076.22;152169.69;0.21114182;4.5710797e-07;4.5367543e-07;4.1692994e-07;0.0015150884;0.0068382663;1.5984422e-05;9.515403e-06;9.374481e-06;1.1777683e-05;6.9763855e-06;1.7362096e-05;1.1509043e-05;1.0;1.0;297.7082;25
1353610172;1353421700;0.08651395;-0.008160415;-0.0043919086;0.9962076;57.193626;0.9813951;0.04950446;0.0;0.0;2.4563525;-0.007265478;-0.00027040622;-0.001853373;0.0075712665;0.009840061;0.022100462;0.27282196;0.0009192026;-0.19714767;0.008847728;-0.056619972;-0.0064829295;0.0;0.0;2.0558307;0.00046117886;0.00046073465;0.00071765884;67.64099;97.4211;0.0093001;153992.1;155320.03;0.2132771;4.5723274e-07;4.539082e-07;4.166836e-07;0.0015151349;0.006838313;1.5942596e-05;9.5111345e-06;9.346435e-06;1.1778604e-05;6.9694365e-06;1.734521e-05;1.1506647e-05;1.0;1.0;301.82205;25
1354115452;1353926381;0.0825301;-0.006148124;-0.0007953159;0.99656934;57.429874;0.9777221;0.04735134;0.0;0.0;2.4576702;-0.007261141;-0.0002645085;-0.0018551839;0.0075712665;0.009840061;0.02215037;0.2727705;0.00091697613;-0.19719003;0.008805042;-0.05659333;-0.006510622;0.0;0.0;2.0558307;0.00046101998;0.0004607354;0.000717054;68.23881;98.25543;0.009280425;157008.06;158585.47;0.21235608;4.5735231e-07;4.5414245e-07;4.165133e-07;0.0015151824;0.0068383603;1.5891868e-05;9.506746e-06;9.31867e-06;1.1779114e-05;6.962349e-06;1.7330194e-05;1.15041985e-05;1.0;1.0;306.04825;25
1354609623;1354421167;0.08331448;0.0044928053;0.0048027984;0.9965016;57.610332;0.9776676;0.047930412;0.0;0.0;2.4641733;-0.0072564753;-0.00026021776;-0.0018581069;0.0075712665;0.009840061;0.022189407;0.27273545;0.00091483624;-0.19721872;0.0087779835;-0.056576643;-0.0065314174;0.0;0.0;2.0558307;0.00046091675;0.00046073925;0.0007171268;68.82839;99.07956;0.009328433;160012.02;161840.53;0.21450995;4.574762e-07;4.543714e-07;4.1685715e-07;0.001515229;0.006838407;1.5851261e-05;9.502884e-06;9.295635e-06;1.1780257e-05;6.9564185e-06;1.7316292e-05;1.1501854e-05;1.0;1.0;310.22095;25
1355114529;1354925848;0.08806685;0.007998347;0.0025114228;0.9960794;57.841072;0.9761558;0.050477594;0.0;0.0;2.4794378;-0.0072514825;-0.00025599523;-0.0018612943;0.0075712665;0.009840061;0.022216346;0.2726885;0.0009124895;-0.19725403;0.008738499;-0.05655814;-0.0065599116;0.0;0.0;2.0558307;0.00046076652;0.00046074385;0.000716478;69.430115;99.92123;0.009306649;163113.83;165211.19;0.21358265;4.5759498e-07;4.5460175e-07;4.166909e-07;0.0015152765;0.0068384544;1.5801885e-05;9.498608e-06;9.268208e-06;1.1781066e-05;6.9495322e-06;1.7301045e-05;1.1499362e-05;1.0;1.0;314.5079;25
1355609427;1355420633;0.090216614;0.0017316476;0.0038125126;0.99591345;58.062885;0.97969127;0.051926244;0.0;0.0;2.480904;-0.007245909;-0.00025224002;-0.0018636509;0.0075712665;0.009840061;0.022265762;0.27264127;0.00091019203;-0.19729328;0.008700548;-0.056531727;-0.006584847;0.0;0.0;2.0558307;0.00046062062;0.0004607495;0.0007157116;70.02495;100.74695;0.009269641;166195.14;168567.55;0.21201518;4.577095e-07;4.5482523e-07;4.1645112e-07;0.0015153231;0.006838501;1.5752365e-05;9.494444e-06;9.24086e-06;1.1781956e-05;6.9428324e-06;1.7284901e-05;1.1497018e-05;1.0;1.0;318.74265;25
1356114144;1355925314;0.090600245;-0.00748319;0.009490914;0.995814;58.271145;0.9903677;0.062045883;0.0;0.0;2.4708729;-0.007238792;-0.00024903723;-0.0018668431;0.0075712665;0.009840061;0.022332495;0.27260017;0.0009078259;-0.19733474;0.008659254;-0.056517333;-0.006607857;0.0;0.0;2.0558307;0.0004604855;0.00046075747;0.000715015;70.63491;101.59001;0.009249111;169383.0;172045.4;0.21111016;4.5782693e-07;4.5505166e-07;4.1629127e-07;0.0015153706;0.0068385485;1.5704538e-05;9.490366e-06;9.213789e-06;1.1783115e-05;6.9363227e-06;1.7267914e-05;1.1494653e-05;1.0;1.0;323.09238;25
1356608569;1356420099;0.095557764;0.0012808758;-0.006394442;0.9954026;58.475727;0.97929084;0.0527552;0.0;0.0;2.4866328;-0.007236745;-0.00024400975;-0.0018702868;0.0075712665;0.009840061;0.02235935;0.27255404;0.0009059593;-0.19736737;0.008620156;-0.05649938;-0.0066350433;0.0;0.0;2.0558307;0.00046033884;0.00046076687;0.0007150737;71.24243;102.41851;0.009291437;172553.38;175511.1;0.21324213;4.5794843e-07;4.5527275e-07;4.1664603e-07;0.0015154171;0.006838595;1.5666474e-05;9.486329e-06;9.191341e-06;1.1784556e-05;6.9304824e-06;1.7251947e-05;1.1492262e-05;1.0;1.0;327.38626;25
1357113259;1356924780;0.09461518;-0.007066167;0.005506726;0.9954736;58.703625;0.98443455;0.045596678;0.0;0.0;2.4964166;-0.0072299796;-0.0002387324;-0.0018707762;0.0075712665;0.009840061;0.022393689;0.27250323;0.0009038743;-0.19741482;0.008575232;-0.05646512;-0.0066580675;0.0;0.0;2.0558307;0.00046017882;0.00046077574;0.00071443245;71.86591;103.264854;0.00927925;175826.0;179098.77;0.21233484;4.58064e-07;4.5549442e-07;4.1649105e-07;0.0015154646;0.0068386425;1.561995e-05;9.482067e-06;9.164592e-06;1.17854415e-05;6.9239127e-06;1.7234393e-05;1.14899985e-05;1.0;1.0;331.7978;25
1357608371;1357419564;0.08411914;0.00070261577;-0.0021577529;0.9964531;58.912308;0.98501015;0.059012815;0.0;0.0;2.5075176;-0.0072242916;-0.00023543542;-0.001872306;0.0075712665;0.009840061;0.022429837;0.2724656;0.0009015593;-0.19745767;0.00854259;-0.05643572;-0.006674632;0.0;0.0;2.0558307;0.00046007935;0.00046078695;0.00071364496;72.47174;104.09625;0.009247776;179081.72;182670.47;0.21078563;4.5817424e-07;4.5570906e-07;4.1625822e-07;0.0015155112;0.006838689;1.5573236e-05;9.478219e-06;9.137918e-06;1.1786229e-05;6.9176845e-06;1.7217963e-05;1.1487743e-05;1.0;1.0;336.1529;25
1358112783;1357924245;0.070595585;-0.003990969;0.0011127517;0.9974964;59.09535;0.986141;0.05723433;0.0;0.0;2.513914;-0.007220193;-0.00023289888;-0.0018738152;0.0075712665;0.009840061;0.022474388;0.27243543;0.00089928706;-0.19748192;0.008516774;-0.056432735;-0.0066968193;0.0;0.0;2.0558307;0.00046000024;0.00046080357;0.0007138473;73.08121;104.96185;0.009301891;182458.77;186374.16;0.21356833;4.582971e-07;4.5592768e-07;4.1668744e-07;0.0015155587;0.0068387366;1.5537735e-05;9.474593e-06;9.115992e-06;1.1787323e-05;6.911989e-06;1.7206366e-05;1.148545e-05;1.0;1.0;340.6266;25
1358607487;1358419029;0.078137256;-0.004399269;0.0041112653;0.99692446;59.293396;0.9970393;0.054783966;0.0;0.0;2.5014226;-0.007214729;-0.00022722616;-0.0018767639;0.0075712665;0.009840061;0.02254688;0.27239433;0.0008966824;-0.19750866;0.0084850555;-0.056425728;-0.006726118;0.0;0.0;2.0558307;0.00045985385;0.00046081768;0.00071316696;73.67428;105.80853;0.009263748;185809.33;190058.16;0.21200283;4.5840468e-07;4.5613805e-07;4.1645168e-07;0.0015156053;0.006838783;1.5492136e-05;9.470636e-06;9.0896365e-06;1.1787568e-05;6.90528e-06;1.7195145e-05;1.14829245e-05;1.0;1.0;345.03964;25
1359112214;1358923709;0.08203424;-0.008868602;0.0028833325;0.9965859;59.486538;1.0080563;0.060566615;0.0;0.0;2.4967718;-0.007208543;-0.00022220693;-0.0018793171;0.0075712665;0.009840061;0.022605842;0.2723528;0.00089424156;-0.19754153;0.008453857;-0.056404606;-0.0067498065;0.0;0.0;2.0558307;0.0004597205;0.00046083747;0.0007125689;74.29007;106.67033;0.009244573;189269.95;193873.88;0.2111081;4.5851522e-07;4.5635085e-07;4.1629875e-07;0.0015156528;0.0068388307;1.5448186e-05;9.466741e-06;9.0635485e-06;1.1788247e-05;6.898885e-06;1.7181987e-05;1.1480574e-05;1.0;1.0;349.569;25
1359616890;1359428389;0.0741694;-0.0033901122;0.010886398;0.9971805;59.657597;1.0180091;0.057881232;0.0;0.0;2.4928482;-0.007202792;-0.000217451;-0.0018821891;0.0075712665;0.009840061;0.02266162;0.272319;0.000891968;-0.19756207;0.008427934;-0.056400854;-0.0067754467;0.0;0.0;2.0558307;0.0004596248;0.00046085974;0.0007127505;74.90764;107.54001;0.009305736;192784.39;197751.88;0.2138963;4.5863473e-07;4.565629e-07;4.1673607e-07;0.0015157002;0.006838878;1.5414336e-05;9.46318e-06;9.042036e-06;1.1789516e-05;6.893335e-06;1.7170061e-05;1.1478087e-05;1.0;1.0;354.1256;25
1360111680;1359923173;0.08323042;0.004534733;-0.00087586575;0.9965196;59.860962;1.0205091;0.060058076;0.0;0.0;2.4881845;-0.00719744;-0.00021378383;-0.0018847967;0.0075712665;0.009840061;0.0227194;0.2722767;0.00088957476;-0.19759601;0.008388739;-0.05639136;-0.0068032066;0.0;0.0;2.0558307;0.00045947725;0.0004608812;0.0007120592;75.51102;108.39441;0.009268021;196269.89;201608.12;0.21233985;4.587386e-07;4.5676646e-07;4.165075e-07;0.0015157468;0.0068389247;1.5370646e-05;9.459335e-06;9.01616e-06;1.1790035e-05;6.8869194e-06;1.7158276e-05;1.1475647e-05;1.0;1.0;358.62057;25
1360606442;1360417957;0.08333562;-0.0076092924;-0.0026670285;0.996489;60.05107;1.0256416;0.052143246;0.0;0.0;2.4831674;-0.0071913805;-0.00020904028;-0.0018879974;0.0075712665;0.009840061;0.022773612;0.27222952;0.0008873668;-0.19763474;0.008352293;-0.056360193;-0.0068258746;0.0;0.0;2.0558307;0.00045930906;0.0004609041;0.0007114217;76.12597;109.24957;0.009235238;199796.64;205521.97;0.21080978;4.5884147e-07;4.5696717e-07;4.162806e-07;0.0015157934;0.0068389713;1.5327676e-05;9.455317e-06;8.990447e-06;1.1790356e-05;6.880515e-06;1.7145525e-05;1.1473295e-05;1.0;1.0;363.14517;25
1361111103;1360922637;0.07901166;-0.009667506;0.0020834757;0.99682474;60.22756;1.0317541;0.052926075;0.0;0.0;2.491373;-0.0071854545;-0.00020445648;-0.0018863592;0.0075712665;0.009840061;0.02280645;0.27219084;0.0008854775;-0.19766973;0.008320838;-0.05633333;-0.006844342;0.0;0.0;2.0558307;0.0004592085;0.00046093343;0.0007117159;76.75638;110.12527;0.009302941;203448.58;209577.8;0.21358947;4.58958e-07;4.5717204e-07;4.1671981e-07;0.0015158409;0.006839019;1.5295416e-05;9.451627e-06;8.969336e-06;1.1791048e-05;6.8749728e-06;1.7134313e-05;1.1470992e-05;1.0;1.0;367.7878;25
1361615780;1361427316;0.08753326;-0.0033376117;-0.0036735423;0.99614924;60.42803;1.0349879;0.06355712;0.0;0.0;2.493036;-0.007180553;-0.00019981184;-0.0018883301;0.0075712665;0.009840061;0.022854308;0.27215;0.00088312;-0.1977044;0.008290684;-0.056309175;-0.0068668746;0.0;0.0;2.0558307;0.0004590921;0.00046096114;0.00071108877;77.38257;110.99889;0.00927865;207145.84;213692.06;0.21266265;4.5906157e-07;4.573724e-07;4.1657464e-07;0.0015158884;0.0068390663;1.5254335e-05;9.447989e-06;8.944022e-06;1.1791994e-05;6.8689983e-06;1.7121276e-05;1.14687655e-05;1.0;1.0;372.45847;25
1362110590;1361922100;0.08896909;-0.00442439;-0.0067852153;0.9960015;60.62748;1.0353929;0.046518136;0.0;0.0;2.496485;-0.0071749035;-0.0001948607;-0.0018921872;0.0075712665;0.009840061;0.02289654;0.2721031;0.00088096387;-0.19774394;0.008255146;-0.056275275;-0.0068889633;0.0;0.0;2.0558307;0.0004589397;0.0004609898;0.00071038835;78.00969;111.85966;0.009246944;210811.67;217785.27;0.21112148;4.5916005e-07;4.575657e-07;4.1635548e-07;0.001515935;0.006839113;1.5212961e-05;9.444135e-06;8.918769e-06;1.17927975e-05;6.8629793e-06;1.7106844e-05;1.1466572e-05;1.0;1.0;377.06656;25
1362615479;1362426779;0.08355634;0.0011356417;0.007932673;0.99647087;60.816776;1.0415328;0.049965095;0.0;0.0;2.4976315;-0.00716949;-0.00019160144;-0.0018975746;0.0075712665;0.009840061;0.022945708;0.27206498;0.0008784548;-0.19777004;0.008226492;-0.056264084;-0.006914768;0.0;0.0;2.0558307;0.00045885326;0.00046102252;0.00070971675;78.64243;112.7423;0.009302022;214606.45;222023.52;0.21392135;4.5927257e-07;4.5776227e-07;4.1621868e-07;0.0015159824;0.0068391603;1.5182147e-05;9.440532e-06;8.893774e-06;1.1794038e-05;6.85715e-06;1.709274e-05;1.1464137e-05;1.0;1.0;381.79437;25
1363110051;1362921562;0.087184735;-0.0033131086;-0.0045188745;0.9961765;60.988186;1.0533977;0.055483565;0.0;0.0;2.488245;-0.0071633747;-0.00018667076;-0.0018975881;0.0075712665;0.009840061;0.023006257;0.27202454;0.0008765024;-0.19780172;0.0081957895;-0.05624228;-0.0069369995;0.0;0.0;2.0558307;0.00045870602;0.00046105534;0.0007098476;79.26885;113.60676;0.009267873;218374.44;226242.78;0.2123659;4.5936824e-07;4.5795065e-07;4.165832e-07;0.001516029;0.006839207;1.5141782e-05;9.437032e-06;8.873092e-06;1.179515e-05;6.8519234e-06;1.7080807e-05;1.1461936e-05;1.0;1.0;386.4582;25
1363614743;1363426241;0.08963825;-0.007157115;0.0017580977;0.9959471;61.195766;1.0585817;0.04687796;0.0;0.0;2.4883478;-0.0071576643;-0.00018122946;-0.001898987;0.0075712665;0.009840061;0.02305423;0.27197757;0.00087433605;-0.19784251;0.008160141;-0.056210317;-0.0069605173;0.0;0.0;2.0558307;0.00045857814;0.00046108954;0.00070922734;79.91233;114.492386;0.009246945;222263.0;230606.52;0.21146385;4.5946672e-07;4.5814102e-07;4.1644483e-07;0.0015160765;0.0068392544;1.5102854e-05;9.433355e-06;8.848387e-06;1.1796209e-05;6.8461454e-06;1.7066643e-05;1.1459766e-05;1.0;1.0;391.2438;25
1364109846;1363921024;0.08791727;-0.0050760414;0.0046561984;0.996104;61.380302;1.0607854;0.06486859;0.0;0.0;2.4930542;-0.007151754;-0.00017739472;-0.001901162;0.0075712665;0.009840061;0.023093859;0.27194113;0.0008720178;-0.19787957;0.008130755;-0.056185093;-0.00697879;0.0;0.0;2.0558307;0.00045852028;0.00046112548;0.0007084584;80.54336;115.360085;0.009295246;226126.23;234947.27;0.21360579;4.5957165e-07;4.5832624e-07;4.1623642e-07;0.0015161231;0.006839301;1.5072514e-05;9.429979e-06;8.823737e-06;1.1797514e-05;6.8406835e-06;1.7051943e-05;1.14577015e-05;1.0;1.0;395.96347;25
1364614167;1364425703;0.08944187;-0.006611883;-0.0007794014;0.99596983;61.55849;1.0637872;0.064257175;0.0;0.0;2.494288;-0.0071467953;-0.00017361138;-0.001901308;0.0075712665;0.009840061;0.023139281;0.2719067;0.00087004283;-0.19791189;0.008099881;-0.0561711;-0.0069992114;0.0;0.0;2.0558307;0.00045841662;0.00046116265;0.00070861593;81.191376;116.25125;0.009270459;230120.17;239443.61;0.21268371;4.5966692e-07;4.5851112e-07;4.166855e-07;0.0015161706;0.0068393485;1.5034514e-05;9.426697e-06;8.803531e-06;1.1799155e-05;6.8358345e-06;1.7038834e-05;1.1455583e-05;1.0;1.0;400.80722;25
1365109018;1364920486;0.088248044;-0.0037961684;-0.006376581;0.99607086;61.757454;1.063834;0.063361235;0.0;0.0;2.4958148;-0.0071415114;-0.00016901043;-0.0018997107;0.0075712665;0.009840061;0.023184134;0.27186418;0.0008679343;-0.19795556;0.008065225;-0.056136854;-0.0070180786;0.0;0.0;2.0558307;0.00045830748;0.0004612005;0.00070792576;81.827965;117.1258;0.009238159;234078.84;243911.86;0.21113421;4.59757e-07;4.5868933e-07;4.164767e-07;0.0015162171;0.006839395;1.4996178e-05;9.423227e-06;8.779166e-06;1.179996e-05;6.8302866e-06;1.702526e-05;1.1453572e-05;1.0;1.0;405.58505;25
1365613636;1365425165;0.087027974;-0.00088264875;0.0032961161;0.9962001;61.945087;1.071628;0.0511581;0.0;0.0;2.4986293;-0.007135072;-0.00016522087;-0.0019005771;0.0075712665;0.009840061;0.023226967;0.27182323;0.0008656827;-0.19799097;0.008034442;-0.05610891;-0.0070386888;0.0;0.0;2.0558307;0.0004582359;0.00046124414;0.00070735574;82.48058;118.02763;0.009302798;238170.08;248536.08;0.21392886;4.5986275e-07;4.5887083e-07;4.163526e-07;0.0015162646;0.0068394425;1.4967942e-05;9.419724e-06;8.755049e-06;1.1800954e-05;6.824724e-06;1.7011904e-05;1.1451493e-05;1.0;1.0;410.48615;25
1366108410;1365919947;0.08430815;0.000865301;0.008057325;0.99640685;62.10701;1.0915772;0.051787816;0.0;0.0;2.4785728;-0.007126782;-0.00016032912;-0.0018991033;0.0075712665;0.009840061;0.023301702;0.27177998;0.00086378114;-0.19802225;0.00800172;-0.056086104;-0.0070623225;0.0;0.0;2.0558307;0.00045807895;0.00046128355;0.00070754526;83.12242;118.909874;0.009274264;242231.39;253137.84;0.21237642;4.5995077e-07;4.5904372e-07;4.1672763e-07;0.0015163112;0.006839489;1.4930434e-05;9.41622e-06;8.735114e-06;1.1801902e-05;6.8196287e-06;1.7000544e-05;1.1449344e-05;1.0;1.0;415.31897;25
1366613601;1366424625;0.080725364;-0.006006447;0.0014689151;0.9967173;62.301632;1.0925633;0.054067664;0.0;0.0;2.4807909;-0.0071219923;-0.00015710237;-0.0019039487;0.0075712665;0.009840061;0.023343708;0.27174374;0.0008612636;-0.19804585;0.007967528;-0.05609139;-0.0070927837;0.0;0.0;2.0558307;0.00045796364;0.00046132307;0.0007068812;83.76778;119.817535;0.009243145;246428.06;257896.67;0.21146405;4.6004217e-07;4.592177e-07;4.165972e-07;0.0015163587;0.0068395366;1.4894239e-05;9.412809e-06;8.711272e-06;1.180311e-05;6.814141e-06;1.6987555e-05;1.1446803e-05;1.0;1.0;420.2778;25
1367117860;1366929303;0.079115085;-0.004258971;0.0011755927;0.99685574;62.500534;1.0896432;0.05000254;0.0;0.0;2.486053;-0.0071173967;-0.00015267706;-0.0019072071;0.0075712665;0.009840061;0.023382667;0.27170432;0.00085886184;-0.19807334;0.007935915;-0.05608224;-0.007120728;0.0;0.0;2.0558307;0.00045785235;0.0004613653;0.00070629007;84.4145;120.72962;0.00921724;250678.1;262724.06;0.21055195;4.6013255e-07;4.5938987e-07;4.1646777e-07;0.0015164062;0.006839584;1.4858497e-05;9.409444e-06;8.687579e-06;1.1804152e-05;6.8086283e-06;1.6976157e-05;1.1444497e-05;1.0;1.0;425.26593;25
1367612597;1367424085;0.0743757;-0.0024865435;-0.0047327373;0.99721605;62.664486;1.0866494;0.04027941;0.0;0.0;2.4960754;-0.0071133096;-0.0001482312;-0.0019105843;0.0075712665;0.009840061;0.023411501;0.27167064;0.00085684797;-0.19809796;0.007910337;-0.05606832;-0.0071419883;0.0;0.0;2.0558307;0.00045776975;0.0004614102;0.00070649566;85.05283;121.63042;0.0092630675;254900.45;267526.6;0.21267864;4.6023058e-07;4.595569e-07;4.1684476e-07;0.0015164528;0.0068396307;1.4830969e-05;9.406237e-06;8.668005e-06;1.1805036e-05;6.80368e-06;1.69668e-05;1.14423e-05;1.0;1.0;430.1844;25
1368107363;1367918868;0.075194255;-0.004411124;-0.0029376089;0.9971549;62.84778;1.0860273;0.05881113;0.0;0.0;2.5038772;-0.007108856;-0.00014412335;-0.0019108295;0.0075712665;0.009840061;0.023445277;0.27163252;0.0008546003;-0.19813108;0.007879372;-0.056048207;-0.0071636396;0.0;0.0;2.0558307;0.00045766027;0.00046145212;0.000705915;85.68427;122.52859;0.009223331;259169.31;272392.75;0.21112444;4.6031462e-07;4.5971964e-07;4.166357e-07;0.0015164993;0.006839677;1.479523e-05;9.402825e-06;8.644484e-06;1.180511e-05;6.798018e-06;1.6957574e-05;1.1440042e-05;1.0;1.0;435.12997;25
1368615726;1368423545;0.070759624;0.002915069;0.0017454805;0.9974876;63.030758;1.0865439;0.057618238;0.0;0.0;2.5063784;-0.0071032825;-0.00013853653;-0.001913867;0.0075712665;0.009840061;0.02348748;0.27158946;0.0008521935;-0.19815233;0.007852311;-0.056032997;-0.0071929623;0.0;0.0;2.0558307;0.0004575616;0.0004614979;0.00070545234;86.33282;123.45248;0.009288519;263579.7;277427.72;0.21390876;4.6041538e-07;4.5988483e-07;4.1651015e-07;0.0015165468;0.0068397247;1.47693145e-05;9.399266e-06;8.621206e-06;1.1805248e-05;6.792218e-06;1.6948447e-05;1.1437474e-05;1.0;1.0;440.20074;25
1369117115;1368928223;0.07055617;-0.0039523784;-0.0018277136;0.99749833;63.190372;1.102668;0.04889672;0.0;0.0;2.4954789;-0.0070964647;-0.00013559664;-0.0019110799;0.0075712665;0.009840061;0.023546213;0.27155775;0.0008498014;-0.19818252;0.00782593;-0.05601944;-0.0072119487;0.0;0.0;2.0558307;0.00045748707;0.00046154181;0.00070493185;86.98028;124.38677;0.009263144;268045.94;282535.03;0.21298918;4.6050172e-07;4.6004567e-07;4.1637955e-07;0.0015165943;0.006839772;1.473526e-05;9.39604e-06;8.59807e-06;1.1805679e-05;6.786767e-06;1.6939528e-05;1.14352715e-05;1.0;1.0;445.29846;25
1369611512;1369423005;0.06615594;-0.0018524863;-0.003051447;0.997803;63.320213;1.1187142;0.053593624;0.0;0.0;2.4910069;-0.0070892307;-0.0001300446;-0.0019104768;0.0075712665;0.009840061;0.023591146;0.2715288;0.0008476994;-0.19820406;0.0078074615;-0.056002792;-0.007228597;0.0;0.0;2.0558307;0.00045739385;0.00046158407;0.00070514623;87.61795;125.29939;0.009235198;272479.56;287615.2;0.21144217;4.6058273e-07;4.6020025e-07;4.1675264e-07;0.0015166409;0.006839819;1.4700782e-05;9.392968e-06;8.57897e-06;1.1806194e-05;6.781917e-06;1.6931705e-05;1.1433124e-05;1.0;1.0;450.3196;25
1370116198;1369927682;0.06977791;-0.0015722825;-0.0026492276;0.9975578;63.493755;1.1153502;0.057152458;0.0;0.0;2.4903898;-0.0070850644;-0.00012543447;-0.0019167888;0.0075712665;0.009840061;0.023634449;0.2714915;0.00084521266;-0.19822113;0.007779997;-0.056001455;-0.007259101;0.0;0.0;2.0558307;0.00045725578;0.00046162607;0.00070464204;88.262856;126.23453;0.009206918;277054.6;292866.06;0.21053766;4.606667e-07;4.6035584e-07;4.166237e-07;0.0015166884;0.0068398663;1.4667584e-05;9.389504e-06;8.556097e-06;1.180626e-05;6.7762e-06;1.692341e-05;1.1430359e-05;1.0;1.0;455.46616;25
1370611323;1370422464;0.06596084;-0.0035456559;-0.0021229028;0.99781364;63.65687;1.1224219;0.04847334;0.0;0.0;2.493541;-0.0070784334;-0.00012132566;-0.0019164684;0.0075712665;0.009840061;0.023668839;0.27145508;0.0008429258;-0.19824922;0.0077538555;-0.055980057;-0.007279296;0.0;0.0;2.0558307;0.00045718675;0.0004616747;0.00070411846;88.904205;127.15933;0.009258423;281591.62;298084.7;0.21266322;4.607594e-07;4.6050738e-07;4.164209e-07;0.001516735;0.006839913;1.4642214e-05;9.3861545e-06;8.533266e-06;1.1806106e-05;6.770645e-06;1.6915545e-05;1.1428033e-05;1.0;1.0;460.53677;25
1371105780;1370917245;0.06758132;-0.005838552;0.0023424455;0.997694;63.794464;1.1298271;0.053163767;0.0;0.0;2.4926994;-0.0070723905;-0.000117531934;-0.0019153991;0.0075712665;0.009840061;0.02370811;0.2714255;0.00084097864;-0.19827513;0.007731135;-0.055961803;-0.0072951666;0.0;0.0;2.0558307;0.00045708925;0.00046171757;0.0007043799;89.54516;128.08426;0.009223787;286186.03;303378.06;0.2111085;4.6083758e-07;4.60654e-07;4.167934e-07;0.0015167815;0.0068399594;1.4608893e-05;9.3830395e-06;8.5145075e-06;1.1806254e-05;6.7657807e-06;1.6908485e-05;1.1425789e-05;1.0;1.0;465.63113;25
1371610385;1371421922;0.07083217;-0.0018819913;0.007951732;0.9974548;63.969402;1.1312633;0.05046244;0.0;0.0;2.4991264;-0.007067307;-0.000112484515;-0.0019187937;0.0075712665;0.009840061;0.02373987;0.27138874;0.0008386469;-0.1982997;0.0077058785;-0.05594584;-0.0073190196;0.0;0.0;2.0558307;0.0004570315;0.0004617675;0.00070391333;90.20014;129.03085;0.009284525;290927.03;308848.3;0.21388993;4.6093288e-07;4.6080353e-07;4.1667013e-07;0.001516829;0.006840007;1.4585092e-05;9.379801e-06;8.492033e-06;1.1806541e-05;6.7603664e-06;1.6900562e-05;1.1423453e-05;1.0;1.0;470.8527;25
1372115267;1371926599;0.072055854;-0.0065302965;-0.0049046217;0.9973672;64.12411;1.1402643;0.06301913;0.0;0.0;2.4918852;-0.0070612226;-0.00010856456;-0.0019207947;0.0075712665;0.009840061;0.023789132;0.27135658;0.00083632313;-0.19832748;0.0076846965;-0.055923555;-0.007336075;0.0;0.0;2.0558307;0.0004569674;0.00046181693;0.0007033948;90.85898;129.97508;0.009262093;295722.34;314394.22;0.21297748;4.6101297e-07;4.6094814e-07;4.1654553e-07;0.0015168765;0.0068400544;1.4553448e-05;9.376764e-06;8.469692e-06;1.1807144e-05;6.755248e-06;1.689169e-05;1.1421242e-05;1.0;1.0;476.09998;25
1372610057;1372421380;0.074504495;-0.0049251085;0.008251491;0.99717444;64.27029;1.1498618;0.038695533;0.0;0.0;2.4842937;-0.007054667;-0.000104340426;-0.001922386;0.0075712665;0.009840061;0.023837412;0.27132523;0.0008343544;-0.19835263;0.0076655215;-0.05590142;-0.0073528443;0.0;0.0;2.0558307;0.00045690156;0.00046186542;0.00070357416;91.51345;130.91226;0.00922677;300482.3;319908.44;0.21143332;4.610873e-07;4.6108747e-07;4.1692266e-07;0.0015169231;0.006840101;1.4521301e-05;9.373972e-06;8.451267e-06;1.1808138e-05;6.750816e-06;1.6883496e-05;1.1419152e-05;1.0;1.0;481.2686;25
1373114622;1372926057;0.08452179;-0.0020343198;-0.0025965064;0.9964162;64.45324;1.1499366;0.057766914;0.0;0.0;2.4785652;-0.007049911;-0.00010032291;-0.0019258792;0.0075712665;0.009840061;0.023887051;0.27128726;0.00083212805;-0.19838363;0.007634097;-0.05588781;-0.0073775686;0.0;0.0;2.0558307;0.00045682647;0.0004619161;0.00070297986;92.17954;131.85684;0.009199083;305389.3;325605.12;0.2105354;4.6116386e-07;4.6122787e-07;4.1680212e-07;0.0015169706;0.0068401485;1.44904225e-05;9.370961e-06;8.429175e-06;1.1809425e-05;6.7458845e-06;1.6873242e-05;1.1416891e-05;1.0;1.0;486.5679;25
1373609376;1373420838;0.090179905;-0.0039609354;-0.0068074106;0.9958944;64.62067;1.1575016;0.05666875;0.0;0.0;2.4707117;-0.0070430976;-9.5758944e-05;-0.0019252088;0.0075712665;0.009840061;0.023934511;0.27124342;0.00083029567;-0.1984312;0.0076006697;-0.05583918;-0.0073913527;0.0;0.0;2.0558307;0.00045677714;0.0004619694;0.00070238725;92.85228;132.78471;0.009250477;310244.44;331263.84;0.21266069;4.6124967e-07;4.6136395e-07;4.1661087e-07;0.0015170171;0.006840195;1.4467052e-05;9.367776e-06;8.407118e-06;1.1810106e-05;6.740962e-06;1.6860955e-05;1.1414948e-05;1.0;1.0;491.78955;25
1374114360;1373925515;0.07721281;-0.007689897;-0.0018294691;0.9969833;64.786446;1.1608096;0.038944066;0.0;0.0;2.4723196;-0.0070363;-9.056539e-05;-0.0019242486;0.0075712665;0.009840061;0.023966284;0.2712036;0.00082834717;-0.1984727;0.007574228;-0.05579285;-0.007404177;0.0;0.0;2.0558307;0.00045671343;0.00046202165;0.000701905;93.53965;133.73848;0.009237775;315257.75;337113.6;0.21175186;4.6132322e-07;4.6149822e-07;4.1649398e-07;0.0015170646;0.0068402425;1.4436809e-05;9.364719e-06;8.385291e-06;1.1810618e-05;6.736118e-06;1.6849632e-05;1.141296e-05;1.0;1.0;497.1409;25
1374608902;1374420295;0.06738203;-0.0019071967;0.0044551133;0.99771553;64.92262;1.163891;0.043199796;0.0;0.0;2.47459;-0.007030953;-8.6572014e-05;-0.001924316;0.0075712665;0.009840061;0.023998685;0.27117485;0.0008264319;-0.19849695;0.0075544026;-0.055773858;-0.0074200234;0.0;0.0;2.0558307;0.00045665257;0.00046207133;0.0007021528;94.19674;134.68353;0.009202729;320243.03;342929.72;0.21024111;4.6139095e-07;4.6162714e-07;4.1687505e-07;0.0015171112;0.006840289;1.4406142e-05;9.361917e-06;8.367302e-06;1.18110565e-05;6.7317e-06;1.6842334e-05;1.1410869e-05;1.0;1.0;502.41156;25
1375113478;1374924971;0.07644149;-0.009483107;0.009694641;0.9969819;65.089455;1.1592232;0.040395066;0.0;0.0;2.484106;-0.0070247436;-8.216769e-05;-0.0019301708;0.0075712665;0.009840061;0.024018578;0.27114156;0.0008240829;-0.19851828;0.007532463;-0.05575933;-0.0074421563;0.0;0.0;2.0558307;0.00045661425;0.00046212476;0.00070168957;94.86856;135.65306;0.009270294;325383.88;348937.8;0.2130198;4.614753e-07;4.6175833e-07;4.1676145e-07;0.0015171587;0.0068403366;1.4384476e-05;9.358925e-06;8.345717e-06;1.1811567e-05;6.7267174e-06;1.6834283e-05;1.140863e-05;1.0;1.0;507.8135;25
1375608486;1375419752;0.08960724;0.0015949153;0.0036280213;0.9959693;65.26572;1.1531519;0.058906008;0.0;0.0;2.4875054;-0.0070197615;-7.939431e-05;-0.0019355507;0.0075712665;0.009840061;0.024053752;0.27110556;0.00082188874;-0.19854839;0.007504962;-0.055740986;-0.0074640075;0.0;0.0;2.0558307;0.0004565659;0.00046217538;0.00070093985;95.53631;136.59363;0.009227641;330473.9;354904.5;0.21146894;4.615394e-07;4.6188208e-07;4.1657043e-07;0.0015172053;0.006840383;1.435428e-05;9.356074e-06;8.324163e-06;1.1813136e-05;6.7221836e-06;1.6822614e-05;1.1406506e-05;1.0;1.0;513.13525;25
1376113054;1375924428;0.087414674;-0.0036453432;-0.00019950552;0.99616534;65.41013;1.1564661;0.054073013;0.0;0.0;2.4750743;-0.0070142653;-7.4439704e-05;-0.0019363397;0.0075712665;0.009840061;0.024107108;0.27106798;0.00082019216;-0.19858287;0.0074743167;-0.05571619;-0.0074829655;0.0;0.0;2.0558307;0.00045648174;0.00046222983;0.0007012081;96.23127;137.55798;0.009202857;335725.94;361074.6;0.21058014;4.616059e-07;4.62006e-07;4.1703376e-07;0.0015172528;0.0068404307;1.4325312e-05;9.35318e-06;8.306588e-06;1.1814761e-05;6.718035e-06;1.6811757e-05;1.1404532e-05;1.0;1.0;518.5917;25
1376607759;1376419208;0.08944223;-0.0033279797;0.004438424;0.9959766;65.58191;1.1590846;0.043018077;0.0;0.0;2.4739163;-0.0070067216;-7.012613e-05;-0.0019361915;0.0075712665;0.009840061;0.024141293;0.27102926;0.0008181818;-0.19862235;0.0074435696;-0.055684816;-0.007500727;0.0;0.0;2.0558307;0.00045646468;0.0004622846;0.0007005427;96.91524;138.5094;0.009257439;340927.97;367198.12;0.21271113;4.6168176e-07;4.6212668e-07;4.168489e-07;0.0015172993;0.006840477;1.4303605e-05;9.3502995e-06;8.2852675e-06;1.1816077e-05;6.7135393e-06;1.679961e-05;1.14026325e-05;1.0;1.0;523.9668;25
1377112342;1376923884;0.08773172;-0.0006699717;0.003376909;0.9961382;65.77051;1.1506525;0.043513075;0.0;0.0;2.4752917;-0.007002148;-6.569476e-05;-0.0019419704;0.0075712665;0.009840061;0.024175728;0.27098545;0.00081607245;-0.19865306;0.0074081435;-0.05566979;-0.007529322;0.0;0.0;2.0558307;0.00045637588;0.0004623389;0.0006999401;97.61004;139.47777;0.009229691;346294.6;373526.44;0.21180496;4.6174407e-07;4.6224568e-07;4.1673755e-07;0.0015173468;0.0068405247;1.4275266e-05;9.347199e-06;8.26417e-06;1.18177295e-05;6.7089163e-06;1.6787439e-05;1.1400412e-05;1.0;1.0;529.4775;25
1377617628;1377428560;0.08755924;-0.001951226;-0.0041822996;0.99614865;65.91776;1.1544884;0.047690254;0.0;0.0;2.473573;-0.0069954507;-6.0902923e-05;-0.0019412888;0.0075712665;0.009840061;0.024210675;0.27095038;0.0008143684;-0.19868632;0.007381371;-0.05564154;-0.0075451783;0.0;0.0;2.0558307;0.0004563036;0.00046239392;0.00070024864;98.31072;140.4499;0.009214888;351727.75;379940.9;0.21090142;4.618045e-07;4.623625e-07;4.172007e-07;0.0015173943;0.006840572;1.4247265e-05;9.344425e-06;8.2469e-06;1.18191065e-05;6.704868e-06;1.6777303e-05;1.1398528e-05;1.0;1.0;535.01715;25
1378112402;1377923340;0.08649243;0.001261174;0.0024444321;0.9962488;66.0856;1.156256;0.046219822;0.0;0.0;2.476201;-0.006988158;-5.6416244e-05;-0.0019414859;0.0075712665;0.009840061;0.02423931;0.27091023;0.0008124069;-0.19872524;0.0073459824;-0.055614606;-0.0075650867;0.0;0.0;2.0558307;0.00045625432;0.00046245035;0.0006996761;98.9995;141.40862;0.00927011;357107.12;386306.38;0.21305354;4.6187427e-07;4.624757e-07;4.1701543e-07;0.0015174409;0.006840619;1.4226528e-05;9.341413e-06;8.225932e-06;1.1820078e-05;6.700258e-06;1.6766382e-05;1.139665e-05;1.0;1.0;540.4735;25
1378607175;1378418120;0.089556895;0.0034920345;-0.0017018397;0.9959742;66.276276;1.144433;0.052272994;0.0;0.0;2.4795072;-0.006984719;-5.1526884e-05;-0.0019475935;0.0075712665;0.009840061;0.024271082;0.2708648;0.0008103299;-0.19875523;0.007307698;-0.055603802;-0.0075965365;0.0;0.0;2.0558307;0.00045613898;0.0004625026;0.0006990213;99.68379;142.36572;0.00922529;362547.88;392753.06;0.21151403;4.6192613e-07;4.6258518e-07;4.1682395e-07;0.0015174875;0.0068406654;1.4198389e-05;9.3383005e-06;8.205086e-06;1.1821418e-05;6.6956295e-06;1.6755206e-05;1.1394421e-05;1.0;1.0;545.9569;25
1379111534;1378922795;0.0893961;-0.0026595218;-0.0067494363;0.9959698;66.43573;1.1509663;0.047811914;0.0;0.0;2.4718215;-0.0069776243;-4.687626e-05;-0.0019461433;0.0075712665;0.009840061;0.024313953;0.27082425;0.0008087369;-0.19879209;0.0072740107;-0.05557594;-0.007615961;0.0;0.0;2.0558307;0.0004560309;0.00046255818;0.0006993588;100.39563;143.34628;0.009208994;368162.03;399416.72;0.21061221;4.6198093e-07;4.6269471e-07;4.1728399e-07;0.001517535;0.006840713;1.4171432e-05;9.335378e-06;8.188113e-06;1.1822801e-05;6.6915245e-06;1.674482e-05;1.1392521e-05;1.0;1.0;551.58057;25
1379616002;1379427470;0.0838038;-0.004647993;0.0121005075;0.99639803;66.594604;1.1501557;0.05013874;0.0;0.0;2.477543;-0.00697187;-4.4156546e-05;-0.0019466117;0.0075712665;0.009840061;0.024338838;0.27079612;0.00080660556;-0.19882555;0.0072528156;-0.055551212;-0.0076293675;0.0;0.0;2.0558307;0.00045606334;0.00046261487;0.0006987726;101.10043;144.33513;0.009265383;373843.5;406162.8;0.21339296;4.620485e-07;4.628032e-07;4.1717425e-07;0.0015175825;0.0068407604;1.4152428e-05;9.332821e-06;8.167588e-06;1.1824255e-05;6.687406e-06;1.6733089e-05;1.1390587e-05;1.0;1.0;557.2317;25
1380110810;1379922250;0.09021556;-0.0054897903;0.005535518;0.9958918;66.770065;1.1513005;0.03315175;0.0;0.0;2.4671986;-0.006965868;-3.8063412e-05;-0.0019527117;0.0075712665;0.009840061;0.024385827;0.27075526;0.0008043626;-0.19884942;0.0072217705;-0.055543356;-0.007659079;0.0;0.0;2.0558307;0.0004559576;0.00046266807;0.00069810374;101.79256;145.30531;0.009231612;379473.2;412860.6;0.21184866;4.620935e-07;4.6290566e-07;4.1698254e-07;0.001517629;0.006840807;1.4125325e-05;9.329894e-06;8.147085e-06;1.18257285e-05;6.6829593e-06;1.672228e-05;1.138836e-05;1.0;1.0;562.79846;25
1380615665;1380426927;0.081974775;-0.0078050448;-0.0022716196;0.99660134;66.92258;1.1588455;0.051845614;0.0;0.0;2.469868;-0.006957983;-3.45482e-05;-0.0019504275;0.0075712665;0.009840061;0.024411922;0.27072495;0.00080232124;-0.19888543;0.0071985903;-0.05551277;-0.0076711182;0.0;0.0;2.0558307;0.00045592518;0.00046272355;0.00069757743;102.50371;146.29276;0.009217223;385278.34;419778.25;0.2109332;4.6214078e-07;4.6300738e-07;4.1686891e-07;0.0015176765;0.0068408544;1.4099359e-05;9.327284e-06;8.1268e-06;1.182691e-05;6.678804e-06;1.6711158e-05;1.1386569e-05;1.0;1.0;568.502;25
1381110162;1380921704;0.08012945;0.0012038196;0.007547312;0.9967552;67.0808;1.1513709;0.0373389;0.0;0.0;2.482255;-0.006954134;-3.0644554e-05;-0.0019538433;0.0075712665;0.009840061;0.024429258;0.2706942;0.0008004313;-0.19890611;0.0071740868;-0.055506885;-0.007694073;0.0;0.0;2.0558307;0.00045589058;0.00046277978;0.00069777097;103.19669;147.276;0.009258867;391045.2;426649.72;0.213085;4.6219822e-07;4.6310697e-07;4.1725747e-07;0.0015177231;0.006840901;1.4080471e-05;9.3248045e-06;8.110123e-06;1.1828458e-05;6.6749826e-06;1.6702532e-05;1.1384553e-05;1.0;1.0;574.1202;25
1381614986;1381426379;0.08688752;-0.008619593;-0.00066793704;0.99618065;67.23658;1.1535562;0.04925959;0.0;0.0;2.4834654;-0.0069478494;-2.590117e-05;-0.0019555313;0.0075712665;0.009840061;0.024460025;0.2706604;0.000798303;-0.19893508;0.0071485164;-0.055488054;-0.0077138077;0.0;0.0;2.0558307;0.000455824;0.00046283478;0.0006972587;103.90584;148.27252;0.009239568;396982.56;433742.7;0.2121854;4.6224068e-07;4.6320494e-07;4.171433e-07;0.0015177706;0.0068409485;1.4055237e-05;9.322112e-06;8.090056e-06;1.1829712e-05;6.6707316e-06;1.6692651e-05;1.1382607e-05;1.0;1.0;579.8785;25
1382110023;1381921158;0.090661235;-0.0028850231;-0.0032170159;0.9958725;67.39991;1.1671152;0.038108133;0.0;0.0;2.4708228;-0.0069401683;-2.0680174e-05;-0.0019558053;0.0075712665;0.009840061;0.02450982;0.27061448;0.00079638785;-0.19896924;0.0071172006;-0.055454172;-0.007736212;0.0;0.0;2.0558307;0.0004557001;0.00046288923;0.0006966994;104.614494;149.25;0.009208418;402856.12;440781.12;0.2106509;4.6227743e-07;4.632982e-07;4.1695247e-07;0.0015178171;0.006840995;1.4029481e-05;9.319096e-06;8.0700065e-06;1.1830757e-05;6.6662856e-06;1.6681923e-05;1.1380693e-05;1.0;1.0;585.54816;25
1382614298;1382425833;0.08954041;5.4551743e-05;0.00039645148;0.9959832;67.5514;1.1649128;0.047249287;0.0;0.0;2.4793663;-0.006934349;-1.6823884e-05;-0.0019553779;0.0075712665;0.009840061;0.024530176;0.27057695;0.00079480273;-0.19900165;0.0070895613;-0.055424616;-0.007753842;0.0;0.0;2.0558307;0.00045565047;0.0004629482;0.0006970621;105.34007;150.24977;0.009272073;408922.56;448054.84;0.21343973;4.6233407e-07;4.6339352e-07;4.1741797e-07;0.0015178646;0.0068410425;1.401229e-05;9.316427e-06;8.053711e-06;1.1832187e-05;6.6624584e-06;1.6672006e-05;1.1378887e-05;1.0;1.0;591.35876;25
1383109137;1382920611;0.08521999;-0.012959919;-0.005325464;0.9962636;67.718864;1.165662;0.036295347;0.0;0.0;2.472957;-0.006929222;-1.3204983e-05;-0.0019571667;0.0075712665;0.009840061;0.024571821;0.27054;0.0007927527;-0.1990319;0.0070618424;-0.055405248;-0.0077756788;0.0;0.0;2.0558307;0.00045556194;0.0004630018;0.00069644116;106.04685;151.23747;0.009229045;414931.84;455269.72;0.21189798;4.623675e-07;4.6348242e-07;4.1722345e-07;0.0015179112;0.006841089;1.3987151e-05;9.313714e-06;8.033871e-06;1.1833535e-05;6.6582916e-06;1.666159e-05;1.13769765e-05;1.0;1.0;597.0828;25
1383613962;1383425286;0.07287219;-0.006125083;0.0018432079;0.9973208;67.88438;1.17969;0.036249887;0.0;0.0;2.459418;-0.006921577;-7.753463e-06;-0.0019532978;0.0075712665;0.009840061;0.024622772;0.2705023;0.0007907023;-0.19906028;0.007032458;-0.055390116;-0.007799687;0.0;0.0;2.0558307;0.00045546697;0.00046305583;0.0006960224;106.761116;152.24905;0.009212748;421133.7;462719.88;0.21099551;4.624026e-07;4.6357127e-07;4.171051e-07;0.0015179587;0.0068411366;1.3963109e-05;9.310951e-06;8.0142445e-06;1.1834095e-05;6.6539114e-06;1.6653414e-05;1.1374839e-05;1.0;1.0;602.9476;25
1384108760;1383920065;0.06757478;0.004185398;-0.00028324415;0.9977054;68.01463;1.1952357;0.034394544;0.0;0.0;2.4600863;-0.0069142636;-4.0234477e-06;-0.0019516381;0.0075712665;0.009840061;0.024651533;0.27047628;0.0007888187;-0.19908023;0.007017133;-0.055374727;-0.007815075;0.0;0.0;2.0558307;0.0004554559;0.00046310807;0.0006963052;107.456474;153.25545;0.009262498;427290.78;470116.9;0.21314466;4.6245006e-07;4.6365818e-07;4.1748922e-07;0.0015180053;0.006841183;1.3945821e-05;9.30862e-06;7.998127e-06;1.1834853e-05;6.6501693e-06;1.6646882e-05;1.1372925e-05;1.0;1.0;608.7218;25
1384613213;1384424739;0.07099732;-0.0028259978;0.005801956;0.99745566;68.16711;1.1969563;0.040195595;0.0;0.0;2.4597778;-0.006908444;-5.9410286e-07;-0.0019550375;0.0075712665;0.009840061;0.024681346;0.27044672;0.0007865448;-0.19909833;0.0069982703;-0.05536725;-0.007837151;0.0;0.0;2.0558307;0.00045538365;0.00046315807;0.0006958673;108.16012;154.2837;0.009236868;433635.3;477750.78;0.21225639;4.624821e-07;4.6374277e-07;4.17369e-07;0.0015180528;0.0068412307;1.3922374e-05;9.306035e-06;7.978709e-06;1.1835315e-05;6.6458556e-06;1.6640255e-05;1.13708065e-05;1.0;1.0;614.6372;25
1385108018;1384919517;0.06525043;0.00013895353;0.010724947;0.9978113;68.331924;1.1986864;0.04744976;0.0;0.0;2.4657795;-0.0069017154;3.7012062e-06;-0.0019564228;0.0075712665;0.009840061;0.0247019;0.2704122;0.000784327;-0.19911484;0.0069762818;-0.05535951;-0.007863268;0.0;0.0;2.0558307;0.0004552764;0.00046320702;0.0006953365;108.85397;155.2914;0.009205614;439919.22;485325.28;0.21071833;4.6250855e-07;4.638237e-07;4.171712e-07;0.0015180993;0.0068412772;1.3898292e-05;9.303391e-06;7.959303e-06;1.1835715e-05;6.641495e-06;1.6633774e-05;1.1368592e-05;1.0;1.0;620.4623;25
1385612751;1385424191;0.06592524;-0.005848489;0.0004482421;0.9978073;68.468475;1.2083325;0.037462786;0.0;0.0;2.4640758;-0.0068951296;8.204144e-06;-0.0019562615;0.0075712665;0.009840061;0.024731997;0.2703822;0.00078251434;-0.19913445;0.006955853;-0.055346686;-0.007882762;0.0;0.0;2.0558307;0.00045522352;0.0004632584;0.0006957789;109.56605;156.33018;0.009270362;446402.4;493149.0;0.21349864;4.625566e-07;4.6390736e-07;4.1763056e-07;0.0015181468;0.0068413247;1.3882529e-05;9.300865e-06;7.943557e-06;1.1836135e-05;6.6375655e-06;1.6628006e-05;1.1366398e-05;1.0;1.0;626.42993;25
1386107449;1385918970;0.064273424;0.0013012114;0.006236966;0.997912;68.622345;1.2149004;0.039057072;0.0;0.0;2.4612248;-0.0068888282;1.2249331e-05;-0.0019565164;0.0075712665;0.009840061;0.024765769;0.27035165;0.0007803445;-0.19915539;0.0069356947;-0.055335544;-0.007904017;0.0;0.0;2.0558307;0.00045514168;0.00046330487;0.00069526705;110.25676;157.34943;0.009232521;452822.9;500907.75;0.21195102;4.6258117e-07;4.6398452e-07;4.1743036e-07;0.0015181934;0.0068413713;1.3858947e-05;9.298332e-06;7.9243555e-06;1.1836231e-05;6.633276e-06;1.6622367e-05;1.1364289e-05;1.0;1.0;632.3054;25
1386612258;1386423643;0.06932365;-0.0023466474;0.0021058968;0.99758923;68.762085;1.2206881;0.04721189;0.0;0.0;2.4572012;-0.006881397;1.608488e-05;-0.0019556053;0.0075712665;0.009840061;0.024798702;0.27032158;0.0007782561;-0.1991788;0.0069163213;-0.05531643;-0.007921166;0.0;0.0;2.0558307;0.00045506607;0.00046335554;0.0006948752;110.970695;158.38824;0.009216912;459436.12;508916.94;0.21104793;4.6260863e-07;4.640622e-07;4.1730772e-07;0.0015182409;0.006841419;1.3836503e-05;9.295798e-06;7.905362e-06;1.1836496e-05;6.629078e-06;1.6616128e-05;1.1362234e-05;1.0;1.0;638.3228;25
1387117214;1386928317;0.059324227;-0.0009080166;0.00742632;0.9982107;68.899536;1.2260604;0.04590669;0.0;0.0;2.4592187;-0.0068753767;1.9654482e-05;-0.00195651;0.0075712665;0.009840061;0.024824651;0.27029192;0.0007761463;-0.19919986;0.0068948325;-0.05530459;-0.0079408735;0.0;0.0;2.0558307;0.00045497037;0.00046340376;0.0006945144;111.680984;159.4361;0.009192477;466121.6;517022.97;0.21017031;4.626351e-07;4.6413783e-07;4.1718488e-07;0.0015182884;0.0068414663;1.3814387e-05;9.293131e-06;7.886476e-06;1.1836315e-05;6.6247126e-06;1.6610695e-05;1.1359965e-05;1.0;1.0;644.36365;25
1387611680;1387423095;0.05996347;0.0035116994;0.00516336;0.99818105;69.04911;1.226565;0.042086393;0.0;0.0;2.4605312;-0.006870344;2.414038e-05;-0.001959573;0.0075712665;0.009840061;0.024852399;0.27025983;0.0007742582;-0.19921291;0.006871506;-0.05530625;-0.007968428;0.0;0.0;2.0558307;0.00045488402;0.00046344788;0.0006948172;112.37494;160.46924;0.00923787;472755.53;525068.56;0.2123045;4.6267579e-07;4.6421175e-07;4.1756175e-07;0.001518335;0.006841513;1.3798698e-05;9.290632e-06;7.870991e-06;1.1836578e-05;6.620777e-06;1.660581e-05;1.13574115e-05;1.0;1.0;650.3104;25
1388116231;1387927768;0.05896308;-0.0104690315;0.0016864495;0.9982039;69.18817;1.2350487;0.042484228;0.0;0.0;2.4564803;-0.0068639633;2.8633021e-05;-0.0019605467;0.0075712665;0.009840061;0.024885042;0.27023152;0.00077211834;-0.19923353;0.0068544345;-0.05529162;-0.007986311;0.0;0.0;2.0558307;0.00045481525;0.00046349157;0.0006944299;113.08247;161.52534;0.009214608;479585.6;533368.9;0.2113959;4.6270102e-07;4.642836e-07;4.1743405e-07;0.0015183825;0.0068415604;1.3776997e-05;9.288127e-06;7.8523035e-06;1.1836461e-05;6.616548e-06;1.6600894e-05;1.1355202e-05;1.0;1.0;656.40234;25
1388611325;1388422546;0.057492048;0.0049898443;0.00020455294;0.9983335;69.32285;1.241893;0.04099743;0.0;0.0;2.4536886;-0.0068571796;3.15914e-05;-0.00195833;0.0075712665;0.009840061;0.024917802;0.2702058;0.0007700065;-0.19925359;0.0068405354;-0.055274475;-0.008001254;0.0;0.0;2.0558307;0.0004548245;0.00046353863;0.0006939352;113.77914;162.56554;0.009263383;486350.22;541601.9;0.21354172;4.6274047e-07;4.6435434e-07;4.1723737e-07;0.001518429;0.006841607;1.37617535e-05;9.285785e-06;7.833624e-06;1.1836402e-05;6.61248e-06;1.6595928e-05;1.1353134e-05;1.0;1.0;662.39655;25
1389116510;1388927220;0.056677263;-0.002457379;-0.005867971;0.99837226;69.44023;1.2443995;0.049251214;0.0;0.0;2.4544091;-0.0068516512;3.3663804e-05;-0.0019581614;0.0075712665;0.009840061;0.024943596;0.27018544;0.0007682121;-0.19927356;0.0068253777;-0.05526325;-0.008013883;0.0;0.0;2.0558307;0.0004547704;0.00046358135;0.0006943205;114.49042;163.62915;0.009236229;493329.2;550102.56;0.2126279;4.6276418e-07;4.6442344e-07;4.1768746e-07;0.0015184765;0.0068416544;1.3740568e-05;9.283651e-06;7.818497e-06;1.1836916e-05;6.608907e-06;1.6591166e-05;1.1351037e-05;1.0;1.0;668.53424;25
1389610454;1389421997;0.053580172;-0.0063647972;0.0023640008;0.9985405;69.58049;1.247544;0.049975757;0.0;0.0;2.4551442;-0.0068459394;3.9001385e-05;-0.0019570398;0.0075712665;0.009840061;0.02496762;0.2701525;0.000766216;-0.19929372;0.0068080234;-0.055240743;-0.008032116;0.0;0.0;2.0558307;0.000454668;0.0004636201;0.00069393305;115.18584;164.6733;0.009201899;500227.66;558530.0;0.2110907;4.6278313e-07;4.644886e-07;4.1748595e-07;0.0015185231;0.006841701;1.3718817e-05;9.280978e-06;7.800012e-06;1.1835478e-05;6.604487e-06;1.6586739e-05;1.134849e-05;1.0;1.0;674.5738;25
1390115375;1389926670;0.054147426;-0.006404014;0.006066855;0.998494;69.72938;1.2572026;0.036784887;0.0;0.0;2.454532;-0.006838759;4.4516328e-05;-0.0019563586;0.0075712665;0.009840061;0.024993671;0.27011982;0.00076415064;-0.19931188;0.00678963;-0.05522553;-0.008053378;0.0;0.0;2.0558307;0.00045457645;0.00046366162;0.00069360447;115.89681;165.74622;0.009186934;507340.66;567227.1;0.21019486;4.6280542e-07;4.6455426e-07;4.1736087e-07;0.0015185706;0.0068417485;1.3698132e-05;9.278417e-06;7.781729e-06;1.1834625e-05;6.6001494e-06;1.6582553e-05;1.1346015e-05;1.0;1.0;680.7565;25
1390610540;1390421448;0.0534851;-0.0012980899;0.001353562;0.9985669;69.83182;1.2771543;0.049891196;0.0;0.0;2.438995;-0.0068313666;4.872887e-05;-0.0019556305;0.0075712665;0.009840061;0.025039326;0.27009913;0.00076230883;-0.19932835;0.0067788637;-0.055212554;-0.008065529;0.0;0.0;2.0558307;0.00045458574;0.0004637024;0.00069390517;116.592705;166.80022;0.009234256;514394.62;575856.1;0.21232612;4.6284273e-07;4.6461855e-07;4.1773987e-07;0.0015186172;0.006841795;1.3683708e-05;9.276405e-06;7.766758e-06;1.18349235e-05;6.5966387e-06;1.6578422e-05;1.1343988e-05;1.0;1.0;686.8403;25
1391114706;1390926120;0.05554567;0.0028011226;0.00091263343;0.9984518;69.95623;1.2853348;0.042901114;0.0;0.0;2.433985;-0.0068244464;5.2701096e-05;-0.0019568307;0.0075712665;0.009840061;0.0250708;0.2700722;0.000760263;-0.19935004;0.006760486;-0.05519742;-0.008082017;0.0;0.0;2.0558307;0.00045452738;0.00046374515;0.0006935375;117.30677;167.88182;0.0092128115;521653.03;584756.0;0.21142381;4.628642e-07;4.6468094e-07;4.1761712e-07;0.0015186646;0.0068418426;1.36633935e-05;9.274075e-06;7.748667e-06;1.1834541e-05;6.5925674e-06;1.6574184e-05;1.1341746e-05;1.0;1.0;693.0659;25
1391609356;1391420900;0.051112175;0.0037814367;-0.0028608032;0.9986817;70.08132;1.2930137;0.043511715;0.0;0.0;2.4289253;-0.006817661;5.6363944e-05;-0.0019561122;0.0075712665;0.009840061;0.02510095;0.27004153;0.0007583022;-0.19937168;0.006741772;-0.055176884;-0.00809894;0.0;0.0;2.0558307;0.00045448908;0.0004637867;0.0006931651;118.00628;168.94714;0.009260736;528834.75;593581.4;0.2135589;4.6290089e-07;4.6474236e-07;4.1742348e-07;0.0015187112;0.006841889;1.3649244e-05;9.271559e-06;7.730578e-06;1.1833197e-05;6.588327e-06;1.657011e-05;1.1339269e-05;1.0;1.0;699.19147;25
1392114045;1391925570;0.050065044;-0.004459364;-0.0014755756;0.998735;70.193855;1.2885259;0.02167538;0.0;0.0;2.4323046;-0.0068125245;6.0467188e-05;-0.0019566624;0.0075712665;0.009840061;0.025119428;0.27001742;0.0007565637;-0.19938768;0.0067283614;-0.055162273;-0.008113505;0.0;0.0;2.0558307;0.0004544256;0.0004638252;0.0006936174;118.722694;170.042;0.009239106;536244.8;602690.8;0.21265624;4.6292166e-07;4.6480213e-07;4.1787433e-07;0.0015187587;0.0068419366;1.3629269e-05;9.269395e-06;7.715952e-06;1.1832953e-05;6.5847044e-06;1.6566268e-05;1.1336988e-05;1.0;1.0;705.46124;25
1392608869;1392420348;0.04982788;-0.0088967085;0.0051116105;0.99870515;70.31426;1.2938347;0.040192176;0.0;0.0;2.4319782;-0.0068064076;6.524372e-05;-0.001957745;0.0075712665;0.009840061;0.025142064;0.2699926;0.0007544808;-0.19940451;0.006716429;-0.05514643;-0.008128488;0.0;0.0;2.0558307;0.00045438122;0.00046386223;0.0006931405;119.417885;171.10938;0.009202606;543575.94;611719.8;0.21111536;4.6293815e-07;4.6485903e-07;4.1767427e-07;0.0015188053;0.006841983;1.3608605e-05;9.267212e-06;7.69805e-06;1.1832307e-05;6.5807726e-06;1.6562408e-05;1.1334797e-05;1.0;1.0;711.6277;25
1393113513;1392925020;0.054001708;-0.0070119957;0.015707768;0.99839264;70.44014;1.2896858;0.04192905;0.0;0.0;2.4333522;-0.0068026423;6.9335816e-05;-0.0019599951;0.0075712665;0.009840061;0.025167132;0.26996726;0.0007523678;-0.1994181;0.006702283;-0.055139836;-0.008147861;0.0;0.0;2.0558307;0.0004543387;0.000463898;0.00069268583;120.1282;172.20615;0.009168733;551134.06;621034.9;0.21020725;4.6295736e-07;4.6491584e-07;4.1755231e-07;0.0015188528;0.0068420307;1.3588929e-05;9.265116e-06;7.680345e-06;1.18323405e-05;6.5769505e-06;1.6558408e-05;1.1332406e-05;1.0;1.0;717.938;25
1393608253;1393419797;0.06506269;-0.00022666682;0.011055478;0.99781996;70.55376;1.2916025;0.04786351;0.0;0.0;2.4318912;-0.006795388;7.3709685e-05;-0.0019589085;0.0075712665;0.009840061;0.02519167;0.2699382;0.00075073726;-0.19943757;0.006686573;-0.055117447;-0.008162824;0.0;0.0;2.0558307;0.00045431976;0.00046394358;0.0006930357;120.843765;173.2795;0.009224621;558610.25;630272.75;0.21233574;4.6299184e-07;4.6497175e-07;4.1793356e-07;0.0015188993;0.0068420772;1.3575436e-05;9.263073e-06;7.665865e-06;1.1832671e-05;6.5735753e-06;1.655403e-05;1.1330292e-05;1.0;1.0;724.1457;25
1394112973;1393924469;0.065461814;-0.0049704346;-0.0015485928;0.9978416;70.67834;1.2900443;0.04095762;0.0;0.0;2.4331853;-0.00678949;7.756824e-05;-0.0019612738;0.0075712665;0.009840061;0.025213793;0.26990676;0.000748827;-0.19946066;0.0066675963;-0.055094425;-0.008179526;0.0;0.0;2.0558307;0.00045426367;0.00046399128;0.00069261424;121.581215;174.37526;0.009202854;566300.2;639797.8;0.21143925;4.6301042e-07;4.6502637e-07;4.1781075e-07;0.0015189468;0.0068421247;1.35562195e-05;9.260835e-06;7.648342e-06;1.1833354e-05;6.5698996e-06;1.6548567e-05;1.13282285e-05;1.0;1.0;730.4999;25
1394617631;1394429141;0.054893836;0.00018693887;0.00945737;0.9984475;70.80001;1.294145;0.03991931;0.0;0.0;2.4311023;-0.006781671;8.246826e-05;-0.0019630622;0.0075712665;0.009840061;0.025239443;0.26987448;0.00074693945;-0.19948384;0.00664937;-0.055066813;-0.008194893;0.0;0.0;2.0558307;0.0004541845;0.0004640372;0.000692315;122.316345;175.47437;0.009189213;574062.9;649430.6;0.21053141;4.630282e-07;4.6507847e-07;4.1768806e-07;0.0015189943;0.0068421722;1.3537126e-05;9.258465e-06;7.630915e-06;1.18328535e-05;6.5660206e-06;1.654386e-05;1.1325978e-05;1.0;1.0;736.87427;25
1395112916;1394923918;0.05736921;-0.0038776984;0.0005463283;0.9983454;70.90871;1.2968562;0.034906775;0.0;0.0;2.4227362;-0.0067757876;8.5463675e-05;-0.0019680695;0.0075712665;0.009840061;0.025274701;0.26985165;0.00074484845;-0.19950014;0.0066357665;-0.055055797;-0.008210197;0.0;0.0;2.0558307;0.00045418477;0.00046407653;0.0006918198;123.02664;176.56503;0.009231971;581762.7;658980.9;0.21266752;4.6306099e-07;4.6512994e-07;4.174925e-07;0.0015190409;0.006842219;1.35242035e-05;9.256419e-06;7.613466e-06;1.1832886e-05;6.562347e-06;1.6539872e-05;1.1323778e-05;1.0;1.0;743.1434;25
1395607147;1395418694;0.06784248;0.0017661878;-0.00018206808;0.99769455;71.016655;1.2998507;0.04164317;0.0;0.0;2.415635;-0.006770137;8.9498906e-05;-0.0019712865;0.0075712665;0.009840061;0.025308616;0.26982445;0.0007431339;-0.19951491;0.0066218344;-0.055040494;-0.008227081;0.0;0.0;2.0558307;0.00045412034;0.00046411922;0.0006920877;123.748886;177.64706;0.0091931615;589537.1;668638.9;0.21112128;4.6307335e-07;4.651783e-07;4.1786345e-07;0.0015190875;0.0068422654;1.3504728e-05;9.254443e-06;7.5992825e-06;1.1833842e-05;6.55915e-06;1.653531e-05;1.13216565e-05;1.0;1.0;749.43176;25
1396111875;1395923366;0.06512453;-6.791071e-05;0.0031450957;0.9978722;71.14695;1.3086821;0.043950275;0.0;0.0;2.3996873;-0.006761408;9.48192e-05;-0.001970793;0.0075712665;0.009840061;0.025351385;0.26978898;0.0007413828;-0.19954686;0.0065997913;-0.055006042;-0.008241659;0.0;0.0;2.0558307;0.00045407104;0.000464167;0.0006917165;124.49809;178.74872;0.00918088;597525.2;678594.8;0.21022277;4.6308898e-07;4.6522686e-07;4.1773703e-07;0.001519135;0.006842313;1.3486339e-05;9.252226e-06;7.5821054e-06;1.1834297e-05;6.5555605e-06;1.6529624e-05;1.1319699e-05;1.0;1.0;755.8674;25
1396606998;1396418143;0.058999244;-0.006787207;0.0055625676;0.99821943;71.28865;1.300447;0.031787552;0.0;0.0;2.4043932;-0.0067574447;9.882125e-05;-0.0019744842;0.0075712665;0.009840061;0.025368286;0.26975834;0.0007394511;-0.19956845;0.006577584;-0.054994926;-0.008262871;0.0;0.0;2.0558307;0.00045405314;0.00046420985;0.0006912049;125.222145;179.84178;0.009221802;605445.3;688464.0;0.21234505;4.6311942e-07;4.652743e-07;4.1753873e-07;0.0015191815;0.0068423594;1.3473981e-05;9.25009e-06;7.564923e-06;1.183483e-05;6.551994e-06;1.6525128e-05;1.1317486e-05;1.0;1.0;762.1994;25
1397111323;1396922814;0.060399387;0.0011152776;0.006659167;0.9981515;71.39771;1.3105469;0.03213368;0.0;0.0;2.393829;-0.006750044;0.000103145205;-0.0019745505;0.0075712665;0.009840061;0.025404956;0.26973355;0.0007378595;-0.1995924;0.00655949;-0.05497603;-0.008275277;0.0;0.0;2.0558307;0.0004540143;0.00046425223;0.0006916388;125.96494;180.95595;0.00920449;613606.25;698644.3;0.21145476;4.6313346e-07;4.6531972e-07;4.179873e-07;0.001519229;0.006842407;1.3456108e-05;9.2482e-06;7.551067e-06;1.1835416e-05;6.548841e-06;1.6520888e-05;1.1315464e-05;1.0;1.0;768.6803;25
1397615947;1397427486;0.068004586;0.0014571737;-0.0014970506;0.99768287;71.513466;1.3156477;0.03693098;0.0;0.0;2.392515;-0.0067429044;0.00010745078;-0.0019727254;0.0075712665;0.009840061;0.025427911;0.26970237;0.0007361068;-0.19961977;0.006541594;-0.05494373;-0.008287538;0.0;0.0;2.0558307;0.00045397234;0.0004642981;0.00069131755;126.714355;182.06949;0.009186571;621829.06;708933.06;0.2105528;4.631467e-07;4.6536422e-07;4.178606e-07;0.0015192765;0.0068424544;1.3438423e-05;9.246049e-06;7.5341563e-06;1.1835352e-05;6.5452864e-06;1.6515783e-05;1.1313471e-05;1.0;1.0;775.1824;25
1398110735;1397922262;0.07164512;-0.0034783552;0.0006354321;0.99742395;71.63477;1.3142122;0.03422677;0.0;0.0;2.3970685;-0.006738049;0.00011033439;-0.0019736383;0.0075712665;0.009840061;0.025443453;0.26967475;0.000734388;-0.1996521;0.006519186;-0.054916244;-0.008298867;0.0;0.0;2.0558307;0.00045397898;0.00046434614;0.0006908581;127.45556;183.16402;0.009225281;629965.06;719128.94;0.21268386;4.631751e-07;4.65408e-07;4.1766143e-07;0.0015193231;0.006842501;1.342669e-05;9.2439595e-06;7.5172393e-06;1.1835896e-05;6.541858e-06;1.6510056e-05;1.1311638e-05;1.0;1.0;781.5771;25
1398615388;1398426933;0.06891179;0.0027451257;0.009646261;0.9975724;71.75351;1.3214743;0.039008655;0.0;0.0;2.386003;-0.00673064;0.00011480903;-0.0019713824;0.0075712665;0.009840061;0.025479848;0.26964518;0.0007329407;-0.19967991;0.0064988313;-0.054889604;-0.008311887;0.0;0.0;2.0558307;0.00045392802;0.0004643914;0.00069128576;128.21774;184.27647;0.009208839;638353.1;729645.3;0.21178302;4.631867e-07;4.654497e-07;4.181077e-07;0.0015193706;0.0068425485;1.34094125e-05;9.241991e-06;7.503607e-06;1.18369435e-05;6.5387803e-06;1.650461e-05;1.1309764e-05;1.0;1.0;788.12177;25
1399110193;1398921710;0.07252957;-0.0072055412;-0.0003603227;0.9973402;71.87576;1.3195066;0.034785714;0.0;0.0;2.3901014;-0.006724816;0.0001172451;-0.0019741266;0.0075712665;0.009840061;0.02549526;0.2696191;0.0007310366;-0.19970052;0.006482603;-0.054871924;-0.008326679;0.0;0.0;2.0558307;0.00045390183;0.0004644344;0.00069071556;128.96219;185.3755;0.009172089;646651.4;740063.2;0.2102519;4.6319352e-07;4.6548922e-07;4.179012e-07;0.0015194172;0.006842595;1.3391499e-05;9.239966e-06;7.486859e-06;1.1838e-05;6.5354757e-06;1.6498756e-05;1.130778e-05;1.0;1.0;794.561;25
1399614871;1399426380;0.07248267;-0.0010658255;-0.0083232885;0.99733436;72.02762;1.3114611;0.042020116;0.0;0.0;2.3976629;-0.0067195906;0.0001230816;-0.001971734;0.0075712665;0.009840061;0.02550864;0.2695776;0.0007295639;-0.19973989;0.006455912;-0.05482635;-0.008341779;0.0;0.0;2.0558307;0.00045389685;0.0004644817;0.0006904236;129.73077;186.49045;0.009237093;655177.3;750802.56;0.213015;4.6322307e-07;4.6553083e-07;4.1778023e-07;0.0015194647;0.0068426426;1.33810945e-05;9.237748e-06;7.470298e-06;1.183829e-05;6.531978e-06;1.6492524e-05;1.1305915e-05;1.0;1.0;801.1513;25
1400113303;1399921156;0.058116928;-0.004940143;-0.0005077227;0.9982975;72.13525;1.322392;0.040633135;0.0;0.0;2.3897796;-0.0067129848;0.0001262156;-0.0019677915;0.0075712665;0.009840061;0.025539981;0.2695573;0.00072805025;-0.19976504;0.006441627;-0.054805603;-0.008350556;0.0;0.0;2.0558307;0.0004539004;0.00046452397;0.0006907185;130.47592;187.59705;0.009198482;663642.2;761447.3;0.21149303;4.6322813e-07;4.6556772e-07;4.1815082e-07;0.0015195112;0.006842689;1.3363573e-05;9.236121e-06;7.4567884e-06;1.1839241e-05;6.5291856e-06;1.64875e-05;1.130422e-05;1.0;1.0;807.63513;25
1400614324;1400425827;0.057493817;-0.0036494636;0.0064109876;0.9983187;72.26224;1.3205581;0.041254234;0.0;0.0;2.396578;-0.0067078536;0.00012873905;-0.0019688425;0.0075712665;0.009840061;0.025555454;0.26953506;0.000726119;-0.19978486;0.0064252224;-0.054797158;-0.008366595;0.0;0.0;2.0558307;0.00045389897;0.00046456076;0.0006903022;131.22284;188.73665;0.009170254;672361.75;772419.56;0.21059725;4.632354e-07;4.6560464e-07;4.1802764e-07;0.0015195587;0.0068427366;1.33469875e-05;9.234344e-06;7.440393e-06;1.18397475e-05;6.52596e-06;1.6483256e-05;1.13022315e-05;1.0;1.0;814.27045;25
1401109110;1400920603;0.059066404;0.0016293747;0.0032544588;0.99824744;72.38449;1.3228376;0.040184483;0.0;0.0;2.3961957;-0.0067010904;0.00013330209;-0.0019678304;0.0075712665;0.009840061;0.025578618;0.26950568;0.000724304;-0.1998063;0.0064054816;-0.054780625;-0.008384177;0.0;0.0;2.0558307;0.0004538914;0.0004646008;0.00068991416;131.9605;189.85695;0.0092223715;680979.1;783290.44;0.2127208;4.6325857e-07;4.656415e-07;4.1783377e-07;0.0015196053;0.006842783;1.33361245e-05;9.232313e-06;7.423989e-06;1.1839453e-05;6.522513e-06;1.6479406e-05;1.1300139e-05;1.0;1.0;820.79755;25
1401614639;1401425274;0.06272124;-0.0040544164;0.0011912417;0.99802214;72.50532;1.3327475;0.030698571;0.0;0.0;2.383908;-0.0066932444;0.00013806859;-0.00196597;0.0075712665;0.009840061;0.025615053;0.26947424;0.0007225763;-0.19983108;0.0063862605;-0.054754354;-0.008398969;0.0;0.0;2.0558307;0.00045382988;0.0004646422;0.0006896602;132.72307;190.9991;0.00920771;689840.25;794495.7;0.2118219;4.6326517e-07;4.6567644e-07;4.177087e-07;0.0015196528;0.0068428307;1.331984e-05;9.230164e-06;7.4077693e-06;1.18390535e-05;6.519047e-06;1.6474947e-05;1.1298074e-05;1.0;1.0;827.4761;25
1402118410;1401929944;0.06524976;-0.003741775;0.007377582;0.99783474;72.60749;1.3462112;0.032912947;0.0;0.0;2.3696778;-0.00668654;0.00014116555;-0.00196473;0.0075712665;0.009840061;0.025654651;0.26945403;0.0007210059;-0.19985163;0.0063736527;-0.05473748;-0.008409085;0.0;0.0;2.0558307;0.00045383672;0.00046468372;0.000690057;133.48636;192.1436;0.009181038;698804.8;805823.06;0.2109135;4.6327062e-07;4.657103e-07;4.1815727e-07;0.0015197003;0.006842878;1.3303658e-05;9.228565e-06;7.3946494e-06;1.1840213e-05;6.5163063e-06;1.6470343e-05;1.1296354e-05;1.0;1.0;834.1749;25
1402613180;1402424720;0.07420097;-0.0012164087;0.0035412495;0.9972364;72.73703;1.3512989;0.031149268;0.0;0.0;2.3575962;-0.00667986;0.00014482978;-0.0019662788;0.0075712665;0.009840061;0.025691364;0.26942572;0.0007192267;-0.19987793;0.0063536777;-0.054717287;-0.00842431;0.0;0.0;2.0558307;0.00045386012;0.0004647264;0.00068956835;134.24142;193.26631;0.0092275925;707658.9;817040.9;0.21303181;4.6329194e-07;4.6574417e-07;4.1796105e-07;0.0015197468;0.0068429247;1.3293144e-05;9.22666e-06;7.378494e-06;1.1841141e-05;6.513154e-06;1.6465034e-05;1.1294596e-05;1.0;1.0;840.76385;25
1403108201;1402919495;0.08728059;-0.002873543;0.010138872;0.996128;72.86123;1.3536897;0.02229258;0.0;0.0;2.3490043;-0.006671601;0.00014911346;-0.001966221;0.0075712665;0.009840061;0.025719823;0.2693902;0.0007176654;-0.19991289;0.006329364;-0.054679364;-0.008437037;0.0;0.0;2.0558307;0.00045380718;0.0004647663;0.00068907125;135.01859;194.38162;0.009201301;716569.06;828373.25;0.21150061;4.6329325e-07;4.657748e-07;4.1775803e-07;0.0015197934;0.0068429713;1.3276399e-05;9.2244e-06;7.362423e-06;1.18421885e-05;6.5098293e-06;1.6457252e-05;1.1292904e-05;1.0;1.0;847.3745;25
1403612750;1403424165;0.09046058;-0.0018769644;0.00049914286;0.9958982;72.968025;1.3574392;0.03432276;0.0;0.0;2.3368378;-0.0066658063;0.00015208841;-0.0019661363;0.0075712665;0.009840061;0.025755508;0.26936334;0.00071627076;-0.19994067;0.0063136467;-0.05464803;-0.008446164;0.0;0.0;2.0558307;0.00045379912;0.00046480165;0.00068933057;135.81836;195.51291;0.009175274;725756.75;840055.4;0.21060893;4.6329797e-07;4.65806e-07;4.1820414e-07;0.0015198409;0.006843019;1.3260626e-05;9.222362e-06;7.3495116e-06;1.1844297e-05;6.5070103e-06;1.644795e-05;1.1291069e-05;1.0;1.0;854.1394;25
1404107541;1403918940;0.08747252;-0.0027278767;-0.0028567407;0.9961592;73.087204;1.3494298;0.012667077;0.0;0.0;2.3389955;-0.0066592493;0.00015556405;-0.0019644992;0.0075712665;0.009840061;0.025769388;0.2693304;0.000714773;-0.19997723;0.0062932796;-0.05460341;-0.008454713;0.0;0.0;2.0558307;0.00045381818;0.00046483811;0.00068880257;136.61108;196.63339;0.009228012;734823.2;851621.75;0.21273054;4.633184e-07;4.658371e-07;4.1800737e-07;0.0015198875;0.0068430654;1.3250438e-05;9.220129e-06;7.3335964e-06;1.1845573e-05;6.5037866e-06;1.643831e-05;1.1289508e-05;1.0;1.0;860.7925;25
1404612103;1404423611;0.08537005;0.0037180923;0.005175497;0.996329;73.22625;1.3374316;0.04212777;0.0;0.0;2.337892;-0.00665519;0.00015874671;-0.0019691095;0.0075712665;0.009840061;0.025792975;0.26929733;0.00071305205;-0.20000534;0.006269782;-0.054582722;-0.008473465;0.0;0.0;2.0558307;0.00045380308;0.00046487417;0.000688278;137.40413;197.77136;0.009196573;744175.44;863542.0;0.21182634;4.6332184e-07;4.6586635e-07;4.1788255e-07;0.001519935;0.006843113;1.3234844e-05;9.217934e-06;7.3178626e-06;1.1847512e-05;6.5006825e-06;1.6429667e-05;1.1287639e-05;1.0;1.0;867.60077;25
1405106889;1404918385;0.08620714;0.0056664147;0.0043245996;0.9962518;73.36391;1.3302776;0.040890794;0.0;0.0;2.334764;-0.0066500534;0.00016266976;-0.0019725997;0.0075712665;0.009840061;0.025816608;0.26925698;0.0007116307;-0.20002785;0.0062361606;-0.054574296;-0.008501596;0.0;0.0;2.0558307;0.0004536782;0.00046490875;0.00068857626;138.18936;198.89676;0.009159186;753431.5;875350.4;0.21028787;4.6332124e-07;4.6589403e-07;4.182525e-07;0.0015199815;0.0068431594;1.3218513e-05;9.215532e-06;7.305056e-06;1.1849252e-05;6.4975593e-06;1.6422875e-05;1.1285566e-05;1.0;1.0;874.3009;25
1405611591;1405423057;0.08923584;-0.00057757046;-0.00477563;0.995999;73.51334;1.3154098;0.027060525;0.0;0.0;2.3439271;-0.00664449;0.00016747363;-0.0019730679;0.0075712665;0.009840061;0.025822856;0.2692104;0.00071016507;-0.20006078;0.006203712;-0.054539975;-0.008524604;0.0;0.0;2.0558307;0.00045362397;0.00046494597;0.00068823923;139.00125;200.04681;0.009227384;762933.3;887514.3;0.21304296;4.633455e-07;4.6592356e-07;4.1812794e-07;0.001520029;0.006843207;1.3209531e-05;9.212889e-06;7.289472e-06;1.1850631e-05;6.4940464e-06;1.6414691e-05;1.1283769e-05;1.0;1.0;881.16254;25
1406106449;1405917830;0.089851215;-0.0010257463;-0.0013881373;0.99595374;73.645805;1.3167796;0.029288368;0.0;0.0;2.3358932;-0.006637299;0.00016992238;-0.001969855;0.0075712665;0.009840061;0.025853164;0.2691785;0.00070865464;-0.20009796;0.0061813695;-0.054502886;-0.00853554;0.0;0.0;2.0558307;0.00045359248;0.00046498005;0.0006877225;139.79707;201.17375;0.009191748;772337.6;899560.6;0.21150208;4.633462e-07;4.6594917e-07;4.1791859e-07;0.0015200756;0.0068432535;1.3193549e-05;9.210711e-06;7.2738712e-06;1.1852027e-05;6.490927e-06;1.6405837e-05;1.12822445e-05;1.0;1.0;887.9135;25
1406610964;1406422500;0.08647598;0.0072070607;-0.0031925044;0.99622273;73.75616;1.3265398;0.045182355;0.0;0.0;2.3174129;-0.006630404;0.00017245681;-0.0019685044;0.0075712665;0.009840061;0.025897898;0.26915127;0.00070727203;-0.20012534;0.00616399;-0.054476157;-0.008546533;0.0;0.0;2.0558307;0.00045357068;0.00046501463;0.0006880783;140.60954;202.32304;0.009166623;782035.8;911975.3;0.2106134;4.6335003e-07;4.6597512e-07;4.1836094e-07;0.0015201231;0.006843301;1.3178592e-05;9.2087375e-06;7.26136e-06;1.1853989e-05;6.488201e-06;1.639754e-05;1.1280675e-05;1.0;1.0;894.8216;25
1407115875;1406927170;0.07364156;-0.018041458;0.0035311407;0.9971153;73.89469;1.3227315;0.02124392;0.0;0.0;2.3126822;-0.006624942;0.00017691129;-0.0019678145;0.0075712665;0.009840061;0.02592006;0.26912048;0.00070557615;-0.20015077;0.0061435504;-0.054457255;-0.008564197;0.0;0.0;2.0558307;0.0004535613;0.00046505185;0.00068768556;141.41167;203.4924;0.009142915;791824.25;924514.7;0.20971937;4.6335333e-07;4.66e-07;4.1822906e-07;0.0015201706;0.0068433485;1.3163717e-05;9.206724e-06;7.246007e-06;1.185528e-05;6.485169e-06;1.6391006e-05;1.1278945e-05;1.0;1.0;901.7553;25
1407610604;1407421945;0.073165946;-0.011989873;0.006473649;0.9972267;74.01413;1.322375;0.031538613;0.0;0.0;2.3209827;-0.00661866;0.0001797293;-0.0019677496;0.0075712665;0.009840061;0.025927577;0.26910013;0.00070373336;-0.20016943;0.006133527;-0.05444208;-0.008575799;0.0;0.0;2.0558307;0.00045364743;0.00046509004;0.00068716926;142.1888;204.6419;0.009190147;801519.8;936931.7;0.2118346;4.6337274e-07;4.6602486e-07;4.1803057e-07;0.0015202172;0.006843395;1.3154411e-05;9.205125e-06;7.2306375e-06;1.185666e-05;6.482457e-06;1.6385091e-05;1.1277367e-05;1.0;1.0;908.57404;25
1408115376;1407926616;0.08092473;0.0037516174;0.0072240205;0.996687;74.15087;1.3101075;0.02408187;0.0;0.0;2.3317275;-0.0066137356;0.0001842459;-0.001970379;0.0075712665;0.009840061;0.02593588;0.26906565;0.00070197036;-0.2001869;0.006111397;-0.054430902;-0.008599967;0.0;0.0;2.0558307;0.00045360034;0.0004651271;0.0006867902;142.99089;205.81406;0.009171695;811486.3;949723.56;0.21092911;4.6337428e-07;4.6604814e-07;4.179029e-07;0.0015202647;0.0068434426;1.3139795e-05;9.202998e-06;7.215446e-06;1.1857975e-05;6.479355e-06;1.6378974e-05;1.1275413e-05;1.0;1.0;915.551;25
1408609945;1408421389;0.07952841;0.0002065603;-0.0060436567;0.9968143;74.27154;1.3028891;0.03774977;0.0;0.0;2.3296342;-0.00660846;0.00018682788;-0.0019684995;0.0075712665;0.009840061;0.025957635;0.26903978;0.0007006152;-0.20021413;0.0060930355;-0.05440814;-0.008612328;0.0;0.0;2.0558307;0.0004536321;0.00046516513;0.00068713253;143.78494;206.9619;0.009217799;821347.8;962391.7;0.21305874;4.6339298e-07;4.6607212e-07;4.1827576e-07;0.0015203112;0.006843489;1.3130704e-05;9.201324e-06;7.203102e-06;1.18595335e-05;6.476791e-06;1.6372567e-05;1.1273884e-05;1.0;1.0;922.4154;25
1409114631;1408926058;0.07111524;-0.0007412788;-0.006457588;0.99744695;74.39065;1.3168206;0.038307413;0.0;0.0;2.3095639;-0.006599829;0.00019156125;-0.001961881;0.0075712665;0.009840061;0.026000073;0.269009;0.0006990917;-0.20024407;0.0060741995;-0.054376498;-0.008624894;0.0;0.0;2.0558307;0.0004536189;0.00046520165;0.00068688986;144.5921;208.1405;0.00920252;831479.8;975439.06;0.21215592;4.633939e-07;4.6609347e-07;4.1814758e-07;0.0015203587;0.0068435366;1.3116368e-05;9.199448e-06;7.188057e-06;1.1859802e-05;6.4738133e-06;1.6366681e-05;1.1272235e-05;1.0;1.0;929.4406;25
1409609720;1409420832;0.06946899;-0.0057342625;0.0103458855;0.997514;74.52482;1.3214699;0.027627045;0.0;0.0;2.2952907;-0.006594006;0.0001957151;-0.0019620107;0.0075712665;0.009840061;0.026035551;0.26898006;0.0006973144;-0.20026207;0.006055281;-0.0543686;-0.008646338;0.0;0.0;2.0558307;0.0004535841;0.00046523553;0.0006864474;145.37277;209.30692;0.009162047;841521.6;988356.0;0.21063995;4.633903e-07;4.661135e-07;4.17941e-07;0.0015204053;0.006843583;1.3101334e-05;9.197641e-06;7.172992e-06;1.1860575e-05;6.470872e-06;1.6361708e-05;1.1270376e-05;1.0;1.0;936.3497;25
1410113991;1409925501;0.069271274;0.001653281;-0.00017597465;0.99759656;74.63272;1.3287224;0.0209741;0.0;0.0;2.2777631;-0.0065860283;0.00019932154;-0.0019582757;0.0075712665;0.009840061;0.026073553;0.26895717;0.000695897;-0.20028384;0.0060395855;-0.05435239;-0.008658822;0.0;0.0;2.0558307;0.00045338375;0.00046525555;0.00068685686;144.07086;194.2446;0.00914816;839251.8;910604.56;0.20974697;4.6286354e-07;4.66116e-07;4.1815613e-07;0.0015204528;0.0068436307;1.3068346e-05;9.194557e-06;7.160834e-06;1.1858589e-05;6.4679475e-06;1.6356056e-05;1.1268479e-05;1.0;1.0;943.41986;25
1410608782;1410420275;0.071712166;0.0001132263;0.0095639955;0.9973795;74.751915;1.3177375;0.028392246;0.0;0.0;2.2806792;-0.0065811947;0.00020106867;-0.0019611365;0.0075712665;0.009840061;0.02608513;0.26893228;0.0006941114;-0.20030025;0.0060240766;-0.05434203;-0.008675528;0.0;0.0;2.0558307;0.0004534216;0.00046529042;0.00068647444;144.84134;195.36633;0.009190982;849312.56;922592.6;0.21186365;4.6286976e-07;4.66136e-07;4.179497e-07;0.0015204994;0.0068436773;1.3059685e-05;9.19277e-06;7.1459144e-06;1.1859211e-05;6.46502e-06;1.6351454e-05;1.1266721e-05;1.0;1.0;950.3734;25
1411113538;1410924945;0.084739484;-0.00052397617;-0.0044174115;0.9963932;74.87187;1.3182484;0.0388857;0.0;0.0;2.2674696;-0.006575946;0.0002035216;-0.001963472;0.0075712665;0.009840061;0.026117899;0.26890707;0.0006923726;-0.20032136;0.0060084946;-0.054326646;-0.008690673;0.0;0.0;2.0558307;0.00045344498;0.00046532197;0.0006860477;145.63924;196.50334;0.0091631645;859660.94;934941.7;0.21096313;4.6285948e-07;4.66154e-07;4.1781266e-07;0.0015205469;0.0068437248;1.3045787e-05;9.1909915e-06;7.1311692e-06;1.186077e-05;6.462278e-06;1.6344778e-05;1.1264958e-05;1.0;1.0;957.48773;25
1411608277;1411419718;0.07952767;-0.007876619;-0.00066871074;0.9968014;74.974846;1.3144149;0.032819223;0.0;0.0;2.2674618;-0.0065688817;0.00020667605;-0.0019610417;0.0075712665;0.009840061;0.026129326;0.26888394;0.0006910416;-0.20034637;0.0059927427;-0.05430279;-0.008700037;0.0;0.0;2.0558307;0.00045349984;0.0004653552;0.00068640424;146.43758;197.62126;0.009217383;869891.6;947166.56;0.21309441;4.628664e-07;4.6617242e-07;4.1817881e-07;0.0015205934;0.0068437713;1.3037293e-05;9.1893635e-06;7.1192053e-06;1.1862296e-05;6.459804e-06;1.6338268e-05;1.1263506e-05;1.0;1.0;964.4837;25
1412112883;1411924387;0.08054371;0.0034899947;-0.0020373897;0.9967429;75.10582;1.3027427;0.026434017;0.0;0.0;2.2727654;-0.0065647294;0.0002090749;-0.0019610415;0.0075712665;0.009840061;0.02614027;0.26885664;0.00068939594;-0.2003692;0.005976198;-0.054283876;-0.008715551;0.0;0.0;2.0558307;0.00045352;0.00046538824;0.0006860088;147.24348;198.76633;0.009190196;880417.1;959757.44;0.2121721;4.6285587e-07;4.6618905e-07;4.1804302e-07;0.0015206409;0.006843819;1.3023506e-05;9.187624e-06;7.104601e-06;1.186387e-05;6.4570936e-06;1.6331736e-05;1.1261886e-05;1.0;1.0;971.64166;25
1412618134;1412429056;0.07508002;-0.011321217;0.004238098;0.9971042;75.24306;1.2971152;0.025666535;0.0;0.0;2.2716188;-0.0065592024;0.00021390615;-0.001959472;0.0075712665;0.009840061;0.026154978;0.26882482;0.000687842;-0.20039722;0.005955436;-0.05426054;-0.008732337;0.0;0.0;2.0558307;0.00045352295;0.00046542147;0.0006856886;148.05011;199.91331;0.009169558;891031.3;972470.7;0.21127822;4.6284586e-07;4.6620508e-07;4.1790773e-07;0.0015206884;0.0068438663;1.3009894e-05;9.185822e-06;7.090071e-06;1.1865003e-05;6.4543055e-06;1.63258e-05;1.1260278e-05;1.0;1.0;978.82404;25
1413112929;1412923830;0.07988862;-0.00022042573;0.0017425776;0.99680233;75.347755;1.2952961;0.028661376;0.0;0.0;2.2731943;-0.0065540248;0.00021635083;-0.0019601153;0.0075712665;0.009840061;0.026170956;0.2688041;0.0006863737;-0.20041515;0.0059444103;-0.054245748;-0.008743928;0.0;0.0;2.0558307;0.00045356373;0.00046545253;0.0006859684;148.84032;201.04402;0.0091304425;901549.5;985057.9;0.20976703;4.6283228e-07;4.662196e-07;4.1827045e-07;0.001520735;0.006843913;1.2995596e-05;9.184461e-06;7.078291e-06;1.1866799e-05;6.4520514e-06;1.6320117e-05;1.1258792e-05;1.0;1.0;985.88715;25
1413607694;1413418603;0.08430054;-0.0008769064;0.0069032107;0.9964161;75.46769;1.2938521;0.042697236;0.0;0.0;2.2689736;-0.0065466524;0.0002202092;-0.0019594003;0.0075712665;0.009840061;0.02619071;0.26877317;0.0006847859;-0.2004386;0.005925772;-0.05422289;-0.008760027;0.0;0.0;2.0558307;0.00045359525;0.00046548434;0.0006855413;149.63928;202.17072;0.009183889;912126.7;997762.75;0.21187958;4.6283927e-07;4.662352e-07;4.1806618e-07;0.0015207815;0.0068439594;1.2987428e-05;9.182606e-06;7.063802e-06;1.1868116e-05;6.449293e-06;1.6313606e-05;1.1257259e-05;1.0;1.0;992.972;25
1414111752;1413923272;0.0858383;-0.0027708367;-0.00058254483;0.9963051;75.59797;1.2882236;0.030351913;0.0;0.0;2.274646;-0.006541418;0.00022377646;-0.0019615437;0.0075712665;0.009840061;0.026199445;0.2687434;0.000683139;-0.20046154;0.0059044487;-0.05420912;-0.008779829;0.0;0.0;2.0558307;0.0004534572;0.0004655003;0.000685047;148.41293;187.86218;0.009162217;910125.8;918958.4;0.21098879;4.6235206e-07;4.6623447e-07;4.1771594e-07;0.001520829;0.006844007;1.2956643e-05;9.179409e-06;7.0493943e-06;1.1867333e-05;6.4463093e-06;1.6305388e-05;1.1255273e-05;1.0;1.0;1000.22156;25
1414616869;1414427940;0.08272761;-0.0032830625;0.0026834817;0.9965632;75.73073;1.2855434;0.032721486;0.0;0.0;2.2756717;-0.0065349583;0.00022709074;-0.0019582773;0.0075712665;0.009840061;0.026214326;0.2687141;0.00068163103;-0.20049015;0.005885019;-0.054183915;-0.008794495;0.0;0.0;2.0558307;0.00045348154;0.00046553;0.0006846914;149.22147;188.96765;0.00914276;920946.3;930976.56;0.21008246;4.6233527e-07;4.6624817e-07;4.1757798e-07;0.0015208765;0.0068440544;1.2943413e-05;9.177682e-06;7.0351493e-06;1.1868858e-05;6.443667e-06;1.6298547e-05;1.1253784e-05;1.0;1.0;1007.4947;25
1415111223;1414922713;0.08188591;0.0011353132;0.0021189423;0.99663883;75.838745;1.2866853;0.025838498;0.0;0.0;2.2751293;-0.0065289293;0.0002294801;-0.0019558403;0.0075712665;0.009840061;0.02623178;0.26868868;0.0006803122;-0.20051159;0.005869669;-0.054163605;-0.008807376;0.0;0.0;2.0558307;0.00045353672;0.0004655605;0.0006850461;150.01797;190.05873;0.00918838;931657.0;942874.0;0.21220303;4.62336e-07;4.6626224e-07;4.1794223e-07;0.0015209231;0.006844101;1.2935606e-05;9.176145e-06;7.023612e-06;1.18706275e-05;6.441317e-06;1.6292304e-05;1.1252326e-05;1.0;1.0;1014.6485;25
1415615914;1415427382;0.08483722;0.0011690202;0.0035884902;0.9963878;75.9744;1.2838008;0.028794307;0.0;0.0;2.269274;-0.00652423;0.00023336525;-0.0019544435;0.0075712665;0.009840061;0.026257277;0.26865813;0.00067877787;-0.20053877;0.005846568;-0.05414659;-0.008826178;0.0;0.0;2.0558307;0.00045353864;0.0004655893;0.0006847107;150.82582;191.17073;0.009162096;942663.3;955126.4;0.21131341;4.6232043e-07;4.6627443e-07;4.1780456e-07;0.0015209706;0.0068441485;1.2922668e-05;9.174353e-06;7.0095007e-06;1.18721e-05;6.438633e-06;1.6286007e-05;1.1250741e-05;1.0;1.0;1021.9687;25
1416110958;1415922155;0.085411005;0.0022290167;0.009462063;0.99629843;76.098404;1.2790062;0.02467085;0.0;0.0;2.2671576;-0.0065180557;0.00023577474;-0.0019543432;0.0075712665;0.009840061;0.026276808;0.26862997;0.00067720306;-0.20056348;0.0058256267;-0.05413001;-0.008842956;0.0;0.0;2.0558307;0.00045352936;0.00046561577;0.00068423105;151.62714;192.26303;0.009128148;953536.75;967252.7;0.20980197;4.6230173e-07;4.6628608e-07;4.175891e-07;0.0015210172;0.006844195;1.2909033e-05;9.172465e-06;6.9953635e-06;1.1873733e-05;6.4359742e-06;1.6278911e-05;1.1249169e-05;1.0;1.0;1029.1686;25
1416605405;1416416927;0.08711274;-0.007815772;0.0040613343;0.99615955;76.210335;1.2800995;0.020844834;0.0;0.0;2.2660956;-0.0065107467;0.00024032446;-0.0019514806;0.0075712665;0.009840061;0.026291631;0.26860243;0.00067593873;-0.20058833;0.005807974;-0.054107063;-0.008856486;0.0;0.0;2.0558307;0.00045357543;0.00046564435;0.0006846016;152.4327;193.35875;0.009183139;964514.4;979494.25;0.21191218;4.6230448e-07;4.6629847e-07;4.1795138e-07;0.0015210637;0.0068442416;1.290151e-05;9.170879e-06;6.9840003e-06;1.1875434e-05;6.4336496e-06;1.6272597e-05;1.1247739e-05;1.0;1.0;1036.3914;25
1417110180;1416921596;0.08350671;0.0027723557;0.0019971745;0.99650145;76.33448;1.2803161;0.036567066;0.0;0.0;2.268311;-0.0065054316;0.00024305732;-0.001950757;0.0075712665;0.009840061;0.02630857;0.268575;0.0006743741;-0.20061274;0.005790112;-0.054088224;-0.008872028;0.0;0.0;2.0558307;0.00045359548;0.00046567098;0.0006842197;153.24841;194.47531;0.009157501;975798.25;992097.4;0.21102001;4.6229104e-07;4.6630944e-07;4.1781325e-07;0.0015211112;0.006844289;1.2888904e-05;9.169139e-06;6.970092e-06;1.1877158e-05;6.431096e-06;1.626557e-05;1.1246194e-05;1.0;1.0;1043.7808;25
1417614759;1417426264;0.08700279;-0.00048043294;0.0069819177;0.9961835;76.46135;1.2738364;0.038080093;0.0;0.0;2.2790534;-0.006499526;0.00024601875;-0.0019514576;0.0075712665;0.009840061;0.02631231;0.26854575;0.00067282043;-0.20063779;0.005770212;-0.054069035;-0.008888732;0.0;0.0;2.0558307;0.0004534917;0.00046568704;0.0006838419;152.08783;180.91574;0.00913772;974163.44;913476.06;0.21012042;4.6186148e-07;4.6630672e-07;4.17479e-07;0.0015211587;0.0068443366;1.2860066e-05;9.166277e-06;6.956176e-06;1.1876272e-05;6.4282794e-06;1.6258275e-05;1.1244462e-05;1.0;1.0;1051.1934;25
1418109543;1417921036;0.0874277;-0.00031338958;0.003905125;0.9961632;76.57519;1.2707878;0.03460722;0.0;0.0;2.290724;-0.0064941775;0.0002486766;-0.0019507435;0.0075712665;0.009840061;0.02631639;0.26852024;0.00067151967;-0.20066077;0.0057531935;-0.054050915;-0.008902834;0.0;0.0;2.0558307;0.00045355377;0.0004657124;0.0006841673;152.88745;181.9722;0.009183781;985268.8;924931.75;0.21223748;4.618598e-07;4.663178e-07;4.178386e-07;0.0015212053;0.006844383;1.2852902e-05;9.164736e-06;6.9449843e-06;1.18783055e-05;6.42604e-06;1.62515e-05;1.124302e-05;1.0;1.0;1058.4847;25
1418614440;1418425706;0.086681075;-0.0028253864;0.007934954;0.9962005;76.70443;1.2661489;0.032889005;0.0;0.0;2.297192;-0.0064890427;0.00025263397;-0.0019530415;0.0075712665;0.009840061;0.026328653;0.26848888;0.0006699879;-0.20068689;0.005731734;-0.0540305;-0.0089204945;0.0;0.0;2.0558307;0.0004535557;0.00046573757;0.0006838399;153.70117;183.05077;0.009161333;996673.7;936726.2;0.2113357;4.6184303e-07;4.6632726e-07;4.1769627e-07;0.0015212528;0.0068444307;1.2840639e-05;9.162918e-06;6.9312755e-06;1.1879876e-05;6.42344e-06;1.6244765e-05;1.1241508e-05;1.0;1.0;1065.9454;25
1419109182;1418920477;0.092709795;0.0016396003;0.0021598942;0.9956895;76.825584;1.2663087;0.044357687;0.0;0.0;2.3011858;-0.006482488;0.00025505308;-0.001952573;0.0075712665;0.009840061;0.026343465;0.268462;0.0006685086;-0.20071337;0.0057181553;-0.053999525;-0.008929853;0.0;0.0;2.0558307;0.00045358733;0.0004647033;0.0006821711;141.16492;181.34787;0.009129332;916351.8;936759.94;0.20981798;4.6181881e-07;4.6632508e-07;4.174738e-07;0.0015212994;0.0068444773;1.2827657e-05;9.061082e-06;6.9175367e-06;1.1856468e-05;6.4074366e-06;1.6151525e-05;1.1212895e-05;1.0;1.0;1073.282;25
1419613874;1419425144;0.08411099;-0.0023791848;0.005714962;0.99643725;76.96323;1.2641703;0.045974128;0.0;0.0;2.3104675;-0.006477108;0.00025815048;-0.0019505536;0.0075712665;0.009840061;0.026352521;0.26843375;0.0006671041;-0.20074321;0.0056975977;-0.0539737;-0.008943199;0.0;0.0;2.0558307;0.00045364324;0.00046478005;0.000681892;141.93309;182.40872;0.0091904;926946.44;948599.5;0.21256699;4.6182453e-07;4.6633164e-07;4.1733927e-07;0.0015213469;0.0068445248;1.28216e-05;9.059726e-06;6.9039647e-06;1.1857966e-05;6.4049414e-06;1.6144651e-05;1.1211594e-05;1.0;1.0;1080.7904;25
1420108380;1419919917;0.07852367;-0.0026963602;0.00026218244;0.9969086;77.084175;1.2644027;0.040465612;0.0;0.0;2.3163807;-0.0064708116;0.00026058906;-0.0019482946;0.0075712665;0.009840061;0.026366338;0.26841402;0.0006657664;-0.2007625;0.0056844633;-0.053961713;-0.008955842;0.0;0.0;2.0558307;0.00045368198;0.00046485278;0.00068223686;142.67908;183.45975;0.009159209;937448.8;960316.6;0.2110301;4.6180804e-07;4.6633582e-07;4.176944e-07;0.0015213934;0.0068445713;1.28087695e-05;9.0588255e-06;6.8929994e-06;1.185968e-05;6.40288e-06;1.613935e-05;1.1210267e-05;1.0;1.0;1088.1759;25
1420613048;1420424584;0.075589806;-0.0006684251;-0.0019666743;0.9971369;77.21228;1.2636634;0.038880646;0.0;0.0;2.3225293;-0.006466395;0.00026421263;-0.0019499852;0.0075712665;0.009840061;0.026381923;0.26838657;0.00066411914;-0.20077422;0.005671193;-0.053952124;-0.008975124;0.0;0.0;2.0558307;0.00045367962;0.00046492493;0.00068194827;143.43323;184.53519;0.009135638;948243.0;972378.7;0.21013498;4.617961e-07;4.6633954e-07;4.17554e-07;0.0015214409;0.006844619;1.2796876e-05;9.057546e-06;6.8795516e-06;1.1860911e-05;6.4003652e-06;1.6134447e-05;1.1208659e-05;1.0;1.0;1095.7338;25
1421108158;1420919356;0.07147442;-0.0077840774;0.005119902;0.9973989;77.3476;1.2632943;0.03384259;0.0;0.0;2.321922;-0.0064623775;0.00026655404;-0.0019492016;0.0075712665;0.009840061;0.026405899;0.26836425;0.0006624982;-0.2007913;0.0056567946;-0.05394591;-0.00899201;0.0;0.0;2.0558307;0.00045374653;0.0004649927;0.0006815471;144.16878;185.59875;0.009173804;958919.75;984314.75;0.21225068;4.6180136e-07;4.6634347e-07;4.173423e-07;0.0015214875;0.0068446654;1.2790175e-05;9.056439e-06;6.8660765e-06;1.1862179e-05;6.3979887e-06;1.6130003e-05;1.1207193e-05;1.0;1.0;1103.1674;25
1421612592;1421424024;0.07145658;-9.018225e-06;-0.00178299;0.9974422;77.46007;1.2658471;0.031114187;0.0;0.0;2.325841;-0.0064563663;0.00026974198;-0.0019456974;0.0075712665;0.009840061;0.026423234;0.2683444;0.00066117564;-0.20080817;0.0056467014;-0.0539323;-0.009003461;0.0;0.0;2.0558307;0.00045380174;0.00046505907;0.0006820405;144.92436;186.68524;0.009155174;969908.0;996603.3;0.21135105;4.6179144e-07;4.6634588e-07;4.1777437e-07;0.001521535;0.006844713;1.2778427e-05;9.05558e-06;6.8553754e-06;1.1863594e-05;6.3959274e-06;1.6125863e-05;1.120585e-05;1.0;1.0;1110.7745;25
1422117285;1421928691;0.07005268;0.0041491366;-0.0064564575;0.99751383;77.57941;1.2653618;0.041378163;0.0;0.0;2.326387;-0.0064498563;0.00027230327;-0.0019438541;0.0075712665;0.009840061;0.026443064;0.26832157;0.0006596389;-0.20082678;0.0056348625;-0.053914696;-0.009015458;0.0;0.0;2.0558307;0.00045374958;0.00046511978;0.000681789;144.04437;173.93233;0.009139039;969675.5;917282.4;0.2104511;4.614122e-07;4.6633502e-07;4.1745687e-07;0.0015215825;0.0068447604;1.275115e-05;9.054049e-06;6.842055e-06;1.1862343e-05;6.3934117e-06;1.6121547e-05;1.1203973e-05;1.0;1.0;1118.4047;25
1422611920;1422423462;0.06729579;-0.009625631;0.0052067214;0.99767315;77.70411;1.2670525;0.033980835;0.0;0.0;2.3239024;-0.00644413;0.00027587984;-0.0019414524;0.0075712665;0.009840061;0.02646505;0.2682953;0.0006580906;-0.20084058;0.0056215934;-0.05390276;-0.009032499;0.0;0.0;2.0558307;0.00045379225;0.00046518008;0.0006815031;144.7734;174.96458;0.009187353;980480.2;928445.5;0.21258508;4.614159e-07;4.6633645e-07;4.1724428e-07;0.001521629;0.006844807;1.2744706e-05;9.052762e-06;6.8287677e-06;1.1862672e-05;6.390874e-06;1.6117887e-05;1.1202345e-05;1.0;1.0;1125.9076;25
1423116607;1422928130;0.06770707;0.0051642084;0.0039973194;0.9976839;77.828186;1.2639314;0.03427949;0.0;0.0;2.3288732;-0.006440141;0.0002791819;-0.0019413782;0.0075712665;0.009840061;0.02648246;0.2682718;0.0006567246;-0.2008526;0.0056075477;-0.05389844;-0.009050611;0.0;0.0;2.0558307;0.00045380357;0.00046523783;0.0006820126;145.51712;176.01802;0.009162989;991611.44;939939.2;0.2116697;4.6140457e-07;4.6633605e-07;4.1767495e-07;0.0015216765;0.0068448544;1.2733127e-05;9.051717e-06;6.8182276e-06;1.1863835e-05;6.3886523e-06;1.6114283e-05;1.1200706e-05;1.0;1.0;1133.5841;25
1423611357;1423422901;0.06832422;-0.0037244793;0.006899175;0.99763244;77.94311;1.2706237;0.03907458;0.0;0.0;2.322288;-0.006434438;0.0002800408;-0.0019441247;0.0075712665;0.009840061;0.026510902;0.2682544;0.0006550575;-0.20086707;0.0055957115;-0.05389401;-0.009064243;0.0;0.0;2.0558307;0.00045383195;0.0004643307;0.0006805076;133.67255;174.69925;0.009122482;911470.2;941107.7;0.21015695;4.613857e-07;4.6632465e-07;4.1744988e-07;0.0015217231;0.006844901;1.2720735e-05;8.960406e-06;6.805064e-06;1.1842341e-05;6.3741327e-06;1.6033262e-05;1.11744885e-05;1.0;1.0;1141.1343;25
1424106122;1423917673;0.07300894;-0.0024977135;0.006482108;0.9973072;78.08085;1.2757548;0.03465632;0.0;0.0;2.3216848;-0.006428601;0.0002833633;-0.0019452325;0.0075712665;0.009840061;0.026530912;0.268232;0.0006534854;-0.200884;0.005582311;-0.053883284;-0.009079085;0.0;0.0;2.0558307;0.00045389796;0.00046443267;0.00068014173;134.35905;175.71933;0.009171865;921591.1;952433.3;0.21226677;4.613938e-07;4.66322e-07;4.1723743e-07;0.0015217697;0.0068449476;1.2714411e-05;8.959626e-06;6.7919646e-06;1.1843466e-05;6.3718408e-06;1.6029628e-05;1.1173151e-05;1.0;1.0;1148.7081;25
1424610826;1424422344;0.07289721;0.0026377747;0.000633437;0.9973358;78.20482;1.2747519;0.025445705;0.0;0.0;2.3310275;-0.006423183;0.00028718635;-0.0019424164;0.0075712665;0.009840061;0.026538748;0.26820716;0.00065226626;-0.20090082;0.005566984;-0.053869262;-0.009094092;0.0;0.0;2.0558307;0.00045389353;0.00046453145;0.00068068947;135.06967;176.7606;0.009157135;932001.75;964092.9;0.21135522;4.6138769e-07;4.6631772e-07;4.1766725e-07;0.0015218172;0.006844995;1.2703045e-05;8.958902e-06;6.781584e-06;1.1844838e-05;6.369707e-06;1.6025991e-05;1.1171749e-05;1.0;1.0;1156.4591;25
1425115730;1424927007;0.07771043;0.005784656;0.0033842209;0.9969535;78.33054;1.2761965;0.034291282;0.0;0.0;2.3422399;-0.0064184084;0.00028996146;-0.0019433469;0.0075712665;0.009840061;0.026546488;0.26818234;0.00065078476;-0.20092021;0.005551645;-0.053852834;-0.009108154;0.0;0.0;2.0558307;0.00045389944;0.0004646276;0.0006804331;135.77805;177.80205;0.009135259;942485.75;975858.8;0.21046789;4.613833e-07;4.6631192e-07;4.1752298e-07;0.0015218647;0.0068450426;1.26918185e-05;8.95803e-06;6.7687015e-06;1.1846036e-05;6.3673733e-06;1.6021932e-05;1.1170386e-05;1.0;1.0;1164.2338;25
1425610650;1425421778;0.0760831;0.0010917484;-0.004351766;0.9970915;78.46548;1.2840831;0.03249824;0.0;0.0;2.3447218;-0.006413167;0.00029390742;-0.001942661;0.0075712665;0.009840061;0.026563533;0.2681553;0.0006493513;-0.20094135;0.005535548;-0.05383403;-0.009122839;0.0;0.0;2.0558307;0.0004539407;0.00046471914;0.0006800831;136.47707;178.82616;0.009183078;952843.6;987498.2;0.21259879;4.6139604e-07;4.6630706e-07;4.173078e-07;0.0015219112;0.006845089;1.2685769e-05;8.957149e-06;6.7557844e-06;1.1847202e-05;6.365072e-06;1.6017602e-05;1.116903e-05;1.0;1.0;1171.8813;25
1426115266;1425926445;0.07280195;-0.00077351806;-4.0562536e-05;0.99734616;78.59374;1.29795;0.036459308;0.0;0.0;2.3387969;-0.006407228;0.00029698352;-0.0019433681;0.0075712665;0.009840061;0.026592713;0.26813188;0.0006478373;-0.20095813;0.0055230632;-0.053819202;-0.0091361785;0.0;0.0;2.0558307;0.00045394787;0.00046480756;0.00067982177;137.18805;179.8735;0.009159454;963499.2;999478.7;0.21168834;4.6139397e-07;4.662998e-07;4.171618e-07;0.0015219587;0.0068451366;1.26746445e-05;8.9563155e-06;6.7430287e-06;1.1848412e-05;6.3627863e-06;1.601364e-05;1.1167667e-05;1.0;1.0;1179.7058;25
1426609713;1426421216;0.071940094;-0.0048873327;0.0038141657;0.99738973;78.69282;1.310348;0.045584105;0.0;0.0;2.3245935;-0.0064009447;0.00029953168;-0.00194325;0.0075712665;0.009840061;0.026629891;0.2681162;0.00064650417;-0.20097125;0.005517181;-0.053806063;-0.009143519;0.0;0.0;2.0558307;0.00045392272;0.00046488977;0.0006801652;136.53603;167.81526;0.009123049;964255.2;919399.1;0.21017739;4.6106467e-07;4.6628128e-07;4.1735203e-07;0.0015220053;0.006845183;1.2647939e-05;8.955764e-06;6.732703e-06;1.1848654e-05;6.360886e-06;1.6010059e-05;1.1165868e-05;1.0;1.0;1187.3998;25
1427114391;1426925882;0.07053682;-0.0026069405;0.0029563915;0.99750143;78.833824;1.3233325;0.03621501;0.0;0.0;2.3200805;-0.006395058;0.0003032997;-0.0019398672;0.0075712665;0.009840061;0.026654758;0.2680946;0.00064503524;-0.20099148;0.005504265;-0.05379357;-0.00915703;0.0;0.0;2.0558307;0.00045397802;0.000464971;0.0006798456;137.23895;168.83192;0.009101583;974978.0;930497.3;0.20928018;4.6105941e-07;4.6627315e-07;4.172071e-07;0.0015220528;0.0068452307;1.2637033e-05;8.955101e-06;6.720064e-06;1.1850132e-05;6.3587636e-06;1.6006283e-05;1.1164598e-05;1.0;1.0;1195.272;25
1427609458;1427420653;0.08031749;0.0017650882;0.0116584785;0.99669963;78.964035;1.334323;0.035937298;0.0;0.0;2.310202;-0.0063883234;0.00030629447;-0.0019393032;0.0075712665;0.009840061;0.026685221;0.26807263;0.00064360414;-0.20101498;0.0054889377;-0.053776305;-0.009168745;0.0;0.0;2.0558307;0.00045405273;0.00046504848;0.0006794802;137.93355;169.82999;0.009150128;985562.6;941476.94;0.21138766;4.6107135e-07;4.6626582e-07;4.169919e-07;0.0015220994;0.0068452773;1.26312625e-05;8.954345e-06;6.7073897e-06;1.1851283e-05;6.3565935e-06;1.6002166e-05;1.1163302e-05;1.0;1.0;1203.0142;25
1428113777;1427925320;0.079585075;-0.0025465258;-0.0023900045;0.996822;79.08537;1.3478069;0.028018141;0.0;0.0;2.2952511;-0.006381986;0.0003096692;-0.00193742;0.0075712665;0.009840061;0.026721796;0.26805115;0.0006424075;-0.20103537;0.0054770955;-0.053758096;-0.009179008;0.0;0.0;2.0558307;0.00045409377;0.0004651243;0.0006799405;138.65294;170.84698;0.009130627;996455.8;952779.44;0.2104864;4.6106902e-07;4.6625652e-07;4.1742106e-07;0.0015221469;0.0068453248;1.2620542e-05;8.953822e-06;6.697371e-06;1.1853245e-05;6.354728e-06;1.5997506e-05;1.11620375e-05;1.0;1.0;1210.9382;25
1428608553;1428420091;0.07915045;0.0016457099;0.0033759794;0.9968557;79.21713;1.3636824;0.034657475;0.0;0.0;2.2895632;-0.0063764113;0.0003126511;-0.0019382659;0.0075712665;0.009840061;0.026745668;0.26803175;0.0006409168;-0.20105517;0.0054655066;-0.05374391;-0.009189916;0.0;0.0;2.0558307;0.00045418716;0.00046434382;0.000678467;127.44414;169.8077;0.009174377;915680.6;954902.5;0.21261732;4.6107553e-07;4.662383e-07;4.1720392e-07;0.0015221934;0.0068453713;1.2614816e-05;8.872007e-06;6.6848106e-06;1.1834838e-05;6.341823e-06;1.592264e-05;1.1138388e-05;1.0;1.0;1218.7306;25
1429113286;1428924757;0.080102056;0.00044256364;0.0037311532;0.9967797;79.36005;1.3727667;0.041245624;0.0;0.0;2.296626;-0.0063720187;0.00031511727;-0.0019385506;0.0075712665;0.009840061;0.026754785;0.2680091;0.00063947676;-0.20107624;0.005448546;-0.053732567;-0.009204655;0.0;0.0;2.0558307;0.00045421012;0.0004644542;0.0006781364;128.11313;170.81271;0.009149433;925783.06;966276.25;0.21171394;4.610756e-07;4.662265e-07;4.170633e-07;0.0015222409;0.006845419;1.2604265e-05;8.871525e-06;6.672409e-06;1.1836667e-05;6.339737e-06;1.591831e-05;1.1137115e-05;1.0;1.0;1226.706;25
1429611701;1429419528;0.08145144;0.0011780108;0.0001478766;0.9966767;79.48765;1.3845285;0.027850367;0.0;0.0;2.2956407;-0.0063662683;0.00031914518;-0.0019388595;0.0075712665;0.009840061;0.026771804;0.26798487;0.0006383055;-0.20109542;0.0054314863;-0.053717684;-0.009218412;0.0;0.0;2.0558307;0.00045418332;0.00046455875;0.0006785654;128.7797;171.80023;0.009119596;935765.2;977526.94;0.21019062;4.6107397e-07;4.6621284e-07;4.1741708e-07;0.0015222875;0.0068454654;1.2592965e-05;8.871055e-06;6.6624416e-06;1.1838402e-05;6.337758e-06;1.5914396e-05;1.1135884e-05;1.0;1.0;1234.5519;25
1430112676;1429924194;0.08114255;0.0032917135;-0.0037339253;0.9966901;79.62662;1.3906859;0.027309865;0.0;0.0;2.3038046;-0.006361398;0.00032285677;-0.001938343;0.0075712665;0.009840061;0.0267793;0.26795787;0.0006369694;-0.20111787;0.005416559;-0.053693373;-0.009230495;0.0;0.0;2.0558307;0.00045418978;0.00046466134;0.0006783035;129.4593;172.80814;0.009101114;946016.44;989106.75;0.20930569;4.6107726e-07;4.6619903e-07;4.1727412e-07;0.001522335;0.006845513;1.25825945e-05;8.870516e-06;6.6501516e-06;1.1839938e-05;6.3356288e-06;1.590982e-05;1.1134718e-05;1.0;1.0;1242.5815;25
1430607417;1430418964;0.07227417;0.0032833617;-0.003823356;0.9973721;79.77808;1.3992965;0.03554522;0.0;0.0;2.3119004;-0.006356489;0.00032626739;-0.0019354102;0.0075712665;0.009840061;0.026787406;0.26793376;0.0006356812;-0.20114642;0.0053962646;-0.05367458;-0.009243562;0.0;0.0;2.0558307;0.00045416548;0.0004647592;0.0006779458;129.0112;161.42802;0.00914808;947768.6;909601.9;0.21141645;4.6081774e-07;4.6617635e-07;4.169198e-07;0.0015223816;0.0068455595;1.2562935e-05;8.86999e-06;6.637774e-06;1.1840005e-05;6.3334983e-06;1.5906047e-05;1.1132678e-05;1.0;1.0;1250.4808;25
1431112250;1430923630;0.07583499;-0.00066850573;0.0053084306;0.9971061;79.907486;1.4041656;0.039720524;0.0;0.0;2.3154848;-0.006352199;0.0003283396;-0.0019350478;0.0075712665;0.009840061;0.02680288;0.2679168;0.0006343777;-0.20115909;0.005386454;-0.053670622;-0.009257006;0.0;0.0;2.0558307;0.00045421268;0.0004648505;0.00067838654;129.67517;162.41144;0.009122751;958116.6;920324.4;0.21051052;4.6081814e-07;4.6616162e-07;4.173475e-07;0.001522429;0.006845607;1.2552738e-05;8.869802e-06;6.62805e-06;1.1841989e-05;6.3317475e-06;1.5902526e-05;1.1131388e-05;1.0;1.0;1258.5671;25
1431607118;1431418400;0.068983965;0.005030135;0.0065437015;0.9975836;80.04844;1.4086227;0.03517266;0.0;0.0;2.3262165;-0.0063465135;0.00033137048;-0.001932909;0.0075712665;0.009840061;0.02680842;0.26789513;0.0006329841;-0.2011794;0.0053719934;-0.05365702;-0.009269995;0.0;0.0;2.0558307;0.00045427764;0.00046493884;0.00067805196;130.32913;163.3798;0.00917538;968323.44;930932.44;0.21264756;4.60835e-07;4.6614883e-07;4.171328e-07;0.0015224756;0.0068456535;1.2547664e-05;8.869351e-06;6.615832e-06;1.1843104e-05;6.329688e-06;1.5899202e-05;1.1130206e-05;1.0;1.0;1266.5226;25
1432111553;1431923066;0.06708494;-0.0018989049;-0.00037095996;0.9977454;80.20416;1.415891;0.033430845;0.0;0.0;2.3394194;-0.006342865;0.00033530887;-0.0019323941;0.0075712665;0.009840061;0.026811741;0.26786715;0.00063154317;-0.20119227;0.0053567016;-0.053649154;-0.009290204;0.0;0.0;2.0558307;0.00045426073;0.0004650226;0.0006778376;130.99086;164.37001;0.009154407;978820.7;941851.75;0.21175945;4.6083736e-07;4.6613354e-07;4.16988e-07;0.0015225231;0.006845701;1.2537729e-05;8.868779e-06;6.603769e-06;1.1843879e-05;6.3274624e-06;1.589644e-05;1.1128724e-05;1.0;1.0;1274.6656;25
1432616455;1432427732;0.067799546;-0.0013344286;0.0051169973;0.99768496;80.344185;1.4280523;0.029430816;0.0;0.0;2.3370848;-0.0063374466;0.00033843092;-0.0019313692;0.0075712665;0.009840061;0.0268345;0.26784664;0.00063008437;-0.20120808;0.005345096;-0.053640082;-0.009303898;0.0;0.0;2.0558307;0.00045429103;0.00046510136;0.0006775813;131.65343;165.36494;0.009132864;989403.5;952868.7;0.21086493;4.608411e-07;4.6611765e-07;4.1684333e-07;0.0015225706;0.0068457485;1.2527846e-05;8.868394e-06;6.591765e-06;1.1844871e-05;6.3253997e-06;1.5893573e-05;1.1127434e-05;1.0;1.0;1282.8356;25
1433111117;1432922502;0.064054824;0.011044288;0.006091516;0.99786675;80.46424;1.4491808;0.039044976;0.0;0.0;2.3361096;-0.0063286605;0.0003418171;-0.0019260454;0.0075712665;0.009840061;0.02685338;0.2678268;0.00062896434;-0.20122634;0.0053335363;-0.053623833;-0.009313851;0.0;0.0;2.0558307;0.00045430797;0.00046517607;0.0006780611;132.30978;166.34007;0.009108862;999859.44;963767.56;0.20936196;4.6084227e-07;4.6610285e-07;4.171955e-07;0.0015226172;0.006845795;1.251724e-05;8.86812e-06;6.582137e-06;1.1845735e-05;6.323544e-06;1.5890722e-05;1.1126171e-05;1.0;1.0;1290.872;25
1433615624;1433427167;0.0638302;-0.00085057993;-0.0017129537;0.99795896;80.61182;1.4642355;0.040227953;0.0;0.0;2.3392797;-0.0063246735;0.00034498848;-0.0019290302;0.0075712665;0.009840061;0.026868597;0.26780427;0.0006274423;-0.20123717;0.005319015;-0.053623315;-0.009333283;0.0;0.0;2.0558307;0.0004543271;0.00046448814;0.00067689363;121.679146;165.57442;0.009166686;918780.7;966947.75;0.21210231;4.6085788e-07;4.660778e-07;4.1704962e-07;0.0015226647;0.0068458426;1.2513103e-05;8.794336e-06;6.5702393e-06;1.1828177e-05;6.311565e-06;1.582446e-05;1.1104198e-05;1.0;1.0;1299.0985;25
1434110634;1433921937;0.061167948;-0.006980199;-0.0074937665;0.99807495;80.73634;1.4817692;0.027599027;0.0;0.0;2.337207;-0.0063200165;0.00034884285;-0.0019260515;0.0075712665;0.009840061;0.026889775;0.2677863;0.00062605314;-0.20125407;0.0053090095;-0.053610332;-0.009343048;0.0;0.0;2.0558307;0.0004543429;0.00046458963;0.0006766003;122.2872;166.54643;0.009127183;928474.1;977922.9;0.21058334;4.608613e-07;4.660593e-07;4.168265e-07;0.0015227112;0.006845889;1.2502652e-05;8.794107e-06;6.5583017e-06;1.1828544e-05;6.3095063e-06;1.5822101e-05;1.1102901e-05;1.0;1.0;1307.1884;25
1434605192;1434416707;0.058910247;0.0017998269;0.0013532088;0.9982608;80.84192;1.5017344;0.036708303;0.0;0.0;2.3372927;-0.006312991;0.0003523745;-0.001922209;0.0075712665;0.009840061;0.026906993;0.26777056;0.0006248651;-0.20126753;0.005300846;-0.053599864;-0.009351998;0.0;0.0;2.0558307;0.00045437182;0.00046468643;0.0006770666;122.89622;167.5197;0.0090951035;938251.25;988996.3;0.20909314;4.608648e-07;4.6604083e-07;4.1717848e-07;0.0015227578;0.0068459357;1.249234e-05;8.794077e-06;6.548814e-06;1.1829267e-05;6.3076823e-06;1.5819884e-05;1.11016225e-05;1.0;1.0;1315.3008;25
1435110027;1434921373;0.058424853;-0.0013356463;0.0029645236;0.9982866;80.96747;1.5174465;0.03813465;0.0;0.0;2.3404093;-0.0063088466;0.00035576653;-0.0019200435;0.0075712665;0.009840061;0.026921153;0.26775333;0.0006234415;-0.20128249;0.005289917;-0.05359293;-0.009363751;0.0;0.0;2.0558307;0.0004543679;0.0004647802;0.0006767815;122.59682;156.74597;0.009149953;941042.0;909447.75;0.21184401;4.606488e-07;4.660146e-07;4.169193e-07;0.0015228053;0.006845983;1.2474749e-05;8.793776e-06;6.5370386e-06;1.1829184e-05;6.3055995e-06;1.5817594e-05;1.109921e-05;1.0;1.0;1323.601;25
1435614526;1435426038;0.058628917;-0.006259847;0.0057360395;0.99824375;81.09208;1.5294814;0.038156766;0.0;0.0;2.3459575;-0.006302772;0.00036034323;-0.0019174423;0.0075712665;0.009840061;0.026930463;0.2677363;0.00062204344;-0.20129935;0.005279704;-0.053582285;-0.009374166;0.0;0.0;2.0558307;0.00045440844;0.00046486885;0.0006765532;123.21202;157.7117;0.009133337;951083.94;919907.94;0.2109426;4.6065287e-07;4.659953e-07;4.1677578e-07;0.0015228528;0.0068460307;1.24653725e-05;8.793631e-06;6.5253616e-06;1.1829756e-05;6.3036096e-06;1.58155e-05;1.1097941e-05;1.0;1.0;1331.9254;25
1436109293;1435920807;0.058274735;0.009576489;0.0023038303;0.99825203;81.20216;1.5443252;0.037554856;0.0;0.0;2.3449728;-0.0062972596;0.0003636914;-0.0019147287;0.0075712665;0.009840061;0.026950834;0.2677185;0.0006208646;-0.20131084;0.005271067;-0.05357218;-0.009384601;0.0;0.0;2.0558307;0.00045441336;0.00046495293;0.00067703787;123.81986;158.66103;0.009099879;961008.2;930253.6;0.20943974;4.6065463e-07;4.659765e-07;4.171298e-07;0.0015228994;0.0068460773;1.2455288e-05;8.793546e-06;6.516013e-06;1.183035e-05;6.3017774e-06;1.5813488e-05;1.1096564e-05;1.0;1.0;1340.1089;25
1436614611;1436425473;0.062004007;0.0035548878;0.01069911;0.9980123;81.34092;1.5621989;0.034994826;0.0;0.0;2.344559;-0.0062905997;0.00036742847;-0.0019115391;0.0075712665;0.009840061;0.026967099;0.26769555;0.00061954866;-0.20132838;0.005256152;-0.053559873;-0.0093987025;0.0;0.0;2.0558307;0.00045443446;0.00046503678;0.00067689456;124.44106;159.6347;0.009165168;971200.44;940901.2;0.21217653;4.6067927e-07;4.6595946e-07;4.1699198e-07;0.0015229469;0.006846125;1.2451768e-05;8.793188e-06;6.50444e-06;1.1830377e-05;6.2996332e-06;1.5811454e-05;1.1095022e-05;1.0;1.0;1348.4827;25
1437109367;1436920242;0.06332786;-0.005544648;0.0077440836;0.99794734;81.46835;1.573011;0.02696966;0.0;0.0;2.3439302;-0.006285802;0.00036977316;-0.0019119348;0.0075712665;0.009840061;0.026985541;0.26768032;0.0006180907;-0.2013427;0.005246836;-0.05355414;-0.00940995;0.0;0.0;2.0558307;0.0004544645;0.00046511384;0.00067645626;125.050476;160.59142;0.009128888;981280.25;951431.6;0.21065634;4.6068303e-07;4.6594053e-07;4.1677066e-07;0.0015229934;0.0068461713;1.2441801e-05;8.79312e-06;6.4928245e-06;1.1831634e-05;6.2978065e-06;1.5809204e-05;1.1093777e-05;1.0;1.0;1356.7189;25
1437613361;1437424907;0.06290179;0.0041916743;0.0028635687;0.9980068;81.571396;1.5905535;0.03566547;0.0;0.0;2.3388128;-0.0062781107;0.00037323535;-0.0019100786;0.0075712665;0.009840061;0.027008295;0.26766658;0.00061692845;-0.201358;0.005239331;-0.0535405;-0.009416062;0.0;0.0;2.0558307;0.0004544993;0.00046518928;0.00067699887;125.68084;161.56424;0.009117489;991640.06;962269.3;0.2097755;4.6069107e-07;4.6592191e-07;4.1720236e-07;0.0015230409;0.006846219;1.2432754e-05;8.793228e-06;6.4837086e-06;1.183279e-05;6.2961603e-06;1.5806809e-05;1.1092601e-05;1.0;1.0;1365.1432;25
1438108136;1437919677;0.06354241;0.0006203684;-0.0040442385;0.99797076;81.70679;1.603156;0.032036994;0.0;0.0;2.3367436;-0.0062740273;0.00037408245;-0.0019082669;0.0075712665;0.009840061;0.02702854;0.26765063;0.00061559473;-0.20137882;0.0052263504;-0.053529024;-0.009425764;0.0;0.0;2.0558307;0.00045456045;0.0004645531;0.00067579193;115.628845;161.00093;0.009156842;910797.06;965984.0;0.21189933;4.6070608e-07;4.6589574e-07;4.1698488e-07;0.0015230875;0.0068462654;1.2428402e-05;8.72663e-06;6.4721958e-06;1.1816971e-05;6.2855015e-06;1.5746342e-05;1.1072914e-05;1.0;1.0;1373.4287;25
1438612917;1438424341;0.06596524;-0.0051265005;-0.0018336535;0.9978071;81.85101;1.6199588;0.03603293;0.0;0.0;2.3323367;-0.0062694186;0.00037802057;-0.0019059668;0.0075712665;0.009840061;0.027049324;0.26763126;0.00061431155;-0.20139904;0.005214587;-0.053511728;-0.009434961;0.0;0.0;2.0558307;0.0004545743;0.0004646595;0.0006755845;116.21829;161.96579;0.009133824;920388.3;976910.6;0.21100245;4.6071617e-07;4.6587508e-07;4.1684524e-07;0.001523135;0.006846313;1.2419447e-05;8.726715e-06;6.4608353e-06;1.1817683e-05;6.283636e-06;1.5744103e-05;1.1071755e-05;1.0;1.0;1381.9071;25
1439107706;1438919111;0.065806575;0.0006145497;0.008854155;0.99779296;81.96241;1.6317635;0.020981641;0.0;0.0;2.3329263;-0.0062637357;0.00038096655;-0.0019041093;0.0075712665;0.009840061;0.027063519;0.2676161;0.0006131955;-0.2014149;0.0052069267;-0.05349591;-0.009440941;0.0;0.0;2.0558307;0.00045459758;0.00046476047;0.00067603035;116.80489;162.91919;0.009101028;929870.94;987716.25;0.20948559;4.6072387e-07;4.658551e-07;4.1720295e-07;0.0015231816;0.0068463595;1.2409732e-05;8.727045e-06;6.4517553e-06;1.1818884e-05;6.282066e-06;1.5741809e-05;1.10707615e-05;1.0;1.0;1390.2439;25
1439612274;1439423775;0.05888489;0.00061154104;0.006302849;0.99824476;82.11131;1.648679;0.040431965;0.0;0.0;2.3307917;-0.006259565;0.0003841494;-0.0019033222;0.0075712665;0.009840061;0.027083036;0.26759493;0.00061183807;-0.20142922;0.00519414;-0.053488433;-0.009455739;0.0;0.0;2.0558307;0.00045463;0.00046485753;0.0006757826;117.393105;163.89125;0.009158231;939617.44;998835.4;0.21222673;4.6075343e-07;4.6583614e-07;4.1707122e-07;0.0015232291;0.006846407;1.24065955e-05;8.7270855e-06;6.440495e-06;1.1819874e-05;6.2801782e-06;1.5739863e-05;1.1069491e-05;1.0;1.0;1398.7756;25
1440117030;1439928440;0.06084771;0.012639551;0.004612113;0.99805635;82.25511;1.6682584;0.02228334;0.0;0.0;2.3293998;-0.006253406;0.00038805828;-0.0019031058;0.0075712665;0.009840061;0.02710051;0.26757112;0.0006104986;-0.2014426;0.00518015;-0.05347931;-0.009471625;0.0;0.0;2.0558307;0.00045452398;0.0004649454;0.00067553314;117.22182;153.60773;0.009142958;943084.2;918234.44;0.21132585;4.6055422e-07;4.6580712e-07;4.1682554e-07;0.0015232766;0.0068464545;1.2384307e-05;8.726603e-06;6.429253e-06;1.1819559e-05;6.2780546e-06;1.5737656e-05;1.1066713e-05;1.0;1.0;1407.3356;25
1440612025;1440423209;0.062648974;0.0003128478;0.0012147852;0.99803483;82.383514;1.6804107;0.034323383;0.0;0.0;2.337095;-0.0062492704;0.0003906649;-0.0019064519;0.0075712665;0.009840061;0.027105117;0.26755038;0.0006090889;-0.20145342;0.0051693716;-0.05347071;-0.009485213;0.0;0.0;2.0558307;0.00045447864;0.00046503101;0.0006752254;117.79822;154.53676;0.009106211;952711.06;928326.7;0.20979968;4.6056147e-07;4.6578614e-07;4.1660397e-07;0.0015233231;0.006846501;1.2374765e-05;8.726498e-06;6.418001e-06;1.182006e-05;6.2760896e-06;1.5735859e-05;1.106532e-05;1.0;1.0;1415.7563;25
1441106558;1440917978;0.05789416;-0.0021864404;0.0132558895;0.9982323;82.49782;1.696491;0.023410376;0.0;0.0;2.3328006;-0.006243228;0.0003936905;-0.0019059337;0.0075712665;0.009840061;0.02712445;0.26753533;0.0006078804;-0.20146222;0.0051634717;-0.05346428;-0.00949512;0.0;0.0;2.0558307;0.0004545284;0.00046511114;0.00067564426;118.378174;155.4749;0.009156239;962426.8;938507.06;0.21193403;4.6058761e-07;4.6576727e-07;4.169624e-07;0.0015233697;0.0068465476;1.2371028e-05;8.726767e-06;6.4090964e-06;1.1821369e-05;6.2745057e-06;1.5734195e-05;1.1064155e-05;1.0;1.0;1424.2008;25
1441611104;1441422642;0.058178555;0.005350998;0.00038216854;0.99829185;82.6434;1.7124504;0.024358617;0.0;0.0;2.3313684;-0.0062382217;0.00039682767;-0.0019071349;0.0075712665;0.009840061;0.027142778;0.26751694;0.0006064886;-0.20147677;0.0051521254;-0.053458087;-0.009508564;0.0;0.0;2.0558307;0.00045452907;0.0004651862;0.0006753731;118.96569;156.43076;0.009138535;972405.0;948984.1;0.21104991;4.6060026e-07;4.657468e-07;4.1681892e-07;0.0015234172;0.006846595;1.2362538e-05;8.7268145e-06;6.398039e-06;1.1822137e-05;6.2726645e-06;1.5732445e-05;1.106276e-05;1.0;1.0;1432.8413;25
1442116011;1441927306;0.057837505;-0.00199308;0.001317875;0.9983232;82.771286;1.7307078;0.03289094;0.0;0.0;2.3288019;-0.006233041;0.00039990596;-0.0019045945;0.0075712665;0.009840061;0.027160022;0.26750025;0.00060518365;-0.20149311;0.005143338;-0.053444277;-0.009516731;0.0;0.0;2.0558307;0.00045454194;0.00046525837;0.0006751742;119.55358;157.38893;0.009114637;982453.0;959556.44;0.21016103;4.6061345e-07;4.6572723e-07;4.166762e-07;0.0015234647;0.0068466426;1.2354095e-05;8.726874e-06;6.387035e-06;1.1822439e-05;6.2708377e-06;1.5730706e-05;1.1061489e-05;1.0;1.0;1441.5092;25
1442610755;1442422075;0.058184166;0.0055295518;0.0051770797;0.9982772;82.89821;1.7571839;0.027974984;0.0;0.0;2.3197868;-0.0062265014;0.00040431396;-0.0019026215;0.0075712665;0.009840061;0.027184414;0.26748055;0.0006040734;-0.20150475;0.005134673;-0.05343276;-0.009527893;0.0;0.0;2.0558307;0.0004545616;0.00046532872;0.00067566364;120.137955;158.33139;0.009166494;992384.94;970012.56;0.21230102;4.6064162e-07;4.6570972e-07;4.170366e-07;0.0015235113;0.006846689;1.2350592e-05;8.727024e-06;6.3782577e-06;1.1823305e-05;6.2691824e-06;1.5729127e-05;1.1060238e-05;1.0;1.0;1450.0327;25
1443115266;1442926739;0.053711895;0.0012298041;0.007632666;0.9985266;83.03626;1.7852551;0.030377936;0.0;0.0;2.301083;-0.0062197265;0.00040715653;-0.001899801;0.0075712665;0.009840061;0.027219333;0.2674602;0.0006027502;-0.20151612;0.0051266276;-0.05342232;-0.009539858;0.0;0.0;2.0558307;0.00045455733;0.00046475587;0.0006746808;110.60439;157.96239;0.009145456;911450.1;974574.2;0.21140517;4.6064793e-07;4.656816e-07;4.1688762e-07;0.0015235587;0.0068467367;1.2342071e-05;8.666719e-06;6.367348e-06;1.1808364e-05;6.259409e-06;1.567442e-05;1.1042125e-05;1.0;1.0;1458.7557;25
1444114766;1443926172;0.062591255;0.0012279252;-0.00035622338;0.99803853;83.277466;1.8092825;0.019852959;0.0;0.0;2.305352;-0.0062112496;0.00041316953;-0.0019029703;0.0075712665;0.009840061;0.02723936;0.26743427;0.00060015096;-0.20154043;0.0051109977;-0.053411447;-0.009558567;0.0;0.0;2.0558307;0.00045458623;0.0004649343;0.0006747596;111.70653;159.85985;0.009089808;930105.56;995980.56;0.20899804;4.606764e-07;4.6564045e-07;4.1710135e-07;0.0015236528;0.0068468307;1.2324986e-05;8.667501e-06;6.3478387e-06;1.1810719e-05;6.2562235e-06;1.5671496e-05;1.1039733e-05;1.0;1.0;1476.1108;25
1444609564;1444420941;0.06533549;-0.0038076066;0.0037494798;0.9978491;83.41504;1.8310198;0.018916275;0.0;0.0;2.2971704;-0.006206363;0.00041543125;-0.0019025186;0.0075712665;0.009840061;0.027261743;0.26741755;0.00059884746;-0.2015569;0.005103725;-0.053396046;-0.009565762;0.0;0.0;2.0558307;0.00045458454;0.00046501885;0.000674284;111.62425;150.01862;0.009132705;933940.4;915200.6;0.21112575;4.6052526e-07;4.6561553e-07;4.1679786e-07;0.0015236994;0.0068468773;1.2308675e-05;8.667233e-06;6.336948e-06;1.1811585e-05;6.2544905e-06;1.5668798e-05;1.103731e-05;1.0;1.0;1484.7401;25
1445114064;1444925604;0.07539483;-0.003622666;-0.009133136;0.9971054;83.55221;1.8477455;0.018758895;0.0;0.0;2.302872;-0.006201684;0.0004196368;-0.0019018283;0.0075712665;0.009840061;0.027266227;0.26740065;0.00059763197;-0.20157985;0.0050935084;-0.053373873;-0.009570763;0.0;0.0;2.0558307;0.00045461504;0.0004651048;0.0006740234;112.19128;150.94418;0.009113132;943459.25;925249.44;0.21022856;4.605401e-07;4.65595e-07;4.1665731e-07;0.0015237469;0.006846925;1.23008085e-05;8.667597e-06;6.326236e-06;1.18128055e-05;6.252894e-06;1.5666192e-05;1.103635e-05;1.0;1.0;1493.5703;25
1445608836;1445420373;0.09044676;0.0056771543;0.008639735;0.99584764;83.65924;1.8699392;0.027222209;0.0;0.0;2.3059886;-0.006196019;0.00042165094;-0.0019023773;0.0075712665;0.009840061;0.027274448;0.26738498;0.0005966332;-0.20160078;0.005085121;-0.0533479;-0.009572092;0.0;0.0;2.0558307;0.00045467017;0.00046518134;0.00067442516;112.76234;151.84944;0.009156205;952857.4;935185.1;0.21236618;4.6056977e-07;4.6557676e-07;4.1701986e-07;0.0015237934;0.0068469713;1.2297814e-05;8.667999e-06;6.3177085e-06;1.1814546e-05;6.251435e-06;1.5662117e-05;1.1035407e-05;1.0;1.0;1502.252;25
1446113592;1445925036;0.110152304;0.019395234;-0.018967355;0.9935445;83.812874;1.9000108;0.024202062;0.0;0.0;2.313836;-0.006191653;0.00042627816;-0.0019025442;0.0075712665;0.009840061;0.02727859;0.26735166;0.00059591356;-0.20163275;0.0;0.0;0.0;0.0;0.0;2.323836;0.0004545147;0.00046523774;0.00067499146;113.36478;152.76071;0.009139723;962490.25;945411.5;0.21145773;4.6058707e-07;4.6555724e-07;4.1744963e-07;0.0015238409;0.006847019;1.2290066e-05;0.0025000002;0.0025000002;0.0025000002;0.0025000002;0.0025000002;0.0025000002;1.0;1.0;1e-04;25
1446608313;1446419805;0.1936625;-0.18786208;-0.0438738;0.9619136;83.876854;1.9152402;-0.0021787672;0.0;0.0;2.3139813;-0.0061866054;0.00045177925;-0.0018982796;0.0075712665;0.009840061;0.027272759;0.28859457;-0.00011939436;-0.20640244;-0.0071775434;-0.0027060886;0.0053853965;0.0;0.0;2.3239813;0.00045459947;0.00046508768;0.03730484;113.96478;153.56877;0.009160645;971953.7;955523.06;0.20995313;4.6060524e-07;4.6553865e-07;4.2119265e-07;0.0015238875;0.0068470654;1.2287244e-05;0.0013602471;0.0014540751;0.0013635283;0.0014509909;0.0018989856;0.0013619238;1.0;1.0;1e-04;25
