timestamp;timestamp_sample;time_last_fuse;device_id;observation[0];observation[1];observation[2];observation_variance[0];observation_variance[1];observation_variance[2];innovation[0];innovation[1];innovation[2];innovation_filtered[0];innovation_filtered[1];innovation_filtered[2];innovation_variance[0];innovation_variance[1];innovation_variance[2];test_ratio[0];test_ratio[1];test_ratio[2];test_ratio_filtered[0];test_ratio_filtered[1];test_ratio_filtered[2];estimator_instance;innovation_rejected;fused
1251197662;1251020078;1251025727;0;-0.024340816;-0.030168606;-0.32379878;0.0025000002;0.0025000002;0.0025000002;0.00757852;-0.0054261554;-0.013329476;0.0015510467;-0.0011474094;-0.0032668873;0.0025073553;0.0025131789;0.0025035753;0.0025451328;0.0012935647;0.0078846775;0.00085677305;-0.00033482144;-0.0019978792;0;0;1
1251719401;1251543138;1251547613;0;-0.024442857;-0.037444673;-0.3331037;0.0025000002;0.0025000002;0.0025000002;0.0075797476;0.0015505478;-0.00397709;0.0048359716;-0.0022103514;-0.007922081;0.0025072887;0.002513143;0.0025035406;0.002546025;0.00010863685;0.0007008652;0.0017127321;-0.0005745272;-0.0055154557;0;0;1
1252169373;1251991634;1251997514;0;-0.029009962;-0.031620637;-0.32628712;0.0025000002;0.0025000002;0.0025000002;0.012037769;-0.0044006854;-0.010743916;0.0064380546;-0.0032318693;-0.009221363;0.002507272;0.0025131344;0.0025035148;0.0064216712;0.0008457304;0.0051207445;0.0024237754;-0.00067460287;-0.0051375157;0;0;1
1252691182;1252514853;1252519447;0;-0.02279064;-0.034746677;-0.33079076;0.0025000002;0.0025000002;0.0025000002;0.0055685956;-0.0016027763;-0.0061949193;0.006394152;-0.0036800283;-0.009899988;0.0025072;0.0025131027;0.002503474;0.0013742314;0.00011181436;0.0017025769;0.0022667993;-0.00082159793;-0.00517432;0;0;1
1253213121;1253037998;1253041286;0;-0.05307907;-0.09213511;-0.32630253;0.0025000002;0.0025000002;0.0025000002;-0.0073944945;-0.016056582;-0.009650856;0.0020491981;-0.0070149293;-0.008779205;0.0025098505;0.0025159754;0.0025080335;0.0024206198;0.011406;0.0041313977;0.00072508893;-0.0031603223;-0.004557127;0;0;1
1253663185;1253486179;1253491188;0;-0.17661728;-0.13356884;-0.27995306;0.0025000002;0.0025000002;0.0025000002;-0.052824683;-0.013611481;0.041061863;-0.018578313;-0.013186374;0.011597781;0.0025755588;0.002519712;0.0025131756;0.12038151;0.008172163;0.0731439;-0.032709703;-0.009739567;0.020514568;0;0;1
1254185002;1254009278;1254013074;0;-0.25806752;-0.092807055;-0.21554862;0.0025000002;0.0025000002;0.0025000002;-0.033855107;-0.017347604;0.0674196;-0.030947752;-0.016433924;0.050227582;0.0025853289;0.0025195898;0.0025122245;0.049259506;0.01319236;0.2013564;-0.05260539;-0.013155927;0.15916936;0;0;1
1254706731;1254532368;1254534960;0;-0.26294437;-0.0839712;-0.21333599;0.0025000002;0.0025000002;0.0025000002;-0.02661929;-0.016362168;0.072165325;-0.030467156;-0.016589325;0.062391534;0.0025731972;0.0025191077;0.0025126156;0.030596891;0.011766752;0.23084922;-0.044410635;-0.012637467;0.194292;0;0;1
1255156712;1254980547;1254984862;0;-0.25592986;-0.084029056;-0.21183503;0.0025000002;0.0025000002;0.0025000002;-0.024784774;-0.013475187;0.06012708;-0.027255466;-0.015002512;0.06275782;0.0025630505;0.0025186192;0.002511678;0.026629943;0.007992844;0.16028905;-0.034359757;-0.010242265;0.18389857;0;0;1
1255678530;1255503632;1255506748;0;-0.2544772;-0.08189931;-0.21888447;0.0025000002;0.0025000002;0.0025000002;-0.019169658;-0.011700392;0.059270784;-0.023037344;-0.012992645;0.06200075;0.0025540593;0.0025181593;0.0025109784;0.01598657;0.0060347533;0.15571074;-0.024351424;-0.0076835225;0.17399092;0;0;1
1256200452;1256026602;1256028681;0;-0.253519;-0.08370433;-0.21952164;0.0025000002;0.0025000002;0.0025000002;-0.017253;-0.009238362;0.058108985;-0.019134695;-0.01120721;0.0600165;0.002547768;0.0025177486;0.002510691;0.012981561;0.003765588;0.14962398;-0.016862163;-0.005724959;0.16102193;0;0;1
1256650362;1256474802;1256478583;0;-0.25579247;-0.085063845;-0.22592993;0.0025000002;0.0025000002;0.0025000002;-0.013805952;-0.008508891;0.06466572;-0.016468447;-0.0097293565;0.058739662;0.0025434117;0.0025174066;0.002510563;0.008326711;0.0031965398;0.18522419;-0.01246484;-0.0043480853;0.1538825;0;0;1
1257172226;1256997803;1257000423;0;-0.2551958;-0.08251958;-0.21978077;0.0025000002;0.0025000002;0.0025000002;-0.012402218;-0.006623991;0.0560652;-0.013851872;-0.00825298;0.057598505;0.0025384624;0.0025170646;0.0025103122;0.0067326413;0.0019379078;0.13923332;-0.00887212;-0.0031524848;0.14738378;0;0;1
1257694189;1257520928;1257522309;0;-0.2603036;-0.08071432;-0.20983417;0.0025000002;0.0025000002;0.0025000002;-0.011915073;-0.006315939;0.05553612;-0.012284969;-0.007046662;0.05750311;0.0025355413;0.0025168045;0.002510811;0.006221287;0.0017620969;0.1365909;-0.006856322;-0.0022914808;0.14673056;0;0;1
1258215983;1258044136;1258044195;0;-0.2552751;-0.08245774;-0.21871156;0.0025000002;0.0025000002;0.0025000002;-0.0095124245;-0.004351102;0.05180806;-0.010758637;-0.005885055;0.0547025;0.002531902;0.0025165526;0.0025099458;0.003970938;0.00083676487;0.118874945;-0.005232352;-0.0016239415;0.13288124;0;0;1
1258665999;1258492509;1258494098;0;-0.25818932;-0.08635688;-0.21553728;0.0025000002;0.0025000002;0.0025000002;-0.008552238;-0.0041995347;0.05318655;-0.009883865;-0.005220006;0.05450115;0.0025303413;0.0025163523;0.0025101497;0.003211722;0.00077970285;0.12526134;-0.004404231;-0.0012765306;0.13170831;0;0;1
1259187798;1259015489;1259015984;0;-0.25635317;-0.0844519;-0.21820773;0.0025000002;0.0025000002;0.0025000002;-0.0063222684;-0.0033106208;0.048551634;-0.008568632;-0.0046313335;0.05271364;0.0025279552;0.0025162608;0.002509688;0.001756847;0.00048448012;0.10439365;-0.0033637686;-0.0010072635;0.123308994;0;0;1
1259637630;1259463870;1259465888;0;-0.26204517;-0.08391945;-0.21337841;0.0025000002;0.0025000002;0.0025000002;-0.003060963;-0.0035610795;0.048069105;-0.0077336645;-0.0037711945;0.05200979;0.0025264882;0.002516113;0.0025099006;0.00041205614;0.000560267;0.102313526;-0.0028441644;-0.000682222;0.12000355;0;0;1
1260159566;1259986928;1259987819;0;-0.25778368;-0.08397083;-0.21657902;0.0025000002;0.0025000002;0.0025000002;-0.007111639;-0.0028502569;0.050823778;-0.007457321;-0.0031105343;0.05120373;0.0025247845;0.0025159789;0.0025098477;0.0022257306;0.00035924948;0.11437966;-0.002537594;-0.00048067243;0.116309375;0;0;1
1260690516;1260509815;1260518657;0;-0.2583823;-0.08586046;-0.21640311;0.0025000002;0.0025000002;0.0025000002;-0.006673556;-0.0005951449;0.05078216;-0.007003705;-0.0020595365;0.049708802;0.0025234073;0.0025158965;0.0025098466;0.0019610322;1.5730693e-05;0.11418008;-0.0022198674;-0.00028903998;0.1099482;0;0;1
1261212376;1261032975;1261040543;0;-0.25654447;-0.08646643;-0.21955083;0.0025000002;0.0025000002;0.0025000002;-0.00550922;-0.00025960803;0.048679084;-0.006634501;-0.0014792559;0.048487004;0.0025219566;0.0025157935;0.0025095674;0.0013372116;3.0089661e-06;0.10492497;-0.001986428;-0.00015299126;0.10439636;0;0;1
1261653353;1261481358;1261481447;0;-0.25763237;-0.081133395;-0.21585082;0.0025000002;0.0025000002;0.0025000002;-0.0054510944;-0.00040596724;0.045755252;-0.006247232;-0.0009754315;0.047126263;0.002520557;0.002515694;0.0025096165;0.0013098704;7.3245246e-06;0.092699096;-0.0017481134;-9.07029e-05;0.09875723;0;0;1
1262184160;1262004298;1262012379;0;-0.26218176;-0.084511764;-0.21219173;0.0025000002;0.0025000002;0.0025000002;-0.002684746;0.00012105703;0.045413166;-0.0053099305;-0.0006348042;0.04612751;0.0025193435;0.0025154948;0.0025098454;0.00031788973;6.3885454e-07;0.09130121;-0.0013930608;-5.8627e-05;0.09461835;0;0;1
1262706070;1262527200;1262534218;0;-0.25356433;-0.08444413;-0.22342882;0.0025000002;0.0025000002;0.0025000002;-0.00517416;0.00192523;0.045711964;-0.005493457;0.00030704855;0.044706836;0.002518888;0.002515672;0.0025092878;0.0011809414;0.00016354727;0.09252816;-0.0014261607;1.1215885e-05;0.08891519;0;0;1
1263155954;1262975556;1262984121;0;-0.2548811;-0.08319828;-0.22063765;0.0025000002;0.0025000002;0.0025000002;-0.005780682;0.0012435764;0.045734376;-0.0055382764;0.0005207411;0.045758463;0.0025181528;0.002515615;0.0025094696;0.0014744619;6.8197915e-05;0.092614375;-0.0013962514;2.3047742e-05;0.09300399;0;0;1
1263677930;1263498483;1263506007;0;-0.25772318;-0.08806736;-0.2154997;0.0025000002;0.0025000002;0.0025000002;-0.0047715437;0.002433151;0.043982744;-0.0053885155;0.0011098977;0.045664437;0.002517592;0.0025155377;0.0025097013;0.0010048238;0.00026131573;0.08564189;-0.0013119855;0.000123632;0.09251984;0;0;1
1264199677;1264021390;1264027893;0;-0.2571133;-0.089476764;-0.21890907;0.0025000002;0.0025000002;0.0025000002;-0.0051873494;0.00080293417;0.04734072;-0.0054855817;0.0005674523;0.045502696;0.0025170627;0.002515496;0.0025097756;0.0011878305;2.8415428e-05;0.099218555;-0.001352831;5.0583887e-05;0.091897324;0;0;1
1264649595;1264469701;1264477796;0;-0.25464645;-0.08582918;-0.22040674;0.0025000002;0.0025000002;0.0025000002;-0.00614227;0.0020783544;0.0450359;-0.005458212;0.0012211166;0.045389377;0.0025164208;0.0025155565;0.0025096256;0.001665835;0.00019066792;0.08979937;-0.001346327;0.00010103094;0.0913718;0;0;1
1265171569;1264992630;1264999682;0;-0.25842974;-0.08180526;-0.2120001;0.0025000002;0.0025000002;0.0025000002;-0.004518673;-0.0006079078;0.03966336;-0.004779819;0.0013160169;0.043183006;0.0025154692;0.0025154504;0.0025098703;0.0009019039;1.6358274e-05;0.069647014;-0.0010846454;0.000143045;0.082913555;0;0;1
1265693393;1265515593;1265521615;0;-0.2571866;-0.083439454;-0.21611139;0.0025000002;0.0025000002;0.0025000002;-0.0048360582;0.0026689097;0.041499734;-0.0047322945;0.001835054;0.043142155;0.0025146375;0.0025153963;0.0025098708;0.0010333922;0.00031446177;0.0762384;-0.0010227109;0.00018868757;0.08260239;0;0;1
1266215319;1266038741;1266043454;0;-0.25356573;-0.08847228;-0.22339153;0.0025000002;0.0025000002;0.0025000002;-0.006423805;0.0026692897;0.04584536;-0.004604079;0.002082966;0.043127853;0.0025149083;0.0025155118;0.0025098019;0.0018231401;0.00031463;0.09304698;-0.0009920086;0.00021384898;0.08250056;0;0;1
1266665214;1266487123;1266493357;0;-0.25663567;-0.086590126;-0.21660836;0.0025000002;0.0025000002;0.0025000002;-0.0055052917;0.0023980439;0.042015657;-0.005295645;0.0024147897;0.042562723;0.0025145272;0.0025155332;0.0025100312;0.0013392506;0.0002539676;0.078145035;-0.0012812857;0.00027551784;0.0803135;0;0;1
1267187094;1267010028;1267015243;0;-0.25434107;-0.087461464;-0.2220376;0.0025000002;0.0025000002;0.0025000002;-0.0037412364;0.0028363243;0.040533125;-0.004764482;0.0023082045;0.042302955;0.002513968;0.0025155086;0.0025098282;0.00061862584;0.00035530867;0.0727309;-0.0010705328;0.00024988165;0.07933896;0;0;1
1267708951;1267533297;1267537129;0;-0.25453538;-0.091264375;-0.2250175;0.0025000002;0.0025000002;0.0025000002;-0.0051930156;0.0038927048;0.046250656;-0.0053408947;0.0029813205;0.043282922;0.0025137241;0.0025154997;0.0025101101;0.0011920079;0.00066929666;0.09468438;-0.0013488847;0.00042581328;0.08310754;0;0;1
1268158895;1267981472;1267987031;0;-0.25372604;-0.08703699;-0.22000335;0.0025000002;0.0025000002;0.0025000002;-0.00592836;0.0018349513;0.0403274;-0.0054058996;0.0030935204;0.042636152;0.0025132934;0.0025155179;0.0025101814;0.0015537582;0.00014871913;0.07198528;-0.0013418614;0.0004599995;0.08063201;0;0;1
1268680713;1268504386;1268508917;0;-0.257606;-0.0889976;-0.21976078;0.0025000002;0.0025000002;0.0025000002;-0.0047789384;0.002871558;0.04433;-0.005086859;0.0029181093;0.041533295;0.0025129863;0.002515513;0.0025105467;0.0010097881;0.0003642333;0.08696984;-0.001187773;0.00040208327;0.0766207;0;0;1
1269202647;1269027488;1269030850;0;-0.25104213;-0.09272368;-0.22542799;0.0025000002;0.0025000002;0.0025000002;-0.009029498;0.0029349849;0.046529576;-0.0057546133;0.0029567764;0.043044634;0.0025129213;0.0025155277;0.0025105444;0.0036050049;0.00038060022;0.095813476;-0.0015869765;0.00040876132;0.08227723;0;0;1
1269652521;1269475624;1269480752;0;-0.25166392;-0.09389849;-0.2186002;0.0025000002;0.0025000002;0.0025000002;-0.0077785533;0.0022445023;0.038750827;-0.0057154773;0.0026566526;0.041501947;0.002512792;0.00251554;0.0025106494;0.0026754611;0.00022263464;0.06645218;-0.0015516377;0.00033063474;0.076502874;0;0;1
1270174418;1269998540;1270002591;0;-0.25557142;-0.09256542;-0.21871313;0.0025000002;0.0025000002;0.0025000002;-0.0053632464;0.0024581552;0.040583834;-0.0060277516;0.0028553728;0.041500162;0.0025125481;0.002515585;0.0025108724;0.0012720337;0.0002670216;0.07288319;-0.0016676488;0.00038293595;0.07644821;0;0;1
1270696376;1270521886;1270524477;0;-0.25406966;-0.090961955;-0.21929838;0.0025000002;0.0025000002;0.0025000002;-0.006193202;0.0021404177;0.03946106;-0.006031321;0.0029378862;0.03953661;0.002512286;0.0025156226;0.0025109556;0.0016963636;0.00020250982;0.068904504;-0.0016394845;0.0004007454;0.06940185;0;0;1
1271218212;1271044987;1271046363;0;-0.25253758;-0.096361294;-0.22493303;0.0025000002;0.0025000002;0.0025000002;-0.0060922857;0.004071489;0.042847723;-0.0056753135;0.003432222;0.040804517;0.0025121034;0.0025155938;0.002511091;0.0016416498;0.00073250034;0.08123128;-0.0015010263;0.0005650513;0.07387956;0;0;1
1271668128;1271493261;1271496264;0;-0.25218764;-0.095669806;-0.22495572;0.0025000002;0.0025000002;0.0025000002;-0.0055278633;0.0036521107;0.040996283;-0.0050596464;0.0031377068;0.04021887;0.002511896;0.002515613;0.0025111816;0.0013516692;0.0005893838;0.07436024;-0.0012068747;0.0004693819;0.07177627;0;0;1
1272189953;1272016318;1272018150;0;-0.2558019;-0.0932135;-0.22206861;0.0025000002;0.0025000002;0.0025000002;-0.0053745825;0.0011165887;0.043134525;-0.005287868;0.0028929103;0.041538294;0.0025116762;0.0025156362;0.0025116475;0.0012778601;5.5155455e-05;0.082306065;-0.0012725599;0.00043447394;0.07655054;0;0;1
1272711842;1272539217;1272540083;0;-0.25652558;-0.09109833;-0.21844289;0.0025000002;0.0025000002;0.0025000002;-0.0061178934;0.0037136525;0.040402815;-0.0055856733;0.003134761;0.04050502;0.0025112494;0.0025156853;0.0025119;0.0016560424;0.0006094378;0.07220328;-0.0014011337;0.000462959;0.07272159;0;0;1
1273161734;1272987439;1272989984;0;-0.2555345;-0.091307506;-0.21990131;0.0025000002;0.0025000002;0.0025000002;-0.005458519;0.002851814;0.039067715;-0.00549213;0.003260527;0.03941496;0.0025110606;0.002515674;0.0025120191;0.0013184084;0.000359401;0.06750541;-0.0013457736;0.0004993734;0.068878606;0;0;1
1273683612;1273510493;1273511823;0;-0.2569088;-0.087774746;-0.21423501;0.0025000002;0.0025000002;0.0025000002;-0.004312739;0.0027218089;0.032670945;-0.005413376;0.0034165317;0.037924983;0.0025108487;0.0025157349;0.0025121786;0.0008230823;0.00032735805;0.047206886;-0.0013150874;0.0005487497;0.06392317;0;0;1
1274205694;1274033342;1274033709;0;-0.25646484;-0.08370066;-0.21418457;0.0025000002;0.0025000002;0.0025000002;-0.005427506;0.0019470975;0.032754257;-0.0056768586;0.0032349743;0.035335783;0.0025107379;0.002515819;0.0025123602;0.001303637;0.00016761596;0.047445305;-0.0014443899;0.0005165255;0.055646278;0;0;1
1274655569;1274481594;1274483610;0;-0.25564998;-0.089290164;-0.21843514;0.0025000002;0.0025000002;0.0025000002;-0.004882941;0.0027550608;0.035424173;-0.005819973;0.0031426277;0.03648081;0.002510814;0.0025157982;0.0025125477;0.0010551298;0.00033548754;0.055490643;-0.0015408018;0.0004751559;0.059204478;0;0;1
1275177340;1275004630;1275005495;0;-0.25853756;-0.08835996;-0.21676439;0.0025000002;0.0025000002;0.0025000002;-0.0049872585;0.0040470734;0.037701726;-0.005580224;0.0033561536;0.03655739;0.0025104897;0.0025158215;0.0025130594;0.0011008364;0.0007237059;0.06284251;-0.0014294983;0.000540879;0.059369046;0;0;1
1275708229;1275527519;1275536378;0;-0.25545678;-0.09152828;-0.2210995;0.0025000002;0.0025000002;0.0025000002;-0.0062734764;0.0014919192;0.039960116;-0.00574007;0.0036434475;0.035345968;0.0025107618;0.0025158392;0.0025132238;0.0017416805;9.852368e-05;0.07059118;-0.0015045042;0.0007182982;0.05609299;0;0;1
1276149094;1275975681;1275977282;0;-0.25201094;-0.09737092;-0.22690634;0.0025000002;0.0025000002;0.0025000002;-0.005931765;0.0038291141;0.04028243;-0.005745401;0.003231015;0.037578464;0.0025110566;0.0025158531;0.002513127;0.0015569291;0.0006482151;0.07173812;-0.0015209977;0.0005568838;0.06300438;0;0;1
1276671071;1276498807;1276499214;0;-0.25304252;-0.10009463;-0.22957434;0.0025000002;0.0025000002;0.0025000002;-0.005574353;0.0031858385;0.044422418;-0.0062764855;0.0031774247;0.03926668;0.0025109854;0.0025158236;0.0025135824;0.0013749985;0.00044878214;0.0872243;-0.0018516565;0.00052275194;0.06870637;0;0;1
1277201820;1277021744;1277030050;0;-0.25381735;-0.09652739;-0.2239363;0.0025000002;0.0025000002;0.0025000002;-0.006037323;0.0023983568;0.039587796;-0.006371749;0.0025885636;0.039566603;0.0025109153;0.0025159153;0.002513836;0.0016129252;0.0002545069;0.069265746;-0.0018601571;0.00034170807;0.06946115;0;0;1
1277642793;1277469961;1277470953;0;-0.25508398;-0.094607286;-0.2211537;0.0025000002;0.0025000002;0.0025000002;-0.007816801;0.002179645;0.040861085;-0.006946765;0.0022044687;0.04003509;0.002510749;0.0025159637;0.0025142839;0.002704035;0.00021038484;0.073780335;-0.002246329;0.0002639405;0.0710166;0;0;1
1278173666;1277992974;1278001836;0;-0.2504535;-0.09767092;-0.22619295;0.0025000002;0.0025000002;0.0025000002;-0.007735625;0.0012929738;0.039140522;-0.0070412983;0.0013217891;0.038612027;0.0025109546;0.0025159274;0.0025142801;0.002647948;7.418369e-05;0.06769422;-0.0022854225;0.00013411009;0.06624916;0;0;1
1278695533;1278515872;1278523767;0;-0.25412273;-0.09489511;-0.22230542;0.0025000002;0.0025000002;0.0025000002;-0.0076508354;0.0025188327;0.03946595;-0.0072919116;0.002006873;0.038885437;0.0025108105;0.0025160532;0.002514716;0.0025903669;0.00028092173;0.06881731;-0.0024426067;0.00024553828;0.06701196;0;0;1
1279217477;1279039054;1279045605;0;-0.25387636;-0.10066731;-0.21947879;0.0025000002;0.0025000002;0.0025000002;-0.0057926457;0.00073997676;0.034850776;-0.0073683048;0.0018293968;0.039627943;0.0025109472;0.0025159328;0.0025150988;0.0014848203;2.434872e-05;0.05365202;-0.0024775495;0.0002030634;0.06973203;0;0;1
1279667300;1279487125;1279495506;0;-0.25122973;-0.10297232;-0.23263463;0.0025000002;0.0025000002;0.0025000002;-0.008330436;0.0034474805;0.04740043;-0.007815247;0.002021986;0.040947996;0.0025109232;0.002515956;0.0025153589;0.0030708567;0.00052598986;0.099238016;-0.0027496247;0.00022589418;0.074548595;0;0;1
1280189304;1280010069;1280017390;0;-0.25149935;-0.10128265;-0.22571921;0.0025000002;0.0025000002;0.0025000002;-0.007197637;0.0020393133;0.03866838;-0.007660127;0.0016731945;0.040677197;0.002511002;0.0025159894;0.0025155516;0.0022923995;0.00018425858;0.06603735;-0.0026424942;0.00014925053;0.07334935;0;0;1
1280711236;1280533132;1280539275;0;-0.25334442;-0.09531687;-0.22125001;0.0025000002;0.0025000002;0.0025000002;-0.008086456;0.0010289252;0.036852717;-0.007863832;0.0015073589;0.038206037;0.0025108326;0.0025161123;0.0025159316;0.0028937177;4.71025e-05;0.059973426;-0.0027800389;0.00011486283;0.064863935;0;0;1
1281160999;1280981372;1280989175;0;-0.25243515;-0.10313468;-0.22879134;0.0025000002;0.0025000002;0.0025000002;-0.008688275;0.001713872;0.045408547;-0.00799972;0.0014367806;0.040287763;0.002510904;0.00251599;0.002516489;0.003340369;0.00013033775;0.0910298;-0.0028659694;0.00010742373;0.07211431;0;0;1
1281682921;1281504252;1281511059;0;-0.2532414;-0.09860566;-0.22374815;0.0025000002;0.0025000002;0.0025000002;-0.007158663;0.0015707016;0.037715793;-0.008133103;0.0016636769;0.03924225;0.0025109127;0.002516075;0.0025165926;0.0022677216;0.000109412074;0.06279747;-0.0029568153;0.00013377042;0.06823712;0;0;1
1282204761;1282027416;1282032991;0;-0.25078344;-0.09575393;-0.22019057;0.0025000002;0.0025000002;0.0025000002;-0.009546574;0.0017636418;0.032999486;-0.00825788;0.0020995245;0.036622345;0.0025109248;0.002516145;0.0025168196;0.0040329136;0.00013804932;0.04806724;-0.003074424;0.00022030048;0.059693526;0;0;1
1282654608;1282475487;1282482891;0;-0.25343427;-0.09114124;-0.21619345;0.0025000002;0.0025000002;0.0025000002;-0.009156084;7.8603625e-05;0.031563178;-0.008442692;0.0015155651;0.036736213;0.0025107448;0.0025161882;0.0025172888;0.0037100043;3.0166981e-07;0.043965;-0.0031862392;0.0001451634;0.060085766;0;0;1
1283176483;1282998582;1283004728;0;-0.25617874;-0.08952537;-0.21949613;0.0025000002;0.0025000002;0.0025000002;-0.00816731;0.0018247962;0.03661138;-0.008429793;0.001909243;0.03681633;0.0025105462;0.0025161935;0.002517859;0.0029522104;0.00014752358;0.059141543;-0.0031652967;0.00019990253;0.060076524;0;0;1
1283698592;1283521787;1283526612;0;-0.25412133;-0.084599055;-0.2240541;0.0025000002;0.0025000002;0.0025000002;-0.008280929;0.0019535646;0.036920145;-0.007974404;0.0022608095;0.035212357;0.0025107684;0.0025163128;0.002517773;0.003034653;0.00016907977;0.060147233;-0.0028482205;0.00025545387;0.05505106;0;0;1
1284148436;1283970036;1283976512;0;-0.2585706;-0.08728595;-0.21533686;0.0025000002;0.0025000002;0.0025000002;-0.005432846;0.00056191534;0.031161994;-0.0075391987;0.0015251939;0.034039944;0.0025107043;0.0025162285;0.0025184643;0.0013062211;1.4040374e-05;0.042836674;-0.0025671306;0.00015752789;0.05135859;0;0;1
1284670254;1284493083;1284498395;0;-0.2556421;-0.08996602;-0.21916899;0.0025000002;0.0025000002;0.0025000002;-0.008705385;0.0014264062;0.0356168;-0.008364501;0.0012979272;0.034164995;0.0025107958;0.0025162234;0.002518892;0.0033536833;9.0268055e-05;0.05594762;-0.003189494;0.000114000955;0.052030776;0;0;1
1285192073;1285016212;1285020279;0;-0.25723293;-0.09141964;-0.22489026;0.0025000002;0.0025000002;0.0025000002;-0.006481968;0.0020945817;0.040206894;-0.007873711;0.0013565936;0.03492189;0.0025109735;0.0025162413;0.0025191463;0.0018592129;0.00019423131;0.071295574;-0.0028040882;0.00010333167;0.054321565;0;0;1
1285713963;1285538969;1285542210;0;-0.2539242;-0.09197249;-0.22399518;0.0025000002;0.0025000002;0.0025000002;-0.009041825;0.0019459799;0.037959367;-0.008526999;0.0016494232;0.036588956;0.0025111653;0.0025162576;0.0025193822;0.0036173821;0.00016790481;0.06353837;-0.0032612926;0.00014559444;0.059382997;0;0;1
1286163831;1285987213;1285992109;0;-0.25754333;-0.08705192;-0.2187374;0.0025000002;0.0025000002;0.0025000002;-0.007681042;0.0014137998;0.03511904;-0.008284628;0.0013289336;0.03576664;0.0025109998;0.002516324;0.002519846;0.0026106646;8.865641e-05;0.054376666;-0.00311834;9.7365075e-05;0.056631703;0;0;1
1286685812;1286510316;1286513945;0;-0.25631505;-0.0894607;-0.22338472;0.0025000002;0.0025000002;0.0025000002;-0.006862849;0.0027909055;0.03651373;-0.008339558;0.0015392613;0.034560435;0.0025113036;0.0025163165;0.0025199517;0.0020838534;0.00034466205;0.0587809;-0.0031411562;0.00012478692;0.053010043;0;0;1
1287207744;1287033187;1287035829;0;-0.25279668;-0.091318175;-0.2244889;0.0025000002;0.0025000002;0.0025000002;-0.0075669233;0.0011136383;0.033763066;-0.008247798;0.0013532861;0.03403773;0.0025116955;0.0025162417;0.0025200963;0.0025329648;5.507603e-05;0.05025132;-0.003061211;9.786987e-05;0.051264413;0;0;1
1287657648;1287481638;1287485728;0;-0.25124782;-0.09055768;-0.22456817;0.0025000002;0.0025000002;0.0025000002;-0.009598454;0.00065536797;0.034286782;-0.008344686;0.0008700564;0.033192642;0.0025118014;0.0025163162;0.0025203305;0.004075443;1.923265e-05;0.05181708;-0.003122723;5.3698826e-05;0.048726425;0;0;1
1288179467;1288004790;1288007611;0;-0.24906054;-0.09445598;-0.2181943;0.0025000002;0.0025000002;0.0025000002;-0.013238806;-0.0018820688;0.031286195;-0.010007815;3.0524618e-05;0.033207912;0.0025118247;0.0025162406;0.0025210434;0.007752929;0.00015525853;0.043127034;-0.004567391;-1.4612451e-06;0.0488268;0;0;1
1288701263;1288527657;1288529494;0;-0.25325325;-0.09759187;-0.22264741;0.0025000002;0.0025000002;0.0025000002;-0.01046131;-0.0010850206;0.038260087;-0.010265473;-0.000492329;0.03558867;0.0025118422;0.0025162837;0.0025215363;0.0048410245;5.1394705e-05;0.0644935;-0.0047352626;-3.2268872e-05;0.05623002;0;0;1
1289151223;1288975846;1288979393;0;-0.2512396;-0.09924316;-0.2271208;0.0025000002;0.0025000002;0.0025000002;-0.008976193;-0.00010437518;0.03734228;-0.010057574;-0.00017509538;0.036543217;0.0025122957;0.0025162601;0.002521367;0.0035634537;4.3304232e-07;0.061441243;-0.004528923;-1.3279533e-05;0.059101798;0;0;1
1289673093;1289499045;1289501322;0;-0.2533207;-0.09734448;-0.22345152;0.0025000002;0.0025000002;0.0025000002;-0.009271314;-0.0017284751;0.036950648;-0.010340677;-0.00055435486;0.037035033;0.0025121022;0.0025162215;0.0025220676;0.0038019181;0.00013113472;0.06014071;-0.004774172;-3.9513132e-05;0.060602628;0;0;1
1290194969;1290021942;1290023158;0;-0.25475743;-0.09989782;-0.2207937;0.0025000002;0.0025000002;0.0025000002;-0.010995261;-0.0013661459;0.039507896;-0.010607208;-0.000663788;0.03889347;0.0025118738;0.0025162029;0.0025228932;0.005347746;8.164996e-05;0.06873081;-0.005011554;-3.55207e-05;0.066802174;0;0;1
1290717056;1290544802;1290545040;0;-0.24984613;-0.100710966;-0.22540997;0.0025000002;0.0025000002;0.0025000002;-0.011638258;0.00059943646;0.036925778;-0.010903379;-0.0004981924;0.03885677;0.0025124855;0.002516275;0.002522464;0.005990042;1.624838e-05;0.060050823;-0.0053015877;-2.9717035e-05;0.06669382;0;0;1
1291166827;1290993344;1290994939;0;-0.24953058;-0.09964676;-0.22843687;0.0025000002;0.0025000002;0.0025000002;-0.012226565;-0.0009568259;0.040313095;-0.011195216;-0.00047707534;0.03816552;0.0025125039;0.0025161982;0.0025228614;0.0066108857;3.9832692e-05;0.07155952;-0.005577348;-2.9061765e-05;0.06437929;0;0;1
1291688638;1291516153;1291516821;0;-0.25329158;-0.09808057;-0.22451213;0.0025000002;0.0025000002;0.0025000002;-0.010234075;-0.0016573146;0.03859438;-0.010386519;-0.00078226137;0.038386565;0.0025123954;0.00251622;0.0025233796;0.00463198;0.00012042614;0.0655763;-0.004835829;-6.3040665e-05;0.064997345;0;0;1
1292138562;1291964409;1291966720;0;-0.25076488;-0.10441278;-0.22474551;0.0025000002;0.0025000002;0.0025000002;-0.0112993345;-0.0023137778;0.03828393;-0.010829287;-0.0014447654;0.037487444;0.002512685;0.0025160694;0.0025237477;0.0056457953;0.00023505223;0.06451369;-0.0052639213;-0.00014969474;0.062072203;0;0;1
1292660423;1292487632;1292488602;0;-0.25071228;-0.10183673;-0.22679508;0.0025000002;0.0025000002;0.0025000002;-0.010906061;-0.0015515164;0.03845866;-0.011098777;-0.0012467407;0.038750153;0.002512863;0.0025161954;0.0025237228;0.0052592587;0.000105364124;0.06510701;-0.0055073956;-0.00011182099;0.06632049;0;0;1
1293191413;1293010540;1293019482;0;-0.24861078;-0.10313982;-0.23016624;0.0025000002;0.0025000002;0.0025000002;-0.010969939;-0.0009942055;0.03877254;-0.011181363;-0.001440226;0.038112316;0.0025132324;0.00251618;0.002523725;0.005320265;4.3040807e-05;0.06617375;-0.005572067;-0.00011884012;0.06410072;0;0;1
1293713187;1293533361;1293541364;0;-0.25341484;-0.09805722;-0.22291839;0.0025000002;0.0025000002;0.0025000002;-0.0101338215;-0.0018932894;0.036134273;-0.010580537;-0.0011993265;0.038351595;0.0025128035;0.0025162925;0.002524406;0.0045409366;0.00015722639;0.05746022;-0.0051300377;-8.4662875e-05;0.06486709;0;0;1
1294154074;1293982101;1293982264;0;-0.25117368;-0.09725078;-0.22799078;0.0025000002;0.0025000002;0.0025000002;-0.009145508;-0.0006270036;0.035694942;-0.01077446;-0.0010278473;0.03727751;0.002513311;0.0025163463;0.0025239983;0.0036976591;1.703881e-05;0.056082062;-0.0052594184;-6.4865846e-05;0.06136405;0;0;1
1294685016;1294504980;1294513143;0;-0.2501583;-0.099600986;-0.22797291;0.0025000002;0.0025000002;0.0025000002;-0.011957355;-0.0011192486;0.03880073;-0.011089406;-0.0008420159;0.03817379;0.002513164;0.0025162164;0.0025247307;0.006321307;5.460143e-05;0.06624346;-0.0055270353;-5.1631043e-05;0.06427609;0;0;1
1295206847;1295027743;1295035072;0;-0.25148922;-0.098314986;-0.22496387;0.0025000002;0.0025000002;0.0025000002;-0.010748537;0.0013751239;0.034851775;-0.011584411;-0.00078834384;0.037705857;0.0025132387;0.0025162168;0.0025249084;0.005107666;8.422493e-05;0.053442426;-0.005997232;-5.530775e-05;0.062761866;0;0;1
1295656701;1295476295;1295484969;0;-0.25374472;-0.08894417;-0.2215513;0.0025000002;0.0025000002;0.0025000002;-0.011136521;-0.0010602996;0.033783004;-0.011510318;-0.00049889355;0.036697097;0.0025129577;0.002516281;0.0025253778;0.0054836706;4.914621e-05;0.05020347;-0.0058893017;-2.8617464e-05;0.059445158;0;0;1
1296178636;1295999148;1296006804;0;-0.25112778;-0.08942835;-0.22504109;0.0025000002;0.0025000002;0.0025000002;-0.013081532;0.00015081465;0.035945296;-0.0115573825;-0.0006000046;0.034636825;0.0025131616;0.0025162203;0.0025255575;0.0075657903;1.0803876e-06;0.05682995;-0.0059434157;-5.818148e-05;0.05325126;0;0;1
1296700566;1296522126;1296528685;0;-0.25586805;-0.09106547;-0.21921355;0.0025000002;0.0025000002;0.0025000002;-0.010567693;-0.00093940645;0.0338763;-0.011416305;-0.000687705;0.034869146;0.0025129495;0.0025161572;0.0025262865;0.0049378066;3.8591068e-05;0.050463047;-0.0058202962;-5.3150692e-05;0.05372732;0;0;1
1297150506;1296970875;1296978582;0;-0.2517106;-0.09147038;-0.22710538;0.0025000002;0.0025000002;0.0025000002;-0.013109298;-0.0019219294;0.0394011;-0.011352271;-0.0010193288;0.035236046;0.0025132732;0.0025162105;0.002526151;0.007597605;0.00016198136;0.06826908;-0.00580254;-8.261196e-05;0.055022817;0;0;1
1297672304;1297493728;1297500463;0;-0.25109234;-0.093397915;-0.22541945;0.0025000002;0.0025000002;0.0025000002;-0.013429031;-0.0009498447;0.037281305;-0.011986179;-0.00093673693;0.03597395;0.002513409;0.0025161896;0.002526344;0.007972301;3.9255297e-05;0.061116207;-0.006421282;-6.374601e-05;0.057119682;0;0;1
1298194144;1298016563;1298022344;0;-0.2517106;-0.09147038;-0.22710538;0.0025000002;0.0025000002;0.0025000002;-0.010586416;-0.0025248528;0.035391808;-0.012008463;-0.0011932283;0.03560518;0.0025138387;0.0025161707;0.0025261631;0.0049535665;0.0002802867;0.05508268;-0.006433675;-0.000103322214;0.05591077;0;0;1
1298716057;1298539737;1298544272;0;-0.25281405;-0.09372339;-0.22083259;0.0025000002;0.0025000002;0.0025000002;-0.011949;-0.0033047944;0.03333047;-0.012118146;-0.0019212322;0.03488015;0.0025135449;0.0025161263;0.0025268935;0.0063115205;0.00048039784;0.04883781;-0.0065451753;-0.00022930303;0.05367492;0;0;1
1299165900;1298987993;1298994168;0;-0.25364882;-0.09461158;-0.2223954;0.0025000002;0.0025000002;0.0025000002;-0.012055879;-0.0023710653;0.036180392;-0.011833384;-0.0020166105;0.035050116;0.0025134718;0.0025161197;0.00252723;0.00642512;0.00024688803;0.057540834;-0.0062335543;-0.00023820758;0.05413256;0;0;1
1299687944;1299510825;1299516002;0;-0.2506605;-0.10100357;-0.22667466;0.0025000002;0.0025000002;0.0025000002;-0.011920263;-0.0020153224;0.037016466;-0.0122454455;-0.002278095;0.03678471;0.0025140243;0.0025160827;0.0025270185;0.0062800013;0.00017801761;0.060237456;-0.006673857;-0.00026936896;0.05965643;0;0;1
1300209796;1300034034;1300037882;0;-0.2517206;-0.09950661;-0.2269219;0.0025000002;0.0025000002;0.0025000002;-0.012838873;-0.0021290034;0.039748743;-0.01274495;-0.0022854046;0.03677966;0.0025137784;0.0025161207;0.0025274772;0.0072859186;0.0001986311;0.06944682;-0.007214143;-0.00027127104;0.059820715;0;0;1
1300659800;1300482332;1300487779;0;-0.24762067;-0.101222664;-0.22962093;0.0025000002;0.0025000002;0.0025000002;-0.013100405;-0.0027089417;0.037147343;-0.012631938;-0.002396701;0.03745611;0.0025144499;0.0025160532;0.002527028;0.0075837495;0.00032203094;0.0606628;-0.007074917;-0.00028646944;0.061957363;0;0;1
1301181439;1301005143;1301009659;0;-0.24768475;-0.10359846;-0.2329247;0.0025000002;0.0025000002;0.0025000002;-0.011566417;-0.0019751862;0.038592994;-0.012494171;-0.002724025;0.03774429;0.002514741;0.0025160569;0.0025269466;0.005911014;0.00017090201;0.06548099;-0.006932591;-0.0003543556;0.06278057;0;0;1
1301703284;1301528265;1301531539;0;-0.25066924;-0.0996719;-0.22531591;0.0025000002;0.0025000002;0.0025000002;-0.011774807;-0.0032378733;0.03480202;-0.012567148;-0.0030586447;0.03720636;0.0025142909;0.002516072;0.0025275745;0.0061270236;0.0004607573;0.05323388;-0.0070156646;-0.0004465155;0.061125368;0;0;1
1302153267;1301976456;1301981435;0;-0.25146478;-0.09832852;-0.22718403;0.0025000002;0.0025000002;0.0025000002;-0.013686066;-0.0022376552;0.039997414;-0.012971584;-0.0023689554;0.03899497;0.0025139349;0.002515985;0.002528197;0.0082786735;0.00021955348;0.07029626;-0.007467326;-0.00029030716;0.06716638;0;0;1
1302675167;1302499295;1302503362;0;-0.24930915;-0.0992953;-0.23093066;0.0025000002;0.0025000002;0.0025000002;-0.013981404;-0.0016078874;0.040846482;-0.012892811;-0.002288022;0.03844753;0.0025143041;0.002515999;0.0025279864;0.008638557;0.00011297183;0.073319376;-0.007406771;-0.000259244;0.065292254;0;0;1
1303197048;1303022363;1303025195;0;-0.25339147;-0.0944739;-0.22175601;0.0025000002;0.0025000002;0.0025000002;-0.013219066;-0.0024746656;0.035615876;-0.013135123;-0.0024814922;0.037224643;0.0025138424;0.002515993;0.002528645;0.0077236216;0.00026887885;0.055727802;-0.0077271136;-0.0003009329;0.061336137;0;0;1
1303718997;1303545235;1303547074;0;-0.25373968;-0.092878945;-0.22530076;0.0025000002;0.0025000002;0.0025000002;-0.011011776;-0.0027179495;0.03587921;-0.012175786;-0.0022499613;0.035415635;0.002514234;0.002515948;0.0025284144;0.0053587873;0.00032490553;0.056560755;-0.0066403304;-0.00024547643;0.055409044;0;0;1
1304168947;1303993400;1303996970;0;-0.25151294;-0.096287385;-0.22276236;0.0025000002;0.0025000002;0.0025000002;-0.012501336;-0.0039312765;0.033158436;-0.012255132;-0.0030459429;0.03571081;0.002514393;0.002515894;0.0025285312;0.0069061685;0.000680112;0.048304163;-0.006682668;-0.0004520038;0.056249294;0;0;1
1304690720;1304516581;1304518849;0;-0.25061283;-0.09596326;-0.22635362;0.0025000002;0.0025000002;0.0025000002;-0.012651402;-0.0028565302;0.03515871;-0.012773771;-0.0033114727;0.03595628;0.002514584;0.0025159211;0.0025284393;0.007072429;0.00035855532;0.05431089;-0.00724425;-0.00053060637;0.056977127;0;0;1
1305212524;1305039668;1305040729;0;-0.24783573;-0.10120958;-0.22876255;0.0025000002;0.0025000002;0.0025000002;-0.015067262;-0.0027375966;0.03815946;-0.013200485;-0.003165265;0.03672584;0.002514651;0.0025159363;0.0025286183;0.010031097;0.00032856766;0.06397435;-0.0077622104;-0.00046610256;0.059459858;0;0;1
1305662453;1305487817;1305490624;0;-0.24668205;-0.10188039;-0.23272626;0.0025000002;0.0025000002;0.0025000002;-0.014426668;-0.0024225712;0.03945829;-0.013704364;-0.002994069;0.03840273;0.0025149835;0.0025159682;0.0025283457;0.009195057;0.00025705548;0.06841224;-0.008339625;-0.00042175452;0.06507539;0;0;1
1306184352;1306010984;1306012550;0;-0.25084955;-0.1008451;-0.22790742;0.0025000002;0.0025000002;0.0025000002;-0.0131859435;-0.0033013672;0.038793758;-0.013354321;-0.0030769762;0.037845157;0.0025145283;0.0025158997;0.002529033;0.0076828683;0.00047878848;0.06610948;-0.007943647;-0.00044021293;0.063101485;0;0;1
1306706195;1306533920;1306534382;0;-0.25087255;-0.100401446;-0.2234069;0.0025000002;0.0025000002;0.0025000002;-0.012645407;-0.0035354942;0.033320993;-0.013570596;-0.003087072;0.037626345;0.0025146953;0.002515767;0.00252908;0.007065416;0.0005496768;0.048769284;-0.00821656;-0.0004350931;0.062436678;0;0;1
1307156032;1306982207;1306984277;0;-0.24770418;-0.0966825;-0.22619976;0.0025000002;0.0025000002;0.0025000002;-0.015208617;-0.004309945;0.0343564;-0.013370603;-0.0032534602;0.036678813;0.0025148294;0.0025158909;0.002528874;0.010219471;0.0008167215;0.0518505;-0.008009151;-0.0004830605;0.059280504;0;0;1
1307678006;1307505323;1307506156;0;-0.2507641;-0.09880068;-0.2270818;0.0025000002;0.0025000002;0.0025000002;-0.013532306;-0.0035994723;0.037544966;-0.014138094;-0.0031180745;0.036606092;0.0025145893;0.0025159447;0.0025292472;0.008091593;0.0005692655;0.061916586;-0.008929269;-0.0004410296;0.059007972;0;0;1
1308208822;1308028317;1308037079;0;-0.252704;-0.09943094;-0.22189455;0.0025000002;0.0025000002;0.0025000002;-0.012544838;-0.0033715144;0.033790767;-0.014186942;-0.0031062572;0.035896074;0.0025144885;0.0025157928;0.002529605;0.0069540516;0.0004997077;0.050144896;-0.008954578;-0.00044834169;0.05679834;0;0;1
1308649771;1308476452;1308477929;0;-0.24952123;-0.09869318;-0.22766289;0.0025000002;0.0025000002;0.0025000002;-0.014813949;-0.0012141168;0.037358657;-0.014456171;-0.0028161735;0.036778208;0.0025146895;0.002515848;0.002529354;0.009696496;6.412331e-05;0.061300177;-0.0092788935;-0.00037971488;0.059552636;0;0;1
1309171579;1308999585;1308999807;0;-0.24741954;-0.10533601;-0.23224658;0.0025000002;0.0025000002;0.0025000002;-0.013509357;-0.0031281263;0.03902878;-0.014060101;-0.0032381755;0.0376428;0.0025152839;0.0025156762;0.002529114;0.008061945;0.0004296449;0.06691002;-0.0087849265;-0.0004925395;0.06245379;0;0;1
1309702594;1309522460;1309530683;0;-0.24629104;-0.10201063;-0.23783426;0.0025000002;0.0025000002;0.0025000002;-0.0161652;-0.0019401759;0.045499086;-0.0142866485;-0.0028836632;0.03864467;0.0025150343;0.0025158613;0.0025292353;0.011544517;0.00016431932;0.090933025;-0.009078387;-0.00039056584;0.066004165;0;0;1
1310143316;1309970693;1309971627;0;-0.24798164;-0.10275549;-0.22834985;0.0025000002;0.0025000002;0.0025000002;-0.016574651;-0.0030011088;0.03949696;-0.0141861215;-0.003023279;0.038536794;0.0025146806;0.002515764;0.0025298004;0.012138456;0.0003947577;0.06850671;-0.008984162;-0.00042728908;0.065436676;0;0;1
1310674301;1310493991;1310502455;0;-0.24542123;-0.1030791;-0.23096822;0.0025000002;0.0025000002;0.0025000002;-0.014628243;-0.004027903;0.035748467;-0.014353879;-0.0031883395;0.037923124;0.0025155123;0.0025157302;0.0025290258;0.009451819;0.00071287615;0.056136277;-0.00914239;-0.00047061025;0.06339974;0;0;1
1311196133;1311016907;1311024333;0;-0.25062746;-0.10207758;-0.22810219;0.0025000002;0.0025000002;0.0025000002;-0.012724697;-0.0047205463;0.03751318;-0.014426308;-0.003873963;0.03754562;0.0025149507;0.002515692;0.0025297422;0.007153571;0.0009805405;0.061799716;-0.00923911;-0.0006983872;0.062065776;0;0;1
1311637119;1311465184;1311465230;0;-0.24786806;-0.108958736;-0.2356079;0.0025000002;0.0025000002;0.0025000002;-0.013364896;-0.0028620213;0.04323858;-0.014121831;-0.0037384476;0.038377874;0.0025153423;0.0025155374;0.0025296118;0.0078902645;0.00035941784;0.08210888;-0.008844305;-0.00066409435;0.06491533;0;0;1
1312167919;1311988331;1311996152;0;-0.251274;-0.103667796;-0.2270348;0.0025000002;0.0025000002;0.0025000002;-0.014365538;-0.0052699447;0.040254414;-0.014308476;-0.004147949;0.03855415;0.0025145733;0.0025156268;0.0025304048;0.009118785;0.001221963;0.07114353;-0.009082969;-0.0008011408;0.06561557;0;0;1
1312689790;1312511138;1312517982;0;-0.24586767;-0.10158777;-0.23146157;0.0025000002;0.0025000002;0.0025000002;-0.015174245;-0.0031138659;0.036576748;-0.014711869;-0.0038011891;0.037963573;0.002515436;0.002515771;0.0025292903;0.010170878;0.00042526374;0.058763072;-0.009610514;-0.00067697256;0.06350382;0;0;1
1313211810;1313034249;1313039859;0;-0.2492347;-0.10196145;-0.22869036;0.0025000002;0.0025000002;0.0025000002;-0.01497967;-0.002932623;0.03841363;-0.014804368;-0.0038595162;0.037077516;0.0025148608;0.002515776;0.0025299748;0.009913979;0.0003770465;0.064797826;-0.009711021;-0.0006904232;0.06060913;0;0;1
1313661680;1313482611;1313489753;0;-0.24992761;-0.104292646;-0.22582994;0.0025000002;0.0025000002;0.0025000002;-0.014366522;-0.004747793;0.03673458;-0.014435859;-0.0042262045;0.037400972;0.0025148778;0.0025155505;0.0025302581;0.00911893;0.0009914736;0.059248377;-0.009269528;-0.0008261861;0.061627164;0;0;1
1314183394;1314005601;1314011630;0;-0.2489843;-0.104473576;-0.22854829;0.0025000002;0.0025000002;0.0025000002;-0.015548028;-0.004769452;0.03973916;-0.015027771;-0.004299287;0.039299037;0.0025148303;0.0025155921;0.0025303243;0.010680693;0.0010000076;0.069336034;-0.010058305;-0.00083752663;0.06805682;0;0;1
1314705273;1314528655;1314533507;0;-0.24803184;-0.10342972;-0.22834128;0.0025000002;0.0025000002;0.0025000002;-0.016140101;-0.0030153245;0.038108766;-0.015680254;-0.0038809846;0.038037114;0.0025149304;0.0025156345;0.0025301545;0.011509172;0.00039854625;0.063767396;-0.010919937;-0.00070003106;0.06375196;0;0;1
1315155172;1314976868;1314983400;0;-0.24666256;-0.10302769;-0.23025814;0.0025000002;0.0025000002;0.0025000002;-0.014840248;-0.0045978874;0.03633128;-0.014870993;-0.004159394;0.037798703;0.0025154264;0.0025156126;0.0025296854;0.009728104;0.00092938566;0.057967607;-0.009869631;-0.00080565386;0.06292031;0;0;1
1315677094;1315499701;1315505324;0;-0.24685171;-0.101398684;-0.23011206;0.0025000002;0.0025000002;0.0025000002;-0.016917849;-0.0017478243;0.038210467;-0.015589201;-0.0035460845;0.037990373;0.002515039;0.0025157307;0.0025299666;0.012644541;0.00013307892;0.06411416;-0.010845288;-0.00066851167;0.06365093;0;0;1
1316198988;1316022764;1316027153;0;-0.24637374;-0.10412296;-0.23117523;0.0025000002;0.0025000002;0.0025000002;-0.013638979;-0.0041122064;0.035098806;-0.015031378;-0.004322045;0.03659201;0.002515748;0.0025155195;0.00252948;0.00821588;0.0007434114;0.05410571;-0.010047637;-0.00089220714;0.058987245;0;0;1
1316648819;1316471048;1316477046;0;-0.24974957;-0.09929576;-0.22721158;0.0025000002;0.0025000002;0.0025000002;-0.015792206;-0.0028930604;0.03753835;-0.015162908;-0.003782024;0.036628608;0.002514764;0.0025156653;0.0025303655;0.011019093;0.00036694005;0.061867878;-0.010193333;-0.0006775979;0.059089936;0;0;1
1317170973;1316993920;1316998922;0;-0.2493796;-0.10203565;-0.23259903;0.0025000002;0.0025000002;0.0025000002;-0.014311961;-0.0027877614;0.040749446;-0.014926513;-0.00340498;0.03759139;0.002515099;0.0025155954;0.002530114;0.009049001;0.00034080606;0.07291374;-0.009867468;-0.00054567464;0.0622357;0;0;1
1317692595;1317516941;1317520798;0;-0.25158474;-0.10332705;-0.22654484;0.0025000002;0.0025000002;0.0025000002;-0.013954212;-0.005202584;0.0383842;-0.014467354;-0.004098562;0.03686859;0.0025147407;0.0025154885;0.0025306845;0.008603496;0.0011909904;0.06467984;-0.009276949;-0.00077268016;0.05981938;0;0;1
1318214484;1318039850;1318042674;0;-0.24856523;-0.101743035;-0.23133434;0.0025000002;0.0025000002;0.0025000002;-0.014949547;-0.0039348677;0.03924927;-0.014254852;-0.0039538927;0.03658971;0.00251507;0.0025157465;0.0025300863;0.009873326;0.00067982165;0.067645974;-0.009001042;-0.000726559;0.05892414;0;0;1
1318664506;1318488090;1318492567;0;-0.2489275;-0.10757519;-0.23217732;0.0025000002;0.0025000002;0.0025000002;-0.0119053805;-0.002525568;0.03734377;-0.013991204;-0.0044228993;0.037161704;0.0025155656;0.0025155512;0.002529767;0.006260491;0.00027966726;0.0612452;-0.008741073;-0.00093637005;0.06075487;0;0;1
1319186223;1319011186;1319014489;0;-0.24928012;-0.1060281;-0.22812852;0.0025000002;0.0025000002;0.0025000002;-0.012645273;-0.004845597;0.035021767;-0.01476948;-0.0046395236;0.036610756;0.0025154315;0.0025153668;0.002530084;0.0070631984;0.0010332895;0.05385672;-0.009750205;-0.0009904144;0.05901185;0;0;1
1319708142;1319534295;1319536318;0;-0.25005314;-0.10404362;-0.22589166;0.0025000002;0.0025000002;0.0025000002;-0.013839845;-0.00455378;0.034912646;-0.014492754;-0.0045280554;0.036239702;0.0025151118;0.0025153717;0.002530418;0.008461798;0.00091219094;0.05351377;-0.009351786;-0.00093537534;0.057867154;0;0;1
1320157998;1319982691;1319986210;0;-0.25128147;-0.10380548;-0.23275506;0.0025000002;0.0025000002;0.0025000002;-0.01299631;-0.0047836304;0.042263046;-0.014546201;-0.0044946503;0.037315123;0.0025150215;0.0025154145;0.0025304912;0.0074620117;0.0010068826;0.07841993;-0.009403268;-0.0009119327;0.0614078;0;0;1
1320679983;1320505715;1320508085;0;-0.24812672;-0.10375784;-0.2293346;0.0025000002;0.0025000002;0.0025000002;-0.014253952;-0.0053306445;0.03609495;-0.014873405;-0.0046328935;0.03689853;0.0025152995;0.0025155682;0.0025300747;0.00897508;0.0012498231;0.057209026;-0.009842016;-0.0009736667;0.059994407;0;0;1
1321201764;1321028623;1321029960;0;-0.24697387;-0.10497218;-0.23190087;0.0025000002;0.0025000002;0.0025000002;-0.014560497;-0.0035275593;0.037176013;-0.014497748;-0.0044603446;0.03702179;0.0025154923;0.0025155079;0.0025298945;0.00936455;0.0005461729;0.060691696;-0.009326766;-0.0009093292;0.060313754;0;0;1
1321651665;1321476933;1321479852;0;-0.24840504;-0.11037439;-0.23008722;0.0025000002;0.0025000002;0.0025000002;-0.014439811;-0.005311817;0.039373696;-0.01490688;-0.0048683793;0.03785746;0.002515203;0.0025152955;0.002530528;0.009211014;0.0012410403;0.06806305;-0.009856346;-0.0011069266;0.063036546;0;0;1
1322173533;1321999940;1322001727;0;-0.2472848;-0.10675894;-0.22771442;0.0025000002;0.0025000002;0.0025000002;-0.014574772;-0.004679382;0.03411591;-0.014445044;-0.0045588487;0.03768548;0.0025154492;0.002515355;0.0025301252;0.0093830805;0.00096268643;0.05110548;-0.009246771;-0.000984736;0.06252422;0;0;1
1322695412;1322522804;1322523649;0;-0.24839061;-0.11335558;-0.23306271;0.0025000002;0.0025000002;0.0025000002;-0.014214286;-0.0047728345;0.04259461;-0.014492096;-0.0046645817;0.03850646;0.0025152434;0.0025152024;0.0025306072;0.008925398;0.0010015299;0.07965258;-0.009346182;-0.0010154238;0.06532681;0;0;1
1323145270;1322971153;1322973541;0;-0.24986482;-0.10261814;-0.22695792;0.0025000002;0.0025000002;0.0025000002;-0.01474913;-0.005312696;0.036215812;-0.015032786;-0.0047152857;0.037272718;0.0025149304;0.0025154685;0.002530512;0.009610906;0.0012414854;0.057582416;-0.010043293;-0.0010215825;0.06125433;0;0;1
1323667251;1323494239;1323495368;0;-0.2489151;-0.108702436;-0.22960025;0.0025000002;0.0025000002;0.0025000002;-0.014262547;-0.00631427;0.038774088;-0.01456716;-0.005434955;0.037913434;0.0025151502;0.0025152797;0.0025305517;0.008986441;0.0017549167;0.06600521;-0.009427194;-0.0013475512;0.06342595;0;0;1
1324197977;1324017362;1324026240;0;-0.24683732;-0.10437988;-0.23308754;0.0025000002;0.0025000002;0.0025000002;-0.0151067525;-0.003158465;0.038138986;-0.014833975;-0.0048773456;0.037558194;0.0025154115;0.00251554;0.0025299122;0.0100807;0.00043732845;0.063877255;-0.009790153;-0.001109344;0.062175214;0;0;1
1324639097;1324465583;1324467134;0;-0.24922433;-0.09953616;-0.23223776;0.0025000002;0.0025000002;0.0025000002;-0.014146769;-0.0012279525;0.03753057;-0.014815605;-0.0038165667;0.03704232;0.002515271;0.0025155228;0.0025299573;0.008840712;6.5551074e-05;0.061853983;-0.009735792;-0.0007407389;0.06042279;0;0;1
1325160878;1324988644;1324989008;0;-0.24548554;-0.10131451;-0.2322869;0.0025000002;0.0025000002;0.0025000002;-0.013778019;-0.0028949156;0.032518;-0.014542491;-0.0038294524;0.03484044;0.0025160543;0.0025153973;0.0025292772;0.008383223;0.00036774596;0.046445094;-0.009378132;-0.0006988779;0.053590026;0;0;1
1325691703;1325511633;1325519879;0;-0.24778825;-0.10526478;-0.23316556;0.0025000002;0.0025000002;0.0025000002;-0.012449127;-0.002590157;0.035642102;-0.014221594;-0.004215249;0.035165854;0.0025157745;0.002515449;0.0025296072;0.0068448437;0.00029415032;0.055793963;-0.008982154;-0.00088841806;0.05445275;0;0;1
1326213645;1326034413;1326041753;0;-0.24884617;-0.10492166;-0.22883342;0.0025000002;0.0025000002;0.0025000002;-0.014060789;-0.004958302;0.035641268;-0.014549418;-0.0043956256;0.03541096;0.002515248;0.0025153682;0.0025302407;0.008733655;0.0010812178;0.055776305;-0.009381371;-0.00093175995;0.05515208;0;0;1
1326663532;1326482777;1326491644;0;-0.2540009;-0.100145936;-0.22308934;0.0025000002;0.0025000002;0.0025000002;-0.015385652;-0.0048921704;0.038217142;-0.015113455;-0.0041984734;0.03723899;0.0025140515;0.0025154944;0.0025313746;0.01046201;0.0010522043;0.06410187;-0.0101323705;-0.00082827685;0.061114985;0;0;1
1327185288;1327005742;1327013518;0;-0.24678555;-0.10354671;-0.23296711;0.0025000002;0.0025000002;0.0025000002;-0.015362361;-0.002547212;0.037466645;-0.014945753;-0.0041447585;0.036037985;0.0025154368;0.0025154143;0.0025298991;0.010424615;0.00028403034;0.061644264;-0.009904184;-0.0008029911;0.057278093;0;0;1
1327707237;1327528671;1327535391;0;-0.24565415;-0.106828354;-0.23151015;0.0025000002;0.0025000002;0.0025000002;-0.015515964;-0.0046161935;0.036041453;-0.015028337;-0.004205266;0.035539713;0.0025156215;0.002515213;0.0025299613;0.01063334;0.0009366393;0.057040803;-0.010001161;-0.00080525444;0.055639196;0;0;1
1328157054;1327977035;1327985281;0;-0.24853557;-0.10379189;-0.22794458;0.0025000002;0.0025000002;0.0025000002;-0.015248358;-0.0048909932;0.03539422;-0.015080662;-0.004368774;0.03539551;0.0025151114;0.0025153335;0.0025303655;0.010271797;0.0010517319;0.055002525;-0.010066472;-0.00086178444;0.05512236;0;0;1
1328679001;1328499977;1328507202;0;-0.24607468;-0.10492043;-0.23194328;0.0025000002;0.0025000002;0.0025000002;-0.01661127;-0.0030178055;0.037502438;-0.015340728;-0.004154989;0.035990905;0.002515335;0.0025153335;0.0025301003;0.01218898;0.0003989756;0.061756667;-0.010430416;-0.00079018204;0.056981675;0;0;1
1329200832;1329023103;1329029028;0;-0.24516462;-0.10375616;-0.23108272;0.0025000002;0.0025000002;0.0025000002;-0.015581961;-0.0041870475;0.033795714;-0.015427085;-0.0047918423;0.035536718;0.00251573;0.002515289;0.0025297052;0.0107235275;0.0007701867;0.05015848;-0.010556687;-0.001059872;0.05554131;0;0;1
1329650712;1329471342;1329478918;0;-0.24992904;-0.10472276;-0.22811031;0.0025000002;0.0025000002;0.0025000002;-0.01502652;-0.0038864687;0.03705205;-0.01542585;-0.004248123;0.035832148;0.0025149665;0.002515202;0.0025306328;0.009975671;0.0006636399;0.06026938;-0.010577964;-0.00083973445;0.056528263;0;0;1
1330172678;1329994242;1330000792;0;-0.24639961;-0.10693823;-0.22969034;0.0025000002;0.0025000002;0.0025000002;-0.016013047;-0.0052447096;0.03587562;-0.015301897;-0.004750882;0.03601868;0.002515343;0.0025152375;0.002530226;0.011326826;0.0012092873;0.056512326;-0.010382122;-0.0010284305;0.05707089;0;0;1
1330694520;1330517208;1330522663;0;-0.24669996;-0.110440075;-0.2310364;0.0025000002;0.0025000002;0.0025000002;-0.014358076;-0.006283805;0.03663981;-0.015620171;-0.005138579;0.03556893;0.0025155663;0.002515103;0.0025301606;0.009105719;0.0017379741;0.058948115;-0.010844921;-0.0012275834;0.05571749;0;0;1
1331216424;1331040230;1331044535;0;-0.24918628;-0.11174101;-0.23277944;0.0025000002;0.0025000002;0.0025000002;-0.013783178;-0.0055091083;0.041252017;-0.01530231;-0.005238407;0.03762819;0.0025151328;0.002515165;0.0025305538;0.008392577;0.0013351119;0.07471352;-0.010394646;-0.0012576149;0.062413815;0;0;1
1331666210;1331488357;1331494426;0;-0.2499302;-0.10929328;-0.23237576;0.0025000002;0.0025000002;0.0025000002;-0.013963444;-0.0049992055;0.04117325;-0.01526088;-0.005002299;0.037961707;0.0025149325;0.0025153176;0.0025305662;0.008614226;0.0010987162;0.07442866;-0.010327413;-0.0011330018;0.063469045;0;0;1
1332188111;1332011324;1332016345;0;-0.24698018;-0.11040529;-0.22932665;0.0025000002;0.0025000002;0.0025000002;-0.015612863;-0.004442878;0.03632523;-0.015569483;-0.0052341856;0.036765058;0.0025151928;0.002515243;0.0025303138;0.010768402;0.0008668056;0.057937305;-0.010781879;-0.0012354095;0.059608877;0;0;1
1332710040;1332534351;1332538169;0;-0.24720895;-0.11116561;-0.2347045;0.0025000002;0.0025000002;0.0025000002;-0.014492874;-0.0052248687;0.040838435;-0.015304054;-0.0051708017;0.037250463;0.0025153386;0.0025151966;0.0025301883;0.009278336;0.001200242;0.07323297;-0.010428949;-0.0011973203;0.061187826;0;0;1
1333159905;1332982483;1332988059;0;-0.24453509;-0.10898274;-0.23263022;0.0025000002;0.0025000002;0.0025000002;-0.016604055;-0.004473813;0.036954716;-0.015602713;-0.0047812224;0.03741907;0.0025154962;0.0025152224;0.0025299187;0.012177611;0.00087875477;0.05997094;-0.010805614;-0.0010348457;0.06178341;0;0;1
1333681853;1333505448;1333509931;0;-0.2474839;-0.10716944;-0.2312476;0.0025000002;0.0025000002;0.0025000002;-0.015317794;-0.00393977;0.037185088;-0.015644245;-0.0043477877;0.03705294;0.0025151921;0.0025152762;0.0025301387;0.010365225;0.0006813323;0.060716543;-0.010844171;-0.0008680718;0.060429078;0;0;1
1334203648;1334028393;1334031803;0;-0.24973759;-0.10297942;-0.22891857;0.0025000002;0.0025000002;0.0025000002;-0.014664517;-0.0050769597;0.036226004;-0.015081953;-0.004694023;0.036323145;0.0025149696;0.0025152462;0.0025303415;0.0095008025;0.0011336564;0.057619054;-0.010079198;-0.0009977553;0.058073603;0;0;1
1334653593;1334476593;1334481692;0;-0.24872124;-0.095419385;-0.22342272;0.0025000002;0.0025000002;0.0025000002;-0.012768716;-0.00527025;0.024567023;-0.014865777;-0.0041425186;0.03317339;0.002515683;0.0025152802;0.0025294602;0.0072010527;0.0012230579;0.026505776;-0.00981361;-0.0008052282;0.0491277;0;0;1
1335175499;1334999571;1335003564;0;-0.24983749;-0.096974075;-0.22770755;0.0025000002;0.0025000002;0.0025000002;-0.015425088;-0.004202962;0.03434317;-0.015035415;-0.0038039964;0.032896455;0.0025149747;0.0025152392;0.0025302751;0.01051185;0.00077664823;0.05178461;-0.010041682;-0.00066964317;0.047890823;0;0;1
1335697214;1335522818;1335525482;0;-0.24645635;-0.09664055;-0.2306966;0.0025000002;0.0025000002;0.0025000002;-0.016631948;-0.0017006323;0.033439517;-0.015000109;-0.0029123544;0.03288635;0.0025154103;0.002515315;0.0025297126;0.012218978;0.00012615277;0.049106166;-0.009986501;-0.00041925962;0.047784068;0;0;1
1336147138;1335971037;1335975371;0;-0.24751586;-0.09525701;-0.22726601;0.0025000002;0.0025000002;0.0025000002;-0.015948173;-0.0037045553;0.030626073;-0.014437096;-0.0034654106;0.032902747;0.0025153474;0.0025152874;0.0025298183;0.011235215;0.00060289213;0.04118791;-0.009285956;-0.000578717;0.047715984;0;0;1
1336668960;1336493930;1336497195;0;-0.25058982;-0.0988056;-0.22930901;0.0025000002;0.0025000002;0.0025000002;-0.014327776;-0.0031773672;0.035447016;-0.014566355;-0.0036877412;0.033446;0.0025150734;0.002515171;0.0025302386;0.009069104;0.00044345311;0.055168863;-0.0094237225;-0.00065271667;0.049302947;0;0;1
1337191014;1337017034;1337019066;0;-0.25308564;-0.09115105;-0.22064789;0.0025000002;0.0025000002;0.0025000002;-0.015112703;-0.0050777346;0.030239552;-0.014737286;-0.0039625247;0.03170568;0.0025144608;0.002515334;0.002530701;0.010092457;0.0011347074;0.040140823;-0.009633137;-0.0007371678;0.044313103;0;0;1
1337712780;1337539836;1337540937;0;-0.24991594;-0.09636869;-0.22803581;0.0025000002;0.0025000002;0.0025000002;-0.01314816;-0.002801381;0.030719504;-0.014143187;-0.0037351577;0.030395871;0.0025154627;0.002515203;0.0025297387;0.0076360637;0.00034468775;0.041442133;-0.008872722;-0.00064345583;0.04076835;0;0;1
1338162667;1337988106;1337990825;0;-0.24847685;-0.09671091;-0.22964448;0.0025000002;0.0025000002;0.0025000002;-0.014900341;-0.0029665902;0.03285733;-0.014410615;-0.0038182773;0.030260349;0.0025153935;0.0025152005;0.0025298253;0.009807175;0.00038634636;0.047409173;-0.00924946;-0.00068567274;0.040469203;0;0;1
1338684437;1338511303;1338512696;0;-0.2528168;-0.094854794;-0.22754468;0.0025000002;0.0025000002;0.0025000002;-0.012488949;-0.004222162;0.033348054;-0.0142176375;-0.004203003;0.03197151;0.0025150317;0.0025152008;0.002530198;0.0068907393;0.00078463234;0.048829712;-0.008995296;-0.00080612506;0.045162003;0;0;1
1339206340;1339034424;1339034615;0;-0.24762553;-0.09396103;-0.23034051;0.0025000002;0.0025000002;0.0025000002;-0.013825358;-0.0016332269;0.029798388;-0.0137295;-0.0035355766;0.030588817;0.0025158254;0.0025152492;0.002529283;0.008441697;0.00011665842;0.03900085;-0.00837576;-0.00060140126;0.041318633;0;0;1
1339656225;1339482614;1339484502;0;-0.25182202;-0.09366019;-0.22583985;0.0025000002;0.0025000002;0.0025000002;-0.013499224;-0.0029129237;0.030984744;-0.014036117;-0.0030765734;0.030590296;0.0025150883;0.0025152045;0.0025301327;0.008050481;0.00037281783;0.04215436;-0.008753843;-0.0004763984;0.041330058;0;0;1
1340178183;1340005770;1340006325;0;-0.25140944;-0.09462105;-0.22252151;0.0025000002;0.0025000002;0.0025000002;-0.014542619;-0.0035781115;0.028915793;-0.014212675;-0.0038629614;0.029843567;0.002514953;0.0025151675;0.0025303212;0.00934357;0.0005628615;0.036709305;-0.008976701;-0.00071996264;0.03933895;0;0;1
1340709165;1340528602;1340537193;0;-0.2505085;-0.097351424;-0.22519258;0.0025000002;0.0025000002;0.0025000002;-0.014402787;-0.0046431497;0.030934498;-0.014325738;-0.004236031;0.030123904;0.002515041;0.0025152117;0.0025302216;0.009164431;0.0009483507;0.04201679;-0.0091140615;-0.00082180055;0.040070288;0;0;1
1341150027;1340976797;1340978083;0;-0.24892466;-0.10311693;-0.22993425;0.0025000002;0.0025000002;0.0025000002;-0.014769768;-0.004480496;0.03535992;-0.014675465;-0.00437291;0.03159026;0.0025151938;0.0025151102;0.0025301734;0.009636813;0.0008825781;0.054901097;-0.009547133;-0.00086536934;0.044191904;0;0;1
1341671776;1341499884;1341499953;0;-0.2538246;-0.09983415;-0.21935835;0.0025000002;0.0025000002;0.0025000002;-0.011203629;-0.005623542;0.026089415;-0.014614247;-0.004326596;0.031605024;0.0025149737;0.0025151148;0.0025303592;0.0055455095;0.0013931575;0.029884601;-0.00953712;-0.00086370984;0.044306483;0;0;1
1342202658;1342022795;1342030820;0;-0.25091147;-0.10197605;-0.22817692;0.0025000002;0.0025000002;0.0025000002;-0.014377623;-0.0037237853;0.035301566;-0.015488701;-0.0039146007;0.03404753;0.0025149498;0.002515072;0.0025304204;0.009132767;0.0006093653;0.05471437;-0.010731121;-0.00071389053;0.05137194;0;0;1
1342643526;1342471218;1342471710;0;-0.24934934;-0.10179924;-0.22707656;0.0025000002;0.0025000002;0.0025000002;-0.015714355;-0.0036315545;0.0337476;-0.01540697;-0.0038886447;0.033783283;0.0025149218;0.0025151712;0.0025303396;0.010910034;0.0005789022;0.05000521;-0.010574159;-0.0006977811;0.050683722;0;0;1
1343174458;1342994293;1343002578;0;-0.24657854;-0.10021406;-0.23248541;0.0025000002;0.0025000002;0.0025000002;-0.015223057;-0.0029679164;0.03381343;-0.0146601;-0.003734256;0.03317732;0.0025155884;0.002515201;0.0025295573;0.010235797;0.00038626944;0.050215393;-0.009569986;-0.00064567867;0.04870225;0;0;1
1343696280;1343517199;1343524447;0;-0.2510739;-0.10058625;-0.22859553;0.0025000002;0.0025000002;0.0025000002;-0.01399402;-0.0040800273;0.03495519;-0.014495459;-0.0038321263;0.032828994;0.0025149602;0.0025151246;0.0025302966;0.008651897;0.0007318362;0.053648975;-0.009344278;-0.0006826002;0.04754772;0;0;1
1344218169;1344040442;1344046316;0;-0.24865511;-0.09756741;-0.22627778;0.0025000002;0.0025000002;0.0025000002;-0.015387576;-0.0033364072;0.030126408;-0.014634338;-0.0035151495;0.032339055;0.002515133;0.0025153055;0.0025299052;0.010460127;0.0004884264;0.03985595;-0.009507118;-0.00056699314;0.04608557;0;0;1
1344668008;1344488567;1344496204;0;-0.24668205;-0.10188039;-0.23272626;0.0025000002;0.0025000002;0.0025000002;-0.016674263;-0.0020312816;0.03630857;-0.014769799;-0.0032763225;0.0322903;0.0025153013;0.0025151144;0.0025298852;0.012281764;0.00018019516;0.057892133;-0.009692567;-0.00050457875;0.04607787;0;0;1
1345189890;1345011519;1345018120;0;-0.25037086;-0.10515334;-0.22667158;0.0025000002;0.0025000002;0.0025000002;-0.013888342;-0.004430443;0.03309068;-0.014911376;-0.003970134;0.03193407;0.002514981;0.0025151137;0.0025302954;0.008521649;0.0008628598;0.048079178;-0.0098875025;-0.0007391744;0.045005187;0;0;1
1345711755;1345534647;1345539942;0;-0.24949247;-0.104655564;-0.23361386;0.0025000002;0.0025000002;0.0025000002;-0.012113072;-0.0049911067;0.036167055;-0.0139227025;-0.0041036294;0.032735582;0.0025154885;0.0025151127;0.002529735;0.0064810254;0.0010962626;0.057447657;-0.008693852;-0.00077782245;0.04727822;0;0;1
1346161611;1345982963;1345989829;0;-0.24904543;-0.10626033;-0.22944269;0.0025000002;0.0025000002;0.0025000002;-0.014058652;-0.0030132532;0.03397052;-0.013966313;-0.0037589355;0.03329251;0.0025152478;0.002515044;0.0025300274;0.008731002;0.00039828185;0.050674744;-0.008676994;-0.00064759166;0.04886226;0;0;1
1346683627;1346505868;1346511698;0;-0.24772744;-0.10413502;-0.22719589;0.0025000002;0.0025000002;0.0025000002;-0.015312999;-0.004750721;0.031460583;-0.014836608;-0.0037563276;0.03354192;0.0025152422;0.0025150774;0.0025299864;0.010358531;0.0009920986;0.043463033;-0.009788272;-0.0006502407;0.04957649;0;0;1
1347205477;1347028970;1347033566;0;-0.24859327;-0.1046038;-0.23365627;0.0025000002;0.0025000002;0.0025000002;-0.015566834;-0.0038357675;0.039368108;-0.015401017;-0.0040562176;0.034592766;0.0025150378;0.002515057;0.0025301846;0.010705663;0.0006459929;0.068053804;-0.010537065;-0.00075780414;0.052832916;0;0;1
1347655298;1347477308;1347483453;0;-0.2470774;-0.10663852;-0.23214172;0.0025000002;0.0025000002;0.0025000002;-0.01404658;-0.0043011904;0.03418359;-0.014808629;-0.004080388;0.033180516;0.0025156005;0.002515003;0.0025296567;0.00871479;0.0008131684;0.05131979;-0.0097614685;-0.0007551438;0.04870692;0;0;1
1348177131;1348000246;1348005321;0;-0.24819344;-0.10389508;-0.22861227;0.0025000002;0.0025000002;0.0025000002;-0.014269995;-0.0042949766;0.031696796;-0.01477277;-0.0038873916;0.033250228;0.0025153612;0.002515068;0.0025298097;0.008995075;0.0008107965;0.044121467;-0.009702956;-0.0006832148;0.048756983;0;0;1
1348698954;1348523316;1348527237;0;-0.24359855;-0.105116636;-0.22957672;0.0025000002;0.0025000002;0.0025000002;-0.01755413;-0.0056847706;0.03149274;-0.0149417855;-0.0041331104;0.033549987;0.002515529;0.002515091;0.0025296346;0.0136108985;0.00142046;0.043557677;-0.009976568;-0.000784199;0.04960038;0;0;1
1349148923;1348971415;1348977123;0;-0.2489843;-0.104473576;-0.22854829;0.0025000002;0.0025000002;0.0025000002;-0.0143559445;-0.0024048537;0.032417983;-0.014778586;-0.0035474016;0.032945935;0.0025151847;0.0025151114;0.002529915;0.009104396;0.00025315315;0.046150766;-0.009708225;-0.00058941345;0.047820333;0;0;1
1349670753;1349494311;1349498944;0;-0.24808918;-0.09781598;-0.22993517;0.0025000002;0.0025000002;0.0025000002;-0.01281139;-0.003272213;0.028815687;-0.014555053;-0.003565349;0.031071972;0.002515787;0.0025151265;0.002529184;0.0072489665;0.00047046927;0.036473107;-0.0094226785;-0.00058123807;0.042719025;0;0;1
1350192771;1350017517;1350020812;0;-0.24797732;-0.09786712;-0.22382641;0.0025000002;0.0025000002;0.0025000002;-0.015935007;-0.0039156377;0.027085781;-0.0149317365;-0.003264592;0.030227669;0.0025151721;0.002515149;0.0025298372;0.011217454;0.00067341066;0.032216333;-0.009890211;-0.0005001109;0.040383942;0;0;1
1350714583;1350540255;1350542680;0;-0.25169307;-0.10160096;-0.22733894;0.0025000002;0.0025000002;0.0025000002;-0.013166744;-0.0030094683;0.032652855;-0.014543087;-0.0039029773;0.031990845;0.0025149381;0.0025151065;0.0025301275;0.007659263;0.00039752733;0.046818156;-0.00941726;-0.00074424036;0.045356825;0;0;1
1351164369;1350988405;1350992566;0;-0.2489618;-0.09903513;-0.22753355;0.0025000002;0.0025000002;0.0025000002;-0.013042222;-0.0031295419;0.028087333;-0.014200206;-0.0035892697;0.030646907;0.0025156036;0.002515042;0.0025294502;0.0075130877;0.0004302739;0.034648713;-0.009092074;-0.0006160425;0.04173716;0;0;1
1351686229;1351511573;1351514433;0;-0.25020835;-0.099347055;-0.23088825;0.0025000002;0.0025000002;0.0025000002;-0.014902644;0.00043913722;0.03504336;-0.0139701655;-0.0028203358;0.029882697;0.0025150713;0.0025150562;0.0025299864;0.009811465;8.883588e-06;0.053925626;-0.008706977;-0.00044959527;0.03966328;0;0;1
1352208068;1352034359;1352036348;0;-0.2499828;-0.09383603;-0.22670722;0.0025000002;0.0025000002;0.0025000002;-0.013287533;-0.0026284084;0.027628317;-0.01408816;-0.0029197969;0.028488673;0.0025154343;0.002515126;0.002529513;0.0077988976;0.00030327233;0.033524398;-0.008821728;-0.00042995042;0.03596995;0;0;1
1352657972;1352482784;1352486234;0;-0.25087568;-0.09712128;-0.22598255;0.0025000002;0.0025000002;0.0025000002;-0.013156207;-0.003349796;0.02888976;-0.013564879;-0.0036613427;0.027751544;0.0025152545;0.0025150403;0.0025298211;0.007646047;0.0004932263;0.036651667;-0.00820206;-0.00066148955;0.034079038;0;0;1
1353179887;1353006019;1353008054;0;-0.24983177;-0.10369216;-0.22838545;0.0025000002;0.0025000002;0.0025000002;-0.014456798;-0.0048617795;0.03376153;-0.013546968;-0.0038593595;0.030701296;0.0025150282;0.0025149917;0.0025301822;0.009233341;0.0010395691;0.050050255;-0.008157247;-0.0006972003;0.041774042;0;0;1
1353701838;1353528711;1353529921;0;-0.24845627;-0.10025572;-0.2313314;0.0025000002;0.0025000002;0.0025000002;-0.01433133;-0.002191335;0.03284496;-0.013573614;-0.003485188;0.030455023;0.0025153828;0.0025151256;0.0025296123;0.009072487;0.00021012619;0.047379926;-0.008203276;-0.00059796654;0.041056063;0;0;1
1354151740;1353976978;1353979806;0;-0.24595177;-0.099332854;-0.23017311;0.0025000002;0.0025000002;0.0025000002;-0.015309044;-0.0021434575;0.029254854;-0.01435906;-0.0032170177;0.03140188;0.0025157216;0.0025150974;0.002529257;0.010351208;0.00020093938;0.037592113;-0.009191412;-0.00050055113;0.043731347;0;0;1
1354673473;1354500009;1354501673;0;-0.24778399;-0.10037642;-0.22864212;0.0025000002;0.0025000002;0.0025000002;-0.015993748;-0.003331788;0.03180766;-0.014649179;-0.0035684793;0.030685527;0.002515222;0.0025150264;0.0025298682;0.011300083;0.00048711002;0.044428628;-0.009547327;-0.0006012127;0.041585222;0;0;1
1355195301;1355022921;1355023540;0;-0.24986002;-0.10241254;-0.2287223;0.0025000002;0.0025000002;0.0025000002;-0.014756871;-0.0030591935;0.03352332;-0.014828114;-0.0034739766;0.031894032;0.0025149954;0.0025150443;0.0025301047;0.009620748;0.00041049375;0.049347844;-0.009761696;-0.00055779464;0.044842638;0;0;1
1355645201;1355471341;1355473425;0;-0.2508643;-0.1054889;-0.2282772;0.0025000002;0.0025000002;0.0025000002;-0.013733513;-0.0026091859;0.033751905;-0.014796758;-0.0033641534;0.031914923;0.0025149607;0.002514996;0.0025302072;0.008332773;0.00029835175;0.050021704;-0.0097175725;-0.0005279866;0.044891477;0;0;1
1356167104;1355994465;1355995345;0;-0.248377;-0.10751362;-0.22776529;0.0025000002;0.0025000002;0.0025000002;-0.014001873;-0.0036001876;0.030872166;-0.013857155;-0.0036287636;0.031420443;0.0025153859;0.0025149;0.00252987;0.008660144;0.0005692169;0.041854803;-0.0085541615;-0.0006040904;0.04343629;0;0;1
1356697999;1356517173;1356526156;0;-0.24925338;-0.10386863;-0.2302383;0.0025000002;0.0025000002;0.0025000002;-0.014506725;-0.0023471564;0.033853278;-0.01408686;-0.0033386662;0.032202214;0.0025150534;0.0025151887;0.0025299238;0.0092971325;0.00024093965;0.050329246;-0.008807911;-0.00051860086;0.04563936;0;0;1
1357138877;1356965524;1356967043;0;-0.24520764;-0.107120335;-0.23178934;0.0025000002;0.0025000002;0.0025000002;-0.014050245;-0.003720753;0.030346349;-0.014115528;-0.0035753052;0.032100473;0.002515942;0.002514964;0.0025291895;0.008718156;0.0006079231;0.040451966;-0.0088235475;-0.000582816;0.045483503;0;0;1
1357660746;1357488575;1357488909;0;-0.24838626;-0.10127115;-0.23317456;0.0025000002;0.0025000002;0.0025000002;-0.015593627;-0.0015592128;0.036111146;-0.014304669;-0.0033264018;0.03152293;0.002515193;0.0025150126;0.0025298384;0.010741883;0.00010590847;0.057266016;-0.009068797;-0.00056585873;0.04400291;0;0;1
1358191556;1358011371;1358019820;0;-0.25273776;-0.094374284;-0.22431114;0.0025000002;0.0025000002;0.0025000002;-0.012812691;-0.0025220066;0.028020546;-0.013730473;-0.0029549259;0.029145652;0.0025150334;0.0025150408;0.0025299725;0.007252612;0.00027925777;0.03447715;-0.008363326;-0.00042708093;0.037691783;0;0;1
1358713414;1358534123;1358541639;0;-0.25042042;-0.09874493;-0.22762048;0.0025000002;0.0025000002;0.0025000002;-0.014098081;-0.0015764087;0.030609906;-0.013947899;-0.0027886431;0.029279703;0.0025151197;0.0025150827;0.002529875;0.008780491;0.00010843236;0.041146494;-0.008633354;-0.00038861352;0.037844326;0;0;1
1359163362;1358982693;1358991524;0;-0.24854657;-0.099835865;-0.22978638;0.0025000002;0.0025000002;0.0025000002;-0.013069526;-0.0018791035;0.028980047;-0.013704712;-0.0030157703;0.02868127;0.002515682;0.0025150406;0.002529324;0.007544344;0.00015449009;0.036888964;-0.00832824;-0.0004507724;0.03628343;0;0;1
1359685309;1359505481;1359513389;0;-0.24990338;-0.09776711;-0.22761014;0.0025000002;0.0025000002;0.0025000002;-0.013953879;-0.002426453;0.029547006;-0.013569669;-0.003007631;0.028413588;0.0025153407;0.0025149758;0.0025297464;0.008601032;0.0002582236;0.038339294;-0.0081839105;-0.0004321981;0.03558058;0;0;1
1360207054;1360028293;1360035255;0;-0.25489765;-0.097096525;-0.22586048;0.0025000002;0.0025000002;0.0025000002;-0.012433835;-0.005342573;0.033371523;-0.013788722;-0.0033211485;0.031093823;0.002514535;0.0025150594;0.002530553;0.0068314043;0.0012567922;0.048893426;-0.008501627;-0.0005368804;0.04290101;0;0;1
1360657018;1360476929;1360485139;0;-0.24472842;-0.099277385;-0.23244981;0.0025000002;0.0025000002;0.0025000002;-0.018059902;-0.0010046288;0.032805398;-0.014408353;-0.0029691474;0.029855905;0.00251544;0.0025151183;0.0025295082;0.014407024;4.3453085e-05;0.047266852;-0.009304577;-0.00046106905;0.03956616;0;0;1
1361178838;1360999819;1361007005;0;-0.24778804;-0.09856796;-0.22689639;0.0025000002;0.0025000002;0.0025000002;-0.014180124;-0.0029139072;0.026358321;-0.013949585;-0.0028473595;0.028507687;0.0025156466;0.0025150045;0.0025293846;0.008881123;0.00037263625;0.03051472;-0.008681025;-0.00039108616;0.036100883;0;0;1
1361702220;1361522633;1361528917;0;-0.24682367;-0.098537914;-0.22779013;0.0025000002;0.0025000002;0.0025000002;-0.016460307;-0.0060056597;0.029857203;-0.014595143;-0.003356588;0.029719407;0.0025152636;0.0025150643;0.0025297704;0.011968778;0.0015868063;0.039148413;-0.009479747;-0.0005631093;0.039059896;0;0;1
1362150633;1361971207;1361978801;0;-0.24772286;-0.098589666;-0.22774772;0.0025000002;0.0025000002;0.0025000002;-0.01388366;-0.0042731985;0.026982024;-0.014102356;-0.0036442599;0.0292237;0.0025155982;0.0025151153;0.0025293452;0.008513813;0.00080273306;0.03197723;-0.008858759;-0.0006235044;0.037676677;0;0;1
1362672414;1362493963;1362500619;0;-0.24968754;-0.10083466;-0.22754835;0.0025000002;0.0025000002;0.0025000002;-0.014845373;-0.003879413;0.0313856;-0.014036935;-0.0037008377;0.029178442;0.0025150892;0.0025149533;0.002530041;0.009736129;0.0006612798;0.04325514;-0.008749852;-0.00062337884;0.037558246;0;0;1
1363194420;1363016724;1363022484;0;-0.2501329;-0.100541495;-0.23296933;0.0025000002;0.0025000002;0.0025000002;-0.012589518;-0.002966173;0.033859015;-0.013848727;-0.003046476;0.030083198;0.002515383;0.002515081;0.0025296048;0.0070011853;0.0003861973;0.050351918;-0.008521535;-0.0004415749;0.04005751;0;0;1
1363716170;1363539862;1363544349;0;-0.24537343;-0.10190801;-0.23048088;0.0025000002;0.0025000002;0.0025000002;-0.014742094;-0.0033385903;0.028156862;-0.014531375;-0.0031471804;0.02980413;0.0025158622;0.0025150536;0.0025291317;0.0095981825;0.0004890632;0.034825742;-0.009423854;-0.00046487828;0.03924138;0;0;1
1364166071;1363988051;1363994232;0;-0.24944805;-0.103259966;-0.2290818;0.0025000002;0.0025000002;0.0025000002;-0.012604697;-0.0034812838;0.029828757;-0.014046663;-0.0033814693;0.029593488;0.002515523;0.0025149412;0.0025295995;0.007017687;0.0005325399;0.039077785;-0.008817778;-0.00052123854;0.038639527;0;0;1
1364687951;1364510752;1364516097;0;-0.24776956;-0.10335761;-0.2316176;0.0025000002;0.0025000002;0.0025000002;-0.013628555;-0.001187712;0.030800834;-0.013952725;-0.002598898;0.030274693;0.0025156327;0.0025150494;0.0025293713;0.008203702;6.123181e-05;0.04167038;-0.008659838;-0.00033312963;0.040404923;0;0;1
1365209701;1365033969;1365038009;0;-0.24718365;-0.099798374;-0.23006783;0.0025000002;0.0025000002;0.0025000002;-0.01458205;-0.0034842417;0.029396936;-0.014296489;-0.0028284516;0.029338714;0.002515571;0.0025150753;0.0025293923;0.009392;0.00053292076;0.03795723;-0.009060822;-0.00037086746;0.037961077;0;0;1
1365659702;1365482151;1365487892;0;-0.24911623;-0.1021904;-0.22851972;0.0025000002;0.0025000002;0.0025000002;-0.014592123;-0.0031619594;0.031112596;-0.014247826;-0.0030992809;0.029554108;0.002515207;0.0025149712;0.0025298835;0.00940634;0.00043867406;0.042509;-0.008987744;-0.00044520784;0.03849225;0;0;1
1366181646;1366004958;1366009710;0;-0.25437942;-0.1047841;-0.22829382;0.0025000002;0.0025000002;0.0025000002;-0.009425102;-0.0043022633;0.032048985;-0.01362175;-0.0032876297;0.030115642;0.0025152336;0.0025147982;0.0025300533;0.0039242012;0.0008152494;0.045105502;-0.00835826;-0.0005057841;0.03995022;0;0;1
1366703537;1366528049;1366531574;0;-0.250491;-0.100014746;-0.22791004;0.0025000002;0.0025000002;0.0025000002;-0.013161536;-0.0038452595;0.029925928;-0.013360678;-0.0031277246;0.02929806;0.0025153204;0.0025149023;0.002529815;0.0076520424;0.000650183;0.039328974;-0.007973998;-0.00046766546;0.037836168;0;0;1
1367153337;1366976309;1366981457;0;-0.25050992;-0.09778154;-0.22747293;0.0025000002;0.0025000002;0.0025000002;-0.012776472;-0.0023726448;0.027987227;-0.013501369;-0.0028042193;0.028850188;0.0025154203;0.0025149956;0.002529603;0.007210557;0.0002468886;0.03440084;-0.008107767;-0.00040931976;0.03675655;0;0;1
1367675143;1367499295;1367503321;0;-0.25048146;-0.09333562;-0.23315018;0.0025000002;0.0025000002;0.0025000002;-0.013470203;-0.0011607632;0.033269092;-0.013469479;-0.0028289875;0.028517708;0.0025153584;0.0025151037;0.0025295469;0.008015043;5.863671e-05;0.048612658;-0.008065397;-0.00040255018;0.035997204;0;0;1
1368196953;1368022431;1368025185;0;-0.2496808;-0.09284513;-0.22583847;0.0025000002;0.0025000002;0.0025000002;-0.014308028;-0.002480559;0.026152596;-0.013811262;-0.002555525;0.027303202;0.002515342;0.0025150855;0.0025295848;0.009043155;0.0002697977;0.03003794;-0.008480812;-0.00031309776;0.03292524;0;0;1
1368646844;1368470640;1368475068;0;-0.25211173;-0.09310847;-0.22352529;0.0025000002;0.0025000002;0.0025000002;-0.013705789;-0.0018205121;0.02633901;-0.013830408;-0.0028499532;0.027192444;0.0025150396;0.0025150268;0.0025299652;0.008298904;0.00014507008;0.030463215;-0.008477801;-0.00039219583;0.032569993;0;0;1
1369168698;1368993383;1368996979;0;-0.2541214;-0.09179512;-0.2194188;0.0025000002;0.0025000002;0.0025000002;-0.010405434;-0.0027954727;0.02026987;-0.012946576;-0.0020635207;0.02615409;0.0025153009;0.0025150322;0.0025296914;0.004782863;0.00034366475;0.018043498;-0.0074935677;-0.00024581485;0.030389942;0;0;1
1369690667;1369516493;1369518795;0;-0.2526335;-0.09069388;-0.22408894;0.0025000002;0.0025000002;0.0025000002;-0.013575194;-0.0036390126;0.027268857;-0.012911977;-0.0022008996;0.025577853;0.0025150373;0.0025149623;0.0025300481;0.008141514;0.00058256864;0.032650772;-0.0074274214;-0.00025633135;0.02920745;0;0;1
1370212591;1370039425;1370040659;0;-0.2528736;-0.09175318;-0.22391564;0.0025000002;0.0025000002;0.0025000002;-0.012641482;-0.0023586974;0.026013345;-0.012849092;-0.0027256175;0.025759239;0.0025151218;0.0025150361;0.0025298987;0.007059833;0.00024417887;0.029715627;-0.0073536793;-0.0003732039;0.029444598;0;0;1
1370662538;1370487569;1370490541;0;-0.25366923;-0.09013861;-0.22363238;0.0025000002;0.0025000002;0.0025000002;-0.0113047995;-0.0016531423;0.024445698;-0.0127810445;-0.0022693158;0.025480283;0.0025152958;0.0025150245;0.002529717;0.0056453925;0.00011979894;0.026243849;-0.0072620963;-0.00026109364;0.028736306;0;0;1
1371184167;1371010644;1371012405;0;-0.25204113;-0.09183864;-0.22323571;0.0025000002;0.0025000002;0.0025000002;-0.012077646;-0.0031562448;0.02347228;-0.012682304;-0.0022847417;0.025441734;0.0025154399;0.0025149577;0.0025296404;0.006443298;0.00043814958;0.024195688;-0.0071306755;-0.00026297104;0.028686505;0;0;1
1371706089;1371533603;1371534268;0;-0.2523604;-0.095505975;-0.22259952;0.0025000002;0.0025000002;0.0025000002;-0.011498606;-0.0036163852;0.023385867;-0.012860041;-0.002752599;0.025758363;0.002515439;0.0025148958;0.0025297287;0.005840285;0.00057553995;0.024017548;-0.007379989;-0.00036366546;0.029383006;0;0;1
1372155954;1371981926;1371984150;0;-0.24712986;-0.091452464;-0.22862454;0.0025000002;0.0025000002;0.0025000002;-0.015988065;-0.0019728988;0.027068987;-0.013528157;-0.0023714188;0.025499994;0.0025155938;0.00251507;0.0025293902;0.011290385;0.00017022132;0.032182027;-0.00816661;-0.00027128682;0.028876282;0;0;1
1372677817;1372505109;1372506061;0;-0.24858741;-0.09835716;-0.22977638;0.0025000002;0.0025000002;0.0025000002;-0.014424739;-0.002369918;0.029714927;-0.013822535;-0.002701208;0.026176237;0.0025155721;0.002514888;0.0025296216;0.009190448;0.00024619547;0.038778547;-0.008495158;-0.00033832924;0.030337047;0;0;1
1373208718;1373028090;1373036874;0;-0.25238842;-0.09836674;-0.22492145;0.0025000002;0.0025000002;0.0025000002;-0.011859289;-0.0034228116;0.026833326;-0.013304177;-0.002724837;0.027700443;0.0025151633;0.0025150843;0.0025299217;0.0062131044;0.00051488564;0.031619698;-0.00790607;-0.00034653844;0.033952203;0;0;1
1373649526;1373476229;1373477758;0;-0.2476474;-0.099784106;-0.2298288;0.0025000002;0.0025000002;0.0025000002;-0.014739189;-0.0016224906;0.028983667;-0.014048946;-0.002668495;0.028532663;0.0025154871;0.002515152;0.0025294987;0.00959583;0.00011466314;0.03689708;-0.008812581;-0.0003331816;0.03594435;0;0;1
1374171459;1373999364;1373999621;0;-0.24724436;-0.092760794;-0.22838955;0.0025000002;0.0025000002;0.0025000002;-0.013613651;-0.00180047;0.023826659;-0.0140096415;-0.0026125805;0.026912224;0.0025160047;0.0025150634;0.002528943;0.008184558;0.00014180837;0.02493876;-0.008723824;-0.00036859896;0.03202783;0;0;1
1374702261;1374522112;1374530529;0;-0.25360313;-0.09228663;-0.22648744;0.0025000002;0.0025000002;0.0025000002;-0.010732181;-0.0024017245;0.026756197;-0.013152843;-0.0024915552;0.026259812;0.0025154045;0.0025149612;0.002529684;0.0050877486;0.00025348816;0.03144026;-0.007751203;-0.00031368845;0.030403102;0;0;1
1375143222;1374970332;1374971366;0;-0.24503466;-0.09938799;-0.22864893;0.0025000002;0.0025000002;0.0025000002;-0.015025321;-0.003394574;0.024868071;-0.013498752;-0.0032423157;0.025219288;0.00251612;0.002514856;0.0025290782;0.009969507;0.0005060713;0.027164647;-0.008144728;-0.0005246943;0.028086439;0;0;1
1375674025;1375493472;1375502226;0;-0.24970934;-0.1030597;-0.22935426;0.0025000002;0.0025000002;0.0025000002;-0.014087958;-0.0032118186;0.031693473;-0.013824273;-0.0033254968;0.028018964;0.002515216;0.0025149435;0.0025300053;0.008767552;0.00045267746;0.044109926;-0.008550197;-0.00051321404;0.034825485;0;0;1
1376196004;1376016346;1376024089;0;-0.2470307;-0.10187057;-0.22827183;0.0025000002;0.0025000002;0.0025000002;-0.015860016;-0.0006809011;0.028274983;-0.01374295;-0.0025335164;0.028520886;0.0025154194;0.002515051;0.0025296551;0.011111029;1.9761495e-05;0.035112076;-0.008448827;-0.00033434696;0.035896424;0;0;1
1376717794;1376539585;1376545951;0;-0.24923852;-0.104293376;-0.22892973;0.0025000002;0.0025000002;0.0025000002;-0.01410975;-0.0031363666;0.030878648;-0.013774392;-0.0029808455;0.029107124;0.0025153125;0.0025148802;0.0025299487;0.008794359;0.00043160826;0.04187158;-0.008451912;-0.0004336737;0.03736097;0;0;1
1377167691;1376987788;1376995832;0;-0.25005227;-0.10110138;-0.22883424;0.0025000002;0.0025000002;0.0025000002;-0.0136749;-0.0026433542;0.030259967;-0.01345085;-0.0032242034;0.029500764;0.002515273;0.0025149724;0.002529875;0.0082607735;0.00030629968;0.040211666;-0.008049105;-0.00050987926;0.03840126;0;0;1
1377689466;1377510623;1377517694;0;-0.2516445;-0.10081448;-0.22532515;0.0025000002;0.0025000002;0.0025000002;-0.011851756;-0.0020733774;0.026162192;-0.013258053;-0.0027516515;0.027868852;0.0025153034;0.0025150215;0.0025297853;0.0062048677;0.0001882709;0.030059518;-0.00781806;-0.00036725926;0.034394614;0;0;1
1378211310;1378033876;1378039604;0;-0.25084418;-0.101952255;-0.22522143;0.0025000002;0.0025000002;0.0025000002;-0.013519809;-0.004732296;0.02829288;-0.012964269;-0.0032697006;0.02845729;0.0025151584;0.0025148417;0.0025301166;0.0080748275;0.0009852507;0.035150066;-0.0074936915;-0.00053255854;0.03572502;0;0;1
1378661281;1378482204;1378489485;0;-0.25136983;-0.10067026;-0.22679697;0.0025000002;0.0025000002;0.0025000002;-0.013734862;-0.0034695715;0.030176684;-0.01302276;-0.0029938084;0.029979665;0.002514954;0.0025150182;0.0025301634;0.008334433;0.0005285509;0.039986443;-0.007562894;-0.00047079334;0.0396776;0;0;1
1379183125;1379004996;1379011300;0;-0.24581593;-0.10075461;-0.23134115;0.0025000002;0.0025000002;0.0025000002;-0.014759393;-0.0012241304;0.027740762;-0.013522587;-0.002398177;0.029727872;0.002515868;0.0025150739;0.00252912;0.0096207;6.497028e-05;0.03380476;-0.008141543;-0.00030325569;0.038968727;0;0;1
1379705107;1379528100;1379533161;0;-0.24989238;-0.101723135;-0.22576831;0.0025000002;0.0025000002;0.0025000002;-0.013728089;-0.0031900704;0.027154982;-0.013058328;-0.0026910335;0.02763788;0.0025153456;0.002514858;0.002529885;0.008324918;0.0004468071;0.032381874;-0.0075997603;-0.00035226397;0.033818744;0;0;1
1380154990;1379976311;1379983042;0;-0.24622625;-0.103617474;-0.2306864;0.0025000002;0.0025000002;0.0025000002;-0.014373926;-0.002514556;0.028152794;-0.01294441;-0.0031549623;0.027482059;0.0025158394;0.0025149505;0.002529306;0.009124843;0.0002768368;0.034813616;-0.0074594915;-0.00048632454;0.033353105;0;0;1
1380676696;1380499134;1380504904;0;-0.24920565;-0.09762897;-0.23068981;0.0025000002;0.0025000002;0.0025000002;-0.012202455;-0.0023031682;0.02763018;-0.0127315605;-0.0023873672;0.026671527;0.002515837;0.0025149675;0.002529234;0.0065761143;0.0002326061;0.033533998;-0.007214503;-0.0003091575;0.031446435;0;0;1
1381198568;1381022179;1381026766;0;-0.25143752;-0.09868117;-0.2240709;0.0025000002;0.0025000002;0.0025000002;-0.0127950795;-0.0034664124;0.025484174;-0.012726166;-0.0026450623;0.026747955;0.0025152734;0.0025148983;0.0025299126;0.0072319973;0.0005281126;0.02851929;-0.007190151;-0.00034153927;0.03153437;0;0;1
1381648419;1381470367;1381476646;0;-0.24635348;-0.100857496;-0.23027085;0.0025000002;0.0025000002;0.0025000002;-0.014598405;-0.0019804388;0.027244449;-0.0128340125;-0.0024490757;0.026247147;0.002515827;0.0025150045;0.002529255;0.009412122;0.00017132728;0.03260381;-0.0073249787;-0.0003009489;0.030357085;0;0;1
1382170357;1381993220;1381998555;0;-0.24745402;-0.10229341;-0.2346445;0.0025000002;0.0025000002;0.0025000002;-0.014418075;-0.00087367743;0.032947183;-0.013542993;-0.00261763;0.027743278;0.0025156033;0.0025150424;0.0025294472;0.009181843;3.2854117e-05;0.047679625;-0.008155199;-0.0003470257;0.034052387;0;0;1
1382692168;1382516245;1382520369;0;-0.24875864;-0.101632416;-0.22497354;0.0025000002;0.0025000002;0.0025000002;-0.014638631;-0.0037522465;0.025979951;-0.01394055;-0.0029142173;0.027950201;0.0025153193;0.002514921;0.0025298528;0.009465973;0.00061829266;0.029640418;-0.008619006;-0.00040551403;0.034481056;0;0;1
1383214195;1383039177;1383042230;0;-0.25124413;-0.09999113;-0.22965916;0.0025000002;0.0025000002;0.0025000002;-0.0107324775;0.001611203;0.026842624;-0.012834891;-0.0018765368;0.027124718;0.002515702;0.002515052;0.0025292845;0.005087428;0.00011579841;0.03165034;-0.007371764;-0.00024610292;0.03245155;0;0;1
1383664094;1383487369;1383492110;0;-0.24686176;-0.09352911;-0.22261314;0.0025000002;0.0025000002;0.0025000002;-0.013750186;-0.0010295063;0.017036319;-0.012864006;-0.0017684;0.025356665;0.0025161211;0.0025149928;0.0025288786;0.008349166;4.6022076e-05;0.012749042;-0.007405816;-0.00019811923;0.02891255;0;0;1
1384185730;1384010611;1384013972;0;-0.25218475;-0.09001221;-0.22348522;0.0025000002;0.0025000002;0.0025000002;-0.012832876;-0.001979664;0.023454145;-0.013076668;-0.0021090845;0.025183503;0.0025153258;0.0025149854;0.0025297266;0.007274636;0.00017179814;0.024157481;-0.0076485723;-0.00022936058;0.028237764;0;0;1
1384707706;1384533598;1384535832;0;-0.25292534;-0.09258634;-0.22403607;0.0025000002;0.0025000002;0.0025000002;-0.012118852;-0.0027304068;0.024733871;-0.012851937;-0.0024295873;0.024802528;0.0025152725;0.0025149419;0.0025298535;0.0064877695;0.00032753134;0.026864864;-0.0073708254;-0.00028198826;0.027208654;0;0;1
1385157552;1384981757;1384985713;0;-0.25232303;-0.09169161;-0.21950361;0.0025000002;0.0025000002;0.0025000002;-0.013198346;-0.0033678263;0.020804435;-0.013133243;-0.002388721;0.02404799;0.0025152646;0.002514864;0.0025299524;0.0076950747;0.0004988629;0.019005239;-0.007681955;-0.00027389964;0.025652282;0;0;1
1385679380;1385504781;1385507621;0;-0.24982917;-0.088825606;-0.22586867;0.0025000002;0.0025000002;0.0025000002;-0.012709074;-0.0027057305;0.022200719;-0.012726696;-0.0020093005;0.024222849;0.0025158664;0.0025149533;0.002529221;0.007133418;0.00032169107;0.021648252;-0.0071839336;-0.00020073382;0.025977585;0;0;1
1386201306;1386027678;1386029434;0;-0.25390932;-0.09239724;-0.22268656;0.0025000002;0.0025000002;0.0025000002;-0.010340368;-0.001149267;0.02179563;-0.012515056;-0.0019744595;0.024126144;0.0025155114;0.0025149141;0.0025296514;0.0047228397;5.7739002e-05;0.020862885;-0.0069927843;-0.00020250493;0.025701169;0;0;1
1386651081;1386475900;1386479314;0;-0.2520779;-0.09336775;-0.22419891;0.0025000002;0.0025000002;0.0025000002;-0.012219795;-0.000839822;0.02349858;-0.012649681;-0.0016592119;0.023859493;0.0025154755;0.0025149286;0.0025296884;0.0065957657;3.0611853e-05;0.024249861;-0.0072400197;-0.000152488;0.025261855;0;0;1
1387173046;1386999021;1387001175;0;-0.25225076;-0.08933471;-0.22200899;0.0025000002;0.0025000002;0.0025000002;-0.013472729;-0.0032523647;0.022955313;-0.012182313;-0.0020537302;0.023261424;0.0025153158;0.0025148524;0.0025299385;0.008018186;0.00046531297;0.0231384;-0.006666804;-0.00021223552;0.024219679;0;0;1
1387694926;1387522181;1387523035;0;-0.2533774;-0.087046795;-0.22445779;0.0025000002;0.0025000002;0.0025000002;-0.012831282;-0.0024432093;0.025432438;-0.0123645775;-0.0020963396;0.025012814;0.0025152196;0.002514934;0.0025299604;0.0072731357;0.00026224155;0.028402055;-0.0068013375;-0.00022210099;0.027811024;0;0;1
1388144774;1387970348;1387972915;0;-0.24932352;-0.08911805;-0.23259047;0.0025000002;0.0025000002;0.0025000002;-0.011905879;0.00059458613;0.02642852;-0.012140536;-0.0015523441;0.023498947;0.0025162175;0.0025149544;0.0025288982;0.006259393;1.5955413e-05;0.030683775;-0.006576103;-0.00015267191;0.02461507;0;0;1
1388666603;1388493539;1388494775;0;-0.25497442;-0.0845668;-0.22072944;0.0025000002;0.0025000002;0.0025000002;-0.012650616;-0.0026743114;0.023282796;-0.012645422;-0.0017102824;0.022177503;0.0025149863;0.0025149493;0.0025302218;0.00707042;0.00031445012;0.02380082;-0.0071077095;-0.00019092429;0.021864219;0;0;1
1389188448;1389016579;1389016682;0;-0.25507733;-0.0815492;-0.22038265;0.0025000002;0.0025000002;0.0025000002;-0.013513507;-0.00081564486;0.023472354;-0.012444785;-0.0012463474;0.022501644;0.002514829;0.0025150578;0.0025303129;0.008068359;2.8905846e-05;0.024189284;-0.0069291424;-0.00010734281;0.022376634;0;0;1
1389638311;1389464710;1389466561;0;-0.25064248;-0.08307718;-0.2214891;0.0025000002;0.0025000002;0.0025000002;-0.013779096;-0.002044253;0.019062623;-0.012707071;-0.0014341774;0.0214304;0.0025156739;0.0025149523;0.0025294984;0.008385803;0.00018342999;0.015958047;-0.0071965377;-0.00012557422;0.02030364;0;0;1
1390160221;1389987779;1389988375;0;-0.25115377;-0.08597572;-0.22526757;0.0025000002;0.0025000002;0.0025000002;-0.01094733;-0.0011045039;0.019956037;-0.0123158395;-0.0012048867;0.022245206;0.0025161302;0.0025149065;0.0025290665;0.0052922554;5.3380856e-05;0.017492939;-0.0067708623;-0.000103907565;0.022082862;0;0;1
1390691000;1390510669;1390519232;0;-0.25218642;-0.08390324;-0.2253256;0.0025000002;0.0025000002;0.0025000002;-0.011909402;-0.0016305447;0.022478938;-0.011980792;-0.0014927856;0.021266902;0.0025157472;0.0025149453;0.0025294612;0.0062642684;0.000116635056;0.022192318;-0.0063858978;-0.00011996265;0.02012269;0;0;1
1391212839;1391033792;1391041139;0;-0.25436944;-0.08351196;-0.22176817;0.0025000002;0.0025000002;0.0025000002;-0.011735453;-0.0015376657;0.021641433;-0.012144742;-0.0013104968;0.022391675;0.0025153593;0.0025149453;0.0025298793;0.006083552;0.000103699844;0.020566091;-0.0066368044;-0.00010379901;0.02230025;0;0;1
1391662800;1391482156;1391491018;0;-0.25444806;-0.081436045;-0.22071764;0.0025000002;0.0025000002;0.0025000002;-0.013463294;-0.0015094131;0.022816777;-0.012127294;-0.0015073611;0.022027131;0.00251503;0.00251497;0.002530217;0.008007869;9.983127e-05;0.022857336;-0.0065760426;-0.00011976691;0.021548113;0;0;1
1392184666;1392005041;1392012831;0;-0.25398046;-0.07911838;-0.22071734;0.0025000002;0.0025000002;0.0025000002;-0.011177147;-0.0022973642;0.01863131;-0.011936906;-0.001611775;0.020382198;0.0025155884;0.0025149952;0.002529602;0.0055179764;0.00023213842;0.01524397;-0.0063490234;-0.00013161985;0.018575573;0;0;1
1392706589;1392527961;1392534691;0;-0.25212517;-0.08358701;-0.22581002;0.0025000002;0.0025000002;0.0025000002;-0.0121740885;-0.00031975657;0.022901282;-0.011810028;-0.0013451466;0.020231482;0.0025157668;0.0025149244;0.0025294882;0.0065457593;4.363928e-06;0.023033902;-0.006191731;-9.7901815e-05;0.018301832;0;0;1
1393156518;1392976188;1392984570;0;-0.2512888;-0.08760845;-0.22317937;0.0025000002;0.0025000002;0.0025000002;-0.01249086;-0.0008793846;0.020334393;-0.011784376;-0.0012110381;0.020449089;0.0025158126;0.0025148776;0.0025295059;0.0068907086;3.3690663e-05;0.018159198;-0.0061648563;-8.471609e-05;0.018532833;0;0;1
1393678221;1393499095;1393506429;0;-0.25395173;-0.09227682;-0.22203301;0.0025000002;0.0025000002;0.0025000002;-0.010970734;-0.0026512519;0.02210246;-0.012194449;-0.0016863616;0.021812808;0.002515447;0.0025148452;0.0025299438;0.0053163515;0.0003090627;0.021452118;-0.006652641;-0.00016206608;0.021069808;0;0;1
1394200069;1394022037;1394028288;0;-0.25219095;-0.0870499;-0.22631887;0.0025000002;0.0025000002;0.0025000002;-0.012976129;-0.0009512305;0.025293171;-0.012512107;-0.001701173;0.021968845;0.002515428;0.0025150166;0.0025297925;0.007437653;3.935155e-05;0.028094554;-0.0069594122;-0.00015873004;0.02143403;0;0;1
1394649994;1394470306;1394478167;0;-0.25402552;-0.08639725;-0.2250645;0.0025000002;0.0025000002;0.0025000002;-0.011422975;-0.0020598993;0.024507895;-0.011966832;-0.0021818124;0.021736093;0.0025154967;0.0025148548;0.00252985;0.005763578;0.00018647056;0.026376145;-0.006361283;-0.00023721642;0.020957438;0;0;1
1395171895;1394993294;1395000073;0;-0.25263855;-0.08555975;-0.22111201;0.0025000002;0.0025000002;0.0025000002;-0.01250275;-0.0024173781;0.02001144;-0.0113893645;-0.002294559;0.020205906;0.0025155125;0.0025149141;0.0025297883;0.006904657;0.00025678836;0.017585227;-0.005807162;-0.0002628281;0.018218935;0;0;1
1395693682;1395516119;1395521885;0;-0.2543213;-0.09035047;-0.22309963;0.0025000002;0.0025000002;0.0025000002;-0.011823167;-0.0025750324;0.02441211;-0.012157257;-0.0023774335;0.021263925;0.0025151705;0.0025149367;0.0025301515;0.006175295;0.00029130623;0.026167858;-0.0065951683;-0.00027152873;0.020087559;0;0;1
1396215806;1396039348;1396043745;0;-0.2539;-0.09144366;-0.22191258;0.0025000002;0.0025000002;0.0025000002;-0.011914011;-0.0014399439;0.022716284;-0.012479311;-0.001941989;0.022923952;0.0025153223;0.0025148368;0.002530067;0.0062701777;9.076692e-05;0.022658724;-0.0069456324;-0.0001904643;0.023410866;0;0;1
1396665521;1396487600;1396493623;0;-0.25073162;-0.08772471;-0.22470544;0.0025000002;0.0025000002;0.0025000002;-0.011740507;3.208965e-05;0.019772217;-0.011856734;-0.0015940713;0.022746049;0.0025160378;0.002514931;0.0025292183;0.00608715;6.5072115e-08;0.017171413;-0.006266737;-0.00014799075;0.023135064;0;0;1
1397187271;1397010484;1397015482;0;-0.25222093;-0.08805671;-0.22308823;0.0025000002;0.0025000002;0.0025000002;-0.012497224;-0.0011567697;0.021529943;-0.011369071;-0.0016535135;0.022515882;0.0025155651;0.0025149174;0.0025297343;0.0068984097;5.841485e-05;0.020356148;-0.0057875896;-0.0001419221;0.022451868;0;0;1
1397709239;1397533506;1397537341;0;-0.2545167;-0.0893572;-0.22346954;0.0025000002;0.0025000002;0.0025000002;-0.010473718;-0.0024096072;0.022793159;-0.011812748;-0.0016766174;0.022405302;0.0025154168;0.002514953;0.0025298642;0.004845619;0.00025515462;0.022814797;-0.0062604346;-0.00013776904;0.02222317;0;0;1
1398159026;1397981618;1397987219;0;-0.25257674;-0.09259616;-0.2284905;0.0025000002;0.0025000002;0.0025000002;-0.011853538;-0.0003889054;0.027251631;-0.011426196;-0.0014052341;0.023468833;0.002515483;0.0025149782;0.0025297808;0.0062062903;6.4226015e-06;0.032615002;-0.0058553927;-0.000112958034;0.024464127;0;0;1
1398680884;1398504542;1398509125;0;-0.25443348;-0.093355;-0.222588;0.0025000002;0.0025000002;0.0025000002;-0.011592245;-0.0027355477;0.024288133;-0.012100024;-0.0016734736;0.023852313;0.0025152052;0.0025148229;0.002530211;0.0059363456;0.0003289151;0.025902204;-0.0065429853;-0.00014958945;0.025133926;0;0;1
1399202789;1399027633;1399030936;0;-0.251753;-0.09134996;-0.22645183;0.0025000002;0.0025000002;0.0025000002;-0.01221649;-0.0022561178;0.024653643;-0.011778252;-0.001746891;0.022278499;0.0025155589;0.0025149768;0.002529702;0.0065919803;0.00022328211;0.026693065;-0.006205847;-0.00018647828;0.022105206;0;0;1
1399652645;1399475794;1399480814;0;-0.2508538;-0.09129821;-0.22649424;0.0025000002;0.0025000002;0.0025000002;-0.012172857;0.000704363;0.022732556;-0.0128080305;-0.0013091547;0.024248062;0.0025157658;0.0025150557;0.002529397;0.0065444377;2.2412387e-05;0.02269817;-0.007384266;-0.00012805956;0.026262324;0;0;1
1400174591;1399998695;1400002673;0;-0.25278506;-0.084593534;-0.22592223;0.0025000002;0.0025000002;0.0025000002;-0.010482188;-0.00092246383;0.021519452;-0.011416335;-0.00091336353;0.022276172;0.0025159135;0.0025149425;0.0025293096;0.0048525017;3.7146187e-05;0.020340098;-0.0058922484;-6.4820335e-05;0.022117235;0;0;1
1400696429;1400521736;1400524531;0;-0.2560045;-0.08446172;-0.22266217;0.0025000002;0.0025000002;0.0025000002;-0.009245191;-0.0013090819;0.02103901;-0.011144656;-0.0011619284;0.02199224;0.002515527;0.0025149302;0.002529746;0.0037753768;7.5152966e-05;0.019438958;-0.0055917827;-8.490049e-05;0.021395609;0;0;1
1401218229;1401044545;1401046389;0;-0.25353703;-0.08599612;-0.21954314;0.0025000002;0.0025000002;0.0025000002;-0.012816744;-0.0012404323;0.019726902;-0.011491804;-0.0010668541;0.021354461;0.0025152604;0.0025149463;0.002530022;0.0072565465;6.720141e-05;0.017087273;-0.005913019;-7.3528914e-05;0.020121621;0;0;1
1401668120;1401492745;1401496267;0;-0.25063282;-0.08773451;-0.22407901;0.0025000002;0.0025000002;0.0025000002;-0.011870986;-0.0018718019;0.019309685;-0.011515374;-0.001382981;0.02114261;0.0025160045;0.0025149072;0.0025292705;0.0062232846;0.0001536739;0.016376939;-0.0058980547;-0.000101991805;0.019756947;0;0;1
1402189900;1402015790;1402018172;0;-0.2524919;-0.092837006;-0.2297976;0.0025000002;0.0025000002;0.0025000002;-0.0105839595;-0.00054080784;0.0265674;-0.011172452;-0.0012995854;0.021938223;0.0025158476;0.0025148485;0.0025295096;0.0049473145;1.2620841e-05;0.031000609;-0.005559962;-9.622041e-05;0.021404246;0;0;1
1402711739;1402538645;1402539983;0;-0.25134033;-0.09498069;-0.22373977;0.0025000002;0.0025000002;0.0025000002;-0.01162731;-0.0020608306;0.021159247;-0.011672974;-0.0018895351;0.0220371;0.0025157013;0.0025149423;0.0025296148;0.005971135;0.00018615655;0.01966301;-0.00605895;-0.00020504459;0.021470357;0;0;1
1403161667;1402986866;1402989861;0;-0.2482695;-0.10498589;-0.22866392;0.0025000002;0.0025000002;0.0025000002;-0.01167421;-0.0030656308;0.024793655;-0.011884522;-0.0023459706;0.023533856;0.0025161533;0.0025147535;0.002529398;0.0060183215;0.00041277686;0.027000863;-0.006315744;-0.00027664873;0.024508944;0;0;1
1403683658;1403510084;1403511719;0;-0.2488384;-0.10292766;-0.22896099;0.0025000002;0.0025000002;0.0025000002;-0.012642976;-0.0021408647;0.026339218;-0.012627561;-0.0022474937;0.023529015;0.0025158005;0.0025149;0.0025295962;0.0070595974;0.00020058324;0.030469965;-0.0071293125;-0.0002471037;0.024485754;0;0;1
1404205444;1404033014;1404033577;0;-0.24811654;-0.10226071;-0.22995809;0.0025000002;0.0025000002;0.0025000002;-0.012176183;-0.0018212348;0.025419816;-0.012685595;-0.0022312843;0.023405312;0.0025161153;0.0025148243;0.0025292938;0.006547105;0.0001450591;0.028382787;-0.0071491087;-0.00023955278;0.024198001;0;0;1
1404655255;1404481316;1404483454;0;-0.25380766;-0.10118471;-0.22652623;0.0025000002;0.0025000002;0.0025000002;-0.011464234;-0.0022623017;0.028753266;-0.012163337;-0.0026108674;0.024834776;0.00251512;0.0025148357;0.002530317;0.0058061588;0.00022439644;0.036301322;-0.006583557;-0.00034793318;0.027314834;0;0;1
1405177137;1405004463;1405005312;0;-0.24595252;-0.101346925;-0.23015447;0.0025000002;0.0025000002;0.0025000002;-0.019014273;-0.0029961616;0.032146975;-0.013141592;-0.0028633238;0.027344344;0.0025151286;0.002514865;0.0025302756;0.015971906;0.00039268966;0.04537559;-0.007896019;-0.00038848445;0.033232603;0;0;1
1405708085;1405527597;1405536167;0;-0.24762762;-0.10147378;-0.23166339;0.0025000002;0.0025000002;0.0025000002;-0.013586526;-0.0012285188;0.027915731;-0.012758433;-0.0022932051;0.02676108;0.0025158604;0.0025149635;0.0025294055;0.008152443;6.550753e-05;0.034229156;-0.007318403;-0.000270027;0.031678975;0;0;1
1406148813;1405975779;1405977094;0;-0.24806361;-0.10045507;-0.22325456;0.0025000002;0.0025000002;0.0025000002;-0.013268271;-0.0031726137;0.019894198;-0.012703578;-0.002327207;0.024578327;0.002515822;0.0025149293;0.0025294593;0.0077751055;0.0004417164;0.017382996;-0.0072143823;-0.00026606943;0.027066289;0;0;1
1406670729;1406498819;1406498904;0;-0.25339615;-0.09615004;-0.22137044;0.0025000002;0.0025000002;0.0025000002;-0.013005815;-0.0034736693;0.024083018;-0.012758596;-0.0023605605;0.025079055;0.0025149074;0.0025149325;0.0025303636;0.0074732695;0.00053011155;0.025465209;-0.007255111;-0.00028750626;0.028053258;0;0;1
1407201487;1407021790;1407029759;0;-0.24707249;-0.093468174;-0.2293483;0.0025000002;0.0025000002;0.0025000002;-0.011713561;-0.001441747;0.02037856;-0.01189185;-0.001732846;0.02236515;0.0025165873;0.0025149148;0.0025286106;0.006057918;9.082688e-05;0.018245326;-0.0062994207;-0.00017266316;0.022521097;0;0;1
1407642580;1407470147;1407470638;0;-0.2486394;-0.09504993;-0.22791176;0.0025000002;0.0025000002;0.0025000002;-0.010730497;-0.0018196255;0.020145223;-0.011566673;-0.0018578153;0.021117177;0.0025164739;0.0025148424;0.0025288048;0.0050839903;0.00014512843;0.0178287;-0.005968891;-0.00018041176;0.02002541;0;0;1
1408173308;1407993298;1408001540;0;-0.25244018;-0.0991999;-0.22504188;0.0025000002;0.0025000002;0.0025000002;-0.009669403;-0.0022714064;0.022100344;-0.011632084;-0.002317833;0.022535099;0.0025158038;0.0025148415;0.0025295478;0.004129334;0.00022651968;0.021451999;-0.006043289;-0.00025980608;0.022772765;0;0;1
1408695144;1408516260;1408523350;0;-0.25103652;-0.09317388;-0.22781728;0.0025000002;0.0025000002;0.0025000002;-0.012423723;-0.00064882636;0.02488251;-0.012301583;-0.0018145249;0.02378706;0.0025155921;0.0025150445;0.0025295457;0.0068174317;1.8094575e-05;0.027193159;-0.0067344215;-0.00018054513;0.025151031;0;0;1
1409217145;1409039388;1409045207;0;-0.2508114;-0.09141863;-0.2271478;0.0025000002;0.0025000002;0.0025000002;-0.012891807;-0.0008940026;0.024200931;-0.0122607825;-0.0012900623;0.022936882;0.002515666;0.002514924;0.0025295485;0.0073406086;3.4657554e-05;0.025722718;-0.0066757756;-0.000102877624;0.023358833;0;0;1
1409666926;1409487478;1409495084;0;-0.2500675;-0.09386636;-0.22755149;0.0025000002;0.0025000002;0.0025000002;-0.010673462;-0.0015009791;0.021190107;-0.011512481;-0.0017682167;0.022228673;0.0025162618;0.002514831;0.0025290358;0.0050305133;9.863207e-05;0.01972442;-0.0058916085;-0.00016537565;0.021877367;0;0;1
1410188741;1410010489;1410016941;0;-0.25348955;-0.09005134;-0.22394618;0.0025000002;0.0025000002;0.0025000002;-0.010360855;-0.0018564165;0.02106835;-0.011067965;-0.0016057891;0.022190494;0.002515674;0.0025148995;0.0025295757;0.0047412654;0.0001511993;0.019494455;-0.005458553;-0.00013126116;0.021818716;0;0;1
1410710774;1410533833;1410538798;0;-0.25331134;-0.096390896;-0.22267754;0.0025000002;0.0025000002;0.0025000002;-0.009525357;-0.003374815;0.020192489;-0.010940867;-0.0025448694;0.020994117;0.0025157784;0.0025147689;0.0025296367;0.004007261;0.0005013006;0.017907312;-0.005333478;-0.0003364057;0.019751836;0;0;1
1411161970;1410982122;1410988674;0;-0.2533207;-0.09734448;-0.22345152;0.0025000002;0.0025000002;0.0025000002;-0.010311121;-0.0012646243;0.021767467;-0.011207122;-0.0022211617;0.021410428;0.0025154548;0.002515016;0.002529766;0.0046962667;6.9775255e-05;0.020809188;-0.005602686;-0.00025357888;0.020325702;0;0;1
1411682355;1411504969;1411510578;0;-0.24814501;-0.096840695;-0.22830985;0.0025000002;0.0025000002;0.0025000002;-0.012730403;-0.0017428771;0.022794366;-0.0114132315;-0.0019279491;0.021798981;0.002516106;0.0025148792;0.0025291871;0.0071567004;0.0001328019;0.022822909;-0.0058102976;-0.00019464931;0.02096152;0;0;1
1412204174;1412028295;1412032388;0;-0.2538432;-0.094545275;-0.2255416;0.0025000002;0.0025000002;0.0025000002;-0.011408674;-0.0021618009;0.025633767;-0.01183344;-0.0020028092;0.022680119;0.0025152136;0.0025149626;0.0025300367;0.0057498026;0.00020489647;0.028854534;-0.0062320065;-0.00019952467;0.022772001;0;0;1
1412654025;1412476484;1412482264;0;-0.24844807;-0.09423475;-0.22579607;0.0025000002;0.0025000002;0.0025000002;-0.010054959;-0.002010271;0.016511083;-0.011727253;-0.0018697699;0.022043034;0.0025166434;0.002514885;0.0025286134;0.0044637145;0.00017731608;0.011977147;-0.0061175004;-0.00017066652;0.021697022;0;0;1
1413176008;1412999283;1413004121;0;-0.25084436;-0.09541318;-0.22478144;0.0025000002;0.0025000002;0.0025000002;-0.011908772;-0.0020145178;0.02150172;-0.011802657;-0.0021841468;0.021567427;0.0025157004;0.002514959;0.002529542;0.0062637236;0.00017774178;0.020305257;-0.0061876625;-0.00023454167;0.020655625;0;0;1
1413697867;1413522363;1413525977;0;-0.25053328;-0.10136484;-0.22863531;0.0025000002;0.0025000002;0.0025000002;-0.010707619;-0.0028204322;0.02498962;-0.011816594;-0.0024637724;0.022662723;0.0025159377;0.002514792;0.0025294847;0.0050634136;0.00034943025;0.027428564;-0.0061959894;-0.00029982498;0.022715053;0;0;1
1414147757;1413970555;1413975853;0;-0.24828273;-0.09960482;-0.23293371;0.0025000002;0.0025000002;0.0025000002;-0.012625828;-0.00022807717;0.027664974;-0.011649633;-0.0021762322;0.023529151;0.0025160033;0.0025149581;0.0025292428;0.007039893;2.1065882e-06;0.03361928;-0.0060518575;-0.00028117467;0.024588099;0;0;1
1414669491;1414493457;1414497709;0;-0.24680233;-0.09886932;-0.23026827;0.0025000002;0.0025000002;0.0025000002;-0.014141174;-0.0016965941;0.02520731;-0.01222348;-0.001976465;0.023432886;0.002516031;0.002514879;0.0025292756;0.008831051;0.00012558288;0.027909901;-0.006661861;-0.00022330316;0.024320005;0;0;1
1415191331;1415016683;1415019612;0;-0.25297207;-0.09735429;-0.22790596;0.0025000002;0.0025000002;0.0025000002;-0.009826168;-0.0014386475;0.024928048;-0.011806476;-0.0018693104;0.023098307;0.002515697;0.002514891;0.002529593;0.004264495;9.0528294e-05;0.027292592;-0.0062331534;-0.00017669647;0.023634031;0;0;1
1415713336;1415539517;1415541422;0;-0.24914543;-0.09878446;-0.22685283;0.0025000002;0.0025000002;0.0025000002;-0.012180908;-0.002161771;0.022358656;-0.011479588;-0.001923533;0.02310583;0.002515898;0.0025149342;0.002529364;0.0065527526;0.00020465572;0.021957722;-0.005906176;-0.00019164554;0.023713607;0;0;1
1416163106;1415987669;1415991297;0;-0.25041252;-0.10062014;-0.22758178;0.0025000002;0.0025000002;0.0025000002;-0.012536991;-0.0017012581;0.025664806;-0.011214687;-0.0021291403;0.023590207;0.0025156022;0.0025148415;0.0025297566;0.0069422806;0.00012643925;0.028927272;-0.005638684;-0.0002543906;0.024605773;0;0;1
1416685084;1416510796;1416513154;0;-0.24761432;-0.10085812;-0.23125632;0.0025000002;0.0025000002;0.0025000002;-0.010795994;-0.0030766279;0.023564026;-0.011354664;-0.0023778763;0.022956587;0.0025164797;0.0025148236;0.0025288742;0.005146231;0.00041591973;0.024394022;-0.005744482;-0.00028061765;0.023261147;0;0;1
1417206817;1417033584;1417035009;0;-0.2496674;-0.097298026;-0.22449258;0.0025000002;0.0025000002;0.0025000002;-0.012977972;-0.002365157;0.021410942;-0.011821931;-0.0023677128;0.022688001;0.0025156767;0.0025149188;0.0025295818;0.00743903;0.00024509034;0.020133633;-0.006210573;-0.0002726239;0.022668857;0;0;1
1417656726;1417481874;1417484885;0;-0.24945918;-0.10143143;-0.22722714;0.0025000002;0.0025000002;0.0025000002;-0.011651967;-0.0028484464;0.023231193;-0.011446201;-0.0025359762;0.02329113;0.0025159267;0.0025148194;0.0025294458;0.0059959493;0.00035617783;0.023704316;-0.005831398;-0.00031187054;0.02409113;0;0;1
1418178584;1418005022;1418006741;0;-0.24977568;-0.09797063;-0.22374159;0.0025000002;0.0025000002;0.0025000002;-0.012625867;-0.0042668805;0.020942748;-0.011879138;-0.0026739493;0.023179723;0.002515677;0.0025148806;0.002529629;0.0070408485;0.00080066395;0.019262409;-0.0062574684;-0.0003556298;0.023836492;0;0;1
1418700375;1418527962;1418528643;0;-0.24800834;-0.10131692;-0.2285577;0.0025000002;0.0025000002;0.0025000002;-0.011730389;-0.0024651438;0.022507623;-0.011682888;-0.0028883354;0.023382451;0.0025161824;0.002514857;0.0025291343;0.006076314;0.0002664576;0.022253267;-0.006112704;-0.00038875933;0.024122888;0;0;1
1419150285;1418976168;1418978519;0;-0.24998954;-0.10302492;-0.22764455;0.0025000002;0.0025000002;0.0025000002;-0.011800462;-0.0025872365;0.024897248;-0.012222975;-0.0029762792;0.022616481;0.0025156955;0.0025148722;0.002529636;0.0061503164;0.00029351478;0.02722463;-0.006685868;-0.00041689473;0.022682896;0;0;1
1419672139;1419499293;1419500327;0;-0.24947882;-0.0988136;-0.22831644;0.0025000002;0.0025000002;0.0025000002;-0.0109581305;-0.0037027225;0.022836924;-0.011560227;-0.0027776954;0.022719055;0.0025161435;0.0025147758;0.0025292162;0.005302675;0.0006030816;0.02290853;-0.005984075;-0.0003949969;0.022987522;0;0;1
1420202928;1420022222;1420031180;0;-0.25080582;-0.097865544;-0.22567436;0.0025000002;0.0025000002;0.0025000002;-0.011968387;-0.0028505698;0.022904292;-0.011529193;-0.0023663123;0.02233243;0.0025157481;0.0025147707;0.0025296398;0.0063264724;0.0003568833;0.023039678;-0.0059176614;-0.00030823617;0.022071317;0;0;1
1420643970;1420470506;1420472058;0;-0.25140056;-0.093825206;-0.22757672;0.0025000002;0.0025000002;0.0025000002;-0.01125167;-0.0014723688;0.023301229;-0.011498021;-0.0023409764;0.020869903;0.0025158103;0.002514903;0.0025294146;0.0055913106;9.476137e-05;0.02384743;-0.0058704885;-0.000289596;0.01944646;0;0;1
1421165791;1420993767;1420993914;0;-0.24614581;-0.09164156;-0.22997406;0.0025000002;0.0025000002;0.0025000002;-0.014226195;-0.0022686496;0.022265062;-0.011506875;-0.0020006744;0.020820437;0.0025163353;0.0025148743;0.0025289003;0.008936481;0.00022550042;0.021776784;-0.005941828;-0.0002182251;0.019238403;0;0;1
1421696596;1421516666;1421524766;0;-0.25252366;-0.0910617;-0.22393835;0.0025000002;0.0025000002;0.0025000002;-0.0102595445;-0.0015415102;0.01920116;-0.010970187;-0.0019539106;0.019915882;0.0025158615;0.0025149214;0.0025293673;0.0046486505;0.00010406024;0.016193444;-0.0054080333;-0.00021538897;0.01758107;0;0;1
1422218575;1422039750;1422046622;0;-0.25495014;-0.08910653;-0.217708;0.0025000002;0.0025000002;0.0025000002;-0.011734726;-0.0031072646;0.018350378;-0.011525621;-0.002054744;0.019514706;0.0025151246;0.0025148764;0.0025301822;0.0060833655;0.0004245349;0.014784885;-0.005950393;-0.0002500429;0.016871057;0;0;1
1422668398;1422488538;1422496497;0;-0.24651316;-0.093538925;-0.22706757;0.0025000002;0.0025000002;0.0025000002;-0.013505226;-0.001205638;0.019029677;-0.01146692;-0.0015869872;0.019217255;0.0025164764;0.0025147926;0.0025288681;0.0080531975;6.3322295e-05;0.015907302;-0.0059022983;-0.0001578077;0.016380502;0;0;1
1423190146;1423011457;1423018352;0;-0.25303376;-0.09058908;-0.22267883;0.0025000002;0.0025000002;0.0025000002;-0.010845691;-0.002782002;0.01958093;-0.010915608;-0.0021728443;0.019965827;0.0025157016;0.0025148345;0.0025296388;0.005195326;0.00034027113;0.016838217;-0.005321493;-0.00025091186;0.017689222;0;0;1
1423711996;1423534229;1423540207;0;-0.2517106;-0.09147038;-0.22710538;0.0025000002;0.0025000002;0.0025000002;-0.011983452;-0.0027824342;0.023924425;-0.010505147;-0.002388264;0.020131331;0.0025157195;0.0025148327;0.0025296393;0.006342481;0.0003401636;0.025137471;-0.004999918;-0.00028289942;0.018126588;0;0;1
1424161909;1423982757;1423990081;0;-0.25201178;-0.09551578;-0.22705396;0.0025000002;0.0025000002;0.0025000002;-0.010434668;-0.0016468987;0.0228104;-0.010316318;-0.0023842475;0.020007173;0.0025159104;0.002514809;0.0025294835;0.0048086103;0.00011881386;0.022852736;-0.00478147;-0.00027552104;0.017857742;0;0;1
1424683772;1424505467;1424511983;0;-0.25263593;-0.0925957;-0.22204791;0.0025000002;0.0025000002;0.0025000002;-0.010161345;-0.0033050105;0.017964289;-0.010465742;-0.0021701637;0.020151524;0.0025158452;0.0025148443;0.0025295129;0.0045601167;0.00048060465;0.014173409;-0.004951728;-0.00024365529;0.018027518;0;0;1
1425205622;1425028331;1425033791;0;-0.2516258;-0.0989073;-0.22377719;0.0025000002;0.0025000002;0.0025000002;-0.011620281;-0.0014794394;0.021406367;-0.011200806;-0.0022335735;0.02093968;0.0025156785;0.002514778;0.0025297732;0.005963972;9.562666e-05;0.02012337;-0.005622428;-0.0002446443;0.019387886;0;0;1
1425655472;1425476983;1425483666;0;-0.2538245;-0.09263809;-0.22399366;0.0025000002;0.0025000002;0.0025000002;-0.009000385;-0.0025705248;0.019754052;-0.011003593;-0.002235225;0.020464253;0.0025158026;0.0025149141;0.0025294956;0.0035776934;0.00029050565;0.017138934;-0.0054288;-0.00024905597;0.018576212;0;0;1
1426177442;1425999964;1426005521;0;-0.25108397;-0.091517344;-0.22186917;0.0025000002;0.0025000002;0.0025000002;-0.010393027;-0.0021553934;0.015426263;-0.0109939715;-0.0024301647;0.018973982;0.0025161344;0.0025148932;0.0025291624;0.004769884;0.00020393064;0.010452506;-0.005379232;-0.00029355768;0.016069468;0;0;1
1426699225;1426522837;1426527375;0;-0.24802396;-0.095439;-0.23233159;0.0025000002;0.0025000002;0.0025000002;-0.012879094;-0.0008160472;0.025688052;-0.0110235205;-0.0021635424;0.019417081;0.0025162464;0.0025148133;0.002529137;0.007324449;2.8802775e-05;0.028985709;-0.005411739;-0.0002461571;0.017005246;0;0;1
1427149045;1426971407;1426977250;0;-0.251753;-0.09134996;-0.22645183;0.0025000002;0.0025000002;0.0025000002;-0.010319041;-0.0018709302;0.020690903;-0.0108318655;-0.0017815996;0.019693702;0.0025160455;0.0025148804;0.002529287;0.0047023795;0.00015353135;0.018804269;-0.0052152765;-0.0001680066;0.017323658;0;0;1
1427670925;1427494206;1427499104;0;-0.2510435;-0.0994217;-0.22599697;0.0025000002;0.0025000002;0.0025000002;-0.010999329;-0.0034930035;0.022551388;-0.010574436;-0.0024684432;0.020564893;0.0025158883;0.002514739;0.0025296407;0.005343165;0.00053659384;0.022335442;-0.004974223;-0.00032123385;0.018786069;0;0;1
1428192776;1428017089;1428021006;0;-0.25140944;-0.09462105;-0.22252151;0.0025000002;0.0025000002;0.0025000002;-0.009337967;-0.0038838089;0.016149849;-0.011166495;-0.0025420347;0.019496897;0.0025161805;0.0025148552;0.002529205;0.0038505287;0.0006641156;0.011456279;-0.0056098355;-0.0003396656;0.017114399;0;0;1
1428714684;1428540241;1428542813;0;-0.25295565;-0.097620115;-0.22646835;0.0025000002;0.0025000002;0.0025000002;-0.010139389;-0.0017243624;0.023501188;-0.010494302;-0.0023557604;0.020467434;0.0025157167;0.0025148157;0.0025297345;0.0045406637;0.0001302624;0.024255713;-0.004940692;-0.00027687903;0.018680569;0;0;1
1429164448;1428988487;1428992687;0;-0.25274867;-0.09668615;-0.22444157;0.0025000002;0.0025000002;0.0025000002;-0.0107817445;-0.0018203333;0.021844432;-0.010756879;-0.0021513873;0.02104607;0.0025156066;0.0025148788;0.0025297997;0.0051344372;0.00014512756;0.020955695;-0.0052267923;-0.0002564385;0.0196442;0;0;1
1429686491;1429511324;1429514541;0;-0.24800104;-0.095839515;-0.22162491;0.0025000002;0.0025000002;0.0025000002;-0.014573842;-0.0023816526;0.017607063;-0.011098282;-0.0023880883;0.020817963;0.002515775;0.0025149197;0.0025295825;0.009380669;0.00024831365;0.013614345;-0.0056022815;-0.0002850912;0.019182857;0;0;1
1430208227;1430034650;1430036395;0;-0.2523908;-0.09427183;-0.2267432;0.0025000002;0.0025000002;0.0025000002;-0.0108234985;-0.0021450892;0.023151696;-0.010921956;-0.0022845091;0.021855125;0.002515703;0.0025149127;0.0025296477;0.0051740836;0.00020181508;0.023540227;-0.0053438847;-0.00026106447;0.021151438;0;0;1
1430658120;1430483035;1430486269;0;-0.25312158;-0.09093726;-0.22378108;0.0025000002;0.0025000002;0.0025000002;-0.010464899;-0.0013433099;0.019734457;-0.010664772;-0.0018153469;0.021866225;0.0025157519;0.0025149137;0.0025295839;0.0048368187;7.889935e-05;0.01710392;-0.0050674896;-0.00016786499;0.021198967;0;0;1
1431179949;1431005823;1431008123;0;-0.25178105;-0.09421073;-0.22877376;0.0025000002;0.0025000002;0.0025000002;-0.010840058;-0.0018029809;0.02422142;-0.010928686;-0.0018892593;0.021393517;0.0025158813;0.0025148639;0.0025295194;0.00518956;0.0001424218;0.025767216;-0.0052968753;-0.00017839296;0.020276807;0;0;1
1431701789;1431528947;1431530024;0;-0.2541911;-0.09132205;-0.22187838;0.0025000002;0.0025000002;0.0025000002;-0.011073319;-0.002203703;0.020407364;-0.01085869;-0.0017731991;0.021017473;0.002515471;0.0025148117;0.002529994;0.005416189;0.00021319727;0.018287016;-0.0052419156;-0.00016315447;0.019606916;0;0;1
1432151620;1431977179;1431979898;0;-0.25183088;-0.08845931;-0.2246474;0.0025000002;0.0025000002;0.0025000002;-0.010238313;-0.0008542314;0.017847016;-0.01110356;-0.0016163992;0.020086799;0.0025161426;0.0025149237;0.0025291902;0.0046289135;3.175568e-05;0.013990536;-0.0054922355;-0.00016057843;0.017890062;0;0;1
1432673603;1432499940;1432501705;0;-0.25075963;-0.09058547;-0.22702737;0.0025000002;0.0025000002;0.0025000002;-0.010813814;-0.0013605505;0.020079315;-0.010732346;-0.001719511;0.019855574;0.0025162224;0.0025148648;0.0025291801;0.005163762;8.095609e-05;0.017709477;-0.0051619485;-0.00015585066;0.017428435;0;0;1
1433195464;1433023085;1433023559;0;-0.2561058;-0.08995177;-0.21892993;0.0025000002;0.0025000002;0.0025000002;-0.010438875;-0.0041970834;0.01937288;-0.010926612;-0.002037167;0.020354157;0.0025152918;0.0025147293;0.0025303022;0.0048136725;0.00077603426;0.016478255;-0.005311074;-0.00024040941;0.018397503;0;0;1
1433645350;1433471372;1433473433;0;-0.2533171;-0.08727412;-0.22354472;0.0025000002;0.0025000002;0.0025000002;-0.0099820625;-0.0003079623;0.018028677;-0.010228093;-0.0016899543;0.019350892;0.0025159658;0.00251491;0.0025294195;0.0044004116;4.029729e-06;0.014275606;-0.004681329;-0.00018147234;0.016589811;0;0;1
1434167138;1433994236;1433995286;0;-0.2519557;-0.08259819;-0.2270454;0.0025000002;0.0025000002;0.0025000002;-0.008938687;-0.0009512976;0.017536938;-0.009686455;-0.001307901;0.018090418;0.0025164913;0.002514995;0.0025288106;0.003527845;3.9546914e-05;0.013510724;-0.00419342;-0.000117877215;0.014509219;0;0;1
1434697970;1434517395;1434526137;0;-0.25430956;-0.086295724;-0.2251392;0.0025000002;0.0025000002;0.0025000002;-0.010021857;0.00034625828;0.020706296;-0.009691497;-0.0009723084;0.017996008;0.0025158327;0.0025148913;0.0025296088;0.004435802;5.470037e-06;0.018829864;-0.0042086635;-7.412047e-05;0.0143602835;0;0;1
1435138813;1434965582;1434967013;0;-0.25355184;-0.084372014;-0.2216243;0.0025000002;0.0025000002;0.0025000002;-0.009424195;-0.0016036928;0.01531741;-0.009599694;-0.0011833602;0.01704293;0.0025161167;0.0025148748;0.002529331;0.003922069;0.00011289022;0.010304686;-0.0041320473;-8.791065e-05;0.013007624;0;0;1
1435660697;1435488561;1435488914;0;-0.24960172;-0.08636788;-0.22646765;0.0025000002;0.0025000002;0.0025000002;-0.011137577;-0.0012077615;0.017421141;-0.009636927;-0.0011777565;0.017252503;0.0025165612;0.0025148387;0.0025289156;0.0054768575;6.378582e-05;0.013331676;-0.0041576726;-7.7627534e-05;0.013388606;0;0;1
1436191572;1436011704;1436019718;0;-0.25405884;-0.08358154;-0.22010678;0.0025000002;0.0025000002;0.0025000002;-0.011631398;-0.0023376718;0.017517954;-0.010007397;-0.0014286488;0.017336888;0.002515575;0.0025148846;0.0025299203;0.0059756357;0.00024010766;0.013474891;-0.0044889254;-0.00011254239;0.013363562;0;0;1
1436713387;1436534548;1436541570;0;-0.25393304;-0.09036964;-0.22048505;0.0025000002;0.0025000002;0.0025000002;-0.009127984;-0.0028859898;0.015718728;-0.009839399;-0.001596129;0.01842277;0.0025160552;0.0025147349;0.0025295785;0.003679485;0.00036666202;0.010851002;-0.004325079;-0.00014307257;0.015115432;0;0;1
1437163293;1436982886;1436991444;0;-0.25100476;-0.08890933;-0.22233209;0.0025000002;0.0025000002;0.0025000002;-0.010137023;-0.0031515807;0.014678061;-0.009623418;-0.0017235649;0.017562734;0.0025164273;0.0025147868;0.0025291534;0.0045372634;0.0004371691;0.0094629675;-0.004122573;-0.00016453952;0.013749299;0;0;1
1437685073;1437506053;1437513344;0;-0.25430405;-0.09007275;-0.22305948;0.0025000002;0.0025000002;0.0025000002;-0.009196054;-0.0020939931;0.018628359;-0.009404538;-0.0018398196;0.01765557;0.0025159696;0.002514766;0.0025296567;0.0037346953;0.00019274408;0.01523983;-0.003938171;-0.0001722695;0.01395996;0;0;1
1438206942;1438028887;1438035150;0;-0.25457346;-0.08625557;-0.21984051;0.0025000002;0.0025000002;0.0025000002;-0.010278685;-0.0029666498;0.016642883;-0.009688468;-0.001355023;0.018260444;0.0025156885;0.0025148606;0.0025298635;0.004666333;0.00038724297;0.012162798;-0.0041794595;-0.00013684623;0.014828453;0;0;1
1438656799;1438477221;1438485023;0;-0.25164518;-0.08479526;-0.22168754;0.0025000002;0.0025000002;0.0025000002;-0.009884603;-0.004361145;0.013902441;-0.009662208;-0.0016034789;0.017755179;0.0025163258;0.0025149107;0.002529165;0.004314288;0.000837941;0.008489034;-0.00416222;-0.00019893913;0.014091487;0;0;1
1439178768;1439000364;1439006876;0;-0.25256127;-0.091935;-0.22427663;0.0025000002;0.0025000002;0.0025000002;-0.010690978;-0.0012884438;0.019682914;-0.009884593;-0.0014804389;0.017909609;0.002515992;0.0025147705;0.0025296558;0.005047579;7.260922e-05;0.017013898;-0.004345571;-0.00014061821;0.014226288;0;0;1
1439700569;1439523416;1439528729;0;-0.25429097;-0.08411735;-0.22143988;0.0025000002;0.0025000002;0.0025000002;-0.009959981;-0.003243953;0.016988263;-0.010029559;-0.0015664309;0.018420191;0.0025159006;0.0025148268;0.0025296907;0.0043810783;0.00046337236;0.012673749;-0.004484131;-0.00015531732;0.0149940625;0;0;1
1440150436;1439971646;1439978602;0;-0.2577893;-0.08591933;-0.21264464;0.0025000002;0.0025000002;0.0025000002;-0.010214426;-0.0037372485;0.0139550865;-0.01024934;-0.0018866046;0.018158913;0.0025150967;0.002514807;0.0025305662;0.0046092547;0.0006151732;0.008548887;-0.00468576;-0.00020495006;0.014663646;0;0;1
1440672264;1440494937;1440500455;0;-0.25222358;-0.085818134;-0.21906215;0.0025000002;0.0025000002;0.0025000002;-0.011492332;-0.002255015;0.013984561;-0.0101499865;-0.002154014;0.017012889;0.0025159593;0.0025148608;0.002529603;0.0058327084;0.00022333307;0.008587989;-0.0046053664;-0.0002351733;0.013138515;0;0;1
1441194128;1441017805;1441022355;0;-0.25353268;-0.08954629;-0.22481906;0.0025000002;0.0025000002;0.0025000002;-0.009576218;-0.0015970021;0.019523844;-0.00994562;-0.0019002719;0.017190997;0.002516143;0.002514727;0.0025295634;0.0040495824;0.00011195319;0.016740747;-0.0044266186;-0.00018162129;0.013220834;0;0;1
1441716001;1441540836;1441544161;0;-0.25569177;-0.08328645;-0.21796653;0.0025000002;0.0025000002;0.0025000002;-0.008971672;-0.001459673;0.013544232;-0.009613672;-0.001666723;0.017146688;0.0025158501;0.0025148727;0.002529723;0.003554835;9.3510804e-05;0.008055589;-0.0041221282;-0.00014199919;0.013201843;0;0;1
1442165764;1441989006;1441994034;0;-0.25191256;-0.08430257;-0.22539994;0.0025000002;0.0025000002;0.0025000002;-0.010565918;-0.0016500726;0.018188566;-0.009751569;-0.0013232226;0.01716309;0.0025162746;0.0025148625;0.0025293003;0.0049296254;0.0001194432;0.0145301875;-0.0042334124;-9.52026e-05;0.013096821;0;0;1
1442687775;1442511856;1442515886;0;-0.25140008;-0.08647139;-0.22638284;0.0025000002;0.0025000002;0.0025000002;-0.012706149;7.867813e-06;0.021484733;-0.010616052;-0.001296128;0.017811798;0.0025159682;0.0025148229;0.0025296612;0.007129848;9.59099e-09;0.02027088;-0.00504312;-0.00010526289;0.014111082;0;0;1
1443209543;1443035061;1443037738;0;-0.25417244;-0.085816845;-0.22264807;0.0025000002;0.0025000002;0.0025000002;-0.009438247;-0.0015781373;0.01723592;-0.010332494;-0.0012467204;0.017043812;0.002516108;0.002514764;0.002529582;0.003933788;0.00010936291;0.013046652;-0.004776353;-9.319431e-05;0.0128735555;0;0;1
1444181291;1444006407;1444009463;0;-0.25330696;-0.084306456;-0.2227894;0.0025000002;0.0025000002;0.0025000002;-0.0096140355;-0.0030775368;0.016400218;-0.0090197725;-0.0018760797;0.01599828;0.0025161393;0.0025148832;0.0025294628;0.0040816357;0.00041691528;0.0118125845;-0.0039196494;-0.00022394207;0.0114502795;0;0;1
1444703136;1444529505;1444531363;0;-0.25434098;-0.08893199;-0.22341642;0.0025000002;0.0025000002;0.0025000002;-0.008010799;-0.0019231737;0.016935125;-0.0096637625;-0.0014831548;0.017022349;0.002516201;0.0025148394;0.0025294542;0.002833765;0.00016257004;0.012596383;-0.0043312977;-0.0001411788;0.012868559;0;0;1
1445152915;1444977934;1444981235;0;-0.2519085;-0.089709066;-0.22482803;0.0025000002;0.0025000002;0.0025000002;-0.0084876865;-0.0013555959;0.015743136;-0.009576569;-0.0015316526;0.016840857;0.0025164308;0.0025150662;0.0025290514;0.0031809085;8.046072e-05;0.010887393;-0.0041822805;-0.00012862028;0.0126250805;0;0;1
1445674888;1445500832;1445503040;0;-0.25195503;-0.10581346;-0.2260477;0.0025000002;0.0025000002;0.0025000002;-0.011495952;-0.001214236;0.025182158;-0.010109165;-0.0021844583;0.018830046;0.0025155072;0.002514806;0.0025303077;0.005837431;6.410984e-05;0.027843654;-0.0045892824;-0.00028157936;0.01607843;0;0;1
1446196514;1446023892;1445799957;0;-0.27158394;-0.09521871;-0.2086133;0.0025000002;0.0025000002;0.0025000002;0.003978282;0.041547272;0.018291607;-0.0071870126;0.01359967;0.023816606;0.007515493;0.0075366064;0.0075313463;0.0002339867;0.025448764;0.004936153;-0.0034931856;0.009935627;0.018394725;0;0;0
1446655570;1446475434;1446483763;0;-0.14407712;-0.07579218;-0.3110103;0.0025000002;0.0025000002;0.0025000002;0.020012233;0.020102903;-0.014775544;0.004604087;0.0055371905;-0.004388925;0.0032394954;0.0032019336;0.0032290411;0.013736347;0.013892816;0.0075574303;0.0020874736;0.0032509875;-0.0016089836;0;0;1
