timestamp;timestamp_sample;time_last_fuse;device_id;observation[0];observation[1];observation[2];observation_variance[0];observation_variance[1];observation_variance[2];innovation[0];innovation[1];innovation[2];innovation_filtered[0];innovation_filtered[1];innovation_filtered[2];innovation_variance[0];innovation_variance[1];innovation_variance[2];test_ratio[0];test_ratio[1];test_ratio[2];test_ratio_filtered[0];test_ratio_filtered[1];test_ratio_filtered[2];estimator_instance;innovation_rejected;fused
1251216878;1251027934;1251027934;0;0.68314666;-0.329165;-0.6518903;1.0;1.0;1.0;-0.00040131807;-0.00015959144;-0.0003399253;-0.00026303882;-8.155432e-05;-0.00023450034;1.0000198;1.000079;1.0000067;2.5768481e-06;4.0778303e-07;1.8487748e-06;-2.1768938e-06;-6.3515944e-07;-1.9513839e-06;1;0;1
1251721139;1251532638;1251532638;0;0.6775117;-0.3326463;-0.6559911;1.0;1.0;1.0;0.005441189;0.0032213032;0.0040289164;-0.00012664209;-1.5219408e-05;-0.0001514338;1.0000196;1.0000783;1.0000066;0.0004736953;0.00016603107;0.00025971295;1.0656919e-05;-3.6766418e-05;8.383418e-06;1;0;1
1252215907;1252027445;1252027445;0;0.67664886;-0.3329725;-0.65671575;1.0;1.0;1.0;0.0065173507;0.003583759;0.0049588084;-0.00013403164;-0.00014741962;-0.0001269592;1.0000196;1.0000782;1.0000067;0.00067960046;0.00020550797;0.00039343387;9.233608e-06;-7.9871206e-05;1.7472765e-05;1;0;1
1252720760;1252532149;1252532149;0;0.6860985;-0.33600867;-0.64526504;1.0;1.0;1.0;-0.002868712;0.006692648;-0.0064618587;-0.00036235002;-0.00018450759;-0.00035384577;1.0000192;1.0000777;1.0000064;0.0001316696;0.00071658974;0.0006680979;3.3907731e-06;1.22314e-05;6.1850747e-06;1;0;1
1253215502;1253026956;1253026956;0;0.67768764;-0.30868003;-0.667425;1.0;1.0;1.0;-0.005684018;-0.02268979;0.0051519275;-0.0072562154;-0.0051194825;-0.0057177497;1.0000122;1.0000832;1.0000107;0.00051692274;0.008236648;0.00042475175;-0.004409891;-0.0021085176;-0.0054321312;1;0;1
1253720127;1253531660;1253531660;0;0.2382389;0.018169943;-0.97103655;1.0;1.0;1.0;-0.02065675;-0.16226932;0.005687773;-0.014398995;0.012137444;-0.019392425;1.0000157;1.0000896;1.0000037;0.006827113;0.42126226;0.00051805517;-0.018513532;0.017793182;-0.019852834;1;0;1
1254214974;1254026468;1254026468;0;0.007302308;-0.12464233;-0.99217486;1.0;1.0;1.0;-0.029995779;0.06544793;-0.00581336;0.013573421;0.0022733046;-0.01080015;1.0000196;1.0000921;1.0000004;0.014395666;0.06852964;0.00054078887;0.02162501;-0.003345113;-0.008226273;1;0;1
1254719894;1254531171;1254531171;0;-0.0842073;-0.060924858;-0.994584;1.0;1.0;1.0;0.024400722;0.042160235;-0.0034495592;0.005470021;-0.0016890928;-0.00510539;1.0000219;1.0000931;1.0000001;0.009526115;0.028436517;0.00019039788;0.007888009;-0.0019936261;-0.0031130165;1;0;1
1255214718;1255025979;1255025979;0;0.019111209;0.06143332;-0.99792814;1.0;1.0;1.0;-0.0532488;-0.07339525;-0.001417458;-0.0018357353;-0.0017082471;-0.0028511188;1.0000243;1.0000942;1.0;0.04536585;0.08617934;3.2144293e-05;-0.00031867795;-1.9262687e-05;-0.00122721;1;0;1
1255719173;1255530683;1255530683;0;-0.030139077;-0.029980963;-0.9990959;1.0;1.0;1.0;0.01395781;0.030177668;-0.00077319145;-0.0021392545;-0.0009583192;-0.0016029677;1.0000266;1.0000955;1.0;0.0031170442;0.014569412;9.5652e-06;-0.0010308861;0.0003073453;-0.00047073464;1;0;1
1256213957;1256025491;1256025491;0;-0.04885416;0.027040109;-0.9984398;1.0;1.0;1.0;0.032584943;-0.028270658;-0.0014270544;-0.0021978228;-0.0013999635;-0.0011894498;1.000029;1.000097;1.0;0.016987965;0.012787018;3.258647e-05;-0.0029140697;-0.00077577465;-0.00019700076;1;0;1
1256718763;1256530195;1256530195;0;-0.035683442;0.03169257;-0.9988605;1.0;1.0;1.0;0.013366196;-0.040821552;-0.00084882975;-0.0036377762;0.0002723965;-0.0012287889;1.0000315;1.000099;1.0;0.0028583934;0.026660088;1.1524953e-05;-0.003513579;0.00041291866;-0.00010315316;1;0;1
1257213600;1257025003;1257025003;0;0.0068495213;-0.05260276;-0.99859196;1.0;1.0;1.0;-0.025435895;0.04874097;-0.0012279153;-0.003352075;0.0003554287;-0.0012926763;1.0000336;1.0001012;1.0;0.010351407;0.03800783;2.4124416e-05;-0.0022840651;0.00041386066;-7.922089e-05;1;0;1
1257718479;1257529707;1257529707;0;-0.07894971;-0.07829381;-0.99379927;1.0;1.0;1.0;0.025452107;0.07901538;-0.004768491;-0.0015377331;0.0010911619;-0.0014789287;1.0000359;1.0001035;1.0000001;0.010364585;0.09988333;0.00036380696;-0.0016316108;0.0013812904;-8.4803345e-05;1;0;1
1258213054;1258024515;1258024515;0;-0.038293313;-0.0027314245;-0.99926275;1.0;1.0;1.0;0.023928273;-0.0027521097;-0.00061899424;-0.004616688;0.0012594548;-0.0012494292;1.0000386;1.0001057;1.0;0.0091606425;0.00012121227;6.1316423e-06;-0.0050793267;0.0012392682;-5.8420854e-05;1;0;1
1258717815;1258529219;1258529219;0;0.019275947;-0.095370196;-0.9952553;1.0;1.0;1.0;-0.052931145;0.07340096;-0.0039366484;-0.0042918315;0.0015223428;-0.001191143;1.0000415;1.0001081;1.0;0.04482544;0.08619624;0.00024796271;-0.0029991667;0.0025330563;-6.547217e-05;1;0;1
1259212860;1259024027;1259024027;0;0.016288236;-0.017866923;-0.9997077;1.0;1.0;1.0;-0.031110963;0.013363153;-0.00017231703;-0.004642204;0.00044793545;-0.0012040813;1.0000442;1.0001109;1.0;0.0154855875;0.0028571112;4.7476192e-07;-0.00283359;0.0020685804;-6.541849e-05;1;0;1
1259717199;1259528731;1259528731;0;0.009315832;-0.017830089;-0.9997976;1.0;1.0;1.0;-0.039042905;0.008187181;0.0002859831;-0.0031079073;0.0006448761;-0.0011746144;1.0000471;1.0001137;1.0;0.024388425;0.0010725412;1.3091267e-06;-0.0028337743;0.00026222848;-6.0845232e-05;1;0;1
1260212064;1260023539;1260023539;0;-0.03911795;-0.047753546;-0.99809283;1.0;1.0;1.0;0.006748844;0.03740956;-0.0013296604;-0.002268333;-0.00041972334;-0.0012247941;1.0000501;1.0001167;1.0;0.0007287138;0.022388846;2.8290486e-05;-0.0015499182;-0.00031719788;-6.633159e-05;1;0;1
1260717322;1260528243;1260528243;0;-0.13302934;0.012792609;-0.99102956;1.0;1.0;1.0;0.09457888;-0.017133651;-0.008221269;-0.0030148372;0.0014093909;-0.0012808285;1.0000532;1.0001199;1.0000001;0.14311501;0.004697314;0.0010815064;-0.0007139912;0.0021954193;-8.509022e-05;1;0;1
1261221677;1261032948;1261032948;0;-0.05979285;-0.01364902;-0.9981175;1.0;1.0;1.0;0.035790324;0.004492457;-0.0015524626;-0.0024884378;0.003531856;-0.0012726592;1.0000565;1.0001231;1.0;0.020494;0.00032278965;3.855928e-05;-0.0030946203;0.0029851943;-6.488987e-05;1;0;1
1261716413;1261527756;1261527756;0;-0.067992195;-0.0021246425;-0.9976836;1.0;1.0;1.0;0.035432793;0.0022471223;-0.001786232;-0.0038551076;-3.0797895e-05;-0.0011621593;1.0000592;1.0001271;1.0000001;0.020086534;8.074433e-05;5.1046583e-05;-0.004632191;0.0005547244;-4.6855574e-05;1;0;1
1262211324;1262022564;1262022564;0;-0.021630142;-0.090981156;-0.9956177;1.0;1.0;1.0;-0.018729936;0.057876293;-0.003018856;-0.003504764;0.0009601767;-0.0012800761;1.0000625;1.0001307;1.0000002;0.005612618;0.05358814;0.0001458216;-0.0023842154;0.001081295;-8.4309446e-05;1;0;1
1262716107;1262527268;1262527268;0;0.06720935;-0.010607411;-0.9976825;1.0;1.0;1.0;-0.07550235;0.020707889;-0.0022321343;-0.0056760604;0.0020500575;-0.0016565243;1.0000666;1.000134;1.0;0.0912036;0.0068608755;7.971026e-05;-0.005593825;0.0031948942;-0.000106982734;1;0;1
1263220441;1263031972;1263031972;0;0.023218054;0.05993133;-0.9979325;1.0;1.0;1.0;-0.043615863;-0.053022925;-0.0018356442;-0.0046240576;-0.0006625106;-0.0013147322;1.0000702;1.0001379;1.0;0.03043536;0.044975676;5.3913438e-05;-0.0041960226;-0.00031637336;-7.16669e-05;1;0;1
1263715245;1263526780;1263526780;0;-0.06151041;0.024074338;-0.997816;1.0;1.0;1.0;0.028194174;-0.03239651;-0.0015941262;-0.003766929;0.0014892707;-0.0011033886;1.0000739;1.0001419;1.0000001;0.012717644;0.016790543;4.0659812e-05;-0.0035631803;0.0013402688;-5.5870696e-05;1;0;1
1264220047;1264031485;1264031485;0;0.03313533;-0.061348222;-0.9975663;1.0;1.0;1.0;-0.06706716;0.043697663;-0.0017021298;-0.005494736;0.0012398203;-0.0010686363;1.000078;1.0001459;1.0000001;0.07196245;0.030548517;4.635268e-05;-0.005656782;0.00065726496;-4.7255002e-05;1;0;1
1264714782;1264526293;1264526293;0;0.009529411;0.023428366;-0.99968016;1.0;1.0;1.0;-0.03820073;-0.015459623;0.00012296438;-0.0056499853;0.0005238052;-0.0013041126;1.0000819;1.0001502;1.0000001;0.023346817;0.0038232002;2.423931e-07;-0.007887725;0.0007373655;-6.783226e-05;1;0;1
1265219458;1265030997;1265030997;0;-0.0974081;0.030843714;-0.9947664;1.0;1.0;1.0;0.058487445;-0.043067604;-0.0044009686;-0.0045659216;-0.00047639222;-0.0013570358;1.0000856;1.0001549;1.0000001;0.05472782;0.029673312;0.00030991316;-0.0074869515;-0.0013741708;-7.833111e-05;1;0;1
1265714269;1265525805;1265525805;0;-0.0366363;0.0060191327;-0.99931055;1.0;1.0;1.0;0.0063887443;-0.02201067;-0.0001039505;-0.0041146814;0.0012679566;-0.001362282;1.0000895;1.0001595;1.0000001;0.00065299845;0.007750316;1.7308962e-07;-0.0063462164;-0.0022540581;-7.240051e-05;1;0;1
1266219003;1266030509;1266030509;0;-0.086377054;0.05958254;-0.9944793;1.0;1.0;1.0;0.0629653;-0.056970935;-0.005243063;-0.0038406844;0.00071695313;-0.001441802;1.0000944;1.0001637;1.0;0.06342808;0.051923588;0.00043985536;-0.004385579;-0.00057179306;-7.713444e-05;1;0;1
1266713785;1266525317;1266525317;0;-0.08593361;0.012114044;-0.99622726;1.0;1.0;1.0;0.049293585;-0.006380118;-0.0030846;-0.004362615;-0.001410822;-0.0015531137;1.0000988;1.0001683;1.0000001;0.03887388;0.00065127015;0.00015226552;-0.0044550593;-0.00318123;-0.000102363774;1;0;1
1267218575;1267030021;1267030021;0;0.07324709;0.018553805;-0.99714124;1.0;1.0;1.0;-0.08524056;-0.016319755;-0.0027844906;-0.003931332;-6.462285e-06;-0.0015838788;1.0001034;1.0001732;1.0;0.11624323;0.004260283;0.00012403827;-0.005181091;-0.00039689825;-9.2541064e-05;1;0;1
1267713304;1267524829;1267524829;0;-0.0109761525;-0.07411608;-0.99718916;1.0;1.0;1.0;-0.0131977;0.067792505;-0.0024985075;-0.0045859953;0.0045004482;-0.001355532;1.000108;1.000178;1.0000001;0.0027865674;0.07352029;9.988539e-05;-0.0051459293;0.004429479;-6.8407055e-05;1;0;1
1268218143;1268029533;1268029533;0;-0.04070468;0.03704077;-0.9984844;1.0;1.0;1.0;0.017065635;-0.030898595;-0.001217246;-0.005101514;0.003591175;-0.0012583252;1.0001127;1.0001831;1.0;0.0046592494;0.015272864;2.370933e-05;-0.005471696;0.0035899514;-5.815607e-05;1;0;1
1268722701;1268534237;1268534237;0;-0.031134076;0.033509646;-0.99895334;1.0;1.0;1.0;-0.007957019;-0.03911514;-0.00026667118;-0.0049481196;0.0015049604;-0.0011984665;1.0001174;1.0001881;1.0000002;0.0010129075;0.024475254;1.1373074e-06;-0.00568063;0.00054772315;-5.171179e-05;1;0;1
1269217751;1269029045;1269029045;0;-0.0049625747;0.052630335;-0.99860173;1.0;1.0;1.0;-0.022808688;-0.060993362;-0.0009777546;-0.0038534808;0.00016368018;-0.0010344492;1.0001225;1.0001931;1.0000001;0.00832276;0.059511364;1.5292333e-05;-0.0027673473;-0.00017400747;-4.982108e-05;1;0;1
1269712306;1269523853;1269523853;0;0.046289705;-0.037198298;-0.9982352;1.0;1.0;1.0;-0.07211945;0.033089686;-0.0014229417;-0.005463974;0.0046936474;-0.0012069112;1.0001274;1.0001982;1.0000001;0.083208844;0.017515637;3.238535e-05;-0.0059438944;0.0037056191;-5.758306e-05;1;0;1
1270217041;1270028557;1270028557;0;-0.018920483;-0.045820978;-0.99877053;1.0;1.0;1.0;-0.012840876;0.046871908;-0.00072449446;-0.0030911101;0.0024364882;-0.0012895215;1.0001326;1.0002036;1.0000001;0.00263786;0.035144508;8.395511e-06;-0.004999814;0.0023981873;-6.123835e-05;1;0;1
1270712190;1270523364;1270523364;0;0.004834632;0.023117756;-0.999721;1.0;1.0;1.0;-0.035216615;-0.014730936;0.00021767616;-0.005116276;0.0014318756;-0.0011213978;1.0001376;1.000209;1.0000001;0.01984063;0.0034712574;7.5937254e-07;-0.006895328;0.001657589;-4.226325e-05;1;0;1
1271216562;1271028068;1271028068;0;0.022413883;-0.06968509;-0.9973172;1.0;1.0;1.0;-0.04246884;0.06123516;-0.0024459958;-0.0060642357;0.0041447724;-0.0012348855;1.0001429;1.0002145;1.0000001;0.028853511;0.059983112;9.572631e-05;-0.0066392426;0.0049992003;-4.9174396e-05;1;0;1
1271721840;1271532772;1271532772;0;-0.052248094;-0.026789444;-0.99827474;1.0;1.0;1.0;0.037410192;0.01520497;-0.0015479922;-0.0049868184;0.0017176074;-0.0014212774;1.0001483;1.00022;1.0;0.02238904;0.0036982559;3.834343e-05;-0.005358283;0.0028477202;-6.2220286e-05;1;0;1
1272216045;1272027579;1272027579;0;-0.07614447;0.009024345;-0.9970559;1.0;1.0;1.0;0.04195814;-0.016918126;-0.0023282766;-0.0033880107;0.003591761;-0.0014956392;1.0001534;1.0002253;1.0000002;0.028163444;0.0045785005;8.6747255e-05;-0.003987505;0.005609466;-9.4593546e-05;1;0;1
1272721123;1272532283;1272532283;0;-0.06288104;-0.010892876;-0.9979616;1.0;1.0;1.0;0.023959175;0.0059854942;-0.0012684464;-0.0052423268;0.005845888;-0.0014599968;1.000159;1.0002309;1.0000002;0.009183212;0.00057310297;2.5748135e-05;-0.0059703616;0.008391192;-8.744632e-05;1;0;1
1273215935;1273027090;1273027090;0;0.032050095;-0.10144485;-0.9943248;1.0;1.0;1.0;-0.0598104;0.086756475;-0.005181849;-0.005240606;0.00562904;-0.0014651475;1.0001645;1.0002363;1.0000001;0.05722713;0.12039768;0.00042964466;-0.0053660963;0.0064792875;-8.957162e-05;1;0;1
1273720320;1273531794;1273531794;0;-0.007878266;-0.03783405;-0.999253;1.0;1.0;1.0;-0.020644154;0.030891674;-0.00031614304;-0.005663127;0.003253034;-0.0013872514;1.0001702;1.0002418;1.0000001;0.006817737;0.015264901;1.5985395e-06;-0.0053327805;0.0042969547;-7.2662835e-05;1;0;1
1274215093;1274026601;1274026601;0;-0.048548304;0.06112715;-0.9969486;1.0;1.0;1.0;0.017470501;-0.048526905;-0.0024886727;-0.005528902;0.0011881345;-0.0015096527;1.0001758;1.0002474;1.0000001;0.004882636;0.037668243;9.911959e-05;-0.006056924;0.0025309115;-7.543529e-05;1;0;1
1274719778;1274531304;1274531304;0;0.0065025;-0.011032589;-0.999918;1.0;1.0;1.0;-0.0272271;0.010739771;0.00013267994;-0.0040587783;0.002839005;-0.0014220271;1.0001814;1.0002531;1.0000001;0.011858888;0.0018449406;2.821698e-07;-0.004130487;0.0032541016;-7.910309e-05;1;0;1
1275214625;1275026111;1275026111;0;-0.114376016;0.011655893;-0.99336916;1.0;1.0;1.0;0.07992483;-0.016846586;-0.006023228;-0.0005672426;0.0050546275;-0.0016512328;1.0001872;1.0002583;1.0000002;0.10218853;0.0045393202;0.0005805717;-0.00057589955;0.0047835107;-0.000109689645;1;0;1
1275719700;1275530814;1275530814;0;-0.08986706;-0.00034161747;-0.99595374;1.0;1.0;1.0;0.05776619;-0.005286791;-0.003514707;-0.0032641147;0.0041610603;-0.0017557589;1.0001925;1.0002644;1.0000002;0.05338065;0.0004469924;0.00019769084;-0.006457402;0.0027529004;-0.000103818624;1;0;1
1276214137;1276025621;1276025621;0;0.0032943815;0.029309688;-0.999565;1.0;1.0;1.0;-0.019448817;-0.02512046;-0.00029575825;-0.0060246796;0.0034604282;-0.0015131335;1.000198;1.0002702;1.0;0.006050905;0.010094016;1.399567e-06;-0.0067941924;0.0043290695;-8.748733e-05;1;0;1
1276718836;1276530324;1276530324;0;-0.02537723;-0.03343239;-0.99911875;1.0;1.0;1.0;0.007722918;0.014779039;-0.00055134296;-0.004502345;0.0012124648;-0.0012734481;1.0002037;1.0002757;1.0000002;0.00095410104;0.0034937924;4.8647153e-06;-0.0044594887;0.0020738237;-5.8329602e-05;1;0;1
1277213934;1277025131;1277025131;0;-0.024138082;-0.0010692481;-0.999708;1.0;1.0;1.0;0.0007764492;0.005180247;-1.0669231e-05;-0.0046233037;0.0009089908;-0.0013989772;1.0002095;1.0002813;1.0000001;9.643954e-06;0.00042924008;1.8213198e-09;-0.0059342654;0.001152148;-6.5475026e-05;1;0;1
1277718328;1277529834;1277529834;0;-0.066780955;0.050594483;-0.99648404;1.0;1.0;1.0;0.022187036;-0.030819388;-0.002325058;-0.0049370793;0.0029291392;-0.0012868211;1.0002149;1.0002867;1.0000005;0.00787454;0.015192735;8.652532e-05;-0.00422898;0.0034156705;-6.9040565e-05;1;0;1
1278213100;1278024640;1278024640;0;0.010806392;0.022762943;-0.99968255;1.0;1.0;1.0;-0.022260357;-0.02698989;-0.00024300814;-0.004248901;0.00245364;-0.0013631133;1.0002209;1.0002923;1.0;0.007926625;0.011652104;9.443838e-07;-0.0047864835;0.0026059523;-7.997103e-05;1;0;1
1278717870;1278529343;1278529343;0;-0.04545497;-0.05024742;-0.99770194;1.0;1.0;1.0;0.011762124;0.074638195;-0.0014330149;-0.0042037847;0.004388146;-0.0013986656;1.0002264;1.0002977;1.0000005;0.0022130597;0.08910761;3.283736e-05;-0.0042451257;0.0036762634;-6.540733e-05;1;0;1
1279222549;1279034045;1279034045;0;0.0015855723;-0.018029049;-0.9998362;1.0;1.0;1.0;-0.02291664;0.006965708;0.00012487173;-0.0045220507;0.0024355035;-0.0013366401;1.0002321;1.0003034;1.0000001;0.008400807;0.0007760318;2.4996373e-07;-0.0046803188;0.0019706748;-6.4698375e-05;1;0;1
1279717327;1279528851;1279528851;0;0.048242867;-0.026464365;-0.99848497;1.0;1.0;1.0;-0.0685886;0.013124537;-0.0012193322;-0.005712821;0.0031710705;-0.0015232156;1.000238;1.0003085;1.0000001;0.07525243;0.0027547798;2.3779032e-05;-0.005079823;0.0038542624;-8.0165904e-05;1;0;1
1280212174;1280023657;1280023657;0;0.017221713;0.008165766;-0.9998184;1.0;1.0;1.0;-0.030492414;-0.01608928;-6.234646e-05;-0.004025979;0.0032642924;-0.0012761251;1.0002435;1.0003138;1.0;0.014872975;0.004140785;6.1837056e-08;-0.0030289385;0.003684538;-6.6723325e-05;1;0;1
1280716843;1280528359;1280528359;0;-0.021511888;0.03504955;-0.99915403;1.0;1.0;1.0;-0.00625604;-0.017248614;-0.00030183792;-0.0034698409;0.00021458026;-0.0013552497;1.0002491;1.0003189;1.0000002;0.0006260526;0.004758774;1.4582735e-06;-0.005172828;0.0016309848;-6.8326495e-05;1;0;1
1281211655;1281023165;1281023165;0;-0.010196593;-0.013391638;-0.9998583;1.0;1.0;1.0;-0.01375985;-0.00466685;0.00030827522;-0.0030395684;0.003237164;-0.0014861511;1.0002546;1.000324;1.0000004;0.0030285642;0.0003483937;1.5217134e-06;-0.0041752285;0.004164424;-8.237775e-05;1;0;1
1281716358;1281527867;1281527867;0;-0.0645732;0.025028711;-0.99759907;1.0;1.0;1.0;0.046053395;-0.031882383;-0.002205789;-0.0035105282;0.0013477027;-0.0013997533;1.0002607;1.0003288;1.0000001;0.033925798;0.016257577;7.786071e-05;-0.004484666;0.002441418;-6.828642e-05;1;0;1
1282221333;1282032569;1282032569;0;0.048028395;-0.045452546;-0.99781126;1.0;1.0;1.0;-0.064289935;0.049250893;-0.0020496845;-0.008627861;0.0007844746;-0.0016758168;1.0002666;1.0003338;1.0000001;0.06611351;0.038795497;6.719193e-05;-0.008331806;0.00047115603;-8.134109e-05;1;0;1
1282715941;1282527374;1282527374;0;-0.041208245;0.0307382;-0.9986776;1.0;1.0;1.0;0.018239412;-0.026405789;-0.0010491014;-0.0014366489;0.0017541574;-0.001638924;1.0002724;1.0003382;1.0000001;0.005321369;0.011152161;1.7611817e-05;0.0007883348;0.0010104557;-0.0001101004;1;0;1
1283220588;1283032076;1283032076;0;-0.05659956;-0.022450201;-0.99814457;1.0;1.0;1.0;0.029656561;0.015470143;-0.0014677644;-0.0009813004;0.0036881224;-0.0015836973;1.0002786;1.0003421;1.0000002;0.014068267;0.003828225;3.448331e-05;-0.0015289064;0.002990478;-9.3189745e-05;1;0;1
1283715613;1283526881;1283526881;0;0.02410571;0.0051760944;-0.9996961;1.0;1.0;1.0;-0.042558618;0.013737149;4.5001507e-05;-0.003951228;0.004170376;-0.0014924258;1.0002843;1.0003467;1.0000002;0.028971538;0.0030178688;3.2660175e-08;-0.0049281674;0.0026981006;-7.738813e-05;1;0;1
1284220719;1284031583;1284031583;0;-0.10635749;-0.011688712;-0.99425924;1.0;1.0;1.0;0.08235276;0.010857801;-0.0054516196;-0.0010553505;0.005401925;-0.0014405992;1.0002897;1.0003513;1.0000001;0.1084802;0.0018862857;0.00047564722;-0.0016573493;0.0049795997;-6.580057e-05;1;0;1
1284715340;1284526388;1284526388;0;-0.07765247;-0.061942957;-0.99505436;1.0;1.0;1.0;0.051342633;0.052256666;-0.0045520067;-0.0016486845;0.003866457;-0.001658285;1.0002946;1.0003561;1.0000002;0.042164635;0.043678623;0.000331619;-0.0022163112;0.0033304628;-9.819413e-05;1;0;1
1285219578;1285031089;1285031089;0;-0.011846677;0.049360342;-0.9987108;1.0;1.0;1.0;-0.012493596;-0.053929098;-0.0009827018;-0.001922789;0.0017961797;-0.0014624387;1.0002997;1.000361;1.0000002;0.002496691;0.04651729;1.5445617e-05;-0.0012003327;0.0022112178;-7.275482e-05;1;0;1
1285714353;1285525894;1285525894;0;-0.0059069647;-0.029071497;-0.9995598;1.0;1.0;1.0;-0.014061595;0.028897649;-0.00024086237;-0.003201439;0.002891684;-0.0013410611;1.0003046;1.0003655;1.0000001;0.003162692;0.013355992;9.273162e-07;-0.0030716702;0.0023346946;-6.218762e-05;1;0;1
1286219118;1286030594;1286030594;0;-0.067527734;0.044508964;-0.9967241;1.0;1.0;1.0;0.038406856;-0.03708747;-0.0028238297;-0.0012317803;0.0014660949;-0.001256716;1.0003101;1.0003692;1.0000002;0.02359407;0.021998426;0.00012761651;-0.0005431432;0.0018180583;-5.551074e-05;1;0;1
1286713965;1286525399;1286525399;0;-0.019517358;0.0026347793;-0.99980605;1.0;1.0;1.0;0.001495935;0.004330729;-7.3313713e-06;-0.0022156222;0.002776252;-0.0012198788;1.0003151;1.0003735;1.0000001;3.5793866e-05;0.00029997656;8.59984e-10;-0.0028250604;0.00089297723;-5.2693093e-05;1;0;1
1287218564;1287030100;1287030100;0;-0.029310845;-0.06759714;-0.9972821;1.0;1.0;1.0;0.028029911;0.054858975;-0.0026356578;-0.0023427338;0.0036890104;-0.0012592329;1.0003201;1.0003775;1.0;0.012566793;0.04813519;0.00011117221;-0.0034148106;0.0027023123;-5.338483e-05;1;0;1
1287713387;1287524904;1287524904;0;-0.033057526;-0.018717783;-0.9992781;1.0;1.0;1.0;0.02746325;0.025327133;-0.00068438053;-0.0028116903;0.0016620416;-0.0014975222;1.0003242;1.0003822;1.0;0.01206377;0.010260049;7.4953327e-06;-0.0052201543;0.003202102;-7.058048e-05;1;0;1
1288218124;1288029604;1288029604;0;-0.036114015;0.054349117;-0.99786866;1.0;1.0;1.0;0.020482747;-0.056302298;-0.002007246;-0.0021369688;0.0030778018;-0.00139532;1.0003281;1.000387;1.0000001;0.006710485;0.050698675;6.446458e-05;-0.001948785;0.0041488595;-5.9029393e-05;1;0;1
1288712946;1288524409;1288524409;0;0.005648112;0.00842131;-0.9999486;1.0;1.0;1.0;-0.03303624;0.001755977;0.00037527084;-0.002598961;0.0021483402;-0.0013295638;1.0003318;1.0003914;1.0000004;0.017456498;4.9272734e-05;2.2561144e-06;-0.0016778602;0.002567305;-5.4015338e-05;1;0;1
1289217567;1289029109;1289029109;0;-0.008883058;-0.020991554;-0.9997402;1.0;1.0;1.0;-0.0014263978;0.0279403;-0.00018256903;-0.003580926;0.0027791017;-0.0013749778;1.0003368;1.0003948;1.0;3.2542815e-05;0.012485606;5.32955e-07;-0.004028161;0.0021257268;-7.209947e-05;1;0;1
1289722402;1289533809;1289533809;0;0.0046579023;-0.024674552;-0.9996847;1.0;1.0;1.0;-0.02219961;0.01924487;-0.00014680624;-0.0020973736;0.0015240746;-0.0012797246;1.0003415;1.0003982;1.0000001;0.00788247;0.0059231524;3.4455317e-07;-0.001385926;0.0014229455;-5.5428896e-05;1;0;1
1290217485;1290028612;1290028612;0;-0.071697354;0.0317576;-0.9969207;1.0;1.0;1.0;0.036534607;-0.0381334;-0.0024402738;-0.0021399634;0.0016246293;-0.0015367554;1.0003451;1.0004019;1.0000005;0.021349072;0.0232561;9.530686e-05;-0.002982117;0.0037984657;-8.8704684e-05;1;0;1
1290712122;1290523416;1290523416;0;-0.024885772;0.015458162;-0.9995708;1.0;1.0;1.0;0.015515398;-0.0120530585;-0.00037944317;-0.0028720817;0.0053274855;-0.001459613;1.0003495;1.0004053;1.0;0.0038502954;0.0023233364;2.3050816e-06;-0.0031023587;0.007415686;-8.5502026e-05;1;0;1
1291216604;1291028115;1291028115;0;0.006585994;-0.009600987;-0.99993217;1.0;1.0;1.0;-0.017177107;0.00020925142;3.2246113e-05;-0.0019104421;0.0012937845;-0.0019678168;1.0003543;1.000408;1.0;0.004719176;6.9752156e-07;1.669855e-08;-0.0034989857;0.0015686805;-0.00015198164;1;0;1
1291711685;1291522919;1291522919;0;-0.0037780015;-0.049369622;-0.99877334;1.0;1.0;1.0;-0.015115963;0.045361847;-0.001040101;-0.0013235813;0.0021985685;-0.0016314804;1.0003582;1.0004113;1.0000001;0.0036545682;0.03290909;1.7308961e-05;-0.0015900495;0.004146233;-9.077837e-05;1;0;1
1292216192;1292027618;1292027618;0;-0.031258453;-0.02841225;-0.9991074;1.0;1.0;1.0;0.012828218;-0.002933329;-0.00023126602;-0.002563419;0.004730949;-0.0017415853;1.0003618;1.0004144;1.0000006;0.0026320585;0.00013758536;8.5574305e-07;-0.0038105487;0.005463044;-9.486378e-05;1;0;1
1292720810;1292532317;1292532317;0;0.021073043;0.029584337;-0.9993402;1.0;1.0;1.0;-0.03542612;-0.031875785;-0.0005543828;-0.0031150854;0.0024915966;-0.001704968;1.0003656;1.000418;1.0000001;0.020072822;0.016251108;4.9132154e-06;-0.0039598565;0.0039535007;-9.297464e-05;1;0;1
1293215618;1293027120;1293027120;0;0.04084991;-0.013389141;-0.99907553;1.0;1.0;1.0;-0.038702793;0.0072885943;-0.0009034872;-0.0024363631;0.0031599477;-0.0014032741;1.0003694;1.0004207;1.0;0.023957647;0.0008494094;1.3062349e-05;-0.0030961067;0.004053852;-6.502972e-05;1;0;1
1293720401;1293531819;1293531819;0;-0.04258923;-0.037749965;-0.99837923;1.0;1.0;1.0;0.025197288;0.049632564;-0.0013989806;-0.0013512743;0.0009046421;-0.0013366634;1.0003731;1.0004233;1.0000002;0.0101546645;0.03939852;3.1311673e-05;-0.0020152864;0.00031543922;-5.7332996e-05;1;0;1
1294215215;1294026622;1294026622;0;0.041818533;0.04517834;-0.9981032;1.0;1.0;1.0;-0.03929722;-0.025718523;-0.0017039776;-0.0018704571;-0.00078067963;-0.001371788;1.0003769;1.0004257;1.0000001;0.024699034;0.010579329;4.6469628e-05;-0.002075368;-0.0003893503;-6.709818e-05;1;0;1
1294719787;1294531320;1294531320;0;-0.009538069;-0.0011245523;-0.9999538;1.0;1.0;1.0;0.0021940032;0.0006030235;-1.9133091e-05;-0.000615082;7.4849864e-05;-0.0015564022;1.0003806;1.0004283;1.0;7.698909e-05;5.8166925e-06;5.820766e-09;-0.0007267449;0.0015823632;-8.538372e-05;1;0;1
1295214582;1295026123;1295026123;0;-0.021920828;0.065465346;-0.9976141;1.0;1.0;1.0;0.0178736;-0.06647793;-0.0023772717;0.002715784;0.00087771565;-0.0016155536;1.0003848;1.00043;1.0;0.0051094834;0.070677735;9.041366e-05;0.0016603633;0.0030625197;-8.603026e-05;1;0;1
1295719844;1295530821;1295530821;0;0.0149402665;0.015732225;-0.99976456;1.0;1.0;1.0;-0.03068205;-0.006003554;-6.431341e-05;-0.00011334957;0.0011045922;-0.0016042048;1.0003891;1.0004314;1.0000001;0.015056353;0.0005765793;6.593432e-08;-0.0010793307;0.0031343123;-7.509988e-05;1;0;1
1296214641;1296025623;1296025623;0;0.0055884137;-0.03309878;-0.99943656;1.0;1.0;1.0;-0.011572686;0.030393083;-0.0005418658;0.00035839877;0.003993273;-0.0015233598;1.0003926;1.0004332;1.0;0.0021419923;0.014773155;4.697897e-06;-0.0006295876;0.0055981595;-7.309319e-05;1;0;1
1296719091;1296530321;1296530321;0;0.0044316757;-0.028009903;-0.99959785;1.0;1.0;1.0;-0.022594215;0.01376679;-0.00013583899;0.00093889324;0.0028162643;-0.0016308764;1.0003954;1.0004356;1.0000002;0.008164749;0.0030308298;2.9523562e-07;0.0003148014;0.004248753;-8.291297e-05;1;0;1
1297213614;1297025123;1297025123;0;-0.02453044;0.005589348;-0.99968344;1.0;1.0;1.0;0.012752169;-0.0013199835;-0.00023800135;-3.708358e-05;0.0024306437;-0.0015152915;1.0003976;1.0004386;1.0;0.002600851;2.7852939e-05;9.0676826e-07;0.00028161367;0.0035404004;-8.214251e-05;1;0;1
1297718411;1297529821;1297529821;0;0.030420521;0.008819611;-0.9994982;1.0;1.0;1.0;-0.042344697;-0.0060392856;-0.00042712688;-0.00055924954;0.00019519062;-0.0014631078;1.0004005;1.0004407;1.0;0.028677687;0.00058349874;2.914926e-06;-0.00063648284;0.0003827488;-6.832242e-05;1;0;1
1298213450;1298024622;1298024622;0;0.03936061;0.021528604;-0.99899316;1.0;1.0;1.0;-0.036281098;-0.019812126;-0.0010005832;0.0016840728;0.0006004137;-0.0015281134;1.0004034;1.0004426;1.0;0.021052597;0.0062780697;1.6018666e-05;0.001082196;0.0007676553;-7.146219e-05;1;0;1
1298717826;1298529321;1298529321;0;0.029372022;0.014379151;-0.9994651;1.0;1.0;1.0;-0.04372389;-0.01456827;-0.00043219328;0.0033976766;-0.0008472733;-0.0017372265;1.0004057;1.0004449;1.0000001;0.030576052;0.003394691;2.9845357e-06;0.004106844;-0.00077424425;-9.296925e-05;1;0;1
1299212584;1299024121;1299024121;0;0.004552689;0.0085839955;-0.9999528;1.0;1.0;1.0;-0.020775707;-0.009207163;8.440018e-05;0.0019760705;0.0002614326;-0.0013871412;1.0004082;1.0004468;1.0000001;0.006903263;0.0013558766;1.1445768e-07;0.0011614363;-0.00014353929;-5.7334928e-05;1;0;1
1299717353;1299528818;1299528818;0;-0.010788281;0.046780907;-0.9988469;1.0;1.0;1.0;0.0067311088;-0.045033745;-0.0011432767;0.0017971812;0.00044326225;-0.001218707;1.00041;1.0004493;1.0;0.0007246281;0.03243384;2.0917667e-05;0.0013600814;-0.00019864038;-4.4381035e-05;1;0;1
1300221976;1300033516;1300033516;0;-0.024284303;0.031845924;-0.9991978;1.0;1.0;1.0;0.010945729;-0.023335926;-0.00067687035;1.6047898e-05;-5.031259e-05;-0.0014704561;1.0004125;1.0004508;1.0;0.0019161534;0.008708954;7.3356205e-06;0.00015978038;-0.00034843697;-6.6635126e-05;1;0;1
1300716790;1300528316;1300528316;0;0.0380747;0.0022503457;-0.9992724;1.0;1.0;1.0;-0.035695076;0.0014989909;-0.0007176995;-0.0013409936;0.0017920545;-0.0015002883;1.0004146;1.0004526;1.0;0.020377766;3.5901554e-05;8.241482e-06;-0.0011684017;0.0023252203;-6.916497e-05;1;0;1
1301211573;1301023117;1301023117;0;-0.007375375;-0.0058096843;-0.99995595;1.0;1.0;1.0;0.02046921;0.011195419;5.6028366e-05;0.0018435331;0.001420161;-0.0015472145;1.0004166;1.0004542;1.0000001;0.0067010242;0.0020046283;5.0547946e-08;0.0019521886;0.002025481;-7.6466844e-05;1;0;1
1301716525;1301527814;1301527814;0;0.003869045;0.015153738;-0.99987775;1.0;1.0;1.0;-0.0066764383;-0.006311342;-7.921457e-05;0.0036456888;-0.0011228628;-0.0016074415;1.0004191;1.0004554;1.0;0.00071289844;0.0006370643;1.00248144e-07;0.0035041189;0.00030477144;-8.8416455e-05;1;0;1
1302221011;1302032510;1302032510;0;-0.04568398;-0.07803586;-0.99590325;1.0;1.0;1.0;0.038517002;0.07433243;-0.0040640235;0.0037234116;0.0010828292;-0.0014090766;1.000422;1.000456;1.0;0.023726938;0.088366464;0.00026427608;0.0032814643;0.0013954235;-7.106975e-05;1;0;1
1302715770;1302527313;1302527313;0;-0.03885577;0.039501376;-0.99846375;1.0;1.0;1.0;0.0371857;-0.037498746;-0.001532793;0.002158191;0.0005831736;-0.001438443;1.0004238;1.0004575;1.0;0.022115046;0.022487367;3.759127e-05;0.0013311582;0.0014055027;-6.883367e-05;1;0;1
1303220595;1303032007;1303032007;0;0.049407564;-0.046375267;-0.9977015;1.0;1.0;1.0;-0.065639906;0.046008196;-0.0021671057;0.0014286591;0.0013873479;-0.0015290179;1.0004262;1.0004581;1.0000001;0.068908185;0.033850726;7.510848e-05;-0.00016366801;0.003481642;-6.732813e-05;1;0;1
1303715406;1303526806;1303526806;0;-0.0007051413;-0.035266902;-0.9993776;1.0;1.0;1.0;0.00071232085;0.028884351;-0.0006020069;-6.332956e-05;-0.00083924;-0.0013932216;1.0004286;1.000459;1.0;8.114938e-06;0.013342779;5.7997454e-06;0.001235414;0.001092177;-6.7223606e-05;1;0;1
1304219991;1304031502;1304031502;0;0.04482705;4.0951396e-05;-0.99899477;1.0;1.0;1.0;-0.047139395;-0.011746731;-0.0009341836;0.0010304024;-0.0011435682;-0.0014983984;1.0004297;1.0004605;1.0;0.03553869;0.002207075;1.3957839e-05;0.00016145426;0.0007768053;-7.18857e-05;1;0;1
1304714800;1304526302;1304526302;0;-0.04566598;0.0049955123;-0.9989442;1.0;1.0;1.0;0.047720097;-0.006865559;-0.0010519624;0.002708979;0.00013340286;-0.0013630461;1.0004315;1.0004615;1.0;0.036419604;0.0007536405;1.7705997e-05;0.0016033867;0.0017356841;-6.036685e-05;1;0;1
1305219615;1305030998;1305030998;0;-0.026253454;-0.032232516;-0.99913555;1.0;1.0;1.0;0.025287656;0.03750451;-0.00085014105;0.0033674208;0.0007024023;-0.0015080514;1.0004324;1.0004634;1.0;0.010227027;0.022495493;1.1562215e-05;0.0020402102;0.0022839014;-6.469323e-05;1;0;1
1305714334;1305525797;1305525797;0;-0.0058386535;0.020950519;-0.9997634;1.0;1.0;1.0;0.014923364;-0.0063835047;-8.916855e-05;0.003560717;-0.0004586033;-0.0013682395;1.0004338;1.0004642;1.0000002;0.0035617636;0.0006516351;1.2721645e-07;0.0021298812;0.0011039834;-5.6299265e-05;1;0;1
1306218958;1306030492;1306030492;0;0.013330928;-0.00021561464;-0.9999111;1.0;1.0;1.0;-0.019349867;0.0063944426;-5.173683e-05;0.0022473903;0.00023674413;-0.0013400599;1.0004356;1.000465;1.0;0.00598807;0.00065385527;4.2630063e-08;-2.7635528e-05;0.0005692592;-4.9819693e-05;1;0;1
1306713785;1306525292;1306525292;0;0.059332617;0.016201146;-0.9981068;1.0;1.0;1.0;-0.059508294;-0.031148735;-0.0017817616;0.0046677724;-0.0006975769;-0.0015997881;1.0004374;1.0004653;1.0000001;0.056635022;0.015517623;5.0774397e-05;0.0055203005;0.002969037;-8.868687e-05;1;0;1
1307219101;1307029987;1307029987;0;0.01074343;-0.058854442;-0.99820876;1.0;1.0;1.0;-0.0024296101;0.05990115;-0.0017561316;0.004764106;-0.002242117;-0.0017309209;1.0004387;1.0004663;1.0;9.440667e-05;0.057383534;4.9343973e-05;0.0051416527;-0.0020333356;-9.036245e-05;1;0;1
1307723205;1307534681;1307534681;0;-0.038178287;0.00847382;-0.9992351;1.0;1.0;1.0;0.034161787;0.009310947;-0.00059872866;0.0066052293;-0.0012268786;-0.001661073;1.0004396;1.0004672;1.0000001;0.018664239;0.0013866017;5.735615e-06;0.0062939995;-0.0016965726;-8.714818e-05;1;0;1
1308218378;1308029480;1308029480;0;-0.05860049;-0.005089224;-0.9982686;1.0;1.0;1.0;0.049993277;0.0014159894;-0.0016874075;0.0044677076;-0.001191449;-0.0015887368;1.0004413;1.0004675;1.0;0.039971605;3.2098636e-05;4.556716e-05;0.004052731;-0.001095343;-7.4445765e-05;1;0;1
1308712922;1308524279;1308524279;0;-0.0049784235;0.016576502;-0.9998503;1.0;1.0;1.0;0.0020916727;-0.008075981;-0.00010943413;0.0030503594;-0.0010097881;-0.0015571426;1.0004426;1.0004681;1.0;6.997054e-05;0.0010430476;1.9161325e-07;0.0049958806;-0.0013527111;-7.05964e-05;1;0;1
1309217545;1309028973;1309028973;0;0.0416545;0.024448667;-0.9988328;1.0;1.0;1.0;-0.030589348;-0.036499254;-0.0010333657;0.0018827597;-0.00066597504;-0.0015000359;1.0004433;1.0004692;1.0000001;0.014964696;0.021305619;1.7085515e-05;0.0023996588;-0.0008094911;-6.757947e-05;1;0;1
1309712556;1309523772;1309523772;0;-0.07208206;0.02957692;-0.9969601;1.0;1.0;1.0;0.074853525;-0.014844841;-0.0029275417;0.0036743977;-0.0033354862;-0.0014846412;1.0004444;1.0004697;1.0000001;0.08960898;0.003523786;0.000137128;0.004698611;-0.0017816696;-6.258294e-05;1;0;1
1310216928;1310028465;1310028465;0;0.067503765;0.009701109;-0.9976718;1.0;1.0;1.0;-0.07504479;-0.005563344;-0.002291441;0.003319415;-0.0013209672;-0.0015100074;1.0004454;1.0004702;1.0;0.09006741;0.00049515173;8.3998115e-05;0.005079394;-0.00039024933;-6.254845e-05;1;0;1
1310721709;1310533160;1310533160;0;-0.030354833;-0.007811407;-0.9995087;1.0;1.0;1.0;0.044748463;0.009926603;-0.00038588047;0.0021442329;-2.122538e-05;-0.0014633497;1.0004463;1.0004708;1.0000001;0.032024506;0.0015760339;2.3780456e-06;0.003486734;0.00038279858;-5.6817433e-05;1;0;1
1311216609;1311027957;1311027957;0;-0.07615174;-0.003680716;-0.9970894;1.0;1.0;1.0;0.07619048;0.001148341;-0.0029073954;0.0046837516;-0.00021564019;-0.0016856104;1.0004475;1.000471;1.0;0.09283828;2.1123127e-05;0.0001352527;0.0071881716;0.0014536441;-7.755116e-05;1;0;1
1311711240;1311522755;1311522755;0;0.06258356;0.01842084;-0.9978698;1.0;1.0;1.0;-0.05201142;-0.035106935;-0.0019350648;0.0030145904;0.0020006802;-0.0018763824;1.0004481;1.0004714;1.0000001;0.043263618;0.019711345;5.9907914e-05;0.0039321077;0.006220068;-0.00010583049;1;0;1
1312215908;1312027449;1312027449;0;-0.007363026;-0.0120819835;-0.9998999;1.0;1.0;1.0;-0.00684902;0.0056763827;2.1398067e-05;0.002633932;-0.00047756295;-0.001671362;1.0004491;1.0004718;1.0000001;0.0007502083;0.0005152838;7.366906e-09;0.002816266;0.0019830244;-9.6359945e-05;1;0;1
1312720851;1312532142;1312532142;0;-0.015558233;0.05039026;-0.9986084;1.0;1.0;1.0;0.026148204;-0.036213804;-0.0012349486;0.0022806022;-0.00301785;-0.0018479242;1.00045;1.0004721;1.0000002;0.010934736;0.020972801;2.4401565e-05;0.003240723;-0.00053426786;-0.00012543818;1;0;1
1313215643;1313026939;1313026939;0;0.020172095;-0.044225603;-0.9988179;1.0;1.0;1.0;-0.025177287;0.060432754;-0.0010386705;0.002342524;0.00031432044;-0.001727674;1.0004506;1.0004723;1.0000001;0.010137765;0.058405764;1.7243558e-05;0.0027246545;0.003970634;-9.652031e-05;1;0;1
1313720094;1313531632;1313531632;0;-0.006420023;0.040417038;-0.9991623;1.0;1.0;1.0;0.0011155922;-0.052788846;-0.00074732304;0.0038134137;-0.0020799304;-0.0016016356;1.0004516;1.0004724;1.0000001;1.9903748e-05;0.044565517;8.930166e-06;0.0047446885;0.00018369105;-7.914142e-05;1;0;1
1314214920;1314026429;1314026429;0;-0.030168153;0.02959001;-0.99910676;1.0;1.0;1.0;0.022780687;-0.03101803;-0.0008648634;0.004217126;-0.0006034982;-0.0015920142;1.000452;1.0004729;1.0;0.008299603;0.015386385;1.19711185e-05;0.0043680915;0.0019041206;-7.978458e-05;1;0;1
1314719879;1314531122;1314531122;0;0.0028805328;-0.010411637;-0.99994165;1.0;1.0;1.0;-0.0072621945;0.014548203;-4.0233135e-05;0.0026293756;-0.0019728576;-0.0017811023;1.0004529;1.000473;1.0;0.00084344955;0.0033847683;2.5899283e-08;0.0026607292;-0.0009280272;-0.000100443984;1;0;1
1315214458;1315025919;1315025919;0;-0.049774867;-0.011063714;-0.9986992;1.0;1.0;1.0;0.055336725;0.011400892;-0.0012854934;0.0028317492;-0.0041871346;-0.0014912285;1.0004535;1.0004731;1.0;0.048972245;0.0020788952;2.6430085e-05;0.0033256616;-0.0029332913;-7.3590745e-05;1;0;1
1315719112;1315530611;1315530611;0;0.07620627;-0.0081819175;-0.99705845;1.0;1.0;1.0;-0.07964921;0.026457075;-0.002769053;0.0018198707;-0.0044855415;-0.001653313;1.0004541;1.0004731;1.0000001;0.10145788;0.011193699;0.00012265077;0.002407312;-0.0032931333;-8.0915015e-05;1;0;1
1316214152;1316025407;1316025407;0;0.054240204;0.026922146;-0.99816495;1.0;1.0;1.0;-0.035789482;-0.03307619;-0.0016456842;0.0040517156;-0.0005378861;-0.0017156743;1.0004544;1.0004733;1.0000001;0.020484883;0.017496614;4.334184e-05;0.003775695;0.0010971944;-8.7283224e-05;1;0;1
1316718685;1316530100;1316530100;0;0.023392227;0.005335763;-0.9997121;1.0;1.0;1.0;-0.026524914;0.0058426615;-0.00022053719;0.0060181036;-0.004700664;-0.0016295752;1.0004554;1.0004731;1.0000001;0.011252013;0.0005458844;7.781863e-07;0.007876529;-0.0045414544;-8.277232e-05;1;0;1
1317213495;1317024896;1317024896;0;-0.01458978;0.04240065;-0.9989941;1.0;1.0;1.0;0.015046079;-0.035862103;-0.0009843111;0.0043010856;-0.0044640154;-0.001649393;1.0004557;1.0004734;1.0;0.0036205016;0.020567566;1.5505648e-05;0.0041360226;-0.00477655;-8.0449885e-05;1;0;1
1317718047;1317529587;1317529587;0;0.025507573;-0.00068921736;-0.9996744;1.0;1.0;1.0;-0.036566738;-0.005170642;-0.00024747849;0.004090694;-0.0043632346;-0.0016150794;1.0004561;1.0004735;1.0000001;0.021384269;0.00042761545;9.789857e-07;0.0013950873;-0.004209204;-7.5610384e-05;1;0;1
1318223282;1318034279;1318034279;0;-0.05609176;0.047839537;-0.99727887;1.0;1.0;1.0;0.053558476;-0.018204082;-0.0022783875;0.0022329378;-0.0039297654;-0.0019838049;1.0004563;1.0004734;1.0000004;0.04587523;0.0052994704;8.307415e-05;-0.0017594944;-0.0015171088;-0.0001374125;1;0;1
1318717557;1318529075;1318529075;0;0.04617293;-0.013155166;-0.9988468;1.0;1.0;1.0;-0.036855135;0.026383864;-0.0010222793;0.0028935545;-0.00036083147;-0.001814241;1.0004567;1.0004736;1.0000002;0.021722896;0.011132232;1.6720875e-05;0.000985693;0.0011713594;-0.00010096006;1;0;1
1319212324;1319023870;1319023870;0;-0.06299501;-0.028998675;-0.99759245;1.0;1.0;1.0;0.073328644;0.010925205;-0.0021911263;0.0076027815;-0.002645341;-0.0017372952;1.0004573;1.0004734;1.0000002;0.08599412;0.0019090498;7.679564e-05;0.008708753;-0.0017051034;-9.003248e-05;1;0;1
1319717273;1319528562;1319528562;0;0.01287848;-0.041789994;-0.99904346;1.0;1.0;1.0;-0.014035064;0.02584602;-0.0008286238;0.0062336717;-0.0041305753;-0.001612126;1.0004578;1.0004733;1.0000001;0.0031502862;0.010683127;1.0989038e-05;0.005675472;-0.004690216;-8.397043e-05;1;0;1
1320221840;1320033253;1320033253;0;0.020863963;-0.00083848025;-0.99978197;1.0;1.0;1.0;-0.020196846;-0.010610676;-0.00015228987;0.0056629153;-0.0052047027;-0.0013644055;1.000458;1.0004734;1.0000001;0.0065236134;0.0018005786;3.710752e-07;0.0033420802;-0.0044876006;-6.0142607e-05;1;0;1
1320716577;1320528048;1320528048;0;0.050993416;0.005245583;-0.99868524;1.0;1.0;1.0;-0.049271833;0.00944968;-0.0012053847;0.0048936787;-0.006291871;-0.0015553405;1.0004581;1.0004735;1.0000001;0.038825627;0.0014279712;2.3242636e-05;0.0034216288;-0.0046015745;-7.3074e-05;1;0;1
1321221567;1321032739;1321032739;0;0.06505649;0.070285335;-0.9954032;1.0;1.0;1.0;-0.057201535;-0.060355406;-0.0045161843;0.0047480827;-0.0033153389;-0.0016568922;1.0004584;1.0004734;1.0;0.052328266;0.05825752;0.00032640365;0.00528831;-0.0019056975;-7.3655516e-05;1;0;1
1321716148;1321527533;1321527533;0;-0.013267338;-0.021827;-0.9996737;1.0;1.0;1.0;0.016103184;0.0070937453;-0.00021368265;0.006208041;-0.0016531192;-0.0015423459;1.0004587;1.0004733;1.0000001;0.0041470984;0.0008047807;7.309719e-07;0.006896184;-0.00058966904;-7.5284726e-05;1;0;1
1322210892;1322022328;1322022328;0;0.014846339;-0.03206002;-0.9993757;1.0;1.0;1.0;-0.008300577;0.029637977;-0.00059992075;0.0032856136;0.0012327521;-0.0015610777;1.000459;1.0004733;1.0;0.0011018877;0.014047859;5.7584784e-06;0.0029305592;0.0019880536;-9.464171e-05;1;0;1
1322715922;1322527018;1322527018;0;0.014721037;-0.077708885;-0.9968674;1.0;1.0;1.0;-0.014757134;0.05219181;-0.0028063655;0.0044526323;-0.00078289106;-0.0018423595;1.0004591;1.000473;1.0000002;0.0034827692;0.043563016;0.00012605915;0.0040383977;-0.00081608276;-0.000116005314;1;0;1
1323220166;1323031708;1323031708;0;-0.008146587;0.059404537;-0.9982008;1.0;1.0;1.0;0.00048454618;-0.059952796;-0.0017697811;0.0035512587;-0.0066292514;-0.0017306313;1.0004594;1.000473;1.0;3.754835e-06;0.057482205;5.0110626e-05;0.0026217327;-0.0048125787;-9.360732e-05;1;0;1
1323714962;1323526502;1323526502;0;-0.015057188;-0.102240674;-0.9946457;1.0;1.0;1.0;0.01151911;0.08800882;-0.0052461624;0.00356503;-0.003967313;-0.0014974283;1.0004594;1.0004729;1.0000001;0.0021220634;0.12387043;0.00044044552;0.0037948526;-0.002244725;-7.06627e-05;1;0;1
1324219647;1324031192;1324031192;0;-0.0137766935;0.06007771;-0.9980986;1.0;1.0;1.0;0.020304805;-0.039739326;-0.001672864;0.0035985997;-0.0064649684;-0.0017655261;1.0004598;1.0004725;1.0000001;0.00659353;0.025255367;4.4791534e-05;0.0023353114;-0.00545041;-9.7127406e-05;1;0;1
1324714508;1324525988;1324525988;0;-0.001032521;-0.009022638;-0.99995875;1.0;1.0;1.0;0.00364796;0.023803849;7.1287155e-05;0.0028740638;-0.0064199707;-0.001578381;1.0004603;1.0004722;1.0000001;0.00021282386;0.009061707;8.1581895e-08;0.00040228505;-0.0047631334;-8.4017614e-05;1;0;1
1325219181;1325030676;1325030676;0;-0.022575978;0.030391324;-0.999283;1.0;1.0;1.0;0.04684383;-0.021242108;-0.0003809929;0.0036709982;-0.0016236029;-0.0015448318;1.00046;1.0004722;1.0000004;0.035093367;0.0072160717;2.3181303e-06;0.0013332256;-0.00039018216;-7.933864e-05;1;0;1
1325713935;1325525469;1325525469;0;0.03255447;0.08064479;-0.9962111;1.0;1.0;1.0;-0.014778176;-0.06635026;-0.0035281181;0.005390204;-0.00054013677;-0.0014924419;1.0004601;1.0004722;1.0000002;0.0034927046;0.070404604;0.00019922241;0.0031555765;0.0002734816;-7.3274445e-05;1;0;1
1326218649;1326030158;1326030158;0;-0.030657731;-0.021405177;-0.9993008;1.0;1.0;1.0;0.03211021;0.026618237;-0.00068461895;0.009068639;-0.0039625517;-0.0017478073;1.0004603;1.0004721;1.0;0.01648946;0.011331257;7.497944e-06;0.010052866;-0.0033698669;-0.0001149902;1;0;1
1326713504;1326524952;1326524952;0;-0.05751255;0.05633541;-0.99675405;1.0;1.0;1.0;0.02813267;-0.036502644;-0.002616763;0.0066130455;-0.0053927326;-0.00208869;1.0004601;1.0004717;1.0000005;0.012657329;0.02130889;0.00010961904;0.009235366;-0.0032538483;-0.00014292967;1;0;1
1327218129;1327029641;1327029641;0;0.056889918;0.05840463;-0.99667066;1.0;1.0;1.0;-0.04703798;-0.046475828;-0.0032092333;0.0045091505;-0.0030296391;-0.0019163223;1.0004606;1.0004716;1.0000001;0.03538485;0.034544032;0.00016482969;0.0058077266;-0.0011061209;-0.00012598054;1;0;1
1327712967;1327524434;1327524434;0;-0.045288134;0.012050391;-0.9989013;1.0;1.0;1.0;0.0608511;-0.026508657;-0.0008736253;0.005274304;-0.0035605608;-0.0018262538;1.0004606;1.0004715;1.0000002;0.059218425;0.011237837;1.2196543e-05;0.0060176384;-0.0008289593;-0.000106002255;1;0;1
1328217645;1328029122;1328029122;0;-0.005758626;0.05835229;-0.99827945;1.0;1.0;1.0;0.005050798;-0.060481876;-0.0017180443;0.004219732;-0.0070499075;-0.0016118274;1.0004607;1.0004714;1.0;0.000407981;0.058501307;4.722354e-05;0.003981307;-0.003978221;-8.5095926e-05;1;0;1
1328722294;1328533811;1328533811;0;0.04228409;0.008944407;-0.9990656;1.0;1.0;1.0;-0.035607114;-0.007866215;-0.0009114146;0.004017412;-0.006486812;-0.001410908;1.0004609;1.0004712;1.0;0.02027652;0.0009896033;1.3296041e-05;0.004453609;-0.0032103288;-6.835168e-05;1;0;1
1329217356;1329028603;1329028603;0;0.08979707;-0.02420933;-0.99566585;1.0;1.0;1.0;-0.07176841;0.023427948;-0.004170716;0.00392423;-0.0028722316;-0.0016001672;1.0004607;1.0004711;1.0000001;0.08237332;0.008777574;0.00027839746;0.002987494;-0.00072889606;-8.699256e-05;1;0;1
1329711899;1329523396;1329523396;0;-0.057087217;-0.0029658242;-0.9983648;1.0;1.0;1.0;0.049881827;-0.008301752;-0.0015456676;0.004492726;-0.0023715761;-0.0015031899;1.000461;1.0004708;1.0;0.039792802;0.0011021404;3.8228365e-05;0.0032256881;-0.002252947;-7.084437e-05;1;0;1
1330216538;1330028084;1330028084;0;-0.02693938;0.016138606;-0.99950683;1.0;1.0;1.0;0.031692132;-0.019045625;-0.00047773123;0.005771651;-0.0039729686;-0.0013654489;1.000461;1.0004708;1.0;0.016062856;0.005800981;3.6498118e-06;0.004645228;-0.004230542;-5.5084693e-05;1;0;1
1330721564;1330532771;1330532771;0;-0.023061065;-0.0034410625;-0.99972814;1.0;1.0;1.0;0.034382526;-0.01880454;3.927946e-05;0.00619535;-0.0068119285;-0.0014293769;1.0004609;1.0004704;1.0000002;0.018905817;0.0056550466;2.5213234e-08;0.0063356166;-0.0063304706;-6.758136e-05;1;0;1
1331216838;1331027563;1331027563;0;0.062423073;-0.058242522;-0.9963489;1.0;1.0;1.0;-0.06687095;0.049605664;-0.003603816;0.0070577646;-0.003978541;-0.0017488821;1.0004609;1.0004704;1.0;0.07151462;0.039352737;0.00020780672;0.009483964;-0.0025082943;-0.000105074134;1;0;1
1331720720;1331532251;1331532251;0;0.049572874;0.008911221;-0.9987307;1.0;1.0;1.0;-0.057810467;-0.0020454433;-0.0012120605;0.005176942;-0.0067966725;-0.0016441002;1.0004609;1.0004702;1.0;0.05344817;6.6920344e-05;2.349389e-05;0.004748669;-0.005641862;-8.237892e-05;1;0;1
1332215582;1332027042;1332027042;0;0.01705922;-0.022641016;-0.9995981;1.0;1.0;1.0;-0.017577438;0.024476854;-0.00040006638;0.004116912;-0.0044578793;-0.00152358;1.000461;1.0004699;1.0;0.004941183;0.009581323;2.5608497e-06;0.0036964372;-0.0037213608;-7.0186004e-05;1;0;1
1332720231;1332531730;1332531730;0;-0.033209946;0.039276212;-0.99867636;1.0;1.0;1.0;0.03793258;-0.042149726;-0.0013085008;0.004526984;-0.0041345777;-0.0015759282;1.000461;1.0004698;1.0;0.02301148;0.028412113;2.7387301e-05;0.0018736289;-0.0025974358;-7.4883785e-05;1;0;1
1333215008;1333026521;1333026521;0;0.046239622;0.0071041393;-0.9989051;1.0;1.0;1.0;-0.033606853;-0.0050485833;-0.0010128021;0.0054675573;-0.003727821;-0.001552721;1.000461;1.0004694;1.0000001;0.018062403;0.00040763343;1.6418084e-05;0.00530642;-0.0025004267;-6.897807e-05;1;0;1
1333719664;1333531208;1333531208;0;0.0118692685;0.05489525;-0.9984215;1.0;1.0;1.0;-0.0072949743;-0.046642393;-0.0015338659;0.0078470195;-0.0051687057;-0.0014530593;1.000461;1.0004692;1.0;0.00085107406;0.03479191;3.765269e-05;0.007335217;-0.005096076;-6.1842904e-05;1;0;1
1334214490;1334025999;1334025999;0;-0.029920507;0.03896564;-0.99879247;1.0;1.0;1.0;0.026953533;-0.036167223;-0.0011991858;0.0084659215;-0.0054126107;-0.0014639978;1.000461;1.000469;1.0;0.011618531;0.0209192;2.3008748e-05;0.00637057;-0.005127643;-6.840259e-05;1;0;1
1334719170;1334530686;1334530686;0;0.0013668351;0.030140974;-0.99954474;1.0;1.0;1.0;0.015191458;-0.024637528;-0.00030303;0.0053621065;-0.005695695;-0.0015481429;1.0004611;1.0004686;1.0000001;0.0036907846;0.009707546;1.4686568e-06;0.0038863556;-0.00341101;-9.195989e-05;1;0;1
1335214008;1335025477;1335025477;0;-0.00021162562;0.031226352;-0.9995124;1.0;1.0;1.0;-0.00037649655;-0.032203108;-0.00048696995;0.005150501;-0.0051903254;-0.0015988189;1.0004613;1.0004684;1.0;2.2669485e-06;0.016584875;3.7951645e-06;0.0048845108;-0.0026664739;-8.543516e-05;1;0;1
1335718875;1335530163;1335530163;0;0.04260286;0.043443345;-0.9981472;1.0;1.0;1.0;-0.030817848;-0.031126942;-0.0017071366;0.0039577563;-0.006303082;-0.0016638369;1.0004611;1.0004683;1.0000001;0.015188832;0.0154949995;4.664858e-05;0.006767273;-0.0051506846;-8.789933e-05;1;0;1
1336213431;1336024953;1336024953;0;0.0042430796;0.04134914;-0.99913573;1.0;1.0;1.0;0.0017086002;-0.026224215;-0.00073206425;0.0055890763;-0.004190108;-0.0015217543;1.0004611;1.000468;1.0000001;4.668751e-05;0.010998201;8.577481e-06;0.0069119534;-0.0036845487;-7.27876e-05;1;0;1
1336718329;1336529640;1336529640;0;-0.072502024;0.030651556;-0.9968971;1.0;1.0;1.0;0.07704412;-0.036888156;-0.0030733347;0.007897477;-0.003991022;-0.0015301632;1.0004612;1.0004679;1.0;0.094928965;0.02176139;0.00015110859;0.007590086;-0.0027410279;-6.741636e-05;1;0;1
1337213412;1337024430;1337024430;0;0.013610454;0.0069383844;-0.9998833;1.0;1.0;1.0;-0.028705802;0.010226848;0.00014436245;0.0062072305;-0.0052065877;-0.0016164898;1.0004611;1.0004674;1.0000002;0.013178292;0.0016726115;3.3427474e-07;0.0072714784;-0.0041963495;-8.393799e-05;1;0;1
1337717608;1337529115;1337529115;0;-0.042419124;-0.0021465;-0.99909765;1.0;1.0;1.0;0.05739553;0.00080123113;-0.00078976154;0.005276264;-0.005903965;-0.0016074298;1.0004611;1.0004674;1.0000001;0.052683655;1.0269849e-05;9.967524e-06;0.005342842;-0.005194515;-7.238891e-05;1;0;1
1338212358;1338023905;1338023905;0;0.06365379;-0.0056084115;-0.9979563;1.0;1.0;1.0;-0.053485405;0.0008018492;-0.001980245;0.005845556;-0.0077068866;-0.0013854132;1.0004611;1.0004672;1.0;0.04574992;1.0279772e-05;6.276082e-05;0.005327339;-0.007129557;-5.345444e-05;1;0;1
1338717165;1338528591;1338528591;0;-0.002143664;0.049696177;-0.9987621;1.0;1.0;1.0;0.00567362;-0.050625894;-0.0012313724;0.0082791485;-0.00858196;-0.0016448771;1.0004611;1.000467;1.0;0.00051480206;0.04098854;2.4255749e-05;0.0072090514;-0.011655047;-8.523552e-05;1;0;1
1339221756;1339033276;1339033276;0;0.0119948005;-0.0065775556;-0.99990636;1.0;1.0;1.0;0.011735528;0.014374532;0.000218153;0.0061246976;-0.0065259505;-0.0015318668;1.0004609;1.0004668;1.0000002;0.0022025467;0.003304502;7.631168e-07;0.007249174;-0.00717035;-8.5327796e-05;1;0;1
1339716555;1339528066;1339528066;0;0.05273098;0.06846714;-0.99625885;1.0;1.0;1.0;-0.046904866;-0.06857478;-0.0037240386;0.0073198294;-0.0075899693;-0.0016235447;1.0004611;1.0004666;1.0;0.035184838;0.07520511;0.00022190962;0.00937565;-0.008038173;-7.903526e-05;1;0;1
1340211314;1340022855;1340022855;0;0.0014117461;0.007419001;-0.99997145;1.0;1.0;1.0;-0.0010075642;-0.011138415;-2.1517277e-05;0.007642956;-0.0054593505;-0.0014666244;1.000461;1.0004665;1.0;1.6235486e-05;0.0019841038;7.448989e-09;0.0070200283;-0.0048324196;-6.270678e-05;1;0;1
1340716099;1340527540;1340527540;0;-0.037254218;0.001785576;-0.9993043;1.0;1.0;1.0;0.03718863;0.0039225398;-0.00067943335;0.0067817583;-0.0050449534;-0.0015851808;1.000461;1.0004663;1.0;0.022117712;0.00024607446;7.3847787e-06;0.0044710627;-0.0032483942;-7.534952e-05;1;0;1
1341220709;1341032225;1341032225;0;0.08673516;-0.046747714;-0.995134;1.0;1.0;1.0;-0.07597055;0.040967315;-0.0047909617;0.008279216;-0.004785775;-0.0016089203;1.0004607;1.0004661;1.0;0.09230187;0.026840458;0.000367317;0.00824183;-0.004179968;-7.359506e-05;1;0;1
1341715475;1341527014;1341527014;0;0.0006074864;0.050608337;-0.9987184;1.0;1.0;1.0;-0.0013833676;-0.0561795;-0.0012660027;0.008357673;-0.0068420283;-0.0018795406;1.0004607;1.0004659;1.0;3.060519e-05;0.050474666;2.5634545e-05;0.012879929;-0.005181278;-0.000115480776;1;0;1
1342220628;1342031699;1342031699;0;-0.019205792;-0.03862462;-0.99906915;1.0;1.0;1.0;0.017017543;0.025841098;-0.00084656477;0.007370654;-0.0040055523;-0.0017388276;1.0004609;1.0004656;1.0000001;0.004631414;0.01067925;1.1469979e-05;0.010601414;-0.0040418534;-8.958092e-05;1;0;1
1342715537;1342526487;1342526487;0;-0.045644436;0.0004295106;-0.99895763;1.0;1.0;1.0;0.0380469;0.004739082;-0.0010000467;0.008089305;-0.0060485187;-0.001474459;1.0004607;1.0004655;1.0;0.023150401;0.00035918428;1.600531e-05;0.009613616;-0.0050373077;-6.4531894e-05;1;0;1
1343219692;1343031172;1343031172;0;0.003306262;0.02093454;-0.99977535;1.0;1.0;1.0;0.011289153;-0.014316715;-9.62615e-05;0.007562128;-0.0078118765;-0.0015116532;1.0004606;1.0004653;1.0000001;0.0020381808;0.0032779598;1.4807686e-07;0.006946079;-0.0066912365;-6.304073e-05;1;0;1
1343714775;1343525960;1343525960;0;-0.035268053;-0.07056789;-0.9968834;1.0;1.0;1.0;0.033562984;0.068628445;-0.0031131506;0.009047949;-0.006103103;-0.0014964653;1.0004607;1.0004652;1.0;0.018015282;0.07532289;0.00015507918;0.008995743;-0.004294337;-6.99769e-05;1;0;1
1344219227;1344030644;1344030644;0;0.025834227;0.015561806;-0.9995451;1.0;1.0;1.0;-0.023720147;0.007276291;-0.00019186735;0.0070174206;-0.0071123713;-0.0014227814;1.0004607;1.0004647;1.0000002;0.00899818;0.0008467089;5.890092e-07;0.008361843;-0.0053859022;-6.877284e-05;1;0;1
1344713987;1344525432;1344525432;0;-0.044023205;-0.014302991;-0.99892807;1.0;1.0;1.0;0.051080424;0.0092507545;-0.0010344386;0.00756066;-0.006235737;-0.001351485;1.0004607;1.0004648;1.0;0.04172813;0.0013686098;1.7115093e-05;0.0069113984;-0.004060641;-5.6875415e-05;1;0;1
1345218610;1345030117;1345030117;0;0.0427811;-0.0031520335;-0.9990795;1.0;1.0;1.0;-0.0462149;0.003912908;-0.00091439486;0.008392449;-0.0050226585;-0.0013015526;1.0004606;1.0004647;1.0;0.03415734;0.00024485178;1.33744e-05;0.009308294;-0.0048747454;-5.089617e-05;1;0;1
1345713359;1345524904;1345524904;0;0.076147385;0.0046153576;-0.9970858;1.0;1.0;1.0;-0.065681234;-0.005668792;-0.0028585792;0.005720453;-0.005250728;-0.0013807395;1.0004605;1.0004646;1.0;0.06899262;0.0005139409;0.00013077086;0.005662691;-0.0047178743;-5.7058416e-05;1;0;1
1346218153;1346029587;1346029587;0;-0.032393157;-0.05858815;-0.99775654;1.0;1.0;1.0;0.035474204;0.05213627;-0.0022177696;0.006789844;-0.004819609;-0.0014193587;1.0004606;1.0004643;1.0;0.020125436;0.043470945;7.870873e-05;0.006466302;-0.0038143222;-5.4700442e-05;1;0;1
1346712934;1346524375;1346524375;0;0.013793126;-0.029156638;-0.9994797;1.0;1.0;1.0;-0.011342286;0.025983125;-0.0005121827;0.006318513;-0.0049594906;-0.001502605;1.0004606;1.0004642;1.0;0.0020574117;0.010796938;4.198275e-06;0.005382697;-0.0032681567;-6.719195e-05;1;0;1
1347217758;1347029058;1347029058;0;0.04159138;0.038535807;-0.9983913;1.0;1.0;1.0;-0.04291161;-0.0443178;-0.0015912652;0.008318568;-0.0077822395;-0.0014392879;1.0004605;1.000464;1.0;0.029448941;0.03141059;4.0504896e-05;0.008252544;-0.0052969153;-6.560246e-05;1;0;1
1347712297;1347523845;1347523845;0;0.03590758;0.026185703;-0.99901193;1.0;1.0;1.0;-0.022022903;-0.039388597;-0.0008046031;0.00688629;-0.0068623647;-0.0011365443;1.0004604;1.0004637;1.0000001;0.007756561;0.024811918;1.0355108e-05;0.0055821957;-0.007185267;-4.0292525e-05;1;0;1
1348217301;1348028528;1348028528;0;-0.041145675;0.013457647;-0.99906254;1.0;1.0;1.0;0.048111204;-0.016543608;-0.0009086132;0.006632454;-0.0061065834;-0.0012429487;1.0004604;1.0004636;1.0;0.037017964;0.00437699;1.3204049e-05;0.005349626;-0.005079095;-5.2658324e-05;1;0;1
1348721707;1348533211;1348533211;0;0.06388287;0.0028650265;-0.99795336;1.0;1.0;1.0;-0.05313492;-0.0011765175;-0.0019872785;0.0058178334;-0.004671291;-0.0014805553;1.0004604;1.0004635;1.0;0.045152325;2.2139599e-05;6.320357e-05;0.007789415;-0.0035252688;-8.261167e-05;1;0;1
1349216483;1349027998;1349027998;0;0.040120237;0.044915184;-0.9981848;1.0;1.0;1.0;-0.03867315;-0.03860816;-0.0017941594;0.005954997;-0.005582361;-0.0015493373;1.0004604;1.0004632;1.0;0.02391879;0.023838466;5.151097e-05;0.007220743;-0.0045135724;-8.288109e-05;1;0;1
1349721268;1349532680;1349532680;0;0.06226968;0.049091887;-0.9968514;1.0;1.0;1.0;-0.03826341;-0.045149915;-0.0028520823;0.0071324725;-0.0076440237;-0.001469874;1.0004603;1.0004631;1.0000002;0.02341464;0.03260122;0.00013019891;0.008550284;-0.007094677;-7.373706e-05;1;0;1
1350216011;1350027467;1350027467;0;0.02721041;-0.023023956;-0.99936455;1.0;1.0;1.0;-0.024219435;0.031222869;-0.00059741735;0.0054338602;-0.0051352945;-0.0014605048;1.0004604;1.000463;1.0;0.009380978;0.015590629;5.71052e-06;0.0064961645;-0.0054186876;-7.118903e-05;1;0;1
1350720608;1350532149;1350532149;0;-0.049943164;0.04221616;-0.9978594;1.0;1.0;1.0;0.04536574;-0.040224288;-0.002128005;0.009587978;-0.004434029;-0.0015351434;1.0004604;1.0004628;1.0;0.03291365;0.025875827;7.246666e-05;0.009075697;-0.0026723973;-7.334157e-05;1;0;1
1351215421;1351026936;1351026936;0;-0.024823904;0.021917434;-0.9994516;1.0;1.0;1.0;0.040341366;-0.025861837;-0.00042057037;0.006662977;-0.0043308726;-0.0014429758;1.0004603;1.0004627;1.0000001;0.026026834;0.010696352;2.8260613e-06;0.00644501;-0.003052763;-6.342569e-05;1;0;1
1351720156;1351531618;1351531618;0;0.014293815;-0.017846193;-0.9997386;1.0;1.0;1.0;-0.012219511;0.012936821;-0.00024724007;0.005799919;-0.0041151657;-0.001589758;1.0004605;1.0004625;1.0;0.0023879635;0.0026765359;9.780424e-07;0.007170788;-0.0033671493;-7.162407e-05;1;0;1
1352214957;1352026404;1352026404;0;-0.013293573;-0.030608928;-0.99944305;1.0;1.0;1.0;0.025573675;0.03640039;-0.00046497583;0.007041874;-0.007974568;-0.0015573162;1.0004604;1.0004623;1.0000001;0.0104593905;0.02119006;3.4565799e-06;0.0053565004;-0.008511412;-7.695547e-05;1;0;1
1352719565;1352531086;1352531086;0;-0.008692394;-0.034715258;-0.9993594;1.0;1.0;1.0;0.014615011;0.028671628;-0.0006047487;0.007786193;-0.0060133925;-0.0013007775;1.0004604;1.0004622;1.0;0.0034160041;0.0131469425;5.851536e-06;0.0051685115;-0.008086123;-5.456254e-05;1;0;1
1353214344;1353025872;1353025872;0;0.04401778;-0.017123835;-0.99888396;1.0;1.0;1.0;-0.046825428;0.0063110664;-0.0010536909;0.0065410296;-0.0074322303;-0.0014364946;1.0004603;1.000462;1.0;0.035065793;0.00063696434;1.7762222e-05;0.0059710965;-0.008179063;-5.8227655e-05;1;0;1
1353719919;1353530553;1353530553;0;0.010386922;0.052739736;-0.9985543;1.0;1.0;1.0;-0.0017976817;-0.044823024;-0.0013772845;0.00577222;-0.008921858;-0.0015039659;1.0004604;1.0004619;1.0;5.1682757e-05;0.03213082;3.0361112e-05;0.0039029664;-0.009516234;-6.792832e-05;1;0;1
1354214416;1354025339;1354025339;0;0.062721245;0.0072820443;-0.99800444;1.0;1.0;1.0;-0.04041233;-0.0037896277;-0.0017402172;0.008548088;-0.00712742;-0.0015013508;1.0004601;1.0004617;1.0000002;0.026118483;0.00022968206;4.8476923e-05;0.007290448;-0.0066548893;-7.129148e-05;1;0;1
1354718645;1354530020;1354530020;0;0.031097032;0.07922469;-0.99637157;1.0;1.0;1.0;-0.0201247;-0.08404656;-0.0035567284;0.0108961975;-0.0077630887;-0.0015771277;1.0004604;1.0004617;1.0;0.0064770747;0.11296911;0.00020239828;0.01184415;-0.0053548464;-9.5990166e-05;1;0;1
1355213749;1355024805;1355024805;0;0.048246972;0.03900398;-0.9980735;1.0;1.0;1.0;-0.050262563;-0.040772423;-0.0019230247;0.011356853;-0.0076151798;-0.0016466917;1.0004604;1.0004616;1.0;0.040402602;0.02658609;5.9161044e-05;0.012670724;-0.0059939856;-8.863848e-05;1;0;1
1355718089;1355529486;1355529486;0;-0.04736419;0.013784019;-0.9987826;1.0;1.0;1.0;0.04469004;-0.019006483;-0.0012001991;0.008188072;-0.00701774;-0.0016371326;1.0004604;1.0004615;1.0;0.03194049;0.0057772314;2.3049937e-05;0.009514514;-0.0059179002;-8.1197824e-05;1;0;1
1356222680;1356034167;1356034167;0;-0.014324373;-0.044022165;-0.9989279;1.0;1.0;1.0;0.016943322;0.0229632;-0.000846684;0.0063473787;-0.0062358878;-0.0013395336;1.0004603;1.0004612;1.0000002;0.0045911055;0.008433066;1.1478053e-05;0.003789266;-0.005089926;-6.684036e-05;1;0;1
1356717494;1356528952;1356528952;0;0.014236591;0.08597892;-0.99619526;1.0;1.0;1.0;-0.01660471;-0.06969636;-0.0036688447;0.008132669;-0.009191162;-0.0014336036;1.0004603;1.0004611;1.0000001;0.0044094333;0.07768555;0.0002154367;0.0056658396;-0.008449399;-6.5287655e-05;1;0;1
1357212310;1357023738;1357023738;0;0.047043797;-0.032328896;-0.9983695;1.0;1.0;1.0;-0.018936403;0.025538549;-0.0012120008;0.007972257;-0.006167006;-0.0013914466;1.00046;1.0004611;1.0000005;0.00573476;0.0104306415;2.3514685e-05;0.008468772;-0.006194783;-5.567952e-05;1;0;1
1357716981;1357528417;1357528417;0;-0.057219144;0.025152668;-0.9980447;1.0;1.0;1.0;0.064806454;-0.03421318;-0.0018857718;0.009626483;-0.009018534;-0.0015396205;1.0004604;1.0004609;1.0;0.0671671;0.01871991;5.688018e-05;0.008175483;-0.007000852;-7.1705945e-05;1;0;1
1358211655;1358023202;1358023202;0;-0.0059734536;0.07478806;-0.9971815;1.0;1.0;1.0;0.0064011533;-0.08005395;-0.0028048158;0.0075981608;-0.009252222;-0.0016127102;1.0004605;1.0004606;1.0;0.00065529445;0.10249091;0.00012585046;0.005628936;-0.009984324;-7.499289e-05;1;0;1
1358716357;1358527882;1358527882;0;-0.02096408;-0.03710631;-0.9990914;1.0;1.0;1.0;0.023843419;0.039826546;-0.0009008646;0.0073067644;-0.0056854757;-0.0013843429;1.0004604;1.0004606;1.0;0.009091953;0.025366833;1.2981476e-05;0.0054274304;-0.0069987364;-6.2106454e-05;1;0;1
1359221334;1359032562;1359032562;0;0.06422425;0.03517874;-0.99731517;1.0;1.0;1.0;-0.04871553;-0.038484365;-0.0025588274;0.0065910504;-0.010046324;-0.001336068;1.0004604;1.0004605;1.0000001;0.037953775;0.023685949;0.00010478107;0.0064625684;-0.008021981;-5.3504347e-05;1;0;1
1359715869;1359527346;1359527346;0;-0.023422403;-0.0003341323;-0.99972564;1.0;1.0;1.0;0.031855706;-0.012746341;-0.00015348196;0.008058712;-0.006351823;-0.0012302499;1.0004605;1.0004603;1.0000001;0.016229102;0.0025982854;3.7602962e-07;0.0066763936;-0.0044879173;-4.7480808e-05;1;0;1
1360220791;1360032026;1360032026;0;-0.0153127555;-0.013308873;-0.9997942;1.0;1.0;1.0;0.000956635;0.015037172;-0.000101327896;0.008422301;-0.008053817;-0.0013148682;1.0004603;1.0004603;1.0000001;1.46356715e-05;0.0036162008;1.6408426e-07;0.007809553;-0.007164045;-5.5550638e-05;1;0;1
1360715275;1360526810;1360526810;0;0.009542087;0.007210826;-0.9999285;1.0;1.0;1.0;-0.0049028858;0.004373226;6.2584877e-06;0.005103962;-0.008078421;-0.001558527;1.0004605;1.00046;1.0;0.00038443558;0.00030585952;6.266987e-10;0.0053656837;-0.00499231;-7.991122e-05;1;0;1
1361219945;1361031489;1361031489;0;-0.016152699;0.024923861;-0.99955887;1.0;1.0;1.0;0.02962013;-0.03318911;-0.00031661987;0.0064151157;-0.008978568;-0.0015212422;1.0004604;1.00046;1.0000001;0.014031174;0.017616104;1.6015554e-06;0.0073436056;-0.007700674;-7.328647e-05;1;0;1
1361715140;1361526273;1361526273;0;0.007933159;0.031036135;-0.99948674;1.0;1.0;1.0;-0.0039779865;-0.026986104;-0.00049716234;0.0074523212;-0.010168294;-0.0013764757;1.0004605;1.0004599;1.0;0.0002530735;0.011646647;3.956623e-06;0.0066905897;-0.0075732158;-5.6866553e-05;1;0;1
1362219476;1362030952;1362030952;0;0.028143296;0.055472903;-0.99806345;1.0;1.0;1.0;-0.012062542;-0.05210159;-0.0018013716;0.008095395;-0.012637616;-0.0015365853;1.0004604;1.0004599;1.0000001;0.0023270075;0.043413285;5.1929335e-05;0.0075368467;-0.0133005595;-7.6154865e-05;1;0;1
1362714203;1362525736;1362525736;0;-0.03641069;0.010205536;-0.9992848;1.0;1.0;1.0;0.03687016;-0.021051746;-0.00065636635;0.008439771;-0.008343422;-0.0012998846;1.0004605;1.0004597;1.0;0.021740526;0.0070875045;6.8918166e-06;0.007302921;-0.006738533;-5.978149e-05;1;0;1
1363218909;1363030415;1363030415;0;0.006946546;0.032351453;-0.9994525;1.0;1.0;1.0;-8.799834e-05;-0.02587519;-0.000502944;0.00781781;-0.009534334;-0.001281445;1.0004605;1.0004597;1.0;1.238423e-07;0.0107074855;4.0491614e-06;0.00516195;-0.009663422;-5.9491394e-05;1;0;1
1363713747;1363525198;1363525198;0;0.005829046;0.04618387;-0.998916;1.0;1.0;1.0;0.014124222;-0.042594038;-0.00087851286;0.008169673;-0.0075564515;-0.0011880588;1.0004604;1.0004596;1.0000002;0.0031904294;0.029014654;1.23502305e-05;0.0061863996;-0.0068646665;-4.438663e-05;1;0;1
1364218359;1364029877;1364029877;0;-0.02637298;0.024964778;-0.9993404;1.0;1.0;1.0;0.03772241;-0.03867369;-0.0005016923;0.008806598;-0.00841357;-0.0012002857;1.0004605;1.0004594;1.0000001;0.022757202;0.02391937;4.0194705e-06;0.00648497;-0.010032442;-4.3510456e-05;1;0;1
1364713131;1364524660;1364524660;0;0.034600146;0.03383179;-0.9988284;1.0;1.0;1.0;-0.021736704;-0.029857682;-0.001080811;0.0075577125;-0.008155253;-0.0013322224;1.0004605;1.0004594;1.0000001;0.007556269;0.014257197;1.8696623e-05;0.00676674;-0.007528884;-5.9056856e-05;1;0;1
1365217832;1365029338;1365029338;0;0.012799193;-0.013306541;-0.99982953;1.0;1.0;1.0;-0.0013418328;0.02140908;-7.2062016e-05;0.0078000794;-0.008100374;-0.0014394618;1.0004606;1.0004592;1.0000001;2.879498e-05;0.0073302104;8.308694e-08;0.006929827;-0.0065668714;-6.1123326e-05;1;0;1
1365712592;1365524121;1365524121;0;-0.020651039;0.021896932;-0.99954695;1.0;1.0;1.0;0.023057798;-0.0273415;-0.00043541193;0.007213653;-0.0071237898;-0.0013643904;1.0004606;1.0004592;1.0;0.008502676;0.011955384;3.0333367e-06;0.007641843;-0.00593543;-4.9899547e-05;1;0;1
1366217614;1366028799;1366028799;0;-0.034701478;-0.064771645;-0.9972966;1.0;1.0;1.0;0.038938873;0.027407825;-0.001995802;0.007844044;-0.008685582;-0.0014677646;1.0004607;1.0004584;1.0000006;0.0242486;0.0120135965;6.375822e-05;0.0066284835;-0.008837276;-6.885472e-05;1;0;1
1366722336;1366533477;1366533477;0;-0.0024622488;-0.04392003;-0.9990321;1.0;1.0;1.0;0.0076541537;0.025570748;-0.00078588724;0.0069300644;-0.008988989;-0.0015613801;1.0004609;1.0004587;1.0000001;0.0009369453;0.010457029;9.887896e-06;0.005281181;-0.010007866;-7.104404e-05;1;0;1
1367216713;1367028260;1367028260;0;-0.049300972;0.035810113;-0.99814177;1.0;1.0;1.0;0.056993447;-0.041612938;-0.0018120408;0.0076562176;-0.009265787;-0.0014226021;1.0004609;1.0004587;1.0;0.051948108;0.027693294;5.251859e-05;0.0055804364;-0.009225484;-5.756221e-05;1;0;1
1367711540;1367523042;1367523042;0;0.009010114;-0.005299563;-0.9999454;1.0;1.0;1.0;-0.0021209195;0.017887136;4.8220158e-05;0.007307999;-0.008487871;-0.0014374142;1.0004609;1.0004586;1.0000001;7.193964e-05;0.0051168445;3.7479364e-08;0.007218733;-0.008599499;-6.5350214e-05;1;0;1
1368216551;1368027720;1368027720;0;-0.0063403957;0.09589795;-0.99537104;1.0;1.0;1.0;0.012035247;-0.08557749;-0.0045590997;0.0072420123;-0.00986993;-0.0014904652;1.000461;1.0004585;1.0;0.002316487;0.11712232;0.0003326271;0.0054683457;-0.008248472;-6.859895e-05;1;0;1
1368720864;1368532397;1368532397;0;0.027477436;0.08746795;-0.9957883;1.0;1.0;1.0;-0.023448586;-0.08398961;-0.004197359;0.009485748;-0.008996429;-0.0016516203;1.0004611;1.0004584;1.0;0.008793324;0.112816535;0.0002819092;0.010735706;-0.008823363;-8.40197e-05;1;0;1
1369215680;1369027179;1369027179;0;-0.035600208;-0.03628391;-0.99870723;1.0;1.0;1.0;0.04089924;0.03619742;-0.0012788773;0.008950148;-0.00941326;-0.0014992246;1.0004611;1.0004582;1.0;0.02675163;0.020954575;2.6158676e-05;0.008459044;-0.009746045;-7.363747e-05;1;0;1
1369720309;1369531857;1369531857;0;-0.035466827;-0.009379114;-0.9993268;1.0;1.0;1.0;0.03343016;-0.004147025;-0.00057965517;0.0077265985;-0.011330665;-0.0016053733;1.0004612;1.0004581;1.0000001;0.017872965;0.0002750278;5.3760014e-06;0.006021122;-0.010983566;-7.521911e-05;1;0;1
1370215157;1370026638;1370026638;0;-0.040945057;0.008815372;-0.9991225;1.0;1.0;1.0;0.040762827;-0.0038105506;-0.0008649826;0.007792916;-0.010104516;-0.0018382744;1.0004611;1.0004581;1.0;0.026573475;0.00023220523;1.1969469e-05;0.0055864397;-0.008816962;-0.00011039636;1;0;1
1370719773;1370531316;1370531316;0;-0.008934158;0.06306178;-0.9979696;1.0;1.0;1.0;0.012317316;-0.06245537;-0.0020244122;0.0073233414;-0.008570423;-0.0016643112;1.0004613;1.000458;1.0;0.0024263407;0.062382136;6.5575776e-05;0.005265537;-0.008561477;-9.285961e-05;1;0;1
1371214578;1371026097;1371026097;0;-0.022802709;0.01927689;-0.99955416;1.0;1.0;1.0;0.029972797;-0.028456546;-0.00037831068;0.005369878;-0.008566928;-0.0016365035;1.0004613;1.0004579;1.0;0.014367269;0.012950396;2.286297e-06;0.002511329;-0.007252994;-8.4525695e-05;1;0;1
1371719394;1371530774;1371530774;0;-0.018909188;-0.019114887;-0.99963844;1.0;1.0;1.0;0.02723045;0.00047889538;-0.00015342236;0.007882404;-0.007282624;-0.0013436353;1.0004613;1.0004578;1.0000001;0.011858488;3.6689435e-06;3.7573727e-07;0.005477852;-0.006979972;-5.6721914e-05;1;0;1
1372214293;1372025556;1372025556;0;0.045406535;0.05725494;-0.9973265;1.0;1.0;1.0;-0.033786412;-0.04961898;-0.00257653;0.00665236;-0.011287234;-0.0014903807;1.0004612;1.0004579;1.0000001;0.018255927;0.03937481;0.000106245585;0.0048243147;-0.008563148;-7.301557e-05;1;0;1
1372718720;1372530232;1372530232;0;-0.021070063;-0.07073692;-0.99727243;1.0;1.0;1.0;0.031326227;0.051011622;-0.0024800897;0.0072720055;-0.008678849;-0.0013599372;1.0004613;1.0004578;1.0000002;0.01569408;0.041616064;9.8432414e-05;0.0052947183;-0.0049542696;-6.980386e-05;1;0;1
1373213527;1373025013;1373025013;0;0.009328418;0.09850745;-0.9950926;1.0;1.0;1.0;-0.010692045;-0.08770693;-0.004847765;0.0066483654;-0.010628085;-0.0014048642;1.0004612;1.0004579;1.0;0.0018282741;0.123023845;0.00037607792;0.006101292;-0.009499183;-6.8052184e-05;1;0;1
1373721863;1373529690;1373529690;0;-0.047022536;0.077849954;-0.99585557;1.0;1.0;1.0;0.052383717;-0.054267548;-0.0038514733;0.007440367;-0.009089638;-0.0014592992;1.0004612;1.0004576;1.0000002;0.04388462;0.047097642;0.00023740761;0.0060072173;-0.006482671;-6.622623e-05;1;0;1
1374222845;1374034366;1374034366;0;0.0625351;-0.016798299;-0.99790144;1.0;1.0;1.0;-0.039645366;0.028933413;-0.0017626286;0.006953914;-0.007607794;-0.0013586996;1.0004612;1.0004576;1.0000002;0.025136488;0.013388048;4.972319e-05;0.0070889723;-0.0070257518;-5.2629453e-05;1;0;1
1374717878;1374529147;1374529147;0;0.002702463;-0.021091193;-0.9997739;1.0;1.0;1.0;0.0037382739;0.013471363;-0.00017625093;0.0071731745;-0.007261922;-0.0014522955;1.0004616;1.0004575;1.0;0.00022349191;0.0029023183;4.9770284e-07;0.007985203;-0.0050245333;-5.7723875e-05;1;0;1
1375212428;1375023927;1375023927;0;-0.005636866;-0.05223087;-0.99861914;1.0;1.0;1.0;0.033214863;0.028369728;-0.0007158518;0.0067446996;-0.007956044;-0.0016469354;1.0004612;1.0004574;1.0000006;0.017643496;0.012871674;8.196365e-06;0.005881058;-0.0043192897;-0.00010448148;1;0;1
1375717156;1375528604;1375528604;0;-0.00038146862;-0.011358103;-0.99993545;1.0;1.0;1.0;0.00019192156;0.00455341;-4.1425228e-05;0.008613292;-0.008146428;-0.0015432826;1.0004615;1.0004578;1.0;5.8907034e-07;0.00033158506;2.7456792e-08;0.007891427;-0.0036196024;-8.4741725e-05;1;0;1
1376221728;1376033280;1376033280;0;-0.011027279;0.02816275;-0.9995425;1.0;1.0;1.0;0.015616266;-0.021310106;-0.0004234314;0.008788139;-0.009112559;-0.0014500249;1.0004616;1.0004576;1.0;0.003900084;0.007262573;2.8703219e-06;0.0075448127;-0.007004779;-6.986533e-05;1;0;1
1376716508;1376528060;1376528060;0;-0.043230787;0.010380581;-0.9990112;1.0;1.0;1.0;0.044678055;-0.024195168;-0.00089257956;0.008636337;-0.010053918;-0.0011887897;1.0004615;1.0004576;1.0000001;0.031923328;0.009362103;1.2738659e-05;0.006124887;-0.008854368;-4.7394158e-05;1;0;1
1377221746;1377032736;1377032736;0;0.0052809543;-0.029378599;-0.9995544;1.0;1.0;1.0;-0.0039318083;0.028257782;-0.000443995;0.007807564;-0.008968079;-0.0012656804;1.0004616;1.0004575;1.0;0.00024723174;0.012770181;3.1557988e-06;0.0076286155;-0.007786016;-5.436097e-05;1;0;1
1377716500;1377527516;1377527516;0;0.017554471;0.0032430321;-0.9998407;1.0;1.0;1.0;-0.016398733;-5.1380135e-05;-0.00015348196;0.007277253;-0.010438198;-0.0013495821;1.0004617;1.0004575;1.0;0.00430071;4.230743e-08;3.769074e-07;0.007030894;-0.007845137;-6.0534097e-05;1;0;1
1378220685;1378032191;1378032191;0;-0.07318608;-0.033770967;-0.9967464;1.0;1.0;1.0;0.06960916;0.01306436;-0.0030326247;0.00996815;-0.010060913;-0.0014244211;1.0004617;1.0004572;1.0000002;0.07749118;0.0027296864;0.00014716055;0.009433269;-0.007825821;-5.9899772e-05;1;0;1
1378715478;1378526971;1378526971;0;0.03812659;-0.006073337;-0.9992545;1.0;1.0;1.0;-0.047544006;0.008048037;-0.0006994605;0.008611917;-0.010228497;-0.0015520852;1.0004616;1.0004574;1.0;0.036150236;0.0010358193;7.821251e-06;0.008263776;-0.0093291905;-7.0230155e-05;1;0;1
1379220308;1379031646;1379031646;0;0.016516179;0.04898983;-0.9986627;1.0;1.0;1.0;0.0017646141;-0.0389645;-0.0011197329;0.009193311;-0.010908885;-0.001501733;1.0004616;1.0004572;1.0000002;4.9798826e-05;0.024280606;2.0069365e-05;0.00967296;-0.009255457;-6.691723e-05;1;0;1
1379714997;1379526426;1379526426;0;0.054081902;-0.04467451;-0.99753666;1.0;1.0;1.0;-0.051195037;0.02552943;-0.0022755861;0.0065888516;-0.0068508945;-0.0013348041;1.0004618;1.000457;1.0000001;0.04191555;0.010423123;8.287003e-05;0.006243604;-0.004671921;-6.248675e-05;1;0;1
1380219555;1380031101;1380031101;0;-0.016912857;-0.06843824;-0.997512;1.0;1.0;1.0;0.030857906;0.06804867;-0.002390921;0.008121266;-0.007217909;-0.0012775587;1.0004618;1.0004573;1.0000001;0.015228333;0.07405631;9.1445814e-05;0.0064846827;-0.0059850295;-4.830608e-05;1;0;1
1380714366;1380525881;1380525881;0;0.06370118;0.048699215;-0.99678004;1.0;1.0;1.0;-0.049197197;-0.05430132;-0.0030989647;0.006981216;-0.01258208;-0.001452978;1.0004618;1.000457;1.0000001;0.03870795;0.047156874;0.0001536632;0.006973734;-0.011178979;-6.0612867e-05;1;0;1
1381219436;1381030556;1381030556;0;-0.09266733;-0.0130958725;-0.99561095;1.0;1.0;1.0;0.0929385;0.0010028118;-0.0043159127;0.008675796;-0.008432665;-0.0012825176;1.0004619;1.000457;1.0000001;0.13813722;1.6093061e-05;0.0002980336;0.009070346;-0.0073124142;-5.053014e-05;1;0;1
1381713891;1381525335;1381525335;0;-0.020307055;0.055890974;-0.99823034;1.0;1.0;1.0;0.026856929;-0.05623959;-0.0017482042;0.0053156517;-0.011028496;-0.001310577;1.0004619;1.000457;1.0;0.011535386;0.05058298;4.889949e-05;0.0039090673;-0.010372988;-5.2204992e-05;1;0;1
1382218494;1382030009;1382030009;0;-0.015291161;0.03215095;-0.999366;1.0;1.0;1.0;0.02141428;-0.025569707;-0.00059360266;0.0068563092;-0.011504521;-0.0013933022;1.000462;1.0004569;1.0;0.0073337536;0.010456117;5.638958e-06;0.005728847;-0.0086298175;-6.270713e-05;1;0;1
1382713480;1382524791;1382524791;0;0.00693649;-0.05951532;-0.9982033;1.0;1.0;1.0;-0.006814345;0.051228646;-0.0017621517;0.0074853604;-0.010056438;-0.0014499273;1.0004622;1.0004569;1.0;0.00074262155;0.04197077;4.9696304e-05;0.0061088135;-0.009525548;-6.142255e-05;1;0;1
1383218179;1383029463;1383029463;0;0.04728455;0.009600035;-0.9988353;1.0;1.0;1.0;-0.03437249;0.0018963665;-0.0010150671;0.002945939;-0.012128802;-0.0018449621;1.0004622;1.0004567;1.0000001;0.018894756;5.7505684e-05;1.648965e-05;0.00076550397;-0.011097944;-0.00012290373;1;0;1
1383712944;1383524242;1383524242;0;0.05197606;0.071453266;-0.9960888;1.0;1.0;1.0;-0.027015967;-0.06750742;-0.0035914183;0.0071000066;-0.009628512;-0.0016455796;1.000462;1.0004566;1.0000002;0.011672406;0.07288297;0.00020642733;0.0073353024;-0.00883506;-8.621893e-05;1;0;1
1384217364;1384028916;1384028916;0;-0.032840855;0.005902494;-0.9994432;1.0;1.0;1.0;0.035698168;-0.004964186;-0.00055229664;0.010354793;-0.0103436215;-0.001560651;1.0004625;1.0004563;1.0;0.02038032;0.0003940909;4.8815587e-06;0.007046802;-0.011182206;-7.281022e-05;1;0;1
1384722354;1384533590;1384533590;0;0.039242636;-0.020581845;-0.9990177;1.0;1.0;1.0;-0.03983338;0.014816688;-0.00096553564;0.006251729;-0.009259513;-0.0013403714;1.0004625;1.0004563;1.0;0.025375437;0.003510879;1.4916145e-05;0.0037177268;-0.008455438;-5.530671e-05;1;0;1
1385216935;1385028369;1385028369;0;-0.072487466;-0.039460897;-0.99658847;1.0;1.0;1.0;0.07055452;0.021840567;-0.0032541752;0.007635796;-0.0064812894;-0.0013672764;1.0004627;1.0004562;1.0000001;0.07961021;0.0076288558;0.00016946552;0.006614539;-0.006317578;-6.0797032e-05;1;0;1
1385711698;1385523147;1385523147;0;-0.08251681;-0.0005357575;-0.9965895;1.0;1.0;1.0;0.097992174;-0.004573812;-0.0032783747;0.007893628;-0.010952399;-0.0013386025;1.0004625;1.0004562;1.0000001;0.15356843;0.00033451247;0.00017189505;0.0070247934;-0.009055074;-5.811111e-05;1;0;1
1386216548;1386027821;1386027821;0;-0.019008573;0.018870648;-0.9996413;1.0;1.0;1.0;0.024542741;-0.029410958;-0.00028800964;0.008326708;-0.008136889;-0.0013229782;1.0004627;1.0004561;1.0;0.009633082;0.013833677;1.3260944e-06;0.0048415046;-0.0069553773;-5.5125798e-05;1;0;1
1386721085;1386532495;1386532495;0;-0.027790941;-0.027563006;-0.99923366;1.0;1.0;1.0;0.030780181;0.020563642;-0.00073730946;0.0068549034;-0.008965135;-0.0013595695;1.0004627;1.0004561;1.0;0.015151703;0.0067628026;8.6980035e-06;0.0044411016;-0.009366142;-6.498711e-05;1;0;1
1387215815;1387027273;1387027273;0;-0.013984821;-0.04064503;-0.9990758;1.0;1.0;1.0;0.013218547;0.013236916;-0.0005480647;0.0063153575;-0.010078971;-0.0012615003;1.0004629;1.0004556;1.0000004;0.0027943864;0.0028021962;4.8101792e-06;0.0047341534;-0.009041086;-4.7955382e-05;1;0;1
1387720417;1387531946;1387531946;0;-0.05829398;0.043937746;-0.9973321;1.0;1.0;1.0;0.056130078;-0.050814703;-0.0026419759;0.0077222073;-0.009921321;-0.0012936948;1.0004629;1.0004557;1.0;0.050386045;0.041294996;0.00011167051;0.0055567496;-0.008266442;-5.231238e-05;1;0;1
1388215211;1388026724;1388026724;0;0.0010531594;-0.011663756;-0.99993145;1.0;1.0;1.0;0.022498358;0.0073164273;0.00021803379;0.006932377;-0.010571899;-0.0011471665;1.0004628;1.0004557;1.0000002;0.008095072;0.000856111;7.627003e-07;0.0055750236;-0.00878271;-4.4754535e-05;1;0;1
1388720462;1388531397;1388531397;0;0.00411518;0.004547062;-0.99998116;1.0;1.0;1.0;-0.010404546;-0.010835791;2.0682812e-05;0.009311695;-0.010595802;-0.0014415672;1.0004631;1.0004557;1.0;0.0017312714;0.0018777864;6.8839654e-09;0.007884036;-0.008645284;-5.9215756e-05;1;0;1
1389215227;1389026175;1389026175;0;-0.063395046;0.05348441;-0.9965544;1.0;1.0;1.0;0.04837909;-0.038401198;-0.003218472;0.005575422;-0.011037042;-0.0018246567;1.000463;1.0004555;1.0000002;0.03743125;0.02358347;0.00016580448;0.004186591;-0.0094571775;-0.000110773144;1;0;1
1389719733;1389530848;1389530848;0;0.062610775;0.056001563;-0.9964656;1.0;1.0;1.0;-0.06197102;-0.057355653;-0.0035332441;0.003459672;-0.009712973;-0.001745027;1.0004631;1.0004555;1.0;0.061418075;0.05261118;0.00019973429;0.0034037703;-0.007068923;-0.00011012838;1;0;1
1390214358;1390025626;1390025626;0;0.09601463;0.0056671435;-0.99536383;1.0;1.0;1.0;-0.07360299;-0.016036795;-0.0043305755;0.0057988157;-0.009524902;-0.001463869;1.000463;1.0004555;1.0000004;0.08663829;0.004113128;0.00030016116;0.0066714487;-0.0068812626;-8.065917e-05;1;0;1
1390718910;1390530299;1390530299;0;0.05419811;-0.012663842;-0.99845;1.0;1.0;1.0;-0.0432275;0.0066695777;-0.0014716387;0.008411678;-0.011064547;-0.0013101582;1.0004632;1.0004554;1.0;0.029884027;0.0007113749;3.4662757e-05;0.010109437;-0.008957573;-5.6667115e-05;1;0;1
1391213584;1391025076;1391025076;0;0.004732413;-0.015658803;-0.9998663;1.0;1.0;1.0;-0.006460745;0.010656664;-0.00011968613;0.008547135;-0.010738697;-0.0013733074;1.0004632;1.0004554;1.0;0.0006675503;0.001816197;2.2896808e-07;0.008870085;-0.010502517;-5.1311494e-05;1;0;1
1391718284;1391529749;1391529749;0;-0.046463896;0.06712165;-0.99666226;1.0;1.0;1.0;0.03961076;-0.06940811;-0.003311634;0.008911952;-0.011138915;-0.0015166724;1.0004634;1.0004554;1.0;0.025092568;0.077044375;0.00017547072;0.008950138;-0.010261973;-6.291001e-05;1;0;1
1392213069;1392024526;1392024526;0;0.035823926;0.0909058;-0.995215;1.0;1.0;1.0;-0.030618217;-0.08549782;-0.0047565103;0.006574573;-0.010238297;-0.0015204824;1.0004634;1.0004553;1.0;0.014992656;0.116905116;0.00036204467;0.0054405197;-0.009050544;-6.181803e-05;1;0;1
1392718065;1392529198;1392529198;0;0.023589693;0.0013848728;-0.99972075;1.0;1.0;1.0;-0.014299367;-0.009677393;-0.00020170212;0.006471898;-0.009841578;-0.0014839035;1.0004635;1.0004551;1.0;0.0032700344;0.0014977652;6.509399e-07;0.0049331486;-0.011243436;-6.305587e-05;1;0;1
1393212428;1393023975;1393023975;0;-0.022927213;-0.0016168286;-0.9997358;1.0;1.0;1.0;0.02904033;-0.004553442;-0.00022667646;0.0058617396;-0.0054183556;-0.0014221239;1.0004634;1.0004553;1.0;0.013487202;0.00033157456;8.2125104e-07;0.001894514;-0.0061923326;-7.531306e-05;1;0;1
1393717138;1393528648;1393528648;0;0.012375786;0.042759124;-0.9990087;1.0;1.0;1.0;-0.012764919;-0.062172137;-0.0008032918;0.0068774046;-0.008695739;-0.0014915591;1.0004632;1.0004551;1.0000001;0.0026058832;0.061817955;1.0312189e-05;0.004587648;-0.0071609328;-8.228466e-05;1;0;1
1394222019;1394033320;1394033320;0;-0.025060657;-0.03816631;-0.9989571;1.0;1.0;1.0;0.024204882;0.048086423;-0.0009936094;0.0056853346;-0.010258436;-0.0013953088;1.0004634;1.0004553;1.0;0.009369679;0.036980182;1.5788575e-05;0.0034752158;-0.010743543;-6.613358e-05;1;0;1
1394716551;1394528097;1394528097;0;-0.056299385;-0.031953834;-0.9979025;1.0;1.0;1.0;0.05838081;0.00984115;-0.0018507838;0.007595902;-0.009340941;-0.0014487975;1.0004635;1.0004549;1.0000002;0.054507837;0.0015489368;5.4806398e-05;0.005023448;-0.008820326;-7.033385e-05;1;0;1
1395221252;1395032769;1395032769;0;-0.0062939846;0.029980175;-0.9995307;1.0;1.0;1.0;0.00604241;-0.04157663;-0.00040221214;0.0061076186;-0.013468579;-0.0014733005;1.0004635;1.0004551;1.0000001;0.0005839009;0.027645249;2.5860925e-06;0.0060184044;-0.014733096;-6.9048954e-05;1;0;1
1395716035;1395527545;1395527545;0;-0.043294646;-0.041895527;-0.99818355;1.0;1.0;1.0;0.03600974;0.03872081;-0.0017847419;0.008932252;-0.010951763;-0.0016916058;1.0004634;1.0004553;1.0;0.020737613;0.02397808;5.097507e-05;0.006395399;-0.012310261;-9.248742e-05;1;0;1
1396220667;1396032217;1396032217;0;0.002727207;0.028073538;-0.9996022;1.0;1.0;1.0;-0.0056296433;-0.047688037;-0.00020170212;0.007881393;-0.011509346;-0.0014054558;1.0004636;1.000455;1.0000001;0.0005068512;0.036369868;6.47482e-07;0.0053658956;-0.011539355;-6.325334e-05;1;0;1
1396715459;1396526993;1396526993;0;0.04549672;-0.02388592;-0.99867886;1.0;1.0;1.0;-0.031453587;0.02261424;-0.0012215376;0.0053373366;-0.008856362;-0.0013296155;1.0004635;1.000455;1.0000001;0.015821917;0.00817865;2.3883782e-05;0.004006117;-0.008010916;-5.3576754e-05;1;0;1
1397220133;1397031665;1397031665;0;-0.0357011;-0.0411674;-0.99851424;1.0;1.0;1.0;0.039305195;0.03800751;-0.0014742613;0.008369137;-0.0067656236;-0.0012587812;1.0004636;1.000455;1.0;0.02470692;0.023102814;3.477514e-05;0.0061358046;-0.005772263;-4.545864e-05;1;0;1
1397714912;1397526441;1397526441;0;-0.03764649;-0.025689855;-0.9989609;1.0;1.0;1.0;0.035550844;0.027027085;-0.0010359883;0.00872025;-0.009814453;-0.001434424;1.0004635;1.0004551;1.0;0.020212432;0.0116822235;1.717235e-05;0.00758857;-0.010298995;-6.0778395e-05;1;0;1
1398219597;1398031113;1398031113;0;0.006225317;0.03205659;-0.99946666;1.0;1.0;1.0;-0.010420691;-0.025980277;-0.00050610304;0.005741516;-0.010686874;-0.0013361087;1.0004635;1.0004553;1.0;0.001736648;0.01079472;4.097279e-06;0.006361363;-0.008209155;-5.113409e-05;1;0;1
1398714350;1398525891;1398525891;0;-0.019606562;0.0073516886;-0.9997808;1.0;1.0;1.0;0.011873694;-0.02825925;2.8967857e-05;0.007681508;-0.009206465;-0.0014662568;1.0004636;1.0004549;1.0000001;0.0022547084;0.01277151;1.3648103e-08;0.008333043;-0.0059733153;-7.8639336e-05;1;0;1
1399219268;1399030560;1399030560;0;-0.09795256;0.04222102;-0.99429506;1.0;1.0;1.0;0.09851788;-0.037423268;-0.0056933165;0.0063973754;-0.010339799;-0.0016239234;1.0004636;1.0004551;1.0;0.1552204;0.022397317;0.00051861076;0.0092099;-0.007088103;-8.111414e-05;1;0;1
1399713849;1399525336;1399525336;0;-0.047405455;0.006930741;-0.99885166;1.0;1.0;1.0;0.05912035;0.005877513;-0.0009980798;0.009622724;-0.01205138;-0.0016580502;1.0004636;1.000455;1.0000001;0.055897538;0.000552517;1.592719e-05;0.010013074;-0.009267843;-7.619127e-05;1;0;1
1400218512;1400030007;1400030007;0;-0.0024191104;-0.01897587;-0.99981695;1.0;1.0;1.0;0.012591694;0.018656302;-0.00013130903;0.00705035;-0.01039035;-0.0014837629;1.000464;1.0004549;1.0;0.0025356354;0.0055664196;2.756226e-07;0.0064057526;-0.00785812;-6.213055e-05;1;0;1
1400713522;1400524782;1400524782;0;-0.04511409;0.10651304;-0.9932873;1.0;1.0;1.0;0.044824302;-0.106922306;-0.0067124963;0.006250967;-0.010263644;-0.0013713957;1.0004641;1.0004549;1.0;0.032132577;0.18283428;0.00072092173;0.0045867567;-0.010891372;-6.8224996e-05;1;0;1
1401218578;1401029453;1401029453;0;0.0010171181;0.022309514;-0.99975055;1.0;1.0;1.0;-0.008085129;-0.020724112;-0.0002232194;0.006001452;-0.008876176;-0.0014508351;1.000464;1.0004549;1.0;0.0010454239;0.0068687187;7.9723037e-07;0.0047837663;-0.008848574;-5.9238475e-05;1;0;1
1401722640;1401534124;1401534124;0;0.057261135;0.015812362;-0.998234;1.0;1.0;1.0;-0.04357011;-0.019683871;-0.0016645789;0.006928238;-0.009375324;-0.0014011806;1.000464;1.0004549;1.0000001;0.030359585;0.0061965706;4.434269e-05;0.0067351363;-0.00798708;-5.4380118e-05;1;0;1
1402217383;1402028899;1402028899;0;-0.026650842;-0.07125587;-0.9971019;1.0;1.0;1.0;0.034066014;0.057408884;-0.0027744174;0.006507727;-0.008005059;-0.0013269221;1.000464;1.0004549;1.0000001;0.018559283;0.05270877;0.00012318471;0.005635257;-0.0064578042;-4.859978e-05;1;0;1
1402712148;1402523675;1402523675;0;-0.019863112;0.04313775;-0.99887156;1.0;1.0;1.0;0.022724366;-0.043736894;-0.0011241436;0.0059558447;-0.0077619446;-0.0014897921;1.0004638;1.0004551;1.0;0.008258519;0.030592594;2.0221325e-05;0.0057986807;-0.00617555;-7.308482e-05;1;0;1
1403216923;1403028345;1403028345;0;-0.046337616;-0.06599984;-0.9967431;1.0;1.0;1.0;0.062247735;0.037438154;-0.0027223825;0.008387154;-0.0078677265;-0.0015163099;1.0004636;1.0004549;1.0000005;0.061967757;0.022416005;0.00011858181;0.006405884;-0.0076524294;-6.486895e-05;1;0;1
1403711643;1403523120;1403523120;0;0.030760463;-0.015478313;-0.9994069;1.0;1.0;1.0;-0.027396379;0.008389531;-0.0005622506;0.0069480995;-0.008919276;-0.0014214383;1.0004637;1.0004554;1.0;0.012003419;0.001125601;5.060157e-06;0.0052249003;-0.0058167917;-6.508871e-05;1;0;1
1404216275;1404027791;1404027791;0;-0.056966506;-0.01528115;-0.9982591;1.0;1.0;1.0;0.0687192;0.00036632922;-0.001560986;0.008577667;-0.011777056;-0.001596426;1.0004637;1.0004551;1.0000001;0.07552223;2.1498777e-06;3.8968974e-05;0.0067053693;-0.010512821;-8.653752e-05;1;0;1
1404720957;1404532461;1404532461;0;-0.058549616;0.029948838;-0.9978351;1.0;1.0;1.0;0.039651155;-0.048639543;-0.0018117428;0.006688302;-0.010639731;-0.0015834741;1.0004637;1.000455;1.0000004;0.025143767;0.037835397;5.2508207e-05;0.0083961375;-0.008363099;-8.743377e-05;1;0;1
1405215799;1405027236;1405027236;0;-0.06891471;0.05385385;-0.99616784;1.0;1.0;1.0;0.053467855;-0.06561601;-0.0036436915;0.0063414574;-0.010087742;-0.001629691;1.0004636;1.0004551;1.0000001;0.045719787;0.06885554;0.00021243074;0.008157;-0.007791864;-9.529436e-05;1;0;1
1405720590;1405531906;1405531906;0;-0.010171447;0.022163952;-0.99970263;1.0;1.0;1.0;0.014371196;-0.019614844;-0.00028526783;0.005857328;-0.011960293;-0.0014028122;1.0004638;1.0004551;1.0;0.0033029683;0.006153031;1.3020438e-06;0.005554293;-0.008834239;-6.154729e-05;1;0;1
1406215181;1406026681;1406026681;0;0.013269562;-0.08466117;-0.99632144;1.0;1.0;1.0;-0.007870339;0.07837854;-0.0036439896;0.006178878;-0.009828772;-0.0014569615;1.0004637;1.0004551;1.0;0.0009906164;0.09824633;0.00021249331;0.0058057597;-0.008294737;-6.518337e-05;1;0;1
1406720069;1406531351;1406531351;0;-0.00456913;-0.013000153;-0.99990505;1.0;1.0;1.0;-0.013100835;0.009869447;6.592274e-05;0.007952935;-0.011615951;-0.0014484148;1.0004638;1.0004549;1.0000001;0.0027448367;0.0015577689;6.978461e-08;0.00601297;-0.010334314;-6.502366e-05;1;0;1
1407215087;1407026125;1407026125;0;-0.02820052;0.040004943;-0.99880147;1.0;1.0;1.0;0.05345607;-0.04176993;-0.0008786917;0.002604379;-0.009772745;-0.0015988002;1.000464;1.0004549;1.0000002;0.045699622;0.027902631;1.23334785e-05;0.0013531201;-0.009047817;-8.510364e-05;1;0;1
1407719294;1407530795;1407530795;0;-0.012168841;-0.03522227;-0.9993054;1.0;1.0;1.0;0.025777064;0.022500232;-0.0005210638;0.0042251735;-0.009650275;-0.0014336033;1.0004642;1.0004548;1.0000002;0.010626379;0.008096565;4.343125e-06;0.0039942763;-0.010024338;-6.866229e-05;1;0;1
1408214075;1408025569;1408025569;0;0.048098274;-0.07243123;-0.996213;1.0;1.0;1.0;-0.042441577;0.060055133;-0.0036939979;0.006957236;-0.008557639;-0.0014963956;1.0004641;1.000455;1.0000001;0.02880723;0.057679288;0.00021837217;0.005131415;-0.0070569944;-7.1530834e-05;1;0;1
1408718848;1408530239;1408530239;0;-0.021002186;0.035087477;-0.9991635;1.0;1.0;1.0;0.019629939;-0.019545384;-0.0007146597;0.0061598904;-0.009392854;-0.00145937;1.0004643;1.0004548;1.0000001;0.00616249;0.0061095203;8.175904e-06;0.0037462031;-0.007281661;-6.784457e-05;1;0;1
1409213605;1409025013;1409025013;0;0.010640231;0.042853422;-0.99902475;1.0;1.0;1.0;-0.009350747;-0.03982038;-0.0009698272;0.00579944;-0.012210387;-0.0015583582;1.0004644;1.0004548;1.0;0.001398334;0.025359122;1.5049036e-05;0.004176391;-0.012514127;-7.1610106e-05;1;0;1
1409718184;1409529682;1409529682;0;0.05870503;-0.04386822;-0.997311;1.0;1.0;1.0;-0.043891408;0.032463238;-0.002513826;0.0048153982;-0.006567405;-0.0013582371;1.0004643;1.0004547;1.0000002;0.030808985;0.016853929;0.00010114267;0.0018840247;-0.006798232;-6.478522e-05;1;0;1
1410212955;1410024457;1410024457;0;-0.023209924;0.0002066979;-0.9997305;1.0;1.0;1.0;0.024188004;-0.0035965438;-0.00026327372;0.0071838414;-0.009208217;-0.0016030354;1.0004646;1.0004545;1.0;0.009356607;0.0002068565;1.1085067e-06;0.0057147606;-0.0075678476;-8.7674736e-05;1;0;1
1410717654;1410529126;1410529126;0;0.027260108;-0.067445874;-0.99735045;1.0;1.0;1.0;-0.024690941;0.042682886;-0.002339065;0.005512577;-0.007941403;-0.0014050908;1.0004644;1.0004543;1.0000002;0.009749753;0.029135872;8.75842e-05;0.004301966;-0.006701808;-7.534806e-05;1;0;1
1411212493;1411023899;1411023899;0;-0.064537875;0.0542593;-0.9964391;1.0;1.0;1.0;0.05672605;-0.04481045;-0.0034853816;0.0059552947;-0.011640077;-0.0016684103;1.0004643;1.0004548;1.0;0.051461622;0.032112654;0.00019440605;0.0059296465;-0.010817612;-9.33217e-05;1;0;1
1411717054;1411528568;1411528568;0;-0.037047226;0.0533244;-0.9978898;1.0;1.0;1.0;0.04684505;-0.0619746;-0.002025187;0.0054909023;-0.011024268;-0.0016272719;1.0004644;1.0004548;1.0;0.03509504;0.061425284;6.5595086e-05;0.005996076;-0.010443908;-8.1117534e-05;1;0;1
1412222522;1412033237;1412033237;0;-0.034196127;0.010044829;-0.9993647;1.0;1.0;1.0;0.021697713;-0.004429787;-0.0005413294;0.0060726246;-0.009583609;-0.0015960244;1.0004644;1.0004548;1.0000001;0.0075291554;0.000313812;4.689632e-06;0.0070143044;-0.006983695;-8.2893406e-05;1;0;1
1412717119;1412528011;1412528011;0;-0.006178744;-0.074404135;-0.997209;1.0;1.0;1.0;0.028472025;0.06991262;-0.0025325418;0.0048173466;-0.008366106;-0.0014311542;1.0004644;1.0004547;1.0000002;0.012964479;0.07816914;0.000102610604;0.0058287517;-0.0075629964;-5.8406775e-05;1;0;1
1413211853;1413022784;1413022784;0;-0.05229324;0.09072541;-0.99450207;1.0;1.0;1.0;0.05178585;-0.085348226;-0.005483091;0.006714793;-0.010101942;-0.0015632081;1.0004646;1.0004549;1.0;0.042888463;0.11649549;0.00048109132;0.008687245;-0.009528392;-8.76859e-05;1;0;1
1413716264;1413527453;1413527453;0;0.010571475;-0.034709778;-0.9993415;1.0;1.0;1.0;-0.0057712486;0.015988896;-0.00047159195;0.0058590136;-0.009848116;-0.0012893006;1.0004646;1.0004547;1.0000001;0.00053266954;0.004088445;3.5601822e-06;0.006659548;-0.009157162;-5.8279278e-05;1;0;1
1414220642;1414032122;1414032122;0;-0.07398032;-0.019768339;-0.99706376;1.0;1.0;1.0;0.079658724;0.022928558;-0.002915442;0.0072654192;-0.010724961;-0.0013036862;1.0004646;1.0004548;1.0;0.10148105;0.008407935;0.00013596904;0.0077619804;-0.010765499;-5.5314118e-05;1;0;1
1414715442;1414526895;1414526895;0;-0.026059149;-0.0009397136;-0.99965996;1.0;1.0;1.0;0.03269124;-0.0058915066;-0.00029486418;0.005235825;-0.010104144;-0.001293405;1.0004646;1.0004549;1.0;0.017091535;0.00055507803;1.3894314e-06;0.004310937;-0.00988457;-4.9900787e-05;1;0;1
1415220008;1415031566;1415031566;0;-0.03380232;-0.033503145;-0.99886686;1.0;1.0;1.0;0.032435574;0.030382209;-0.0011273026;0.0064910464;-0.009522744;-0.0014449724;1.0004647;1.0004549;1.0;0.016825246;0.014762677;2.033728e-05;0.0057923817;-0.008855536;-6.385297e-05;1;0;1
1415714804;1415526336;1415526336;0;-0.040819388;-0.04336112;-0.99822533;1.0;1.0;1.0;0.04314511;0.043954045;-0.0017718673;0.0069437856;-0.007899975;-0.0014084189;1.0004647;1.0004549;1.0;0.029770173;0.030897541;5.023222e-05;0.0075492947;-0.0071656643;-5.899004e-05;1;0;1
1416219603;1416031005;1416031005;0;0.00062419387;0.08437197;-0.9964341;1.0;1.0;1.0;-0.0061117215;-0.08957477;-0.0035375953;0.0059075905;-0.0079556955;-0.0014529271;1.0004647;1.000455;1.0;0.00059737265;0.12831993;0.00020019955;0.005242629;-0.007838227;-6.0394188e-05;1;0;1
1416714354;1416525777;1416525777;0;0.01435612;0.033012267;-0.9993518;1.0;1.0;1.0;0.002651373;-0.046261683;-0.00041610003;0.005385084;-0.010705455;-0.0012858158;1.0004646;1.0004549;1.0000002;0.000112424226;0.034226704;2.7662602e-06;0.005126508;-0.011285255;-4.6871464e-05;1;0;1
1417218953;1417030445;1417030445;0;-0.0037524416;0.007828704;-0.9999623;1.0;1.0;1.0;0.0011431016;-0.007216971;-3.415346e-05;0.0066854227;-0.009498248;-0.0012212445;1.0004648;1.0004549;1.0;2.0897187e-05;0.00083297456;1.8598257e-08;0.006756505;-0.009755253;-4.5082717e-05;1;0;1
1417713695;1417525218;1417525218;0;0.060850862;0.020943755;-0.9979271;1.0;1.0;1.0;-0.05716061;-0.03244389;-0.0019999743;0.005500777;-0.00916928;-0.0012675688;1.0004647;1.0004549;1.0000001;0.052253082;0.0168343;6.399835e-05;0.005035148;-0.009003347;-4.8672566e-05;1;0;1
1418218630;1418029886;1418029886;0;-0.08706823;-0.027635168;-0.99581903;1.0;1.0;1.0;0.08322062;0.023841925;-0.004166186;0.0066200057;-0.009183474;-0.0012635007;1.0004648;1.000455;1.0;0.11075927;0.009091138;0.0002777375;0.006529305;-0.009020782;-4.873215e-05;1;0;1
1418713363;1418524659;1418524659;0;-0.029758954;-0.024385558;-0.99925953;1.0;1.0;1.0;0.039804857;0.016541004;-0.0006593466;0.0067986236;-0.006862985;-0.0011371428;1.0004647;1.000455;1.0;0.025339052;0.0043757786;6.954549e-06;0.005348211;-0.0059255348;-4.0170657e-05;1;0;1
1419217811;1419029326;1419029326;0;0.00067676156;0.045315918;-0.99897254;1.0;1.0;1.0;-0.0036249605;-0.048302937;-0.0010187626;0.005936733;-0.0077108834;-0.0014167976;1.0004636;1.000455;1.0;0.00021014799;0.037313823;1.660215e-05;0.005274575;-0.0076319743;-5.2163505e-05;1;0;1
1419722549;1419533994;1419533994;0;0.021824297;-0.04776817;-0.99862003;1.0;1.0;1.0;-0.012261861;0.027980382;-0.0011381507;0.0058938432;-0.008385349;-0.0015166793;1.000464;1.0004548;1.0000002;0.0024045361;0.012520692;2.0734871e-05;0.006418695;-0.0068449625;-5.9836624e-05;1;0;1
1420217514;1420028766;1420028766;0;-0.029436054;-0.04791833;-0.9984174;1.0;1.0;1.0;0.028775329;0.026748726;-0.0013580322;0.0043813377;-0.009955737;-0.0016420182;1.0004641;1.0004547;1.0000002;0.0132421665;0.011442803;2.952097e-05;0.0044608535;-0.010349087;-8.1729675e-05;1;0;1
1420712015;1420523538;1420523538;0;-0.030497504;0.06298572;-0.9975484;1.0;1.0;1.0;0.030290945;-0.06791122;-0.002439618;0.005290103;-0.011057506;-0.0016226681;1.0004643;1.0004548;1.0;0.014673848;0.07375714;9.521383e-05;0.004719537;-0.012024582;-7.279315e-05;1;0;1
1421216684;1421028206;1421028206;0;-0.07156334;0.016643465;-0.99729717;1.0;1.0;1.0;0.083813556;-0.018021109;-0.0026273131;0.0052940375;-0.0074950545;-0.0015064013;1.0004643;1.0004548;1.0000001;0.11234323;0.005193619;0.000110409295;0.0058729607;-0.004953429;-7.0787624e-05;1;0;1
1421721478;1421532873;1421532873;0;-0.08792502;0.017376972;-0.99597555;1.0;1.0;1.0;0.08999414;-0.015387795;-0.0040204525;0.007499649;-0.008774153;-0.0015514783;1.0004644;1.0004549;1.0;0.12952296;0.003786657;0.00025861696;0.008288916;-0.0070490814;-7.071532e-05;1;0;1
1422216286;1422027645;1422027645;0;-0.016763581;-0.014993565;-0.9997471;1.0;1.0;1.0;0.00043955632;0.012793108;-0.000117242336;0.005520261;-0.010553835;-0.0018119458;1.0004643;1.0004547;1.0000001;3.0899214e-06;0.0026174285;2.1993222e-07;0.006170185;-0.007981052;-0.00010118183;1;0;1
1422720758;1422532312;1422532312;0;0.017407859;-0.024805788;-0.9995407;1.0;1.0;1.0;-0.003594013;0.0035902858;-0.00013875961;0.0019142119;-0.007358992;-0.0019032137;1.0004646;1.0004547;1.0000002;0.0002065749;0.00020614699;3.0859715e-07;0.0014446641;-0.0044122324;-0.0001229896;1;0;1
1423215544;1423027084;1423027084;0;-0.0024427385;0.03530174;-0.9993738;1.0;1.0;1.0;0.0006557993;-0.04696311;-0.0005568266;0.0056831376;-0.008802015;-0.0018473332;1.0004646;1.0004548;1.0;6.877968e-06;0.035272494;4.956646e-06;0.008183292;-0.007659219;-0.000107205764;1;0;1
1423720885;1423531751;1423531751;0;-0.076662295;-0.018437196;-0.9968866;1.0;1.0;1.0;0.07473993;0.00681033;-0.0030437708;0.0041408995;-0.007318793;-0.001582412;1.0004638;1.0004548;1.0;0.08933548;0.0007418102;0.00014825587;0.0056459843;-0.005412968;-8.2643426e-05;1;0;1
1424214977;1424026523;1424026523;0;-0.075172804;0.01444747;-0.99706584;1.0;1.0;1.0;0.0752836;-0.029301206;-0.0028240085;0.0045763324;-0.0077746976;-0.0015070664;1.0004637;1.0004548;1.0000001;0.090639904;0.013730469;0.00012757882;0.0068035764;-0.00581517;-6.648684e-05;1;0;1
1424719878;1424531190;1424531190;0;-0.019126186;-0.016749963;-0.99967676;1.0;1.0;1.0;0.019815994;0.0058967173;-0.00026404858;0.0060121194;-0.009770058;-0.001335716;1.000464;1.0004549;1.0;0.0062798643;0.0005561015;1.1155464e-06;0.004172336;-0.009134075;-5.5936984e-05;1;0;1
1425214768;1425025961;1425025961;0;-0.008381922;-0.06780726;-0.9976632;1.0;1.0;1.0;0.0029512239;0.049097158;-0.002146542;0.0063898186;-0.008774526;-0.001364779;1.0004638;1.0004549;1.0000001;0.00013929095;0.03855097;7.375913e-05;0.0051807985;-0.008063648;-5.1604376e-05;1;0;1
1425719128;1425530628;1425530628;0;0.03383088;-0.024385797;-0.9991301;1.0;1.0;1.0;-0.034168918;0.01826266;-0.0008510351;0.005822275;-0.010651721;-0.0014030568;1.0004641;1.000455;1.0;0.018671574;0.005333895;1.1589796e-05;0.0051868036;-0.009238892;-5.6598616e-05;1;0;1
1426213890;1426025399;1426025399;0;0.07957605;-0.030627212;-0.99635816;1.0;1.0;1.0;-0.07139756;0.029357528;-0.0036073327;0.005493844;-0.009006432;-0.0014096905;1.0004642;1.0004549;1.0;0.08152394;0.013783317;0.00020823999;0.006249585;-0.0065968437;-6.0825252e-05;1;0;1
1426718928;1426530066;1426530066;0;0.011108279;-0.028253084;-0.9995391;1.0;1.0;1.0;-0.001606605;0.014716674;-0.00032407045;0.0038353314;-0.009018336;-0.001542772;1.0004642;1.0004549;1.0000001;4.1279713e-05;0.003463709;1.6815827e-06;0.0074675544;-0.0071055065;-7.596048e-05;1;0;1
1427213370;1427024837;1427024837;0;-0.019360002;-0.028586995;-0.99940383;1.0;1.0;1.0;0.022928763;0.030238828;-0.00058841705;0.0049981843;-0.0066075767;-0.0012382373;1.0004643;1.000455;1.0;0.008407746;0.014623614;5.539754e-06;0.006017797;-0.0047278926;-4.678597e-05;1;0;1
1427717960;1427529503;1427529503;0;-0.027782727;-0.035306506;-0.99899024;1.0;1.0;1.0;0.02887033;0.012638222;-0.0007520318;0.006628749;-0.0062654563;-0.0014876731;1.0004642;1.000455;1.0000002;0.013329747;0.0025544767;9.053131e-06;0.0053458177;-0.0039504026;-7.540637e-05;1;0;1
1428213092;1428024274;1428024274;0;0.079745874;-0.024200313;-0.99652135;1.0;1.0;1.0;-0.07287921;0.016828831;-0.0034276247;0.0060072886;-0.010772541;-0.0014659181;1.0004644;1.0004553;1.0;0.08494262;0.0045291428;0.00018801047;0.005304219;-0.009870121;-6.562413e-05;1;0;1
1428717386;1428528940;1428528940;0;-0.00093449;-0.016638162;-0.9998612;1.0;1.0;1.0;-0.0042796065;0.0047306353;-5.429983e-05;0.0062107896;-0.009655566;-0.0013721748;1.0004636;1.0004553;1.0;0.0002929047;0.00035789725;4.7279173e-08;0.005639725;-0.009064228;-5.3679545e-05;1;0;1
1429222084;1429033606;1429033606;0;0.0105492715;-0.004370793;-0.9999348;1.0;1.0;1.0;-0.022456823;0.0017466363;9.059906e-06;0.004861996;-0.009138215;-0.0012530673;1.0004637;1.0004554;1.0000001;0.008065202;4.878502e-05;1.3480984e-09;0.004307426;-0.008669651;-4.4988672e-05;1;0;1
1429716827;1429528378;1429528378;0;-0.004036619;-0.066503055;-0.997778;1.0;1.0;1.0;7.986883e-05;0.06761113;-0.0022135973;0.0059354375;-0.00870568;-0.0013387373;1.0004638;1.0004554;1.0;1.02017154e-07;0.073106945;7.8395984e-05;0.004697376;-0.008483488;-5.759938e-05;1;0;1
1430221490;1430033043;1430033043;0;-0.030137109;0.07673899;-0.9965957;1.0;1.0;1.0;0.023934232;-0.07460142;-0.0033826828;0.007817783;-0.011415072;-0.0013959287;1.000464;1.0004554;1.0;0.009161309;0.0890052;0.00018310004;0.0070813894;-0.008656951;-6.147647e-05;1;0;1
1430716382;1430527814;1430527814;0;-0.010107862;0.0283887;-0.9995459;1.0;1.0;1.0;0.008350989;-0.032532442;-0.000443995;0.007501351;-0.01120223;-0.001389675;1.0004642;1.0004551;1.0;0.0011153065;0.016926022;3.1549519e-06;0.0059331595;-0.010523019;-6.419649e-05;1;0;1
1431211188;1431022584;1431022584;0;-0.023302702;0.031497575;-0.9992321;1.0;1.0;1.0;0.021288449;-0.035294343;-0.0007587075;0.0059628217;-0.008424692;-0.0014432616;1.0004642;1.0004553;1.0;0.0072478047;0.019921893;9.210194e-06;0.004852363;-0.0075228442;-7.774611e-05;1;0;1
1431715738;1431527250;1431527250;0;-0.04929564;0.0106671145;-0.99872726;1.0;1.0;1.0;0.036474638;-0.023245148;-0.0011113286;0.0067439512;-0.008293847;-0.0012901912;1.0004643;1.0004551;1.0000001;0.021276508;0.008641366;1.9767178e-05;0.005324074;-0.0076817414;-5.6179757e-05;1;0;1
1432220411;1432031916;1432031916;0;-0.015580122;0.05169748;-0.99854124;1.0;1.0;1.0;0.019999241;-0.046572942;-0.0014358163;0.005410105;-0.010629775;-0.001440625;1.0004646;1.0004553;1.0;0.0063965432;0.034688726;3.2987835e-05;0.0039488175;-0.010621793;-5.523296e-05;1;0;1
1432718881;1432526686;1432526686;0;-0.04266746;-0.024711752;-0.9987837;1.0;1.0;1.0;0.05028832;0.023487424;-0.0011866689;0.00693845;-0.006571626;-0.0012844022;1.0004646;1.0004554;1.0;0.040443853;0.008822662;2.2521876e-05;0.0062829177;-0.0072240103;-4.997678e-05;1;0;1
1433220169;1433031351;1433031351;0;-0.022411764;0.009481122;-0.9997039;1.0;1.0;1.0;0.0054824557;-0.038695075;0.00027352571;0.0078424765;-0.009888462;-0.0015668737;1.0004638;1.0004549;1.0000006;0.00048069417;0.023946024;1.2022831e-06;0.0073595545;-0.011187761;-7.598533e-05;1;0;1
1433714567;1433526121;1433526121;0;-0.09323457;0.0012402919;-0.9956434;1.0;1.0;1.0;0.09136676;0.00090649794;-0.00435251;0.0057571502;-0.010493022;-0.0014677958;1.0004641;1.0004553;1.0;0.1335042;1.3150563e-05;0.0003031178;0.0061111017;-0.0095784655;-6.6910536e-05;1;0;1
1434219317;1434030787;1434030787;0;0.035608537;0.048516218;-0.9981875;1.0;1.0;1.0;-0.026444297;-0.033948362;-0.0016641021;0.004614708;-0.011267988;-0.0016120331;1.0004642;1.0004551;1.0000001;0.011183622;0.01843156;4.432364e-05;0.0051201675;-0.011344043;-8.221867e-05;1;0;1
1434714352;1434525557;1434525557;0;-0.015721524;0.019909212;-0.9996782;1.0;1.0;1.0;0.011471735;-0.020219788;-0.00031274557;0.0076070917;-0.009208011;-0.0014765348;1.0004642;1.0004553;1.0;0.0021046344;0.0065384377;1.5649566e-06;0.0070460825;-0.0084728105;-7.489385e-05;1;0;1
1435218770;1435030222;1435030222;0;-0.02299754;0.060650982;-0.9978941;1.0;1.0;1.0;0.025218487;-0.058973044;-0.0021019578;0.0059779375;-0.009619169;-0.0013210007;1.0004644;1.0004553;1.0;0.0101708295;0.05561965;7.0695634e-05;0.00508919;-0.008762207;-5.5471006e-05;1;0;1
1435713471;1435524992;1435524992;0;-0.01365665;0.020230876;-0.99970204;1.0;1.0;1.0;0.02691457;-0.023929179;-0.00020343065;0.0060065943;-0.0064178314;-0.0014057953;1.0004643;1.0004553;1.0000001;0.011584926;0.009157454;6.6136863e-07;0.00371455;-0.0047365488;-5.9782782e-05;1;0;1
1436218674;1436029657;1436029657;0;-0.04578982;-0.030533545;-0.9984844;1.0;1.0;1.0;0.03548578;0.030329593;-0.0014624;0.00900899;-0.006568404;-0.0014543299;1.0004646;1.0004553;1.0;0.020138495;0.01471156;3.422619e-05;0.008843944;-0.003943102;-7.195087e-05;1;0;1
1436713724;1436524429;1436524429;0;-0.017028935;-0.025904804;-0.99951935;1.0;1.0;1.0;0.016680509;-0.002701344;-7.1406364e-05;0.007537705;-0.008273164;-0.0014390788;1.0004647;1.0004549;1.0000004;0.0044497624;0.00011669855;8.1581874e-08;0.0068709324;-0.005717968;-6.193218e-05;1;0;1
1437217562;1437029091;1437029091;0;-0.002375408;-0.058969162;-0.99825704;1.0;1.0;1.0;0.012082981;0.04202278;-0.0015519857;0.005005648;-0.0068020714;-0.0015020987;1.0004646;1.0004553;1.0000001;0.0023348902;0.028241826;3.8550395e-05;0.0024826997;-0.0068089296;-6.606463e-05;1;0;1
1437712307;1437523861;1437523861;0;0.02893439;-0.020509027;-0.99937093;1.0;1.0;1.0;-0.029805092;-0.0024527553;-0.00036507845;0.0064751715;-0.009088505;-0.0016650102;1.0004648;1.0004551;1.0000002;0.014206893;9.621995e-05;2.1318197e-06;0.005578667;-0.007610626;-7.786789e-05;1;0;1
1438217300;1438028526;1438028526;0;-0.08061118;0.05998702;-0.99493897;1.0;1.0;1.0;0.07145782;-0.06391231;-0.005011201;0.004807322;-0.009189836;-0.0018612645;1.0004641;1.0004555;1.0;0.08166161;0.0653263;0.00040184194;0.0027086888;-0.0071665645;-9.716376e-05;1;0;1
1438711829;1438523295;1438523295;0;-0.01095852;0.023510214;-0.99966353;1.0;1.0;1.0;0.016118815;-0.02016958;-0.00031757355;0.0039236695;-0.007605324;-0.0017726719;1.0004642;1.0004555;1.0;0.0041551306;0.006505993;1.6136473e-06;0.0065790163;-0.0070493156;-8.658419e-05;1;0;1
1439216453;1439027960;1439027960;0;-0.013972579;-0.030375818;-0.99944085;1.0;1.0;1.0;0.012498211;0.010549247;-0.00036138296;0.005664575;-0.006893754;-0.0014872081;1.0004642;1.0004553;1.0000001;0.0024981247;0.0017797895;2.0902514e-06;0.0054689273;-0.00505942;-7.329748e-05;1;0;1
1439721480;1439532624;1439532624;0;-0.010317319;0.026089255;-0.9996064;1.0;1.0;1.0;0.0056015393;-0.036493942;-0.0003284812;0.004330053;-0.0074019455;-0.0014381595;1.0004646;1.0004554;1.0;0.0005018028;0.021299204;1.7257719e-06;0.004775289;-0.0044641816;-6.945476e-05;1;0;1
1440215959;1440027394;1440027394;0;0.0252006;0.011362183;-0.9996179;1.0;1.0;1.0;-0.048141174;-0.028483503;2.6881695e-05;0.0064046723;-0.009610825;-0.0015122691;1.0004642;1.0004553;1.0000004;0.03706396;0.012975183;1.2238156e-08;0.00817366;-0.0066099563;-8.3626466e-05;1;0;1
1440720528;1440532059;1440532059;0;-0.043195847;-0.013525661;-0.9989751;1.0;1.0;1.0;0.03911078;0.00786788;-0.001000464;0.005825339;-0.009703703;-0.0012475022;1.0004646;1.0004554;1.0;0.024463085;0.0009900376;1.6018666e-05;0.0059274593;-0.006255166;-5.4178363e-05;1;0;1
1441215623;1441026827;1441026827;0;0.020896688;-0.039554227;-0.99899894;1.0;1.0;1.0;-0.020141205;0.008843802;-0.0005289912;0.004672267;-0.0077781663;-0.0011717383;1.0004648;1.0004549;1.0000005;0.0064876745;0.0012508184;4.478314e-06;0.00488649;-0.0055568456;-4.6336696e-05;1;0;1
1441720175;1441531491;1441531491;0;-0.010697716;-0.0036164694;-0.9999363;1.0;1.0;1.0;0.0034293737;0.0017449553;-3.552437e-05;0.0058728736;-0.008291236;-0.0013982089;1.0004648;1.0004553;1.0;0.00018808225;4.8696365e-05;2.0191692e-08;0.005385669;-0.0059745456;-6.5469416e-05;1;0;1
1442215015;1442026260;1442026260;0;-0.013083912;0.005129059;-0.9999013;1.0;1.0;1.0;0.016478853;-0.008764522;-8.636713e-05;0.004705802;-0.008839553;-0.0013693413;1.0004648;1.0004554;1.0;0.004342823;0.001228495;1.193485e-07;0.0054160203;-0.007283491;-5.4449494e-05;1;0;1
1442719429;1442530924;1442530924;0;0.049324557;0.021504732;-0.99855137;1.0;1.0;1.0;-0.052394107;-0.030674897;-0.0014020801;0.005782162;-0.008229563;-0.0013163601;1.0004649;1.0004554;1.0;0.04390187;0.015048501;3.1445234e-05;0.006294835;-0.0077730524;-4.7906346e-05;1;0;1
1443214159;1443025693;1443025693;0;-0.011217817;0.029080944;-0.9995141;1.0;1.0;1.0;0.011063023;-0.05092197;-0.0002478361;0.0049930634;-0.008522973;-0.0012697745;1.0004644;1.0004551;1.0000002;0.0019573385;0.041469827;9.794574e-07;0.0045916745;-0.0074207936;-4.7747468e-05;1;0;1
1444213675;1444025126;1444025126;0;-0.05907416;0.0383806;-0.9975155;1.0;1.0;1.0;0.05972278;-0.03911977;-0.0024840832;0.006489641;-0.010443019;-0.0012541913;1.0004644;1.0004555;1.0;0.057042476;0.024474306;9.872597e-05;0.0048582796;-0.0077230525;-5.0945662e-05;1;0;1
1444718485;1444529789;1444529789;0;-0.018576201;0.008096069;-0.99979466;1.0;1.0;1.0;0.020303302;-0.014969097;-0.00018024445;0.0057597877;-0.0095810415;-0.0012080984;1.0004646;1.0004555;1.0;0.0065925224;0.0035835162;5.1980896e-07;0.003165401;-0.00912994;-4.395395e-05;1;0;1
1445213040;1445024558;1445024558;0;0.008220737;-0.013025422;-0.99988145;1.0;1.0;1.0;-0.0015499755;0.034825917;0.00014102459;0.005671897;-0.008797331;-0.0010279396;1.0004644;1.0004555;1.0000002;3.8420938e-05;0.019396674;3.1982282e-07;0.0035433182;-0.00857543;-4.294001e-05;1;0;1
1445717762;1445529222;1445529222;0;-0.030626008;-0.03930963;-0.9987576;1.0;1.0;1.0;0.010372868;0.025813714;-0.0009459853;0.005194726;-0.006497441;-0.00081396184;1.0004641;1.000456;1.0000002;0.0017207436;0.01065674;1.43254265e-05;0.0023291707;-0.006139237;-2.8545091e-05;1;0;1
1446212576;1446023990;1446023990;0;-0.03539981;0.038123153;-0.9986457;1.0;1.0;1.0;0.005726911;0.007231973;0.0001155138;0.009684803;-0.007836125;-0.0011460673;1.0004636;1.0004551;1.0000013;0.000524517;0.0008364466;2.139356e-07;0.005206342;-0.005231589;-5.1525774e-05;1;0;1
1446717179;1446528654;1446528654;0;0.45380858;0.14023486;-0.87999535;1.0;1.0;1.0;0.19245246;0.08085674;0.14955646;0.06340998;0.0047765835;0.019612106;1.0002686;1.0004346;1.0002168;0.59244806;0.1045288;0.35802758;0.1226526;0.008895909;0.026428763;1;0;1
