timestamp;timestamp_sample;states[0];states[1];states[2];states[3];states[4];states[5];states[6];states[7];states[8];states[9];states[10];states[11];states[12];states[13];states[14];states[15];states[16];states[17];states[18];states[19];states[20];states[21];states[22];states[23];states[24];covariances[0];covariances[1];covariances[2];covariances[3];covariances[4];covariances[5];covariances[6];covariances[7];covariances[8];covariances[9];covariances[10];covariances[11];covariances[12];covariances[13];covariances[14];covariances[15];covariances[16];covariances[17];covariances[18];covariances[19];covariances[20];covariances[21];covariances[22];covariances[23];n_states
431639652;431468080;0.94604665;-0.0010516347;0.010984971;0.3238428;-2.959658;0.017894717;-0.10292229;0.0;0.0;-1.4117368;0.00089514547;0.00020185125;0.0005905509;-0.00089639664;-0.020140106;-0.067030676;0.24863026;-0.0002894456;-0.18941872;0.14018999;-0.024078919;-0.1931569;0.0;0.0;-1.3117368;0.00013840597;0.00012668633;0.006722082;1.177452;1.5039746;0.009127423;71.18377;89.58567;0.21036759;3.0356878e-07;2.9366285e-07;3.529171e-07;0.0011829754;0.0014147903;1.969441e-05;0.0005094667;5.3648805e-06;0.00039818292;0.0003432852;0.00058459555;0.00039178776;1.0;1.0;0.010000001;25
432134463;431962938;0.9466828;-0.0009204996;0.011901806;0.3219459;-3.2366433;0.004780969;-0.10472228;0.0;0.0;-1.4129236;0.0008599512;0.00014547884;0.00061983085;-0.0008752325;-0.020582033;-0.06706982;0.24710056;-0.00028413092;-0.1894324;0.14101714;-0.025482876;-0.19295189;0.0;0.0;-1.3129236;0.0001427693;0.00013020991;0.006721259;1.2574185;1.6226815;0.009161456;79.40698;100.77862;0.21278459;3.0608393e-07;2.9589856e-07;3.5441127e-07;0.001176272;0.0014135101;1.9563748e-05;0.0005073354;5.3580497e-06;0.00039683018;0.0003429108;0.00058169145;0.00039037768;1.0;1.0;0.010000001;25
432638373;432466841;0.94621134;0.020030638;0.035781696;0.32094032;-3.4653614;-0.041519552;-0.1032483;0.0;0.0;-1.410612;0.00082965184;0.00010166755;0.00063628954;-0.0010867543;-0.020863159;-0.06714083;0.24696882;-0.00028395443;-0.18957205;0.14145029;-0.02515211;-0.1927265;0.0;0.0;-1.310612;0.00014723069;0.00013379172;0.0067259474;1.3399148;1.7491983;0.009112437;88.37822;113.324295;0.21212667;3.0840098e-07;2.9791957e-07;3.5589431e-07;0.0011686786;0.0014121237;1.9411069e-05;0.0005062633;5.3493845e-06;0.0003963454;0.0003426252;0.00057986414;0.0003898434;1.0;1.0;0.010000001;25
433133264;432961700;0.9459865;0.016052037;0.033980906;0.32202035;-3.601685;-0.097039916;-0.10203285;0.0;0.0;-1.4092969;0.0008134085;8.211558e-05;0.0006429033;-0.0015808563;-0.020850256;-0.06724057;0.24749923;-0.0002845981;-0.18974662;0.14135149;-0.024377797;-0.19255567;0.0;0.0;-1.3092968;0.00015159325;0.00013727714;0.00672382;1.4210982;1.8792092;0.00902848;97.75708;126.81544;0.21075684;3.104815e-07;2.9970636e-07;3.5732734e-07;0.0011610275;0.0014107146;1.925664e-05;0.00050493557;5.340698e-06;0.0003958118;0.00034243902;0.0005772236;0.00038932185;1.0;1.0;0.010000001;25
433637093;433465509;0.94579405;0.00049021636;0.029265163;0.3234456;-3.7747588;-0.1212656;-0.10439791;0.0;0.0;-1.4193016;0.000795258;5.823483e-05;0.00064922747;-0.0018448835;-0.021009615;-0.06730319;0.24765971;-0.0002841563;-0.1899868;0.1412911;-0.024153514;-0.19229461;0.0;0.0;-1.3193016;0.00015608035;0.00014078653;0.0067325444;1.5084684;2.0188193;0.008959562;108.22882;141.8351;0.20984071;3.1274502e-07;3.017066e-07;3.5904458e-07;0.0011534917;0.001409397;1.9105082e-05;0.00050437986;5.3340473e-06;0.00039556075;0.00034226768;0.00057614647;0.00038907275;1.0;1.0;0.010000001;25
434140975;433969365;0.945424;-0.012863049;0.045670886;0.3223697;-3.9875572;-0.14011289;-0.11232243;0.0;0.0;-1.4256109;0.00077085843;2.8744174e-05;0.00065522594;-0.0021427462;-0.021219874;-0.06737254;0.24750158;-0.00028128066;-0.19027409;0.141063;-0.024609668;-0.1919721;0.0;0.0;-1.3256109;0.00016060389;0.00014426565;0.006732466;1.5928313;2.164935;0.008967321;119.23996;158.21358;0.21250662;3.1472715e-07;3.0327217e-07;3.600261e-07;0.0011467419;0.0014080671;1.897548e-05;0.0005037865;5.325565e-06;0.00039461014;0.00034199044;0.00057457224;0.00038813057;1.0;1.0;0.010000001;25
434635826;434464224;0.94150597;-0.013244127;0.10984519;0.3183164;-3.9747074;-0.14705694;-0.0951395;0.0;0.0;-1.4317209;0.0007813085;3.1048377e-05;0.00066976075;-0.0027562343;-0.021148236;-0.06748226;0.24678522;-0.00028149944;-0.19062793;0.14188203;-0.0246949;-0.19157356;0.0;0.0;-1.3334575;0.00016493496;0.00014759935;0.006716722;1.6608516;2.310706;0.008789206;130.00346;175.70932;0.2108263;3.1625493e-07;3.0419656e-07;3.6073507e-07;0.0011393182;0.0014066895;1.8826653e-05;0.00049962755;5.3169965e-06;0.00038766468;0.00033698007;0.00057258963;0.0003815478;1.0;1.0;0.024069984;25
435140015;434968080;0.9437877;0.012904738;0.03331353;0.32861626;-4.1546497;-0.20853351;-0.1189271;0.0;0.0;-1.4316329;0.0007670933;3.3550887e-06;0.0006925526;-0.0027865348;-0.021407658;-0.06752753;0.24676584;-0.00028061337;-0.19087046;0.14224136;-0.024327142;-0.19130318;0.0;0.0;-1.3334575;0.00016944972;0.00015093722;0.006719836;1.7469128;2.4703863;0.008719394;142.40005;195.06456;0.20949732;3.1807744e-07;3.0563749e-07;3.6174762e-07;0.0011324713;0.0014053644;1.8686533e-05;0.00049779314;5.308504e-06;0.00038536137;0.00033532505;0.0005712179;0.0003793296;1.0;1.0;0.15614884;25
435634496;435462939;0.9456773;0.005099514;0.013142381;0.324801;-4.3331575;-0.15330164;-0.10100615;0.0;0.0;-1.4321679;0.0007513285;-2.8295894e-05;0.0007006715;-0.003026005;-0.021812363;-0.06758813;0.24648921;-0.00027794606;-0.19048065;0.14234123;-0.024738677;-0.1916659;0.0;0.0;-1.3334575;0.00017402032;0.00015420887;0.0067070904;1.8354405;2.6323988;0.008733654;155.92361;215.7377;0.2112729;3.2013682e-07;3.0738684e-07;3.6286252e-07;0.0011268092;0.0014041954;1.8572488e-05;0.00049603265;5.3018025e-06;0.00038370394;0.00033510858;0.00056793756;0.00037759615;1.0;1.0;0.28826725;25
436138307;435966796;0.9463399;-0.012361782;0.0049763727;0.3228984;-4.5807166;-0.14464372;-0.10121028;0.0;0.0;-1.4357738;0.0007263487;-7.057652e-05;0.00071105035;-0.0030413321;-0.022298304;-0.067626335;0.24626;-0.00027736282;-0.18984734;0.14279643;-0.024707345;-0.19224153;0.0;0.0;-1.3334575;0.00017869855;0.00015748895;0.006709317;1.9294817;2.8053346;0.008706956;170.65695;238.5037;0.20997484;3.2209562e-07;3.0903334e-07;3.6389363e-07;0.0011209616;0.001402962;1.8446866e-05;0.00049409585;5.2933606e-06;0.00038255018;0.00033466826;0.0005655248;0.00037636844;1.0;1.0;0.42450923;25
436633500;436461655;0.94644713;0.0050189234;0.006610669;0.32275245;-4.80235;-0.14266999;-0.13007936;0.0;0.0;-1.4548832;0.00070071814;-0.00010113073;0.00070666114;-0.002984754;-0.022735137;-0.0676443;0.24568331;-0.00027865102;-0.18862027;0.14358127;-0.024896417;-0.19338086;0.0;0.0;-1.3334575;0.00018345611;0.00016076998;0.006715431;2.031856;2.984743;0.008778842;186.5123;262.77664;0.21184166;3.241404e-07;3.1085125e-07;3.6496436e-07;0.0011161299;0.0014018252;1.8344423e-05;0.0004900923;5.2848304e-06;0.0003797722;0.0003328025;0.00056278607;0.00037347898;1.0;1.0;0.5610329;25
437136947;436965558;0.946067;0.008500571;-0.027509091;0.32268927;-4.995752;-0.09670999;-0.11579606;0.0;0.0;-1.4674181;0.0006824464;-0.00013278794;0.00070520607;-0.0031274098;-0.023143835;-0.067687705;0.2451561;-0.00027868;-0.18777315;0.14414693;-0.025200728;-0.19416116;0.0;0.0;-1.3334575;0.00018832485;0.00016408214;0.006720353;2.1365917;3.1731377;0.008764123;203.8212;289.49323;0.21066229;3.263338e-07;3.1284532e-07;3.6646549e-07;0.001111113;0.0014007094;1.8230523e-05;0.00048705767;5.278233e-06;0.00037779784;0.00033169653;0.00056014984;0.0003714271;1.0;1.0;0.7015839;25
437640939;437469368;0.9457009;-0.010422479;-0.0038629372;0.32484838;-5.161202;-0.06817071;-0.098055705;0.0;0.0;-1.48273;0.00066351355;-0.00016441279;0.0007031021;-0.0033393838;-0.023477003;-0.06774363;0.24490906;-0.00027899063;-0.18721667;0.14451404;-0.025264792;-0.19468236;0.0;0.0;-1.3334575;0.00019336549;0.00016749534;0.0067232903;2.2390504;3.3689394;0.008729599;222.00803;318.49933;0.20961069;3.2838147e-07;3.1461457e-07;3.6755725e-07;0.0011063928;0.0013996053;1.812076e-05;0.00048478408;5.269761e-06;0.00037587978;0.0003305892;0.0005580573;0.00036942898;1.0;1.0;0.84563136;25
438135834;437964227;0.94473773;-0.018346589;0.042427827;0.32455188;-5.3977394;-0.08328684;-0.13308106;0.0;0.0;-1.4996008;0.0006408874;-0.00018686267;0.0006948812;-0.0034247295;-0.023839386;-0.067790754;0.2442919;-0.000280714;-0.18599018;0.1453098;-0.025492473;-0.19582865;0.0;0.0;-1.3334575;0.00019804487;0.00017056095;0.0067281933;2.3485436;3.570319;0.008737406;241.1912;348.78442;0.20804128;3.301759e-07;3.1626794e-07;3.6859802e-07;0.0011018924;0.0013983777;1.8013738e-05;0.00048036652;5.261179e-06;0.00037202527;0.00032784988;0.00055561325;0.0003654878;1.0;1.0;0.9891322;25
438639650;438468084;0.9450013;0.0116354935;-0.028176228;0.32564312;-5.638592;-0.102482654;-0.17518392;0.0;0.0;-1.5187995;0.00062288326;-0.00021370527;0.0006907063;-0.0034767147;-0.024202332;-0.06782408;0.24364272;-0.00028249202;-0.18496479;0.14619124;-0.02563619;-0.19676666;0.0;0.0;-1.3334575;0.00020311923;0.00017388094;0.006728173;2.4698887;3.7892528;0.008842201;262.4002;382.27536;0.21060349;3.3236887e-07;3.183843e-07;3.701768e-07;0.0010980986;0.0013972984;1.7926499e-05;0.0004766371;5.254527e-06;0.00036755952;0.00032463705;0.00055398565;0.0003609633;1.0;1.0;1.1367548;25
439134530;438962943;0.94270116;0.01903034;-0.04472938;0.3300782;-5.738765;-0.0068814666;-0.074450165;0.0;0.0;-1.5345958;0.0006136205;-0.00024242344;0.00068788335;-0.0037606992;-0.02452426;-0.06788643;0.24355876;-0.00028257183;-0.1847184;0.14638332;-0.025613587;-0.19700542;0.0;0.0;-1.3334575;0.00020773108;0.00017685126;0.0067130206;2.5595107;3.9921794;0.00876177;283.02463;417.10706;0.20902595;3.338763e-07;3.1959752e-07;3.7086937e-07;0.0010938622;0.0013960137;1.7823251e-05;0.00047458668;5.2459027e-06;0.00036425458;0.00032276293;0.00055170665;0.00035762807;1.0;1.0;1.2839;25
439638452;439466800;0.9398359;-0.040588755;0.079278834;0.329812;-5.9582114;-0.04672256;-0.12073896;0.0;0.0;-1.5546821;0.00060115167;-0.0002680628;0.0006787302;-0.0041940175;-0.024734462;-0.067976065;0.24287014;-0.00028530663;-0.18403907;0.14730193;-0.025712552;-0.1976206;0.0;0.0;-1.3334575;0.00021343002;0.00018052831;0.0066965534;2.6731176;4.2342014;0.008758098;306.01462;456.45654;0.20816159;3.3607444e-07;3.2149794e-07;3.7184404e-07;0.0010900181;0.0013950125;1.772494e-05;0.00046982252;5.237325e-06;0.00035705534;0.00031747378;0.00054988917;0.00035044792;1.0;1.0;1.4385289;25
440133156;439961660;0.9426497;0.03185673;-0.005662622;0.33221167;-6.299213;-0.11147117;-0.21060169;0.0;0.0;-1.5617203;0.0005784281;-0.00029045227;0.000674775;-0.0042322995;-0.02503518;-0.06802304;0.2420593;-0.00028608833;-0.18296152;0.14812033;-0.026187185;-0.19860727;0.0;0.0;-1.3334575;0.00021857998;0.00018372534;0.006687824;2.8056335;4.48315;0.00889256;330.87384;497.12558;0.2102011;3.3814496e-07;3.2359299e-07;3.7321692e-07;0.0010866942;0.0013939152;1.7643e-05;0.00046518608;5.2305077e-06;0.00035090762;0.00031286723;0.0005481853;0.00034428234;1.0;1.0;1.5909574;25
440636890;440465517;0.859534;-0.24887055;0.28183135;0.34617338;-5.5338774;-0.051076736;-0.15247647;0.0;0.0;-1.5966614;0.0006428967;-0.00020095814;0.00064444955;-0.0056255134;-0.024084765;-0.06823821;0.23591156;-0.00032365098;-0.17932628;0.15796971;-0.024431812;-0.20156759;0.0;0.0;-1.3334575;0.00022385568;0.00018721652;0.0062523275;2.8045745;4.719557;0.0086085275;346.2198;542.1844;0.20925243;3.393401e-07;3.2347506e-07;3.729279e-07;0.0010821846;0.0013925154;1.753707e-05;0.0004487145;5.2209093e-06;0.0002916506;0.00026999513;0.000544447;0.00028593725;1.0;1.0;1.748497;25
441140961;440969422;0.6825334;-0.34820566;0.19308591;0.6128776;-5.653351;-0.10076706;-0.12015029;0.0;0.0;-1.6019958;0.0006480325;-0.00016410573;0.00054811605;-0.006805629;-0.023729553;-0.06842847;0.24142954;-0.00036736412;-0.17583911;0.15939902;-0.014624811;-0.2053024;0.0;0.0;-1.3334575;0.0002304214;0.00019058383;0.004169045;2.8646784;5.008356;0.008687384;366.08777;591.8064;0.20778586;3.4210453e-07;3.251218e-07;3.638993e-07;0.0010784297;0.0013916927;1.744222e-05;0.00038198338;5.2086857e-06;0.00023232486;0.00022644238;0.0004038348;0.00021997074;1.0;1.0;1.8972657;25
441636096;441464281;0.39881843;-0.36714366;0.011047402;0.84025437;-6.161831;0.28065288;-0.15973748;0.0;0.0;-1.6190882;0.00061550323;-0.0002005565;0.0005889322;-0.0071838405;-0.023474777;-0.06851825;0.24195363;-0.00031282846;-0.17129268;0.1526497;-0.02234754;-0.21019724;0.0;0.0;-1.3334575;0.00023465845;0.0001918495;0.0020096542;2.9682314;5.301519;0.009155383;390.48038;644.00995;0.20916526;3.4515728e-07;3.2838625e-07;3.5651786e-07;0.0010764932;0.0013908731;1.737946e-05;0.00019920981;5.1973916e-06;0.00021692752;0.00015329581;0.00017159797;0.0001995991;1.0;1.0;2.0470445;25
442139667;441968091;0.23517041;-0.0034718974;0.099993974;0.9667906;-7.1066446;0.044633843;-0.132438;0.0;0.0;-1.6046821;0.00051450264;-0.00029816787;0.0005149411;-0.0067898263;-0.024113659;-0.06850914;0.24534334;-0.00033922293;-0.17566545;0.15205237;-0.017085899;-0.20582749;0.0;0.0;-1.3334575;0.00023264911;0.00019043694;0.0013029727;3.0392296;5.580827;0.009383185;413.06448;699.2512;0.20791632;3.4736962e-07;3.310282e-07;3.5777646e-07;0.0010751563;0.0013893959;1.7337623e-05;9.261659e-05;5.1895518e-06;0.00018865586;8.66313e-05;8.2599036e-05;0.00017778168;1.0;1.0;2.2118287;25
442634519;442462950;0.25525302;0.0037002433;0.021032028;0.96663845;-8.319396;-0.02392595;-0.110969506;0.0;0.0;-1.5873591;0.00038570043;-0.0004133703;0.00047071974;-0.0058092526;-0.024668522;-0.06845127;0.25285065;-0.00034162047;-0.18154567;0.14694698;-0.010665806;-0.20037039;0.0;0.0;-1.3334575;0.00022951448;0.00018889809;0.0009496083;3.1220639;5.8634477;0.009394194;438.26895;756.8594;0.20644331;3.4955133e-07;3.335673e-07;3.6065276e-07;0.0010741423;0.0013870902;1.7286655e-05;5.5328182e-05;5.1817174e-06;0.00017300971;5.4384822e-05;5.2418614e-05;0.0001658485;1.0;1.0;2.3889606;25
443138425;442966808;0.26485333;-0.018794538;-0.037279557;0.96338457;-9.355874;-0.0044178157;-0.10831144;0.0;0.0;-1.574586;0.00027184517;-0.0005031162;0.0004422595;-0.004993355;-0.02497528;-0.068408236;0.2561636;-0.00033969688;-0.18491974;0.14472236;-0.007650263;-0.19710663;0.0;0.0;-1.3334575;0.00022621363;0.00018734002;0.0007750458;3.2223597;6.147001;0.009475891;467.4136;818.4426;0.20942599;3.517208e-07;3.3626853e-07;3.6414554e-07;0.0010734795;0.0013844215;1.7256287e-05;4.0308638e-05;5.1746656e-06;0.00016541671;4.023723e-05;3.9320275e-05;0.00015990225;1.0;1.0;2.5906627;25
443633248;443461667;0.26959276;-0.023344208;-0.048752885;0.96145624;-10.176885;0.03733759;-0.1090739;0.0;0.0;-1.5634392;0.0001824148;-0.00056868023;0.00042681256;-0.004359356;-0.02511685;-0.06838299;0.25787905;-0.0003380228;-0.18703647;0.14357927;-0.00600567;-0.19500898;0.0;0.0;-1.3334575;0.00022312673;0.00018592062;0.0006832564;3.3313098;6.424984;0.009421161;498.5252;882.26306;0.20846765;3.5398003e-07;3.3908202e-07;3.6785647e-07;0.0010729585;0.0013810096;1.722537e-05;3.3109067e-05;5.169389e-06;0.00016120648;3.3003416e-05;3.2857966e-05;0.00015657097;1.0;1.0;2.8071747;25
444136926;443965524;0.27747107;-0.007086144;-0.016680442;0.96056306;-11.100994;0.095554605;-0.08851664;0.0;0.0;-1.5470939;7.831108e-05;-0.0006339042;0.00041121896;-0.003622856;-0.025334824;-0.068336755;0.2591164;-0.00033604857;-0.18901953;0.14278807;-0.004696246;-0.19298734;0.0;0.0;-1.3334575;0.00022028312;0.00018470311;0.00061064685;3.438199;6.711626;0.009367077;531.6594;951.3109;0.20823073;3.5625024e-07;3.420535e-07;3.716697e-07;0.0010724718;0.0013771008;1.7201652e-05;2.7701824e-05;5.1627367e-06;0.00015777301;2.7447873e-05;2.7899914e-05;0.00015380533;1.0;1.0;3.0520468;25
444640895;444469382;0.2848402;0.004318364;0.024193248;0.95826;-12.048132;0.11944621;-0.09076029;0.0;0.0;-1.5321991;-2.782861e-05;-0.00068373757;0.00039895735;-0.0028213065;-0.02560178;-0.068274796;0.2598169;-0.00033396075;-0.19054553;0.14237176;-0.0038406579;-0.19137506;0.0;0.0;-1.3334575;0.00021763882;0.00018362932;0.0005602459;3.547439;7.002001;0.009435066;566.6836;1023.9517;0.21159193;3.5852506e-07;3.450917e-07;3.7550888e-07;0.0010719546;0.0013731783;1.7188362e-05;2.4056993e-05;5.156186e-06;0.00015540571;2.3651917e-05;2.4515834e-05;0.00015187085;1.0;1.0;3.3194993;25
445135808;444964242;0.2907812;0.013499852;0.0340626;0.95608777;-12.914173;0.12755376;-0.08109723;0.0;0.0;-1.5216737;-0.000120669094;-0.0007159363;0.00038995035;-0.002067306;-0.025918704;-0.06820911;0.26012874;-0.0003320216;-0.19160475;0.14217333;-0.0034069915;-0.19021323;0.0;0.0;-1.3334575;0.00021540465;0.00018275809;0.0005289141;3.6622293;7.2932763;0.009448159;603.42834;1099.5117;0.21073905;3.6097416e-07;3.4820127e-07;3.7936215e-07;0.0010714316;0.0013685769;1.717128e-05;2.1756196e-05;5.151198e-06;0.00015406676;2.125135e-05;2.2373033e-05;0.00015078654;1.0;1.0;3.6060393;25
445639732;445468146;0.29612315;0.009797525;0.016995959;0.95494837;-13.825247;0.16277014;-0.07108259;0.0;0.0;-1.5131499;-0.00022226515;-0.0007456586;0.00038297675;-0.0013352454;-0.02637848;-0.06812942;0.26033613;-0.0003304505;-0.19265492;0.14206609;-0.0030272389;-0.18904224;0.0;0.0;-1.3334575;0.00021345707;0.00018209004;0.0005002065;3.7737813;7.59322;0.009461991;642.15094;1180.7936;0.21039097;3.6339824e-07;3.5140178e-07;3.8322963e-07;0.0010708801;0.0013637319;1.7156637e-05;1.970266e-05;5.1447664e-06;0.00015273396;1.9040008e-05;2.0470012e-05;0.00014969909;1.0;1.0;3.9229424;25
446134577;445963006;0.29771963;0.0006459044;-0.0025166618;0.95464987;-14.730636;0.2425728;-0.059621934;0.0;0.0;-1.4963217;-0.0003257328;-0.0007669356;0.0003770793;-0.00059085945;-0.02690488;-0.06804591;0.2605093;-0.00032890617;-0.1936471;0.14198613;-0.0026807839;-0.1879229;0.0;0.0;-1.3334575;0.00021167714;0.00018154329;0.00047798437;3.8834202;7.8866105;0.009539427;682.0006;1264.4788;0.2130841;3.6575733e-07;3.5452726e-07;3.870063e-07;0.0010703146;0.0013592064;1.7147693e-05;1.8109155e-05;5.1383067e-06;0.00015171546;1.7297189e-05;1.900282e-05;0.00014887018;1.0;1.0;4.2616353;25
446638396;446466817;0.30224296;-0.009826384;-0.012717285;0.9530955;-15.504108;0.31395385;-0.056678597;0.0;0.0;-1.4812936;-0.0004139495;-0.00077750866;0.00037472253;4.257209e-05;-0.027359866;-0.0679755;0.26060656;-0.00032777176;-0.19438894;0.14193861;-0.0024554697;-0.18707012;0.0;0.0;-1.3334575;0.00021008732;0.00018107079;0.00046365935;4.0033493;8.18625;0.009532435;725.02014;1353.9259;0.21261674;3.6835996e-07;3.576827e-07;3.9090517e-07;0.0010697346;0.0013541183;1.7133785e-05;1.7002012e-05;5.1335123e-06;0.00015104361;1.607534e-05;1.7994209e-05;0.00014832785;1.0;1.0;4.6341324;25
447133142;446961676;0.30915442;-0.007916291;-0.017177312;0.95082384;-16.337223;0.43411955;-0.05508263;0.0;0.0;-1.4623218;-0.00051397237;-0.0007834466;0.00037034054;0.0006618718;-0.027989725;-0.067891195;0.26072764;-0.00032627527;-0.19523403;0.14189203;-0.0021781947;-0.18610278;0.0;0.0;-1.3334575;0.00020888324;0.00018082603;0.0004494877;4.114533;8.484067;0.009489664;768.6267;1446.5583;0.21153389;3.7080113e-07;3.607953e-07;3.9462688e-07;0.001069206;0.0013490554;1.7118493e-05;1.5939931e-05;5.1271186e-06;0.00015040359;1.48870595e-05;1.7037153e-05;0.00014781278;1.0;1.0;5.030392;25
447637161;447465534;0.31440175;-4.843012e-06;-0.003842652;0.9492823;-17.17641;0.5624721;-0.045078173;0.0;0.0;-1.4441407;-0.00061494246;-0.0007803406;0.000367066;0.0012962668;-0.02872799;-0.06779718;0.2607523;-0.0003249426;-0.1959825;0.14194077;-0.0019593262;-0.1852195;0.0;0.0;-1.3334575;0.00020781661;0.00018072301;0.00043824955;4.2290106;8.7860985;0.009560975;815.14075;1545.0507;0.21467778;3.732872e-07;3.6390264e-07;3.983645e-07;0.0010686856;0.0013445129;1.710836e-05;1.5062603e-05;5.1208303e-06;0.00014979385;1.3885511e-05;1.6258668e-05;0.0001473139;1.0;1.0;5.463474;25
448141285;447969391;0.3165054;0.00037472474;0.002357364;0.9485878;-18.025171;0.6861052;-0.036035143;0.0;0.0;-1.4215335;-0.0007158262;-0.0007690241;0.0003646175;0.0019156431;-0.029479245;-0.0677046;0.2607159;-0.00032361352;-0.19662178;0.1420353;-0.0017975896;-0.18444164;0.0;0.0;-1.3334575;0.00020710015;0.00018079908;0.0004292749;4.3443265;9.095785;0.0095761595;863.7492;1648.9095;0.21409686;3.7583573e-07;3.6699655e-07;4.0206666e-07;0.0010682187;0.0013396343;1.7090779e-05;1.4321807e-05;5.114573e-06;0.00014934999;1.3040289e-05;1.5613066e-05;0.00014695636;1.0;1.0;5.929879;25
448635852;448464251;0.31881633;0.00790319;0.007162846;0.9477566;-18.776554;0.793179;-0.036293514;0.0;0.0;-1.4027299;-0.0008031697;-0.000751883;0.00036383615;0.0024936693;-0.030203091;-0.067617185;0.26062062;-0.00032254314;-0.19708368;0.14216661;-0.0017170028;-0.18384986;0.0;0.0;-1.3334575;0.00020644987;0.00018088456;0.0004236738;4.4632745;9.398905;0.009594015;913.9282;1755.0725;0.21290806;3.7847207e-07;3.699101e-07;4.05735e-07;0.0010677543;0.0013349263;1.7070239e-05;1.3768869e-05;5.1097913e-06;0.00014903003;1.2408634e-05;1.5142037e-05;0.0001466997;1.0;1.0;6.4202194;25
449139696;448968109;0.32222357;0.003253789;0.0027165473;0.9466542;-19.625456;0.934185;-0.015703848;0.0;0.0;-1.3699589;-0.0009052369;-0.00072677695;0.0003613634;0.0031072279;-0.031031786;-0.067524694;0.26054406;-0.00032117008;-0.19764481;0.14229612;-0.0015951518;-0.1831451;0.0;0.0;-1.3334575;0.0002060925;0.00018120169;0.00041767317;4.578748;9.710591;0.009629019;966.7535;1868.5239;0.21229129;3.810251e-07;3.7284872e-07;4.0932775e-07;0.001067312;0.0013304322;1.704768e-05;1.3209512e-05;5.1035668e-06;0.00014867983;1.1757048e-05;1.4673564e-05;0.00014641626;1.0;1.0;6.9533596;25
449634764;449462969;0.32362628;-0.0006500531;-0.0004357884;0.94618475;-20.45797;1.0913081;-0.020907158;0.0;0.0;-1.3277812;-0.0010063448;-0.0006963431;0.00035913583;0.0036780792;-0.031850982;-0.06743966;0.26048613;-0.0003199043;-0.19818392;0.14241931;-0.0014573344;-0.18246782;0.0;0.0;-1.3334575;0.00020587655;0.00018165092;0.0004127746;4.6936717;10.017987;0.009724721;1020.89294;1984.7389;0.21483816;3.8349017e-07;3.7565118e-07;4.1278017e-07;0.0010668543;0.0013265644;1.7028482e-05;1.2725982e-05;5.097288e-06;0.00014837475;1.1181464e-05;1.4277479e-05;0.00014617122;1.0;1.0;7.5144978;25
450138401;449966873;0.32631183;0.0017269724;0.0039164405;0.94525254;-21.16549;1.2279261;-0.0068288357;0.0;0.0;-1.3103715;-0.0010915465;-0.0006617;0.00035903818;0.0042229323;-0.03275823;-0.06733905;0.26043287;-0.0003187245;-0.19856478;0.14251709;-0.0013776375;-0.18196127;0.0;0.0;-1.3334575;0.00020571542;0.00018209375;0.00041033834;4.8158927;10.327327;0.0097525045;1078.6272;2107.633;0.21423422;3.86198e-07;3.783628e-07;4.1636216e-07;0.0010663247;0.0013225218;1.699998e-05;1.235556e-05;5.0926355e-06;0.00014816916;1.0741871e-05;1.39836975e-05;0.00014601147;1.0;1.0;8.121028;25
450633299;450461733;0.33086708;0.0017766705;-0.0005804838;0.9436755;-21.954636;1.4036926;-0.010007239;0.0;0.0;-1.2897161;-0.0011905736;-0.00061691593;0.0003582977;0.004815945;-0.03386451;-0.06721918;0.26035023;-0.00031744695;-0.19898269;0.14266579;-0.0012815485;-0.18139665;0.0;0.0;-1.3334575;0.00020585362;0.00018279433;0.00040722228;4.931524;10.636764;0.009861792;1137.2946;2234.039;0.2168425;3.886433e-07;3.8098995e-07;4.1967303e-07;0.0010657688;0.0013190999;1.6975206e-05;1.1976644e-05;5.0863955e-06;0.0001479285;1.0279225e-05;1.3688861e-05;0.00014581971;1.0;1.0;8.755285;25
451137128;450965544;0.33598313;-0.001125579;-0.0013584006;0.94186634;-22.730913;1.5938553;-0.008876999;0.0;0.0;-1.2702566;-0.0012880615;-0.00056577375;0.0003571883;0.0054201824;-0.034987703;-0.06709894;0.260278;-0.00031596358;-0.19935368;0.14278947;-0.0012108067;-0.1808817;0.0;0.0;-1.3334575;0.00020601274;0.00018345931;0.00040493827;5.0472593;10.945439;0.0098983785;1199.0747;2366.7112;0.21625835;3.910982e-07;3.8343813e-07;4.2294792e-07;0.0010650554;0.0013155504;1.6940043e-05;1.1641957e-05;5.0802482e-06;0.0001477345;9.868529e-06;1.3438285e-05;0.00014566835;1.0;1.0;9.437153;25
451640949;451469401;0.33817178;-0.0034407661;-0.0035005668;0.9410717;-23.388956;1.7558718;-0.004059038;0.0;0.0;-1.2667698;-0.0013692025;-0.0005156687;0.00035591668;0.0060071037;-0.036062602;-0.06697668;0.26025513;-0.00031453176;-0.19964623;0.14286152;-0.0011437241;-0.18046473;0.0;0.0;-1.3334575;0.00020631865;0.00018422972;0.00040444746;5.1700063;11.255035;0.0099288635;1263.8365;2504.9912;0.21572427;3.9375678e-07;3.8583838e-07;4.2630313e-07;0.0010642072;0.0013123049;1.6901571e-05;1.1384604e-05;5.075648e-06;0.0001475847;9.547648e-06;1.3252777e-05;0.00014555351;1.0;1.0;10.159086;25
452135814;451964262;0.33944663;-0.0019853401;-0.0057287314;0.94060576;-24.143831;1.9549295;0.0014183841;0.0;0.0;-1.2456224;-0.0014647989;-0.00045636614;0.00035362752;0.0065771737;-0.03720678;-0.066860184;0.26018095;-0.00031292642;-0.19995137;0.14298102;-0.0010943968;-0.18002002;0.0;0.0;-1.3334575;0.00020697377;0.00018529856;0.0004032546;5.2869153;11.566337;0.010041314;1329.6681;2647.23;0.21844065;3.9612223e-07;3.881634e-07;4.2933976e-07;0.0010633095;0.0013096062;1.686788e-05;1.1115883e-05;5.069461e-06;0.00014744216;9.209113e-06;1.30641365e-05;0.00014544281;1.0;1.0;10.906317;25
452639753;452468119;0.34099486;-0.003368722;-0.0064447485;0.9400371;-24.904099;2.1697996;-0.008093717;0.0;0.0;-1.2310671;-0.0015614249;-0.00038975483;0.00035047682;0.0072065718;-0.038407736;-0.066734254;0.26009765;-0.0003112994;-0.20023593;0.14312245;-0.0010426132;-0.1795893;0.0;0.0;-1.3334575;0.00020752716;0.00018627662;0.0004025666;5.403842;11.875332;0.01008061;1398.8531;2795.8518;0.21796301;3.98487e-07;3.902821e-07;4.3235156e-07;0.0010621216;0.0013068414;1.6822683e-05;1.0872964e-05;5.0633807e-06;0.00014729898;8.89745e-06;1.290093e-05;0.00014533167;1.0;1.0;11.710409;25
453134613;452962979;0.34217775;-0.0023989014;-0.005717104;0.93961483;-25.562422;2.3517578;-0.010303346;0.0;0.0;-1.2250458;-0.0016432839;-0.0003261371;0.00034757768;0.007807769;-0.039455213;-0.06661852;0.26005396;-0.00030976275;-0.20046064;0.14321306;-0.0009999288;-0.17923974;0.0;0.0;-1.3334575;0.00020810119;0.00018726481;0.0004031344;5.52379;12.1766405;0.01010643;1469.6023;2946.88;0.21689317;4.009769e-07;3.922908e-07;4.353935e-07;0.001060722;0.0013043561;1.677368e-05;1.068145e-05;5.058746e-06;0.00014719176;8.650028e-06;1.2778071e-05;0.00014525127;1.0;1.0;12.539412;25
453638416;453466837;0.34310067;-0.0026227338;-0.0100080995;0.93924165;-26.308722;2.5827944;-0.0063223494;0.0;0.0;-1.2142482;-0.0017372734;-0.00025104554;0.00034252083;0.008465301;-0.0406787;-0.06648936;0.2599844;-0.00030803555;-0.2007003;0.14334475;-0.0009516005;-0.17885597;0.0;0.0;-1.3334575;0.00020881221;0.00018838837;0.00040315176;5.639905;12.480784;0.0101434495;1543.766;3105.721;0.21644293;4.0324446e-07;3.9416383e-07;4.3820873e-07;0.0010590871;0.001302071;1.6722093e-05;1.0479617e-05;5.0526924e-06;0.0001470692;8.383057e-06;1.2653197e-05;0.00014515748;1.0;1.0;13.425867;25
454133241;453961697;0.34535843;0.003991904;0.0022879092;0.93845963;-27.047237;2.8231184;-0.019475952;0.0;0.0;-1.2081842;-0.0018309328;-0.00016928806;0.0003355705;0.009162712;-0.04190739;-0.06635562;0.25991914;-0.0003061748;-0.20093156;0.14347251;-0.00090706313;-0.17847998;0.0;0.0;-1.3334575;0.00020960472;0.0001895758;0.00040338267;5.755901;12.779053;0.0102708405;1619.459;3267.0835;0.21932708;4.053852e-07;3.9589318e-07;4.408445e-07;0.0010573869;0.0013001458;1.6677392e-05;1.0297119e-05;5.0465815e-06;0.00014694317;8.136302e-06;1.2545534e-05;0.00014505751;1.0;1.0;14.343121;25
454637405;454465601;0.34639966;0.00072940474;-0.00092216796;0.9380864;-27.767748;3.0783994;-0.01714601;0.0;0.0;-1.2268004;-0.0019221616;-8.194556e-05;0.00032974774;0.010026758;-0.043244492;-0.06618995;0.25988367;-0.00030421693;-0.2011157;0.14356223;-0.00088160887;-0.17814745;0.0;0.0;-1.3334575;0.00021041771;0.00019078974;0.00040398006;5.8716493;13.077837;0.0103310095;1698.8479;3436.0288;0.2189253;4.075372e-07;3.9749688e-07;4.4343992e-07;0.0010552733;0.001298233;1.6620697e-05;1.0129632e-05;5.040567e-06;0.00014685035;7.908393e-06;1.2452313e-05;0.00014498872;1.0;1.0;15.318149;25
455141084;454969412;0.34893623;-0.00018413307;0.00020135108;0.9371464;-28.400991;3.2694623;-0.022811899;0.0;0.0;-1.2307404;-0.001998658;-4.1976596e-06;0.0003230452;0.01070148;-0.04427127;-0.066072635;0.25984383;-0.0003026389;-0.20127822;0.14366029;-0.0008434842;-0.17786159;0.0;0.0;-1.3334575;0.00021129343;0.0001920622;0.0004057341;5.994929;13.377282;0.01037833;1781.4905;3611.1843;0.21855322;4.099162e-07;3.9913863e-07;4.4619088e-07;0.0010529098;0.0012965328;1.6561955e-05;9.998017e-06;5.036081e-06;0.00014675733;7.7221575e-06;1.2382821e-05;0.00014491956;1.0;1.0;16.340137;25
455635899;455464272;0.34942973;-0.0008593097;-0.0015551666;0.936961;-29.12729;3.520784;-0.020357903;0.0;0.0;-1.228285;-0.0020888704;8.593442e-05;0.00031550715;0.011387477;-0.04545452;-0.0659502;0.25978735;-0.0003008233;-0.20141663;0.14377347;-0.0008180873;-0.17758466;0.0;0.0;-1.3334575;0.00021229258;0.00019340537;0.00040669434;6.110736;13.668133;0.010499979;1865.1261;3788.227;0.22151046;4.1187482e-07;4.005275e-07;4.4848665e-07;0.0010505648;0.0012950674;1.6511476e-05;9.858411e-06;5.0300264e-06;0.000146686;7.523613e-06;1.23130185e-05;0.0001448682;1.0;1.0;17.38864;25
456139585;455968129;0.3358283;-0.027632609;-0.10429997;0.9357229;-30.045547;3.8589962;0.003439886;0.0;0.0;-1.2324218;-0.0022049746;0.00019607107;0.00026724095;0.011661019;-0.046228588;-0.065874204;0.25932446;-0.00029436185;-0.20128879;0.14414099;-0.0011534285;-0.1775237;0.0;0.0;-1.3334575;0.00021428974;0.00019561073;0.00040805794;6.240235;13.997237;0.010509136;1954.2668;3981.9077;0.22118291;4.141757e-07;4.0228116e-07;4.5066895e-07;0.0010490508;0.0012942866;1.649524e-05;9.702925e-06;5.0240587e-06;0.00014431177;7.357511e-06;1.22375695e-05;0.00014247927;1.0;1.0;18.50845;25
456634457;456462989;0.33536676;-0.023585966;-0.053199966;0.94028866;-30.891376;4.001035;-0.035011232;0.0;0.0;-1.2397885;-0.0023021307;0.0002966863;0.00022183363;0.012155323;-0.047662936;-0.06574907;0.25892824;-0.00028928975;-0.20135199;0.14444768;-0.0014320551;-0.17729512;0.0;0.0;-1.3334575;0.00021783906;0.00019918139;0.00041073008;6.3926644;14.405266;0.010658207;2046.9896;4194.3774;0.22045763;4.16929e-07;4.0503227e-07;4.532022e-07;0.0010463003;0.0012934462;1.6432195e-05;9.57321e-06;5.0194894e-06;0.00014231073;7.2263265e-06;1.2177464e-05;0.00014046086;1.0;1.0;19.675545;25
457138289;456966847;0.35404295;-0.008143279;-0.021172984;0.9349541;-31.669998;4.257765;-0.0536857;0.0;0.0;-1.2517335;-0.0023968196;0.00040037982;0.00020761722;0.01280673;-0.04892665;-0.065627664;0.2587794;-0.00028754873;-0.2014805;0.14462103;-0.0014835614;-0.17702052;0.0;0.0;-1.3334575;0.00021937556;0.00020100261;0.00041251947;6.519701;14.716547;0.010816517;2141.638;4396.2793;0.22431657;4.1884226e-07;4.062942e-07;4.5536132e-07;0.0010434304;0.0012922426;1.6378899e-05;9.456188e-06;5.013505e-06;0.00014208282;7.0659803e-06;1.2129785e-05;0.00014024216;1.0;1.0;20.922852;25
457633333;457461707;0.35272163;-0.021352028;-0.053485595;0.9339544;-32.468708;4.4985967;-0.043688886;0.0;0.0;-1.2568649;-0.0024923473;0.0005050954;0.00019471697;0.013378798;-0.05014815;-0.065521896;0.25861093;-0.00028567982;-0.20153396;0.14479682;-0.0015690185;-0.17682517;0.0;0.0;-1.3334575;0.00022104685;0.0002029528;0.00041438246;6.6410418;15.0219965;0.010892756;2237.158;4600.5664;0.22347857;4.2065736e-07;4.0744771e-07;4.5730116e-07;0.0010401031;0.0012910096;1.6312853e-05;9.349795e-06;5.007461e-06;0.00014191435;6.9208204e-06;1.2090988e-05;0.00014007918;1.0;1.0;22.205198;25
458137109;457965564;0.3566654;-0.0046233344;-0.02219938;0.933957;-33.18348;4.6956034;-0.04759223;0.0;0.0;-1.2628374;-0.0025695274;0.0006010855;0.00018000048;0.013892769;-0.05112072;-0.0654426;0.25846934;-0.00028394474;-0.2015938;0.1449354;-0.0016523529;-0.17664342;0.0;0.0;-1.3334575;0.00022252164;0.00020474245;0.00041724747;6.772336;15.3247595;0.010976773;2337.8044;4813.0903;0.223296;4.2276432e-07;4.0859572e-07;4.5955676e-07;0.0010366047;0.0012897615;1.6247173e-05;9.261934e-06;5.002999e-06;0.00014175156;6.8022723e-06;1.2061174e-05;0.00013992042;1.0;1.0;23.56819;25
458641006;458469469;0.36091262;0.024228826;0.05775455;0.93049425;-33.82952;4.8764544;-0.049618337;0.0;0.0;-1.2787788;-0.002635196;0.0006968175;0.0001677337;0.014481138;-0.05197362;-0.06536202;0.2584811;-0.00028348493;-0.20167829;0.14500709;-0.0015781468;-0.176452;0.0;0.0;-1.3334575;0.00022381815;0.00020634165;0.00041921143;6.893628;15.615747;0.011118916;2440.668;5029.52;0.2272762;4.2425597e-07;4.09442e-07;4.6120084e-07;0.0010333477;0.0012884779;1.6192522e-05;9.182046e-06;4.997057e-06;0.0001412555;6.6486946e-06;1.2031969e-05;0.00013945912;1.0;1.0;24.990103;25
459135839;458964329;0.36583087;0.018455647;0.06527727;0.9282059;-34.24018;5.0066586;-0.052596185;0.0;0.0;-1.2938949;-0.0026723454;0.00077374885;0.00014862069;0.014857118;-0.05243458;-0.06531721;0.25865304;-0.0002830096;-0.20135503;0.14501572;-0.0013657094;-0.17671265;0.0;0.0;-1.3334575;0.00022489262;0.00020788923;0.00042063615;7.004516;15.892248;0.010975267;2542.7793;5246.624;0.22628447;4.2541168e-07;4.102263e-07;4.6228126e-07;0.0010296117;0.001287146;1.6125721e-05;9.121119e-06;4.9910595e-06;0.00013902842;6.473564e-06;1.199919e-05;0.00013730738;1.0;1.0;26.425228;25
459640053;459468139;0.36532637;-0.01597331;0.00037193118;0.9307424;-35.119358;5.1886306;-0.028309671;0.0;0.0;-1.2958517;-0.002757203;0.000887726;0.00013012381;0.015414616;-0.053478677;-0.065239795;0.25851008;-0.00028063764;-0.20126276;0.1451549;-0.0014732799;-0.17667131;0.0;0.0;-1.3334575;0.00022658505;0.0002098388;0.00042292525;7.128966;16.194046;0.011206141;2652.18;5476.31;0.22596958;4.2695197e-07;4.1103146e-07;4.6370434e-07;0.0010258147;0.0012860148;1.6061826e-05;9.043243e-06;4.985176e-06;0.00013889668;6.3620228e-06;1.1978646e-05;0.00013717555;1.0;1.0;27.935812;25
460134592;459962999;0.37071684;0.019798119;-0.0025929806;0.9285313;-35.7289;5.378315;-0.038876873;0.0;0.0;-1.3221104;-0.0028181728;0.0009808203;0.00011469116;0.016119385;-0.054367706;-0.06514222;0.25844458;-0.00027933286;-0.20134404;0.14523675;-0.0015171746;-0.17647995;0.0;0.0;-1.3334575;0.00022799576;0.00021147993;0.00042593206;7.2582517;16.476028;0.011347355;2763.3015;5707.146;0.22921184;4.2859267e-07;4.118555e-07;4.653491e-07;0.001022334;0.0012849913;1.6009966e-05;8.985048e-06;4.9807118e-06;0.0001388205;6.259e-06;1.19638435e-05;0.0001371135;1.0;1.0;29.479654;25
460638413;460466856;0.3700642;-0.0001221935;0.0070940317;0.92897916;-36.425255;5.5712304;-0.042624913;0.0;0.0;-1.3262103;-0.0028849407;0.0010860271;9.2936854e-05;0.016612325;-0.055209424;-0.06508681;0.25837266;-0.00027803986;-0.2015295;0.14532034;-0.0015496283;-0.17618759;0.0;0.0;-1.3334575;0.00022902539;0.00021291382;0.00042816953;7.3762693;16.738392;0.011427819;2878.204;5942.256;0.22890888;4.2978394e-07;4.1225468e-07;4.6647764e-07;0.0010183726;0.0012839104;1.5949121e-05;8.924161e-06;4.9748596e-06;0.00013867873;6.1395444e-06;1.1949485e-05;0.00013699452;1.0;1.0;31.108358;25
461133343;460961716;0.3745882;0.006583991;-0.0033587306;0.9271619;-37.074715;5.7070136;-0.020974932;0.0;0.0;-1.3250605;-0.0029431651;0.001175034;7.506269e-05;0.016993778;-0.055957276;-0.06504626;0.25830537;-0.00027666675;-0.20153251;0.14539754;-0.0015949365;-0.17609;0.0;0.0;-1.3334575;0.00023021967;0.00021448228;0.00043119906;7.501167;17.00371;0.011456963;2994.8823;6182.034;0.22791395;4.3126724e-07;4.128957e-07;4.6790282e-07;0.0010143962;0.0012829908;1.5890124e-05;8.872415e-06;4.9704236e-06;0.0001386502;6.0491448e-06;1.193795e-05;0.00013697681;1.0;1.0;32.76469;25
461637155;461465574;0.41825184;0.037760973;-0.030012608;0.90704954;-37.714504;5.8046737;-0.042355947;0.0;0.0;-1.3152397;-0.002993865;0.001271115;3.7889033e-05;0.01739409;-0.056701954;-0.06501018;0.25820163;-0.0002754233;-0.20210133;0.14546221;-0.0016550617;-0.1754302;0.0;0.0;-1.3334575;0.00023172115;0.00021620179;0.00043368057;7.6239576;17.279886;0.0117111625;3117.5593;6433.879;0.23193482;4.323266e-07;4.13461e-07;4.6864537e-07;0.0010108034;0.0012820907;1.5843905e-05;8.827143e-06;4.964601e-06;0.00013802752;5.9259874e-06;1.1927026e-05;0.000136391;1.0;1.0;34.507305;25
462140998;461969433;0.488234;0.06704608;-0.038178243;0.8692956;-38.250053;5.8466716;-0.043315984;0.0;0.0;-1.3147931;-0.0030213576;0.0013531956;-1.6626138e-05;0.017719213;-0.057248853;-0.06499148;0.25808594;-0.00027309393;-0.20290403;0.1454386;-0.0018047356;-0.17455903;0.0;0.0;-1.3334575;0.00023325022;0.00021793015;0.00043613702;7.738593;17.542763;0.011825144;3242.9033;6689.501;0.23173413;4.3324928e-07;4.138811e-07;4.6854896e-07;0.0010067221;0.0012812038;1.5788963e-05;8.795317e-06;4.958795e-06;0.00013712794;5.8138694e-06;1.1906911e-05;0.000135526;1.0;1.0;36.30526;25
462635911;462464291;0.56910986;-0.002764382;-0.0015553416;0.82225543;-38.70924;5.8466673;-0.07212774;0.0;0.0;-1.3430527;-0.0030378236;0.0014376576;-9.350082e-05;0.018036852;-0.05770483;-0.06497595;0.25793827;-0.00026817346;-0.20356607;0.1453295;-0.0021296213;-0.17384195;0.0;0.0;-1.3334575;0.00023532526;0.00021993664;0.00043812388;7.8499646;17.816494;0.011960382;3369.267;6950.5376;0.23093939;4.340263e-07;4.143446e-07;4.6694797e-07;0.0010025422;0.0012804267;1.5734742e-05;8.7702765e-06;4.9529103e-06;0.00013642263;5.730593e-06;1.1854345e-05;0.00013483918;1.0;1.0;38.109653;25
463139701;462968195;0.6715763;-0.03637625;0.038401563;0.73904496;-39.044;5.890663;-0.020285312;0.0;0.0;-1.3708494;-0.0030357603;0.0015077586;-0.00018184808;0.018051308;-0.05789094;-0.065003514;0.25783244;-0.00025934022;-0.20246556;0.14525038;-0.002559999;-0.17491059;0.0;0.0;-1.3334575;0.00023715816;0.00022120017;0.0004395768;7.96696;18.079903;0.011889541;3500.2756;7223.577;0.23509562;4.349239e-07;4.1460044e-07;4.6431242e-07;0.0009986297;0.0012796487;1.5690848e-05;8.752115e-06;4.9485657e-06;0.0001357294;5.706993e-06;1.1758959e-05;0.00013414444;1.0;1.0;39.98411;25
463634402;463463055;0.7980885;-0.021543942;-0.00336795;0.6021456;-39.176586;5.748618;-0.04277521;0.0;0.0;-1.3959329;-0.0030019395;0.0015595556;-0.0003037736;0.01790738;-0.057807904;-0.06505665;0.25756904;-0.00024885466;-0.20209889;0.1451295;-0.0031943794;-0.17527597;0.0;0.0;-1.3334575;0.00023881438;0.00022257006;0.00043792647;8.059886;18.351254;0.0117983185;3631.077;7501.0005;0.23383836;4.3517656e-07;4.1500192e-07;4.5739418e-07;0.000994222;0.0012788927;1.5637885e-05;8.686734e-06;4.9426485e-06;0.00013557285;5.679769e-06;1.15115745e-05;0.0001339948;1.0;1.0;41.83888;25
464138380;463966865;0.8327368;-0.090868615;-0.07362496;0.5411763;-39.508892;5.736608;-0.05838541;0.0;0.0;-1.3942012;-0.0029995886;0.0016215168;-0.0004149997;0.01768404;-0.05805859;-0.06512014;0.25721544;-0.000237516;-0.20083621;0.1452199;-0.0038867148;-0.17652789;0.0;0.0;-1.3334575;0.00023918053;0.0002228222;0.00043390229;8.143466;18.600994;0.011702968;3767.5625;7785.467;0.23307344;4.3542602e-07;4.1518766e-07;4.4819646e-07;0.0009898053;0.0012780692;1.558721e-05;8.554515e-06;4.9367945e-06;0.00013431616;5.642027e-06;1.1135832e-05;0.00013273288;1.0;1.0;43.742947;25
464633315;464461725;0.8399451;-0.038814116;-0.0224579;0.5408156;-39.656223;5.596222;-0.069143385;0.0;0.0;-1.415613;-0.0029820045;0.0016534572;-0.00048498515;0.017407056;-0.05795604;-0.06518671;0.25699797;-0.00023108238;-0.20050763;0.14520678;-0.004319696;-0.17687039;0.0;0.0;-1.3334575;0.00023976031;0.00022321359;0.00043197145;8.237477;18.866467;0.011705993;3907.1167;8079.768;0.23597388;4.3626545e-07;4.161653e-07;4.414665e-07;0.000985926;0.0012773345;1.5547783e-05;8.441342e-06;4.932359e-06;0.00013372015;5.614091e-06;1.0826437e-05;0.00013213162;1.0;1.0;45.642822;25
465137124;464965582;0.844829;-0.0248869;-0.023277206;0.53395015;-39.83062;5.4461513;-0.077300414;0.0;0.0;-1.4213326;-0.002963522;0.001681383;-0.0005548566;0.017062187;-0.057921033;-0.06526994;0.25679612;-0.00022486463;-0.20023191;0.14518282;-0.0047442326;-0.17716277;0.0;0.0;-1.3334575;0.00023949638;0.00022300084;0.0004287799;8.314011;19.101994;0.011574369;4050.3867;8375.6875;0.2348669;4.36691e-07;4.167838e-07;4.3384048e-07;0.0009816069;0.0012764507;1.5500542e-05;8.322486e-06;4.926548e-06;0.0001333563;5.588016e-06;1.0500646e-05;0.00013176416;1.0;1.0;47.59995;25
465640966;465469439;0.84654576;0.0013212927;-0.0376474;0.5309815;-40.066044;5.3067203;-0.07203902;0.0;0.0;-1.4171356;-0.002958187;0.0017068958;-0.0006130489;0.016719699;-0.058022924;-0.0653507;0.25662225;-0.00021971636;-0.19999689;0.14518261;-0.00510135;-0.17741099;0.0;0.0;-1.3334575;0.00023924516;0.00022271866;0.00042609393;8.390959;19.337685;0.011455294;4197.6855;8678.599;0.23357812;4.3728662e-07;4.175866e-07;4.2708214e-07;0.0009773957;0.0012755801;1.5455453e-05;8.20861e-06;4.9207465e-06;0.00013284093;5.5601117e-06;1.0204579e-05;0.00013123978;1.0;1.0;49.56705;25
466135965;465964299;0.84653246;0.033329643;-0.03008803;0.53044015;-40.298725;5.1853666;-0.06640055;0.0;0.0;-1.4255213;-0.002954573;0.0017259518;-0.00065696845;0.016503925;-0.05814173;-0.06540725;0.2564992;-0.00021577736;-0.199779;0.1451815;-0.0053723603;-0.1776379;0.0;0.0;-1.3334575;0.00023978935;0.00022291056;0.00042530292;8.485208;19.609924;0.011441367;4348.539;8994.665;0.23602393;4.3848456e-07;4.1897675e-07;4.2252918e-07;0.0009737374;0.0012748627;1.5421008e-05;8.11871e-06;4.9163555e-06;0.00013228608;5.5367163e-06;9.975637e-06;0.00013067544;1.0;1.0;51.51977;25
466639710;466468156;0.8447113;0.06530104;-0.03657244;0.5299632;-40.618835;5.088765;-0.08427526;0.0;0.0;-1.431448;-0.0029579985;0.001747238;-0.00070358615;0.016359352;-0.058403764;-0.06545671;0.25637293;-0.00021152958;-0.19949116;0.14519481;-0.0056637535;-0.17793052;0.0;0.0;-1.3334575;0.00024017355;0.00022293095;0.0004237389;8.569562;19.88039;0.011387075;4504.816;9319.318;0.2346198;4.3945442e-07;4.2025863e-07;4.173542e-07;0.00096968043;0.0012740876;1.5379681e-05;8.01667e-06;4.9105906e-06;0.00013123364;5.505544e-06;9.733522e-06;0.00012960687;1.0;1.0;53.532406;25
468637185;468465589;0.8099436;0.011358257;0.06891752;0.58233386;-42.039036;4.4513865;-0.11393334;0.0;0.0;-1.4063374;-0.003008797;0.00180859;-0.00086461764;0.01481829;-0.059033107;-0.06573383;0.2559596;-0.00019467884;-0.1967525;0.14535981;-0.0066306316;-0.1807206;0.0;0.0;-1.3334575;0.00024750686;0.00022610149;0.00042068024;8.964895;21.226898;0.011252078;5165.769;10758.987;0.23214942;4.4478435e-07;4.2763168e-07;4.0349923e-07;0.00095349783;0.0012717309;1.5228897e-05;7.766122e-06;4.8889797e-06;0.00012488436;5.430131e-06;9.07621e-06;0.00012321635;1.0;1.0;61.787647;25
469141069;468969446;0.81493294;0.017155325;-0.016427275;0.5790685;-42.299988;4.2321486;-0.12885645;0.0;0.0;-1.4052268;-0.0029969588;0.0018185646;-0.0009017912;0.014413645;-0.05907635;-0.06581121;0.25589827;-0.0001916316;-0.19644788;0.14533871;-0.0068236105;-0.18104649;0.0;0.0;-1.3334575;0.00024939992;0.00022658324;0.0004203994;9.0600395;21.58259;0.011214423;5341.6504;11144.095;0.2305031;4.458979e-07;4.292507e-07;4.0083157e-07;0.00094928325;0.0012710755;1.5188803e-05;7.727905e-06;4.883295e-06;0.00012435221;5.422176e-06;8.956445e-06;0.00012268493;1.0;1.0;63.93457;25
469635753;469464307;0.8154906;0.016391061;-0.049138386;0.5764476;-42.482273;4.08447;-0.06745865;0.0;0.0;-1.3956248;-0.002987518;0.0018259761;-0.00093272846;0.013921875;-0.05909309;-0.06589873;0.25584996;-0.00018918572;-0.19619893;0.1453202;-0.0069753355;-0.18131852;0.0;0.0;-1.3334575;0.00025097973;0.00022663726;0.00042089217;9.158433;21.905228;0.011125094;5519.712;11528.624;0.23260206;4.4726858e-07;4.3060984e-07;3.991344e-07;0.0009455892;0.001270389;1.5155933e-05;7.698329e-06;4.8790057e-06;0.00012406523;5.418033e-06;8.859477e-06;0.00012240066;1.0;1.0;66.067535;25
470139787;469968163;0.81811446;-0.0027444616;-0.015271226;0.5748461;-42.696445;3.9115539;-0.023822425;0.0;0.0;-1.3851924;-0.002981427;0.0018345644;-0.00096409075;0.013388898;-0.0591035;-0.065993056;0.25579882;-0.00018672795;-0.19603272;0.14529352;-0.007134413;-0.18151334;0.0;0.0;-1.3334575;0.00025278167;0.00022675408;0.0004207704;9.249175;22.246714;0.010970724;5704.4346;11931.473;0.23103449;4.483822e-07;4.3196138e-07;3.9682908e-07;0.0009415798;0.0012696756;1.5116973e-05;7.662871e-06;4.8733614e-06;0.00012378705;5.412123e-06;8.752413e-06;0.00012212216;1.0;1.0;68.266396;25
470634636;470463022;0.81831527;-0.010426954;0.018525444;0.5743765;-42.95575;3.7287846;-0.049397938;0.0;0.0;-1.38967;-0.0029724438;0.0018489143;-0.0009885067;0.013025653;-0.05912669;-0.06607172;0.25576517;-0.00018444151;-0.19581546;0.14526962;-0.007281158;-0.18175232;0.0;0.0;-1.3334575;0.00025484426;0.00022694576;0.0004207613;9.344752;22.611494;0.0110626845;5891.3896;12340.26;0.23319961;4.4951622e-07;4.3328765e-07;3.9467812e-07;0.00093809294;0.0012689808;1.5085868e-05;7.6287383e-06;4.867657e-06;0.0001235573;5.4064335e-06;8.652384e-06;0.00012188961;1.0;1.0;70.44834;25
471138457;470966879;0.8159798;-0.0044226125;0.03056292;0.57725495;-43.272446;3.512786;-0.06280773;0.0;0.0;-1.3659756;-0.0029696657;0.0018565473;-0.0010060108;0.0124555705;-0.059099182;-0.06617392;0.2557376;-0.00018271292;-0.19566584;0.1452521;-0.007382572;-0.18193024;0.0;0.0;-1.3334575;0.0002573679;0.00022734905;0.00042210845;9.453;23.009718;0.01106809;6087.0156;12775.097;0.23171484;4.5107993e-07;4.349045e-07;3.9371005e-07;0.0009344149;0.0012683433;1.5051026e-05;7.6022657e-06;4.8635043e-06;0.0001234025;5.4021343e-06;8.574339e-06;0.00012173516;1.0;1.0;72.697945;25
471633217;471461738;0.81736404;9.111425e-05;0.01852013;0.57582384;-43.575016;3.334732;-0.08244893;0.0;0.0;-1.3689736;-0.0029646487;0.0018662277;-0.0010234761;0.012204184;-0.059175625;-0.06623283;0.25572214;-0.00018085979;-0.19548473;0.14523192;-0.007492147;-0.18212675;0.0;0.0;-1.3334575;0.00026026354;0.00022791521;0.00042249836;9.550269;23.425938;0.011077013;6282.9233;13217.396;0.22958484;4.5227648e-07;4.364885e-07;3.9197474e-07;0.00093086925;0.001267703;1.5016944e-05;7.573738e-06;4.8578395e-06;0.00012325843;5.398157e-06;8.489418e-06;0.00012158877;1.0;1.0;74.92987;25
472137167;471965642;0.8173562;-0.007018757;0.0030104232;0.57608217;-43.81656;3.1785088;-0.063631125;0.0;0.0;-1.3642974;-0.0029574097;0.0018772159;-0.0010395591;0.011800428;-0.05917407;-0.06631587;0.25570807;-0.00017910238;-0.19533405;0.14520636;-0.0075965943;-0.18230304;0.0;0.0;-1.3334575;0.0002625676;0.00022786559;0.00042290305;9.644373;23.810173;0.011022808;6486.6606;13668.171;0.22819044;4.5345527e-07;4.3757538e-07;3.904015e-07;0.0009274201;0.0012669583;1.4982826e-05;7.5471517e-06;4.8522843e-06;0.00012315808;5.3948424e-06;8.410293e-06;0.00012148809;1.0;1.0;77.23481;25
472641356;472469452;0.80865383;-0.057523817;-0.03172182;0.5846057;-44.336655;3.1177197;-0.072849825;0.0;0.0;-1.3543699;-0.0029837033;0.001882913;-0.001053085;0.011808608;-0.059510484;-0.06634243;0.25572902;-0.00017572;-0.19421236;0.1452639;-0.0077088918;-0.183418;0.0;0.0;-1.3334575;0.0002656776;0.00022811783;0.0004227423;9.754331;24.239698;0.011259747;6696.2524;14136.923;0.2311433;4.549106e-07;4.3875593e-07;3.8895058e-07;0.0009245105;0.0012663098;1.4957998e-05;7.5199464e-06;4.846736e-06;0.00012175994;5.389165e-06;8.343121e-06;0.00012007104;1.0;1.0;79.56523;25
473135781;472964311;0.80627346;0.03721966;0.038121223;0.5891389;-44.723362;3.0026224;-0.070647754;0.0;0.0;-1.3428564;-0.002991916;0.0018883016;-0.0010626487;0.011500524;-0.05955115;-0.06640734;0.2557346;-0.00017361889;-0.19362706;0.14528018;-0.007784249;-0.18401861;0.0;0.0;-1.3334575;0.0002691787;0.00022857293;0.000423928;9.866488;24.687527;0.0112799825;6906.9033;14619.282;0.22933556;4.5655244e-07;4.402216e-07;3.8847426e-07;0.0009214746;0.00126566;1.4928866e-05;7.501058e-06;4.842572e-06;0.00012100742;5.3859835e-06;8.291447e-06;0.00011931162;1.0;1.0;81.90514;25
473639801;473468168;0.80506855;0.09037063;0.06988006;0.5820779;-44.76071;2.7775242;-0.065881014;0.0;0.0;-1.3639354;-0.0029326614;0.0018997046;-0.0010701892;0.010679074;-0.059199348;-0.06654763;0.25571027;-0.00017154003;-0.1932741;0.14524549;-0.007895924;-0.18441758;0.0;0.0;-1.3334575;0.0002715125;0.0002284034;0.0004251644;9.956038;25.106909;0.011238805;7124.571;15108.491;0.22813354;4.5760146e-07;4.4107307e-07;3.8745213e-07;0.0009183803;0.0012647389;1.4896651e-05;7.4801064e-06;4.837078e-06;0.00012043974;5.3786625e-06;8.2232555e-06;0.00011876097;1.0;1.0;84.308914;25
474134610;473963027;0.8101949;0.07259108;0.048833974;0.57959485;-44.722347;2.5316036;-0.05567532;0.0;0.0;-1.3899053;-0.0028545072;0.0019111326;-0.0010768293;0.009643108;-0.058688466;-0.066714555;0.25566313;-0.00016901536;-0.19265178;0.14523304;-0.008018503;-0.18508847;0.0;0.0;-1.3334575;0.00027358974;0.000228252;0.00042733824;10.051479;25.52931;0.011325418;7344.3184;15602.432;0.23056155;4.5894978e-07;4.4197233e-07;3.8712028e-07;0.00091567263;0.001263819;1.48709705e-05;7.460943e-06;4.8329503e-06;0.000119417775;5.3696567e-06;8.160717e-06;0.000117763935;1.0;1.0;86.660545;25
474638467;474466883;0.8148093;0.076075226;0.05723295;0.5718592;-44.611362;2.2759218;-0.05333929;0.0;0.0;-1.413996;-0.0027623044;0.0019219519;-0.0010796391;0.0084064035;-0.058061298;-0.066908754;0.2556128;-0.00016622515;-0.1918943;0.14522831;-0.0081389835;-0.18590502;0.0;0.0;-1.3334575;0.00027549404;0.00022780156;0.00042870792;10.133931;25.952915;0.011286029;7571.09;16113.671;0.22931105;4.5998044e-07;4.4262924e-07;3.861268e-07;0.0009127091;0.0012628181;1.4839291e-05;7.438359e-06;4.8274896e-06;0.00011823923;5.359975e-06;8.08975e-06;0.00011661394;1.0;1.0;89.04854;25
475133421;474961743;0.81756914;0.10072879;0.024889855;0.5664054;-44.58458;2.017039;-0.045152333;0.0;0.0;-1.4176631;-0.002678112;0.0019270193;-0.0010732714;0.007124502;-0.057432305;-0.06710734;0.255589;-0.0001637605;-0.19125186;0.14519766;-0.008225232;-0.18661031;0.0;0.0;-1.3334575;0.00027797805;0.00022764473;0.00043056556;10.214838;26.408464;0.011350368;7799.446;16638.75;0.22740881;4.6107087e-07;4.4363932e-07;3.853106e-07;0.0009098489;0.0012619493;1.48097215e-05;7.4127684e-06;4.82197e-06;0.00011675099;5.3475005e-06;8.020731e-06;0.00011514999;1.0;1.0;91.383064;25
475637432;475465599;0.8213177;0.16317797;-0.043370098;0.5449123;-44.4563;1.7711699;-0.0026691812;0.0;0.0;-1.4085894;-0.0025850227;0.0019239514;-0.0010491249;0.0056522684;-0.05670195;-0.06732752;0.2556064;-0.00016062183;-0.19030015;0.14514124;-0.008294368;-0.18763593;0.0;0.0;-1.3334575;0.00028062958;0.00022762922;0.00043330799;10.299306;26.87457;0.011558507;8038.247;17189.613;0.23057623;4.62345e-07;4.4483664e-07;3.8498004e-07;0.00090720336;0.0012611771;1.4786937e-05;7.3811766e-06;4.816554e-06;0.0001137212;5.32547e-06;7.951715e-06;0.0001121438;1.0;1.0;93.7556;25
476141107;475969503;0.81796014;0.19081694;-0.04482985;0.54085165;-44.597878;1.5617615;-0.011901407;0.0;0.0;-1.3781645;-0.002524346;0.0019200107;-0.0010209447;0.0045480933;-0.056312863;-0.067504734;0.2556779;-0.00015860208;-0.18978938;0.14504243;-0.008314607;-0.18820372;0.0;0.0;-1.3334575;0.0002833159;0.00022714112;0.00043709396;10.388828;27.347462;0.01195256;8280.939;17750.201;0.22978309;4.6399137e-07;4.4598613e-07;3.8575337e-07;0.000904279;0.0012605197;1.4759349e-05;7.3496344e-06;4.812577e-06;0.00010989078;5.2966802e-06;7.89983e-06;0.00010833041;1.0;1.0;96.124825;25
476635940;476464362;0.81702775;0.2186837;-0.0058915685;0.5334871;-44.40585;1.3383579;0.0231978;0.0;0.0;-1.3514894;-0.0024164303;0.0019164134;-0.0009825107;0.0026455089;-0.055444986;-0.06777939;0.25571996;-0.00015431173;-0.18846504;0.14495379;-0.008386297;-0.18961778;0.0;0.0;-1.3334575;0.00028532234;0.00022639845;0.0004404233;10.453953;27.783314;0.01223388;8521.642;18307.326;0.22854248;4.651785e-07;4.4681488e-07;3.8609812e-07;0.0009009326;0.0012598414;1.4727578e-05;7.3170345e-06;4.8071306e-06;0.00010541096;5.266859e-06;7.840557e-06;0.000103878156;1.0;1.0;98.45672;25
477139822;476968171;0.83333576;0.21856305;0.0020420144;0.50771797;-44.20706;1.1292396;0.06469089;0.0;0.0;-1.3353103;-0.002298605;0.0019165835;-0.00095065427;0.00079369976;-0.054604527;-0.068039685;0.25573733;-0.00014960434;-0.18704009;0.14488629;-0.008477765;-0.19112273;0.0;0.0;-1.3334575;0.00028769736;0.00022607447;0.00044408056;10.524639;28.261448;0.01278582;8773.1045;18896.836;0.23260397;4.6655282e-07;4.4798205e-07;3.8654133e-07;0.0008975083;0.0012591719;1.4701421e-05;7.2842604e-06;4.8017805e-06;0.00010163116;5.244976e-06;7.780128e-06;0.00010012155;1.0;1.0;100.804016;25
477634692;477463030;0.8408999;0.23209707;0.024009101;0.48830515;-44.116425;0.95485944;0.09615667;0.0;0.0;-1.3002068;-0.0021971627;0.0019169505;-0.0009219609;-0.0007924036;-0.054068316;-0.0682632;0.25576472;-0.00014573212;-0.18589342;0.14482634;-0.008542062;-0.19233282;0.0;0.0;-1.3334575;0.00028952793;0.00022522421;0.00044807995;10.588198;28.715117;0.0132722845;9022.827;19481.873;0.23198943;4.6814569e-07;4.4889114e-07;3.8741356e-07;0.000893262;0.0012583394;1.46670345e-05;7.2542616e-06;4.7977833e-06;9.891004e-05;5.231112e-06;7.727867e-06;9.741797e-05;1.0;1.0;103.09546;25
478138534;477966886;0.8618352;0.23026082;0.00798727;0.45183674;-43.83947;0.7752705;0.12865868;0.0;0.0;-1.2621691;-0.0020709422;0.001919305;-0.0008803344;-0.002891494;-0.053272806;-0.06854395;0.25579098;-0.00014036297;-0.18413953;0.14477928;-0.008622615;-0.19417533;0.0;0.0;-1.3334575;0.00029151767;0.00022454227;0.00045172535;10.63996;29.19185;0.013722035;9280.324;20098.186;0.23234896;4.6955867e-07;4.5003466e-07;3.8782065e-07;0.00088822085;0.0012570389;1.46299735e-05;7.2156577e-06;4.792481e-06;9.577545e-05;5.2187534e-06;7.6635215e-06;9.43001e-05;1.0;1.0;105.40613;25
478633325;478461745;0.8880809;0.24737398;0.00492742;0.38741988;-43.650978;0.65515804;0.17363846;0.0;0.0;-1.205826;-0.0019638238;0.0019195456;-0.00082710304;-0.0046150633;-0.052758962;-0.06877598;0.25589487;-0.00013651275;-0.18274182;0.14469653;-0.008621612;-0.1956489;0.0;0.0;-1.3334575;0.00029295054;0.00022366157;0.0004552127;10.687124;29.63252;0.014304258;9538.157;20707.998;0.23684613;4.7097421e-07;4.509617e-07;3.8821426e-07;0.00088294613;0.0012551706;1.4595522e-05;7.166933e-06;4.7871195e-06;9.312791e-05;5.2106234e-06;7.592818e-06;9.165702e-05;1.0;1.0;107.65748;25
479137178;478965601;0.92346483;0.23426321;-0.011518958;0.30364594;-43.679287;0.58956975;0.21748143;0.0;0.0;-1.1157271;-0.0018977495;0.001917987;-0.00077705004;-0.0057815854;-0.052538116;-0.068930544;0.25603762;-0.00013457792;-0.18179502;0.14461298;-0.008556933;-0.19665413;0.0;0.0;-1.3334575;0.00029525236;0.00022315086;0.00045987693;10.736118;30.15703;0.01484672;9804.104;21373.275;0.23804623;4.72942e-07;4.5283915e-07;3.8941468e-07;0.00087646354;0.0012522476;1.4557471e-05;7.110258e-06;4.7832687e-06;9.106119e-05;5.2039723e-06;7.521251e-06;8.958595e-05;1.0;1.0;109.94218;25
479641014;479469457;0.948613;0.21802515;-0.031890463;0.22711585;-43.77603;0.5442976;0.26633283;0.0;0.0;-1.0043821;-0.0018487432;0.0019157627;-0.00072316325;-0.0063820197;-0.05255744;-0.06902119;0.25627065;-0.00013427035;-0.18090554;0.14454412;-0.008392258;-0.1975828;0.0;0.0;-1.3334575;0.00029599335;0.00022181401;0.00046309465;10.764468;30.612444;0.015324091;10071.809;22028.258;0.23944286;4.7460972e-07;4.5404812e-07;3.8992698e-07;0.0008689062;0.0012477294;1.4513401e-05;7.02562e-06;4.778051e-06;8.9285124e-05;5.1923325e-06;7.423328e-06;8.7795976e-05;1.0;1.0;112.22811;25
480135906;479964316;0.9637619;0.19007489;-0.020999562;0.1859937;-43.984848;0.5383622;0.30786163;0.0;0.0;-0.88911957;-0.0018292306;0.001910981;-0.00067446963;-0.0059916084;-0.052591376;-0.06899919;0.2565663;-0.00013608793;-0.18008766;0.14453933;-0.008127759;-0.19841205;0.0;0.0;-1.3334575;0.00029633075;0.00022057688;0.00046524437;10.795115;31.055626;0.015786681;10341.016;22685.445;0.24510688;4.7638636e-07;4.5527935e-07;3.9003743e-07;0.0008613351;0.0012421346;1.4474947e-05;6.929387e-06;4.772794e-06;8.8240995e-05;5.173921e-06;7.3134674e-06;8.6736196e-05;1.0;1.0;114.4942;25
480640015;480468219;0.9730655;0.14863607;-0.013507718;0.17569402;-44.27194;0.5116122;0.33304;0.0;0.0;-0.76207966;-0.001824689;0.0019027842;-0.0006267549;-0.005013016;-0.05241432;-0.068912774;0.2568821;-0.00013914629;-0.179356;0.14456847;-0.00781919;-0.19914582;0.0;0.0;-1.3334575;0.00029781478;0.00021994293;0.0004672686;10.823482;31.58717;0.015983371;10617.975;23397.773;0.24681567;4.784126e-07;4.5730422e-07;3.9000943e-07;0.00085225597;0.0012340632;1.443285e-05;6.8364225e-06;4.7676535e-06;8.763338e-05;5.152929e-06;7.204108e-06;8.611709e-05;1.0;1.0;116.81839;25
481134688;480963078;0.9708058;0.16801216;-0.00647261;0.17107321;-44.486;0.50578845;0.36610326;0.0;0.0;-0.6459106;-0.0018147668;0.0018980828;-0.00057883497;-0.0037236682;-0.051866554;-0.06880641;0.25718135;-0.00014264965;-0.17887221;0.14457904;-0.0075191646;-0.1996204;0.0;0.0;-1.3334575;0.00029787523;0.00021871235;0.0004694327;10.848217;32.019672;0.015969394;10893.121;24076.29;0.24753442;4.805717e-07;4.583794e-07;3.90301e-07;0.0008425176;0.0012237143;1.4388695e-05;6.7623328e-06;4.763849e-06;8.737935e-05;5.1362836e-06;7.1133636e-06;8.5857115e-05;1.0;1.0;119.128555;25
481638490;481466887;0.9673018;0.1958722;-0.011665229;0.16070226;-44.69376;0.49183083;0.38985306;0.0;0.0;-0.5099847;-0.0018016549;0.0018922556;-0.0005270565;-0.0024827302;-0.05125272;-0.06870769;0.25750533;-0.00014628818;-0.17817962;0.14459792;-0.0072037694;-0.20031306;0.0;0.0;-1.3334575;0.00029850626;0.00021808392;0.00047180112;10.881793;32.489895;0.016238652;11180.066;24792.031;0.25400275;4.826978e-07;4.597438e-07;3.9059617e-07;0.00083319884;0.0012126112;1.4352091e-05;6.6844577e-06;4.758794e-06;8.684962e-05;5.1192906e-06;7.0233173e-06;8.531648e-05;1.0;1.0;121.504295;25
482133447;481961746;0.9715245;0.19672488;-0.03652583;0.12690689;-44.84939;0.46711597;0.4144312;0.0;0.0;-0.4133517;-0.0017953812;0.0018865018;-0.0004899348;-0.00033991694;-0.04963393;-0.06853352;0.2577935;-0.00014979712;-0.17746826;0.1446532;-0.006922012;-0.2010153;0.0;0.0;-1.3334575;0.00029949078;0.0002176433;0.0004742601;10.907029;32.97083;0.01626189;11463.091;25517.902;0.25427872;4.8482553e-07;4.6128974e-07;3.9101425e-07;0.0008225615;0.0011981832;1.431071e-05;6.6101757e-06;4.753699e-06;8.628892e-05;5.100411e-06;6.9408848e-06;8.4743835e-05;1.0;1.0;123.853294;25
482637110;482465602;0.9744824;0.20731299;-0.046422105;0.07246024;-45.071163;0.41685846;0.44310427;0.0;0.0;-0.31047654;-0.0018061787;0.0018741334;-0.0004778524;0.0023729915;-0.047647018;-0.068302445;0.2580234;-0.00015294543;-0.17678595;0.14476591;-0.00668156;-0.2016732;0.0;0.0;-1.3334575;0.0003006329;0.00021751269;0.00047732255;10.947107;33.48581;0.016275534;11757.613;26283.213;0.25529197;4.8736814e-07;4.6315316e-07;3.9197204e-07;0.00081192475;0.001181753;1.4275279e-05;6.5430054e-06;4.750081e-06;8.5873304e-05;5.0776416e-06;6.8683307e-06;8.431696e-05;1.0;1.0;126.26839;25
483140859;482969458;0.97955257;0.19375964;-0.05291656;-0.011574319;-45.413586;0.31905493;0.47323838;0.0;0.0;-0.19626132;-0.0018440468;0.0018496952;-0.00048865494;0.005859813;-0.045316827;-0.06799427;0.25824982;-0.00015642884;-0.17580828;0.14498138;-0.006406296;-0.20260312;0.0;0.0;-1.3334575;0.00030180166;0.00021782074;0.0004789357;10.997952;34.03614;0.016447835;12059.348;27081.312;0.26144448;4.8985396e-07;4.6533586e-07;3.9236355e-07;0.0008022062;0.0011654724;1.424815e-05;6.4557594e-06;4.745134e-06;8.5314176e-05;5.0406684e-06;6.780207e-06;8.374032e-05;1.0;1.0;128.70676;25
483635723;483464316;0.98001504;0.16515031;0.0042011156;-0.11080786;-45.898266;0.15487002;0.4636972;0.0;0.0;-0.10158071;-0.0019105871;0.0018060848;-0.0005173067;0.010559101;-0.042073153;-0.067573905;0.25849113;-0.0001615053;-0.17505729;0.14523831;-0.0060453434;-0.20326945;0.0;0.0;-1.3334575;0.00030100634;0.00021753437;0.0004787388;11.041543;34.525967;0.016201366;12357.376;27859.252;0.2609679;4.922885e-07;4.6696772e-07;3.9221467e-07;0.0007914144;0.0011454284;1.42154495e-05;6.348035e-06;4.740144e-06;8.501088e-05;4.988783e-06;6.668507e-06;8.3422725e-05;1.0;1.0;131.15561;25
484139779;483968172;0.97635233;0.08681252;-0.02085584;-0.19688748;-46.433197;-0.12121878;0.47251824;0.0;0.0;-0.01035775;-0.001985379;0.0017532288;-0.00054544053;0.01577836;-0.037981186;-0.06711805;0.25877902;-0.00016795276;-0.17457302;0.14545472;-0.005601622;-0.20366138;0.0;0.0;-1.3334575;0.00029909753;0.0002172899;0.00047895545;11.103037;35.03184;0.0157614;12667.338;28672.645;0.2606916;4.9513613e-07;4.6880953e-07;3.9247934e-07;0.000781045;0.0011239001;1.41891105e-05;6.2414306e-06;4.736604e-06;8.49176e-05;4.9323176e-06;6.5538234e-06;8.3320614e-05;1.0;1.0;133.68758;25
484634661;484463030;0.95749193;0.0036012663;-0.010924303;-0.28823063;-47.287506;-0.37590787;0.46972793;0.0;0.0;0.09995024;-0.0020721457;0.0016203751;-0.00050344307;0.022405315;-0.033232894;-0.06651018;0.25924227;-0.00018072344;-0.17549986;0.14544284;-0.0049707945;-0.20259163;0.0;0.0;-1.3334575;0.0002970315;0.00021742207;0.00046843832;11.171882;35.59146;0.014828268;12982.972;29518.262;0.26413885;4.9806044e-07;4.7094423e-07;3.8849115e-07;0.0007721121;0.0011039497;1.4173013e-05;6.0881257e-06;4.7316466e-06;8.294371e-05;4.8051793e-06;6.3496764e-06;8.138177e-05;1.0;1.0;136.2544;25
485138464;484966933;0.91787106;-0.0075108055;0.01875797;-0.39636427;-48.298706;-0.7920529;0.43184918;0.0;0.0;0.159262;-0.002163952;0.0014661825;-0.00048481263;0.02983838;-0.026765186;-0.06584829;0.25958925;-0.00019125362;-0.17609827;0.14544265;-0.0044639525;-0.2018189;0.0;0.0;-1.3334575;0.00029340253;0.00021719388;0.00045825026;11.250842;36.154167;0.013846084;13309.047;30388.61;0.26164576;5.01195e-07;4.7298087e-07;3.8517254e-07;0.00076282764;0.0010814007;1.4156038e-05;5.9260115e-06;4.7268227e-06;8.11395e-05;4.6684468e-06;6.1434203e-06;7.961157e-05;1.0;1.0;138.96913;25
485633140;485461792;0.84725326;-0.0014840688;0.011801029;-0.5310561;-49.28072;-1.2646145;0.38889778;0.0;0.0;0.18295561;-0.0022441794;0.0013165264;-0.0005108601;0.037074976;-0.02001382;-0.06520921;0.25979498;-0.00019797648;-0.17605889;0.14554992;-0.004093855;-0.20167536;0.0;0.0;-1.3334575;0.00028815187;0.00021655463;0.0004508789;11.344827;36.693523;0.013017192;13635.577;31252.732;0.257349;5.0450865e-07;4.7501277e-07;3.8340588e-07;0.0007544408;0.0010594758;1.414334e-05;5.7790953e-06;4.7232934e-06;7.9845035e-05;4.5451866e-06;5.9670674e-06;7.83419e-05;1.0;1.0;141.74115;25
486137293;485965600;0.7446624;0.006428694;-0.0020202233;-0.66740733;-50.509663;-1.8549099;0.3823895;0.0;0.0;0.242901;-0.0023316254;0.0011191848;-0.00056030264;0.044820793;-0.013050937;-0.064504884;0.2598936;-0.00020335408;-0.17600755;0.14567164;-0.0038094465;-0.2014771;0.0;0.0;-1.3334575;0.00028099315;0.00021537859;0.00044173872;11.45263;37.20399;0.012409531;13976.338;32137.262;0.25857514;5.0791897e-07;4.769098e-07;3.813057e-07;0.00074741285;0.0010408233;1.4136303e-05;5.5972664e-06;4.7185545e-06;7.860852e-05;4.395536e-06;5.75772e-06;7.7133656e-05;1.0;1.0;144.69269;25
486641041;486469456;0.65463954;0.004084129;-0.005666568;-0.7559089;-51.763474;-2.459665;0.38042465;0.0;0.0;0.26331425;-0.0023912287;0.00091801304;-0.00062098284;0.05259908;-0.0052604387;-0.063803524;0.25975096;-0.00020545282;-0.17577937;0.14583014;-0.0037842963;-0.20142315;0.0;0.0;-1.3334575;0.00027240175;0.00021344458;0.00043329297;11.564757;37.662178;0.0117445635;14320.702;33011.57;0.25385746;5.1138863e-07;4.786969e-07;3.7964816e-07;0.0007404233;0.0010213109;1.4127736e-05;5.414174e-06;4.7138356e-06;7.763198e-05;4.2481797e-06;5.556018e-06;7.618115e-05;1.0;1.0;147.78;25
487135789;486964314;0.5815229;0.0036864462;0.017146537;-0.813341;-52.835335;-2.9736803;0.3596842;0.0;0.0;0.25324723;-0.0024149376;0.00075647177;-0.0006679432;0.05932826;0.0021085476;-0.06320508;0.2595361;-0.00020637138;-0.1756004;0.14595851;-0.0038719978;-0.2013527;0.0;0.0;-1.3334575;0.00026439855;0.00021175694;0.0004279858;11.692354;38.16718;0.0111822635;14666.7;33911.242;0.24824661;5.150587e-07;4.8106614e-07;3.7911232e-07;0.00073436805;0.0010037159;1.4124093e-05;5.2654523e-06;4.710375e-06;7.6951306e-05;4.131126e-06;5.3952717e-06;7.5516735e-05;1.0;1.0;150.96527;25
487639691;487468169;0.5041077;0.0058259103;0.0050400556;-0.8636065;-54.168636;-3.4898057;0.35320064;0.0;0.0;0.28896433;-0.0024150948;0.00058315817;-0.00070757105;0.06587633;0.0089579085;-0.0626089;0.25918138;-0.00020653481;-0.1754249;0.14611252;-0.004102878;-0.20122834;0.0;0.0;-1.3334575;0.00025657323;0.00021011314;0.00042165132;11.829916;38.69712;0.010898887;15026.6875;34846.49;0.2482299;5.188666e-07;4.8365973e-07;3.780892e-07;0.00072945625;0.0009895423;1.4126036e-05;5.102759e-06;4.7056697e-06;7.628127e-05;4.006082e-06;5.226989e-06;7.4860574e-05;1.0;1.0;154.3501;25
488134613;487963027;0.46650743;0.006790708;-0.0002508735;-0.8844912;-55.39302;-3.962977;0.3408722;0.0;0.0;0.28372443;-0.002389004;0.00043410604;-0.0007319111;0.07215582;0.016104538;-0.06203991;0.25876594;-0.00020614019;-0.1753716;0.14622913;-0.0044306684;-0.2009936;0.0;0.0;-1.3334575;0.0002498961;0.00020893311;0.00041664718;11.97283;39.279976;0.010499498;15386.471;35817.547;0.242534;5.2277943e-07;4.867418e-07;3.7739656e-07;0.0007246979;0.00097561534;1.4127656e-05;4.953406e-06;4.700882e-06;7.5821714e-05;3.8944268e-06;5.0743647e-06;7.441181e-05;1.0;1.0;157.83362;25
488638541;488466883;0.4666772;0.007591295;0.006074983;-0.88437426;-56.632107;-4.355437;0.331293;0.0;0.0;0.28464648;-0.002343245;0.0003078888;-0.00074952893;0.078015566;0.022802398;-0.061504185;0.25836116;-0.00020604959;-0.1753153;0.1463381;-0.004757328;-0.20076759;0.0;0.0;-1.3334575;0.0002426353;0.00020735346;0.00041208783;12.118136;39.779064;0.010184836;15759.5;36778.81;0.23770092;5.2672254e-07;4.8967706e-07;3.7694437e-07;0.0007204804;0.0009633404;1.4129383e-05;4.815592e-06;4.696161e-06;7.541967e-05;3.7953914e-06;4.9356704e-06;7.4019794e-05;1.0;1.0;161.52235;25
489133177;488961741;0.4729333;0.0040313187;-0.0022679977;-0.8810862;-57.726505;-4.6610193;0.31105655;0.0;0.0;0.29624093;-0.002288021;0.00021542567;-0.0007612678;0.08290165;0.02834411;-0.061050523;0.25800738;-0.00020612961;-0.17523213;0.14644854;-0.005041597;-0.20060585;0.0;0.0;-1.3334575;0.00023630034;0.0002063891;0.00040960853;12.275298;40.31565;0.010033163;16136.053;37768.42;0.23703215;5.3072324e-07;4.9294863e-07;3.772574e-07;0.0007172061;0.0009539524;1.4136323e-05;4.706849e-06;4.6926752e-06;7.508436e-05;3.7192053e-06;4.8267348e-06;7.369164e-05;1.0;1.0;165.30447;25
489636994;489465643;0.48483568;-0.022557236;0.048983935;-0.87294114;-59.026012;-4.9764853;0.3058501;0.0;0.0;0.3034036;-0.0022031611;0.000120285884;-0.00076884154;0.08829946;0.034222774;-0.06053598;0.25763643;-0.00020670253;-0.17521122;0.14654985;-0.0053501446;-0.20034409;0.0;0.0;-1.3334575;0.00023084892;0.00020613607;0.00040635403;12.438337;40.93282;0.009822433;16527.533;38837.31;0.23267515;5.348548e-07;4.966126e-07;3.7717814e-07;0.0007139842;0.00094510993;1.41425235e-05;4.589704e-06;4.687936e-06;7.467401e-05;3.6387146e-06;4.707467e-06;7.3291856e-05;1.0;1.0;169.32483;25
490140884;489969452;0.5195377;-0.028404623;0.00062927784;-0.853975;-60.304836;-5.3881965;0.2797677;0.0;0.0;0.30437574;-0.0021098072;3.6319485e-05;-0.00081224;0.09398788;0.039920237;-0.05998829;0.25753048;-0.00021094347;-0.17570986;0.14655952;-0.0053904266;-0.19959924;0.0;0.0;-1.3334575;0.0002249292;0.00020575813;0.0004032984;12.6007185;41.45845;0.0095867235;16927.64;39889.33;0.228511;5.3888e-07;5.000575e-07;3.775528e-07;0.0007110092;0.0009376086;1.4146139e-05;4.482339e-06;4.6832e-06;7.405567e-05;3.5672758e-06;4.572723e-06;7.270324e-05;1.0;1.0;173.53137;25
490635892;490464309;0.51891685;-0.025541749;0.04674648;-0.8531634;-61.44666;-5.6653543;0.2763139;0.0;0.0;0.31212634;-0.0020071797;-1.9373918e-05;-0.0008303702;0.09859597;0.04449617;-0.059534814;0.25738916;-0.00021381292;-0.17592075;0.14659905;-0.0054845773;-0.19916423;0.0;0.0;-1.3334575;0.00021941119;0.00020553598;0.00040148187;12.767444;41.95653;0.009519874;17328.93;40935.016;0.22816138;5.427837e-07;5.035252e-07;3.7827883e-07;0.0007087006;0.0009320965;1.4152894e-05;4.3967043e-06;4.679699e-06;7.359166e-05;3.5118426e-06;4.4704807e-06;7.225974e-05;1.0;1.0;177.80179;25
491139774;490968165;0.47720551;0.016634356;-0.042221434;-0.8776193;-62.805763;-5.810078;0.26366428;0.0;0.0;0.2964478;-0.0018665545;-5.9689362e-05;-0.00080854533;0.10333749;0.049342986;-0.05904729;0.25702682;-0.0002149065;-0.1758888;0.14674069;-0.0057589435;-0.19890611;0.0;0.0;-1.3334575;0.00021452576;0.00020556389;0.0003985733;12.937156;42.498352;0.009453044;17743.727;42034.848;0.2245276;5.466516e-07;5.0718575e-07;3.7820647e-07;0.00070650113;0.00092721893;1.4158023e-05;4.3010177e-06;4.674981e-06;7.302178e-05;3.4531574e-06;4.38026e-06;7.169366e-05;1.0;1.0;182.37009;25
491634665;491463022;0.41254875;0.0437039;-0.07435479;-0.90684336;-64.1183;-5.7936525;0.25352094;0.0;0.0;0.27184504;-0.0017198573;-7.3430194e-05;-0.00074787595;0.10746677;0.05362382;-0.05860481;0.2564395;-0.00021413912;-0.17615396;0.14696409;-0.0061934027;-0.19832492;0.0;0.0;-1.3334575;0.00020970628;0.00020504229;0.00039560362;13.100257;42.93906;0.009370499;18152.16;43083.777;0.22074854;5.502471e-07;5.106253e-07;3.7788388e-07;0.00070458394;0.00092324836;1.4160582e-05;4.2088186e-06;4.6701493e-06;7.22802e-05;3.3997437e-06;4.314082e-06;7.093804e-05;1.0;1.0;186.99333;25
492138497;491966877;0.3896981;0.04906445;-0.081754506;-0.91599363;-65.18775;-5.7063;0.25145274;0.0;0.0;0.24716392;-0.0015944554;-6.506639e-05;-0.00068385724;0.11080636;0.057021346;-0.058229785;0.25592935;-0.00021296431;-0.17655018;0.14715038;-0.0065638316;-0.19765967;0.0;0.0;-1.3334575;0.0002051079;0.00020438962;0.00039454547;13.272841;43.35773;0.009297665;18576.277;44160.805;0.21811876;5.539384e-07;5.1416885e-07;3.7837393e-07;0.000702914;0.00092003495;1.4163242e-05;4.134233e-06;4.6667215e-06;7.162508e-05;3.3571825e-06;4.2662527e-06;7.026603e-05;1.0;1.0;191.92267;25
492633273;492461735;0.37099123;0.05034451;-0.090106785;-0.92288226;-66.43825;-5.5511627;0.2326288;0.0;0.0;0.24610165;-0.0014441023;-4.1163417e-05;-0.00059448206;0.114125535;0.060096644;-0.057849202;0.2553229;-0.00021103965;-0.17725146;0.14737192;-0.0069880495;-0.19665033;0.0;0.0;-1.3334575;0.00020123273;0.00020410262;0.0003922956;13.443146;43.792694;0.009299154;18997.986;45250.01;0.21907651;5.5738553e-07;5.1765335e-07;3.7819015e-07;0.0007015701;0.0009176338;1.4168591e-05;4.0534574e-06;4.661848e-06;7.073182e-05;3.3108329e-06;4.2201696e-06;6.93509e-05;1.0;1.0;196.91321;25
493137170;492965590;0.42812318;0.0001656057;0.025673827;-0.9033557;-67.693504;-5.6029587;0.22502708;0.0;0.0;0.21351348;-0.0012713465;-1.7545148e-05;-0.00057108625;0.11784136;0.063362494;-0.05740638;0.2548616;-0.00021061774;-0.17734244;0.147563;-0.0073521878;-0.19626059;0.0;0.0;-1.3334575;0.00019872199;0.0002054018;0.00039168957;13.639752;44.42118;0.009223629;19444.19;46503.73;0.21696256;5.610051e-07;5.2135863e-07;3.7870373e-07;0.00070030463;0.00091576314;1.4174543e-05;3.9799033e-06;4.6570262e-06;7.0429945e-05;3.2684295e-06;4.1612116e-06;6.904315e-05;1.0;1.0;202.17885;25
493641429;493469492;0.45867965;-0.007254788;0.0013610511;-0.888571;-69.044495;-5.576129;0.19685349;0.0;0.0;0.18390879;-0.0010698835;1.809721e-05;-0.0005745333;0.12164421;0.066386014;-0.056953676;0.2545504;-0.00021251003;-0.17723891;0.14773369;-0.0075945402;-0.19607532;0.0;0.0;-1.3334575;0.00019521946;0.00020595218;0.00039055158;13.822983;44.883213;0.009117415;19899.318;47683.637;0.21491116;5.643427e-07;5.24785e-07;3.793304e-07;0.00069907866;0.00091397;1.4176889e-05;3.9080232e-06;4.6521905e-06;7.024171e-05;3.229444e-06;4.0912255e-06;6.886302e-05;1.0;1.0;207.62682;25
494135900;493964350;0.45891094;-0.006182401;0.002117235;-0.8884583;-70.21873;-5.522724;0.18204713;0.0;0.0;0.16100124;-0.000887389;6.1889405e-05;-0.0005745841;0.12470971;0.06869643;-0.05658039;0.25430816;-0.0002143282;-0.17712837;0.14788081;-0.007776237;-0.19594017;0.0;0.0;-1.3334575;0.00019193847;0.0002065307;0.00039044983;14.009138;45.30497;0.009110935;20355.135;48849.656;0.21619888;5.6759296e-07;5.281854e-07;3.8041136e-07;0.0006980962;0.0009125574;1.418168e-05;3.849284e-06;4.6486175e-06;7.007994e-05;3.1987554e-06;4.034258e-06;6.870727e-05;1.0;1.0;213.19505;25
494639752;494468157;0.45561674;-0.0034523683;-0.00066145917;-0.8901692;-71.59686;-5.4459705;0.16045624;0.0;0.0;0.12512492;-0.0006609768;0.00012276067;-0.0005736279;0.12804945;0.07104362;-0.056162003;0.25400943;-0.00021622605;-0.17694458;0.14806774;-0.008003947;-0.19583584;0.0;0.0;-1.3334575;0.0001893738;0.00020776795;0.00038969205;14.203657;45.79401;0.009029568;20828.184;50098.582;0.21431859;5.7065887e-07;5.315294e-07;3.8104886e-07;0.0006971505;0.00091139105;1.41842e-05;3.7850211e-06;4.6437767e-06;6.99139e-05;3.1658828e-06;3.972942e-06;6.854709e-05;1.0;1.0;219.05292;25
495134947;494963015;0.44737715;0.0012237465;-0.0006958915;-0.89434433;-72.96535;-5.4022627;0.12667534;0.0;0.0;0.08047311;-0.00042153522;0.00019120806;-0.0005821103;0.13121624;0.07310105;-0.05575064;0.25373012;-0.00021869442;-0.17671281;0.14825709;-0.00821448;-0.19578454;0.0;0.0;-1.3334575;0.0001876083;0.0002096797;0.00038921193;14.406394;46.340378;0.008943669;21303.434;51395.6;0.21199931;5.735561e-07;5.347603e-07;3.816637e-07;0.0006963432;0.0009105817;1.4186786e-05;3.7250863e-06;4.6388573e-06;6.978543e-05;3.1358443e-06;3.915228e-06;6.8424524e-05;1.0;1.0;225.03201;25
495638505;495466870;0.439087;0.0046611526;0.008757021;-0.89838976;-74.12281;-5.325325;0.09877066;0.0;0.0;0.031575058;-0.00020903643;0.00025808296;-0.00059346214;0.133762;0.07473127;-0.055404622;0.25349072;-0.00022093876;-0.17645694;0.14841978;-0.008398009;-0.19580176;0.0;0.0;-1.3334575;0.0001855327;0.00021097016;0.00038982293;14.611259;46.786163;0.008949788;21793.434;52671.816;0.21399005;5.7649356e-07;5.3807736e-07;3.8285677e-07;0.0006956399;0.0009098313;1.41909095e-05;3.6749643e-06;4.63535e-06;6.971524e-05;3.1117347e-06;3.869001e-06;6.835695e-05;1.0;1.0;231.31703;25
496133213;495961727;0.43513808;0.0016301876;0.012421134;-0.90027666;-75.50862;-5.230412;0.08449425;0.0;0.0;-0.035261456;5.0744682e-05;0.0003427807;-0.0006124652;0.13656288;0.076327905;-0.05501613;0.25321326;-0.00022398192;-0.1761158;0.14862026;-0.008609569;-0.19586393;0.0;0.0;-1.3334575;0.00018398087;0.0002125789;0.00038942654;14.811426;47.24287;0.00887872;22283.67;53963.73;0.21179935;5.790171e-07;5.4107954e-07;3.834446e-07;0.0006949427;0.00090923917;1.4190065e-05;3.6193899e-06;4.630422e-06;6.964843e-05;3.0856181e-06;3.818383e-06;6.829344e-05;1.0;1.0;237.72403;25
496637155;496465581;0.45472047;-0.0075388113;-0.010507093;-0.8905404;-76.91297;-5.070823;0.053169537;0.0;0.0;-0.102572665;0.00032341026;0.00045000337;-0.00060959323;0.1391731;0.07752707;-0.05464203;0.2529724;-0.00022674074;-0.17585701;0.1488306;-0.008770568;-0.19585016;0.0;0.0;-1.3334575;0.00018241376;0.0002140509;0.00038881513;15.013161;47.661007;0.008808573;22790.951;55273.445;0.21020608;5.8134134e-07;5.4407514e-07;3.8399958e-07;0.0006942938;0.000908712;1.4187925e-05;3.565992e-06;4.625574e-06;6.94739e-05;3.0608837e-06;3.7691184e-06;6.8124165e-05;1.0;1.0;244.45349;25
497141054;496969436;0.40712327;-0.112872854;-0.08944858;-0.9019476;-78.171906;-4.9807663;0.08136989;0.0;0.0;-0.15867712;0.00056366686;0.0005593278;-0.0005880794;0.14134155;0.07817775;-0.054325152;0.2528113;-0.00022917858;-0.1758947;0.149008;-0.008846952;-0.19558284;0.0;0.0;-1.3334575;0.00018159207;0.00021621247;0.0003892577;15.23004;48.15607;0.008870089;23309.932;56663.89;0.21238032;5.8386104e-07;5.472991e-07;3.850209e-07;0.0006938021;0.00090839906;1.4190595e-05;3.5236505e-06;4.6220703e-06;6.90792e-05;3.0388023e-06;3.7281948e-06;6.7737616e-05;1.0;1.0;251.42459;25
497635731;497464293;0.26019043;0.009168577;0.06592976;-0.96326023;-79.536255;-4.6527753;-0.037612274;0.0;0.0;-0.26136363;0.0008272205;0.000717082;-0.00050788146;0.14363085;0.07852402;-0.05398724;0.25270754;-0.00023062735;-0.17707725;0.1491008;-0.008840885;-0.19416966;0.0;0.0;-1.3334575;0.00018169075;0.00021890148;0.00038822892;15.45123;48.74768;0.008817439;23828.395;58116.82;0.2104121;5.86024e-07;5.503089e-07;3.851314e-07;0.0006933378;0.00090826297;1.4188697e-05;3.478831e-06;4.6171635e-06;6.794435e-05;3.0075885e-06;3.6870483e-06;6.661879e-05;1.0;1.0;258.52606;25
498139733;497968195;0.11523856;0.0064023025;0.0053304;-0.993303;-80.74259;-4.349565;-0.053800035;0.0;0.0;-0.37422442;0.0010623578;0.00084420247;-0.00049612054;0.14538966;0.07912144;-0.053702332;0.25248533;-0.00022962138;-0.17685448;0.14918005;-0.009104942;-0.19416723;0.0;0.0;-1.3334575;0.00018191178;0.00022045425;0.0003882368;15.659779;49.250847;0.00874674;24360.764;59551.14;0.20908932;5.882987e-07;5.531043e-07;3.8520696e-07;0.0006928269;0.00090800645;1.418333e-05;3.4364439e-06;4.6123323e-06;6.7864305e-05;2.9767218e-06;3.6608787e-06;6.653974e-05;1.0;1.0;265.95886;25
498634479;498463052;0.06586285;0.0085924035;0.004071006;-0.9977834;-81.71867;-4.2291102;-0.06464239;0.0;0.0;-0.4796663;0.001243866;0.0009462118;-0.0005044805;0.14621311;0.07937303;-0.053566452;0.25228715;-0.00022855039;-0.1764214;0.14923118;-0.009376925;-0.19441834;0.0;0.0;-1.3334575;0.00018269994;0.0002218378;0.0003892948;15.874301;49.777573;0.008795345;24892.648;61001.55;0.21086794;5.9090667e-07;5.558986e-07;3.8566893e-07;0.00069254095;0.000907847;1.4195949e-05;3.4037157e-06;4.6087625e-06;6.78407e-05;2.9490345e-06;3.6407018e-06;6.65114e-05;1.0;1.0;273.4788;25
499138273;498966859;0.050362557;0.006237332;-0.0021712645;-0.99870914;-82.78948;-3.9464936;-0.085840486;0.0;0.0;-0.57114446;0.0014290118;0.0010854413;-0.0004816085;0.14736697;0.07962965;-0.05338335;0.2520802;-0.00022587363;-0.17604145;0.14928886;-0.009665486;-0.19461508;0.0;0.0;-1.3334575;0.00018387515;0.00022337631;0.0003893923;16.087318;50.323494;0.008746181;25442.047;62510.445;0.20958844;5.934021e-07;5.5848517e-07;3.8541816e-07;0.00069205347;0.00090764486;1.4187323e-05;3.3681802e-06;4.603935e-06;6.783171e-05;2.9165349e-06;3.6231709e-06;6.6498265e-05;1.0;1.0;281.30292;25
499633347;499461716;0.034047823;0.002764089;-0.0025359725;-0.9994132;-83.85556;-3.6253424;-0.11868196;0.0;0.0;-0.66114736;0.0015991693;0.0012372716;-0.0004525373;0.14839526;0.07970271;-0.053220853;0.2518983;-0.00022333015;-0.17574549;0.1493462;-0.009918436;-0.19473822;0.0;0.0;-1.3334575;0.00018535522;0.00022504912;0.00038938277;16.298586;50.87543;0.008684218;25991.508;64027.9;0.20780435;5.9589877e-07;5.6091085e-07;3.8505743e-07;0.0006915779;0.0009074488;1.4176274e-05;3.3351207e-06;4.599038e-06;6.781423e-05;2.88447e-06;3.6088568e-06;6.6477725e-05;1.0;1.0;289.1977;25
500137258;499965570;0.03329589;0.0036982624;0.004614249;-0.99942803;-84.92321;-3.310975;-0.13233626;0.0;0.0;-0.74526465;0.0017643317;0.0013965921;-0.0004314962;0.14927447;0.079718314;-0.053090617;0.25171548;-0.00022138067;-0.17539838;0.1494134;-0.010163062;-0.1949162;0.0;0.0;-1.3334575;0.00018686148;0.00022645803;0.00038950532;16.509455;51.38944;0.008724993;26558.758;65566.36;0.21016471;5.984535e-07;5.6324416e-07;3.8480752e-07;0.00069111475;0.0009071831;1.4168463e-05;3.3032945e-06;4.5942206e-06;6.780682e-05;2.8534348e-06;3.595218e-06;6.646711e-05;1.0;1.0;297.40118;25
500640825;500469424;0.034008756;-0.013836649;0.053129353;-0.9979124;-85.84807;-3.041675;-0.14729166;0.0;0.0;-0.84224653;0.0019051516;0.0015340275;-0.0004335499;0.15007804;0.079643145;-0.052968483;0.25158793;-0.0002212795;-0.17518377;0.14945665;-0.010346385;-0.194989;0.0;0.0;-1.3334575;0.00018941026;0.00022922244;0.00039114634;16.748672;52.04148;0.008700184;27145.156;67237.72;0.20900758;6.0148847e-07;5.65835e-07;3.8537647e-07;0.0006906938;0.0009070519;1.4156263e-05;3.279322e-06;4.5907564e-06;6.777659e-05;2.8270929e-06;3.5823618e-06;6.64381e-05;1.0;1.0;305.8545;25
501135859;500964283;0.034120414;-0.002765526;0.03744228;-0.99871236;-86.96281;-2.8846927;-0.18346676;0.0;0.0;-0.9377869;0.0020864876;0.0016870361;-0.00048205038;0.15096761;0.079658344;-0.052847497;0.2514161;-0.0002242338;-0.17489555;0.14952;-0.010560555;-0.195106;0.0;0.0;-1.3334575;0.00019173232;0.000231431;0.0003916691;16.971277;52.60675;0.008699025;27725.984;68848.23;0.20730975;6.041013e-07;5.6777213e-07;3.8529808e-07;0.00069020625;0.00090680283;1.4139343e-05;3.2508017e-06;4.585858e-06;6.7688175e-05;2.7977815e-06;3.565057e-06;6.635063e-05;1.0;1.0;314.27823;25
501639663;501468135;-0.025749944;0.006178923;-0.115562886;-0.9929472;-88.07906;-2.4869642;-0.17294002;0.0;0.0;-1.0272979;0.0022176527;0.0018794048;-0.00044196378;0.1515504;0.07934877;-0.0527755;0.25128424;-0.00022312002;-0.17481714;0.14959623;-0.010699838;-0.19503167;0.0;0.0;-1.3334575;0.00019425467;0.00023346841;0.00039172193;17.1905;53.17355;0.008725454;28322.197;70507.82;0.20983744;6.0671226e-07;5.6978837e-07;3.8496458e-07;0.0006897625;0.00090646546;1.4127064e-05;3.2242278e-06;4.5810802e-06;6.746175e-05;2.7693898e-06;3.5579935e-06;6.6120665e-05;1.0;1.0;323.1455;25
502134578;501962992;-0.12110896;0.01987975;-0.068674505;-0.9900612;-88.82452;-2.1948786;-0.20039532;0.0;0.0;-1.1229275;0.0022867343;0.0020289577;-0.00039259196;0.15188184;0.079045855;-0.05273583;0.25125968;-0.00022144262;-0.17507526;0.14959304;-0.010742549;-0.19468912;0.0;0.0;-1.3334575;0.00019696391;0.00023507093;0.0003920384;17.409393;53.752674;0.008617741;28909.963;72172.234;0.20812225;6.094793e-07;5.719663e-07;3.8471268e-07;0.00068926567;0.00090603053;1.4105891e-05;3.2059563e-06;4.5775523e-06;6.682955e-05;2.743476e-06;3.5569005e-06;6.548157e-05;1.0;1.0;331.95764;25
502638445;502466893;-0.14388262;-0.010583099;-0.056483302;-0.9879249;-89.52787;-1.8351355;-0.22194666;0.0;0.0;-1.2117213;0.0023488225;0.00217864;-0.00035748607;0.15221418;0.07872604;-0.05270839;0.25125647;-0.00021976973;-0.17532475;0.149554;-0.01081246;-0.19436216;0.0;0.0;-1.3334575;0.0001994619;0.00023604816;0.00039138494;17.611336;54.27741;0.008538777;29518.193;73849.32;0.20701705;6.1208186e-07;5.7370187e-07;3.8378704e-07;0.0006887332;0.0009055069;1.4083131e-05;3.1866653e-06;4.5728116e-06;6.641636e-05;2.7118197e-06;3.5554135e-06;6.5065986e-05;1.0;1.0;341.1709;25
503133481;502961750;-0.13209783;0.0028717301;0.005135326;-0.9912192;-90.386635;-1.6556685;-0.22395737;0.0;0.0;-1.2951534;0.0024384612;0.0023243076;-0.00038013718;0.1524251;0.0786239;-0.052707493;0.25118446;-0.00021979958;-0.1749428;0.14955631;-0.010958238;-0.19464225;0.0;0.0;-1.3334575;0.00020283992;0.0002380668;0.00039142702;17.829062;54.893288;0.008589336;30133.355;75589.05;0.20883884;6.148957e-07;5.752162e-07;3.8305973e-07;0.00068832585;0.00090514915;1.4067544e-05;3.168468e-06;4.567982e-06;6.6381e-05;2.682253e-06;3.5500068e-06;6.5024054e-05;1.0;1.0;350.30313;25
503636969;503465556;-0.13758494;0.0010588616;0.005460322;-0.99047434;-91.07087;-1.4156364;-0.250285;0.0;0.0;-1.3659567;0.0025104613;0.0024561808;-0.00039883173;0.15251501;0.07852528;-0.052744705;0.2511257;-0.00021996725;-0.17463344;0.1495607;-0.011077115;-0.19486368;0.0;0.0;-1.3334575;0.00020579736;0.00023932479;0.0003925202;18.046677;55.420715;0.008559738;30768.656;77318.73;0.2077069;6.177021e-07;5.769762e-07;3.831986e-07;0.00068781583;0.00090469915;1.4043539e-05;3.1528564e-06;4.5645716e-06;6.637419e-05;2.6572254e-06;3.5456683e-06;6.501144e-05;1.0;1.0;359.7699;25
504140867;503969410;-0.14132339;-0.0010874763;4.369086e-05;-0.98996294;-91.86145;-1.1440295;-0.24996603;0.0;0.0;-1.4395283;0.0025786904;0.002609985;-0.00041728455;0.15260637;0.078353904;-0.05278389;0.2510721;-0.00022006898;-0.17429501;0.14956136;-0.0112004895;-0.19510698;0.0;0.0;-1.3334575;0.00020918336;0.00024097196;0.00039270337;18.260107;55.97784;0.008533573;31414.086;79097.7;0.206634;6.203809e-07;5.782953e-07;3.8266174e-07;0.0006873324;0.0009042861;1.4019646e-05;3.1357717e-06;4.5598554e-06;6.636571e-05;2.6291223e-06;3.5414896e-06;6.4997446e-05;1.0;1.0;369.41354;25
504635858;504464267;-0.12884445;-0.003258676;-0.0059524802;-0.99164164;-92.688866;-0.8578994;-0.2547573;0.0;0.0;-1.5003982;0.0026389025;0.0027757916;-0.0004284948;0.15260959;0.07815604;-0.052849956;0.25101614;-0.00022010223;-0.17397562;0.14957404;-0.01131316;-0.19533165;0.0;0.0;-1.3334575;0.00021224121;0.00024207537;0.00039265712;18.461084;56.464878;0.0085797375;32054.97;80822.58;0.2085307;6.227305e-07;5.79342e-07;3.820816e-07;0.00068684906;0.0009038554;1.3999767e-05;3.118859e-06;4.5550732e-06;6.635891e-05;2.6018472e-06;3.5381354e-06;6.498561e-05;1.0;1.0;379.03275;25
505139508;504968120;0.06938474;0.016276315;-0.009764822;-0.9974094;-93.57028;-0.40176627;-0.24790895;0.0;0.0;-1.5523453;0.0026635518;0.0029652545;-0.00038413334;0.1525284;0.077814035;-0.05293645;0.25093654;-0.00021836525;-0.17380835;0.14963834;-0.011383455;-0.19539624;0.0;0.0;-1.3334575;0.00021565803;0.0002436027;0.00039394823;18.683317;56.968117;0.008534771;32717.795;82618.5;0.20745867;6.251407e-07;5.807395e-07;3.825705e-07;0.00068632775;0.0009034281;1.3973262e-05;3.1026195e-06;4.551702e-06;6.627445e-05;2.5821462e-06;3.5363385e-06;6.489371e-05;1.0;1.0;388.98984;25
505634340;505462976;0.3813099;-0.0069227773;-0.00023474383;-0.9244213;-94.92379;0.33231196;-0.2970786;0.0;0.0;-1.5962691;0.00272791;0.0032740103;-0.00033978056;0.15262753;0.07700153;-0.053001266;0.25081846;-0.00021987541;-0.17379005;0.14983597;-0.011354539;-0.19523905;0.0;0.0;-1.3334575;0.00021939438;0.0002465682;0.0003947991;18.93122;57.552956;0.008496817;33392.023;84504.945;0.2058948;6.272932e-07;5.8155734e-07;3.830044e-07;0.0006858976;0.0009031149;1.3948448e-05;3.0776303e-06;4.5469433e-06;6.6156514e-05;2.5638342e-06;3.5179114e-06;6.4781336e-05;1.0;1.0;399.03967;25
506138192;505966830;0.7361564;-0.013259749;-0.069510154;-0.673102;-96.55319;1.0154567;-0.30254528;0.0;0.0;-1.6401565;0.002873031;0.0036520544;-0.00031955616;0.15327384;0.07559154;-0.052992035;0.2508663;-0.00023199638;-0.17528893;0.15018825;-0.010901275;-0.19355685;0.0;0.0;-1.3334575;0.00022100948;0.0002489276;0.00039413237;19.195244;58.14182;0.008579662;34092.355;86506.29;0.20843099;6.2930616e-07;5.8217086e-07;3.8316094e-07;0.00068553945;0.0009028544;1.3944882e-05;3.0484603e-06;4.542277e-06;6.529475e-05;2.5520528e-06;3.4484763e-06;6.393619e-05;1.0;1.0;409.6213;25
506633057;506461686;0.9424506;-0.037394438;-0.04750901;-0.3288337;-98.160194;1.6029798;-0.24804465;0.0;0.0;-1.6722841;0.002998851;0.003979633;-0.00024166526;0.15345132;0.07400534;-0.05306639;0.2509246;-0.00023941399;-0.17526616;0.1507081;-0.010419267;-0.19344895;0.0;0.0;-1.3334575;0.00021871812;0.00024817043;0.0003928042;19.43291;58.657238;0.008543261;34788.43;88457.54;0.20687611;6.3123366e-07;5.8259866e-07;3.8250855e-07;0.00068502675;0.0009023609;1.3917623e-05;3.0247368e-06;4.5388583e-06;6.5078995e-05;2.5397555e-06;3.3754313e-06;6.371781e-05;1.0;1.0;420.3047;25
507136971;506965587;0.99994755;0.0055476394;-0.008003353;0.0031890408;-99.545906;2.309585;-0.23886965;0.0;0.0;-1.7141657;0.003088086;0.004277491;-6.288728e-05;0.15347303;0.07219539;-0.053167634;0.25105134;-0.00024396119;-0.17507544;0.1513597;-0.009788637;-0.19356038;0.0;0.0;-1.3334575;0.0002137942;0.00024484;0.00038823046;19.624142;59.110325;0.008528341;35502.848;90414.12;0.205947;6.3311455e-07;5.829751e-07;3.7969463e-07;0.0006844549;0.00090166135;1.3888546e-05;3.0062522e-06;4.534261e-06;6.482955e-05;2.5160793e-06;3.282753e-06;6.345956e-05;1.0;1.0;431.63864;25
507640985;507469393;0.95848787;0.045851197;0.0037009206;0.28139833;-99.99434;2.7640061;-0.32397944;0.0;0.0;-1.757162;0.0031252503;0.0044332393;8.081281e-05;0.15337427;0.071050234;-0.05329389;0.2511201;-0.00024394171;-0.1743951;0.15183587;-0.009466029;-0.19421558;0.0;0.0;-1.3334575;0.00020917888;0.00024109945;0.00038336817;19.797054;59.625526;0.0085433405;36223.152;92396.33;0.20498745;6.3571065e-07;5.842588e-07;3.7630736e-07;0.00068391545;0.0009009349;1.3858542e-05;2.997178e-06;4.529668e-06;6.441129e-05;2.4837773e-06;3.204912e-06;6.301998e-05;1.0;1.0;443.05307;25
508135983;507964249;0.8652296;0.031648897;-0.07432144;0.49482563;-100.01198;2.916968;-0.3363811;0.0;0.0;-1.8000176;0.0031303235;0.004486019;0.00014418145;0.1531582;0.07074773;-0.05342882;0.25116432;-0.00024225721;-0.17383423;0.15202934;-0.009402499;-0.19480346;0.0;0.0;-1.3334575;0.00020607185;0.00023812299;0.00037940717;19.955702;60.172035;0.008620909;36943.06;94391.31;0.20702802;6.3896584e-07;5.8640137e-07;3.7308192e-07;0.0006834185;0.0009002807;1.383453e-05;2.993801e-06;4.5250254e-06;6.410181e-05;2.4488386e-06;3.1511572e-06;6.268971e-05;1.0;1.0;454.34265;25
508639697;508468103;0.75927985;0.04447731;-0.09962275;0.6415537;-99.87197;2.8812397;-0.2742072;0.0;0.0;-1.8359087;0.003125854;0.0044866605;0.00014359735;0.15277432;0.07108218;-0.053600155;0.25118876;-0.00024108858;-0.17368822;0.15201855;-0.00944907;-0.19499195;0.0;0.0;-1.3334575;0.00020434713;0.00023581088;0.0003780298;20.12133;60.718815;0.008605209;37688.773;96445.56;0.20620647;6.4274224e-07;5.8957863e-07;3.7144724e-07;0.0006828292;0.0008996274;1.3802025e-05;2.9935702e-06;4.5217917e-06;6.402618e-05;2.419521e-06;3.1226496e-06;6.260443e-05;1.0;1.0;465.8707;25
509134538;508962958;0.6947546;0.036263924;-0.011512886;0.71823984;-99.80475;2.6943018;-0.28780034;0.0;0.0;-1.8885602;0.0031217395;0.0044786124;0.00010391712;0.15244576;0.071570404;-0.053754725;0.25122368;-0.00023999228;-0.17360589;0.15190884;-0.009568545;-0.19511959;0.0;0.0;-1.3334575;0.00020431499;0.00023476085;0.00037619186;20.289917;61.338886;0.008674563;38432.934;98524.86;0.20830896;6.4667324e-07;5.9282036e-07;3.692385e-07;0.0006822701;0.00089906104;1.3775698e-05;2.9929827e-06;4.517176e-06;6.379576e-05;2.3860343e-06;3.1016175e-06;6.236433e-05;1.0;1.0;477.0949;25
509638386;509466811;0.67936796;-0.03376603;0.092235886;0.7271943;-99.79404;2.376531;-0.38641933;0.0;0.0;-1.9343582;0.0031192927;0.0044736783;5.457452e-05;0.15200862;0.072117366;-0.05394574;0.25126836;-0.00023880489;-0.17346887;0.1517715;-0.0097089065;-0.19529971;0.0;0.0;-1.3334575;0.00020544454;0.00023478249;0.00037503467;20.487173;62.083515;0.008693004;39205.586;100745.62;0.20756467;6.50901e-07;5.964511e-07;3.674907e-07;0.000681629;0.0008985288;1.3742079e-05;2.9926662e-06;4.512679e-06;6.345946e-05;2.3557059e-06;3.0832557e-06;6.201677e-05;1.0;1.0;488.61935;25
510133175;509961668;0.6629917;-0.009084335;0.028935561;0.74801224;-99.97145;2.1653163;-0.38391957;0.0;0.0;-1.9628403;0.0031079683;0.0044815275;2.3572804e-05;0.15162158;0.072468065;-0.054123595;0.2513046;-0.00023711003;-0.17311104;0.15168375;-0.009842937;-0.19567998;0.0;0.0;-1.3334575;0.00020668819;0.00023471833;0.00037437954;20.67703;62.77941;0.008656819;39966.387;102914.88;0.2061711;6.549389e-07;6.003027e-07;3.6665958e-07;0.00068089063;0.000897968;1.37048755e-05;2.9920643e-06;4.5093925e-06;6.320895e-05;2.3342147e-06;3.0643648e-06;6.174979e-05;1.0;1.0;499.82812;25
510636912;510465521;0.6798448;-0.0037848437;-0.010317268;0.7332737;-99.96291;2.1060283;-0.37217933;0.0;0.0;-2.002475;0.003098201;0.0044834632;-1.950904e-05;0.15115488;0.072948664;-0.054301724;0.25134963;-0.00023554034;-0.1728245;0.15156598;-0.00998045;-0.19600658;0.0;0.0;-1.3334575;0.0002078138;0.0002344907;0.0003726973;20.849577;63.410477;0.008687988;40750.438;105102.914;0.20888884;6.5887366e-07;6.042428e-07;3.6519148e-07;0.0006801089;0.00089737837;1.3674168e-05;2.9912828e-06;4.504937e-06;6.307194e-05;2.311085e-06;3.0460506e-06;6.160126e-05;1.0;1.0;511.35376;25
511140954;510969421;0.6813258;-0.0060058786;-0.010162827;0.7318852;-99.9734;2.0980186;-0.34538007;0.0;0.0;-2.0223243;0.0030895947;0.0044890377;-5.6115892e-05;0.15052164;0.07349249;-0.05452773;0.2513886;-0.00023402339;-0.17257304;0.15145986;-0.010107639;-0.19629987;0.0;0.0;-1.3334575;0.00020902835;0.00023440522;0.00037122506;21.020597;64.02603;0.008652535;41546.824;107301.51;0.20802799;6.626551e-07;6.081929e-07;3.6383634e-07;0.00067919336;0.0008967518;1.36336575e-05;2.9906707e-06;4.500493e-06;6.30091e-05;2.289475e-06;3.028924e-06;6.1526305e-05;1.0;1.0;522.84045;25
511635859;511464276;0.6809666;-0.0015916524;-0.011260912;0.7322262;-99.96759;2.114657;-0.3224114;0.0;0.0;-2.0437682;0.0030806316;0.004494886;-8.139494e-05;0.14989363;0.07397146;-0.054747324;0.2514224;-0.0002326763;-0.17236239;0.1513786;-0.010208288;-0.19654807;0.0;0.0;-1.3334575;0.00021015515;0.0002341668;0.00037081612;21.190752;64.573845;0.008610583;42339.67;109433.61;0.2066041;6.6616565e-07;6.120907e-07;3.6332446e-07;0.00067821087;0.0008961152;1.3590562e-05;2.990278e-06;4.497266e-06;6.296112e-05;2.2721981e-06;3.0152446e-06;6.1467596e-05;1.0;1.0;534.1204;25
512139537;511968082;0.6802416;-0.003625731;-0.010031059;0.73291045;-99.979836;2.1543;-0.32260007;0.0;0.0;-2.0560806;0.0030675065;0.0045037153;-0.000108084656;0.14922373;0.07446585;-0.05498293;0.25145987;-0.00023111739;-0.1721256;0.15129063;-0.010321785;-0.19682424;0.0;0.0;-1.3334575;0.00021197848;0.00023467743;0.00036972584;21.367281;65.20783;0.00858683;43161.773;111691.125;0.20572136;6.6963355e-07;6.160557e-07;3.6220712e-07;0.0006772308;0.0008955218;1.3548491e-05;2.989902e-06;4.492858e-06;6.291171e-05;2.253316e-06;3.0006279e-06;6.140506e-05;1.0;1.0;545.6148;25
512634545;512462938;0.6789149;0.0048600547;-0.0016224966;0.73419917;-99.99646;2.2062726;-0.30758026;0.0;0.0;-2.08268;0.003053245;0.0045110774;-0.000133859;0.14866614;0.07486506;-0.055188008;0.25150287;-0.00022959015;-0.17192389;0.15120256;-0.010431284;-0.19706234;0.0;0.0;-1.3334575;0.0002135278;0.0002348215;0.00036857554;21.527914;65.74809;0.008646303;43978.03;113854.69;0.20777667;6.726615e-07;6.1984224e-07;3.6108818e-07;0.0006762794;0.0008949267;1.3512358e-05;2.989214e-06;4.4883877e-06;6.2870844e-05;2.2352838e-06;2.9876342e-06;6.1352424e-05;1.0;1.0;556.89575;25
513138670;512966790;0.6769322;0.049232185;-0.038179345;0.73340404;-99.99332;2.1870997;-0.3505992;0.0;0.0;-2.0885518;0.0030348748;0.0045185494;-0.00015304981;0.1480332;0.075315244;-0.055418067;0.2515393;-0.00022829726;-0.17184249;0.15112199;-0.010526377;-0.19718269;0.0;0.0;-1.3334575;0.00021628125;0.00023627028;0.000368542;21.720068;66.46431;0.008669504;44835.027;116227.47;0.20689866;6.758674e-07;6.238026e-07;3.6017278e-07;0.0006752919;0.00089442317;1.3470087e-05;2.9893342e-06;4.4840144e-06;6.2654166e-05;2.2161378e-06;2.9778373e-06;6.112384e-05;1.0;1.0;568.3688;25
513633256;513461646;0.6786308;-0.011987352;0.023451125;0.73400724;-99.99002;2.242536;-0.39053395;0.0;0.0;-2.1152582;0.0030189971;0.0045284787;-0.0001722003;0.14733562;0.07577984;-0.0556533;0.25156918;-0.00022717776;-0.17172584;0.15104957;-0.010610381;-0.19733432;0.0;0.0;-1.3334575;0.00021817943;0.00023664588;0.0003689445;21.894114;66.98433;0.008751692;45679.41;118414.34;0.2090949;6.785662e-07;6.274741e-07;3.599943e-07;0.0006742667;0.00089385157;1.3432186e-05;2.9891632e-06;4.4808553e-06;6.253991e-05;2.2013946e-06;2.9693445e-06;6.100004e-05;1.0;1.0;579.67053;25
514136968;513965499;0.67762494;0.008986229;0.0034924266;0.7353445;-99.984535;2.2157335;-0.34609494;0.0;0.0;-2.11777;0.0029920854;0.004528628;-0.00018986416;0.14671728;0.0761722;-0.05587906;0.2516121;-0.00022560997;-0.17152421;0.15097837;-0.010706;-0.1975699;0.0;0.0;-1.3334575;0.00022090424;0.00023788497;0.00036831803;22.068762;67.601555;0.008768156;46550.633;120752.07;0.20830356;6.8107437e-07;6.3117386e-07;3.5920368e-07;0.00067311357;0.00089328794;1.3386231e-05;2.9891278e-06;4.476519e-06;6.245224e-05;2.18698e-06;2.9581834e-06;6.0899787e-05;1.0;1.0;591.1397;25
514640918;514469351;0.678134;0.02711117;-0.010207267;0.7343672;-99.97755;2.2633662;-0.30679744;0.0;0.0;-2.1277869;0.0029669958;0.004532171;-0.00020598127;0.1460046;0.07664922;-0.056110762;0.25164723;-0.00022424963;-0.1714027;0.15090609;-0.0107932845;-0.19773415;0.0;0.0;-1.3334575;0.00022405064;0.00023953122;0.0003681386;22.249762;68.242966;0.008792136;47440.684;123146.29;0.20756453;6.834038e-07;6.348417e-07;3.5850618e-07;0.0006719106;0.0008927594;1.3339664e-05;2.9894181e-06;4.472211e-06;6.239815e-05;2.172689e-06;2.9490784e-06;6.0834762e-05;1.0;1.0;602.65375;25
515135791;514964207;0.6755358;0.06978431;-0.04913075;0.7323713;-99.97482;2.3815525;-0.34591693;0.0;0.0;-2.1299396;0.0029456944;0.0045396504;-0.0002116539;0.14517723;0.07712865;-0.056362413;0.25167254;-0.0002231119;-0.1712988;0.15085268;-0.010861904;-0.19787759;0.0;0.0;-1.3334575;0.00022803579;0.00024203965;0.00036956745;22.457108;69.00401;0.008828567;48337.527;125631.984;0.20632105;6.859702e-07;6.3862916e-07;3.5856783e-07;0.0006706962;0.00089232676;1.3292873e-05;2.9904265e-06;4.469094e-06;6.217621e-05;2.1597616e-06;2.9426487e-06;6.060188e-05;1.0;1.0;613.9356;25
515639566;515468106;0.67579603;0.06956213;-0.052423384;0.731924;-99.99544;2.554025;-0.3890375;0.0;0.0;-2.1616368;0.0029234206;0.0045470595;-0.00021676329;0.14442573;0.0775199;-0.056590427;0.25170895;-0.00022176094;-0.17117806;0.15079133;-0.0109406905;-0.19803861;0.0;0.0;-1.3334575;0.00023167409;0.00024399444;0.00037011222;22.646374;69.67176;0.008992607;49257.66;128081.95;0.20926028;6.8787386e-07;6.421412e-07;3.5805238e-07;0.00066944596;0.0008918638;1.3252939e-05;2.9907396e-06;4.464816e-06;6.191701e-05;2.145519e-06;2.9356218e-06;6.0332044e-05;1.0;1.0;625.43555;25
516134546;515962962;0.67813134;-0.014806731;0.017533973;0.73458236;-99.997955;2.7193797;-0.3755673;0.0;0.0;-2.1795914;0.0029015015;0.0045529124;-0.00022740374;0.14348394;0.078004114;-0.05685344;0.25174314;-0.00022044085;-0.1710391;0.15072486;-0.0110186;-0.19822145;0.0;0.0;-1.3334575;0.00023497047;0.00024556697;0.00036985148;22.819206;70.228294;0.009020037;50165.223;130417.53;0.2081781;6.8918183e-07;6.451698e-07;3.574199e-07;0.00066787796;0.0008913144;1.3199875e-05;2.990842e-06;4.4604744e-06;6.1848245e-05;2.133892e-06;2.927477e-06;6.0252303e-05;1.0;1.0;636.7174;25
516638386;516466767;0.67508286;-0.07314404;0.08856596;0.7287449;-99.97089;2.9660678;-0.34157485;0.0;0.0;-2.188395;0.00288432;0.004557331;-0.00023099621;0.14242636;0.07852456;-0.057124425;0.25176603;-0.00021923945;-0.17087394;0.15068057;-0.011081076;-0.19843408;0.0;0.0;-1.3334575;0.00023895988;0.00024773105;0.00036975433;23.014866;70.85456;0.008956667;51096.58;132883.06;0.20760329;6.907133e-07;6.48163e-07;3.5753564e-07;0.0006661632;0.00089079613;1.3146162e-05;2.991602e-06;4.457482e-06;6.1508406e-05;2.1266064e-06;2.9175126e-06;5.989892e-05;1.0;1.0;648.1947;25
517133217;516961622;0.6800838;-0.036865927;0.069698274;0.72888213;-99.92608;3.1567698;-0.30242446;0.0;0.0;-2.2048392;0.002872756;0.004555274;-0.00023223636;0.14161849;0.07888838;-0.057337224;0.25179628;-0.00021794788;-0.17076024;0.15064247;-0.011145209;-0.19859539;0.0;0.0;-1.3334575;0.00024198167;0.00024878164;0.00036775114;23.177576;71.286194;0.008927745;52005.027;135149.23;0.20991288;6.910991e-07;6.5024983e-07;3.5692256e-07;0.00066442636;0.00089021446;1.3098144e-05;2.9914984e-06;4.4531757e-06;6.08009e-05;2.119563e-06;2.9049056e-06;5.9179023e-05;1.0;1.0;659.4977;25
517637102;517465474;0.6903528;0.079248115;0.08384384;0.714215;-99.69057;3.410464;-0.28441647;0.0;0.0;-2.1629205;0.0029097423;0.0045459964;-0.00023243295;0.14035855;0.07946369;-0.057636086;0.25180486;-0.00021669005;-0.17072278;0.150608;-0.011197438;-0.19869745;0.0;0.0;-1.3334575;0.00024533845;0.00025046727;0.00036710815;23.351025;71.78595;0.00887526;52960.758;137531.03;0.20907322;6.915574e-07;6.525709e-07;3.564859e-07;0.0006625633;0.0008896588;1.3041775e-05;2.9927603e-06;4.4489634e-06;6.053434e-05;2.1111634e-06;2.8972433e-06;5.891416e-05;1.0;1.0;670.95544;25
518140902;517969327;0.7032744;0.049536947;0.049943153;0.70742977;-99.37577;3.7020621;-0.26429775;0.0;0.0;-2.1248744;0.0029674897;0.0045331707;-0.00023102592;0.13906701;0.08002639;-0.057932828;0.2517997;-0.000215468;-0.17064746;0.15058248;-0.011238589;-0.19883014;0.0;0.0;-1.3334575;0.00024972038;0.00025342812;0.0003682459;23.55266;72.46617;0.008888477;53946.562;140118.33;0.20820035;6.927466e-07;6.5551035e-07;3.5677877e-07;0.00066083827;0.0008892479;1.298836e-05;2.9953758e-06;4.446018e-06;6.0298295e-05;2.1036096e-06;2.892338e-06;5.8685306e-05;1.0;1.0;682.36053;25
518635841;518464182;0.70523065;-0.00834892;-0.014670808;0.70877695;-99.30188;3.9164696;-0.24452981;0.0;0.0;-2.1097467;0.0029743046;0.004521863;-0.00022075945;0.13825446;0.08029355;-0.0581542;0.25182712;-0.00021430563;-0.17062445;0.15055421;-0.0112862475;-0.19889753;0.0;0.0;-1.3334575;0.000253213;0.00025515037;0.00036779896;23.721647;72.94457;0.0089799855;54916.402;142488.33;0.21034428;6.9272727e-07;6.575196e-07;3.56271e-07;0.00065929623;0.0008888337;1.2943306e-05;2.9964951e-06;4.441757e-06;6.0253984e-05;2.0961845e-06;2.8849909e-06;5.8636575e-05;1.0;1.0;693.50275;25
519139600;518968034;0.6981821;-0.04030963;-0.05371826;0.7127632;-99.400604;4.2659183;-0.22452126;0.0;0.0;-2.0745795;0.002928882;0.0045221844;-0.00019882646;0.13738784;0.080528155;-0.058403466;0.25185835;-0.00021254916;-0.17025468;0.15053886;-0.011357241;-0.19929922;0.0;0.0;-1.3334575;0.00025733878;0.00025728095;0.00036738717;23.90519;73.448875;0.009008721;55917.055;144945.98;0.20955388;6.926645e-07;6.594987e-07;3.5589576e-07;0.00065770437;0.00088848686;1.2890969e-05;2.9967953e-06;4.4375956e-06;6.0108472e-05;2.0897726e-06;2.875787e-06;5.8472662e-05;1.0;1.0;704.8652;25
519634428;519462889;0.68745947;-0.021025298;-0.023957232;0.725523;-99.586296;4.5892863;-0.22670059;0.0;0.0;-2.0560288;0.0028662463;0.0045285667;-0.00018484726;0.13666405;0.08069725;-0.05861973;0.25188518;-0.00021059682;-0.16970982;0.15052125;-0.011440733;-0.19985849;0.0;0.0;-1.3334575;0.00026068708;0.00025853698;0.00036744715;24.083246;73.79367;0.009014809;56904.074;147219.8;0.20824601;6.925599e-07;6.608043e-07;3.561621e-07;0.00065613503;0.0008881243;1.2837463e-05;2.9965868e-06;4.4346075e-06;5.986723e-05;2.0846378e-06;2.867459e-06;5.8211474e-05;1.0;1.0;716.05695;25
520138328;519966788;0.68718195;-0.021093624;-0.026072603;0.72571087;-99.722916;4.8736258;-0.22644405;0.0;0.0;-2.0528297;0.002806121;0.0045295516;-0.00017143335;0.13612239;0.08081024;-0.05879786;0.25192228;-0.00020872486;-0.16929108;0.15049382;-0.011521838;-0.20029642;0.0;0.0;-1.3334575;0.00026520473;0.00026080664;0.00036710585;24.272276;74.29125;0.00913266;57930.797;149717.67;0.21118458;6.92147e-07;6.623165e-07;3.559032e-07;0.00065482495;0.0008878547;1.2796492e-05;2.9966789e-06;4.4304784e-06;5.970635e-05;2.0789562e-06;2.8593752e-06;5.8031615e-05;1.0;1.0;727.4892;25
520633191;520461643;0.6881373;-0.00037063897;-0.0064300336;0.725552;-99.71543;5.17258;-0.21478733;0.0;0.0;-2.037053;0.002777557;0.004524827;-0.000160871;0.13554996;0.08095325;-0.058981594;0.251959;-0.00020736783;-0.16913417;0.1504613;-0.011581943;-0.20048605;0.0;0.0;-1.3334575;0.0002696481;0.0002631557;0.00036678652;24.456207;74.7491;0.00917469;58954.89;152162.52;0.20998782;6.914904e-07;6.6354715e-07;3.556068e-07;0.0006534286;0.0008875858;1.2745591e-05;2.9973933e-06;4.4262865e-06;5.9652983e-05;2.073489e-06;2.8527536e-06;5.7966e-05;1.0;1.0;738.7297;25
521137254;520965448;0.69088036;0.023362309;0.013900774;0.7224579;-99.617226;5.4631343;-0.19060355;0.0;0.0;-2.0137734;0.0027771485;0.004512887;-0.000149737;0.13496211;0.081110984;-0.05916925;0.25199053;-0.00020625074;-0.16912924;0.15042979;-0.011632109;-0.20053121;0.0;0.0;-1.3334575;0.0002739494;0.00026540257;0.00036666344;24.64018;75.173065;0.009238559;60012.074;154633.31;0.20940658;6.9064674e-07;6.6446023e-07;3.5540842e-07;0.00065208017;0.0008873055;1.269556e-05;2.9986281e-06;4.422191e-06;5.962897e-05;2.0680816e-06;2.8471588e-06;5.79362e-05;1.0;1.0;750.16064;25
521640844;521469300;0.69480795;0.006644794;0.0010224064;0.7191639;-99.54054;5.7088013;-0.1761552;0.0;0.0;-2.0041165;0.0027720642;0.0044980724;-0.00013862179;0.13450518;0.08125333;-0.059323885;0.25201464;-0.00020536027;-0.16914026;0.15040605;-0.011671123;-0.20055227;0.0;0.0;-1.3334575;0.00027789088;0.00026723804;0.0003673502;24.82747;75.53902;0.009405313;61081.887;157076.45;0.2125338;6.90154e-07;6.650857e-07;3.5588647e-07;0.00065090886;0.0008870167;1.2655376e-05;3.0001345e-06;4.4193466e-06;5.9605016e-05;2.0637801e-06;2.8423622e-06;5.7907826e-05;1.0;1.0;761.5944;25
522135748;521964155;0.7077838;-0.019804211;-0.014681776;0.7059989;-99.492546;6.0195093;-0.17121781;0.0;0.0;-1.9712127;0.0027557674;0.0044856584;-0.000120081764;0.13399252;0.08138764;-0.059506018;0.25204772;-0.00020420368;-0.16906519;0.15038319;-0.011719446;-0.20066215;0.0;0.0;-1.3334575;0.00028141052;0.0002688245;0.00036689243;25.000359;75.817726;0.009450561;62142.46;159403.97;0.21148777;6.888074e-07;6.650584e-07;3.556242e-07;0.00064967916;0.0008867205;1.2605531e-05;3.0010651e-06;4.415205e-06;5.957288e-05;2.0593013e-06;2.8364307e-06;5.7867594e-05;1.0;1.0;772.80774;25
522639587;522468007;0.698164;-0.00063646265;0.0043227286;0.7159247;-99.49778;6.3760295;-0.14346293;0.0;0.0;-1.9330438;0.0027319794;0.0044688503;-9.558004e-05;0.13352203;0.08150582;-0.05968726;0.2520805;-0.00020306469;-0.16897511;0.15036684;-0.011764414;-0.2007833;0.0;0.0;-1.3334575;0.00028525817;0.00027070468;0.00036652983;25.181116;76.120605;0.009555087;63238.22;161821.2;0.2110907;6.8751353e-07;6.6499183e-07;3.554829e-07;0.0006485361;0.0008864527;1.2557617e-05;3.0021126e-06;4.411163e-06;5.9520717e-05;2.0554355e-06;2.830201e-06;5.7805308e-05;1.0;1.0;784.24146;25
523134410;522962862;0.6726461;0.0037748457;0.01896832;0.7397116;-99.48867;6.7051916;-0.15085828;0.0;0.0;-1.8995044;0.0027106698;0.0044631376;-8.53315e-05;0.1330969;0.081592225;-0.05985454;0.25211427;-0.00020199615;-0.16886011;0.15033789;-0.011811069;-0.20092031;0.0;0.0;-1.3334575;0.00028944478;0.00027273328;0.00036716546;25.373482;76.454765;0.00968288;64331.457;164254.44;0.21386695;6.86779e-07;6.650417e-07;3.559367e-07;0.0006475829;0.0008862204;1.2519598e-05;3.003302e-06;4.4082785e-06;5.9497026e-05;2.0518169e-06;2.8256554e-06;5.777291e-05;1.0;1.0;795.4614;25
523638226;523466714;0.60172635;0.0037344617;0.0056436406;0.7986736;-99.501945;7.111559;-0.14750373;0.0;0.0;-1.8548645;0.0026811159;0.0044563115;-6.9663256e-05;0.13267024;0.08167506;-0.060034536;0.25215906;-0.00020066612;-0.16874102;0.15029341;-0.011870234;-0.20106408;0.0;0.0;-1.3334575;0.0002945378;0.00027554057;0.00036719072;25.57649;76.848976;0.009760009;65462.15;166801.92;0.21363515;6.855161e-07;6.6508323e-07;3.5588803e-07;0.0006466189;0.0008860364;1.2474328e-05;3.003886e-06;4.404269e-06;5.9462156e-05;2.0473021e-06;2.8209613e-06;5.7727917e-05;1.0;1.0;806.89484;25
524133119;523961569;0.45540616;0.01014817;-0.013696102;0.8901206;-99.63634;7.621872;-0.12123961;0.0;0.0;-1.8195095;0.0026084308;0.0044538695;-4.5730885e-05;0.13232683;0.08177476;-0.06020031;0.25221187;-0.00019937378;-0.16868345;0.15021285;-0.011923345;-0.20112813;0.0;0.0;-1.3334575;0.00030043325;0.0002789851;0.00036750943;25.797827;77.32063;0.009892042;66591.86;169417.78;0.21288747;6.84226e-07;6.6532294e-07;3.5582366e-07;0.0006457664;0.0008859235;1.242989e-05;3.0021347e-06;4.400195e-06;5.9442507e-05;2.0400498e-06;2.8166173e-06;5.769907e-05;1.0;1.0;818.1324;25
524637063;524465467;0.3376802;-0.0064106314;0.017840145;0.9410701;-99.86362;8.072877;-0.12329501;0.0;0.0;-1.8024068;0.002500875;0.0044625117;-2.944928e-05;0.1320419;0.081899434;-0.06034771;0.2522648;-0.00019865647;-0.16868143;0.1501169;-0.011937532;-0.20111296;0.0;0.0;-1.3334575;0.00030564558;0.0002817932;0.00036886233;26.04625;77.79489;0.010116356;67758.055;172115.38;0.21659729;6.8356815e-07;6.6542174e-07;3.56495e-07;0.0006450516;0.00088580616;1.2396198e-05;2.9980608e-06;4.3974464e-06;5.9432386e-05;2.0307502e-06;2.8112224e-06;5.7681962e-05;1.0;1.0;829.6887;25
525140836;524969272;0.2383364;-0.0052081957;-0.0022760814;0.971166;-99.99557;8.707341;-0.1435417;0.0;0.0;-1.7777823;0.0023261418;0.004497994;-5.6038184e-06;0.13170534;0.08203976;-0.060521238;0.2523231;-0.00019830155;-0.16868088;0.14999793;-0.011920825;-0.20106594;0.0;0.0;-1.3334575;0.00031112568;0.0002853793;0.0003696108;26.317795;78.372025;0.010235747;68944.67;174930.62;0.21663333;6.8261943e-07;6.658517e-07;3.5656888e-07;0.0006443554;0.0008857577;1.2354796e-05;2.9899518e-06;4.393487e-06;5.9427202e-05;2.0177185e-06;2.8026486e-06;5.7668127e-05;1.0;1.0;841.2628;25
525635572;525464126;0.14294884;0.14588685;-0.050467115;0.97761744;-99.99336;9.338658;-0.16410224;0.0;0.0;-1.7399645;0.0021318954;0.00456813;-5.869458e-06;0.13155799;0.0819551;-0.06068206;0.2524282;-0.00020017283;-0.16928886;0.14987117;-0.0117984945;-0.20040175;0.0;0.0;-1.3334575;0.00031481276;0.00028823802;0.00037025302;26.586872;78.87784;0.0103167305;70130.2;177661.77;0.21614252;6.8182675e-07;6.658996e-07;3.5652494e-07;0.00064368773;0.00088568596;1.2313588e-05;2.9800963e-06;4.3894643e-06;5.9086982e-05;1.999783e-06;2.787419e-06;5.7335186e-05;1.0;1.0;852.63715;25
526139653;525967978;0.059711464;0.014614688;0.01334358;0.9980195;-100.14249;10.109994;-0.1852171;0.0;0.0;-1.7518204;0.0019008894;0.0046632644;7.1337827e-06;0.13135329;0.08188572;-0.06084676;0.25254288;-0.00020284211;-0.16994998;0.14973798;-0.011623685;-0.19967043;0.0;0.0;-1.3334575;0.0003180546;0.00029112506;0.0003711185;26.876072;79.46598;0.010629127;71358.445;180560.4;0.22023566;6.8153133e-07;6.6600643e-07;3.5662308e-07;0.0006431241;0.00088563445;1.2282872e-05;2.9679793e-06;4.3855493e-06;5.8829664e-05;1.9801878e-06;2.771284e-06;5.7085766e-05;1.0;1.0;864.2399;25
526634229;526462832;-0.024071977;-0.04885942;0.10875665;0.99257517;-99.9994;10.820258;-0.18241806;0.0;0.0;-1.7601423;0.0016656753;0.0047557033;4.8949652e-05;0.13097858;0.081946835;-0.06101896;0.25259244;-0.00020462993;-0.17015097;0.1496363;-0.011488247;-0.19937307;0.0;0.0;-1.3334575;0.000318485;0.00029240505;0.0003719986;27.16375;79.763824;0.010687503;72563.78;183163.08;0.21978232;6.816048e-07;6.6506703e-07;3.5727635e-07;0.0006424307;0.0008855275;1.2242628e-05;2.9543435e-06;4.382776e-06;5.871481e-05;1.9636034e-06;2.7588148e-06;5.696587e-05;1.0;1.0;875.646;25
527138285;526966684;-0.06787022;-0.048348896;0.065564804;0.99436283;-99.99839;11.52969;-0.14110082;0.0;0.0;-1.7627804;0.0014059382;0.0048307013;0.00013944144;0.13054337;0.08213346;-0.061204195;0.25258765;-0.00020626691;-0.17054452;0.14950082;-0.011366875;-0.19884747;0.0;0.0;-1.3334575;0.00031646737;0.00029194757;0.00037148668;27.437067;79.83817;0.010778193;73777.77;185615.62;0.21991801;6.810473e-07;6.6227926e-07;3.5746947e-07;0.00064165494;0.00088535156;1.2203603e-05;2.934748e-06;4.378882e-06;5.8286645e-05;1.9444403e-06;2.7473934e-06;5.652065e-05;1.0;1.0;887.2164;25
527633220;527461538;-0.15519503;-0.012043775;-0.06891005;0.98540395;-100.20606;12.475916;-0.15665609;0.0;0.0;-1.7618144;0.0011596452;0.005009354;0.00014994483;0.13020828;0.08190528;-0.06136093;0.2525264;-0.00020807174;-0.17051974;0.14950778;-0.011264887;-0.1987166;0.0;0.0;-1.3334575;0.0003155319;0.0002928474;0.0003713938;27.730896;80.12625;0.010906453;75008.89;188287.61;0.22353522;6.8145016e-07;6.6122084e-07;3.575547e-07;0.000641025;0.000885237;1.21749035e-05;2.9153066e-06;4.3749415e-06;5.8196165e-05;1.92645e-06;2.7291042e-06;5.6420642e-05;1.0;1.0;898.7324;25
528136919;527965390;-0.31561714;0.026468221;-0.040784817;0.9476402;-99.996;13.444656;-0.14858514;0.0;0.0;-1.7447675;0.0009584455;0.0052399123;0.00010816775;0.13007814;0.081253186;-0.061502155;0.2525338;-0.00021219185;-0.17098057;0.1495703;-0.011069923;-0.19813152;0.0;0.0;-1.3334575;0.00031332677;0.00029433658;0.00037195336;28.05725;80.454994;0.010865812;76298.43;191092.86;0.22362392;6.83137e-07;6.615486e-07;3.5823638e-07;0.0006403819;0.0008851608;1.2140737e-05;2.8985717e-06;4.372278e-06;5.79198e-05;1.9095046e-06;2.7021367e-06;5.6150984e-05;1.0;1.0;910.4186;25
528640707;528469288;-0.46209735;-0.028095862;0.07063567;0.8835651;-100.0;14.704213;-0.16920017;0.0;0.0;-1.7289203;0.00071542984;0.005521958;0.000113284106;0.12977625;0.08050823;-0.061663073;0.25249207;-0.00021707712;-0.17106661;0.14970766;-0.010808104;-0.19785967;0.0;0.0;-1.3334575;0.00030820622;0.00029478973;0.00037152428;28.381824;80.71493;0.011037382;77604.875;193867.95;0.22369151;6.848146e-07;6.609343e-07;3.5835285e-07;0.0006397858;0.00088506384;1.210875e-05;2.874506e-06;4.3684267e-06;5.782536e-05;1.8877562e-06;2.6719183e-06;5.6054127e-05;1.0;1.0;922.12024;25
529135685;528964143;-0.53497636;-0.039167978;0.027345756;0.8435155;-99.99974;15.878371;-0.18025348;0.0;0.0;-1.7297466;0.0005324714;0.0057977685;0.00010948062;0.12950023;0.079744115;-0.06178921;0.25235105;-0.00022114236;-0.17080462;0.1499357;-0.010605064;-0.19791405;0.0;0.0;-1.3334575;0.00030188326;0.00029457672;0.00037094567;28.701872;80.96551;0.0112152565;78898.016;196648.92;0.22725749;6.868908e-07;6.603886e-07;3.583931e-07;0.0006392567;0.0008849628;1.2085652e-05;2.8481707e-06;4.3645055e-06;5.7649482e-05;1.866912e-06;2.6446571e-06;5.58611e-05;1.0;1.0;933.6674;25
529639547;529467947;-0.59500504;0.003206336;-0.01030099;0.80364966;-99.99184;16.8192;-0.17196824;0.0;0.0;-1.7285198;0.00041137205;0.0060758702;5.5544584e-05;0.12958622;0.07857322;-0.061871603;0.25232896;-0.0002267514;-0.17104395;0.15017165;-0.010339286;-0.19752158;0.0;0.0;-1.3334575;0.00029238628;0.00029274612;0.0003703542;29.005838;80.89277;0.0111062545;80226.29;199220.47;0.22709583;6.8905314e-07;6.597265e-07;3.5898327e-07;0.0006386411;0.00088478025;1.205783e-05;2.8270952e-06;4.3618675e-06;5.7611822e-05;1.8509928e-06;2.6134476e-06;5.582481e-05;1.0;1.0;945.4726;25
530134251;529962801;-0.595592;0.001530677;-0.004506808;0.8032731;-99.98955;17.992231;-0.15657413;0.0;0.0;-1.6963588;0.0003124844;0.0063952086;8.69841e-06;0.12960063;0.07716713;-0.061982706;0.2523016;-0.00023283268;-0.17117606;0.15045096;-0.01004598;-0.19720982;0.0;0.0;-1.3334575;0.0002838499;0.0002920295;0.00036887347;29.307978;80.89207;0.011046264;81556.9;201836.34;0.22618392;6.915539e-07;6.594359e-07;3.5893342e-07;0.0006380847;0.0008846293;1.203189e-05;2.803199e-06;4.357963e-06;5.7580026e-05;1.8336312e-06;2.5783188e-06;5.579371e-05;1.0;1.0;957.09863;25
530638276;530466652;-0.54488426;0.015279344;0.0012126047;0.8383713;-99.99653;19.097458;-0.15537629;0.0;0.0;-1.6715734;0.00025746564;0.0066908877;-2.4120136e-05;0.12959613;0.07584016;-0.062076345;0.25224715;-0.00023789532;-0.17122672;0.15070593;-0.009812926;-0.19697875;0.0;0.0;-1.3334575;0.0002757463;0.00029138225;0.00036754707;29.616034;80.839935;0.010987822;82928.445;204483.39;0.22577927;6.941958e-07;6.5933597e-07;3.5903807e-07;0.000637563;0.0008844783;1.200933e-05;2.7807316e-06;4.3541527e-06;5.7538033e-05;1.817441e-06;2.5465806e-06;5.5752436e-05;1.0;1.0;968.99365;25
531132936;530961506;-0.46226338;0.010803626;-0.0025814327;0.88667315;-99.98675;19.927269;-0.16632871;0.0;0.0;-1.66883;0.00023301836;0.006918666;-3.994554e-05;0.1295778;0.074814826;-0.062149215;0.25217715;-0.00024115106;-0.17125581;0.15087532;-0.0096777035;-0.19679034;0.0;0.0;-1.3334575;0.00026885804;0.00029027503;0.00036715018;29.915821;80.73131;0.011017503;84283.625;207070.5;0.22871326;6.9663713e-07;6.5949405e-07;3.597189e-07;0.00063710427;0.00088431244;1.1995179e-05;2.7628992e-06;4.35146e-06;5.75047e-05;1.8046359e-06;2.5234785e-06;5.572001e-05;1.0;1.0;980.70764;25
531636804;531465358;-0.39429533;-0.047665015;-0.023800157;0.9174382;-99.99757;20.82856;-0.15962791;0.0;0.0;-1.6488998;0.00024670508;0.0071671978;-8.088974e-05;0.12952407;0.07377403;-0.062230956;0.25199935;-0.00024356105;-0.17118633;0.15105851;-0.009653622;-0.19666032;0.0;0.0;-1.3334575;0.0002627355;0.000289029;0.0003657322;30.205343;80.4639;0.010844819;85663.7;209565.84;0.22786947;6.987075e-07;6.5927986e-07;3.5984453e-07;0.0006365836;0.00088412047;1.1977022e-05;2.7423632e-06;4.347664e-06;5.747465e-05;1.7922779e-06;2.502115e-06;5.5686964e-05;1.0;1.0;992.6862;25
532140800;531969209;-0.2995582;-0.04313693;0.13074926;0.94409156;-99.99622;21.779076;-0.12955366;0.0;0.0;-1.6138761;0.00026952598;0.007388081;-6.545354e-05;0.12936226;0.07295759;-0.062309258;0.25174972;-0.00024485996;-0.17114195;0.15121494;-0.0096886;-0.19649273;0.0;0.0;-1.3334575;0.00025959092;0.00028956606;0.0003650158;30.524855;80.35126;0.010752925;87070.02;212230.7;0.22676556;7.0114635e-07;6.595116e-07;3.601788e-07;0.00063613954;0.00088401977;1.1961278e-05;2.7239025e-06;4.343863e-06;5.7229554e-05;1.780868e-06;2.4894086e-06;5.542755e-05;1.0;1.0;1004.6831;25
532635578;532464063;-0.1735547;-0.0121333;0.117968515;0.977658;-99.993034;22.42756;-0.108083285;0.0;0.0;-1.601818;0.00025781186;0.0075560277;2.7266862e-05;0.12920186;0.072325855;-0.062377192;0.25163075;-0.00024535568;-0.171478;0.15124857;-0.009659944;-0.1960073;0.0;0.0;-1.3334575;0.00025728482;0.00028847682;0.00036519562;30.813267;80.13259;0.0106773265;88453.97;214802.3;0.22909245;7.028378e-07;6.59751e-07;3.6116165e-07;0.00063576264;0.0008838626;1.19535625e-05;2.710258e-06;4.341177e-06;5.6856064e-05;1.7704122e-06;2.4834926e-06;5.504486e-05;1.0;1.0;1016.5165;25
533139527;532967961;-0.05503573;-0.0009776491;0.12959944;0.99003744;-99.99352;23.154453;-0.08972104;0.0;0.0;-1.565196;0.0002501943;0.007744602;0.00012261298;0.12907213;0.07151237;-0.06245356;0.2515683;-0.0002455275;-0.17190379;0.15124838;-0.009619005;-0.1954406;0.0;0.0;-1.3334575;0.00025651863;0.00028796453;0.00036481328;31.100624;79.90688;0.010536723;89883.98;217422.77;0.22763076;7.043905e-07;6.598136e-07;3.617655e-07;0.0006353934;0.0008837173;1.1943333e-05;2.6975415e-06;4.3373907e-06;5.6433466e-05;1.7591868e-06;2.479529e-06;5.461756e-05;1.0;1.0;1028.6083;25
533634255;533462815;0.03707495;0.030102827;0.10518458;0.9933054;-99.99591;23.72051;-0.08558751;0.0;0.0;-1.5313311;0.00023931572;0.007909046;0.00019285631;0.12906137;0.07071998;-0.06251118;0.25156826;-0.000245577;-0.17247896;0.15120697;-0.009585546;-0.19476858;0.0;0.0;-1.3334575;0.0002574655;0.00028794212;0.0003648164;31.380219;79.82595;0.010504617;91316.4;220177.48;0.22967082;7.059413e-07;6.60167e-07;3.623069e-07;0.0006351016;0.00088357646;1.1940574e-05;2.6883095e-06;4.333533e-06;5.6076864e-05;1.7483951e-06;2.4772075e-06;5.4264066e-05;1.0;1.0;1040.5098;25
534138501;533966619;0.091106914;0.08212717;0.084615186;0.9888352;-100.104294;24.227243;-0.050459825;0.0;0.0;-1.4872066;0.00023438815;0.008056249;0.00022311049;0.12914081;0.06987481;-0.06256391;0.25161266;-0.0002458605;-0.17306356;0.15114729;-0.009552495;-0.19410704;0.0;0.0;-1.3334575;0.00025779216;0.00028699954;0.00036469006;31.637583;79.61679;0.010443895;92788.49;222894.08;0.2279807;7.0680704e-07;6.6017134e-07;3.6276325e-07;0.0006347869;0.00088335166;1.1936031e-05;2.6806913e-06;4.3297778e-06;5.579887e-05;1.7374681e-06;2.4750175e-06;5.399623e-05;1.0;1.0;1052.6885;25
534632893;534461474;0.15554376;0.12604299;-0.068341635;0.9773683;-100.0;24.562376;-0.042134393;0.0;0.0;-1.4514917;0.00023885207;0.008158213;0.00020368893;0.12934597;0.06915098;-0.062599756;0.25166506;-0.00024708352;-0.17390268;0.15108429;-0.009515946;-0.1932216;0.0;0.0;-1.3334575;0.00025827004;0.00028626772;0.00036527135;31.89038;79.45101;0.010370916;94260.55;225633.6;0.2257204;7.0761354e-07;6.60411e-07;3.633731e-07;0.00063447864;0.0008830652;1.193333e-05;2.6761995e-06;4.327135e-06;5.53819e-05;1.7270598e-06;2.4713236e-06;5.359565e-05;1.0;1.0;1064.6366;25
535136764;534965324;0.15758073;-0.12788795;-0.20820916;0.9567978;-99.99959;25.041937;-0.059663594;0.0;0.0;-1.43916;0.00027141755;0.008302375;0.00014873734;0.12958163;0.06844336;-0.06260224;0.25160983;-0.00024750663;-0.17451304;0.15105698;-0.009601325;-0.19252801;0.0;0.0;-1.3334575;0.0002619517;0.00028870555;0.00036513005;32.195778;79.603676;0.010200962;95799.79;228736.4;0.22425981;7.0980445e-07;6.610006e-07;3.6312068e-07;0.0006342069;0.0008828544;1.1937972e-05;2.6716764e-06;4.323399e-06;5.4389046e-05;1.7166733e-06;2.4615742e-06;5.2605374e-05;1.0;1.0;1076.8333;25
535640800;535469175;0.16490157;-0.011017328;-0.035481036;0.98561007;-99.996056;25.508162;-0.076055124;0.0;0.0;-1.4125129;0.00027054912;0.008470976;0.000120665325;0.12960447;0.06776805;-0.062614515;0.25147566;-0.00024686847;-0.1745037;0.15108234;-0.009734341;-0.19242941;0.0;0.0;-1.3334575;0.00026578642;0.00029027034;0.00036484082;32.497623;79.75057;0.010230958;97339.695;231908.66;0.22670461;7.113146e-07;6.61427e-07;3.631926e-07;0.0006338944;0.0008825864;1.1943764e-05;2.6651126e-06;4.319664e-06;5.3939035e-05;1.7091669e-06;2.454899e-06;5.2142015e-05;1.0;1.0;1089.0327;25
536135597;535964029;0.22361825;0.0011056475;-0.009093263;0.97463375;-99.99924;25.892004;-0.053168144;0.0;0.0;-1.3738583;0.0002539704;0.008598115;0.00012235457;0.12961623;0.06704655;-0.06264415;0.25145558;-0.000245948;-0.17431423;0.1510693;-0.009809583;-0.19253848;0.0;0.0;-1.3334575;0.00026792093;0.00029014182;0.00036518887;32.76301;79.70078;0.0101568205;98864.195;234874.38;0.22438626;7.11717e-07;6.6160845e-07;3.6381877e-07;0.0006335181;0.0008822267;1.1945436e-05;2.6606224e-06;4.317043e-06;5.3887477e-05;1.7023801e-06;2.4521937e-06;5.2084015e-05;1.0;1.0;1101.0554;25
536639324;536467880;0.28831708;-0.004911768;-0.01172462;0.9574506;-99.99621;26.23085;-0.030570019;0.0;0.0;-1.3334911;0.00022417479;0.008723006;0.00012856157;0.12963744;0.06635156;-0.06267238;0.2514542;-0.00024474473;-0.1740985;0.15104355;-0.009893994;-0.19268698;0.0;0.0;-1.3334575;0.00027002787;0.00028973402;0.00036486197;33.014156;79.66293;0.010112249;100433.07;237949.67;0.22278784;7.1163686e-07;6.6149494e-07;3.638847e-07;0.0006331174;0.00088186265;1.1948482e-05;2.6562705e-06;4.313337e-06;5.3855212e-05;1.6946341e-06;2.4495223e-06;5.204479e-05;1.0;1.0;1113.3292;25
537134110;536962733;0.30963543;-0.0010967137;0.0010161075;0.9508542;-100.0;26.518074;-0.024394818;0.0;0.0;-1.3135386;0.0001885815;0.008826756;0.00014028534;0.12972173;0.06582414;-0.062674314;0.25145134;-0.0002436734;-0.17394686;0.15102808;-0.009966713;-0.1927885;0.0;0.0;-1.3334575;0.00027424595;0.00029149005;0.00036512784;33.293503;79.8648;0.010209988;102022.98;241213.45;0.22482611;7.1278737e-07;6.6194343e-07;3.6395315e-07;0.0006327769;0.0008816222;1.1955799e-05;2.653915e-06;4.309564e-06;5.3837743e-05;1.6872244e-06;2.4472438e-06;5.2020143e-05;1.0;1.0;1125.3892;25
537638185;537466631;0.3202205;-0.03444418;-0.086488105;0.94275784;-99.996704;26.8731;0.003284068;0.0;0.0;-1.2755024;0.00015198563;0.008915189;0.00015512317;0.12972976;0.06536778;-0.06269384;0.25144842;-0.0002425839;-0.17373952;0.15101917;-0.010034149;-0.19295631;0.0;0.0;-1.3334575;0.00027829738;0.00029327322;0.00036613087;33.58557;80.02191;0.010264047;103663.24;244519.52;0.22355703;7.1386177e-07;6.626571e-07;3.6467614e-07;0.00063237693;0.00088139775;1.1960354e-05;2.652544e-06;4.30706e-06;5.3792122e-05;1.6811048e-06;2.4450462e-06;5.1965944e-05;1.0;1.0;1137.7008;25
538133055;537961485;0.33407214;-0.0057120775;-0.0069755185;0.9425044;-99.99689;27.080315;0.013913731;0.0;0.0;-1.2564654;0.00010689449;0.009008306;0.00016349896;0.1298337;0.064955585;-0.06268392;0.25143054;-0.00024152827;-0.17352366;0.15101919;-0.010107797;-0.19312476;0.0;0.0;-1.3334575;0.0002823293;0.00029511715;0.00036624935;33.863926;80.185646;0.01030774;105290.05;247797.33;0.22169295;7.144649e-07;6.6293745e-07;3.6472645e-07;0.00063196034;0.00088121265;1.1964515e-05;2.6503178e-06;4.3033087e-06;5.3678697e-05;1.674253e-06;2.4421718e-06;5.184134e-05;1.0;1.0;1149.7971;25
538636819;538465289;0.36336836;0.002475719;0.0018324305;0.93164057;-100.0;27.326012;0.020592839;0.0;0.0;-1.2223703;5.98743e-05;0.009085049;0.00017446434;0.12991542;0.06457579;-0.06268815;0.25144508;-0.00024064456;-0.17341894;0.15099923;-0.010159427;-0.19319941;0.0;0.0;-1.3334575;0.00028656752;0.00029683372;0.0003666925;34.141357;80.40848;0.0105008315;106968.39;251248.34;0.2247116;7.148465e-07;6.633726e-07;3.6490746e-07;0.0006315811;0.0008810619;1.1973452e-05;2.6489083e-06;4.299656e-06;5.3672164e-05;1.6675197e-06;2.4402668e-06;5.1827406e-05;1.0;1.0;1162.1392;25
539140972;538969140;0.3831447;-0.005249834;-0.0025595254;0.9236699;-100.041435;27.523294;0.046220124;0.0;0.0;-1.1891146;1.088362e-05;0.009145319;0.00018298706;0.13002725;0.064216726;-0.06269345;0.25147235;-0.00023967479;-0.17329873;0.15097202;-0.0102098435;-0.19329312;0.0;0.0;-1.3334575;0.00028977531;0.00029790253;0.00036684333;34.402103;80.52821;0.010632836;108657.78;254637.34;0.22377668;7.1439365e-07;6.6353334e-07;3.6502513e-07;0.00063114014;0.00088091136;1.1978537e-05;2.6475511e-06;4.2960132e-06;5.3662905e-05;1.6609778e-06;2.4381507e-06;5.1810413e-05;1.0;1.0;1174.4691;25
539635573;539463992;0.39866924;0.031887807;0.08554317;0.9125396;-99.99582;27.61462;0.04501841;0.0;0.0;-1.163988;-2.829105e-05;0.009177393;0.00018026122;0.13014671;0.06398978;-0.062696785;0.25150728;-0.00023898241;-0.1732918;0.15093377;-0.010246118;-0.19328809;0.0;0.0;-1.3334575;0.00029271355;0.00029897338;0.0003677356;34.66395;80.6455;0.010758596;110338.16;257996.52;0.22233263;7.139495e-07;6.64026e-07;3.6566541e-07;0.00063069246;0.0008807887;1.1983162e-05;2.647271e-06;4.293464e-06;5.3631495e-05;1.6553431e-06;2.4365163e-06;5.1775696e-05;1.0;1.0;1186.5508;25
540139466;539967843;0.41717312;0.02633179;0.05598677;0.9067187;-99.998245;27.696457;0.06052042;0.0;0.0;-1.1388448;-6.7193476e-05;0.009200934;0.00017499595;0.13034223;0.06373678;-0.06269469;0.25156188;-0.00023845144;-0.17348215;0.15087318;-0.010277138;-0.19309205;0.0;0.0;-1.3334575;0.000296019;0.00030025563;0.0003681975;34.920727;80.84673;0.011047492;112074.26;261552.36;0.22595254;7.132417e-07;6.6437343e-07;3.658751e-07;0.0006302832;0.0008806709;1.1992754e-05;2.6473542e-06;4.2898637e-06;5.3547137e-05;1.6489149e-06;2.4348512e-06;5.1695348e-05;1.0;1.0;1198.9692;25
540634528;540462696;0.43198723;0.023990102;0.05379465;0.8999544;-100.01039;27.838879;0.07417348;0.0;0.0;-1.0921266;-0.0001023764;0.009224179;0.00017102271;0.13046698;0.063500576;-0.06270809;0.251617;-0.00023772563;-0.17360197;0.1508135;-0.01031635;-0.1929726;0.0;0.0;-1.3334575;0.00029861066;0.00030132907;0.00036833703;35.16315;80.968155;0.011214041;113793.71;264996.0;0.22492692;7.119784e-07;6.6454373e-07;3.659213e-07;0.0006298306;0.00088055595;1.1998533e-05;2.647269e-06;4.286188e-06;5.3517873e-05;1.6427655e-06;2.4328892e-06;5.166732e-05;1.0;1.0;1211.1134;25
541138077;540966547;0.43637395;-0.041857913;-0.09116706;0.89415574;-99.997574;27.992706;0.09183089;0.0;0.0;-1.0457218;-0.00015659319;0.009271306;0.0001742363;0.13060626;0.063230075;-0.062696256;0.2516343;-0.00023642225;-0.17328012;0.1507998;-0.010382961;-0.19326822;0.0;0.0;-1.3334575;0.00030222355;0.0003031902;0.00036922752;35.432304;81.15551;0.011437812;115565.93;268587.78;0.22481847;7.113964e-07;6.653656e-07;3.6655658e-07;0.00062939984;0.0008804886;1.2006477e-05;2.6467508e-06;4.2837687e-06;5.3328644e-05;1.6380101e-06;2.4293274e-06;5.146385e-05;1.0;1.0;1223.4996;25
541632905;541461402;0.44354808;-0.0070735817;0.006209469;0.89620125;-99.997505;28.101818;0.1102172;0.0;0.0;-1.0066497;-0.00022114323;0.009319374;0.00017272799;0.13079287;0.06293907;-0.062677056;0.25164723;-0.00023510105;-0.17293283;0.15078956;-0.010450807;-0.19358054;0.0;0.0;-1.3334575;0.0003053432;0.00030429134;0.00036909978;35.672134;81.323685;0.01178993;117309.53;272173.16;0.2282468;7.0970503e-07;6.656308e-07;3.6651446e-07;0.00062901224;0.00088039035;1.2017274e-05;2.6451537e-06;4.280118e-06;5.3102558e-05;1.6326183e-06;2.425329e-06;5.1221377e-05;1.0;1.0;1235.6604;25
542136817;541965298;0.44869164;-0.004989244;0.0023777762;0.8936696;-99.99814;28.136036;0.13005772;0.0;0.0;-0.95767933;-0.0002733235;0.009332642;0.00017459753;0.13096195;0.06268812;-0.06268183;0.25169843;-0.00023405097;-0.17281488;0.15074944;-0.010493043;-0.19368571;0.0;0.0;-1.3334575;0.00030741698;0.00030486856;0.00036908616;35.899586;81.41314;0.012017181;119102.25;275789.16;0.22837314;7.0726145e-07;6.657142e-07;3.6659156e-07;0.0006285802;0.00088026;1.2025742e-05;2.6442342e-06;4.276568e-06;5.30907e-05;1.6272461e-06;2.4227438e-06;5.120186e-05;1.0;1.0;1248.0582;25
542640749;542469101;0.47072113;-0.005688203;-0.0035162508;0.8822568;-99.996124;28.077429;0.14221789;0.0;0.0;-0.9181838;-0.0003259654;0.009331353;0.00017549828;0.13117892;0.06240834;-0.06268347;0.25175142;-0.00023303035;-0.17266351;0.15071276;-0.01053171;-0.19381617;0.0;0.0;-1.3334575;0.00030845322;0.0003045706;0.00036956932;36.1158;81.44473;0.012269516;120898.57;279413.25;0.2285832;7.043147e-07;6.6589047e-07;3.6719e-07;0.00062815036;0.0008800885;1.2034235e-05;2.6434263e-06;4.2741817e-06;5.3067295e-05;1.6227389e-06;2.4201975e-06;5.117083e-05;1.0;1.0;1260.4313;25
543135548;542963954;0.49992195;-0.010653913;-0.008714889;0.8659611;-99.996605;28.03272;0.15515706;0.0;0.0;-0.8781285;-0.00038410208;0.009330823;0.00017829266;0.13141431;0.06211869;-0.06268106;0.2518104;-0.00023190102;-0.17251442;0.1506733;-0.010576515;-0.19394958;0.0;0.0;-1.3334575;0.0003096192;0.00030441422;0.00036926064;36.315258;81.52151;0.012630775;122682.234;283069.66;0.23258238;7.0103516e-07;6.6579184e-07;3.6713007e-07;0.00062777527;0.00087989686;1.2045863e-05;2.6424295e-06;4.270583e-06;5.304661e-05;1.6177827e-06;2.4169074e-06;5.114262e-05;1.0;1.0;1272.6172;25
543639379;543467805;0.5351829;0.0035517518;-0.00065592414;0.8447285;-99.99744;27.897167;0.16039354;0.0;0.0;-0.85908043;-0.00044087216;0.00931755;0.0001794557;0.13172667;0.061791196;-0.06266182;0.2518762;-0.0002307487;-0.172372;0.15063275;-0.010622283;-0.19407426;0.0;0.0;-1.3334575;0.00031032402;0.00030445118;0.00036893474;36.510685;81.5619;0.012907026;124515.01;286781.47;0.23309286;6.977236e-07;6.657649e-07;3.6709528e-07;0.00062737043;0.00087967375;1.2056102e-05;2.64168e-06;4.267075e-06;5.3029296e-05;1.6130354e-06;2.4129577e-06;5.1117997e-05;1.0;1.0;1284.9805;25
544134206;543962657;0.6004059;0.11419728;0.07164;0.78825086;-99.84059;27.732418;0.15890191;0.0;0.0;-0.85774744;-0.00044276207;0.00924808;0.00016825885;0.13190661;0.061702535;-0.062668554;0.251928;-0.00022947062;-0.17237267;0.15057161;-0.010672806;-0.1940802;0.0;0.0;-1.3334575;0.00030939342;0.00030388162;0.0003693781;36.685947;81.54756;0.01312331;126328.69;290443.6;0.23300871;6.9437056e-07;6.6587216e-07;3.674948e-07;0.0006269494;0.00087938167;1.20660925e-05;2.6419061e-06;4.264651e-06;5.2931508e-05;1.6085119e-06;2.4094352e-06;5.10255e-05;1.0;1.0;1297.1178;25
544638093;544466508;0.7036313;0.11259893;0.052081246;0.6996514;-99.49039;27.643244;0.15466921;0.0;0.0;-0.8662004;-0.000373178;0.00912734;0.00014998217;0.13184299;0.06188717;-0.062724195;0.25196388;-0.00022732138;-0.17231989;0.15048066;-0.010753943;-0.19416283;0.0;0.0;-1.3334575;0.00030639148;0.0003022926;0.00036890004;36.830017;81.547745;0.013498765;128187.28;294265.8;0.23817337;6.902334e-07;6.65669e-07;3.671548e-07;0.0006265178;0.0008790101;1.2079336e-05;2.6421283e-06;4.2611773e-06;5.2669762e-05;1.6033766e-06;2.4032772e-06;5.0778905e-05;1.0;1.0;1309.4075;25
545132943;544961361;0.77110445;0.14197741;-0.036686655;0.6195922;-99.148186;27.623734;0.1452413;0.0;0.0;-0.8783444;-0.00032097177;0.009006456;0.00017269187;0.131707;0.062090054;-0.06278589;0.25201997;-0.00022550389;-0.17215733;0.15041347;-0.010778718;-0.1943595;0.0;0.0;-1.3334575;0.00030176376;0.00030052997;0.00036807728;36.952408;81.4849;0.013766057;130025.086;297996.4;0.23817503;6.863898e-07;6.6565747e-07;3.665068e-07;0.0006260356;0.0008786252;1.2090979e-05;2.6409537e-06;4.257636e-06;5.2378287e-05;1.5981144e-06;2.395263e-06;5.04951e-05;1.0;1.0;1321.3896;25
545636735;545465211;0.8034328;0.14883156;-0.017029207;0.5762422;-99.04637;27.6592;0.12570457;0.0;0.0;-0.88667554;-0.00029522149;0.008914269;0.00020136009;0.13163345;0.062157754;-0.062844895;0.25208727;-0.00022417617;-0.17199728;0.15036683;-0.010781282;-0.19454455;0.0;0.0;-1.3334575;0.00029674728;0.00029882573;0.00036841576;37.08599;81.44829;0.014228406;131913.42;301857.4;0.23906872;6.8352796e-07;6.6621374e-07;3.6655345e-07;0.00062554976;0.00087828614;1.2105507e-05;2.6392815e-06;4.2553256e-06;5.2072963e-05;1.593396e-06;2.3877813e-06;5.0189497e-05;1.0;1.0;1333.5055;25
546140610;545969108;0.84716237;0.16753916;-0.022047194;0.50374645;-98.64535;27.80589;0.105224565;0.0;0.0;-0.91147846;-0.00023224526;0.00879696;0.00025436023;0.1312738;0.06254758;-0.06293054;0.25215015;-0.00022200067;-0.17162651;0.15030456;-0.010782505;-0.19496886;0.0;0.0;-1.3334575;0.00029140344;0.00029719775;0.00036809355;37.2118;81.455635;0.014700407;133822.08;305832.6;0.2449732;6.808267e-07;6.668928e-07;3.6598883e-07;0.00062501774;0.00087796204;1.2123869e-05;2.636728e-06;4.2519073e-06;5.1544164e-05;1.5883887e-06;2.379324e-06;4.966714e-05;1.0;1.0;1345.6575;25
546635479;546463961;0.9021336;0.16651176;-0.06801334;0.39217734;-98.46685;27.964304;0.09263002;0.0;0.0;-0.9015596;-0.00020433043;0.008712689;0.00031087868;0.13101874;0.06266505;-0.0630184;0.25224108;-0.0002204775;-0.1711879;0.15027988;-0.0107534155;-0.19544809;0.0;0.0;-1.3334575;0.00028352806;0.0002939946;0.00036707384;37.302677;81.31713;0.0150026865;135679.05;309667.78;0.24519342;6.775901e-07;6.67124e-07;3.6526222e-07;0.00062435796;0.00087762444;1.213997e-05;2.6316393e-06;4.248405e-06;5.099422e-05;1.5832281e-06;2.3690816e-06;4.911667e-05;1.0;1.0;1357.4316;25
547139670;546967764;0.9494845;0.15507989;-0.08523369;0.25916156;-98.46278;28.061022;0.09640521;0.0;0.0;-0.8951191;-0.00022050629;0.00865677;0.00036319488;0.13096285;0.06253246;-0.063075915;0.252365;-0.00021966103;-0.17058814;0.15029967;-0.010689799;-0.19607307;0.0;0.0;-1.3334575;0.00027444324;0.00029042535;0.00036588672;37.399998;81.17281;0.015332104;137590.0;313640.16;0.24639726;6.7504106e-07;6.6764875e-07;3.6465482e-07;0.0006236098;0.0008773233;1.2159315e-05;2.6241169e-06;4.2450224e-06;5.053623e-05;1.5778642e-06;2.3552157e-06;4.865073e-05;1.0;1.0;1369.5237;25
547634203;547462617;0.97372794;0.14231531;-0.10742677;0.14163224;-98.71185;28.062952;0.11253688;0.0;0.0;-0.8694291;-0.00028200276;0.008630613;0.00038419358;0.1311281;0.06216481;-0.063109726;0.2524737;-0.00021954093;-0.1699104;0.150361;-0.010628938;-0.19673835;0.0;0.0;-1.3334575;0.00026467536;0.0002863476;0.00036538253;37.510883;81.051796;0.01579494;139480.11;317614.38;0.25179467;6.734638e-07;6.6839976e-07;3.6465573e-07;0.0006228471;0.0008770447;1.2181186e-05;2.615845e-06;4.2426877e-06;5.0141738e-05;1.5727146e-06;2.3410703e-06;4.8245067e-05;1.0;1.0;1381.3187;25
548138009;547966467;0.9593282;0.26839536;-0.041909244;0.07679186;-99.0467;28.164854;0.09870465;0.0;0.0;-0.83492035;-0.0003519222;0.008619876;0.00041849047;0.13132335;0.061770227;-0.06311205;0.2526294;-0.0002193947;-0.16877216;0.15045512;-0.010533927;-0.19787094;0.0;0.0;-1.3334575;0.00025513762;0.00028376209;0.00036445312;37.643066;80.956894;0.016069526;141419.53;321705.78;0.2533148;6.727018e-07;6.6979356e-07;3.6430498e-07;0.0006218285;0.0008768027;1.2206798e-05;2.6052196e-06;4.239344e-06;4.93984e-05;1.5665889e-06;2.3277175e-06;4.7491696e-05;1.0;1.0;1393.5219;25
548633003;548461320;0.99060863;0.110463865;0.07479597;0.029964564;-99.277794;28.19954;0.098794974;0.0;0.0;-0.8272358;-0.0004033938;0.008596391;0.0005015928;0.13158403;0.061425038;-0.063098334;0.2528506;-0.00022116203;-0.16813746;0.15052271;-0.010305732;-0.19851133;0.0;0.0;-1.3334575;0.00024512142;0.00028177767;0.0003629958;37.777306;80.85255;0.016064864;143347.58;325755.2;0.25355145;6.7229365e-07;6.7130037e-07;3.6397836e-07;0.0006205951;0.0008764634;1.2234051e-05;2.5952415e-06;4.235929e-06;4.8885195e-05;1.5615761e-06;2.3117339e-06;4.6985457e-05;1.0;1.0;1405.4987;25
549136757;548965169;0.9875535;-0.094286874;0.12587292;-0.0020348101;-99.51919;28.209661;0.17160943;0.0;0.0;-0.7991684;-0.00046009067;0.008542653;0.0006289276;0.13236104;0.060839437;-0.06306741;0.2531013;-0.00022910003;-0.16994765;0.15053867;-0.009842378;-0.19669293;0.0;0.0;-1.3334575;0.00023493767;0.00027918996;0.00035947305;37.927116;80.744736;0.016131029;145365.84;329958.7;0.25960103;6.7246987e-07;6.7259646e-07;3.638253e-07;0.0006194194;0.00087596;1.2263433e-05;2.588184e-06;4.2337356e-06;4.8376583e-05;1.5569892e-06;2.2780496e-06;4.6487756e-05;1.0;1.0;1417.7622;25
549640489;549469019;0.99962306;-0.0059305625;-0.00028274936;-0.026806947;-99.99991;27.984705;0.19333038;0.0;0.0;-0.74553984;-0.0005466973;0.008471405;0.0007675686;0.13338363;0.060120568;-0.06302441;0.2533777;-0.0002386563;-0.17190593;0.15057366;-0.009334683;-0.19470495;0.0;0.0;-1.3334575;0.00022474327;0.00027683363;0.00035454138;38.07059;80.57656;0.015742028;147404.56;334149.72;0.2598058;6.725508e-07;6.7340864e-07;3.6294279e-07;0.0006181324;0.0008752636;1.2293716e-05;2.5797406e-06;4.230445e-06;4.7849036e-05;1.5512259e-06;2.2409224e-06;4.5963818e-05;1.0;1.0;1430.0702;25
550135285;549963872;0.99917567;-0.010691815;0.0039697997;-0.038961064;-100.0;27.708895;0.16755289;0.0;0.0;-0.6895706;-0.0006502751;0.008403293;0.0008477031;0.13433301;0.05956714;-0.06297912;0.25359157;-0.0002444436;-0.17236295;0.1506485;-0.009022291;-0.19418676;0.0;0.0;-1.3334575;0.0002158181;0.000275827;0.00035099525;38.23987;80.45376;0.015371409;149452.88;338336.38;0.2586521;6.7318945e-07;6.743625e-07;3.6221311e-07;0.0006169721;0.00087452825;1.2326593e-05;2.5709182e-06;4.227109e-06;4.772417e-05;1.5453679e-06;2.2138317e-06;4.5830286e-05;1.0;1.0;1442.2449;25
550639407;550467769;0.9989608;0.0058801793;-0.015370854;-0.042503517;-99.990654;27.344727;0.17112742;0.0;0.0;-0.6581866;-0.00073743745;0.008317383;0.0009096317;0.13522704;0.05921744;-0.06295797;0.25376976;-0.00024926488;-0.17277433;0.1507058;-0.008770091;-0.1937194;0.0;0.0;-1.3334575;0.0002067562;0.00027402092;0.00034856654;38.40822;80.26777;0.015029315;151544.94;342603.06;0.25774917;6.74184e-07;6.747566e-07;3.62255e-07;0.0006158878;0.00087365677;1.235933e-05;2.5639708e-06;4.2249826e-06;4.7619098e-05;1.5405395e-06;2.1922529e-06;4.5719116e-05;1.0;1.0;1454.5828;25
551133978;550962621;0.99904674;0.0066307415;-0.0046168696;-0.042899825;-100.0;26.905949;0.17522381;0.0;0.0;-0.6196254;-0.0008205644;0.008210494;0.0009794314;0.13614075;0.05877142;-0.06294386;0.25396633;-0.00025461309;-0.17321844;0.15077244;-0.008494389;-0.19321586;0.0;0.0;-1.3334575;0.00019868684;0.00027201374;0.0003450923;38.565002;80.100266;0.014827668;153619.27;346842.97;0.26097634;6.754452e-07;6.749125e-07;3.61625e-07;0.0006149659;0.0008727726;1.2391387e-05;2.5556976e-06;4.221691e-06;4.7522e-05;1.5352647e-06;2.169436e-06;4.5616365e-05;1.0;1.0;1466.7139;25
551638086;551466424;0.9986403;0.02401765;0.013389408;-0.044288058;-99.99954;26.400145;0.17243399;0.0;0.0;-0.61122566;-0.00089596654;0.008083286;0.0010437958;0.13711411;0.058470316;-0.062933035;0.2541503;-0.00025956758;-0.17359751;0.15083203;-0.008244097;-0.19277105;0.0;0.0;-1.3334575;0.00019096605;0.0002706079;0.00034174387;38.734562;79.89387;0.014550256;155755.8;351157.16;0.25917333;6.7690087e-07;6.747391e-07;3.6109415e-07;0.0006140519;0.00087183516;1.2424834e-05;2.5480322e-06;4.218496e-06;4.7440208e-05;1.5302131e-06;2.1487901e-06;4.5528268e-05;1.0;1.0;1478.9993;25
552132874;551961276;0.99221474;0.11165515;-0.005376425;-0.054902706;-99.99965;25.950127;0.16500089;0.0;0.0;-0.59689087;-0.0009561645;0.007972441;0.0010697101;0.1378266;0.058284245;-0.062938266;0.2542953;-0.00026217196;-0.17344348;0.1508955;-0.008082595;-0.19287218;0.0;0.0;-1.3334575;0.0001843207;0.00026906456;0.00034033685;38.908585;79.7269;0.014340025;157864.25;355446.88;0.26170397;6.7883224e-07;6.7466556e-07;3.6126227e-07;0.0006133077;0.00087098306;1.24577355e-05;2.541675e-06;4.216348e-06;4.7418336e-05;1.5261917e-06;2.1371586e-06;4.550316e-05;1.0;1.0;1491.048;25
552636667;552465126;0.98682547;0.14842603;-0.0064253556;-0.064062595;-99.998405;25.428022;0.14716221;0.0;0.0;-0.5967004;-0.0010178394;0.007848153;0.0010767429;0.13854104;0.05812202;-0.06295065;0.25445178;-0.00026401342;-0.17297259;0.15097758;-0.007934671;-0.1932901;0.0;0.0;-1.3334575;0.00017780693;0.00026758105;0.00033836166;39.080975;79.50507;0.014053237;160010.42;359802.3;0.2593416;6.8076054e-07;6.741397e-07;3.609245e-07;0.00061255443;0.00087004487;1.2491421e-05;2.5339073e-06;4.2132033e-06;4.7215144e-05;1.5217768e-06;2.1284122e-06;4.5300443e-05;1.0;1.0;1503.2946;25
553140343;552968976;0.9932644;-0.08997588;-0.029666929;-0.06670941;-99.99839;25.014385;0.14072749;0.0;0.0;-0.5937333;-0.0010709955;0.0077168364;0.0010937436;0.13943374;0.05801411;-0.06292522;0.25458893;-0.0002663703;-0.17272858;0.15105818;-0.0078040957;-0.19347544;0.0;0.0;-1.3334575;0.00017243599;0.0002674143;0.000336027;39.280025;79.335915;0.013760994;162213.97;364224.78;0.2567845;6.8293366e-07;6.73746e-07;3.6057642e-07;0.0006119414;0.0008691227;1.2526803e-05;2.5270406e-06;4.210072e-06;4.7011323e-05;1.517351e-06;2.11634e-06;4.509178e-05;1.0;1.0;1515.4888;25
553635516;553463828;0.9968436;-0.007718063;-0.039581385;-0.068385854;-100.10508;24.616467;0.1219607;0.0;0.0;-0.5857816;-0.0010991207;0.007553686;0.0011575599;0.14045689;0.057719152;-0.06289066;0.2547318;-0.000270941;-0.17310645;0.15111807;-0.0076218466;-0.1930178;0.0;0.0;-1.3334575;0.00016810469;0.00026841855;0.00033282893;39.500275;79.20331;0.01338517;164440.62;368618.84;0.25361392;6.851996e-07;6.7325817e-07;3.6008424e-07;0.0006114626;0.00086820335;1.2562877e-05;2.5210886e-06;4.2068714e-06;4.6811492e-05;1.512866e-06;2.0991515e-06;4.48805e-05;1.0;1.0;1527.4371;25
554139092;553967678;0.9952613;0.027034132;-0.03816808;-0.085249215;-100.0;24.221197;0.15707554;0.0;0.0;-0.5985741;-0.0011114642;0.00739103;0.0012131584;0.14123774;0.057622872;-0.062885836;0.25485307;-0.00027534767;-0.17374085;0.15115324;-0.0074453275;-0.1923393;0.0;0.0;-1.3334575;0.0001644705;0.0002691593;0.00033115526;39.72903;79.10672;0.013355031;166730.95;373157.3;0.25638202;6.8791206e-07;6.730206e-07;3.604223e-07;0.00061108015;0.0008673266;1.2599386e-05;2.5167894e-06;4.204876e-06;4.668404e-05;1.5091248e-06;2.0847824e-06;4.474812e-05;1.0;1.0;1539.6663;25
554634058;554462530;0.994392;-0.023893435;0.03380596;-0.09731865;-99.9987;23.702145;0.12271705;0.0;0.0;-0.6240726;-0.0011232275;0.0071962704;0.001253749;0.14211178;0.05736965;-0.06288422;0.2549773;-0.00027891077;-0.17406009;0.15120994;-0.007293747;-0.19194543;0.0;0.0;-1.3334575;0.00016049479;0.0002690288;0.00032817107;39.936142;78.92097;0.0130972285;168977.73;377528.75;0.25266775;6.903371e-07;6.717495e-07;3.6001165e-07;0.00061071006;0.0008663287;1.2633964e-05;2.5103523e-06;4.201706e-06;4.6534627e-05;1.5047225e-06;2.0700486e-06;4.459063e-05;1.0;1.0;1551.5404;25
555137813;554966427;0.9847474;-0.00574161;0.002210273;-0.17388168;-99.99729;23.088984;0.08356215;0.0;0.0;-0.6440421;-0.0011310275;0.006980265;0.0012814088;0.14295614;0.057126958;-0.06288426;0.2550976;-0.00028177362;-0.17422117;0.15126877;-0.0071551474;-0.19170143;0.0;0.0;-1.3334575;0.00015704388;0.00026936905;0.00032560804;40.158928;78.76846;0.01265099;171298.77;382023.25;0.24975368;6.9291747e-07;6.7056425e-07;3.5973355e-07;0.0006104132;0.0008654083;1.2669913e-05;2.5039044e-06;4.1986436e-06;4.6461515e-05;1.5003059e-06;2.0568764e-06;4.4509237e-05;1.0;1.0;1563.6431;25
555632653;555461279;0.97535634;0.021125354;-0.052764654;-0.21318914;-100.0;22.619617;0.09651599;0.0;0.0;-0.6537449;-0.0011246675;0.0067665135;0.0013010026;0.14360555;0.056891855;-0.06290293;0.25521377;-0.0002847407;-0.17466034;0.15130353;-0.0069977096;-0.19120063;0.0;0.0;-1.3334575;0.0001538025;0.00026914087;0.0003241716;40.382435;78.63162;0.012555196;173591.11;386470.53;0.2511891;6.956939e-07;6.6970716e-07;3.6006256e-07;0.0006101694;0.0008645974;1.2704879e-05;2.4981339e-06;4.1966064e-06;4.639052e-05;1.4962401e-06;2.0447678e-06;4.443583e-05;1.0;1.0;1575.5392;25
556136683;555965081;0.969793;-0.001419638;0.012762171;-0.24359146;-99.99262;22.073503;0.097457506;0.0;0.0;-0.7052561;-0.0011099706;0.006507984;0.0013111917;0.14441042;0.056628067;-0.06291332;0.25533956;-0.00028752506;-0.17508921;0.15134792;-0.0068342043;-0.19069055;0.0;0.0;-1.3334575;0.00015077836;0.00026977286;0.00032172326;40.624866;78.48018;0.012395192;175961.94;391002.94;0.24822842;6.983627e-07;6.6852306e-07;3.5982225e-07;0.0006099679;0.0008638405;1.2741358e-05;2.491008e-06;4.1935764e-06;4.6280176e-05;1.4914434e-06;2.0308162e-06;4.4320364e-05;1.0;1.0;1587.5824;25
556640527;556468931;0.95224136;-0.024330588;0.04585435;-0.3009016;-99.99982;21.555769;0.038526323;0.0;0.0;-0.7520532;-0.0010886015;0.006237984;0.0012962013;0.14520143;0.056175277;-0.06293067;0.255466;-0.00028901745;-0.17519431;0.15140712;-0.0066925585;-0.1904798;0.0;0.0;-1.3334575;0.00014801396;0.00027034598;0.00031952237;40.876453;78.34824;0.01215907;178355.86;395548.56;0.24537158;7.01035e-07;6.6735424e-07;3.5960687e-07;0.00060981046;0.0008631715;1.2777962e-05;2.4833428e-06;4.1905787e-06;4.621022e-05;1.4866167e-06;2.0181592e-06;4.424375e-05;1.0;1.0;1599.6753;25
557135182;556963783;0.9351957;-0.116479024;0.05843269;-0.32928303;-99.99528;21.225164;-0.0077258614;0.0;0.0;-0.80039865;-0.0010357129;0.0059919404;0.0013257803;0.1461964;0.055665035;-0.062897906;0.2555994;-0.00029285788;-0.1762296;0.15142551;-0.006507844;-0.18935502;0.0;0.0;-1.3334575;0.00014601943;0.0002717822;0.00031794838;41.153072;78.29691;0.012135874;180750.33;400103.22;0.24670373;7.0391854e-07;6.6691223e-07;3.6000472e-07;0.00060969085;0.00086268556;1.2814502e-05;2.4777555e-06;4.1885705e-06;4.579766e-05;1.4823195e-06;2.0019475e-06;4.382878e-05;1.0;1.0;1611.422;25
557639161;557467632;0.9481457;-0.00483857;0.0029875827;-0.3177851;-99.99702;20.810585;-0.00914046;0.0;0.0;-0.85370624;-0.0009441608;0.0056987745;0.0013689726;0.14735836;0.05493525;-0.06286082;0.25576946;-0.00029810463;-0.17790425;0.15142864;-0.0062530595;-0.18758664;0.0;0.0;-1.3334575;0.00014434861;0.00027407656;0.00031546463;41.43636;78.214096;0.011980759;183230.88;404739.66;0.24411073;7.066416e-07;6.660639e-07;3.5989157e-07;0.00060958887;0.0008622956;1.2852371e-05;2.4717158e-06;4.1856056e-06;4.5338522e-05;1.4775623e-06;1.9828508e-06;4.337208e-05;1.0;1.0;1623.474;25
558134102;557962484;0.94109714;-0.040486768;0.025794134;-0.33471146;-100.002884;20.338266;-0.03277895;0.0;0.0;-0.93548656;-0.000847682;0.005388521;0.0013681533;0.14809151;0.054427315;-0.0628759;0.2558845;-0.0002997981;-0.17853042;0.1514499;-0.0061021824;-0.1868631;0.0;0.0;-1.3334575;0.00014256011;0.0002747138;0.00031333673;41.683243;78.05642;0.011897736;185645.36;409165.38;0.24062301;7.0893e-07;6.648319e-07;3.5965542e-07;0.0006094861;0.0008619173;1.2887639e-05;2.4645738e-06;4.1825597e-06;4.522975e-05;1.4731993e-06;1.968683e-06;4.326347e-05;1.0;1.0;1635.1859;25
558637876;558466333;0.94033283;-0.046990037;0.025381861;-0.33603847;-99.98703;19.933252;-0.07349771;0.0;0.0;-1.0261365;-0.00074434077;0.0051124915;0.0013686398;0.1486647;0.053979196;-0.062893406;0.2559667;-0.00030067153;-0.17891559;0.15146795;-0.005999006;-0.18638587;0.0;0.0;-1.3334575;0.00014137264;0.0002751073;0.0003126354;41.941677;77.952965;0.011895658;188124.25;413719.12;0.24279489;7.113596e-07;6.643465e-07;3.6019034e-07;0.0006093982;0.0008616134;1.29232885e-05;2.4587553e-06;4.180685e-06;4.5145112e-05;1.4696304e-06;1.9570125e-06;4.317735e-05;1.0;1.0;1647.1262;25
559132793;558961185;0.94161826;-0.03416632;0.017900895;-0.3344656;-99.99458;19.495028;-0.09578353;0.0;0.0;-1.1287615;-0.0006056447;0.004792388;0.001370207;0.14936078;0.053366255;-0.062912256;0.25606966;-0.00030161487;-0.1794167;0.15149145;-0.0058764056;-0.18577747;0.0;0.0;-1.3334575;0.00014028755;0.00027543365;0.0003107787;42.17975;77.77913;0.011770507;190576.67;418094.5;0.23960815;7.132249e-07;6.632397e-07;3.6001478e-07;0.0006093078;0.0008613389;1.2957529e-05;2.451774e-06;4.1776816e-06;4.505294e-05;1.4657502e-06;1.943758e-06;4.3085223e-05;1.0;1.0;1658.8674;25
559636464;559465082;0.93987846;-0.0408069;0.016807487;-0.33864558;-99.99705;19.208986;-0.12542637;0.0;0.0;-1.2170583;-0.00045203624;0.0044784816;0.001370542;0.15002352;0.052745465;-0.062940724;0.25616676;-0.0003020751;-0.17981943;0.15151702;-0.0057674996;-0.185264;0.0;0.0;-1.3334575;0.00013963197;0.00027582113;0.00030919793;42.423557;77.61129;0.011688869;193093.3;422537.53;0.23725858;7.149132e-07;6.6232064e-07;3.59928e-07;0.00060922315;0.0008610821;1.2991837e-05;2.4450067e-06;4.1747694e-06;4.498024e-05;1.4621206e-06;1.931197e-06;4.301255e-05;1.0;1.0;1670.7723;25
560140735;559968884;0.9386185;0.01732835;-0.015967285;-0.34415144;-100.17303;19.068893;-0.16365172;0.0;0.0;-1.3038268;-0.00029304033;0.004162982;0.0013547983;0.15061119;0.052184705;-0.06298476;0.2562525;-0.00030135424;-0.17989287;0.15155481;-0.005681709;-0.18507136;0.0;0.0;-1.3334575;0.00013972205;0.0002765294;0.00030795595;42.674324;77.507645;0.01174842;195637.22;427045.53;0.23977683;7.1636765e-07;6.6177773e-07;3.5985343e-07;0.0006091551;0.00086083653;1.3026261e-05;2.4383153e-06;4.171886e-06;4.4943532e-05;1.4587492e-06;1.9205193e-06;4.297362e-05;1.0;1.0;1682.739;25
560635332;560463736;0.92795;0.084312096;-0.046266675;-0.36008275;-99.99863;19.061596;-0.1651317;0.0;0.0;-1.3859599;-0.00017091745;0.0038947626;0.0013052088;0.15091208;0.051878016;-0.06305553;0.25630012;-0.000299092;-0.17956312;0.15159565;-0.005631378;-0.18529461;0.0;0.0;-1.3334575;0.00013973526;0.00027678712;0.00030765028;42.916508;77.33139;0.011587373;198127.05;431367.72;0.23694041;7.1770006e-07;6.614936e-07;3.602255e-07;0.0006090957;0.00086054613;1.3058685e-05;2.4323538e-06;4.169977e-06;4.491244e-05;1.4560344e-06;1.913839e-06;4.2938816e-05;1.0;1.0;1694.3813;25
561139125;560967585;0.92152435;0.08421114;-0.02287359;-0.37838903;-99.99182;19.16053;-0.18378422;0.0;0.0;-1.4690852;-3.582152e-05;0.0035894557;0.0012294039;0.15117954;0.051634192;-0.0631594;0.25633058;-0.00029578677;-0.1790545;0.1516414;-0.0055900607;-0.18566851;0.0;0.0;-1.3334575;0.00014002615;0.0002768611;0.0003065883;43.157112;77.163376;0.011517103;200667.78;435757.75;0.23495027;7.184426e-07;6.6101023e-07;3.6003183e-07;0.0006090352;0.0008602027;1.3091126e-05;2.4246374e-06;4.167122e-06;4.482083e-05;1.4530102e-06;1.9073436e-06;4.2842177e-05;1.0;1.0;1706.3478;25
561634247;561462437;0.89913404;-0.0041961074;-0.011566906;-0.43750042;-100.16956;19.212957;-0.21965994;0.0;0.0;-1.5716608;0.00011641817;0.0032692407;0.0011582801;0.15158218;0.05128422;-0.06325064;0.25634733;-0.00029260298;-0.17860675;0.1516843;-0.005568925;-0.18595465;0.0;0.0;-1.3334575;0.00014072748;0.00027724775;0.00030556304;43.40282;77.06805;0.011459188;203192.5;440140.75;0.23676947;7.190135e-07;6.6072937e-07;3.598427e-07;0.00060898485;0.00085987645;1.3122828e-05;2.4167364e-06;4.164176e-06;4.4758355e-05;1.4500549e-06;1.8998957e-06;4.2773172e-05;1.0;1.0;1717.9948;25
562137687;561966286;0.8462992;0.005997363;-0.017343096;-0.53239167;-99.986694;19.427797;-0.21784197;0.0;0.0;-1.6588945;0.00029130702;0.0029703544;0.001118302;0.15213339;0.051005725;-0.06333671;0.25641525;-0.0002914896;-0.1789366;0.15167968;-0.005489139;-0.18549855;0.0;0.0;-1.3334575;0.00014095385;0.0002775846;0.00030546947;43.67029;76.94041;0.011540463;205810.11;444609.97;0.23502071;7.199721e-07;6.6094583e-07;3.6039563e-07;0.00060892646;0.000859541;1.315438e-05;2.4103613e-06;4.162396e-06;4.473016e-05;1.4473935e-06;1.8886774e-06;4.274641e-05;1.0;1.0;1729.9705;25
562632717;562461138;0.77419543;0.07749216;0.09636076;-0.62075055;-99.98275;19.82413;-0.24885993;0.0;0.0;-1.7508901;0.00046158495;0.0026092755;0.0010132404;0.15272269;0.050836653;-0.063460425;0.25648257;-0.00028901192;-0.17946212;0.15162435;-0.005377218;-0.18479249;0.0;0.0;-1.3334575;0.0001410372;0.00027887925;0.00030423558;43.961243;76.87782;0.011557874;208392.69;449083.7;0.23269849;7.2063284e-07;6.610898e-07;3.5997087e-07;0.0006088963;0.0008592951;1.3185641e-05;2.4021037e-06;4.159475e-06;4.458363e-05;1.4441025e-06;1.8734678e-06;4.2606494e-05;1.0;1.0;1741.638;25
563136565;562964987;0.682889;0.072011694;0.098240055;-0.72029567;-100.00016;20.29252;-0.26677957;0.0;0.0;-1.8527911;0.00061476586;0.0022435316;0.00085025694;0.15315036;0.050819196;-0.06361738;0.25648534;-0.00028537295;-0.17998852;0.15155797;-0.005284674;-0.18405978;0.0;0.0;-1.3334575;0.00014070196;0.00027897794;0.00030320743;44.261345;76.87999;0.011641318;211014.69;453717.75;0.23557255;7.211636e-07;6.616217e-07;3.5947005e-07;0.00060886046;0.000859037;1.3217635e-05;2.3925243e-06;4.1566527e-06;4.441729e-05;1.440592e-06;1.8566104e-06;4.2446234e-05;1.0;1.0;1753.5739;25
563640389;563468883;0.6094958;0.06748548;0.023119379;-0.7895735;-99.98675;20.767302;-0.25069094;0.0;0.0;-1.9135159;0.00076114153;0.0019464297;0.0007119615;0.1535477;0.050967567;-0.06378285;0.25644577;-0.00028220488;-0.18041623;0.15148866;-0.005243497;-0.18343171;0.0;0.0;-1.3334575;0.00013923243;0.00027680292;0.00030305237;44.539665;76.801895;0.01158305;213619.39;458230.1;0.23403059;7.216317e-07;6.625654e-07;3.5960983e-07;0.000608783;0.0008586859;1.3247344e-05;2.383373e-06;4.1548933e-06;4.42573e-05;1.4373937e-06;1.840329e-06;4.2291504e-05;1.0;1.0;1765.5529;25
564135087;563963734;0.5623988;-0.006261165;-0.033869572;-0.82614857;-99.97431;21.185036;-0.2822181;0.0;0.0;-1.9802793;0.0010005792;0.0016430869;0.0006437202;0.15431428;0.05096216;-0.063909575;0.2563673;-0.00027909147;-0.18040448;0.15143555;-0.005305018;-0.18317805;0.0;0.0;-1.3334575;0.00013772605;0.00027505658;0.00030182756;44.826122;76.76421;0.011555581;216231.34;462732.2;0.23188701;7.219199e-07;6.6362134e-07;3.5902286e-07;0.00060867856;0.0008583989;1.3276037e-05;2.3723412e-06;4.1520047e-06;4.4224595e-05;1.4332479e-06;1.823722e-06;4.225913e-05;1.0;1.0;1777.3242;25
564639167;564467536;0.5617776;0.001695965;-0.009497278;-0.82723206;-99.997185;21.48858;-0.29399097;0.0;0.0;-2.0844433;0.0012707798;0.0013599714;0.00058950816;0.15524946;0.0509404;-0.06401356;0.25629157;-0.00027615268;-0.18040526;0.15138136;-0.0053881034;-0.18291014;0.0;0.0;-1.3334575;0.00013669381;0.00027321876;0.00030089595;45.11538;76.77991;0.011589182;218922.92;467437.38;0.23502754;7.2237003e-07;6.651505e-07;3.5857678e-07;0.00060854875;0.0008581226;1.33059375e-05;2.3616644e-06;4.149213e-06;4.4204335e-05;1.4292689e-06;1.8069013e-06;4.224092e-05;1.0;1.0;1789.3896;25
565134075;564962388;0.55974174;0.04050867;0.06348131;-0.82523847;-99.96177;21.97437;-0.32242963;0.0;0.0;-2.156732;0.0015032757;0.0011516939;0.0005429051;0.15618414;0.05097434;-0.064133935;0.25622016;-0.00027363992;-0.18030155;0.15134583;-0.0054650656;-0.1827675;0.0;0.0;-1.3334575;0.00013585525;0.00027113027;0.00030086943;45.39108;76.75231;0.011539501;221557.23;472003.97;0.23299044;7.2296046e-07;6.670273e-07;3.587762e-07;0.0006083744;0.000857823;1.3333392e-05;2.3524601e-06;4.1473777e-06;4.4183915e-05;1.4262072e-06;1.7933306e-06;4.2221003e-05;1.0;1.0;1801.178;25
565637632;565466237;0.5517458;0.06680451;0.05011996;-0.82982033;-99.95714;22.588987;-0.34261966;0.0;0.0;-2.217515;0.0017475816;0.0009175152;0.0004384715;0.15725312;0.05105112;-0.06429041;0.25612983;-0.00027074624;-0.18029197;0.1513049;-0.00552673;-0.18248633;0.0;0.0;-1.3334575;0.00013552401;0.00026908034;0.00030015328;45.6619;76.73989;0.011576276;224226.58;476698.03;0.23164733;7.232897e-07;6.688616e-07;3.583903e-07;0.00060817297;0.00085752364;1.3360986e-05;2.3415073e-06;4.1445815e-06;4.410311e-05;1.4231673e-06;1.777158e-06;4.2142394e-05;1.0;1.0;1813.2144;25
566132663;565961088;0.5309604;0.2119083;0.14069888;-0.80831915;-100.00132;23.237047;-0.29868597;0.0;0.0;-2.276565;0.0019257846;0.0006673949;0.00023704857;0.15821181;0.051277205;-0.06446323;0.25603345;-0.00026924405;-0.18123364;0.1512093;-0.0054912213;-0.18127102;0.0;0.0;-1.3334575;0.00013595687;0.00026738332;0.00029947984;45.92778;76.77768;0.011587343;226802.52;481439.66;0.23422806;7.238067e-07;6.7076707e-07;3.5797004e-07;0.0006079565;0.0008572581;1.3389146e-05;2.3307168e-06;4.141712e-06;4.3361495e-05;1.4207919e-06;1.7574796e-06;4.141052e-05;1.0;1.0;1825.109;25
566636687;566464937;0.5200315;-0.09280146;-0.08076579;-0.8452408;-100.07637;23.864908;-0.25757375;0.0;0.0;-2.2807732;0.002160107;0.0004949734;0.00016808868;0.15977791;0.051136598;-0.06456432;0.2559283;-0.0002687793;-0.18165666;0.1512051;-0.005533171;-0.18054079;0.0;0.0;-1.3334575;0.00013664221;0.00026615217;0.00029884357;46.20312;76.809;0.011657624;229506.7;486289.03;0.23283017;7.243893e-07;6.729274e-07;3.5781255e-07;0.0006076217;0.00085701;1.34163065e-05;2.320204e-06;4.1389217e-06;4.301155e-05;1.4179337e-06;1.7436962e-06;4.1060925e-05;1.0;1.0;1837.2139;25
567140377;566968786;0.5181819;-0.090664275;-0.040190656;-0.8495012;-99.95351;24.310528;-0.30612934;0.0;0.0;-2.3135042;0.0024296856;0.00040861205;0.00022222022;0.16186509;0.05077341;-0.06459546;0.25591627;-0.00026935255;-0.18219696;0.15122259;-0.00558009;-0.17974809;0.0;0.0;-1.3334575;0.00013754451;0.0002652978;0.00029895446;46.490307;76.86675;0.011582176;232305.83;491221.44;0.23176828;7.252254e-07;6.7541504e-07;3.5835595e-07;0.000607166;0.0008567829;1.3443204e-05;2.3123919e-06;4.137188e-06;4.278459e-05;1.4146559e-06;1.732437e-06;4.0836472e-05;1.0;1.0;1849.3723;25
567635220;567463637;0.51463896;0.024375629;0.024702653;-0.8567044;-99.99337;24.739807;-0.39087638;0.0;0.0;-2.3989828;0.002752591;0.00032715945;0.00026679644;0.16412225;0.050249625;-0.064625725;0.2558821;-0.00026903977;-0.18247077;0.15125538;-0.0056535047;-0.17916626;0.0;0.0;-1.3334575;0.0001389836;0.00026448347;0.00029823591;46.77179;76.96194;0.011685668;235067.17;496131.84;0.23437867;7.2571044e-07;6.77554e-07;3.5822748e-07;0.00060670456;0.0008565673;1.3470108e-05;2.3028665e-06;4.1343337e-06;4.260388e-05;1.4112546e-06;1.7208507e-06;4.065637e-05;1.0;1.0;1861.3248;25
568138952;567967533;0.52197224;-0.045715712;-0.06926561;-0.8489154;-100.0;25.269331;-0.36460936;0.0;0.0;-2.4350097;0.0030473466;0.00021410848;0.00024207913;0.16626535;0.050036885;-0.06469937;0.2558183;-0.00026770702;-0.18241197;0.15127163;-0.0057413904;-0.1788999;0.0;0.0;-1.3334575;0.00014062085;0.00026327465;0.00029794118;47.03118;77.013855;0.011579923;237846.75;501107.0;0.23306146;7.2609595e-07;6.7951316e-07;3.5818425e-07;0.0006062005;0.0008563306;1.34960965e-05;2.2929653e-06;4.1315643e-06;4.2526106e-05;1.4086337e-06;1.7089055e-06;4.0578976e-05;1.0;1.0;1873.508;25
568633943;568462385;0.5163151;-0.03868071;-0.037101485;-0.85471994;-99.95443;25.813608;-0.30006474;0.0;0.0;-2.4553657;0.0033092767;0.00014066318;0.00024183436;0.1684737;0.049823437;-0.06477613;0.25580525;-0.00026687892;-0.18246308;0.15128727;-0.00580435;-0.17856859;0.0;0.0;-1.3334575;0.00014260257;0.00026243142;0.0002985291;47.2879;77.07294;0.011406032;240626.12;506058.7;0.2312416;7.267323e-07;6.8157516e-07;3.587473e-07;0.0006056918;0.00085611787;1.3521298e-05;2.2852396e-06;4.1297685e-06;4.2486936e-05;1.406325e-06;1.698334e-06;4.054202e-05;1.0;1.0;1885.5421;25
569137828;568966186;0.5143691;-0.0211833;-0.029912302;-0.8567853;-99.957115;26.459288;-0.39813292;0.0;0.0;-2.5030713;0.003629342;8.6683045e-05;0.0002649521;0.17107557;0.049358595;-0.06482254;0.2557964;-0.00026608934;-0.18255407;0.15133129;-0.0058690794;-0.17815338;0.0;0.0;-1.3334575;0.00014530061;0.00026274766;0.00029833248;47.5811;77.18587;0.0115956;243512.36;511196.12;0.23012705;7.2714084e-07;6.8371673e-07;3.588043e-07;0.0006051849;0.0008559639;1.3547274e-05;2.276735e-06;4.1270123e-06;4.2394913e-05;1.40349e-06;1.6873845e-06;4.045165e-05;1.0;1.0;1897.7899;25
569632532;569461038;0.5063902;-0.0020782752;0.03649388;-0.86152935;-100.0;26.99847;-0.38192895;0.0;0.0;-2.5813937;0.0039422098;4.3743355e-05;0.0002729338;0.17354548;0.04873489;-0.06486824;0.2557868;-0.00026482376;-0.18245791;0.15136997;-0.0059419177;-0.17790595;0.0;0.0;-1.3334575;0.00014830075;0.00026282188;0.00029819086;47.860508;77.32283;0.011529168;246367.66;516303.12;0.23273954;7.275241e-07;6.8548735e-07;3.587979e-07;0.0006047669;0.0008558064;1.3573359e-05;2.2681982e-06;4.1241906e-06;4.23405e-05;1.4009258e-06;1.6770459e-06;4.0398074e-05;1.0;1.0;1909.89;25
570136338;569964886;0.50269145;-0.011798723;-0.024861624;-0.8640278;-99.95212;27.683369;-0.3598831;0.0;0.0;-2.610102;0.0041962643;-2.8389388e-05;0.00022324293;0.1755392;0.048478156;-0.064956695;0.25584397;-0.0002651028;-0.1831868;0.1513457;-0.005928799;-0.17692311;0.0;0.0;-1.3334575;0.0001516961;0.00026425396;0.00029924128;48.162792;77.466225;0.011621791;249322.17;521586.8;0.23178862;7.283818e-07;6.87901e-07;3.5944885e-07;0.000604423;0.00085573865;1.3601521e-05;2.2628926e-06;4.122491e-06;4.2023392e-05;1.3989182e-06;1.6634928e-06;4.00921e-05;1.0;1.0;1922.19;25
570640203;570468735;0.48153037;0.021591127;-0.068241514;-0.8735018;-99.9096;28.383987;-0.36309904;0.0;0.0;-2.6460383;0.0045005735;-6.711756e-05;0.00022164719;0.177922;0.04823558;-0.065046996;0.25578457;-0.0002634322;-0.18281159;0.15139376;-0.006028114;-0.1769493;0.0;0.0;-1.3334575;0.0001552025;0.00026435772;0.0002992966;48.446632;77.571556;0.011771339;252252.28;526805.0;0.23089306;7.286025e-07;6.893057e-07;3.5952206e-07;0.0006040695;0.0008555692;1.362607e-05;2.2542463e-06;4.1197663e-06;4.1982774e-05;1.3967597e-06;1.6550296e-06;4.004894e-05;1.0;1.0;1934.5721;25
571134991;570963587;0.47743103;-0.069897704;0.13636583;-0.8652042;-99.94751;28.98702;-0.41809255;0.0;0.0;-2.6880026;0.0047980337;-8.43603e-05;0.00021490021;0.18030481;0.047883265;-0.06514142;0.25576067;-0.00026256216;-0.18292321;0.1514238;-0.006098689;-0.17651996;0.0;0.0;-1.3334575;0.00015875758;0.0002644287;0.00029934812;48.73331;77.70488;0.0120134475;255173.53;532000.7;0.23377861;7.288471e-07;6.903382e-07;3.595321e-07;0.00060377363;0.00085539796;1.3650949e-05;2.2464944e-06;4.116963e-06;4.1800857e-05;1.3943692e-06;1.644496e-06;3.9870778e-05;1.0;1.0;1946.7638;25
571638888;571467435;0.4804797;-0.020216873;0.05235581;-0.8752083;-99.88441;29.82165;-0.41437927;0.0;0.0;-2.703249;0.0050653005;-9.759863e-05;0.00020558888;0.18254535;0.047620017;-0.06526717;0.25576162;-0.00026170767;-0.18281426;0.15145604;-0.0061531365;-0.1763264;0.0;0.0;-1.3334575;0.00016257506;0.00026459736;0.00030046667;49.023685;77.82143;0.012244517;258181.81;537295.6;0.23315297;7.2945994e-07;6.9146984e-07;3.6025452e-07;0.0006035024;0.0008552218;1.367494e-05;2.2402264e-06;4.115288e-06;4.1744974e-05;1.3923799e-06;1.6363048e-06;3.9816125e-05;1.0;1.0;1959.2297;25
572133762;571962286;0.48199803;-0.022926314;-0.033186186;-0.87524337;-99.92686;30.579872;-0.3887545;0.0;0.0;-2.7120607;0.0053906613;-0.00012938559;0.00017788922;0.18492486;0.04747864;-0.06539023;0.2557435;-0.0002604055;-0.18260798;0.1514845;-0.006236316;-0.1762003;0.0;0.0;-1.3334575;0.00016629692;0.0002641171;0.00030067746;49.28929;77.90162;0.012332352;261130.58;542464.2;0.23184955;7.2948734e-07;6.9151076e-07;3.6026702e-07;0.00060326396;0.0008550036;1.3697341e-05;2.23237e-06;4.112502e-06;4.1693078e-05;1.3902971e-06;1.6265896e-06;3.9766874e-05;1.0;1.0;1971.5157;25
572637713;572466182;0.47132155;0.009119441;0.0074401214;-0.88188297;-99.998886;31.239248;-0.36789653;0.0;0.0;-2.7659352;0.005727651;-0.00013763503;0.00016146146;0.18723343;0.047307417;-0.06549062;0.255714;-0.0002590654;-0.1823475;0.15152904;-0.006327636;-0.17613499;0.0;0.0;-1.3334575;0.00017039797;0.00026365573;0.00030108736;49.57021;78.01113;0.012553196;264180.88;547820.25;0.23591839;7.296184e-07;6.912008e-07;3.6039108e-07;0.00060306967;0.00085477857;1.37216475e-05;2.224814e-06;4.1098033e-06;4.1671246e-05;1.3881945e-06;1.6177104e-06;3.974655e-05;1.0;1.0;1984.0691;25
573132584;572961033;0.46615276;0.0034005458;0.014194839;-0.88458383;-99.93718;32.04541;-0.36210206;0.0;0.0;-2.7613997;0.0059994413;-0.00012891839;0.00016387441;0.18933047;0.047201496;-0.06562655;0.25569993;-0.00025802245;-0.18206212;0.15157679;-0.0063970364;-0.1761226;0.0;0.0;-1.3334575;0.00017420413;0.00026291524;0.00030213728;49.841465;78.080894;0.012740163;267195.88;553047.7;0.23494278;7.2999575e-07;6.9057523e-07;3.6105297e-07;0.0006028888;0.00085452804;1.3743473e-05;2.2184668e-06;4.1080693e-06;4.1665862e-05;1.3862273e-06;1.6109278e-06;3.9741062e-05;1.0;1.0;1996.4863;25
573636474;573464835;0.4622123;0.00080940477;0.007746434;-0.8867351;-99.946884;32.82854;-0.35811839;0.0;0.0;-2.7643142;0.006323273;-0.00011434631;0.00015650984;0.19161083;0.04707113;-0.06577023;0.25567544;-0.00025669349;-0.18169366;0.15162778;-0.0064854934;-0.17615181;0.0;0.0;-1.3334575;0.00017797614;0.00026180348;0.000302473;50.109806;78.13819;0.012942826;270272.62;558376.0;0.23469125;7.2991566e-07;6.889166e-07;3.611727e-07;0.0006027251;0.00085424696;1.3765426e-05;2.210761e-06;4.1053836e-06;4.1663618e-05;1.3840769e-06;1.6031919e-06;3.973924e-05;1.0;1.0;2009.1448;25
574140119;573968683;0.4597533;0.002529029;0.0020457741;-0.8880408;-99.988014;33.54067;-0.36124232;0.0;0.0;-2.801034;0.006654796;-9.189871e-05;0.00014662521;0.19381817;0.046857186;-0.06588662;0.25565147;-0.0002554564;-0.1813458;0.15168458;-0.0065711727;-0.17616673;0.0;0.0;-1.3334575;0.00018208154;0.00026096523;0.00030291564;50.390522;78.2239;0.013292658;273400.7;563808.9;0.2392137;7.2989286e-07;6.870388e-07;3.61325e-07;0.0006025938;0.0008539776;1.3789198e-05;2.2034542e-06;4.1027097e-06;4.1661126e-05;1.3819562e-06;1.5956784e-06;3.9737395e-05;1.0;1.0;2021.8843;25
574635398;574463535;0.46060902;-0.024352415;-0.00019506505;-0.8872691;-100.07836;34.347233;-0.30674255;0.0;0.0;-2.7922838;0.0069851386;-7.50921e-05;0.00014373435;0.19607918;0.046644513;-0.06601061;0.25563627;-0.00025424972;-0.18099919;0.15174328;-0.0066533443;-0.17617014;0.0;0.0;-1.3334575;0.0001860054;0.00026048315;0.00030321832;50.664562;78.275375;0.013417727;276501.9;569122.6;0.23853344;7.297744e-07;6.847507e-07;3.6140057e-07;0.0006024673;0.0008537168;1.3811309e-05;2.1963967e-06;4.0999607e-06;4.165683e-05;1.3798149e-06;1.588493e-06;3.9733775e-05;1.0;1.0;2034.4481;25
575138822;574967383;0.48111144;-0.047156714;-0.027052712;-0.87497216;-99.90388;35.2359;-0.36607233;0.0;0.0;-2.7854009;0.0072664334;-3.8730523e-05;0.00017530964;0.19818336;0.046414774;-0.06610569;0.25565374;-0.00025363624;-0.18093245;0.15181157;-0.006690919;-0.17595385;0.0;0.0;-1.3334575;0.00019028991;0.00026071453;0.00030449507;50.972412;78.34519;0.013878866;279740.9;574612.94;0.2388275;7.302694e-07;6.827936e-07;3.6219672e-07;0.000602349;0.0008534796;1.3835002e-05;2.1914798e-06;4.098332e-06;4.1605428e-05;1.3776696e-06;1.5822741e-06;3.9683633e-05;1.0;1.0;2047.3142;25
575633643;575462234;0.45308143;0.08880319;0.04079312;-0.88609666;-99.99319;36.186558;-0.29447827;0.0;0.0;-2.796501;0.007612245;-6.1225786e-05;0.0001350853;0.20010579;0.046375323;-0.06622399;0.25560006;-0.0002520964;-0.1805429;0.15183944;-0.006794887;-0.17600167;0.0;0.0;-1.3334575;0.00019491222;0.00026114326;0.00030486073;51.27239;78.43156;0.014119756;282900.25;580087.2;0.24332464;7.302917e-07;6.80195e-07;3.622858e-07;0.0006022808;0.00085327186;1.3860326e-05;2.18461e-06;4.0955974e-06;4.1459436e-05;1.3761339e-06;1.5754972e-06;3.9537856e-05;1.0;1.0;2060.0156;25
576137692;575966083;0.41702536;0.08625497;0.048972715;-0.90346646;-99.99765;37.242287;-0.24104056;0.0;0.0;-2.7445598;0.00792571;-7.489332e-05;9.177364e-05;0.2018141;0.04644557;-0.06639738;0.2555164;-0.00025057513;-0.18005772;0.15185444;-0.006927035;-0.17614262;0.0;0.0;-1.3334575;0.00019857356;0.00026051578;0.0003052049;51.560654;78.46237;0.014510327;286103.3;585625.1;0.24389529;7.3007624e-07;6.7606305e-07;3.6242574e-07;0.0006022267;0.00085300964;1.38846635e-05;2.1772703e-06;4.092961e-06;4.1315223e-05;1.3745324e-06;1.5691666e-06;3.9392668e-05;1.0;1.0;2073.0989;25
576632434;576460934;0.39927858;-0.06652845;0.18705618;-0.8950758;-99.78995;38.374573;-0.2475076;0.0;0.0;-2.646233;0.0081888605;-9.8488046e-05;6.6166e-05;0.20349011;0.046326123;-0.06652853;0.25551325;-0.0002502656;-0.18015945;0.15185075;-0.007000833;-0.17577155;0.0;0.0;-1.3334575;0.00020227261;0.00026131232;0.00030654797;51.87785;78.518875;0.015089119;289365.12;591145.7;0.24395116;7.3065536e-07;6.7295343e-07;3.6311093e-07;0.00060215883;0.00085281953;1.3910614e-05;2.1731078e-06;4.0912582e-06;4.10856e-05;1.3726025e-06;1.5616732e-06;3.916769e-05;1.0;1.0;2085.9429;25
577136364;576964830;0.4222324;-0.009192117;0.028255904;-0.9060005;-99.99677;39.30766;-0.18765199;0.0;0.0;-2.6110382;0.008539139;-0.00010965124;2.1387164e-05;0.20560318;0.046013493;-0.066613615;0.2555696;-0.00025118317;-0.18075308;0.15184233;-0.0070382296;-0.17490938;0.0;0.0;-1.3334575;0.00020588595;0.0002619096;0.00030753764;52.192326;78.58898;0.01559426;292739.88;596855.3;0.24997543;7.304661e-07;6.691403e-07;3.6330775e-07;0.0006020612;0.0008526033;1.393871e-05;2.1688784e-06;4.088622e-06;4.073462e-05;1.3702033e-06;1.5509046e-06;3.8829057e-05;1.0;1.0;2099.1206;25
577640283;577468631;0.3849644;0.061424777;-0.107420094;-0.9145985;-99.995766;40.184826;-0.1505781;0.0;0.0;-2.5571275;0.008847619;-3.235468e-05;7.6045864e-05;0.2077071;0.04580667;-0.06669334;0.255501;-0.00025040383;-0.18040603;0.15194008;-0.007129521;-0.1749137;0.0;0.0;-1.3334575;0.0002086907;0.00026154003;0.00030761195;52.49747;78.5872;0.015980614;296085.75;602504.75;0.25111923;7.297566e-07;6.635189e-07;3.6341126e-07;0.0006019663;0.0008522962;1.3964956e-05;2.1625087e-06;4.0859995e-06;4.0678973e-05;1.3679102e-06;1.5467313e-06;3.877083e-05;1.0;1.0;2112.4119;25
578135218;577963482;0.34214225;0.017816842;-0.028244954;-0.93905467;-99.95;41.136223;-0.09817166;0.0;0.0;-2.4526086;0.009035413;5.6573983e-05;0.00016749113;0.20942068;0.045769095;-0.06678674;0.2554132;-0.000249523;-0.18032522;0.15202911;-0.0071894946;-0.17470756;0.0;0.0;-1.3334575;0.00021055971;0.00026066488;0.0003077681;52.79462;78.55942;0.01638246;299367.5;608083.94;0.2514641;7.292906e-07;6.5723526e-07;3.639906e-07;0.0006018758;0.00085195136;1.3990782e-05;2.156764e-06;4.08432e-06;4.048985e-05;1.3657135e-06;1.5449299e-06;3.8576258e-05;1.0;1.0;2125.5356;25
578638937;578467330;0.3477739;-0.034020357;0.08029458;-0.9335142;-99.99024;42.01672;-0.07624631;0.0;0.0;-2.3855407;0.009350841;0.00012694846;0.00019011876;0.21145172;0.04556626;-0.066848464;0.25540355;-0.00024848088;-0.18023166;0.15206619;-0.007299712;-0.17451285;0.0;0.0;-1.3334575;0.00021286258;0.0002605185;0.00030835922;53.113415;78.57799;0.016953936;302824.25;613905.06;0.25807282;7.285156e-07;6.51378e-07;3.6410583e-07;0.0006017806;0.0008516637;1.4020105e-05;2.151983e-06;4.0817044e-06;4.041144e-05;1.362835e-06;1.53867e-06;3.8501013e-05;1.0;1.0;2138.9922;25
579133838;578962182;0.3626503;-0.060481854;0.13109595;-0.92067397;-99.999084;43.04978;-0.034093127;0.0;0.0;-2.2837665;0.009697879;0.00017029652;0.00016799712;0.21356826;0.045323223;-0.066923305;0.25544825;-0.0002486344;-0.18054126;0.15206304;-0.007381795;-0.1739306;0.0;0.0;-1.3334575;0.00021396531;0.00026049317;0.00030897174;53.423576;78.53895;0.017460978;306259.38;619600.94;0.25862986;7.2753164e-07;6.444295e-07;3.6409583e-07;0.0006016767;0.00085136015;1.40489565e-05;2.1480946e-06;4.0790146e-06;4.0131054e-05;1.3599881e-06;1.5298039e-06;3.8231043e-05;1.0;1.0;2152.293;25
579637912;579466030;0.37143573;-0.095321134;0.21998444;-0.8969706;-100.059166;44.149693;-0.014600748;0.0;0.0;-2.1544206;0.010026808;0.00017787168;0.00011031588;0.21556742;0.045136254;-0.066989966;0.2555352;-0.0002507934;-0.18179716;0.1520087;-0.007394339;-0.17247187;0.0;0.0;-1.3334575;0.00021450964;0.00026088918;0.0003098843;53.747765;78.49095;0.018084424;309794.06;625458.94;0.26034427;7.2648294e-07;6.3732773e-07;3.641998e-07;0.0006015616;0.00085102546;1.4079641e-05;2.145603e-06;4.076419e-06;3.93259e-05;1.357245e-06;1.5172125e-06;3.7448102e-05;1.0;1.0;2165.9482;25
580132317;579960881;0.37676615;-0.0106995115;-0.024567118;-0.92592084;-99.99432;45.15529;0.030589685;0.0;0.0;-2.0719938;0.010307536;0.0002259508;0.00011674712;0.21727131;0.04497641;-0.06701019;0.25555333;-0.00025155192;-0.1820618;0.15203488;-0.007434913;-0.17198484;0.0;0.0;-1.3334575;0.00021643187;0.00026241664;0.00031122717;54.10204;78.48607;0.018997295;313353.94;631308.5;0.26709428;7.2614455e-07;6.317456e-07;3.6478022e-07;0.0006014857;0.0008506895;1.4112021e-05;2.143314e-06;4.0747723e-06;3.907097e-05;1.3551801e-06;1.510808e-06;3.720018e-05;1.0;1.0;2179.451;25
580636323;580464729;0.34605476;-0.0017448536;-0.009405087;-0.93816555;-99.99483;46.067646;0.062218327;0.0;0.0;-1.9706216;0.0105892755;0.0003482318;0.00019364966;0.21919234;0.04495475;-0.06703339;0.25551358;-0.0002512294;-0.18179043;0.15212673;-0.0075073363;-0.17197032;0.0;0.0;-1.3334575;0.00021653778;0.0002622961;0.00031105848;54.438446;78.38359;0.019432152;316945.88;637199.9;0.26904756;7.240715e-07;6.232709e-07;3.6465389e-07;0.0006014008;0.00085011835;1.4142536e-05;2.1384908e-06;4.0721943e-06;3.905979e-05;1.3526744e-06;1.5068763e-06;3.718818e-05;1.0;1.0;2193.2888;25
581139998;580968625;0.33794823;0.0023456288;-0.008333306;-0.941125;-100.0;46.992123;0.08663962;0.0;0.0;-1.8714694;0.010866634;0.00046772175;0.00026804642;0.22102714;0.044912208;-0.06702569;0.25547305;-0.00025062385;-0.1815097;0.15221484;-0.0075844876;-0.17197809;0.0;0.0;-1.3334575;0.00021665663;0.00026309333;0.0003109019;54.799236;78.28201;0.019854102;320608.1;643144.7;0.2710727;7.2220666e-07;6.1513043e-07;3.6452454e-07;0.00060132454;0.0008494851;1.41748815e-05;2.134202e-06;4.069627e-06;3.905368e-05;1.3501036e-06;1.5032853e-06;3.7180933e-05;1.0;1.0;2207.2458;25
581634876;581463476;0.33520052;-0.0008622857;-0.0021180662;-0.9421441;-99.99638;47.919895;0.15736811;0.0;0.0;-1.7643131;0.011099874;0.0005749464;0.00033342763;0.22255726;0.044930696;-0.067012504;0.25543877;-0.00024993098;-0.18126833;0.15228754;-0.007652334;-0.17199422;0.0;0.0;-1.3334575;0.00021733574;0.00026442815;0.00031159483;55.167225;78.212425;0.020530177;324267.47;649088.06;0.27828532;7.2093104e-07;6.081876e-07;3.6495047e-07;0.0006012699;0.0008488781;1.4208288e-05;2.1312462e-06;4.067997e-06;3.9051276e-05;1.347937e-06;1.5002311e-06;3.7176957e-05;1.0;1.0;2221.0403;25
582138730;581967277;0.33212522;-0.0065622153;0.026233204;-0.9428476;-99.98975;48.785557;0.18225971;0.0;0.0;-1.6644436;0.011362387;0.00072500535;0.0003962979;0.22428496;0.044911604;-0.06700384;0.25539902;-0.00024927862;-0.18098843;0.15237343;-0.0077281236;-0.17201582;0.0;0.0;-1.3334575;0.0002160815;0.00026487303;0.00031132967;55.52706;78.0699;0.020982627;327989.47;655124.4;0.28015542;7.181379e-07;5.9904096e-07;3.6476774e-07;0.00060120504;0.00084812334;1.4241187e-05;2.1270596e-06;4.06544e-06;3.9047285e-05;1.3453887e-06;1.4964775e-06;3.717236e-05;1.0;1.0;2235.2;25
582633748;582462128;0.32796115;-0.026616586;0.047474526;-0.9431221;-99.99956;49.763374;0.24939908;0.0;0.0;-1.5400367;0.011613252;0.00087419944;0.00045850867;0.22597088;0.044863783;-0.06699064;0.25536564;-0.0002485555;-0.18071948;0.1524559;-0.007799763;-0.17202926;0.0;0.0;-1.3334575;0.00021442004;0.00026573573;0.00031089745;55.88819;77.91953;0.02164175;331691.7;661104.1;0.28088441;7.151439e-07;5.899273e-07;3.6448776e-07;0.00060114526;0.00084738416;1.4274532e-05;2.123071e-06;4.062807e-06;3.903997e-05;1.3428738e-06;1.492781e-06;3.7164664e-05;1.0;1.0;2249.193;25
583137442;582965976;0.32292676;0.00055223465;0.0024850965;-0.94642055;-99.98433;50.59576;0.28595045;0.0;0.0;-1.410925;0.011835067;0.0010064311;0.00049891905;0.22737199;0.044823498;-0.0669751;0.25533745;-0.00024803873;-0.18048787;0.15252122;-0.007862661;-0.17204754;0.0;0.0;-1.3334575;0.00021367763;0.00026704505;0.00031161524;56.27069;77.815605;0.022289254;335518.38;667329.94;0.28931233;7.128772e-07;5.823391e-07;3.6492168e-07;0.00060110586;0.00084674545;1.4309869e-05;2.120414e-06;4.061275e-06;3.9016606e-05;1.3407688e-06;1.4894161e-06;3.7140715e-05;1.0;1.0;2263.5476;25
583632522;583460827;0.3171109;0.0032526385;-0.006255369;-0.9483623;-99.99046;51.35575;0.32123178;0.0;0.0;-1.2936916;0.012058763;0.0011905083;0.00055981916;0.22894193;0.044753104;-0.06695865;0.25529385;-0.00024734723;-0.18020117;0.1526103;-0.007928486;-0.17208984;0.0;0.0;-1.3334575;0.00021064043;0.0002672926;0.00031093473;56.62453;77.63888;0.022567183;339256.53;673434.44;0.28968093;7.0874495e-07;5.726467e-07;3.645575e-07;0.000601054;0.00084601593;1.4343144e-05;2.1161486e-06;4.0586538e-06;3.9014958e-05;1.3382682e-06;1.4859756e-06;3.7138183e-05;1.0;1.0;2277.7358;25
584136078;583964675;0.286412;0.055740584;-0.1288042;-0.9477714;-100.0;52.184246;0.41631562;0.0;0.0;-1.1604964;0.012310408;0.0013533307;0.0006102766;0.23050381;0.044499937;-0.06688511;0.2552514;-0.0002466744;-0.1799783;0.15269566;-0.007993513;-0.1720745;0.0;0.0;-1.3334575;0.00020852523;0.00026973896;0.0003104738;57.02689;77.48842;0.022879632;343165.47;679737.3;0.2912776;7.05533e-07;5.642569e-07;3.6430285e-07;0.0006010102;0.0008454448;1.43805855e-05;2.1128235e-06;4.0561163e-06;3.8929662e-05;1.3359207e-06;1.4825049e-06;3.7052203e-05;1.0;1.0;2292.2532;25
584639969;584468523;0.24093989;0.0101351;-0.051230952;-0.96913403;-100.0;53.064777;0.4220922;0.0;0.0;-1.0386448;0.012489994;0.0015131432;0.0006746348;0.2318042;0.044223867;-0.06680283;0.25520876;-0.00024598255;-0.1799301;0.15277834;-0.008041062;-0.17193963;0.0;0.0;-1.3334575;0.00020720575;0.00027234887;0.00031076683;57.446106;77.39182;0.023808574;347136.53;686167.94;0.30021206;7.030497e-07;5.5741026e-07;3.646615e-07;0.00060097495;0.00084500754;1.4418936e-05;2.1108028e-06;4.054604e-06;3.887347e-05;1.3334518e-06;1.4802295e-06;3.6994054e-05;1.0;1.0;2306.9414;25
585135001;584963374;0.23878618;-0.0013801364;-0.009288282;-0.97102684;-99.99581;53.769936;0.46025327;0.0;0.0;-0.9371032;0.012664112;0.0017317936;0.00074188405;0.23324713;0.043988913;-0.06675152;0.25516313;-0.0002451525;-0.17975083;0.15287289;-0.008097452;-0.17190333;0.0;0.0;-1.3334575;0.00020319542;0.00027336867;0.00030980012;57.820976;77.226265;0.02413192;351002.0;692498.06;0.30018777;6.983329e-07;5.484058e-07;3.6419388e-07;0.0006009282;0.00084451726;1.4454445e-05;2.1072392e-06;4.0519985e-06;3.885997e-05;1.3303788e-06;1.4776795e-06;3.6979014e-05;1.0;1.0;2321.4106;25
585638666;585467269;0.15802573;0.0066451044;0.0032594777;-0.9874073;-99.995544;54.438053;0.5095508;0.0;0.0;-0.83299166;0.012824157;0.0019549758;0.00079101726;0.23459595;0.0437338;-0.06671065;0.2551247;-0.00024433646;-0.1794861;0.15295623;-0.008161635;-0.17195909;0.0;0.0;-1.3334575;0.00019874497;0.00027405683;0.0003089229;58.193764;77.06904;0.024407368;354963.2;699032.2;0.30112088;6.9331406e-07;5.396453e-07;3.6375454e-07;0.00060088595;0.00084409345;1.4490453e-05;2.103856e-06;4.049483e-06;3.8860006e-05;1.3269502e-06;1.4751619e-06;3.6977322e-05;1.0;1.0;2336.2349;25
586133537;585962120;0.17005724;0.011305773;-0.014765735;-0.98525876;-99.983215;54.993984;0.5574061;0.0;0.0;-0.7273801;0.0129138995;0.0021668747;0.0008373207;0.23567334;0.04354015;-0.06669663;0.2550974;-0.00024368924;-0.17928573;0.15302433;-0.008206096;-0.17198901;0.0;0.0;-1.3334575;0.00019483596;0.00027418655;0.00030873058;58.550358;76.95662;0.024811132;358871.72;705550.9;0.30797452;6.888793e-07;5.3237665e-07;3.6383568e-07;0.0006008516;0.00084374694;1.4525379e-05;2.1013102e-06;4.0478967e-06;3.8853377e-05;1.3235433e-06;1.4733704e-06;3.696781e-05;1.0;1.0;2350.8596;25
586637387;586465921;0.30220795;0.0062088543;-0.013748676;-0.9531227;-99.98251;55.608185;0.5897535;0.0;0.0;-0.6246263;0.0130353775;0.0024123713;0.00090107997;0.23699474;0.04322845;-0.06663117;0.25506237;-0.00024284059;-0.17911272;0.1531141;-0.008246214;-0.171961;0.0;0.0;-1.3334575;0.00019064701;0.0002759333;0.00030780447;58.948402;76.81678;0.024949955;362930.1;712233.9;0.3084801;6.8390466e-07;5.2463895e-07;3.634119e-07;0.0006008151;0.0008435082;1.45627e-05;2.0982618e-06;4.0453915e-06;3.8849736e-05;1.3203892e-06;1.4711019e-06;3.696187e-05;1.0;1.0;2365.837;25
587132222;586960772;0.64776003;-0.061079517;-0.0052272785;-0.7593741;-99.994644;56.23263;0.61715806;0.0;0.0;-0.5289237;0.013213877;0.002682307;0.0009512615;0.23857029;0.042748414;-0.06652048;0.25503305;-0.00024306458;-0.17906584;0.15325096;-0.008213854;-0.17177144;0.0;0.0;-1.3334575;0.0001863119;0.00027922424;0.00030703266;59.376774;76.66616;0.025149342;367013.84;718850.0;0.30757737;6.787081e-07;5.173576e-07;3.63057e-07;0.0006007786;0.0008433812;1.4600629e-05;2.0951798e-06;4.0428095e-06;3.8821207e-05;1.3189123e-06;1.4655736e-06;3.6932044e-05;1.0;1.0;2380.6125;25
587636496;587464620;0.85512066;-0.019089868;0.0035523414;-0.5180652;-100.10318;56.90248;0.6449282;0.0;0.0;-0.4206972;0.013444715;0.0029721966;0.0010060705;0.24049988;0.042057715;-0.066382684;0.25509918;-0.00024495387;-0.17915712;0.1534947;-0.008032676;-0.17146139;0.0;0.0;-1.3334575;0.00017952101;0.00028127542;0.00030615635;59.780907;76.527885;0.025965828;371219.22;725638.75;0.31585774;6.7317086e-07;5.1127313e-07;3.6265922e-07;0.000600706;0.00084324455;1.46378225e-05;2.0924738e-06;4.040316e-06;3.8772385e-05;1.3163497e-06;1.453643e-06;3.688171e-05;1.0;1.0;2395.7305;25
588140023;587968468;0.9799562;-0.017903918;0.026380995;-0.19664574;-99.992386;57.404438;0.64819205;0.0;0.0;-0.3315761;0.013557971;0.0032086708;0.0010889677;0.24202295;0.041350227;-0.0662737;0.2552036;-0.0002469994;-0.17929973;0.15375921;-0.007800075;-0.17119126;0.0;0.0;-1.3334575;0.00016749225;0.0002818586;0.00030515212;60.144573;76.34675;0.026082546;375473.62;732478.5;0.31612492;6.676676e-07;5.0503286e-07;3.6243654e-07;0.0006006195;0.00084312446;1.4674798e-05;2.091572e-06;4.0388422e-06;3.8728995e-05;1.3112851e-06;1.4401784e-06;3.6834015e-05;1.0;1.0;2410.9497;25
588634832;588463318;0.9997306;-0.0122024575;0.008362288;0.017889155;-99.98698;57.73291;0.66534793;0.0;0.0;-0.27147195;0.013573732;0.0034223313;0.0012155487;0.24338202;0.040630564;-0.06618131;0.25533876;-0.00024938767;-0.17963342;0.15406029;-0.007508364;-0.17079225;0.0;0.0;-1.3334575;0.00015304997;0.00028036872;0.0003021737;60.430412;76.168434;0.025752017;379656.53;739230.25;0.31441316;6.6168445e-07;4.9916383e-07;3.6110944e-07;0.0006004821;0.00084296346;1.4709552e-05;2.0909245e-06;4.036297e-06;3.8688984e-05;1.3022183e-06;1.424023e-06;3.6790367e-05;1.0;1.0;2425.936;25
589138642;588967166;0.99816406;0.0015108981;0.0020262548;0.060515776;-99.99108;58.035774;0.68480974;0.0;0.0;-0.19400746;0.0135334665;0.0035849083;0.0013146842;0.2442933;0.04014301;-0.06614365;0.25544843;-0.00025119877;-0.17979519;0.15429384;-0.007294499;-0.1706048;0.0;0.0;-1.3334575;0.0001386896;0.0002779347;0.0002990025;60.689144;76.01001;0.025102261;383929.25;746164.4;0.3132374;6.564395e-07;4.9420635e-07;3.5972013e-07;0.0006003508;0.0008427863;1.47444725e-05;2.090741e-06;4.033849e-06;3.8662103e-05;1.2916666e-06;1.4094469e-06;3.6758298e-05;1.0;1.0;2441.2498;25
589633650;589462017;0.9982189;0.0051198574;0.0038628434;0.059313014;-99.9962;58.36999;0.6955754;0.0;0.0;-0.088159055;0.013494987;0.003711447;0.0013799985;0.2449734;0.039780267;-0.06613689;0.25554004;-0.00025256956;-0.17983119;0.15446214;-0.007146163;-0.17054488;0.0;0.0;-1.3334575;0.00012699042;0.00027568848;0.00029717674;60.94657;75.89439;0.024673138;388154.03;753034.6;0.31811786;6.528589e-07;4.9089397e-07;3.5911506e-07;0.0006002583;0.00084262143;1.4779137e-05;2.09097e-06;4.032328e-06;3.8647562e-05;1.2831023e-06;1.3983142e-06;3.6738576e-05;1.0;1.0;2456.317;25
590137314;589965912;0.998368;0.001324583;-0.0030613397;0.05701156;-99.998665;58.611446;0.70188946;0.0;0.0;-0.015003724;0.013460987;0.0038405284;0.0014492879;0.24574356;0.039331242;-0.06611468;0.2556439;-0.00025405895;-0.17984916;0.1546495;-0.0069955713;-0.17050649;0.0;0.0;-1.3334575;0.00011588658;0.0002742364;0.0002942666;61.214672;75.77173;0.023651255;392507.9;760061.9;0.31526718;6.4909926e-07;4.875361e-07;3.5787025e-07;0.00060016307;0.00084247824;1.4814896e-05;2.0909474e-06;4.0299055e-06;3.8631013e-05;1.2738118e-06;1.3865462e-06;3.671608e-05;1.0;1.0;2471.7058;25
590641156;590469713;0.9977611;-0.033286694;-0.0015115321;0.057988275;-99.98538;58.883335;0.6671916;0.0;0.0;0.03325303;0.013429355;0.0039569354;0.0015065775;0.24649116;0.03884913;-0.06608262;0.25574222;-0.00025546065;-0.1798432;0.1548203;-0.006869986;-0.17049015;0.0;0.0;-1.3334575;0.000106612344;0.00027450774;0.00029156165;61.524273;75.67382;0.022733679;396959.38;767129.75;0.31174576;6.4617785e-07;4.8506206e-07;3.5672835e-07;0.00060008996;0.0008424226;1.4852402e-05;2.0914515e-06;4.0274913e-06;3.8601804e-05;1.2651977e-06;1.3756445e-06;3.6679052e-05;1.0;1.0;2487.0974;25
591136265;590964563;0.99822944;-0.012800541;-0.006587703;0.057712197;-99.99431;59.020973;0.6784011;0.0;0.0;0.084277414;0.0133866565;0.004062914;0.001549327;0.24708131;0.03856478;-0.06609054;0.25582826;-0.0002568111;-0.17987373;0.1549492;-0.0067609227;-0.1704381;0.0;0.0;-1.3334575;9.924118e-05;0.0002733086;0.00029011443;61.78936;75.60291;0.021759184;401294.44;774119.94;0.31409088;6.4445817e-07;4.835979e-07;3.563468e-07;0.00060002634;0.00084227935;1.4888e-05;2.0919247e-06;4.0260065e-06;3.858842e-05;1.2582644e-06;1.367227e-06;3.666119e-05;1.0;1.0;2502.2878;25
591640035;591468411;0.9983494;-0.0007311603;-0.010579083;0.056444872;-99.98391;59.086754;0.64653796;0.0;0.0;0.10258437;0.013347945;0.0041700685;0.0015899705;0.24772921;0.038253114;-0.06610921;0.2559251;-0.00025810912;-0.1798016;0.15508862;-0.00665961;-0.1704821;0.0;0.0;-1.3334575;9.241041e-05;0.00027170344;0.00028766354;62.040295;75.52935;0.020460695;405704.75;781250.75;0.30874744;6.4265697e-07;4.81988e-07;3.5533648e-07;0.0005999575;0.0008420908;1.4923596e-05;2.0916145e-06;4.0236173e-06;3.857592e-05;1.2505928e-06;1.3584195e-06;3.6642872e-05;1.0;1.0;2517.7234;25
592134913;591963262;0.9983529;-0.0018165839;-0.0012317874;0.057329666;-99.98291;59.130978;0.6145498;0.0;0.0;0.095290765;0.0133096995;0.0042685056;0.0016205411;0.24834344;0.03797797;-0.06613983;0.25601983;-0.00025931932;-0.17970347;0.15521327;-0.0065751215;-0.1705495;0.0;0.0;-1.3334575;8.690339e-05;0.00027012813;0.00028528762;62.280754;75.47012;0.019211452;410057.88;788281.75;0.30176324;6.414735e-07;4.80833e-07;3.5434144e-07;0.00059989345;0.00084189326;1.4958645e-05;2.0911614e-06;4.021162e-06;3.856197e-05;1.2434105e-06;1.3503436e-06;3.6622823e-05;1.0;1.0;2532.91;25
592638975;592467109;0.9983627;-6.974805e-06;0.0013696266;0.05718527;-100.019745;59.21747;0.5821444;0.0;0.0;0.12863472;0.013285411;0.0043425034;0.0016499063;0.24892497;0.03766971;-0.066161506;0.25610936;-0.00026030207;-0.1795956;0.15533116;-0.0065060123;-0.17062959;0.0;0.0;-1.3334575;8.31171e-05;0.00026895961;0.00028338993;62.53388;75.44257;0.018311182;414541.75;795475.6;0.3029068;6.4149566e-07;4.8075026e-07;3.5358323e-07;0.0005998368;0.0008417046;1.4995023e-05;2.090921e-06;4.018803e-06;3.8549406e-05;1.2366959e-06;1.3430428e-06;3.6603844e-05;1.0;1.0;2548.3945;25
593133518;592961960;0.998372;-0.00253451;-0.0057709846;0.056689013;-99.98219;59.238922;0.5466678;0.0;0.0;0.110243924;0.013247768;0.004419319;0.0016668175;0.24941473;0.037495796;-0.066193126;0.2561907;-0.00026133924;-0.17952897;0.15542053;-0.0064443597;-0.17067152;0.0;0.0;-1.3334575;7.9834186e-05;0.00026762002;0.00028240363;62.777584;75.41187;0.017132714;418952.6;802579.4;0.2951094;6.4159633e-07;4.8049424e-07;3.5343456e-07;0.0005997855;0.0008415078;1.5030761e-05;2.0910202e-06;4.017356e-06;3.8542723e-05;1.2312354e-06;1.3372738e-06;3.6592803e-05;1.0;1.0;2563.5945;25
593637426;593465807;0.99831647;-0.0029154266;-0.0080065485;0.057373468;-99.98224;59.269154;0.5191863;0.0;0.0;0.10279988;0.013221475;0.004480281;0.001685846;0.24994317;0.037247602;-0.06621652;0.2562776;-0.00026225185;-0.17944124;0.15551956;-0.0063897967;-0.17073672;0.0;0.0;-1.3334575;7.760813e-05;0.00026679266;0.00028069512;63.02891;75.39777;0.016078943;423497.78;809830.0;0.28826675;6.4226305e-07;4.806856e-07;3.5277898e-07;0.00059973047;0.00084131677;1.50676515e-05;2.090855e-06;4.015019e-06;3.8533457e-05;1.2252356e-06;1.3311134e-06;3.657812e-05;1.0;1.0;2579.0872;25
594141274;593969703;0.9981466;0.000104073246;-0.003470806;0.060757503;-100.00343;59.316536;0.5063796;0.0;0.0;0.13027866;0.013204418;0.0045203785;0.0017014382;0.25041938;0.036979306;-0.066230714;0.25635946;-0.00026293026;-0.17933819;0.15561111;-0.0063495627;-0.17082483;0.0;0.0;-1.3334575;7.659774e-05;0.00026618093;0.00027927718;63.2812;75.40629;0.015292166;428084.03;817105.5;0.2879894;6.437047e-07;4.8155766e-07;3.522368e-07;0.00059967994;0.00084112835;1.5104789e-05;2.0907655e-06;4.0126897e-06;3.852762e-05;1.2195542e-06;1.3256524e-06;3.6566806e-05;1.0;1.0;2594.5579;25
594636120;594464553;0.9978554;0.001756319;0.009763102;0.06470084;-99.9776;59.312565;0.46679404;0.0;0.0;0.095655315;0.01317731;0.004570428;0.0017083607;0.25086078;0.03679996;-0.066248536;0.25643948;-0.0002636981;-0.17925633;0.15568332;-0.0063113314;-0.17088956;0.0;0.0;-1.3334575;7.597583e-05;0.00026552955;0.00027878294;63.530716;75.41514;0.014372132;432609.66;824297.4;0.2799657;6.452215e-07;4.822953e-07;3.5231128e-07;0.00059963274;0.00084094086;1.5141398e-05;2.0910468e-06;4.011277e-06;3.8521484e-05;1.2148952e-06;1.3212451e-06;3.6556332e-05;1.0;1.0;2609.7988;25
595139951;594968353;0.9977565;0.00044897158;0.0017799301;0.06692381;-99.98298;59.293804;0.42554826;0.0;0.0;0.07655775;0.013160155;0.004603272;0.001717052;0.25132117;0.03656468;-0.066261865;0.2565218;-0.00026432856;-0.17915827;0.15576385;-0.006280091;-0.17097375;0.0;0.0;-1.3334575;7.609139e-05;0.00026474235;0.00027754935;63.770588;75.43622;0.01354607;437234.1;831620.6;0.2729328;6.4707496e-07;4.8325865e-07;3.5185735e-07;0.00059957517;0.00084072526;1.5178265e-05;2.0908496e-06;4.008969e-06;3.8515947e-05;1.2097138e-06;1.3166178e-06;3.6546102e-05;1.0;1.0;2625.2695;25
595634633;595463204;0.99679273;0.037161693;0.0054715467;0.07066457;-100.0;59.257866;0.38974637;0.0;0.0;0.069331914;0.0131498;0.004625575;0.0017265831;0.25175294;0.036311917;-0.066269875;0.2566022;-0.00026483514;-0.17905991;0.15584037;-0.0062528416;-0.17106119;0.0;0.0;-1.3334575;7.702593e-05;0.00026419078;0.00027643147;64.0069;75.47402;0.012945314;441819.5;838838.7;0.27121183;6.4928304e-07;4.846223e-07;3.51409e-07;0.0005995216;0.000840514;1.52145485e-05;2.0907212e-06;4.006595e-06;3.8510676e-05;1.2047525e-06;1.3126376e-06;3.6536578e-05;1.0;1.0;2640.4797;25
596138679;595967051;0.99661493;0.011440226;0.006854178;0.08112331;-99.98018;59.24393;0.36598837;0.0;0.0;0.028943934;0.013133915;0.0046498394;0.0017274574;0.2521315;0.03615242;-0.06627147;0.25667202;-0.00026532912;-0.17898591;0.15589918;-0.006234457;-0.17112742;0.0;0.0;-1.3334575;7.8369194e-05;0.0002640279;0.0002764676;64.2631;75.518364;0.0122922985;446541.8;846245.2;0.26444024;6.517096e-07;4.860634e-07;3.5174457e-07;0.00059947144;0.0008403245;1.5251774e-05;2.0912519e-06;4.005294e-06;3.8503007e-05;1.2006666e-06;1.3092382e-06;3.6524285e-05;1.0;1.0;2656.005;25
596633522;596461902;0.99595135;0.007490847;0.010250158;0.08899326;-99.98217;59.191227;0.3151318;0.0;0.0;-0.026844213;0.013122555;0.004665692;0.0017273834;0.25252903;0.035960592;-0.06627017;0.2567465;-0.00026571285;-0.178894;0.15596148;-0.0062216627;-0.17121331;0.0;0.0;-1.3334575;8.007938e-05;0.00026314385;0.0002755295;64.48302;75.56734;0.011700575;451160.97;853501.94;0.25710642;6.5398996e-07;4.873998e-07;3.513885e-07;0.0005994007;0.0008400779;1.5286978e-05;2.090993e-06;4.0029418e-06;3.8495098e-05;1.1960423e-06;1.3056443e-06;3.65118e-05;1.0;1.0;2671.2053;25
597137291;596965749;0.9958105;-0.002636996;0.0008144938;0.09139989;-99.9999;59.144886;0.3118737;0.0;0.0;-0.060332097;0.01311531;0.0046702838;0.0017279623;0.252892;0.035764005;-0.06626373;0.2568161;-0.0002660051;-0.17882314;0.1560213;-0.006212795;-0.17128438;0.0;0.0;-1.3334575;8.2490784e-05;0.00026250104;0.00027491455;64.70824;75.63248;0.011320106;455912.56;860922.0;0.25617895;6.56473e-07;4.8913546e-07;3.5119518e-07;0.0005993323;0.0008398343;1.5322603e-05;2.0909436e-06;4.000683e-06;3.848953e-05;1.1916186e-06;1.3024071e-06;3.6501937e-05;1.0;1.0;2686.6858;25
597641353;597469597;0.99570006;-0.0026150753;0.00072657946;0.092595875;-100.025345;59.07907;0.26341048;0.0;0.0;-0.1171543;0.013103499;0.0046678586;0.0017234467;0.25324088;0.03555043;-0.0662454;0.2568859;-0.00026620043;-0.17872217;0.15607683;-0.006210754;-0.17138569;0.0;0.0;-1.3334575;8.528091e-05;0.0002627536;0.00027437464;64.959595;75.7067;0.010854664;460744.22;868374.94;0.25008538;6.589958e-07;4.90811e-07;3.5102588e-07;0.00059927447;0.0008396322;1.5358348e-05;2.0911464e-06;3.9984307e-06;3.8483868e-05;1.1873985e-06;1.2994814e-06;3.649063e-05;1.0;1.0;2702.1301;25
598136080;597964447;0.9945241;0.0009522274;0.044198487;0.09469711;-99.915375;59.05531;0.25255126;0.0;0.0;-0.18281409;0.013095925;0.004670457;0.0017216358;0.25352502;0.03545544;-0.06621713;0.25693583;-0.0002664881;-0.17874174;0.15611853;-0.006202433;-0.17137387;0.0;0.0;-1.3334575;8.841122e-05;0.00026322863;0.0002747916;65.21426;75.7884;0.010461201;465537.72;875750.1;0.24367437;6.616093e-07;4.926518e-07;3.5147198e-07;0.00059921516;0.0008394474;1.5392883e-05;2.0920234e-06;3.997082e-06;3.847548e-05;1.1839398e-06;1.2971537e-06;3.6479887e-05;1.0;1.0;2717.3374;25
598639915;598468341;0.9856622;0.007219632;0.14371616;0.08811223;-99.599686;59.028187;0.23465411;0.0;0.0;-0.2287388;0.013094458;0.004672779;0.0017297812;0.2538453;0.035239436;-0.066170365;0.25699186;-0.000266722;-0.17875658;0.15617163;-0.006187826;-0.17136672;0.0;0.0;-1.3334575;9.218228e-05;0.00026486712;0.00027453905;65.49872;75.89058;0.010251084;470512.94;883278.1;0.2430868;6.6435905e-07;4.946976e-07;3.5141943e-07;0.00059915247;0.0008392994;1.5428244e-05;2.0932232e-06;3.994849e-06;3.838943e-05;1.1800706e-06;1.2945544e-06;3.639495e-05;1.0;1.0;2732.7556;25
599134847;598963192;0.9944899;0.021671088;0.05325958;0.08765585;-99.908775;58.966053;0.1846399;0.0;0.0;-0.28957447;0.013081256;0.004645993;0.0017259795;0.25408244;0.035039958;-0.066131756;0.2570456;-0.00026666507;-0.17863394;0.15622032;-0.0061929277;-0.17149808;0.0;0.0;-1.3334575;9.619678e-05;0.00026655127;0.00027420957;65.781815;75.99984;0.00993236;475437.38;890691.4;0.23722768;6.6692576e-07;4.9654614e-07;3.512647e-07;0.000599111;0.00083916174;1.5461457e-05;2.0939287e-06;3.9925376e-06;3.8343725e-05;1.17638e-06;1.2924477e-06;3.6344216e-05;1.0;1.0;2747.8098;25
599638554;599466992;0.9948839;0.013006374;0.039988413;0.09185871;-99.977776;58.928238;0.14575854;0.0;0.0;-0.33633924;0.0130662965;0.004613649;0.0017166802;0.2542373;0.034885373;-0.06609986;0.2570869;-0.000266516;-0.17851749;0.156255;-0.0062044133;-0.17162304;0.0;0.0;-1.3334575;0.00010049182;0.00026683684;0.00027503818;66.03796;76.113556;0.009679822;480408.56;898280.44;0.23246808;6.6915374e-07;4.985795e-07;3.518829e-07;0.0005990612;0.0008389617;1.5492731e-05;2.0945686e-06;3.9913e-06;3.832949e-05;1.1733429e-06;1.2907909e-06;3.63247e-05;1.0;1.0;2763.3184;25
600133405;599961842;0.9949564;-0.00046281933;-0.029725982;0.09580172;-99.99747;58.887695;0.10192568;0.0;0.0;-0.37504745;0.013049835;0.004566725;0.001706404;0.25438416;0.034675762;-0.0660731;0.2571344;-0.00026625133;-0.17836715;0.1562959;-0.006221262;-0.17178577;0.0;0.0;-1.3334575;0.00010502033;0.0002668669;0.00027495393;66.272064;76.231415;0.009562594;485298.78;905707.75;0.23173778;6.7078184e-07;5.0041973e-07;3.5182907e-07;0.000599004;0.0008387355;1.5522048e-05;2.0946113e-06;3.989015e-06;3.829994e-05;1.1699127e-06;1.2890132e-06;3.6289606e-05;1.0;1.0;2778.4734;25
600637568;600465689;0.9948963;-0.017389372;-0.03572199;0.09275182;-100.06376;58.81427;0.1435294;0.0;0.0;-0.42959732;0.013033525;0.0045251986;0.0016960487;0.25451285;0.034537453;-0.06603339;0.2571762;-0.00026614385;-0.17834428;0.15633188;-0.006231429;-0.17183422;0.0;0.0;-1.3334575;0.00010977552;0.00026654528;0.0002750847;66.491516;76.34926;0.009412128;490288.03;913288.1;0.22752146;6.720267e-07;5.021976e-07;3.5187824e-07;0.00059893815;0.00083848287;1.5548912e-05;2.0947741e-06;3.9868223e-06;3.8286926e-05;1.1666225e-06;1.2874623e-06;3.6274156e-05;1.0;1.0;2793.9119;25
601141087;600969537;0.9959453;0.0068465844;0.0048433086;0.08957038;-99.98798;58.75132;0.14015374;0.0;0.0;-0.47821563;0.01301678;0.0044846875;0.0016875034;0.25459385;0.034432363;-0.06599357;0.25720793;-0.00026602167;-0.17833085;0.15636022;-0.0062402356;-0.17187203;0.0;0.0;-1.3334575;0.00011486676;0.00026650997;0.0002761909;66.73021;76.48287;0.009304697;495324.66;920927.9;0.22366242;6.733426e-07;5.042519e-07;3.5257477e-07;0.0005988839;0.0008382556;1.5573869e-05;2.0954517e-06;3.985595e-06;3.8274542e-05;1.1639154e-06;1.2862848e-06;3.6259484e-05;1.0;1.0;2809.3167;25
601635954;601464387;0.99498713;0.021280726;0.03846458;0.08982341;-99.987274;58.7028;0.09283166;0.0;0.0;-0.5261379;0.01299216;0.004425287;0.0016720439;0.2547111;0.034155183;-0.065960824;0.25725642;-0.000265738;-0.17821693;0.1563951;-0.006257888;-0.17199881;0.0;0.0;-1.3334575;0.00012016809;0.0002663952;0.00027640184;66.95732;76.623215;0.009271593;500291.38;928410.94;0.22355296;6.7402937e-07;5.060424e-07;3.5261067e-07;0.0005988288;0.00083801657;1.5596997e-05;2.095458e-06;3.983327e-06;3.8258597e-05;1.160904e-06;1.2850127e-06;3.6238933e-05;1.0;1.0;2824.394;25
602139778;601968234;0.9955157;0.0077459593;0.016370812;0.09284718;-100.00188;58.632927;0.07181438;0.0;0.0;-0.5862345;0.012964779;0.004366164;0.001654057;0.2548148;0.033910345;-0.06591557;0.2573024;-0.00026551582;-0.17815296;0.15642673;-0.006273974;-0.17208226;0.0;0.0;-1.3334575;0.00012587762;0.00026683905;0.0002768451;67.20058;76.777245;0.009194617;505425.6;936093.8;0.22031237;6.7477407e-07;5.0790703e-07;3.5277e-07;0.00059877883;0.00083779695;1.5617252e-05;2.095786e-06;3.9811694e-06;3.825135e-05;1.1579989e-06;1.2839108e-06;3.6227262e-05;1.0;1.0;2839.8743;25
602634689;602463084;0.99553996;0.0024299899;-0.0004379917;0.09430913;-99.994774;58.592213;0.07317414;0.0;0.0;-0.6301709;0.012935915;0.0043084943;0.0016375133;0.25485644;0.03374318;-0.06588028;0.257335;-0.0002653013;-0.17811891;0.15644959;-0.006289261;-0.17213863;0.0;0.0;-1.3334575;0.00013159815;0.0002668724;0.00027810677;67.430115;76.933624;0.009159127;510458.03;943664.3;0.21676381;6.752333e-07;5.098913e-07;3.534709e-07;0.00059872825;0.0008375743;1.5633175e-05;2.0963437e-06;3.979876e-06;3.824906e-05;1.1555825e-06;1.2830477e-06;3.6221445e-05;1.0;1.0;2854.9329;25
603138514;602966978;0.9955576;0.0010996491;-0.0013316363;0.09413837;-99.99273;58.51905;0.06242186;0.0;0.0;-0.67056817;0.0128962;0.0042370725;0.0016170158;0.25490955;0.033477638;-0.06585113;0.25737858;-0.00026501532;-0.17804891;0.15647726;-0.006307718;-0.17222928;0.0;0.0;-1.3334575;0.0001378736;0.0002675247;0.0002787438;67.67376;77.1062;0.009235994;515659.8;951404.4;0.21799895;6.755567e-07;5.1177744e-07;3.536949e-07;0.0005986859;0.000837368;1.5649695e-05;2.0966756e-06;3.9777356e-06;3.8246566e-05;1.1528773e-06;1.2822013e-06;3.621384e-05;1.0;1.0;2870.3975;25
603633405;603461830;0.9953817;0.00016195126;-0.0012656682;0.095988326;-100.0006;58.456516;0.035106447;0.0;0.0;-0.7302477;0.01285349;0.0041644885;0.0015947556;0.25495073;0.0332253;-0.06580919;0.25741822;-0.00026473944;-0.17799959;0.15650083;-0.0063259234;-0.17229944;0.0;0.0;-1.3334575;0.00014421975;0.00026823307;0.00027934753;67.91176;77.28424;0.009248744;520788.34;959020.0;0.21503232;6.7561837e-07;5.1351344e-07;3.5385824e-07;0.00059864455;0.0008371662;1.5659396e-05;2.096962e-06;3.975511e-06;3.8245198e-05;1.1502653e-06;1.2814452e-06;3.6207795e-05;1.0;1.0;2885.505;25
604137211;603965628;0.9957578;-0.0041298163;-0.0018492797;0.091902055;-99.99091;58.396137;0.040644012;0.0;0.0;-0.77224743;0.012810019;0.0040974035;0.0015753102;0.2549588;0.033024155;-0.06577998;0.2574507;-0.00026451063;-0.17796922;0.1565206;-0.0063414844;-0.17235315;0.0;0.0;-1.3334575;0.000150849;0.00026877667;0.0002809895;68.15041;77.47379;0.009314746;526014.2;966824.9;0.21291712;6.757008e-07;5.1557174e-07;3.547193e-07;0.00059860543;0.0008369697;1.566557e-05;2.0976622e-06;3.974317e-06;3.824406e-05;1.1480996e-06;1.2808608e-06;3.6202917e-05;1.0;1.0;2900.7966;25
604641094;604469475;0.9958622;0.0011584602;0.00731243;0.09057508;-99.99433;58.32281;0.030022517;0.0;0.0;-0.8206206;0.012760893;0.004015535;0.0015531628;0.25498152;0.032748293;-0.06576055;0.2574932;-0.00026425393;-0.17792733;0.15654543;-0.0063580605;-0.17241763;0.0;0.0;-1.3334575;0.00015784414;0.00026966748;0.00028192322;68.38997;77.67291;0.009412783;531292.44;974652.25;0.21116945;6.755272e-07;5.173486e-07;3.5503655e-07;0.00059856905;0.00083677727;1.5667787e-05;2.0980115e-06;3.972201e-06;3.824257e-05;1.1456842e-06;1.2802597e-06;3.619699e-05;1.0;1.0;2916.2341;25
605135912;604964325;0.99558985;-0.0002561411;-0.0010730557;0.0938063;-100.00327;58.259094;0.021724066;0.0;0.0;-0.8662291;0.012702481;0.003928335;0.001528363;0.25496662;0.03248857;-0.06574909;0.2575318;-0.00026395993;-0.17787415;0.1565663;-0.0063761175;-0.17249303;0.0;0.0;-1.3334575;0.00016472136;0.00027002842;0.00028278684;68.60606;77.8671;0.009585801;536450.2;982318.8;0.2127423;6.7470097e-07;5.1893096e-07;3.55279e-07;0.0005985266;0.00083656836;1.5668595e-05;2.0980624e-06;3.969992e-06;3.8239403e-05;1.1433444e-06;1.2797304e-06;3.6189704e-05;1.0;1.0;2931.2522;25
605639999;605468172;0.9949667;0.0034742674;0.0035063245;0.100085065;-100.027954;58.176014;0.007376427;0.0;0.0;-0.9204295;0.0126435;0.0038469126;0.0015013748;0.2549669;0.03222605;-0.06573176;0.25757176;-0.00026371438;-0.17784508;0.15658584;-0.0063927625;-0.1725449;0.0;0.0;-1.3334575;0.00017212004;0.00027099444;0.00028388656;68.8361;78.0812;0.0097565185;541759.9;990199.5;0.21154867;6.742416e-07;5.206242e-07;3.556467e-07;0.00059849315;0.00083638524;1.5661984e-05;2.0983625e-06;3.967893e-06;3.823809e-05;1.1410614e-06;1.2793149e-06;3.6184443e-05;1.0;1.0;2946.672;25
606134545;605963022;0.9945742;-0.00085972244;-0.0075128856;0.103754856;-99.99218;58.104763;0.011485869;0.0;0.0;-0.9665881;0.012582615;0.0037740155;0.0014789318;0.25493032;0.032040183;-0.065714344;0.25760213;-0.00026352511;-0.17784107;0.15660098;-0.006406439;-0.17257662;0.0;0.0;-1.3334575;0.00017923178;0.0002712724;0.00028570398;69.04338;78.28919;0.010019975;546936.44;997946.94;0.2136819;6.7334355e-07;5.2244695e-07;3.5651445e-07;0.0005984529;0.0008361909;1.5654594e-05;2.0987986e-06;3.9666493e-06;3.8236365e-05;1.1391403e-06;1.2790097e-06;3.618041e-05;1.0;1.0;2961.67;25
606638381;606466869;0.99469525;-0.000548279;-0.0011364194;0.10285826;-99.99852;58.031673;0.00067097065;0.0;0.0;-1.0134197;0.012510815;0.0036922065;0.0014490262;0.2548957;0.031809717;-0.065711915;0.257641;-0.0002632688;-0.17781983;0.15661772;-0.0064230296;-0.17262568;0.0;0.0;-1.3334575;0.0001863007;0.00027146988;0.00028691688;69.01526;72.22622;0.010235049;550212.75;914416.0;0.21299443;6.7092327e-07;5.2390527e-07;3.568496e-07;0.00059748517;0.0008335373;1.5635145e-05;2.0960783e-06;3.9643423e-06;3.8229697e-05;1.1369016e-06;1.2786692e-06;3.6174766e-05;1.0;1.0;2976.979;25
607133375;606961719;0.9943221;0.0017400353;0.0046860743;0.10629456;-100.0223;57.95082;0.0030503613;0.0;0.0;-1.0493119;0.012436842;0.0036091926;0.0014167187;0.25485882;0.031572707;-0.065731406;0.2576838;-0.00026301364;-0.177788;0.15663484;-0.0064396625;-0.17268357;0.0;0.0;-1.3334575;0.00019377249;0.00027193563;0.00028810967;69.20357;72.440254;0.010476521;555386.2;921517.6;0.21203512;6.6966885e-07;5.253325e-07;3.5720888e-07;0.0005974485;0.00083335035;1.561283e-05;2.0960122e-06;3.9621805e-06;3.822641e-05;1.1348039e-06;1.2783975e-06;3.616893e-05;1.0;1.0;2992.0493;25
607637177;607465613;0.9945118;0.0075593265;0.0009044186;0.104347;-99.987114;57.838013;0.007647015;0.0;0.0;-1.0712898;0.012366733;0.0035350255;0.001389654;0.25480866;0.031381723;-0.06576016;0.2577197;-0.00026282217;-0.17777675;0.15664908;-0.00645233;-0.17271888;0.0;0.0;-1.3334575;0.000201426;0.00027240583;0.0002902586;69.39984;72.665726;0.010860196;560674.5;928800.8;0.21569526;6.6861105e-07;5.271507e-07;3.5822796e-07;0.0005974157;0.00083317753;1.5593365e-05;2.0964162e-06;3.9610463e-06;3.8223872e-05;1.133052e-06;1.2782165e-06;3.616461e-05;1.0;1.0;3007.332;25
608140839;607969413;0.99541104;0.0046598306;0.0024846094;0.09554523;-99.9915;57.730198;-0.00078762113;0.0;0.0;-1.10235;0.0122861825;0.003449277;0.0013572467;0.25477293;0.031127589;-0.065792084;0.257765;-0.00026264932;-0.17776874;0.1566675;-0.0064643743;-0.1727514;0.0;0.0;-1.3334575;0.00020922197;0.0002728438;0.00029169905;69.5766;72.88632;0.011208976;565938.44;936069.8;0.21596114;6.6710675e-07;5.285643e-07;3.5869937e-07;0.0005973825;0.0008329979;1.5562342e-05;2.0962661e-06;3.9589877e-06;3.8220285e-05;1.1310857e-06;1.2780501e-06;3.6159763e-05;1.0;1.0;3022.692;25
608635821;608464263;0.9950438;0.05194001;0.0030427086;0.08473995;-100.002785;57.576557;0.020383798;0.0;0.0;-1.1264317;0.01221028;0.003365254;0.0013299261;0.25478217;0.030815648;-0.06582803;0.25781193;-0.0002626416;-0.17783119;0.15668836;-0.006466016;-0.17270373;0.0;0.0;-1.3334575;0.00021735649;0.00027391053;0.00029303014;69.753006;73.10995;0.0115688285;571119.56;943230.6;0.21583153;6.6613626e-07;5.2993386e-07;3.5905273e-07;0.0005973643;0.00083285396;1.552651e-05;2.0961593e-06;3.9568376e-06;3.820188e-05;1.1292103e-06;1.2779878e-06;3.6141548e-05;1.0;1.0;3037.6301;25
609139744;608968110;0.99557316;-0.034926325;-0.010964845;0.0865686;-99.99039;57.396812;0.030953499;0.0;0.0;-1.1528;0.0121319005;0.003279967;0.0013041744;0.2547301;0.030571042;-0.06586413;0.25784728;-0.0002625531;-0.17782986;0.15670283;-0.006471897;-0.17271826;0.0;0.0;-1.3334575;0.0002254899;0.0002746223;0.0002953097;69.922806;73.333984;0.01201593;576378.06;950563.1;0.2167633;6.650689e-07;5.316926e-07;3.6011014e-07;0.0005973451;0.0008327108;1.5487116e-05;2.0962939e-06;3.955737e-06;3.818492e-05;1.1276541e-06;1.2778993e-06;3.6124806e-05;1.0;1.0;3052.955;25
609634391;609462959;0.9925395;-0.07949904;-0.00014179721;0.09244021;-99.984344;57.26333;0.029806795;0.0;0.0;-1.1906308;0.012039027;0.0031689464;0.001264726;0.25461107;0.030260803;-0.06593749;0.25790226;-0.00026188855;-0.17747757;0.15672004;-0.006505694;-0.17307754;0.0;0.0;-1.3334575;0.0002338543;0.0002758721;0.00029698646;70.09893;73.55948;0.012517222;581599.2;957750.4;0.22114943;6.6412446e-07;5.329651e-07;3.6069179e-07;0.00059731625;0.00083257095;1.5452119e-05;2.0959394e-06;3.9536026e-06;3.8110167e-05;1.125921e-06;1.2773759e-06;3.604614e-05;1.0;1.0;3067.852;25
610138180;609966806;0.98286015;-0.14444847;-0.01469807;0.11359849;-100.0;57.111385;0.021736152;0.0;0.0;-1.2080157;0.0119302;0.0030524933;0.0012213029;0.25441265;0.029962247;-0.06605323;0.25796822;-0.00026077146;-0.17687456;0.15673724;-0.006554485;-0.17368565;0.0;0.0;-1.3334575;0.00024162409;0.00027612608;0.00029876846;70.23501;73.75888;0.012994846;586797.56;965015.8;0.22256678;6.6203137e-07;5.341454e-07;3.6142083e-07;0.00059726654;0.0008324002;1.5404554e-05;2.0950738e-06;3.951565e-06;3.7954003e-05;1.1241974e-06;1.2766143e-06;3.5886987e-05;1.0;1.0;3083.0469;25
610633234;610461656;0.9910405;-0.022347033;-0.005737488;0.13155414;-99.985886;57.045246;0.03261948;0.0;0.0;-1.2159477;0.011846243;0.0029518504;0.0011825729;0.25419235;0.029745847;-0.066189736;0.2580284;-0.00025935876;-0.17615353;0.15674841;-0.0066104443;-0.17440337;0.0;0.0;-1.3334575;0.00024912116;0.00027647542;0.0003011952;70.37739;73.96071;0.013349609;591950.06;972215.56;0.22773282;6.602413e-07;5.3566004e-07;3.6269086e-07;0.0005972162;0.00083225296;1.5363004e-05;2.0946015e-06;3.9504e-06;3.773917e-05;1.1227261e-06;1.275751e-06;3.5669553e-05;1.0;1.0;3097.9988;25
611136877;610965503;0.9917491;0.020107353;0.0033439547;0.12656362;-99.966156;56.67575;0.038374245;0.0;0.0;-1.2082996;0.011757052;0.002873992;0.0011389223;0.25414443;0.02955706;-0.066299714;0.25807804;-0.0002591885;-0.17620076;0.15676022;-0.006616423;-0.17437044;0.0;0.0;-1.3334575;0.0002559817;0.00027652457;0.00030269058;70.48727;74.12764;0.014228598;597133.8;979477.06;0.22976325;6.570908e-07;5.36758e-07;3.6318224e-07;0.0005971863;0.00083209795;1.5309215e-05;2.093979e-06;3.94838e-06;3.7720158e-05;1.1209771e-06;1.2757374e-06;3.5653018e-05;1.0;1.0;3113.1345;25
611640970;611469397;0.99368656;-0.001120808;-0.00047635805;0.11218578;-99.99682;56.491405;0.07220739;0.0;0.0;-1.2158473;0.011656159;0.0027935302;0.0010940363;0.2540799;0.029370422;-0.0663846;0.25812238;-0.00025906245;-0.17626405;0.15677103;-0.0066194567;-0.17432411;0.0;0.0;-1.3334575;0.00026244993;0.00027646715;0.00030418567;70.589905;74.27164;0.014872348;602320.7;986733.1;0.23208906;6.534542e-07;5.3780855e-07;3.6366364e-07;0.0005971559;0.0008319391;1.5252865e-05;2.0933257e-06;3.9463685e-06;3.7706202e-05;1.1192996e-06;1.2757436e-06;3.5642184e-05;1.0;1.0;3128.247;25
612136096;611964246;0.9938703;0.0009271191;0.0039797816;0.11047737;-100.00738;56.338245;0.071957566;0.0;0.0;-1.2175953;0.011553075;0.0027057638;0.0010504964;0.25400108;0.029188596;-0.066491134;0.2581705;-0.00025891943;-0.1762889;0.156785;-0.0066221715;-0.17431436;0.0;0.0;-1.3334575;0.0002678264;0.0002757732;0.00030546606;70.67349;74.375145;0.015390042;607377.5;993817.56;0.23384126;6.4862013e-07;5.386779e-07;3.6404293e-07;0.0005971197;0.00083175435;1.5194219e-05;2.0924028e-06;3.9442903e-06;3.769387e-05;1.1176791e-06;1.2757462e-06;3.5633504e-05;1.0;1.0;3143.119;25
612639605;612468046;0.9940237;-0.0013293214;-0.004815551;0.10905082;-99.988335;56.11934;0.11015328;0.0;0.0;-1.2121488;0.011457105;0.0026247206;0.0010174633;0.25391287;0.029043997;-0.06658577;0.2582085;-0.00025880174;-0.17632543;0.15679659;-0.006622497;-0.17429174;0.0;0.0;-1.3334575;0.000272973;0.00027550105;0.00030758357;70.60018;68.6996;0.016200323;610742.3;910118.8;0.24122894;6.4365435e-07;5.4002265e-07;3.6500478e-07;0.00059632;0.0008294842;1.5145036e-05;2.090044e-06;3.94305e-06;3.7679376e-05;1.1162965e-06;1.275748e-06;3.5625184e-05;1.0;1.0;3158.19;25
613134494;612962896;0.9945993;0.0006264737;-0.00025223222;0.103787705;-99.979706;55.851776;0.13527487;0.0;0.0;-1.1998653;0.011360803;0.002532816;0.0009758816;0.25385574;0.028846102;-0.066713616;0.25826055;-0.00025866443;-0.17634156;0.15681298;-0.006622803;-0.17428252;0.0;0.0;-1.3334575;0.000277585;0.00027513335;0.00030876635;70.686356;68.77542;0.016786627;615843.4;916631.7;0.24335457;6.384139e-07;5.408965e-07;3.6533916e-07;0.00059629075;0.00082930125;1.5087549e-05;2.0892362e-06;3.940989e-06;3.76669e-05;1.1147686e-06;1.2757636e-06;3.561648e-05;1.0;1.0;3173.0054;25
613638397;613466743;0.9946052;-0.002910244;0.0041626473;0.10360926;-99.93555;55.48561;0.14603889;0.0;0.0;-1.186018;0.011285251;0.0024466014;0.0009307768;0.25386888;0.028563231;-0.06682104;0.25831866;-0.00025855942;-0.17633998;0.15683153;-0.0066231387;-0.17428075;0.0;0.0;-1.3334575;0.00028360751;0.00027666648;0.00031027212;70.8214;68.88285;0.017502503;621181.0;923344.44;0.24655932;6.3517143e-07;5.420619e-07;3.6581807e-07;0.0005962876;0.00082918763;1.503385e-05;2.0889925e-06;3.9390106e-06;3.765787e-05;1.1133102e-06;1.2757944e-06;3.560988e-05;1.0;1.0;3187.9924;25
614133210;613961592;0.9945423;0.0027886613;0.0028770727;0.10425726;-99.92332;55.228855;0.17222887;0.0;0.0;-1.1487409;0.011185767;0.0023683626;0.0008978002;0.25376794;0.02849866;-0.06695015;0.25835377;-0.0002584976;-0.17640837;0.15684092;-0.0066190963;-0.17422165;0.0;0.0;-1.3334575;0.00028630212;0.00027553324;0.00031195005;70.90628;68.91571;0.018277524;626341.94;929875.0;0.2539037;6.283354e-07;5.431699e-07;3.6657113e-07;0.00059624657;0.00082898134;1.4990815e-05;2.0886152e-06;3.937895e-06;3.764495e-05;1.1120287e-06;1.2757987e-06;3.560202e-05;1.0;1.0;3202.719;25
614637096;614465439;0.9946658;0.0032174438;0.005308839;0.102963045;-99.96125;54.948433;0.18924832;0.0;0.0;-1.1085098;0.011075157;0.0022729677;0.0008565857;0.25367433;0.02838078;-0.06711516;0.2584022;-0.0002584158;-0.176436;0.15685414;-0.0066160117;-0.17419511;0.0;0.0;-1.3334575;0.00028790333;0.00027424117;0.00031279257;70.972725;68.89265;0.018827075;631551.25;936451.56;0.25691056;6.2026885e-07;5.438967e-07;3.6678222e-07;0.0005962018;0.0008287614;1.4941964e-05;2.0876842e-06;3.9359325e-06;3.763147e-05;1.1105781e-06;1.275807e-06;3.5593595e-05;1.0;1.0;3217.642;25
615140806;614969285;0.9949688;-0.0024679077;-0.0028812452;0.10011358;-99.98078;54.650677;0.21371457;0.0;0.0;-1.0610358;0.010966406;0.0021772871;0.00081799657;0.25358468;0.028273871;-0.067282006;0.258452;-0.0002583683;-0.17647123;0.15686963;-0.00661147;-0.17416352;0.0;0.0;-1.3334575;0.00028858773;0.00027288464;0.00031350477;71.038704;68.83794;0.019347662;636784.1;943018.56;0.25978702;6.116356e-07;5.4459986e-07;3.6692475e-07;0.0005961539;0.00082854263;1.4897781e-05;2.0867762e-06;3.9339734e-06;3.7619186e-05;1.1091515e-06;1.2758076e-06;3.5586665e-05;1.0;1.0;3232.4958;25
615635657;615464135;0.99131835;-0.0010331451;0.08790906;0.09777059;-99.9478;54.384205;0.24362126;0.0;0.0;-1.0155487;0.010868127;0.0021054717;0.0007884635;0.253489;0.02823345;-0.067399405;0.25848413;-0.00025833905;-0.1765553;0.15687816;-0.0066060284;-0.17409047;0.0;0.0;-1.3334575;0.00028903518;0.00027179345;0.00031497458;71.124435;68.7976;0.020000242;642037.75;949548.1;0.2672953;6.03677e-07;5.45691e-07;3.6753994e-07;0.00059610413;0.00082834257;1.4866684e-05;2.0865994e-06;3.9328743e-06;3.7597823e-05;1.107903e-06;1.2757827e-06;3.5572004e-05;1.0;1.0;3247.098;25
616139567;615968028;0.9710171;-0.011192807;0.22560824;0.07811201;-99.79422;54.127354;0.32746693;0.0;0.0;-0.93204904;0.010787814;0.0020795844;0.0007866642;0.2533576;0.02836238;-0.067430384;0.2584817;-0.00025812397;-0.17670952;0.1568819;-0.0065983306;-0.17397203;0.0;0.0;-1.3334575;0.0002874449;0.0002706007;0.00031608844;71.192566;68.69026;0.020532582;647347.0;956137.5;0.26998773;5.945527e-07;5.463806e-07;3.676e-07;0.0005960032;0.00082811504;1.483294e-05;2.086815e-06;3.930947e-06;3.7367798e-05;1.1062004e-06;1.2753535e-06;3.5363053e-05;1.0;1.0;3261.9902;25
616634301;616462878;0.995352;-0.0024978204;-0.050883546;0.08172522;-99.85971;53.77301;0.3274019;0.0;0.0;-0.841393;0.010707882;0.0019957023;0.0007772915;0.25315943;0.028379038;-0.06751974;0.2584929;-0.0002576026;-0.17659914;0.15689398;-0.0065999674;-0.17409712;0.0;0.0;-1.3334575;0.0002864274;0.00027045782;0.0003166744;71.29114;68.591835;0.020841872;652619.25;962622.0;0.27170274;5.8658605e-07;5.4716804e-07;3.6748128e-07;0.00059591926;0.0008279526;1.48058425e-05;2.0866676e-06;3.928923e-06;3.7135258e-05;1.1046527e-06;1.2749056e-06;3.5144523e-05;1.0;1.0;3276.4023;25
617138090;616966677;0.9944348;-0.017321184;-0.03187212;0.098912865;-99.851234;53.485912;0.3707821;0.0;0.0;-0.76629853;0.010598173;0.0019000035;0.0007485787;0.25301722;0.028314892;-0.06765569;0.25852838;-0.0002574808;-0.17658493;0.15691042;-0.0065935166;-0.17411862;0.0;0.0;-1.3334575;0.0002855862;0.00026976966;0.00031762544;71.39684;68.50025;0.021556785;658104.94;969307.75;0.2802296;5.783934e-07;5.4836664e-07;3.6793324e-07;0.0005958494;0.000827791;1.4792347e-05;2.0864607e-06;3.927918e-06;3.7118552e-05;1.1035182e-06;1.2748734e-06;3.513054e-05;1.0;1.0;3291.112;25
617633088;617461527;0.98793447;0.012603077;0.009172983;0.15408632;-99.84209;53.277348;0.40825722;0.0;0.0;-0.7196533;0.010481794;0.0018140833;0.00071049354;0.25288627;0.028216913;-0.06775566;0.25856787;-0.00025736622;-0.17660129;0.15692477;-0.0065900264;-0.17411764;0.0;0.0;-1.3334575;0.00028339488;0.00026930537;0.00031750937;71.48557;68.34693;0.021902515;663475.0;975798.0;0.28113204;5.6944083e-07;5.4909145e-07;3.676738e-07;0.0005957581;0.00082764245;1.4777947e-05;2.0858615e-06;3.9259226e-06;3.7095797e-05;1.1022256e-06;1.2748174e-06;3.511089e-05;1.0;1.0;3305.5798;25
618137022;617965373;0.95641994;0.016621592;0.006494147;0.29144898;-99.81694;53.103184;0.39634034;0.0;0.0;-0.6318406;0.010361832;0.0017542635;0.00065668725;0.25276807;0.028182479;-0.06786806;0.25862437;-0.0002571141;-0.17651992;0.15692692;-0.006599136;-0.17421755;0.0;0.0;-1.3334575;0.00028012213;0.000268502;0.00031719267;71.57079;68.19041;0.021874808;668985.94;982423.8;0.2826364;5.6008065e-07;5.498251e-07;3.674369e-07;0.00059565064;0.00082748686;1.4769874e-05;2.0852556e-06;3.9240094e-06;3.70681e-05;1.1009361e-06;1.2743836e-06;3.5083518e-05;1.0;1.0;3320.2332;25
618640914;618469220;0.86089516;0.0015121138;-0.04497663;0.5067882;-99.52955;53.08933;0.44469202;0.0;0.0;-0.52936554;0.010225234;0.001751599;0.0005618171;0.2524557;0.028543325;-0.06794896;0.25866982;-0.00025700981;-0.17663318;0.15686709;-0.0065785563;-0.17414837;0.0;0.0;-1.3334575;0.0002762689;0.0002677538;0.0003169775;71.661835;68.07965;0.022402393;674640.75;989168.75;0.29066294;5.522164e-07;5.50649e-07;3.67191e-07;0.0005955422;0.0008273448;1.4770749e-05;2.085045e-06;3.922108e-06;3.7040434e-05;1.099306e-06;1.2723506e-06;3.5055484e-05;1.0;1.0;3334.8606;25
619135667;618964069;0.67735106;-0.007678572;0.0311838;0.7349587;-99.166664;53.101345;0.439883;0.0;0.0;-0.46802285;0.010073662;0.0017603252;0.00043618045;0.2519416;0.029096002;-0.068036854;0.25875193;-0.0002571846;-0.1768587;0.15675075;-0.006490987;-0.173974;0.0;0.0;-1.3334575;0.00026768362;0.00026593806;0.00031660567;71.749535;67.93428;0.022794405;680196.94;995783.94;0.2908796;5.4434537e-07;5.520466e-07;3.671368e-07;0.0005954275;0.00082724466;1.4773019e-05;2.0845962e-06;3.9210527e-06;3.7008387e-05;1.097025e-06;1.2672459e-06;3.502281e-05;1.0;1.0;3349.147;25
619639337;619467915;0.4954639;0.02586453;-0.022106983;0.8679619;-98.86467;52.93563;0.3756273;0.0;0.0;-0.44465294;0.009901213;0.0017132893;0.00028299663;0.25134122;0.02953159;-0.06824164;0.25890473;-0.0002574437;-0.1772546;0.15655893;-0.0063392697;-0.17357416;0.0;0.0;-1.3334575;0.00025555678;0.0002632177;0.00031475327;71.74399;62.621067;0.023338275;684224.1;911463.5;0.2919196;5.368723e-07;5.534811e-07;3.6615626e-07;0.0005947091;0.0008253715;1.4779075e-05;2.0811005e-06;3.9190227e-06;3.6941474e-05;1.0932255e-06;1.2564767e-06;3.4952154e-05;1.0;1.0;3363.6025;25
620134410;619962765;0.376843;0.004182013;-0.018306274;0.9260868;-98.546936;52.812332;0.3861081;0.0;0.0;-0.46474457;0.0097353;0.0016343598;0.00014131881;0.25059554;0.030011196;-0.06852739;0.2590697;-0.00025715106;-0.17731334;0.15635827;-0.0061542057;-0.17347118;0.0;0.0;-1.3334575;0.00024224774;0.0002594397;0.00031282523;71.89155;62.51611;0.023527179;689870.5;917681.7;0.29878414;5.303404e-07;5.55298e-07;3.6502595e-07;0.0005946137;0.0008252825;1.4791169e-05;2.0780822e-06;3.9170777e-06;3.69221e-05;1.0886667e-06;1.2446338e-06;3.4930268e-05;1.0;1.0;3377.7441;25
620638054;620466658;0.37600031;-0.0017750395;-0.005047451;0.9266041;-98.272316;52.539143;0.33578295;0.0;0.0;-0.49234238;0.009584884;0.0015666526;1.5230831e-05;0.24999957;0.0304353;-0.06881298;0.2592139;-0.00025708924;-0.17753537;0.15618351;-0.005972986;-0.1731973;0.0;0.0;-1.3334575;0.00022768421;0.00025524103;0.00031142108;72.05424;62.36691;0.023539877;695665.1;924011.94;0.29928222;5.2318575e-07;5.579092e-07;3.6445678e-07;0.00059452903;0.00082519837;1.4806855e-05;2.075773e-06;3.9161337e-06;3.6900317e-05;1.0847573e-06;1.2340445e-06;3.490548e-05;1.0;1.0;3392.0166;25
621133113;620961507;0.42928284;0.0053696358;-0.00674488;0.9031289;-97.99416;52.33371;0.304306;0.0;0.0;-0.5506638;0.009431982;0.0015190737;-0.00012181404;0.24943931;0.030897835;-0.06911809;0.2593684;-0.00025676694;-0.177745;0.15600462;-0.0057937535;-0.17293409;0.0;0.0;-1.3334575;0.00021436377;0.00025106716;0.00030885462;72.19914;62.19739;0.023271393;701362.6;930253.7;0.2978738;5.160584e-07;5.6052113e-07;3.6316055e-07;0.00059445034;0.00082508835;1.48241015e-05;2.07268e-06;3.9142137e-06;3.6876187e-05;1.0806594e-06;1.2229132e-06;3.4877445e-05;1.0;1.0;3405.989;25
621636864;621465306;0.5331098;0.0012387603;-0.00012904637;0.84604514;-97.69584;52.13729;0.27481893;0.0;0.0;-0.6006335;0.0092972675;0.001504297;-0.00025851553;0.24897839;0.031407483;-0.06939691;0.25950822;-0.00025616496;-0.17792964;0.15584427;-0.005655323;-0.17271855;0.0;0.0;-1.3334575;0.00020395596;0.00024718576;0.00030682128;72.34058;62.075527;0.023226697;707259.6;936711.56;0.30436072;5.1031094e-07;5.6343094e-07;3.621629e-07;0.0005943866;0.0008249507;1.4845651e-05;2.0703078e-06;3.91238e-06;3.685597e-05;1.0773748e-06;1.2139205e-06;3.4853347e-05;1.0;1.0;3420.0803;25
622140728;621969153;0.6693407;3.4735247e-05;0.0033958065;0.74294794;-97.29978;51.999363;0.25164756;0.0;0.0;-0.6236039;0.009193431;0.0015235437;-0.0003786023;0.24863426;0.031904146;-0.06957816;0.259617;-0.00025530992;-0.17804028;0.15572542;-0.005576538;-0.17262089;0.0;0.0;-1.3334575;0.0001955467;0.00024389087;0.00030586;72.46735;61.91912;0.02272045;713231.0;943178.44;0.30292067;5.0427815e-07;5.6663555e-07;3.6193634e-07;0.0005943293;0.00082481524;1.4869725e-05;2.0693947e-06;3.911471e-06;3.6844558e-05;1.0753847e-06;1.2084133e-06;3.483918e-05;1.0;1.0;3434.098;25
622635597;622464002;0.8047398;-0.0038962765;0.0017382905;0.59361243;-96.85659;51.983955;0.25046954;0.0;0.0;-0.6481927;0.009100036;0.0015710793;-0.00051164057;0.24837196;0.032404993;-0.06969135;0.25970906;-0.00025415336;-0.17812969;0.15563096;-0.005535982;-0.17257513;0.0;0.0;-1.3334575;0.00019027115;0.00024147471;0.00030430578;72.58274;61.76694;0.022082297;719171.56;949559.56;0.2996309;4.9883175e-07;5.696296e-07;3.6120878e-07;0.00059427944;0.00082467636;1.4894642e-05;2.068793e-06;3.9095808e-06;3.6836635e-05;1.073997e-06;1.2046767e-06;3.4828325e-05;1.0;1.0;3447.7542;25
623139426;622967848;0.9224986;0.0047515696;0.008350293;0.3858808;-96.46694;51.925068;0.26701695;0.0;0.0;-0.6314391;0.00902339;0.001617459;-0.00060844875;0.24825466;0.032823913;-0.06978715;0.25976044;-0.0002530982;-0.17813085;0.15559696;-0.0055454;-0.17262812;0.0;0.0;-1.3334575;0.00018783979;0.00023913929;0.0003034969;72.69575;61.657818;0.021717178;725286.94;956150.25;0.30423933;4.945837e-07;5.7245967e-07;3.607676e-07;0.00059422845;0.0008244934;1.492147e-05;2.0688028e-06;3.9077813e-06;3.6831072e-05;1.0731784e-06;1.2032625e-06;3.482063e-05;1.0;1.0;3461.5742;25
623634326;623462697;0.951631;0.0012361178;-0.0021594388;0.30723333;-96.15831;51.744267;0.29422635;0.0;0.0;-0.60565495;0.008966472;0.0016265012;-0.0006399763;0.24826004;0.03295301;-0.06983912;0.25978604;-0.00025262634;-0.1781424;0.15560918;-0.005559376;-0.1726493;0.0;0.0;-1.3334575;0.0001864242;0.00023832162;0.00030353275;72.85672;61.54005;0.020960763;731456.5;962636.0;0.3000338;4.906173e-07;5.7551745e-07;3.6086402e-07;0.0005941944;0.0008243833;1.49511825e-05;2.0697535e-06;3.9068104e-06;3.6829366e-05;1.072478e-06;1.2029293e-06;3.481663e-05;1.0;1.0;3475.0479;25
624138092;623966546;0.9515617;-0.07545527;-0.024903957;0.29701304;-95.855835;51.387028;0.33989036;0.0;0.0;-0.57767135;0.008895602;0.0016219807;-0.00065813743;0.24828836;0.033084143;-0.06994768;0.25982317;-0.0002521924;-0.1780866;0.15563871;-0.0055766916;-0.17273948;0.0;0.0;-1.3334575;0.0001850257;0.00023687174;0.0003029122;72.99815;61.423462;0.020640342;737705.44;969272.06;0.29644477;4.868866e-07;5.7811997e-07;3.6044696e-07;0.00059415225;0.0008242153;1.498039e-05;2.0700547e-06;3.90502e-06;3.6819823e-05;1.0716174e-06;1.202634e-06;3.480504e-05;1.0;1.0;3488.662;25
624632947;624461393;0.94635415;-0.08720804;-0.030591294;0.30963326;-95.66665;51.063335;0.3431755;0.0;0.0;-0.5558843;0.00881645;0.0015997337;-0.0007006517;0.24828015;0.033134777;-0.07011418;0.25989062;-0.0002510166;-0.17746168;0.15567783;-0.0056242635;-0.17337339;0.0;0.0;-1.3334575;0.00018478943;0.0002358549;0.00030250053;73.14987;61.357563;0.020231932;743878.56;975872.4;0.29871196;4.843892e-07;5.804632e-07;3.6019702e-07;0.00059412816;0.0008240546;1.5009733e-05;2.0698658e-06;3.903163e-06;3.6696503e-05;1.0707656e-06;1.2020413e-06;3.4677876e-05;1.0;1.0;3501.9932;25
625136939;624965286;0.9294463;-0.16741978;-0.05150751;0.32472655;-95.50449;50.74598;0.34115142;0.0;0.0;-0.57609594;0.008708145;0.0015674061;-0.00074999116;0.24813122;0.033242255;-0.07034274;0.2599752;-0.00024879526;-0.17619504;0.15571955;-0.005706415;-0.1746352;0.0;0.0;-1.3334575;0.00018399804;0.00023422347;0.0003019982;73.28132;61.270065;0.01963466;750077.9;982601.94;0.29471326;4.81554e-07;5.825058e-07;3.6010303e-07;0.0005940956;0.0008238657;1.5038781e-05;2.0690718e-06;3.9013894e-06;3.6374808e-05;1.0699492e-06;1.2009976e-06;3.4354252e-05;1.0;1.0;3515.4377;25
625640660;625469085;0.90342563;-0.2588492;-0.09565125;0.32813117;-95.28164;50.29562;0.31006345;0.0;0.0;-0.56991106;0.008606474;0.001521227;-0.00079385267;0.24780709;0.033367332;-0.07059642;0.26006082;-0.00024544442;-0.17423557;0.155756;-0.0058240187;-0.17656684;0.0;0.0;-1.3334575;0.00018382879;0.00023306158;0.00030215288;73.43478;61.211567;0.019215688;756313.0;989409.06;0.29100382;4.794694e-07;5.847123e-07;3.6079038e-07;0.0005940638;0.00082372373;1.506937e-05;2.0684092e-06;3.9005276e-06;3.5773104e-05;1.0692755e-06;1.1994107e-06;3.3753764e-05;1.0;1.0;3528.81;25
626135497;625963934;0.92630255;-0.102660045;-0.0900074;0.35117418;-95.078255;49.855927;0.2963108;0.0;0.0;-0.57136965;0.008515637;0.0014495851;-0.0008389383;0.24748497;0.033283852;-0.07084955;0.26016337;-0.00024131864;-0.17189957;0.15579662;-0.0059663644;-0.17884706;0.0;0.0;-1.3334575;0.00018487424;0.00023282565;0.00030171184;73.6154;61.197067;0.018899102;762517.9;996172.6;0.29312366;4.785064e-07;5.865466e-07;3.6112755e-07;0.00059404096;0.0008236292;1.5100207e-05;2.0671996e-06;3.8986914e-06;3.5005705e-05;1.0685179e-06;1.1974598e-06;3.2987344e-05;1.0;1.0;3541.834;25
626639292;626467780;0.935935;0.04453698;0.00727981;0.34926957;-94.6304;49.247692;0.34315434;0.0;0.0;-0.5217606;0.00846609;0.0014443863;-0.00089166535;0.24756753;0.033191863;-0.07092732;0.26021367;-0.00024067743;-0.17179328;0.15581314;-0.005986379;-0.17896764;0.0;0.0;-1.3334575;0.00018564962;0.00023278412;0.00030131423;73.696754;56.507866;0.019122597;767580.1;911928.6;0.28968394;4.774471e-07;5.8827953e-07;3.610255e-07;0.0005935395;0.0008220504;1.51317945e-05;2.0664859e-06;3.8968396e-06;3.493843e-05;1.0679133e-06;1.1967716e-06;3.2912776e-05;1.0;1.0;3555.0037;25
627134274;626962629;0.937528;0.104156815;0.028439766;0.3307323;-94.27362;48.919468;0.40603736;0.0;0.0;-0.44066623;0.008418265;0.0014492128;-0.0009168861;0.24761531;0.033178013;-0.0709914;0.26023406;-0.0002404526;-0.17190537;0.15582216;-0.005989793;-0.17887431;0.0;0.0;-1.3334575;0.00018602677;0.0002322113;0.0003017871;73.86685;56.495087;0.01869518;774079.0;918192.06;0.2855005;4.764484e-07;5.8987655e-07;3.6138255e-07;0.0005935202;0.0008218694;1.5162609e-05;2.067532e-06;3.8959174e-06;3.4906465e-05;1.067426e-06;1.1963358e-06;3.287782e-05;1.0;1.0;3567.7593;25
627638058;627466475;0.9503067;-0.013295183;3.1442218e-05;0.31103113;-93.75092;48.473087;0.43515745;0.0;0.0;-0.35945296;0.008368258;0.001455876;-0.00091135927;0.24757227;0.033194657;-0.071038514;0.26023373;-0.00024009582;-0.17197539;0.15582974;-0.0059917546;-0.17883334;0.0;0.0;-1.3334575;0.00018664883;0.0002319184;0.00030144755;74.05112;56.494926;0.018781578;780760.2;924609.4;0.28263196;4.757675e-07;5.910892e-07;3.6112095e-07;0.0005934765;0.0008216281;1.5193731e-05;2.068645e-06;3.894182e-06;3.477301e-05;1.0668535e-06;1.1957165e-06;3.2744047e-05;1.0;1.0;3580.5935;25
628132819;627961324;0.9484886;0.02065142;0.0065729134;0.3160692;-93.53601;48.125526;0.45971483;0.0;0.0;-0.30385903;0.008291146;0.0014143146;-0.000946244;0.24761055;0.032904807;-0.07116447;0.260303;-0.00023900774;-0.17145143;0.15586135;-0.00603189;-0.17935249;0.0;0.0;-1.3334575;0.00018829666;0.00023202303;0.0003016235;74.238266;56.523117;0.018497938;787329.56;930962.0;0.28525716;4.7564183e-07;5.9204217e-07;3.6123848e-07;0.0005934729;0.0008213852;1.5224297e-05;2.0688537e-06;3.8923795e-06;3.464418e-05;1.0661992e-06;1.1951882e-06;3.261106e-05;1.0;1.0;3593.1335;25
628636564;628465170;0.9520469;0.025135692;0.010908703;0.30472285;-93.11796;47.717155;0.4802716;0.0;0.0;-0.24001266;0.008225272;0.001407074;-0.00095280143;0.24768111;0.03266024;-0.07122619;0.26033348;-0.00023880738;-0.17152488;0.15588121;-0.006036542;-0.17930144;0.0;0.0;-1.3334575;0.00018967704;0.00023226182;0.00030258636;74.43483;56.548367;0.018552942;794134.56;937462.1;0.282622;4.754963e-07;5.932947e-07;3.6177036e-07;0.0005934651;0.00082110864;1.5256511e-05;2.0701243e-06;3.8915523e-06;3.462835e-05;1.0656961e-06;1.1949063e-06;3.259156e-05;1.0;1.0;3605.7427;25
629140667;628969063;0.9528884;0.0103937555;0.009644758;0.3029895;-92.84666;47.41319;0.50102913;0.0;0.0;-0.19128779;0.008138191;0.0013933651;-0.00095597707;0.24774076;0.03246479;-0.071334064;0.26036915;-0.0002385811;-0.17160082;0.15590583;-0.0060415054;-0.1792551;0.0;0.0;-1.3334575;0.0001906357;0.00023172073;0.00030265472;74.60023;56.566525;0.018349832;800870.4;943987.9;0.27991495;4.75036e-07;5.9361065e-07;3.6167606e-07;0.0005934437;0.0008207615;1.5286321e-05;2.0706448e-06;3.889842e-06;3.4612523e-05;1.0651015e-06;1.1946023e-06;3.2572654e-05;1.0;1.0;3618.27;25
629635496;629463912;0.95495695;0.008396987;0.0134252375;0.29632166;-92.54647;47.0648;0.53950727;0.0;0.0;-0.103387445;0.0080606425;0.0013770835;-0.00095908367;0.2478114;0.032308765;-0.071437426;0.26040712;-0.00023839506;-0.17168458;0.15593012;-0.0060465923;-0.1792006;0.0;0.0;-1.3334575;0.00019214876;0.00023152857;0.0003027922;74.76621;56.606052;0.018401511;807531.6;950433.06;0.28280586;4.749937e-07;5.9373275e-07;3.61548e-07;0.0005934209;0.00082044216;1.5315796e-05;2.0711716e-06;3.8880553e-06;3.460105e-05;1.0645083e-06;1.1943347e-06;3.2558382e-05;1.0;1.0;3630.4714;25
630139313;629967711;0.95926696;0.0014928484;-0.005417558;0.28244528;-92.26658;46.78572;0.5730794;0.0;0.0;-0.03781411;0.007968772;0.0013633245;-0.0009589395;0.2478412;0.032178383;-0.07155226;0.26043358;-0.00023826158;-0.17177263;0.15595141;-0.0060476894;-0.17914265;0.0;0.0;-1.3334575;0.00019322651;0.00023105332;0.00030380368;74.92731;56.638943;0.018257288;814326.94;957026.0;0.28037086;4.7471673e-07;5.94048e-07;3.6203974e-07;0.0005933984;0.00082010654;1.5345877e-05;2.072058e-06;3.887248e-06;3.4590175e-05;1.0639781e-06;1.1941326e-06;3.2546275e-05;1.0;1.0;3642.8115;25
630634162;630462560;0.9643;-0.003998519;-0.0050187125;0.26473477;-91.992294;46.46273;0.6021511;0.0;0.0;0.04361474;0.007876195;0.0013373388;-0.0009610183;0.24790408;0.03205346;-0.071679965;0.26047176;-0.00023813064;-0.17185146;0.1559779;-0.006048912;-0.1790903;0.0;0.0;-1.3334575;0.0001947888;0.0002309227;0.00030399163;75.08882;56.686806;0.018330013;821033.75;963526.25;0.28334498;4.7468407e-07;5.9376913e-07;3.6189275e-07;0.00059337635;0.00081981457;1.5375064e-05;2.0724694e-06;3.8854732e-06;3.4580527e-05;1.0633156e-06;1.1939401e-06;3.253424e-05;1.0;1.0;3654.8345;25
631137978;630966406;0.96934247;-0.0022054312;0.0022182646;0.24569394;-91.75477;46.138397;0.62649494;0.0;0.0;0.09405235;0.0077744247;0.0013046451;-0.00095665443;0.2479795;0.031823907;-0.07180085;0.26051125;-0.00023801229;-0.17192207;0.15600613;-0.006046721;-0.17904061;0.0;0.0;-1.3334575;0.00019630055;0.00023108759;0.00030428093;75.26256;56.73259;0.01821777;827930.4;970168.2;0.28096732;4.7454608e-07;5.93485e-07;3.6180214e-07;0.0005933592;0.00081955263;1.5405678e-05;2.0729967e-06;3.883788e-06;3.457141e-05;1.0625973e-06;1.1937888e-06;3.2522596e-05;1.0;1.0;3667.003;25
631632657;631461255;0.97079194;0.00080948917;0.0028604202;0.23990463;-91.533394;45.80125;0.6293242;0.0;0.0;0.15009643;0.007679898;0.0012681505;-0.00095484534;0.24805734;0.03155826;-0.07190055;0.260547;-0.00023791115;-0.17195694;0.15603217;-0.0060437443;-0.17901725;0.0;0.0;-1.3334575;0.00019831384;0.0002320246;0.00030538888;75.46068;56.79583;0.01805836;834826.94;976723.5;0.27787682;4.7475024e-07;5.937709e-07;3.6227001e-07;0.0005933573;0.0008193727;1.5437998e-05;2.0740538e-06;3.882915e-06;3.4564924e-05;1.0619625e-06;1.1936859e-06;3.2512813e-05;1.0;1.0;3678.8596;25
632136698;631965101;0.9726515;0.0055743298;0.0104700755;0.23196632;-91.33373;45.47999;0.6425097;0.0;0.0;0.19817053;0.0075748228;0.0012274806;-0.00095104304;0.24812877;0.031379864;-0.07201854;0.26058537;-0.00023782278;-0.17202733;0.15606035;-0.00603936;-0.1789682;0.0;0.0;-1.3334575;0.00020022083;0.00023277098;0.00030577232;75.64809;56.858067;0.017937189;841831.44;983415.0;0.2757166;4.7472403e-07;5.9333155e-07;3.621831e-07;0.00059334555;0.00081920053;1.5469763e-05;2.0746618e-06;3.881238e-06;3.455768e-05;1.0611988e-06;1.1935813e-06;3.2502776e-05;1.0;1.0;3690.8364;25
632640501;632468947;0.9752733;0.002102544;0.001440583;0.2209877;-91.16189;45.140457;0.6698606;0.0;0.0;0.26516715;0.0074577285;0.0011797431;-0.0009463679;0.24817146;0.031382788;-0.072180144;0.26062122;-0.00023775181;-0.1720918;0.15608616;-0.006033532;-0.17892018;0.0;0.0;-1.3334575;0.00020186302;0.0002328474;0.00030615443;75.80417;56.924965;0.01804359;848761.3;990139.0;0.27988166;4.7452215e-07;5.9240574e-07;3.620724e-07;0.00059331907;0.0008190074;1.549935e-05;2.0749462e-06;3.879572e-06;3.4550038e-05;1.0603849e-06;1.1935016e-06;3.249394e-05;1.0;1.0;3702.7651;25
633135606;632963796;0.9750748;-0.010087825;-0.008072049;0.22150013;-90.98963;44.83118;0.6704059;0.0;0.0;0.30791658;0.0073364307;0.0011317029;-0.000937999;0.24820755;0.031423703;-0.07233905;0.26065576;-0.00023769608;-0.17217208;0.15611112;-0.0060265944;-0.17886098;0.0;0.0;-1.3334575;0.00020298267;0.00023279968;0.000306338;75.953445;56.97862;0.017913606;855579.7;996754.25;0.2767633;4.738788e-07;5.912687e-07;3.618303e-07;0.00059329165;0.0008188316;1.552839e-05;2.0751372e-06;3.8778294e-06;3.4541565e-05;1.059548e-06;1.1934301e-06;3.248483e-05;1.0;1.0;3714.404;25
633639306;633467689;0.97637963;0.012412655;0.009958981;0.21547545;-90.80115;44.550148;0.68940824;0.0;0.0;0.35999033;0.0072154123;0.001099772;-0.00092383893;0.24821086;0.031590477;-0.072494805;0.26068017;-0.00023763052;-0.17225476;0.15613069;-0.006020479;-0.17880572;0.0;0.0;-1.3334575;0.00020401234;0.00023260043;0.0003074162;76.01765;52.77495;0.01785545;861101.25;912301.56;0.27471837;4.732006e-07;5.905564e-07;3.622154e-07;0.0005928408;0.00081741624;1.5556789e-05;2.074868e-06;3.8769767e-06;3.452703e-05;1.058846e-06;1.1933283e-06;3.2470856e-05;1.0;1.0;3726.2024;25
634134077;633962538;0.9747076;0.032532834;0.016468883;0.22048956;-90.720764;44.26023;0.66873294;0.0;0.0;0.40632907;0.0070902617;0.001040192;-0.0009223841;0.24826373;0.031649;-0.07265197;0.26072553;-0.00023748878;-0.17221539;0.15615991;-0.006019719;-0.17885745;0.0;0.0;-1.3334575;0.00020574876;0.00023298609;0.00030762053;76.173805;52.85837;0.017763285;867984.94;918379.56;0.277899;4.727737e-07;5.894248e-07;3.620024e-07;0.00059282297;0.00081726944;1.5586254e-05;2.0749617e-06;3.8752464e-06;3.4510307e-05;1.0580409e-06;1.1932564e-06;3.2451993e-05;1.0;1.0;3737.7227;25
634637915;634466336;0.9793067;-0.0043375874;-0.037670515;0.19879791;-90.54422;43.965244;0.71707356;0.0;0.0;0.4502075;0.006960186;0.0009880979;-0.0009054612;0.24824315;0.03193366;-0.07282107;0.260749;-0.00023737918;-0.17229839;0.1561783;-0.0060114493;-0.17880128;0.0;0.0;-1.3334575;0.00020674376;0.00023298906;0.00030788907;76.31264;52.925793;0.017724613;874979.7;924583.0;0.27588964;4.718171e-07;5.880987e-07;3.617614e-07;0.00059279066;0.0008170972;1.5615515e-05;2.0751625e-06;3.8736043e-06;3.448341e-05;1.0571669e-06;1.193175e-06;3.242597e-05;1.0;1.0;3749.3943;25
635132785;634961185;0.9806787;0.011589897;0.043663844;0.19033808;-90.404045;43.72338;0.711508;0.0;0.0;0.4591647;0.006828735;0.0009479549;-0.00088956277;0.2482228;0.032269858;-0.07297498;0.26077121;-0.00023727791;-0.17234202;0.15619726;-0.0060055554;-0.17878889;0.0;0.0;-1.3334575;0.00020793015;0.0002333315;0.00030885387;76.46278;53.00379;0.017665483;881916.75;930699.3;0.2729698;4.7096137e-07;5.873838e-07;3.6206683e-07;0.0005927687;0.00081693736;1.564546e-05;2.0757216e-06;3.8727685e-06;3.4459365e-05;1.0564002e-06;1.1931212e-06;3.240191e-05;1.0;1.0;3760.8018;25
636635337;636463725;0.98295194;0.0054072323;0.0021617943;0.18377101;-90.186935;42.837833;0.70179385;0.0;0.0;0.51691747;0.0064233863;0.00074326585;-0.00085459923;0.2482474;0.033305228;-0.07345066;0.26086894;-0.00023703338;-0.17239892;0.15625933;-0.0059861634;-0.17878446;0.0;0.0;-1.3334575;0.0002128243;0.00023596402;0.00031059186;76.953636;53.28215;0.017387718;903268.9;949400.25;0.2724078;4.683269e-07;5.845682e-07;3.6200998e-07;0.0005927222;0.0008163501;1.573826e-05;2.0767618e-06;3.8686903e-06;3.442337e-05;1.053702e-06;1.1930936e-06;3.2362037e-05;1.0;1.0;3795.15;25
637139081;636967571;0.9829466;0.0024110067;0.005998271;0.18377773;-90.08374;42.52275;0.7007924;0.0;0.0;0.5534574;0.0062892903;0.0006701699;-0.00084425946;0.2482639;0.033715244;-0.0736104;0.26090562;-0.00023696492;-0.17243196;0.15627895;-0.0059812455;-0.17876863;0.0;0.0;-1.3334575;0.00021469757;0.00023706009;0.00031101602;77.119644;53.387226;0.017487964;910499.5;955722.5;0.27660078;4.6739743e-07;5.8343653e-07;3.6182678e-07;0.00059270737;0.0008160994;1.5769323e-05;2.077022e-06;3.8670782e-06;3.4419725e-05;1.0527539e-06;1.1931053e-06;3.235711e-05;1.0;1.0;3806.5876;25
637633950;637462420;0.98249185;0.006828662;0.011909032;0.18579932;-90.05444;42.30621;0.6848231;0.0;0.0;0.5214523;0.0061373455;0.0006011991;-0.0008284225;0.24825747;0.03428845;-0.07377931;0.26093796;-0.00023685179;-0.17246287;0.1562971;-0.0059778322;-0.17876446;0.0;0.0;-1.3334575;0.00021572947;0.00023762677;0.0003111501;77.26406;53.47458;0.017299999;917562.6;961939.75;0.27359933;4.6569482e-07;5.8205717e-07;3.6149817e-07;0.00059268775;0.0008157853;1.5798752e-05;2.0770492e-06;3.8653893e-06;3.441451e-05;1.0518187e-06;1.1931163e-06;3.2351247e-05;1.0;1.0;3817.775;25
638138130;637966312;0.9822076;0.003911952;0.01273396;0.18732531;-90.01136;42.065838;0.6696174;0.0;0.0;0.5125731;0.005989971;0.0005266696;-0.0008168585;0.24825491;0.034833062;-0.073942676;0.2609731;-0.00023673182;-0.17246573;0.15631543;-0.0059761032;-0.17878285;0.0;0.0;-1.3334575;0.00021702408;0.00023851157;0.00031141881;77.4215;53.57213;0.0171035;924825.2;968296.25;0.271598;4.6402852e-07;5.808497e-07;3.612558e-07;0.00059267273;0.00081544725;1.5829408e-05;2.0772088e-06;3.8637895e-06;3.440941e-05;1.0508994e-06;1.1931303e-06;3.2344815e-05;1.0;1.0;3829.1375;25
638632758;638461161;0.9820565;-2.6912761e-05;0.00024233507;0.18858713;-89.90142;41.80614;0.6731124;0.0;0.0;0.5417836;0.0058564874;0.0004585263;-0.00080604333;0.2482418;0.035348997;-0.07409672;0.26100478;-0.00023662625;-0.1724624;0.15633072;-0.0059755663;-0.17880407;0.0;0.0;-1.3334575;0.00021848196;0.00023941332;0.00031247654;77.57686;53.679924;0.01712878;931996.2;974572.8;0.27472946;4.6265617e-07;5.8020584e-07;3.6156902e-07;0.0005926589;0.00081510976;1.5859405e-05;2.077733e-06;3.862989e-06;3.4405435e-05;1.0501107e-06;1.193152e-06;3.23399e-05;1.0;1.0;3840.2502;25
639136517;638964960;0.9822477;0.004884534;0.0031365727;0.18749881;-89.80204;41.54306;0.6671738;0.0;0.0;0.5440985;0.005719899;0.00038331002;-0.00079593575;0.24825272;0.035854287;-0.074235275;0.26104027;-0.00023650771;-0.17247891;0.15634711;-0.005974534;-0.17880633;0.0;0.0;-1.3334575;0.00022019091;0.0002409913;0.00031282046;77.75693;53.788834;0.016985781;939413.94;980972.44;0.27270722;4.610506e-07;5.7925865e-07;3.61342e-07;0.00059265114;0.00081474223;1.589175e-05;2.0781483e-06;3.861396e-06;3.4403318e-05;1.0492129e-06;1.1931678e-06;3.23357e-05;1.0;1.0;3851.5085;25
639640234;639468805;0.98276275;0.0025572584;0.0011597151;0.1848496;-89.74402;41.31295;0.6444812;0.0;0.0;0.52087003;0.0055702445;0.00030823247;-0.00078251044;0.24825206;0.036447655;-0.07438899;0.26107678;-0.00023638301;-0.17248972;0.15636316;-0.005973873;-0.17881644;0.0;0.0;-1.3334575;0.00022145371;0.00024213576;0.00031306365;77.92387;53.89492;0.01684062;946812.06;987397.75;0.27067345;4.5905495e-07;5.7816965e-07;3.6107417e-07;0.00059263787;0.00081433693;1.5922928e-05;2.0784237e-06;3.8598137e-06;3.4399716e-05;1.0483104e-06;1.1931795e-06;3.2330532e-05;1.0;1.0;3862.7468;25
640135059;639963654;0.98395187;0.002882286;0.004135961;0.17836277;-89.639885;41.0636;0.62893695;0.0;0.0;0.5403722;0.0054407073;0.00023781098;-0.0007750755;0.2482402;0.03695193;-0.07452126;0.26110741;-0.00023627494;-0.17247532;0.15637684;-0.0059742145;-0.17884582;0.0;0.0;-1.3334575;0.00022335634;0.00024380261;0.0003141496;78.10987;54.01947;0.016866017;954192.44;993743.1;0.27379322;4.57688e-07;5.7783535e-07;3.6139838e-07;0.00059263356;0.00081397395;1.5954896e-05;2.0792086e-06;3.8590283e-06;3.4396857e-05;1.0475404e-06;1.193198e-06;3.2325275e-05;1.0;1.0;3873.7349;25
640638938;640467499;0.98638743;0.0038629747;0.0038635018;0.16434747;-89.58379;40.799896;0.6148736;0.0;0.0;0.5179377;0.0052983994;0.0001492514;-0.00076018175;0.24823846;0.03747558;-0.07465917;0.2611458;-0.00023612587;-0.17247893;0.15639177;-0.0059724865;-0.17885768;0.0;0.0;-1.3334575;0.00022491007;0.0002455212;0.00031444736;78.24465;50.22003;0.016721621;960468.4;909288.1;0.2717681;4.5569772e-07;5.769602e-07;3.6113912e-07;0.00059226534;0.00081259495;1.5986076e-05;2.079055e-06;3.857401e-06;3.43951e-05;1.0465709e-06;1.1931986e-06;3.232116e-05;1.0;1.0;3884.8943;25
641133961;640962348;0.9861136;0.0008938145;-0.0009789724;0.16606687;-89.542015;40.55618;0.60636973;0.0;0.0;0.48890966;0.005150213;5.3992415e-05;-0.00074394135;0.2482159;0.038012378;-0.074814394;0.2611836;-0.00023595181;-0.17247523;0.15640506;-0.0059702923;-0.1788734;0.0;0.0;-1.3334575;0.0002257361;0.00024654556;0.0003144795;78.4118;50.32762;0.016514832;967825.1;915097.75;0.26875153;4.5317134e-07;5.7583134e-07;3.6075173e-07;0.00059225084;0.0008121558;1.6016289e-05;2.0792334e-06;3.855754e-06;3.4391855e-05;1.0455743e-06;1.1932196e-06;3.2316475e-05;1.0;1.0;3895.8118;25
641637622;641466193;0.9856176;0.056289814;0.011277562;0.15894146;-89.41951;40.25919;0.6062653;0.0;0.0;0.5049043;0.0050269295;-2.1703469e-05;-0.00072615035;0.24819428;0.03848655;-0.074935146;0.26121446;-0.00023576515;-0.17247711;0.15641531;-0.0059679914;-0.17888525;0.0;0.0;-1.3334575;0.00022759067;0.00024839785;0.00031563078;78.613525;50.465145;0.016662098;975479.4;921052.06;0.27272153;4.5159229e-07;5.756711e-07;3.6111308e-07;0.000592245;0.0008117783;1.604919e-05;2.0802015e-06;3.855067e-06;3.4383855e-05;1.0447425e-06;1.1932165e-06;3.230615e-05;1.0;1.0;3906.9011;25
642132605;641961042;0.986539;0.0065528564;4.400042e-06;0.163395;-89.404755;40.040813;0.58419895;0.0;0.0;0.46119455;0.00487987;-0.00012016741;-0.0007115687;0.24817275;0.038990587;-0.0750738;0.26125446;-0.00023557401;-0.1724357;0.15642989;-0.0059674326;-0.1789379;0.0;0.0;-1.3334575;0.00022845983;0.00024962498;0.0003155908;78.794556;50.5795;0.016395753;982944.0;926906.75;0.2697324;4.4895268e-07;5.746838e-07;3.607125e-07;0.00059223326;0.0008113404;1.6079988e-05;2.080453e-06;3.8534313e-06;3.4371064e-05;1.0437648e-06;1.1932094e-06;3.2291096e-05;1.0;1.0;3917.7424;25
642636502;642464935;0.98410887;0.002236671;-0.0041971416;0.17750242;-89.3248;39.833534;0.5822865;0.0;0.0;0.4213101;0.004733197;-0.00021508422;-0.0006984666;0.24815902;0.039479755;-0.07521123;0.26129627;-0.00023538708;-0.17239815;0.1564443;-0.0059698075;-0.17898765;0.0;0.0;-1.3334575;0.00022950709;0.00025109202;0.00031573328;78.98511;50.70008;0.016217979;990620.94;932893.9;0.2676288;4.4635917e-07;5.738561e-07;3.6041877e-07;0.0005922261;0.00081090676;1.6111948e-05;2.080869e-06;3.8518847e-06;3.436869e-05;1.0428382e-06;1.1932274e-06;3.2286072e-05;1.0;1.0;3928.757;25
643140397;642968733;0.98438686;0.0019759843;0.0011913495;0.17600356;-89.210106;39.611763;0.5692374;0.0;0.0;0.4033373;0.00460132;-0.00029018836;-0.0006835333;0.24814902;0.039947413;-0.07533018;0.26133132;-0.0002352046;-0.1723744;0.15645513;-0.0059728017;-0.17902383;0.0;0.0;-1.3334575;0.00023098482;0.0002527244;0.00031681833;79.184494;50.839516;0.016293302;998367.06;938912.9;0.27146342;4.443774e-07;5.7370903e-07;3.6077387e-07;0.00059222156;0.0008105266;1.6144257e-05;2.081798e-06;3.8512085e-06;3.4366818e-05;1.0420781e-06;1.1932406e-06;3.2281845e-05;1.0;1.0;3939.7183;25
643635048;643463582;0.9831203;-0.032895967;-0.006401807;0.17986442;-89.19508;39.34828;0.5160338;0.0;0.0;0.35683984;0.004461704;-0.00038883399;-0.00068141904;0.2481534;0.040319324;-0.07544151;0.2613808;-0.00023498983;-0.17224519;0.15647541;-0.005979729;-0.17916375;0.0;0.0;-1.3334575;0.00023213815;0.00025440016;0.00031664572;73.23164;50.97016;0.016097687;914665.6;943766.3;0.26846978;4.4192336e-07;5.731218e-07;3.6041453e-07;0.0005910915;0.00080489996;1.6173359e-05;2.0448372e-06;3.8495086e-06;3.4225985e-05;1.0401907e-06;1.1929997e-06;3.225015e-05;1.0;1.0;3950.4622;25
644139009;643967427;0.97691286;-0.07038839;-0.00916113;0.20150162;-89.1155;39.179596;0.5107897;0.0;0.0;0.2974911;0.00431728;-0.0004931969;-0.0006820318;0.24813521;0.0407024;-0.075554825;0.26142868;-0.00023463479;-0.17206149;0.1564915;-0.005996916;-0.17935981;0.0;0.0;-1.3334575;0.00023346928;0.00025646685;0.00031695768;73.44014;51.10002;0.015840245;921869.6;949827.2;0.26631966;4.393418e-07;5.7252583e-07;3.6025128e-07;0.0005910984;0.0008045321;1.6206808e-05;2.0454945e-06;3.8479807e-06;3.4184686e-05;1.0393076e-06;1.1929686e-06;3.2206113e-05;1.0;1.0;3961.3748;25
644633733;644462276;0.97435105;-0.02301763;-0.005396303;0.223788;-88.98986;39.03733;0.50579834;0.0;0.0;0.26881617;0.004185701;-0.00056877517;-0.00067932706;0.24813229;0.041037817;-0.075668074;0.2614723;-0.00023434153;-0.1719401;0.15650398;-0.0060107387;-0.17949161;0.0;0.0;-1.3334575;0.00023446832;0.0002578345;0.0003179548;73.625786;51.233486;0.01578707;928914.2;955812.4;0.2690142;4.3699023e-07;5.723313e-07;3.6059402e-07;0.0005911009;0.00080421683;1.6238011e-05;2.0463929e-06;3.847242e-06;3.4166045e-05;1.0386452e-06;1.1929445e-06;3.2185293e-05;1.0;1.0;3972.0532;25
645137756;644966121;0.97230345;0.0032674477;-0.00224513;0.23368861;-88.8015;38.80511;0.49891654;0.0;0.0;0.23163171;0.0040671406;-0.0006312703;-0.0006735512;0.2481835;0.041316245;-0.07574086;0.2615164;-0.00023409016;-0.17192021;0.15651667;-0.006020354;-0.17952873;0.0;0.0;-1.3334575;0.00023628278;0.00026069104;0.00031824096;73.86343;51.379597;0.015779927;936333.56;961927.5;0.2669448;4.3480753e-07;5.7205506e-07;3.603882e-07;0.00059111405;0.0008039479;1.6274007e-05;2.0475902e-06;3.845726e-06;3.416517e-05;1.0380173e-06;1.1928527e-06;3.2179163e-05;1.0;1.0;3982.8901;25
645632426;645460969;0.9692675;-0.03128136;-0.012607853;0.24368641;-88.67031;38.685684;0.4722773;0.0;0.0;0.16785255;0.003930611;-0.0007048373;-0.00067292585;0.24821042;0.041559022;-0.07583734;0.26156586;-0.00023379625;-0.17182414;0.15652966;-0.0060347724;-0.17963724;0.0;0.0;-1.3334575;0.00023679975;0.00026214996;0.0003182174;74.05795;51.503468;0.015549437;943489.75;967954.44;0.26388165;4.3179577e-07;5.713763e-07;3.6005278e-07;0.0005911169;0.00080368965;1.630588e-05;2.048257e-06;3.8441335e-06;3.415758e-05;1.0373975e-06;1.1927443e-06;3.2167638e-05;1.0;1.0;3993.4736;25
646136632;645964815;0.96171135;-0.08089164;-0.028109841;0.26034153;-88.54624;38.48242;0.45756677;0.0;0.0;0.14060935;0.003797368;-0.0007989078;-0.00069047336;0.24818684;0.04163097;-0.07593818;0.26162583;-0.00023326061;-0.17148577;0.1565451;-0.006062991;-0.17997915;0.0;0.0;-1.3334575;0.00023806244;0.0002639339;0.0003185399;74.26207;51.647297;0.015535919;950829.44;974130.06;0.2675128;4.294592e-07;5.7089284e-07;3.5995043e-07;0.0005911242;0.0008034936;1.6338932e-05;2.048882e-06;3.842635e-06;3.4096058e-05;1.0367985e-06;1.1925218e-06;3.2101627e-05;1.0;1.0;4004.2405;25
646640068;646468707;0.9590185;-0.09264251;-0.032682;0.26576808;-88.35859;38.2846;0.44459632;0.0;0.0;0.09627687;0.003665602;-0.0008798952;-0.0007036482;0.24815547;0.041695736;-0.076030776;0.26167965;-0.0002327069;-0.17115198;0.15655692;-0.006089739;-0.18031488;0.0;0.0;-1.3334575;0.00023906257;0.00026597417;0.00031960144;74.48189;51.785507;0.0154615445;958259.9;980323.2;0.26540408;4.2689177e-07;5.711743e-07;3.604418e-07;0.0005911359;0.0008033448;1.6373047e-05;2.0500393e-06;3.8419976e-06;3.403211e-05;1.0363073e-06;1.1923022e-06;3.203307e-05;1.0;1.0;4014.916;25
647135095;646963556;0.96100134;-0.064795904;-0.025910273;0.26759404;-88.212364;38.111084;0.4135031;0.0;0.0;0.03051135;0.0035323263;-0.00096730917;-0.0007222318;0.24814443;0.041633353;-0.07611074;0.26173988;-0.0002321288;-0.17082746;0.15657087;-0.0061159516;-0.18064095;0.0;0.0;-1.3334575;0.00024014342;0.0002682968;0.00031976445;74.708435;51.92079;0.015333136;965635.3;986431.75;0.26243797;4.24254e-07;5.708984e-07;3.6027723e-07;0.00059115054;0.0008032417;1.6407348e-05;2.0508307e-06;3.840425e-06;3.397698e-05;1.0357749e-06;1.1920619e-06;3.1971787e-05;1.0;1.0;4025.3662;25
647639097;647467354;0.9602589;-0.060591917;-0.021347107;0.27161705;-88.015274;37.959686;0.39066523;0.0;0.0;-0.016279954;0.0033988948;-0.0010453344;-0.0007357666;0.24813879;0.04151558;-0.076213226;0.2618015;-0.0002316599;-0.17059577;0.15658504;-0.006136909;-0.18087628;0.0;0.0;-1.3334575;0.00024011794;0.0002693236;0.00031983873;74.899284;52.04071;0.015221984;973023.06;992681.8;0.2603481;4.2105395e-07;5.7043525e-07;3.6009095e-07;0.0005911533;0.0008031347;1.6438886e-05;2.0513803e-06;3.838941e-06;3.3944023e-05;1.0352484e-06;1.1918655e-06;3.1934687e-05;1.0;1.0;4035.9612;25
648142779;647971199;0.9646937;-0.02158347;-0.007951427;0.26236823;-87.79893;37.810707;0.3894781;0.0;0.0;-0.044181492;0.0032907112;-0.0011039665;-0.00074411737;0.24815844;0.04134473;-0.0762775;0.2618511;-0.00023132756;-0.17046833;0.15659663;-0.0061506885;-0.18100889;0.0;0.0;-1.3334575;0.00024118027;0.00027122692;0.00032092814;75.12176;52.1874;0.01526313;980562.25;998965.6;0.2639748;4.1896396e-07;5.7082394e-07;3.6055468e-07;0.0005911642;0.00080306496;1.6472555e-05;2.052649e-06;3.8383205e-06;3.3930617e-05;1.0348173e-06;1.1917255e-06;3.1916647e-05;1.0;1.0;4046.4827;25
648637629;648466048;0.9690519;-0.02841199;-0.0039675934;0.24518459;-87.5783;37.691097;0.3615651;0.0;0.0;-0.09550667;0.0031689748;-0.0011628353;-0.00074486353;0.24820518;0.041082248;-0.07636518;0.26190853;-0.00023102797;-0.17040339;0.15661079;-0.006161388;-0.18107566;0.0;0.0;-1.3334575;0.00024051616;0.0002717212;0.0003206815;75.27069;48.680508;0.015101411;986922.3;913785.4;0.26104194;4.1555168e-07;5.703307e-07;3.6017025e-07;0.00059086125;0.00080227933;1.6500642e-05;2.0528048e-06;3.836737e-06;3.3925353e-05;1.034277e-06;1.1915729e-06;3.1908246e-05;1.0;1.0;4056.794;25
649132300;648960896;0.9696481;-0.05586546;-0.009205891;0.23785895;-87.3751;37.51281;0.3609594;0.0;0.0;-0.122420214;0.0030645465;-0.0012304247;-0.0007540634;0.24826281;0.04070303;-0.07642242;0.26196793;-0.00023070253;-0.17029555;0.15662824;-0.0061717285;-0.18118209;0.0;0.0;-1.3334575;0.00024171609;0.0002739829;0.00032086158;75.50219;48.82467;0.015103428;994429.25;919447.8;0.26383868;4.1347354e-07;5.7027603e-07;3.599653e-07;0.0005908728;0.0008021812;1.6534397e-05;2.0537086e-06;3.8351905e-06;3.391559e-05;1.0336825e-06;1.1915159e-06;3.1893564e-05;1.0;1.0;4067.0293;25
649636295;649464741;0.9680587;-0.06298668;-0.017682701;0.24203797;-87.17029;37.37126;0.3467771;0.0;0.0;-0.1682193;0.002954209;-0.0012953455;-0.00075784646;0.24829447;0.040294774;-0.07648417;0.26202235;-0.00023033778;-0.17016351;0.15664312;-0.006182929;-0.1813101;0.0;0.0;-1.3334575;0.00024147362;0.0002749263;0.00032156537;69.91321;48.934685;0.014949877;910931.1;924482.56;0.26184657;4.107084e-07;5.707332e-07;3.6034228e-07;0.00058991223;0.0007972142;1.6561698e-05;2.0205982e-06;3.834521e-06;3.378482e-05;1.0322326e-06;1.191225e-06;3.186168e-05;1.0;1.0;4077.406;25
650139988;649968587;0.95813954;-0.13136564;-0.035745744;0.25186124;-86.99806;37.191505;0.32180917;0.0;0.0;-0.22812638;0.0028345054;-0.0013823793;-0.00077301095;0.24829313;0.03975848;-0.07654743;0.26208913;-0.00022963203;-0.16983289;0.15666197;-0.0062052864;-0.1816305;0.0;0.0;-1.3334575;0.0002419057;0.000276759;0.00032173644;70.13273;49.059505;0.014841206;917903.7;930296.8;0.25988537;4.08031e-07;5.7075334e-07;3.6025813e-07;0.00058992236;0.0007970305;1.6594668e-05;2.0213365e-06;3.833067e-06;3.3710952e-05;1.0316364e-06;1.1910784e-06;3.1782212e-05;1.0;1.0;4087.71;25
650634815;650463435;0.9387676;-0.22110969;-0.058590796;0.2576684;-86.924545;36.916065;0.299411;0.0;0.0;-0.27066836;0.002707576;-0.0015018093;-0.0007915471;0.24814583;0.03924742;-0.07665008;0.26215965;-0.00022804935;-0.1690319;0.15667923;-0.0062577343;-0.18240814;0.0;0.0;-1.3334575;0.00024221484;0.0002777189;0.00032186296;70.323105;49.1816;0.014984745;924653.6;936038.94;0.26262245;4.0558456e-07;5.706366e-07;3.603272e-07;0.0005899139;0.000796783;1.6624757e-05;2.0214866e-06;3.831545e-06;3.341363e-05;1.0310318e-06;1.1905055e-06;3.1480326e-05;1.0;1.0;4097.819;25
651139159;650967327;0.930285;-0.25008497;-0.06086945;0.26138553;-86.91302;36.652874;0.2739949;0.0;0.0;-0.34633106;0.0025729137;-0.0016427231;-0.00079829973;0.24792218;0.0386298;-0.0767605;0.2622279;-0.00022566838;-0.16794811;0.15669172;-0.0063346466;-0.18345453;0.0;0.0;-1.3334575;0.00024173345;0.00027807083;0.00032191546;70.50487;49.281815;0.015032794;931445.94;941907.0;0.2606236;4.025608e-07;5.70612e-07;3.6062923e-07;0.0005898845;0.0007963749;1.6653732e-05;2.0213254e-06;3.8301055e-06;3.290053e-05;1.0304124e-06;1.189497e-06;3.096447e-05;1.0;1.0;4108.055;25
651642759;651471126;0.93198365;-0.22477467;-0.06718459;0.27634987;-86.87839;36.402843;0.23444366;0.0;0.0;-0.41520745;0.002458072;-0.0017599653;-0.00080268225;0.24775106;0.03797154;-0.07684569;0.26228735;-0.00022355556;-0.16705868;0.1567021;-0.00639802;-0.18430719;0.0;0.0;-1.3334575;0.00024157537;0.00027885358;0.00032280266;70.704895;49.38886;0.015130368;938313.2;947804.1;0.2588856;4.0000003e-07;5.712997e-07;3.615477e-07;0.00058986887;0.0007957478;1.6683553e-05;2.021731e-06;3.8295243e-06;3.2495915e-05;1.0299315e-06;1.1887032e-06;3.055616e-05;1.0;1.0;4118.268;25
652137656;651965974;0.931321;-0.2138064;-0.0678092;0.28693193;-86.82778;36.092648;0.20619582;0.0;0.0;-0.4857981;0.0023388478;-0.0018834899;-0.0008165695;0.24756938;0.037261557;-0.07694514;0.26235414;-0.00022127078;-0.16613938;0.15671358;-0.0064611686;-0.18518734;0.0;0.0;-1.3334575;0.00024111214;0.0002794035;0.00032297653;70.88313;49.479355;0.015325461;945020.4;953626.7;0.25654578;3.9730054e-07;5.714327e-07;3.6190482e-07;0.00058985455;0.000794748;1.6711563e-05;2.0214904e-06;3.8280227e-06;3.212047e-05;1.0294352e-06;1.1879441e-06;3.0175039e-05;1.0;1.0;4128.2983;25
652632709;652460821;0.95556027;-0.031854726;-0.0014466231;0.29306626;-86.67638;35.821217;0.19461057;0.0;0.0;-0.54433835;0.0022540735;-0.0019605514;-0.00083169126;0.24752907;0.03650074;-0.0769878;0.26241773;-0.00021990713;-0.16565938;0.15672745;-0.0064954455;-0.18564627;0.0;0.0;-1.3334575;0.00024225631;0.0002815975;0.00032333672;71.10078;49.604305;0.015608425;951934.06;959475.06;0.25990462;3.9584742e-07;5.718854e-07;3.621674e-07;0.0005898606;0.0007934608;1.6743388e-05;2.0218679e-06;3.8265234e-06;3.1937932e-05;1.0290137e-06;1.1874882e-06;2.9983199e-05;1.0;1.0;4138.2812;25
653136212;652964667;0.9549541;0.0125589715;0.001418286;0.2964846;-86.34913;35.6617;0.18908125;0.0;0.0;-0.5803351;0.0021971683;-0.0019748458;-0.00083717884;0.24761131;0.035678804;-0.07698642;0.26246718;-0.00021973596;-0.16567342;0.15673998;-0.0065018474;-0.1856309;0.0;0.0;-1.3334575;0.00024280355;0.00028395772;0.00032406865;71.32753;49.717777;0.015335801;958999.1;965457.94;0.25887692;3.9417463e-07;5.729297e-07;3.625723e-07;0.0005898736;0.0007914815;1.6775644e-05;2.0230289e-06;3.8259645e-06;3.1910724e-05;1.0287264e-06;1.1871422e-06;2.994811e-05;1.0;1.0;4148.3833;25
653639997;653468512;0.95469594;0.0054447753;0.00068773085;0.29753235;-86.058235;35.505337;0.1781118;0.0;0.0;-0.60466725;0.0021425714;-0.001982603;-0.0008415304;0.24768691;0.034917418;-0.07699597;0.26251504;-0.0002196213;-0.16573039;0.1567526;-0.0065078493;-0.18558004;0.0;0.0;-1.3334575;0.00024311297;0.00028601606;0.00032365043;71.53825;49.822468;0.014970303;966007.8;971463.94;0.25758022;3.923345e-07;5.734445e-07;3.6225265e-07;0.0005898802;0.00078899896;1.6806416e-05;2.0236737e-06;3.8245557e-06;3.18655e-05;1.0284078e-06;1.1866288e-06;2.9895207e-05;1.0;1.0;4158.3843;25
654134946;653963360;0.9534982;0.015374812;0.0021988992;0.3009986;-85.74112;35.382164;0.19987305;0.0;0.0;-0.6136674;0.0020963443;-0.0019801906;-0.00084083935;0.24776995;0.034210257;-0.07700422;0.26256505;-0.00021950774;-0.16577058;0.15676713;-0.0065173367;-0.1855518;0.0;0.0;-1.3334575;0.00024348525;0.00028758607;0.0003232776;71.72906;49.93066;0.014740955;972875.5;977391.5;0.26064438;3.9082855e-07;5.7383306e-07;3.6190104e-07;0.000589882;0.00078647916;1.6835025e-05;2.0241882e-06;3.8230787e-06;3.182644e-05;1.0280728e-06;1.1861591e-06;2.9851108e-05;1.0;1.0;4168.162;25
654638582;654467205;0.9531226;0.052781317;0.012396559;0.2976874;-85.37816;35.225044;0.19246225;0.0;0.0;-0.62240493;0.0020496715;-0.0019731817;-0.0008341069;0.24784291;0.03347282;-0.07701567;0.26261094;-0.00021939093;-0.16578977;0.15677945;-0.006527404;-0.18553807;0.0;0.0;-1.3334575;0.00024311921;0.00028871233;0.00032367752;71.91439;50.01976;0.014458021;979793.25;983448.7;0.2587444;3.889565e-07;5.7475836e-07;3.6214615e-07;0.00058988226;0.0007834485;1.6862217e-05;2.0249522e-06;3.8225294e-06;3.178352e-05;1.0277942e-06;1.1857194e-06;2.9804833e-05;1.0;1.0;4178.0103;25
655142462;654971098;0.9535131;0.04748585;0.015222726;0.2971973;-84.98085;35.127575;0.20384164;0.0;0.0;-0.6358592;0.0020091876;-0.0019610242;-0.000825376;0.24792136;0.032617226;-0.07700363;0.2626556;-0.00021921801;-0.16580866;0.15679175;-0.0065396545;-0.18552724;0.0;0.0;-1.3334575;0.00024330552;0.00029054293;0.00032312653;72.11348;50.114136;0.0140868835;986802.7;989531.2;0.25666428;3.8733708e-07;5.753846e-07;3.6176598e-07;0.0005898823;0.0007803832;1.6890972e-05;2.0255288e-06;3.8211388e-06;3.171302e-05;1.0274847e-06;1.1851197e-06;2.9730514e-05;1.0;1.0;4187.7754;25
655637293;655465946;0.952475;0.09164474;0.03093517;0.2888525;-84.52972;34.949425;0.2065212;0.0;0.0;-0.60835016;0.0019867204;-0.0019302696;-0.0007857156;0.2479036;0.03215329;-0.07701982;0.26268014;-0.00021857518;-0.16567409;0.15679866;-0.006567178;-0.18568136;0.0;0.0;-1.3334575;0.00024317906;0.00029136727;0.00032196753;72.29225;50.213753;0.014002132;993668.6;995534.0;0.25884795;3.858966e-07;5.758549e-07;3.611248e-07;0.0005898548;0.0007776992;1.6916756e-05;2.02609e-06;3.8196786e-06;3.151817e-05;1.0271754e-06;1.1841084e-06;2.9538463e-05;1.0;1.0;4197.3125;25
656132152;655960794;0.94606185;0.1595846;0.04915068;0.27764007;-84.35301;35.115307;0.33572915;0.0;0.0;-0.60741156;0.0019485975;-0.0019193521;-0.0007745369;0.2479738;0.03139623;-0.07700548;0.26272085;-0.00021837735;-0.16567379;0.15681021;-0.0065783733;-0.18568586;0.0;0.0;-1.3334575;0.00024298235;0.00029264376;0.00032224623;72.46884;46.914078;0.013166939;999959.5;910507.06;0.25536343;3.843594e-07;5.769396e-07;3.6130336e-07;0.0005895995;0.00077477546;1.6941945e-05;2.026762e-06;3.819047e-06;3.146468e-05;1.0268795e-06;1.1836726e-06;2.9483617e-05;1.0;1.0;4206.747;25
656636234;656464592;0.9617971;-0.019088132;-0.016651914;0.27258885;-83.72579;34.766685;0.26846933;0.0;0.0;-0.58099395;0.0019429912;-0.0018866106;-0.00073602545;0.24800536;0.030704882;-0.07695785;0.26274487;-0.00021749649;-0.16542915;0.15681802;-0.006610459;-0.18593957;0.0;0.0;-1.3334575;0.00024406634;0.00029541738;0.0003213863;67.25237;47.011986;0.013279328;915747.94;915592.2;0.2528645;3.836001e-07;5.7804306e-07;3.6087832e-07;0.0005895947;0.0007727884;1.6975893e-05;1.9971515e-06;3.8176177e-06;3.1144926e-05;1.0256839e-06;1.1824435e-06;2.9254494e-05;1.0;1.0;4216.251;25
657139839;656968437;0.9250837;-0.2590203;-0.06633786;0.2696813;-83.411964;34.31882;0.37451175;0.0;0.0;-0.5533306;0.0018895409;-0.0019140466;-0.00075107015;0.248077;0.030238306;-0.07695461;0.2628012;-0.00021712718;-0.16526465;0.15683667;-0.006626181;-0.18610723;0.0;0.0;-1.3334575;0.00024590894;0.00029844916;0.00032157535;67.483986;47.14031;0.013695376;922508.4;921215.3;0.2556628;3.8311185e-07;5.7907914e-07;3.6082795e-07;0.0005896172;0.00077151164;1.700975e-05;1.9980992e-06;3.8162475e-06;3.108812e-05;1.0252703e-06;1.1821546e-06;2.919034e-05;1.0;1.0;4225.6665;25
657634939;657463285;0.9524146;0.01001028;0.0010688072;0.30463958;-83.47019;34.330845;0.24702266;0.0;0.0;-0.57839;0.0018303331;-0.0019567856;-0.00075910875;0.24810177;0.02981158;-0.07694358;0.26285887;-0.00021638203;-0.16494313;0.15685228;-0.006653145;-0.18642645;0.0;0.0;-1.3334575;0.000248295;0.00030287955;0.0003218545;67.76854;47.284348;0.013185434;929286.3;926757.56;0.25224915;3.8266575e-07;5.8028706e-07;3.6094488e-07;0.00058964855;0.00077056553;1.7047072e-05;1.9990673e-06;3.8148e-06;3.0951884e-05;1.0248932e-06;1.1817053e-06;2.9040992e-05;1.0;1.0;4234.8926;25
658138630;657967130;0.94074017;-0.14021006;-0.052194428;0.3043433;-83.16144;34.101482;0.26516426;0.0;0.0;-0.57657766;0.0017726825;-0.0019615837;-0.00077087636;0.24814999;0.029338274;-0.07695354;0.2629052;-0.00021623122;-0.16488975;0.15686521;-0.0066625555;-0.18648578;0.0;0.0;-1.3334575;0.0002489146;0.00030500596;0.0003226497;67.998505;47.39659;0.013221439;936077.5;932424.1;0.25007704;3.816557e-07;5.8159526e-07;3.613875e-07;0.0005896642;0.0007692216;1.7076654e-05;2.000343e-06;3.8142837e-06;3.0935644e-05;1.0246297e-06;1.1814341e-06;2.9019211e-05;1.0;1.0;4244.2144;25
658642549;658470975;0.9198226;-0.22780538;-0.07527475;0.31042716;-83.19016;33.915173;0.24041618;0.0;0.0;-0.58454436;0.0016749112;-0.0020221318;-0.00079989946;0.24801879;0.029285382;-0.07704387;0.26295957;-0.00021519141;-0.16429473;0.15687783;-0.006698471;-0.18707456;0.0;0.0;-1.3334575;0.00024894538;0.00030511862;0.00032279134;68.1874;47.50791;0.013282851;942771.0;938113.5;0.25300115;3.8032144e-07;5.8215886e-07;3.615065e-07;0.00058966305;0.0007680666;1.7100072e-05;2.0005161e-06;3.8129358e-06;3.076808e-05;1.0242625e-06;1.1809179e-06;2.8840348e-05;1.0;1.0;4253.531;25
659137594;658965823;0.92779046;-0.18786302;-0.061145607;0.3165024;-83.416016;33.75069;0.14499907;0.0;0.0;-0.6125969;0.0015888239;-0.0021090675;-0.000813203;0.24783404;0.029119626;-0.077100225;0.26300102;-0.00021336338;-0.16345872;0.1568834;-0.006758564;-0.1878902;0.0;0.0;-1.3334575;0.00024950874;0.0003066107;0.00032287987;68.41548;47.619858;0.013065202;949447.3;943721.7;0.25022903;3.7912756e-07;5.8298997e-07;3.6183877e-07;0.0005896507;0.00076693366;1.7127215e-05;2.0006469e-06;3.8115102e-06;3.0392297e-05;1.0238878e-06;1.1799646e-06;2.8448765e-05;1.0;1.0;4262.6675;25
659632251;659460671;0.9443508;-0.047220394;-0.038949575;0.32319477;-83.312256;33.538124;0.19460467;0.0;0.0;-0.62080294;0.001523243;-0.00214129;-0.00083546934;0.24780156;0.029003471;-0.07714664;0.26304165;-0.00021287195;-0.16323827;0.15689255;-0.006772794;-0.18811229;0.0;0.0;-1.3334575;0.00024941488;0.00030750455;0.00032366888;68.61708;47.71186;0.013039595;956137.8;949354.3;0.24764736;3.7792375e-07;5.841315e-07;3.6239723e-07;0.00058966345;0.0007657629;1.7151977e-05;2.0014634e-06;3.81093e-06;3.0341886e-05;1.0236296e-06;1.1796952e-06;2.8389806e-05;1.0;1.0;4271.8027;25
660136074;659964563;0.945314;0.020436553;-0.033257123;0.3238176;-83.19533;33.212006;0.09855572;0.0;0.0;-0.6310972;0.0014686495;-0.0021392542;-0.0008715302;0.24789758;0.028714044;-0.07715828;0.26309478;-0.0002130518;-0.16329746;0.15690455;-0.006778161;-0.18806677;0.0;0.0;-1.3334575;0.00025097173;0.00030985466;0.00032274774;68.866356;47.862064;0.01334654;963119.3;955118.0;0.25118017;3.7763712e-07;5.852253e-07;3.6213189e-07;0.00058967946;0.0007647493;1.7182434e-05;2.002315e-06;3.809597e-06;3.0218918e-05;1.0234695e-06;1.1788528e-06;2.8254566e-05;1.0;1.0;4281.0703;25
660639964;660468361;0.9505936;-0.011399894;0.045980707;0.30680257;-82.70307;33.213642;0.20513514;0.0;0.0;-0.62610775;0.0014453242;-0.0020872303;-0.00086339575;0.24791512;0.02861059;-0.07717952;0.26311782;-0.00021299593;-0.16326931;0.15692177;-0.006791778;-0.18812968;0.0;0.0;-1.3334575;0.00024926526;0.00030904316;0.00032251966;69.0217;47.929844;0.01302808;969861.6;960896.8;0.24932356;3.7590698e-07;5.8569236e-07;3.6187168e-07;0.00058966;0.0007634081;1.7201304e-05;2.0029197e-06;3.8082662e-06;3.0161553e-05;1.0230465e-06;1.1785173e-06;2.8203875e-05;1.0;1.0;4290.257;25
661134834;660963209;0.95730853;0.002751756;0.015207249;0.288655;-82.44992;33.1169;0.18600674;0.0;0.0;-0.6352678;0.0013960015;-0.0020672951;-0.0008555249;0.24799348;0.02842034;-0.077224486;0.26316145;-0.00021286667;-0.16326746;0.15693453;-0.0068022483;-0.18813927;0.0;0.0;-1.3334575;0.00024810905;0.00030867875;0.00032278267;69.20393;48.013813;0.012923616;976552.3;966601.2;0.2467036;3.7451468e-07;5.8670514e-07;3.620717e-07;0.00058965397;0.0007621382;1.7221062e-05;2.0037883e-06;3.807703e-06;3.0133708e-05;1.0227566e-06;1.1781979e-06;2.8176675e-05;1.0;1.0;4299.2334;25
661638602;661467055;0.97453487;-0.012104191;0.002626032;0.22389407;-82.23372;32.972515;0.1807032;0.0;0.0;-0.6324801;0.0013480844;-0.0020584066;-0.0008541819;0.2480819;0.028285773;-0.07726808;0.26320967;-0.00021274053;-0.16328366;0.15695164;-0.00681005;-0.18813707;0.0;0.0;-1.3334575;0.00024798786;0.00030885317;0.00032243252;69.402794;48.126522;0.01298545;983469.6;972428.56;0.24986759;3.736578e-07;5.8747474e-07;3.6179935e-07;0.0005896488;0.0007610605;1.7242946e-05;2.0044424e-06;3.8063822e-06;3.010692e-05;1.0223202e-06;1.1779282e-06;2.8149216e-05;1.0;1.0;4308.291;25
662142452;661970898;0.9970408;-0.008817396;0.0003595704;0.076366045;-82.22415;32.79115;0.17013168;0.0;0.0;-0.6317593;0.0012857972;-0.0020907528;-0.00084918796;0.24816927;0.028237484;-0.07733709;0.26326257;-0.00021255712;-0.16331822;0.15697305;-0.0067991107;-0.18810177;0.0;0.0;-1.3334575;0.00024677397;0.00030821175;0.00032184273;69.59783;48.209698;0.012841125;990338.6;978276.94;0.24793287;3.7225075e-07;5.8813754e-07;3.6141853e-07;0.00058963586;0.0007599169;1.7261511e-05;2.0046673e-06;3.8050705e-06;3.0086072e-05;1.0213595e-06;1.1776879e-06;2.8128654e-05;1.0;1.0;4317.331;25
662637295;662465746;0.9944056;0.0017964068;-0.0017370026;-0.10559963;-82.42079;32.56983;0.17783146;0.0;0.0;-0.65178937;0.0011986891;-0.002177885;-0.0008467295;0.2482358;0.028250786;-0.07743318;0.2633194;-0.00021252583;-0.16341127;0.15699539;-0.006748013;-0.18798119;0.0;0.0;-1.3334575;0.00024463036;0.0003067853;0.00032174555;69.808815;48.279175;0.01266696;997076.3;984040.56;0.24516396;3.7087563e-07;5.891175e-07;3.6145798e-07;0.00058961665;0.00075885357;1.7277813e-05;2.0046505e-06;3.8045168e-06;3.0065099e-05;1.0196226e-06;1.1768748e-06;2.8109118e-05;1.0;1.0;4326.206;25
663132271;662960594;0.9577845;0.013546166;-0.017701935;-0.28662193;-83.0254;32.198185;0.17731579;0.0;0.0;-0.6538502;0.0010858633;-0.0023606785;-0.0008813603;0.24829674;0.028420167;-0.07755705;0.26339722;-0.00021311156;-0.16367544;0.1570319;-0.0066119535;-0.1876655;0.0;0.0;-1.3334575;0.00024192777;0.0003042456;0.0003204254;64.86859;48.338974;0.01252515;912640.5;989413.2;0.24722826;3.6992452e-07;5.8982323e-07;3.6082142e-07;0.00058891415;0.0007543517;1.7289092e-05;1.9752836e-06;3.8030926e-06;2.9956433e-05;1.015468e-06;1.1740258e-06;2.8080152e-05;1.0;1.0;4335.1323;25
663635960;663464439;0.93945277;0.012866615;-0.0054673017;-0.34239334;-83.82416;31.751812;0.172532;0.0;0.0;-0.6677074;0.0009580894;-0.0025904735;-0.00095749204;0.24835575;0.028581182;-0.0776748;0.26347592;-0.00021438832;-0.1640267;0.1570816;-0.006414248;-0.18723664;0.0;0.0;-1.3334575;0.0002384628;0.0003025729;0.00031889437;65.14439;48.416027;0.0122716;919054.7;995327.56;0.24505435;3.691996e-07;5.909736e-07;3.6017784e-07;0.00058889465;0.0007535849;1.730926e-05;1.9732595e-06;3.8017997e-06;2.9932775e-05;1.0109853e-06;1.1697857e-06;2.8055709e-05;1.0;1.0;4344.33;25
664140045;663968331;0.9641117;0.00044974464;-0.0013189286;-0.26549354;-84.59778;31.326004;0.16938417;0.0;0.0;-0.68085444;0.0008523819;-0.002810354;-0.001011548;0.24842586;0.028627336;-0.07777179;0.26356;-0.00021529073;-0.16430813;0.15711886;-0.0062449984;-0.18688023;0.0;0.0;-1.3334575;0.00023576326;0.00030143672;0.00031754607;65.424355;45.312847;0.012014122;925204.7;910237.75;0.24277127;3.6874326e-07;5.9237834e-07;3.5958303e-07;0.00058866065;0.00075262773;1.7329054e-05;1.9715535e-06;3.8005026e-06;2.990943e-05;1.0071105e-06;1.1662186e-06;2.8031202e-05;1.0;1.0;4353.6235;25
664634689;664463178;0.98974264;0.0019452006;0.0031000855;-0.14281517;-85.143105;30.926594;0.1887088;0.0;0.0;-0.6690289;0.0007919701;-0.002970704;-0.0010213556;0.24849004;0.028559797;-0.0778284;0.26363018;-0.00021546968;-0.16446407;0.15713489;-0.0061502303;-0.18667622;0.0;0.0;-1.3334575;0.00023558778;0.0003024461;0.0003177014;65.72905;45.439682;0.011916998;931773.8;915564.1;0.24460998;3.692647e-07;5.943545e-07;3.597553e-07;0.0005886608;0.00075223076;1.735603e-05;1.9715242e-06;3.7999775e-06;2.9894381e-05;1.0046957e-06;1.1643532e-06;2.8014372e-05;1.0;1.0;4362.88;25
665138437;664966976;0.9994541;-0.0032046554;-0.0005283978;0.032878537;-85.57856;30.585392;0.19107668;0.0;0.0;-0.6561964;0.00074823963;-0.003100478;-0.0009955439;0.24856609;0.028442081;-0.07787353;0.26369518;-0.0002150694;-0.16450039;0.1571471;-0.0061032693;-0.18660545;0.0;0.0;-1.3334575;0.00023590692;0.0003039624;0.0003172409;66.01454;45.560524;0.011713752;938508.3;921000.5;0.24223793;3.6947003e-07;5.9600325e-07;3.593983e-07;0.00058866217;0.00075187057;1.7382608e-05;1.9717506e-06;3.7987008e-06;2.9882744e-05;1.0030291e-06;1.1635968e-06;2.8000626e-05;1.0;1.0;4372.3525;25
665642225;665470821;0.9730926;-0.071766995;-0.01806634;0.21820645;-85.666214;30.376911;0.19948415;0.0;0.0;-0.6607174;0.0007193869;-0.0031510345;-0.0009609561;0.24867073;0.028234296;-0.07786833;0.26374608;-0.0002144946;-0.16446796;0.15716235;-0.0061027277;-0.18663536;0.0;0.0;-1.3334575;0.00023738318;0.000307025;0.00031728012;66.30284;45.704506;0.011557955;945401.2;926461.4;0.24002002;3.7012484e-07;5.977119e-07;3.5919587e-07;0.0005886742;0.00075166783;1.7413846e-05;1.972921e-06;3.7974346e-06;2.9874898e-05;1.002315e-06;1.1635368e-06;2.7988546e-05;1.0;1.0;4381.8706;25
666137211;665965668;0.91753674;-0.05696635;-0.029275969;0.39245927;-85.61828;30.240162;0.16367215;0.0;0.0;-0.66558135;0.00069088454;-0.0031560704;-0.00095586415;0.2487415;0.028129756;-0.07785211;0.2637832;-0.00021411688;-0.16439718;0.15717143;-0.006113788;-0.18671522;0.0;0.0;-1.3334575;0.00023910067;0.00031016298;0.00031831826;66.58481;45.875713;0.011556291;952256.75;931846.1;0.24182385;3.7120546e-07;5.996879e-07;3.59654e-07;0.0005886938;0.00075154117;1.7445798e-05;1.9746562e-06;3.7969196e-06;2.9868213e-05;1.0020549e-06;1.1630981e-06;2.7973749e-05;1.0;1.0;4391.2104;25
666631952;666460516;0.8407263;-0.04443368;-0.036393825;0.5384054;-85.46273;30.128336;0.16012521;0.0;0.0;-0.68196684;0.00065118267;-0.0031401902;-0.000986375;0.24876341;0.02814728;-0.077838354;0.26384214;-0.0002138871;-0.16431163;0.15716328;-0.0061213695;-0.18682736;0.0;0.0;-1.3334575;0.00023904111;0.00031223265;0.0003180539;66.83075;46.023457;0.011483362;959112.0;937251.9;0.2390185;3.7174516e-07;6.012358e-07;3.5940892e-07;0.0005887094;0.00075139065;1.7474937e-05;1.9757042e-06;3.7955854e-06;2.984415e-05;1.0016639e-06;1.1611451e-06;2.7938713e-05;1.0;1.0;4400.54;25
667135771;666964361;0.75668377;-0.05632641;-0.058893096;0.64868224;-85.349236;29.960835;0.107915126;0.0;0.0;-0.7014895;0.00060417544;-0.0031330043;-0.0010474193;0.2487242;0.028209353;-0.077819645;0.26391816;-0.00021375371;-0.16424371;0.15712787;-0.0061173267;-0.18692307;0.0;0.0;-1.3334575;0.00023850694;0.00031460536;0.00031767722;67.097786;46.192898;0.0114580495;966182.3;942775.94;0.23715247;3.7267506e-07;6.030934e-07;3.592489e-07;0.0005887282;0.0007513285;1.7507951e-05;1.9765032e-06;3.794332e-06;2.9802206e-05;1.0008575e-06;1.1573974e-06;2.788284e-05;1.0;1.0;4409.9663;25
667639745;667468205;0.6795329;-0.04527404;-0.051973574;0.7304;-85.34878;29.719557;0.10381171;0.0;0.0;-0.7272311;0.0005532632;-0.0031425834;-0.0011061155;0.24864317;0.028354954;-0.077819765;0.26399037;-0.00021357903;-0.16419385;0.15707952;-0.0061084735;-0.18699232;0.0;0.0;-1.3334575;0.0002368342;0.00031611827;0.00031786482;67.36612;46.35828;0.011487802;973273.0;948322.1;0.23548637;3.736581e-07;6.0546074e-07;3.59671e-07;0.00058874406;0.00075126224;1.7539878e-05;1.97728e-06;3.7939112e-06;2.9744348e-05;1.0000057e-06;1.1528292e-06;2.7811087e-05;1.0;1.0;4419.368;25
668134489;667963053;0.608905;-0.03602653;-0.1050091;0.78543603;-85.54615;29.424778;0.06533738;0.0;0.0;-0.7620763;0.00049130584;-0.003169126;-0.0011714457;0.24849547;0.028593048;-0.07783863;0.2640767;-0.00021315567;-0.1640875;0.15700954;-0.00610263;-0.18711805;0.0;0.0;-1.3334575;0.00023489815;0.00031720687;0.0003166558;67.62842;46.540554;0.011694716;980275.06;953799.0;0.23787203;3.7482107e-07;6.0771697e-07;3.5943404e-07;0.0005887553;0.0007512062;1.7571767e-05;1.9768738e-06;3.792596e-06;2.9620669e-05;1.0000033e-06;1.1461444e-06;2.7668746e-05;1.0;1.0;4428.6216;25
668638303;668466945;0.5677192;0.05772032;0.060601678;0.81895703;-85.19528;29.208982;0.05250129;0.0;0.0;-0.8156914;0.00045694868;-0.0031319417;-0.0012474107;0.24844544;0.028661452;-0.07780848;0.2641701;-0.00021348121;-0.16422611;0.15696082;-0.006051726;-0.18701525;0.0;0.0;-1.3334575;0.00023154198;0.00031798275;0.00031572956;67.88543;46.698364;0.011732388;987439.25;959391.44;0.23660006;3.7575538e-07;6.1025526e-07;3.5930228e-07;0.000588764;0.00075113605;1.7603148e-05;1.9764746e-06;3.7913624e-06;2.9571738e-05;1.0000016e-06;1.1399798e-06;2.7619539e-05;1.0;1.0;4437.997;25
669142506;668970742;0.52946603;0.050666865;0.019193353;0.8465993;-84.68384;29.260424;0.13406038;0.0;0.0;-0.8692031;0.00043609345;-0.0030651283;-0.0013380541;0.24837397;0.028705506;-0.07775441;0.26425967;-0.00021391909;-0.16427113;0.15692683;-0.005985639;-0.18701357;0.0;0.0;-1.3334575;0.00022750457;0.00031876206;0.00031486136;68.139275;46.85154;0.011481384;994652.44;965008.3;0.23539029;3.767392e-07;6.1308987e-07;3.5919527e-07;0.00058875885;0.0007510721;1.7634991e-05;1.9759825e-06;3.7901395e-06;2.9454628e-05;1e-06;1.1341593e-06;2.7515647e-05;1.0;1.0;4447.2896;25
669637046;669465589;0.50827825;0.025789555;0.024441002;0.8604596;-84.591324;28.573051;-0.08100435;0.0;0.0;-0.91711956;0.00040831504;-0.003045109;-0.0013992452;0.24852411;0.028670985;-0.07774003;0.26434326;-0.00021482204;-0.16500269;0.15687282;-0.005924129;-0.18630251;0.0;0.0;-1.3334575;0.00022439164;0.00031878703;0.00031296693;63.455643;47.01267;0.012324025;910731.2;970288.9;0.23828112;3.7803835e-07;6.1636854e-07;3.5941227e-07;0.0005882115;0.0007477107;1.7661841e-05;1.950205e-06;3.7896332e-06;2.9029956e-05;1.000004e-06;1.1267466e-06;2.7168586e-05;1.0;1.0;4456.3364;25
670131926;669960437;0.4222434;-0.09840683;0.030880138;0.900596;-84.641815;28.612656;0.06117213;0.0;0.0;-1.0044887;0.00036286024;-0.0030536498;-0.0014367715;0.248354;0.028785732;-0.07772203;0.26444122;-0.00021372654;-0.16466138;0.15679835;-0.005924409;-0.1866569;0.0;0.0;-1.3334575;0.0002201756;0.00031792404;0.00031244036;63.674465;47.13823;0.011731921;917130.06;975852.5;0.2365364;3.785808e-07;6.1945184e-07;3.5925578e-07;0.0005881615;0.0007475255;1.7687138e-05;1.9490633e-06;3.788346e-06;2.8923607e-05;1.0000015e-06;1.1210343e-06;2.705176e-05;1.0;1.0;4465.363;25
670635962;670464281;0.30218706;-0.06948898;0.05157476;0.9493126;-84.92783;28.05044;0.029126903;0.0;0.0;-1.0396918;0.00030303223;-0.0030835483;-0.0014641507;0.24819438;0.02911132;-0.07776705;0.26448244;-0.00021305445;-0.16463195;0.15673298;-0.005903714;-0.18667324;0.0;0.0;-1.3334575;0.00021579767;0.00031831177;0.0003112373;63.951023;47.29196;0.01197926;923791.9;981538.75;0.235679;3.7961968e-07;6.229817e-07;3.59111e-07;0.0005881524;0.0007474885;1.7719878e-05;1.9473243e-06;3.7871382e-06;2.8898923e-05;1e-06;1.1133992e-06;2.7015565e-05;1.0;1.0;4474.5415;25
671139620;670968126;0.15512232;-0.073667884;0.03559597;0.9845014;-85.41712;27.503386;0.04212357;0.0;0.0;-1.057438;0.00023730649;-0.003114574;-0.0014844887;0.24802195;0.02950763;-0.07783324;0.26449448;-0.00021247506;-0.1646323;0.1566763;-0.0058720694;-0.18663888;0.0;0.0;-1.3334575;0.0002108147;0.00031829148;0.00031096983;64.25207;47.4561;0.012270228;930499.2;987249.44;0.23950276;3.8107228e-07;6.2677026e-07;3.5958843e-07;0.0005881499;0.00074743934;1.7753164e-05;1.9458262e-06;3.7867544e-06;2.887874e-05;1.0000047e-06;1.1061893e-06;2.6984864e-05;1.0;1.0;4483.7666;25
671634593;671462974;-0.03276028;0.03565509;-0.1311609;0.990178;-86.1933;26.945593;0.023538673;0.0;0.0;-1.0706505;0.00014834711;-0.00313688;-0.0015400061;0.24798751;0.029917931;-0.077904396;0.26447013;-0.00021293183;-0.16501671;0.15665342;-0.005782106;-0.18618222;0.0;0.0;-1.3334575;0.00020430253;0.0003180874;0.0003085125;64.55804;47.58641;0.012365285;937122.25;992878.6;0.23798804;3.8216194e-07;6.30535e-07;3.5925595e-07;0.00058814377;0.0007473764;1.7786027e-05;1.9424476e-06;3.7854775e-06;2.8742956e-05;1.000002e-06;1.0964682e-06;2.6842943e-05;1.0;1.0;4492.957;25
672138256;671966818;-0.2443138;-0.0060187317;-0.003064028;0.96967274;-87.35707;26.418753;0.056424778;0.0;0.0;-1.091872;4.889569e-05;-0.0031473779;-0.0015824698;0.24790636;0.03050967;-0.07801954;0.26439586;-0.0002135797;-0.16535665;0.15665711;-0.005666151;-0.18573761;0.0;0.0;-1.3334575;0.00019650129;0.00031669412;0.00030616426;64.874374;47.69793;0.012199616;943843.44;998625.44;0.23732767;3.8330634e-07;6.3434595e-07;3.5896093e-07;0.000588146;0.00074722315;1.7815866e-05;1.938347e-06;3.7842767e-06;2.8694563e-05;1.0000008e-06;1.0870076e-06;2.6792273e-05;1.0;1.0;4502.42;25
672642212;672470710;-0.35475153;0.0057421154;-0.00021165548;0.934943;-88.447754;25.904015;0.062929906;0.0;0.0;-1.0909948;-3.1585958e-05;-0.003131013;-0.0016281672;0.24790654;0.031049367;-0.0781382;0.26429424;-0.00021455658;-0.16560934;0.15670744;-0.005552472;-0.18536796;0.0;0.0;-1.3334575;0.00018862731;0.00031418592;0.0003050844;65.2067;44.78902;0.012235669;950353.6;913092.8;0.24108452;3.8484137e-07;6.38214e-07;3.5926666e-07;0.00058794935;0.00074676157;1.7841352e-05;1.9350207e-06;3.7838972e-06;2.8674773e-05;1.000003e-06;1.079356e-06;2.6772223e-05;1.0;1.0;4512.104;25
673136917;672965557;-0.2798827;-0.010601689;0.008409065;0.9599389;-89.68591;25.312902;0.04280582;0.0;0.0;-1.0915858;-0.00010338589;-0.003089604;-0.0016933781;0.24798246;0.031504236;-0.07824397;0.26417354;-0.00021594849;-0.1658955;0.15678166;-0.0054197246;-0.18493633;0.0;0.0;-1.3334575;0.0001810616;0.00031242153;0.00030274942;65.53386;44.877018;0.012162589;957005.4;918264.9;0.23923503;3.861702e-07;6.420197e-07;3.5885745e-07;0.00058795506;0.0007465307;1.7868562e-05;1.9306228e-06;3.7826126e-06;2.8651726e-05;1.0000026e-06;1.071087e-06;2.6749114e-05;1.0;1.0;4521.8237;25
673632275;673460404;-0.045817796;-0.00025742652;0.00036872082;0.99894977;-90.76753;24.749403;0.038269624;0.0;0.0;-1.0980603;-0.00015166162;-0.0030459014;-0.0016951022;0.24797489;0.031883936;-0.07833242;0.2640924;-0.00021578021;-0.16602367;0.15679279;-0.0053493185;-0.18468639;0.0;0.0;-1.3334575;0.0001749397;0.00031278198;0.00030102965;65.87555;44.985954;0.01210258;963812.0;923461.1;0.23736171;3.877852e-07;6.458982e-07;3.586227e-07;0.00058797275;0.0007463892;1.7902561e-05;1.9271033e-06;3.7813331e-06;2.8629309e-05;1e-06;1.0644915e-06;2.6723563e-05;1.0;1.0;4531.757;25
674135664;673964201;0.21454051;0.0026945989;0.075326934;0.9738023;-91.35421;24.198156;0.05017659;0.0;0.0;-1.0979614;-0.00017621534;-0.0030026303;-0.0017151806;0.24794947;0.032091502;-0.07838029;0.2641074;-0.00021563556;-0.16617712;0.15675987;-0.005305171;-0.18448831;0.0;0.0;-1.3334575;0.0001704849;0.00031345803;0.00030081198;66.19968;45.121754;0.012214955;970811.6;928772.6;0.24091145;3.89856e-07;6.498056e-07;3.5914454e-07;0.0005880028;0.00074621587;1.7936853e-05;1.9255824e-06;3.780949e-06;2.8617585e-05;1.0000032e-06;1.059872e-06;2.6712125e-05;1.0;1.0;4541.9736;25
674639601;674468046;0.46167818;0.06753528;-0.020478774;0.8842358;-91.5492;23.736586;0.045388155;0.0;0.0;-1.0859071;-0.00018748433;-0.0029634521;-0.0017675381;0.24792166;0.032185625;-0.078394435;0.26417452;-0.00021578139;-0.16639613;0.15669742;-0.0052827997;-0.18427676;0.0;0.0;-1.3334575;0.00016754719;0.00031349357;0.00029950953;66.46837;45.231903;0.012169812;977815.9;934101.8;0.2396822;3.9167273e-07;6.534087e-07;3.589448e-07;0.0005880319;0.0007459163;1.7967759e-05;1.924261e-06;3.7797547e-06;2.8583327e-05;1.0000014e-06;1.055909e-06;2.6678446e-05;1.0;1.0;4552.2695;25
675134331;674962893;0.68480873;0.048861682;-0.06696854;0.7239922;-91.459435;23.334064;0.02450017;0.0;0.0;-1.0819571;-0.00019113452;-0.0029345255;-0.0018319656;0.24793635;0.032354314;-0.078433886;0.26425305;-0.00021636783;-0.16677345;0.15663135;-0.005287473;-0.18394527;0.0;0.0;-1.3334575;0.00016633188;0.00031194524;0.0002977666;66.68744;45.331783;0.012134746;984663.75;939352.25;0.2377507;3.9344553e-07;6.566359e-07;3.5850388e-07;0.00058805523;0.0007454633;1.7992781e-05;1.9239305e-06;3.7784837e-06;2.848297e-05;1.0000008e-06;1.0532641e-06;2.6578156e-05;1.0;1.0;4562.358;25
675638265;675466737;0.8579974;0.0069543957;-0.02545494;0.5129759;-91.30202;22.88621;-0.06327496;0.0;0.0;-1.093937;-0.00019265516;-0.0029174464;-0.0018689218;0.24796079;0.032502223;-0.0784726;0.26431116;-0.0002164892;-0.16693278;0.1565946;-0.0053152726;-0.18382709;0.0;0.0;-1.3334575;0.00016717413;0.00031030478;0.00029744877;66.93458;45.47386;0.012345537;991700.9;944724.4;0.2412795;3.956901e-07;6.5997347e-07;3.587341e-07;0.00058807526;0.00074500166;1.8019675e-05;1.9251368e-06;3.7781147e-06;2.8388504e-05;1.0000052e-06;1.0519757e-06;2.6478589e-05;1.0;1.0;4572.5674;25
676142130;675970582;0.9769769;-0.007833468;0.043794412;0.20865487;-90.98309;22.6911;0.032378186;0.0;0.0;-1.1038656;-0.00019048048;-0.0029156867;-0.0018699223;0.24795187;0.03265182;-0.07849933;0.26435354;-0.00021618353;-0.1669428;0.15658914;-0.00532669;-0.18385918;0.0;0.0;-1.3334575;0.00016746199;0.00030763197;0.0002970159;67.155556;45.578533;0.012088516;998736.2;950111.5;0.23995306;3.9774164e-07;6.630275e-07;3.5810606e-07;0.0005880783;0.0007444015;1.8043585e-05;1.9263466e-06;3.7769385e-06;2.8371689e-05;1.0000017e-06;1.0507545e-06;2.6461943e-05;1.0;1.0;4582.7266;25
676636862;676465429;0.98339254;-0.14619082;0.0035881172;-0.10749192;-91.33872;22.28007;0.08202882;0.0;0.0;-1.0975511;-0.00021693768;-0.0029199815;-0.0018114526;0.24805744;0.03274395;-0.07855689;0.264406;-0.00021581519;-0.1670901;0.15663555;-0.005264585;-0.18371317;0.0;0.0;-1.3334575;0.00016652828;0.00030488407;0.00029621922;62.598694;45.662075;0.011901179;914327.1;955275.75;0.23794535;3.998601e-07;6.661657e-07;3.57294e-07;0.00058761006;0.0007406592;1.8064467e-05;1.9037153e-06;3.7756795e-06;2.8269747e-05;1.0000014e-06;1.0483622e-06;2.642843e-05;1.0;1.0;4592.724;25
677131723;676960276;0.94039667;0.0010554398;-0.015215987;-0.3397375;-92.03749;21.986069;0.016073896;0.0;0.0;-1.1162019;-0.00026234088;-0.002925751;-0.0017715394;0.24821733;0.032834042;-0.07863312;0.26446143;-0.00021615105;-0.16739109;0.15670748;-0.0051399297;-0.18338436;0.0;0.0;-1.3334575;0.00016470505;0.00030413197;0.0002961868;62.94301;45.810825;0.011690416;920825.6;960613.2;0.2401964;4.0250075e-07;6.696323e-07;3.5724167e-07;0.00058761355;0.00074018067;1.8097311e-05;1.9039642e-06;3.7752418e-06;2.8220258e-05;1.0000057e-06;1.0455338e-06;2.6378208e-05;1.0;1.0;4602.7383;25
677635693;677464167;0.827534;0.004692726;-0.005528764;-0.5613688;-93.20169;21.496704;0.0587524;0.0;0.0;-1.1442857;-0.0003158648;-0.0029334356;-0.0018003306;0.24835576;0.03290971;-0.078710474;0.26447925;-0.00021730679;-0.16756533;0.15680875;-0.004974039;-0.18313356;0.0;0.0;-1.3334575;0.00016081294;0.00030217;0.00029492096;63.280064;45.918888;0.011508245;927395.0;966064.5;0.23838006;4.051456e-07;6.7304455e-07;3.5659355e-07;0.0005875996;0.00073957513;1.8125555e-05;1.9023063e-06;3.7740754e-06;2.8215147e-05;1.0000027e-06;1.0414849e-06;2.6371808e-05;1.0;1.0;4613.135;25
678139465;677967964;0.73482895;0.0083833765;-0.0026462087;-0.67819554;-94.55489;20.944822;0.05762538;0.0;0.0;-1.1615366;-0.0003516887;-0.002948964;-0.0018724722;0.24846879;0.032881055;-0.078768566;0.26443234;-0.00021883649;-0.16768602;0.156904;-0.0048190258;-0.18288937;0.0;0.0;-1.3334575;0.0001561629;0.0003005077;0.00029351478;63.640842;46.02912;0.011312397;934013.2;971539.94;0.23645549;4.0801837e-07;6.765738e-07;3.560902e-07;0.00058758777;0.0007389958;1.8154973e-05;1.8996582e-06;3.7729142e-06;2.8212136e-05;1.0000025e-06;1.0366654e-06;2.6366197e-05;1.0;1.0;4623.7964;25
678634753;678462811;0.7566284;0.049301572;-0.041683696;-0.6506499;-95.98454;20.396957;0.053926717;0.0;0.0;-1.1863661;-0.00036645876;-0.0029644906;-0.0019427957;0.24855693;0.03286646;-0.07881754;0.26435465;-0.00022017428;-0.16770263;0.15699188;-0.0046900907;-0.18273471;0.0;0.0;-1.3334575;0.00015212028;0.0002984949;0.00029213226;63.986687;46.149113;0.011228232;940509.8;976941.56;0.23829359;4.1109908e-07;6.80157e-07;3.5557807e-07;0.0005875732;0.0007384466;1.8181277e-05;1.8967711e-06;3.7716713e-06;2.8204971e-05;1e-06;1.0321555e-06;2.6354473e-05;1.0;1.0;4634.5073;25
679138067;678966655;0.7701407;0.072727196;-0.05575305;-0.6312573;-97.05999;19.87831;0.05719535;0.0;0.0;-1.1876293;-0.00035900564;-0.0029809712;-0.0020068346;0.24862869;0.032745525;-0.07884145;0.26425192;-0.00022125186;-0.16758169;0.15707478;-0.004605007;-0.18271905;0.0;0.0;-1.3334575;0.0001488073;0.0002971914;0.0002919446;64.3611;46.265953;0.011078957;947197.9;982458.5;0.23617227;4.1425898e-07;6.8380865e-07;3.55798e-07;0.00058756047;0.0007378765;1.8210367e-05;1.8952414e-06;3.771321e-06;2.8186567e-05;1.0000049e-06;1.0289308e-06;2.6327172e-05;1.0;1.0;4645.6646;25
679641914;679470500;0.77842844;0.09176094;-0.058172777;-0.61825985;-98.30819;19.342438;0.07219984;0.0;0.0;-1.1980498;-0.00033573774;-0.0030023805;-0.0020867407;0.24874547;0.032582;-0.07885792;0.26411116;-0.00022273249;-0.16743314;0.15717342;-0.004523955;-0.18269804;0.0;0.0;-1.3334575;0.00014591476;0.0002949195;0.00029077198;64.70645;46.37313;0.010960806;953837.6;987997.56;0.23401001;4.1746006e-07;6.8745e-07;3.553903e-07;0.0005875337;0.0007372166;1.8233915e-05;1.8927103e-06;3.7701557e-06;2.8139582e-05;1.0000033e-06;1.0256219e-06;2.6268677e-05;1.0;1.0;4657.094;25
680136747;679965347;0.81898576;-0.010106846;0.0011039259;-0.5737238;-99.4685;18.795229;0.11231115;0.0;0.0;-1.203273;-0.00029948528;-0.0030279774;-0.0021602989;0.24893574;0.032309484;-0.07886547;0.26400232;-0.00022441574;-0.16741861;0.15725802;-0.004449612;-0.1825503;0.0;0.0;-1.3334575;0.00014415238;0.00029337965;0.00028972712;65.05188;46.504265;0.0109746875;960426.8;993462.1;0.2357074;4.2078352e-07;6.9110274e-07;3.5499414e-07;0.00058750727;0.00073658803;1.8259145e-05;1.8905064e-06;3.7689044e-06;2.8066595e-05;1.0000008e-06;1.0225676e-06;2.6184918e-05;1.0;1.0;4668.536;25
680631621;680460196;0.884798;-0.014251338;-0.001592394;-0.46575406;-99.97016;18.300835;0.07418529;0.0;0.0;-1.2050245;-0.00024872666;-0.003052934;-0.0021522206;0.24913372;0.031979706;-0.0788687;0.26400664;-0.00022462376;-0.16762389;0.15729706;-0.0043673683;-0.1822456;0.0;0.0;-1.3334575;0.00014320503;0.0002935926;0.00028979042;65.43199;46.651794;0.010730831;967208.0;998944.75;0.23288617;4.2414405e-07;6.9467444e-07;3.5520176e-07;0.0005875135;0.00073589734;1.8291257e-05;1.8897384e-06;3.768475e-06;2.8063354e-05;1.0000049e-06;1.0196335e-06;2.617917e-05;1.0;1.0;4680.1953;25
681135539;680964038;0.95197225;-0.0023653454;0.001968005;-0.30616906;-99.99605;17.769825;0.06412624;0.0;0.0;-1.2005094;-0.0001836568;-0.0030860917;-0.0021092994;0.24931861;0.0315866;-0.07888044;0.26403096;-0.0002241165;-0.16779207;0.15734553;-0.004275338;-0.18198723;0.0;0.0;-1.3334575;0.00014321104;0.00029313835;0.00028913937;65.78;43.950348;0.010491607;973982.06;913225.56;0.2305871;4.2754965e-07;6.9825154e-07;3.5472402e-07;0.000587322;0.00073493976;1.8319375e-05;1.8888194e-06;3.7673083e-06;2.8061157e-05;1.0000033e-06;1.0168709e-06;2.6174635e-05;1.0;1.0;4692.0444;25
681639283;681467929;0.992172;0.0005433656;0.004898614;-0.12478201;-99.99963;17.328321;0.052400507;0.0;0.0;-1.2029599;-0.00012774892;-0.003116168;-0.0020261854;0.24949059;0.031320482;-0.078901686;0.26407436;-0.00022287935;-0.16789143;0.15740712;-0.0041911183;-0.18183117;0.0;0.0;-1.3334575;0.00014421166;0.0002921727;0.00028871704;66.09595;44.125637;0.010373163;980874.4;918347.6;0.23258017;4.3102764e-07;7.01825e-07;3.5417057e-07;0.0005873213;0.00073413644;1.8344363e-05;1.8886933e-06;3.7661503e-06;2.8061178e-05;1.0000016e-06;1.0148037e-06;2.6172209e-05;1.0;1.0;4703.893;25
682134137;681962776;0.9985266;0.003049993;0.006180262;0.0538274;-99.98773;16.982027;0.0747138;0.0;0.0;-1.1979332;-9.289841e-05;-0.003129476;-0.0019279161;0.2496037;0.031188507;-0.07891496;0.26411086;-0.0002212265;-0.1679112;0.1574582;-0.0041324943;-0.18178368;0.0;0.0;-1.3334575;0.00014603295;0.00029334464;0.00028930264;66.429085;44.32267;0.010160472;987815.75;923395.7;0.22953564;4.3458758e-07;7.052128e-07;3.5419887e-07;0.00058733043;0.0007333164;1.8377681e-05;1.8901127e-06;3.7657283e-06;2.8063438e-05;1.0000055e-06;1.0134735e-06;2.6170403e-05;1.0;1.0;4715.5093;25
682638042;682466573;0.9749957;0.0033655344;-0.00024695302;0.22219835;-99.99701;16.711988;0.071999095;0.0;0.0;-1.1777483;-7.147985e-05;-0.0031288313;-0.001816214;0.24967985;0.031172143;-0.07895139;0.26414767;-0.00021931234;-0.16789478;0.15751486;-0.004085588;-0.18179804;0.0;0.0;-1.3334575;0.00014776815;0.00029373;0.0002891413;66.72236;44.5295;0.0099765435;994868.2;928557.56;0.22713867;4.3819972e-07;7.0849364e-07;3.5357382e-07;0.00058733637;0.0007324427;1.840694e-05;1.8914238e-06;3.7645802e-06;2.806551e-05;1.0000039e-06;1.0121781e-06;2.6168516e-05;1.0;1.0;4727.3286;25
683142009;682970417;0.95363826;-0.0052709463;-0.003777301;0.3008854;-99.93682;16.507784;0.052389156;0.0;0.0;-1.1695135;-6.574046e-05;-0.0031128186;-0.0017299164;0.2497473;0.03130039;-0.07898313;0.26418817;-0.00021777439;-0.16785415;0.15756316;-0.0040626107;-0.18186171;0.0;0.0;-1.3334575;0.00014953947;0.00029371862;0.0002890914;62.293797;44.71865;0.009937698;910884.0;933665.0;0.22898865;4.418974e-07;7.117216e-07;3.5298953e-07;0.00058695907;0.0007287419;1.8430197e-05;1.8716584e-06;3.7634218e-06;2.8000268e-05;1.0000022e-06;1.0106919e-06;2.616093e-05;1.0;1.0;4739.1143;25
683636920;683465264;0.957074;-0.0004715651;-0.0062167696;0.28977668;-99.85461;16.323015;0.05165705;0.0;0.0;-1.1605649;-5.9665384e-05;-0.0030976632;-0.0016567601;0.24982487;0.031388924;-0.078999974;0.26423064;-0.0002164524;-0.16783138;0.15760651;-0.0040456904;-0.18191156;0.0;0.0;-1.3334575;0.00015147145;0.00029514226;0.00028899568;62.568512;44.951057;0.009781505;917304.56;938782.2;0.22603554;4.4564413e-07;7.1473596e-07;3.523663e-07;0.0005869727;0.000727929;1.8461373e-05;1.8732699e-06;3.7622017e-06;2.800364e-05;1e-06;1.0095099e-06;2.615867e-05;1.0;1.0;4750.678;25
684131550;683960111;0.9610764;-0.005391;-0.007675617;0.27612367;-99.79474;16.153221;0.053031366;0.0;0.0;-1.1666663;-5.797375e-05;-0.0030840246;-0.0015956702;0.24987619;0.031578675;-0.07902327;0.2642628;-0.00021537853;-0.16780886;0.15763909;-0.00403135;-0.18195666;0.0;0.0;-1.3334575;0.00015350996;0.00029630348;0.0002898031;62.845154;45.187054;0.009652047;923733.6;943923.9;0.22320074;4.493818e-07;7.1777674e-07;3.5247152e-07;0.00058698514;0.0007271249;1.8489118e-05;1.8751509e-06;3.7618e-06;2.8006007e-05;1.0000037e-06;1.0086031e-06;2.6156604e-05;1.0;1.0;4762.2446;25
684635357;684463954;0.9591808;-0.0053406833;-0.007051074;0.28265545;-99.7339;15.996465;0.045222986;0.0;0.0;-1.1597807;-5.153587e-05;-0.003069106;-0.0015246308;0.24994476;0.03168733;-0.07904583;0.26430583;-0.00021413414;-0.16779043;0.15767835;-0.0040139696;-0.18200122;0.0;0.0;-1.3334575;0.00015594315;0.00029768082;0.00028996004;63.119534;45.445923;0.00961975;930312.56;949183.1;0.22510584;4.532084e-07;7.206534e-07;3.5200247e-07;0.0005869974;0.00072643;1.8516796e-05;1.8767408e-06;3.7606662e-06;2.800804e-05;1.000002e-06;1.0076128e-06;2.6154372e-05;1.0;1.0;4773.9614;25
685139204;684967798;0.9551816;0.0015779977;0.0020976928;0.2960087;-99.66495;15.8237095;0.037837133;0.0;0.0;-1.1556154;-4.5702516e-05;-0.003053793;-0.0014553473;0.2500063;0.031819966;-0.07907441;0.26434836;-0.00021291779;-0.16775793;0.15771593;-0.00399963;-0.18205969;0.0;0.0;-1.3334575;0.00015824389;0.00029868417;0.00029003393;63.38222;45.69696;0.009526422;936889.4;954456.25;0.22291517;4.5687548e-07;7.2329857e-07;3.5153087e-07;0.00058700755;0.00072567456;1.8539986e-05;1.8782101e-06;3.7595291e-06;2.8010181e-05;1.0000008e-06;1.0066674e-06;2.615185e-05;1.0;1.0;4785.614;25
685634048;685462645;0.95539683;-0.0013984076;0.0044763274;0.2952881;-99.563156;15.642816;0.05079214;0.0;0.0;-1.1580226;-3.964014e-05;-0.0030365603;-0.0014009377;0.25006664;0.031954497;-0.07908338;0.2643826;-0.00021196243;-0.167743;0.15774447;-0.003988476;-0.1820978;0.0;0.0;-1.3334575;0.0001608404;0.00030047714;0.0002909894;63.660465;45.957813;0.009442419;943430.06;959664.3;0.22027886;4.6055317e-07;7.260098e-07;3.5171794e-07;0.00058701995;0.0007249936;1.856483e-05;1.8801248e-06;3.7591349e-06;2.8012964e-05;1.0000047e-06;1.0059154e-06;2.6150392e-05;1.0;1.0;4797.089;25
686137889;685966536;0.9537752;-0.00082590553;0.0066872244;0.3004453;-99.485504;15.465875;0.042889677;0.0;0.0;-1.1510593;-2.7630234e-05;-0.003015813;-0.0013394543;0.25014088;0.032031603;-0.07908613;0.2644235;-0.00021089865;-0.1677462;0.1577775;-0.0039749634;-0.18212327;0.0;0.0;-1.3334575;0.00016412222;0.00030346948;0.0002913854;63.956936;46.25699;0.009454102;950190.7;964999.0;0.22233844;4.644093e-07;7.2853334e-07;3.5135912e-07;0.0005870376;0.00072445895;1.859516e-05;1.8819574e-06;3.7580196e-06;2.8016671e-05;1.0000032e-06;1.0050753e-06;2.614933e-05;1.0;1.0;4808.754;25
686641769;686470333;0.9494254;0.0042396784;-0.006853712;0.3138893;-99.39824;15.270994;0.04622843;0.0;0.0;-1.1292815;-1.7570863e-05;-0.002998121;-0.0012795887;0.25018987;0.032097135;-0.079115726;0.2644651;-0.00020984103;-0.16772161;0.15780951;-0.0039650276;-0.18217549;0.0;0.0;-1.3334575;0.0001670428;0.00030527994;0.00029163217;64.22807;46.536198;0.009411775;956922.2;970356.3;0.2204926;4.6793772e-07;7.3077433e-07;3.5099907e-07;0.00058704824;0.0007238612;1.861675e-05;1.8835502e-06;3.7569175e-06;2.801872e-05;1.0000009e-06;1.0042935e-06;2.6146885e-05;1.0;1.0;4820.4414;25
687136785;686965179;0.9457405;0.00048532223;0.0026601213;0.3249117;-99.31286;15.118553;0.039320316;0.0;0.0;-1.1208807;-1.0356461e-05;-0.0029770238;-0.0012345605;0.2502374;0.03219999;-0.07913612;0.26450074;-0.00020902052;-0.167698;0.15783346;-0.0039597256;-0.18222277;0.0;0.0;-1.3334575;0.00016972174;0.00030627093;0.000292568;64.487404;46.804108;0.009353172;963516.06;975633.4;0.21810153;4.711885e-07;7.330253e-07;3.5123236e-07;0.00058705424;0.0007232887;1.8631876e-05;1.8852753e-06;3.7565346e-06;2.8020486e-05;1.0000047e-06;1.0036456e-06;2.6144628e-05;1.0;1.0;4831.8403;25
687631515;687460026;0.9432681;-0.0012652783;-0.00039003254;0.3320296;-99.1618;14.932409;0.02935839;0.0;0.0;-1.1319026;5.0397903e-06;-0.0029462597;-0.0011822833;0.25031826;0.032326434;-0.07911898;0.26453897;-0.0002080928;-0.16769446;0.15786089;-0.0039523393;-0.1822572;0.0;0.0;-1.3334575;0.00017348;0.00030991065;0.00029295823;64.784004;47.121616;0.009416325;970289.25;980938.1;0.21973673;4.7478434e-07;7.3510176e-07;3.508681e-07;0.0005870729;0.000722902;1.8660285e-05;1.8871064e-06;3.7553398e-06;2.8024382e-05;1.0000024e-06;1.0029221e-06;2.6143394e-05;1.0;1.0;4843.158;25
688135278;687963870;0.9456859;-0.0023243956;0.00571282;0.32502332;-99.02715;14.753617;0.03253482;0.0;0.0;-1.1251887;2.2342172e-05;-0.0029163598;-0.0011308683;0.250385;0.032383945;-0.07912314;0.26457998;-0.00020718033;-0.16768937;0.1578884;-0.0039459085;-0.18229297;0.0;0.0;-1.3334575;0.00017699713;0.00031256498;0.0002933651;65.066246;47.42879;0.009397009;977165.8;986361.8;0.21817707;4.7808265e-07;7.369868e-07;3.5057883e-07;0.0005870842;0.0007224756;1.8681094e-05;1.8888215e-06;3.7542372e-06;2.802758e-05;1.0000008e-06;1.0022358e-06;2.614193e-05;1.0;1.0;4854.6836;25
688639144;688467714;0.9462626;-0.000120206925;0.007207555;0.323319;-98.916306;14.5573845;0.037657663;0.0;0.0;-1.126226;3.7397283e-05;-0.002886647;-0.0010898006;0.25044835;0.0324489;-0.07912228;0.26461652;-0.00020643596;-0.16768004;0.15791048;-0.0039420817;-0.18232824;0.0;0.0;-1.3334575;0.00018084783;0.00031575843;0.00029469957;65.36945;47.74985;0.009412354;984114.75;991816.06;0.21677482;4.8146194e-07;7.3916715e-07;3.5099657e-07;0.00058709754;0.0007221148;1.8703178e-05;1.8909938e-06;3.7539533e-06;2.8030698e-05;1.0000065e-06;1.0017061e-06;2.6140826e-05;1.0;1.0;4866.216;25
689134195;688962560;0.94280005;0.00045472532;0.0057491437;0.33330882;-98.750145;14.410023;0.039661277;0.0;0.0;-1.134381;5.3555836e-05;-0.0028484552;-0.0010479017;0.25051114;0.03254089;-0.07912729;0.2646564;-0.00020564241;-0.16766618;0.15793248;-0.003939363;-0.18237099;0.0;0.0;-1.3334575;0.00018446491;0.00031780166;0.00029499747;65.63387;48.05813;0.009497851;990910.5;997193.5;0.21869567;4.84316e-07;7.4065264e-07;3.5066867e-07;0.0005871044;0.00072179484;1.8719044e-05;1.8925226e-06;3.7527805e-06;2.8032646e-05;1.000001e-06;1.0010999e-06;2.6138727e-05;1.0;1.0;4877.474;25
689638008;689466404;0.94142437;-0.0011422441;0.0012282131;0.3372202;-98.57321;14.259913;0.019752905;0.0;0.0;-1.1468982;6.92367e-05;-0.0028052933;-0.0010062688;0.25057843;0.03263757;-0.07914138;0.26469693;-0.00020485726;-0.16764913;0.15795377;-0.003937245;-0.18241192;0.0;0.0;-1.3334575;0.00018796898;0.0003194713;0.00029536922;65.893845;45.621685;0.009544333;997803.5;911539.06;0.21747153;4.869462e-07;7.4204746e-07;3.5041987e-07;0.0005869219;0.0007213837;1.8730483e-05;1.8940539e-06;3.7516904e-06;2.8034046e-05;1.000001e-06;1.0005222e-06;2.6136984e-05;1.0;1.0;4888.9023;25
690141915;689970295;0.9408471;-0.0050425017;-0.009082761;0.33867225;-98.38752;14.096255;0.023596296;0.0;0.0;-1.1470236;8.5221254e-05;-0.0027610874;-0.00097145495;0.25063068;0.032699328;-0.079167515;0.26473564;-0.0002041552;-0.16763525;0.15797232;-0.0039365375;-0.18244931;0.0;0.0;-1.3334575;0.00019129444;0.00031983975;0.0002956816;61.59279;45.866177;0.009594705;913402.25;916527.7;0.21634047;4.891649e-07;7.432479e-07;3.5016322e-07;0.0005866004;0.00071836053;1.872976e-05;1.8754205e-06;3.7506006e-06;2.7971846e-05;1e-06;1e-06;2.6130847e-05;1.0;1.0;4900.2646;25
690636737;690465141;0.93758315;-0.06842869;-0.028117146;0.33980128;-98.40283;13.89726;0.016985372;0.0;0.0;-1.1393238;8.809112e-05;-0.0027483655;-0.00095203216;0.25067866;0.03269572;-0.079191804;0.26477167;-0.0002036623;-0.16760796;0.15798804;-0.0039399443;-0.1824919;0.0;0.0;-1.3334575;0.00019508478;0.00032131915;0.00029678608;61.8501;46.17876;0.009723385;919660.4;921487.9;0.218606;4.915519e-07;7.448072e-07;3.5050363e-07;0.00058660214;0.0007181323;1.8739398e-05;1.8771549e-06;3.7502436e-06;2.7953034e-05;1.0000024e-06;1.0000041e-06;2.6104008e-05;1.0;1.0;4911.4;25
691131370;690959988;0.9212724;-0.16147688;-0.065650575;0.34766713;-98.50727;13.740427;0.028102731;0.0;0.0;-1.1335312;6.9992675e-05;-0.002756839;-0.0009363073;0.2506822;0.032769293;-0.079256654;0.26481003;-0.00020307771;-0.16749102;0.15800436;-0.0039519854;-0.18262324;0.0;0.0;-1.3334575;0.00019817275;0.00032091222;0.00029679085;62.064323;46.4524;0.009765051;925863.1;926466.2;0.21707499;4.930912e-07;7.456533e-07;3.5014784e-07;0.0005865842;0.0007178709;1.873625e-05;1.8781456e-06;3.7490918e-06;2.7860982e-05;1.0000016e-06;1.0000016e-06;2.5999552e-05;1.0;1.0;4922.5615;25
691635722;691463785;0.9340418;0.0023225618;0.0008693396;0.35715503;-98.4527;13.547647;0.040836144;0.0;0.0;-1.1450667;7.525189e-05;-0.0027343086;-0.00091387617;0.25069466;0.032831825;-0.07928538;0.2648401;-0.0002024598;-0.16740003;0.15801902;-0.003960255;-0.18273409;0.0;0.0;-1.3334575;0.00020212168;0.00032256864;0.00029709947;62.314953;46.766636;0.009865612;932297.9;931557.44;0.21620247;4.950995e-07;7.4674836e-07;3.5000843e-07;0.00058657705;0.00071772625;1.874365e-05;1.8795434e-06;3.7480181e-06;2.7788492e-05;1e-06;1e-06;2.5917583e-05;1.0;1.0;4933.9326;25
692139296;691967628;0.935392;0.06542555;0.015668875;0.34715402;-98.278435;13.396934;0.013209951;0.0;0.0;-1.1440384;0.0001090146;-0.0026720702;-0.0008856112;0.25073445;0.032816634;-0.07929164;0.26486826;-0.00020183301;-0.16732962;0.15803242;-0.0039659124;-0.18282151;0.0;0.0;-1.3334575;0.00020615925;0.00032467666;0.00029840108;62.581688;47.098934;0.009942036;938783.44;936676.8;0.21553826;4.972341e-07;7.4821685e-07;3.5056698e-07;0.00058657426;0.0007176406;1.8752575e-05;1.8814754e-06;3.7477537e-06;2.7778075e-05;1.0000035e-06;1.0000041e-06;2.5906353e-05;1.0;1.0;4945.2773;25
692633896;692462475;0.93750596;0.010764559;-0.0040864917;0.34777877;-98.011696;13.117237;0.0012699004;0.0;0.0;-1.1387384;0.00014857895;-0.002607132;-0.0008577188;0.2507688;0.03280167;-0.07929642;0.26490003;-0.00020117032;-0.16727315;0.15804729;-0.0039734766;-0.1829072;0.0;0.0;-1.3334575;0.0002108022;0.0003278016;0.000298914;62.846725;47.447834;0.010140968;945224.2;941732.4;0.21827331;4.993565e-07;7.492683e-07;3.5045278e-07;0.00058657577;0.00071761117;1.8768154e-05;1.8830865e-06;3.7466098e-06;2.7765045e-05;1.0000024e-06;1.0000024e-06;2.5891743e-05;1.0;1.0;4956.331;25
693137721;692966318;0.93760043;0.0038978022;0.0042324616;0.34766716;-97.85607;12.912787;0.01112565;0.0;0.0;-1.1392378;0.00017354026;-0.0025560758;-0.00083958753;0.25079292;0.032813262;-0.079314694;0.26492667;-0.00020067683;-0.16725352;0.15805772;-0.0039773886;-0.18294947;0.0;0.0;-1.3334575;0.0002148327;0.00032938045;0.00029937216;63.085815;47.76714;0.01020795;951730.3;946898.0;0.2178146;5.0081053e-07;7.5005937e-07;3.503686e-07;0.00058656844;0.0007175489;1.8773095e-05;1.8844767e-06;3.7455525e-06;2.7765274e-05;1.0000008e-06;1.0000008e-06;2.5889252e-05;1.0;1.0;4967.557;25
693641656;693470162;0.9400411;-0.004359439;0.0038304229;0.3410118;-97.69733;12.700689;0.011628809;0.0;0.0;-1.1554204;0.00019815174;-0.0025060433;-0.0008173875;0.2508379;0.032813;-0.07932079;0.2649554;-0.00020017568;-0.16723199;0.15807001;-0.0039813872;-0.18299054;0.0;0.0;-1.3334575;0.00021922644;0.00033171137;0.00030075572;63.344532;48.102165;0.01030949;958286.3;952087.6;0.21746163;5.0253965e-07;7.513438e-07;3.5093555e-07;0.00058656465;0.0007175133;1.8781988e-05;1.8862977e-06;3.7452933e-06;2.776606e-05;1.0000033e-06;1.0000048e-06;2.5887688e-05;1.0;1.0;4978.7197;25
694136468;693965008;0.9615661;-0.0055790087;0.0027043347;0.27450386;-97.58743;12.508616;-0.0023687233;0.0;0.0;-1.1678207;0.00022090657;-0.002461716;-0.00078808755;0.25089362;0.032807827;-0.079343654;0.2649962;-0.0001995843;-0.16722143;0.15808779;-0.0039852895;-0.18302666;0.0;0.0;-1.3334575;0.00022348449;0.00033322084;0.00030119414;63.57711;48.427998;0.010502034;964719.44;957212.8;0.22048283;5.036797e-07;7.519044e-07;3.5079333e-07;0.0005865568;0.00071745337;1.8787727e-05;1.8875423e-06;3.7441644e-06;2.7766804e-05;1.0000033e-06;1.0000033e-06;2.5886318e-05;1.0;1.0;4989.675;25
694631295;694459855;0.98736376;0.0018201604;-0.001408583;0.15845402;-97.61899;12.256865;0.002970368;0.0;0.0;-1.1816732;0.00023670822;-0.0024523523;-0.0007507136;0.25094837;0.032781463;-0.079342194;0.26503652;-0.00019891151;-0.16721529;0.15810528;-0.0039801737;-0.18305354;0.0;0.0;-1.3334575;0.00022820903;0.00033590518;0.00030167308;63.829628;48.76301;0.01059367;971208.0;962358.7;0.21964619;5.049835e-07;7.525181e-07;3.506611e-07;0.00058655173;0.0007174205;1.8798246e-05;1.8887745e-06;3.7430357e-06;2.776781e-05;1.0000008e-06;1.0000008e-06;2.5885063e-05;1.0;1.0;5000.5996;25
695135331;694963745;0.9994323;0.010395193;-0.007288416;0.03120669;-97.91019;12.043757;0.015205061;0.0;0.0;-1.186098;0.00021926967;-0.0024976693;-0.0007090747;0.25096756;0.032800764;-0.07937666;0.26507086;-0.00019830409;-0.16724126;0.15811676;-0.0039581154;-0.18302622;0.0;0.0;-1.3334575;0.00023312801;0.00033898815;0.00030307277;64.11777;49.115925;0.01070606;977855.9;967623.44;0.21947284;5.066715e-07;7.536521e-07;3.5122773e-07;0.0005865505;0.00071739755;1.8812858e-05;1.8902159e-06;3.7427876e-06;2.7754259e-05;1.0000001e-06;1.0000042e-06;2.5868458e-05;1.0;1.0;5011.748;25
695638984;695467542;0.99762005;-0.023615008;-0.010345766;-0.063950725;-98.40883;11.745621;0.035299998;0.0;0.0;-1.1700855;0.00019461788;-0.0025999297;-0.0006558884;0.25100458;0.032760356;-0.07939014;0.26511857;-0.00019763605;-0.16735889;0.15812346;-0.0039107194;-0.18289723;0.0;0.0;-1.3334575;0.00023659146;0.0003392791;0.00030338127;64.37094;49.430138;0.010883667;984430.44;972910.3;0.22324766;5.0730847e-07;7.537715e-07;3.5111103e-07;0.0005865375;0.00071729784;1.8815694e-05;1.890565e-06;3.7417494e-06;2.7737837e-05;1.0000041e-06;1.0000041e-06;2.5851528e-05;1.0;1.0;5022.9946;25
696133987;695962388;0.9887646;-0.0169316;-0.0060882964;-0.14839466;-99.192986;11.635006;0.041402195;0.0;0.0;-1.1364783;0.0001441907;-0.0027417173;-0.0006050792;0.2509727;0.032834686;-0.079450086;0.26516524;-0.00019706384;-0.16751169;0.15812196;-0.003847342;-0.18273023;0.0;0.0;-1.3334575;0.00023982537;0.0003405381;0.0003036314;64.639336;49.755188;0.010835728;990938.94;978124.3;0.2223374;5.082693e-07;7.539868e-07;3.5094007e-07;0.0005865268;0.0007172188;1.8824223e-05;1.8905796e-06;3.7406326e-06;2.772437e-05;1e-06;1.0000016e-06;2.5838917e-05;1.0;1.0;5034.1626;25
696638162;696466231;0.9670219;-0.012374052;-0.0074288;-0.25428393;-100.03227;11.500913;0.050700728;0.0;0.0;-1.1035802;7.540603e-05;-0.0029142997;-0.00057428906;0.25096813;0.032826647;-0.0794901;0.26522216;-0.00019670649;-0.16763315;0.15812276;-0.003768799;-0.18257284;0.0;0.0;-1.3334575;0.00024163099;0.00033962162;0.0003037127;64.8941;50.047146;0.010830715;997506.8;983456.1;0.22199856;5.086546e-07;7.540456e-07;3.5080583e-07;0.00058650644;0.0007170703;1.8823297e-05;1.8899777e-06;3.7396085e-06;2.7715512e-05;1e-06;1e-06;2.5832074e-05;1.0;1.0;5045.7285;25
697141482;696970075;0.92747957;0.005515421;-0.005632577;-0.37379074;-99.99668;11.355719;0.069802;0.0;0.0;-1.0567923;-4.8996826e-06;-0.0030947707;-0.0005859664;0.2509352;0.03281173;-0.07951487;0.26524976;-0.0001967783;-0.16764978;0.1581291;-0.0036924405;-0.18250343;0.0;0.0;-1.3334575;0.0002431709;0.00033859926;0.00030467715;60.79645;50.31534;0.010908946;912877.6;988803.6;0.22564615;5.097201e-07;7.549164e-07;3.5133942e-07;0.00058624794;0.0007144115;1.8823788e-05;1.8709665e-06;3.7393743e-06;2.7655082e-05;1.0000041e-06;1.0000048e-06;2.5826754e-05;1.0;1.0;5057.3467;25
697636320;697464921;0.9042644;0.05061357;-0.023612006;-0.42330474;-99.99243;11.261589;0.12966833;0.0;0.0;-0.9776443;-9.026844e-05;-0.0033416527;-0.0006088902;0.2508733;0.03277436;-0.07950487;0.26525757;-0.00019687426;-0.16764995;0.15812111;-0.0036028752;-0.18242063;0.0;0.0;-1.3334575;0.00024430288;0.00033881998;0.00030467394;61.0785;50.633854;0.01062738;918869.1;994095.1;0.22446044;5.111569e-07;7.5560865e-07;3.512172e-07;0.00058623706;0.00071429164;1.8836605e-05;1.8695667e-06;3.7382729e-06;2.76536e-05;1.0000016e-06;1.0000024e-06;2.5824127e-05;1.0;1.0;5068.791;25
698131654;697959767;0.90066737;0.050646085;-0.024129571;-0.43087262;-100.13877;11.0229025;0.15237126;0.0;0.0;-0.9110269;-0.0001763028;-0.0035704435;-0.00066610414;0.25087076;0.032646537;-0.079453856;0.265231;-0.00019749012;-0.16760002;0.15813382;-0.0035244024;-0.18236952;0.0;0.0;-1.3334575;0.00024608767;0.00033981877;0.00030478442;61.377052;50.987858;0.010711657;924895.5;999411.7;0.22316554;5.1304045e-07;7.5662575e-07;3.511579e-07;0.00058622233;0.0007141789;1.8854747e-05;1.8682607e-06;3.7371685e-06;2.7630662e-05;1e-06;1e-06;2.579591e-05;1.0;1.0;5080.211;25
698635050;698463611;0.8989582;-0.043791186;0.019659415;-0.43539655;-99.973694;11.016132;0.14958;0.0;0.0;-0.8421304;-0.00024271302;-0.0037521233;-0.00069318444;0.25091374;0.032506492;-0.07943416;0.26523003;-0.00019783982;-0.16760528;0.15813722;-0.0034648904;-0.18227234;0.0;0.0;-1.3334575;0.0002469374;0.00033828104;0.00030564907;61.649525;48.627003;0.01062391;930997.6;913496.8;0.22644655;5.141479e-07;7.58062e-07;3.517389e-07;0.0005860183;0.00071396504;1.8858598e-05;1.8673928e-06;3.7369289e-06;2.7612712e-05;1.0000032e-06;1.0000049e-06;2.57767e-05;1.0;1.0;5091.8276;25
699138858;698967501;0.8991388;-0.013277353;0.0013385288;-0.43746036;-100.0;10.947262;0.19219665;0.0;0.0;-0.7682821;-0.00027859613;-0.0039702887;-0.0006621558;0.25108805;0.032221187;-0.07937163;0.26531532;-0.00019773767;-0.16801655;0.15810329;-0.0033768788;-0.18178467;0.0;0.0;-1.3334575;0.00024793434;0.00033732958;0.00030562293;61.91329;48.94574;0.010539512;937148.7;918463.0;0.22533242;5.152702e-07;7.5928216e-07;3.5168102e-07;0.00058600743;0.00071380375;1.8864217e-05;1.8656732e-06;3.7359143e-06;2.7561147e-05;1.0000024e-06;1.0000032e-06;2.5732257e-05;1.0;1.0;5103.4624;25
699635543;699462347;0.89593637;-0.025073836;0.017950794;-0.44311082;-100.103134;10.940939;0.18476363;0.0;0.0;-0.693064;-0.00029738384;-0.004186549;-0.000640093;0.25126043;0.03188617;-0.07925963;0.26538473;-0.00019752047;-0.16829467;0.15807424;-0.0033019455;-0.18142511;0.0;0.0;-1.3334575;0.00025018604;0.0003381109;0.00030576094;62.19469;49.302242;0.010255526;943268.06;923367.56;0.22352718;5.1711527e-07;7.6070245e-07;3.515975e-07;0.0005860061;0.00071368366;1.8879125e-05;1.8641291e-06;3.734822e-06;2.7529994e-05;1e-06;1e-06;2.5706375e-05;1.0;1.0;5114.877;25
700137559;699966144;0.8883474;0.05017435;-0.020417757;-0.4559655;-99.972084;10.836927;0.20496508;0.0;0.0;-0.6204347;-0.00032792578;-0.0043684924;-0.00067285454;0.25134438;0.03160833;-0.079142034;0.26537716;-0.00019761645;-0.16817541;0.15807863;-0.003256078;-0.18144311;0.0;0.0;-1.3334575;0.0002537539;0.00033970026;0.00030712681;62.51278;49.71379;0.010358737;949571.0;928395.0;0.22639176;5.1964093e-07;7.627444e-07;3.522905e-07;0.00058600755;0.0007135876;1.890052e-05;1.863683e-06;3.734608e-06;2.7520158e-05;1.0000041e-06;1.0000056e-06;2.5692603e-05;1.0;1.0;5126.5127;25
700641419;700469987;0.88741255;-0.007442019;0.003165547;-0.4609052;-99.94856;10.838438;0.23766443;0.0;0.0;-0.5624698;-0.00037138397;-0.004568345;-0.0007399276;0.25150585;0.03122122;-0.078990676;0.2653324;-0.00019829707;-0.1680681;0.15809965;-0.003211765;-0.18141092;0.0;0.0;-1.3334575;0.00025689657;0.00034008973;0.00030744667;62.801437;50.093105;0.010277179;955824.25;933445.5;0.22499964;5.214255e-07;7.643662e-07;3.523798e-07;0.00058599026;0.0007134418;1.8912251e-05;1.8623558e-06;3.733612e-06;2.7466975e-05;1.0000025e-06;1.000003e-06;2.5632487e-05;1.0;1.0;5138.192;25
701136307;700964833;0.88500386;-0.008977281;-0.0033586551;-0.4654852;-100.0;10.897303;0.24111496;0.0;0.0;-0.48646167;-0.00037205315;-0.0047740927;-0.0007378842;0.25170878;0.030790037;-0.07883037;0.26536095;-0.00019813207;-0.16809161;0.15808475;-0.0031690907;-0.18126771;0.0;0.0;-1.3334575;0.0002590529;0.00033879638;0.00030749472;63.053738;50.425068;0.010008773;961942.25;938413.75;0.22262692;5.2227244e-07;7.658002e-07;3.52301e-07;0.0005859779;0.000713261;1.8910647e-05;1.8605334e-06;3.7325174e-06;2.7462904e-05;1.0000008e-06;1.0000008e-06;2.5630035e-05;1.0;1.0;5149.5625;25
701640075;701468676;0.882316;-0.005758691;0.00044911297;-0.4706221;-99.97675;10.923995;0.24366917;0.0;0.0;-0.41233838;-0.00036495473;-0.004943691;-0.0007345682;0.2519072;0.030381339;-0.078669555;0.26538077;-0.00019787384;-0.16807014;0.15807253;-0.0031403424;-0.18117684;0.0;0.0;-1.3334575;0.00026217257;0.0003380593;0.0003086848;63.336845;50.804527;0.009963953;968276.9;943513.5;0.22498101;5.2365925e-07;7.677796e-07;3.529715e-07;0.0005859719;0.000713115;1.8913208e-05;1.859697e-06;3.7323177e-06;2.7461656e-05;1.0000022e-06;1.0000028e-06;2.5629073e-05;1.0;1.0;5161.244;25
702134963;701963522;0.8775549;0.0015937376;0.005861028;-0.4794377;-99.97737;11.002303;0.25160804;0.0;0.0;-0.3570528;-0.00034898604;-0.0051374054;-0.00073414476;0.2521685;0.02986583;-0.0784561;0.26540872;-0.0001975878;-0.16804357;0.15805775;-0.003107908;-0.18106894;0.0;0.0;-1.3334575;0.00026456435;0.00033605733;0.0003087476;63.57834;51.14016;0.009785389;974434.2;948529.0;0.22238977;5.2413293e-07;7.6918883e-07;3.5289602e-07;0.00058595237;0.0007129286;1.8902823e-05;1.857792e-06;3.7312293e-06;2.7458658e-05;1.0000008e-06;1.0000008e-06;2.562761e-05;1.0;1.0;5172.616;25
702638786;702467365;0.8750327;-0.11004493;0.055399526;-0.46812272;-99.96156;11.127194;0.24179669;0.0;0.0;-0.3031145;-0.00031223433;-0.0053006825;-0.0006943025;0.2526102;0.02923255;-0.07823427;0.26549402;-0.00019731426;-0.16850589;0.15802608;-0.00306119;-0.18049209;0.0;0.0;-1.3334575;0.00026795288;0.00033522374;0.00030906557;63.8389;51.520508;0.009485538;980813.6;953679.44;0.22049785;5.2529583e-07;7.708052e-07;3.529471e-07;0.00058593217;0.000712774;1.8897772e-05;1.8560902e-06;3.730247e-06;2.7379194e-05;1.0000009e-06;1.0000009e-06;2.5555652e-05;1.0;1.0;5184.2983;25
703133622;702962211;0.8784936;-0.05837301;-0.10058753;-0.46338308;-99.95407;11.179479;0.2358511;0.0;0.0;-0.24142312;-0.00026795457;-0.0054450827;-0.0006488163;0.25292882;0.028718848;-0.07803843;0.26547304;-0.00019626216;-0.16837502;0.15803239;-0.003071645;-0.1804666;0.0;0.0;-1.3334575;0.00027220114;0.00033449315;0.0003097226;64.11197;51.93482;0.009625683;987111.5;958758.75;0.22183895;5.265465e-07;7.727042e-07;3.5351346e-07;0.000585919;0.00071263156;1.8891737e-05;1.855107e-06;3.7299674e-06;2.7313661e-05;1.0000033e-06;1.0000033e-06;2.5486801e-05;1.0;1.0;5195.7197;25
703637607;703466101;0.8747401;0.019251432;0.04104687;-0.48246682;-99.96537;11.296816;0.22823855;0.0;0.0;-0.22528832;-0.00021621173;-0.005612444;-0.0006227054;0.25326222;0.028177455;-0.07779026;0.26546067;-0.00019516668;-0.16827063;0.15802446;-0.0030747594;-0.18041596;0.0;0.0;-1.3334575;0.00027644797;0.00033329127;0.0003099798;64.36996;52.337345;0.009477313;993508.06;963957.2;0.21977326;5.2739335e-07;7.741544e-07;3.536069e-07;0.00058588706;0.00071245135;1.8876462e-05;1.8534107e-06;3.7289826e-06;2.727242e-05;1.0000017e-06;1.0000011e-06;2.5443887e-05;1.0;1.0;5207.359;25
704141536;703969897;0.8624463;0.034340244;0.039827615;-0.5034093;-99.96529;11.391883;0.23439312;0.0;0.0;-0.20345674;-0.00017293576;-0.0057891333;-0.0006469025;0.25368077;0.027485227;-0.07748145;0.2655161;-0.00019493593;-0.16831818;0.15800308;-0.0030363011;-0.18022782;0.0;0.0;-1.3334575;0.00028041998;0.00033159374;0.0003106434;64.618195;52.74421;0.009381566;999915.4;969179.2;0.21772926;5.280617e-07;7.754204e-07;3.537364e-07;0.00058583065;0.000712243;1.8853929e-05;1.8517026e-06;3.7279958e-06;2.7242984e-05;1e-06;1e-06;2.541748e-05;1.0;1.0;5218.976;25
704636532;704464743;0.86177427;0.008674349;0.011234347;-0.5070933;-100.14228;11.328186;0.34198818;0.0;0.0;-0.15336914;-0.00013197021;-0.0059679192;-0.0006746747;0.25407922;0.026878975;-0.07721468;0.26558417;-0.00019503837;-0.16846055;0.1579757;-0.0029892456;-0.17996055;0.0;0.0;-1.3334575;0.00028430254;0.0003293821;0.00031133037;60.574516;53.08881;0.009335366;914819.06;974339.94;0.21898049;5.28584e-07;7.7649315e-07;3.5380268e-07;0.00058559026;0.00070972147;1.882482e-05;1.8331205e-06;3.726941e-06;2.7117803e-05;1e-06;1e-06;2.5348629e-05;1.0;1.0;5230.4204;25
705140209;704968586;0.8599624;6.937273e-05;-0.0121795805;-0.51021206;-99.97451;11.526173;0.26984206;0.0;0.0;-0.14311545;-6.695057e-05;-0.0061020306;-0.00066702603;0.2545455;0.026158487;-0.076862335;0.2656027;-0.00019445863;-0.16835615;0.15796705;-0.0029871226;-0.17991401;0.0;0.0;-1.3334575;0.0002894314;0.00032842206;0.00031281947;60.833958;53.555046;0.009291926;920769.75;979623.5;0.21700591;5.298539e-07;7.780372e-07;3.5455167e-07;0.00058553595;0.0007095265;1.8797693e-05;1.8321975e-06;3.7267512e-06;2.7115939e-05;1.0000001e-06;1e-06;2.5346608e-05;1.0;1.0;5242.039;25
705635142;705463432;0.8589202;0.0020953189;-0.0023179806;-0.5121001;-99.97214;11.52361;0.23849438;0.0;0.0;-0.12681793;2.5520036e-05;-0.0062524774;-0.0006604521;0.25508606;0.025287652;-0.07646253;0.2656225;-0.00019374171;-0.16821384;0.15795699;-0.00298801;-0.1798717;0.0;0.0;-1.3334575;0.00029340797;0.00032577277;0.00031314604;61.056225;53.95907;0.009263618;926577.7;984834.25;0.21451811;5.299349e-07;7.786817e-07;3.5458064e-07;0.0005854689;0.0007092701;1.8752184e-05;1.8302957e-06;3.725702e-06;2.7114811e-05;1e-06;1e-06;2.534593e-05;1.0;1.0;5253.489;25
706138855;705967275;0.85766;-0.0015059868;-0.0076375343;-0.51415825;-99.998535;11.460136;0.24630612;0.0;0.0;-0.0876208;0.00013019919;-0.006395413;-0.0006552939;0.2556166;0.024423193;-0.07607332;0.26564574;-0.00019304919;-0.168085;0.15794703;-0.0029889941;-0.17982171;0.0;0.0;-1.3334575;0.00029713818;0.0003225379;0.00031352846;61.280506;54.35157;0.009350763;932526.7;990158.3;0.21647947;5.296779e-07;7.79073e-07;3.5467025e-07;0.0005854034;0.00070899783;1.8702125e-05;1.8284752e-06;3.7247305e-06;2.711366e-05;1e-06;1e-06;2.5345404e-05;1.0;1.0;5265.1064;25
706633693;706462121;0.8438895;-0.0004152651;-0.0044903243;-0.5364983;-99.97339;11.46366;0.24116234;0.0;0.0;-0.09288161;0.0002231149;-0.0065149623;-0.0006491136;0.25615427;0.023570098;-0.075661056;0.26566774;-0.00019236443;-0.16795367;0.15793984;-0.0029935106;-0.1797849;0.0;0.0;-1.3334575;0.00030264337;0.0003213841;0.00031498683;61.52063;54.821007;0.009383001;938440.75;995432.4;0.21425763;5.3081897e-07;7.80099e-07;3.5537533e-07;0.0005853405;0.00070876296;1.8653558e-05;1.8274349e-06;3.72447e-06;2.711349e-05;1e-06;1e-06;2.5345184e-05;1.0;1.0;5276.5293;25
707137605;706965964;0.80665565;0.049935352;0.060042396;-0.5858398;-99.96702;11.432679;0.20591143;0.0;0.0;-0.09531884;0.0003404059;-0.0066579776;-0.0006556602;0.25675353;0.022596285;-0.075196214;0.2656921;-0.00019169733;-0.16782156;0.15792158;-0.002999919;-0.17972107;0.0;0.0;-1.3334575;0.00030868003;0.00032095553;0.00031596218;61.7618;52.69506;0.009504578;944515.75;909855.75;0.21280038;5.323552e-07;7.8081905e-07;3.556392e-07;0.000585089;0.0007085109;1.8600427e-05;1.8256919e-06;3.7234925e-06;2.710411e-05;1e-06;1e-06;2.5337002e-05;1.0;1.0;5288.17;25
707641239;707469854;0.7688843;0.03636509;0.059365336;-0.63558656;-99.94565;11.33802;0.2449234;0.0;0.0;-0.09925902;0.00043782764;-0.006832465;-0.00070870464;0.25731987;0.021684166;-0.07472397;0.26572108;-0.00019183454;-0.1677987;0.15789025;-0.0029912496;-0.17955895;0.0;0.0;-1.3334575;0.00031500414;0.0003211866;0.00031735678;62.021893;53.242542;0.009525716;950639.75;914806.3;0.21151374;5.3445444e-07;7.816505e-07;3.5600314e-07;0.00058502343;0.00070829305;1.8546949e-05;1.823875e-06;3.7225313e-06;2.7052403e-05;1e-06;1e-06;2.5286952e-05;1.0;1.0;5299.788;25
708136065;707964700;0.7306293;-0.004327388;-0.032189153;-0.6820015;-100.0;11.294011;0.23632336;0.0;0.0;-0.07122514;0.00053675397;-0.0069750445;-0.00074588426;0.25782305;0.020873189;-0.074306406;0.26571506;-0.00019191588;-0.16772269;0.15787198;-0.0030047307;-0.17945719;0.0;0.0;-1.3334575;0.00032013695;0.00032080768;0.0003191954;62.284424;53.776234;0.009735508;956704.7;919698.06;0.2135435;5.363402e-07;7.826135e-07;3.568574e-07;0.0005849744;0.00070807425;1.849117e-05;1.8225134e-06;3.7222871e-06;2.7018901e-05;1.0000025e-06;1.0000025e-06;2.5253441e-05;1.0;1.0;5311.2554;25
708640139;708468495;0.7051041;-0.0046240925;0.012539083;-0.70897794;-99.965294;11.039778;0.26094523;0.0;0.0;-0.07519356;0.0006960065;-0.007098314;-0.0007367232;0.25858065;0.019751018;-0.07378542;0.26579377;-0.00019175671;-0.16813885;0.15781687;-0.0030163093;-0.17886448;0.0;0.0;-1.3334575;0.00032484095;0.0003209016;0.00032021062;62.538074;54.322006;0.009729941;962914.5;924705.4;0.21263784;5.3842155e-07;7.8332874e-07;3.5720078e-07;0.00058492675;0.00070782687;1.8420717e-05;1.8201116e-06;3.7213301e-06;2.6913338e-05;1e-06;1e-06;2.5157338e-05;1.0;1.0;5322.8667;25
709134759;708963341;0.6527988;0.031603657;-0.04829704;-0.7553293;-100.0;10.847545;0.21327715;0.0;0.0;-0.063945204;0.00086050836;-0.0071903584;-0.00073881523;0.25921667;0.018702202;-0.07327266;0.26566955;-0.0001911376;-0.16788864;0.15783295;-0.0030898873;-0.17884895;0.0;0.0;-1.3334575;0.00032941793;0.00032072142;0.0003207921;62.80034;54.88621;0.010114401;969012.3;929652.25;0.21513459;5.401824e-07;7.8384704e-07;3.5743847e-07;0.000584889;0.0007075782;1.8350098e-05;1.8176875e-06;3.7203022e-06;2.6877911e-05;1.0000017e-06;1.0000017e-06;2.5115227e-05;1.0;1.0;5334.307;25
709638913;709467184;0.5678812;-0.031744726;0.0783779;-0.81875527;-100.14019;10.51055;0.20565608;0.0;0.0;-0.08230368;0.0010407709;-0.007288577;-0.00076458;0.25988522;0.01754582;-0.07269028;0.26565033;-0.00019073163;-0.16782781;0.15780737;-0.003152518;-0.17868865;0.0;0.0;-1.3334575;0.00033311086;0.00032127867;0.00032183633;63.060722;55.46015;0.01021712;975292.4;934722.5;0.21473604;5.425445e-07;7.847276e-07;3.5785408e-07;0.00058486115;0.0007073071;1.8264349e-05;1.8149201e-06;3.7193468e-06;2.6843829e-05;1e-06;1e-06;2.5084304e-05;1.0;1.0;5345.905;25
710133701;709962029;0.5279357;0.011712497;0.03166993;-0.84861284;-99.963234;10.123065;0.18496607;0.0;0.0;-0.119357504;0.0012045072;-0.0073484746;-0.0007908228;0.26047903;0.016445283;-0.07213355;0.2656518;-0.00019033307;-0.16774271;0.15777971;-0.0032103937;-0.17858158;0.0;0.0;-1.3334575;0.00033492097;0.00032142308;0.00032356515;63.31172;56.008087;0.0103730485;981495.8;939729.0;0.213965;5.4476754e-07;7.858287e-07;3.5874484e-07;0.0005848358;0.0007070071;1.8165667e-05;1.8127868e-06;3.719103e-06;2.680857e-05;1e-06;1e-06;2.5052992e-05;1.0;1.0;5357.3237;25
710637313;710465872;0.43589753;-0.008735228;0.02535821;-0.8995967;-99.902565;9.757232;0.13104258;0.0;0.0;-0.1743302;0.0014049208;-0.00734003;-0.00076024566;0.26120776;0.015235367;-0.071543016;0.26552242;-0.00018913753;-0.16760983;0.15780415;-0.0033300824;-0.17846355;0.0;0.0;-1.3334575;0.00033540768;0.00032132122;0.00032409796;63.560596;56.54481;0.010735594;987792.44;944845.44;0.21403033;5.4660626e-07;7.864625e-07;3.5902306e-07;0.00058480096;0.0007066667;1.8054883e-05;1.8096905e-06;3.718149e-06;2.6776437e-05;1e-06;1e-06;2.501682e-05;1.0;1.0;5368.907;25
711141107;710969715;0.33091515;-0.07085512;-0.05676256;-0.9392832;-99.875;9.315728;0.0072563905;0.0;0.0;-0.20981747;0.001589702;-0.007286349;-0.00069378223;0.2618331;0.014327384;-0.071168646;0.2654549;-0.00018751618;-0.1678332;0.1578148;-0.0034463755;-0.17804208;0.0;0.0;-1.3334575;0.00033472953;0.00032230304;0.00032433937;63.833138;57.121353;0.010965137;994209.0;950000.75;0.21807317;5.4903353e-07;7.876558e-07;3.5929526e-07;0.00058478717;0.000706453;1.7991322e-05;1.8065698e-06;3.7171937e-06;2.6695818e-05;1.0000008e-06;1.0000008e-06;2.4938296e-05;1.0;1.0;5380.463;25
711636007;711464561;0.32350132;-0.01558331;0.08529738;-0.9422465;-99.85266;8.673221;0.18457732;0.0;0.0;-0.3201212;0.001730814;-0.007281112;-0.0007327074;0.26220775;0.0137023525;-0.0708324;0.26531407;-0.00018750376;-0.16786398;0.15783843;-0.0035381506;-0.1778009;0.0;0.0;-1.3334575;0.0003334213;0.00032323273;0.00032624233;59.896744;57.615547;0.010861851;909584.7;955092.1;0.21786751;5.51591e-07;7.892492e-07;3.6016615e-07;0.0005847786;0.00070625177;1.7923814e-05;1.789332e-06;3.7169455e-06;2.649107e-05;1.0000016e-06;1.0000016e-06;2.477185e-05;1.0;1.0;5391.852;25
712139880;711968451;0.19398215;-0.0015014639;-0.120385855;-0.97358924;-99.97469;8.396086;0.116143666;0.0;0.0;-0.39474994;0.0019078677;-0.007183225;-0.00067407696;0.26286694;0.012684029;-0.070364945;0.2652144;-0.00018567905;-0.16790818;0.15786737;-0.0036646219;-0.17756975;0.0;0.0;-1.3334575;0.0003303951;0.0003245618;0.00032667432;60.143826;58.144295;0.011467839;915509.9;960294.3;0.21829765;5.538468e-07;7.9039035e-07;3.6041098e-07;0.0005847483;0.0007059268;1.7791725e-05;1.7864575e-06;3.7159853e-06;2.6429138e-05;1e-06;1e-06;2.470526e-05;1.0;1.0;5403.396;25
712634704;712463296;0.088144116;0.03221637;0.08637731;-0.9918325;-100.0;7.4871936;-0.03620753;0.0;0.0;-0.4958959;0.0020648912;-0.007090395;-0.0006541771;0.26341397;0.011764977;-0.06991753;0.26521295;-0.0001842971;-0.16801491;0.1578571;-0.003776343;-0.17734936;0.0;0.0;-1.3334575;0.00032484773;0.0003261069;0.00032646712;60.397537;58.629833;0.010981047;921446.0;965435.75;0.22235236;5.562021e-07;7.9165653e-07;3.6057878e-07;0.00058474124;0.00070565136;1.7672712e-05;1.7834714e-06;3.7149498e-06;2.6330188e-05;1.0000008e-06;1.0000008e-06;2.4612411e-05;1.0;1.0;5414.7617;25
713138515;712967092;0.065959856;-0.10166438;0.12741452;-0.9844182;-99.95182;7.370702;0.032144353;0.0;0.0;-0.580392;0.002175313;-0.006973815;-0.00059335347;0.26372445;0.011356734;-0.06976234;0.26520404;-0.00018252761;-0.16820559;0.15786687;-0.0038697328;-0.17707516;0.0;0.0;-1.3334575;0.0003179641;0.00032772534;0.000327111;60.635406;59.07974;0.011533912;927503.5;970682.25;0.22297187;5.585864e-07;7.931905e-07;3.6125655e-07;0.0005847486;0.0007055374;1.7631157e-05;1.7817251e-06;3.714775e-06;2.6271955e-05;1.0000016e-06;1.0000016e-06;2.4555744e-05;1.0;1.0;5426.2915;25
713633429;713461937;0.03851606;-0.028682193;-0.1216413;-0.99141175;-99.96122;6.937644;0.010444934;0.0;0.0;-0.6917955;0.0022985027;-0.0068837074;-0.00060044636;0.26389915;0.011041449;-0.06959262;0.2651904;-0.00018198122;-0.1683309;0.15785468;-0.0039542597;-0.17685577;0.0;0.0;-1.3334575;0.00031125738;0.00032967888;0.00032690022;60.882614;59.518856;0.0118357865;933540.2;975864.6;0.22687128;5.6089254e-07;7.9452536e-07;3.6132937e-07;0.0005847672;0.00070542784;1.7587601e-05;1.7791752e-06;3.7137434e-06;2.6076947e-05;1.0000033e-06;1.0000033e-06;2.4361696e-05;1.0;1.0;5437.646;25
714137208;713965780;-0.01080512;0.00066706893;-0.01878625;-0.9997649;-100.0;6.426827;-0.02600041;0.0;0.0;-0.80657256;0.0024071825;-0.0067430437;-0.00054461387;0.26430774;0.010419411;-0.069331326;0.26515374;-0.00018015633;-0.16830622;0.15787233;-0.0040634912;-0.17678808;0.0;0.0;-1.3334575;0.00030298246;0.00033077222;0.00032647548;61.124443;59.8298;0.011598287;939671.44;981135.06;0.22741535;5.627788e-07;7.951723e-07;3.6126394e-07;0.00058474595;0.0007051037;1.7431259e-05;1.7767239e-06;3.7127884e-06;2.6057467e-05;1.0000008e-06;1.0000008e-06;2.4339122e-05;1.0;1.0;5449.165;25
714641165;714469624;-0.06252746;0.002503813;-0.008348718;-0.9980052;-99.98626;6.1882086;-0.0654388;0.0;0.0;-0.9044417;0.0024834145;-0.0066176616;-0.00049634726;0.26460603;0.009964195;-0.0691455;0.2651473;-0.00017856808;-0.16831271;0.15787992;-0.0041478444;-0.17673421;0.0;0.0;-1.3334575;0.0002928228;0.00033054882;0.00032648447;61.357502;60.034172;0.0117145;945822.2;986402.5;0.22771573;5.644647e-07;7.9541894e-07;3.6168197e-07;0.0005847246;0.00070476055;1.7269529e-05;1.7751581e-06;3.7126188e-06;2.6058206e-05;1e-06;1.0000015e-06;2.433817e-05;1.0;1.0;5460.688;25
715135884;714964468;-0.051825397;-0.016921947;-0.0043341354;-0.9985034;-99.99674;5.8330503;-0.055792697;0.0;0.0;-1.0081506;0.0025579317;-0.006470694;-0.00044263565;0.2649109;0.009504627;-0.0689765;0.26513484;-0.00017675155;-0.16825794;0.15789343;-0.00424283;-0.1767357;0.0;0.0;-1.3334575;0.00028298123;0.00033065447;0.00032537256;61.581585;60.192703;0.011612295;951921.1;991593.6;0.22716102;5.660798e-07;7.953785e-07;3.6135856e-07;0.00058470207;0.00070442865;1.7107783e-05;1.7728304e-06;3.7115922e-06;2.6059533e-05;1e-06;1e-06;2.4337043e-05;1.0;1.0;5472.03;25
715639875;715468310;0.046373677;-0.121148996;-0.033058833;-0.99099934;-99.99865;5.661218;-0.16919155;0.0;0.0;-1.0845561;0.0026102301;-0.006331851;-0.00038640728;0.2652551;0.0091470415;-0.06891383;0.26516798;-0.00017553015;-0.16869646;0.15788105;-0.00430362;-0.17627752;0.0;0.0;-1.3334575;0.00027459307;0.0003315097;0.00032363107;61.84201;60.38841;0.011763853;958219.2;996909.06;0.2313753;5.6806556e-07;7.9565615e-07;3.6114784e-07;0.0005846856;0.00070414814;1.697055e-05;1.7706221e-06;3.7106429e-06;2.5966576e-05;1e-06;1.0000002e-06;2.4256364e-05;1.0;1.0;5483.538;25
716134599;715963156;0.17299084;0.13160907;0.03467283;-0.9754748;-100.0;5.40243;-0.16346985;0.0;0.0;-1.2310338;0.002677638;-0.0061495937;-0.00033226243;0.26552612;0.008796457;-0.06882958;0.26511672;-0.00017402081;-0.16868837;0.1579004;-0.004368906;-0.17620264;0.0;0.0;-1.3334575;0.00026831817;0.00033313665;0.00032333215;62.102886;57.810795;0.011709929;964450.25;911039.7;0.23055777;5.6995344e-07;7.9611306e-07;3.6149697e-07;0.0005844813;0.00070385373;1.6810565e-05;1.7693696e-06;3.710382e-06;2.594203e-05;1.0000016e-06;1.0000045e-06;2.4230323e-05;1.0;1.0;5494.8716;25
716638430;716467046;0.23956412;-0.00090290396;0.0027553688;-0.9708763;-99.98243;5.282176;-0.18258196;0.0;0.0;-1.3222147;0.0027514875;-0.00595034;-0.00029481447;0.26574907;0.008563742;-0.068848714;0.26499626;-0.00017276328;-0.1685124;0.15794455;-0.0044358834;-0.17624567;0.0;0.0;-1.3334575;0.00026483412;0.0003358324;0.00032272117;62.415806;57.93121;0.011795404;970884.4;915913.44;0.23022571;5.7183297e-07;7.964699e-07;3.6139718e-07;0.00058444426;0.000703604;1.6659378e-05;1.76764e-06;3.709432e-06;2.5920339e-05;1e-06;1.0000025e-06;2.4201208e-05;1.0;1.0;5506.3745;25
717133498;716961891;0.18302488;0.068895794;0.02919402;-0.98025656;-99.997444;5.0958967;-0.16239047;0.0;0.0;-1.4382517;0.0028295207;-0.005734601;-0.00026279612;0.26594263;0.008367434;-0.06889945;0.26489237;-0.00017159522;-0.16834523;0.15798484;-0.004489168;-0.17628677;0.0;0.0;-1.3334575;0.00026113776;0.00033732108;0.00032183266;62.711746;58.020683;0.011803367;977227.3;920716.7;0.23367414;5.736615e-07;7.9620764e-07;3.611718e-07;0.0005844088;0.00070339075;1.6529866e-05;1.7657617e-06;3.7084048e-06;2.5911877e-05;1e-06;1.0000002e-06;2.4186555e-05;1.0;1.0;5517.7065;25
717637538;717465687;0.17034705;-0.0013543777;-0.0042553735;-0.98537403;-100.15741;5.0399675;-0.21607119;0.0;0.0;-1.5475551;0.0028972125;-0.005501133;-0.00021541666;0.26612318;0.008232667;-0.06899999;0.26480123;-0.00017015422;-0.16826624;0.15802743;-0.004546467;-0.17626767;0.0;0.0;-1.3334575;0.0002559757;0.0003377577;0.00032057762;63.004757;57.98909;0.012076466;983698.06;925591.5;0.23321338;5.752718e-07;7.952892e-07;3.609245e-07;0.00058436894;0.0007031625;1.638357e-05;1.7638365e-06;3.7074508e-06;2.5912741e-05;1e-06;1e-06;2.4184108e-05;1.0;1.0;5529.209;25
718140963;717969529;0.17638938;0.0069281496;0.010743091;-0.9842375;-99.948875;5.0928035;-0.21246094;0.0;0.0;-1.6454574;0.002947583;-0.0053004758;-0.00017473947;0.26623422;0.0081802625;-0.06918266;0.26471293;-0.00016886284;-0.1681176;0.1580664;-0.004598257;-0.17631106;0.0;0.0;-1.3334575;0.0002513527;0.00033842446;0.00032034484;63.31206;57.946423;0.0120661175;990238.8;930485.7;0.2328747;5.770705e-07;7.9479435e-07;3.613164e-07;0.0005843331;0.00070296304;1.6243242e-05;1.7628967e-06;3.7072855e-06;2.591124e-05;1.0000008e-06;1.0000042e-06;2.4177189e-05;1.0;1.0;5540.734;25
718635844;718464374;0.19401766;-0.0012187833;0.017303556;-0.98084474;-99.96691;5.284513;-0.24825408;0.0;0.0;-1.7397318;0.0029970384;-0.005053103;-0.000113514354;0.26635346;0.008156852;-0.06944702;0.26460397;-0.00016709602;-0.16798541;0.15811628;-0.0046508876;-0.17631562;0.0;0.0;-1.3334575;0.00024808044;0.00033954156;0.00031920234;63.619576;57.94626;0.012382034;996717.06;935324.94;0.23632444;5.7883886e-07;7.940805e-07;3.6102415e-07;0.0005843052;0.00070281;1.6127009e-05;1.7611958e-06;3.7062503e-06;2.5904748e-05;1.0000024e-06;1.0000024e-06;2.4164257e-05;1.0;1.0;5552.0435;25
719139656;718968216;0.22173524;-0.026956929;0.08633715;-0.9709031;-100.0;5.3111777;-0.329174;0.0;0.0;-1.8393228;0.0030581914;-0.0048055206;-8.819888e-05;0.26644892;0.008133787;-0.069657706;0.26453796;-0.00016618318;-0.16795442;0.15815204;-0.0046952767;-0.17624402;0.0;0.0;-1.3334575;0.00024476805;0.00034031647;0.00031799992;59.81546;57.821964;0.012467181;912176.44;940239.8;0.23612972;5.804585e-07;7.9326134e-07;3.6084842e-07;0.00058421737;0.0007007218;1.6034563e-05;1.7454643e-06;3.7053012e-06;2.5825602e-05;1.0000009e-06;1.0000009e-06;2.4131086e-05;1.0;1.0;5563.617;25
719634502;719463062;0.25498918;0.014037947;-0.059899207;-0.9649848;-99.995575;6.039028;-0.3187337;0.0;0.0;-1.9325591;0.0030895097;-0.004581903;-2.286022e-05;0.26651677;0.008252493;-0.070040524;0.26446244;-0.00016480901;-0.16801946;0.15819602;-0.0047097667;-0.17607787;0.0;0.0;-1.3334575;0.00024292766;0.0003424756;0.00031746455;60.140675;57.770523;0.013020278;918199.25;945095.1;0.23523027;5.822622e-07;7.9308404e-07;3.6114955e-07;0.0005842049;0.00070060365;1.591194e-05;1.7448448e-06;3.705045e-06;2.5808486e-05;1e-06;1.0000048e-06;2.4111314e-05;1.0;1.0;5574.9146;25
720138320;719966904;0.25633785;-0.0103411125;0.036640253;-0.96583724;-99.94322;6.4478936;-0.30282286;0.0;0.0;-2.0517874;0.003125732;-0.004326119;5.471265e-05;0.26659307;0.0083287;-0.07032011;0.2643684;-0.00016300785;-0.1680834;0.15824974;-0.0047236923;-0.17589499;0.0;0.0;-1.3334575;0.00024241595;0.00034532094;0.00031631626;60.47519;57.77105;0.013243957;924385.1;950084.56;0.23993325;5.8411695e-07;7.9282825e-07;3.609424e-07;0.0005842142;0.00070056535;1.5864945e-05;1.7436432e-06;3.704084e-06;2.5776304e-05;1.0000033e-06;1.0000033e-06;2.4075238e-05;1.0;1.0;5586.434;25
720633334;720461749;0.27457565;-0.013396924;0.014639083;-0.96136075;-100.00553;6.9540105;-0.36614522;0.0;0.0;-2.1465821;0.0031776524;-0.004064697;9.946006e-05;0.2666052;0.008560663;-0.070866756;0.2642903;-0.00016179295;-0.1680601;0.15829602;-0.004746461;-0.17580277;0.0;0.0;-1.3334575;0.00024099647;0.00034667412;0.00031497653;60.792694;57.64855;0.013473993;930475.56;954963.94;0.23926902;5.8573465e-07;7.917598e-07;3.6066803e-07;0.0005842122;0.0007004809;1.5753396e-05;1.7421632e-06;3.7030459e-06;2.5770294e-05;1e-06;1.0000002e-06;2.4068231e-05;1.0;1.0;5597.7896;25
721137214;720965639;0.29934722;0.0746309;0.016778622;-0.9510731;-99.985245;7.7070956;-0.3025502;0.0;0.0;-2.2373018;0.0032238653;-0.003862877;0.00012703855;0.26658165;0.008776476;-0.07141412;0.26420066;-0.00016095811;-0.16789792;0.15833528;-0.0047719944;-0.17582478;0.0;0.0;-1.3334575;0.00024015673;0.00034761295;0.00031485304;61.115658;57.521946;0.013469317;936696.44;959942.0;0.23958562;5.876889e-07;7.9105104e-07;3.611091e-07;0.0005842087;0.00070041453;1.5649295e-05;1.7415748e-06;3.7028683e-06;2.5754387e-05;1e-06;1.0000023e-06;2.4046269e-05;1.0;1.0;5609.323;25
721640896;721469434;0.33837384;-0.015800295;0.003364642;-0.9408732;-99.97369;8.555916;-0.39351526;0.0;0.0;-2.3536572;0.0032833396;-0.0036000519;0.00017069357;0.26661545;0.008973027;-0.07201516;0.26411447;-0.00015985835;-0.16784763;0.15839078;-0.004787881;-0.17573172;0.0;0.0;-1.3334575;0.00024071935;0.0003494304;0.00031396182;61.451256;57.46097;0.014435025;942977.9;964968.7;0.24479002;5.8951105e-07;7.903749e-07;3.6098126e-07;0.0005842192;0.0007003813;1.5566502e-05;1.7402866e-06;3.7019065e-06;2.5750704e-05;1.0000041e-06;1.0000041e-06;2.4040586e-05;1.0;1.0;5620.8965;25
722135733;721964279;0.37116495;-0.0066853133;-0.0063519734;-0.9285212;-99.98959;9.398646;-0.44108075;0.0;0.0;-2.4832764;0.0033520786;-0.0033170835;0.0002211555;0.26665425;0.0091915885;-0.072701946;0.26404023;-0.00015870626;-0.16783445;0.15845025;-0.0047895354;-0.17559241;0.0;0.0;-1.3334575;0.00024093366;0.00035037874;0.00031267002;61.768032;57.303764;0.0148348715;949153.06;969883.06;0.24466687;5.911334e-07;7.891932e-07;3.6071086e-07;0.00058423285;0.0007003512;1.5474154e-05;1.7388085e-06;3.700861e-06;2.5747397e-05;1.0000016e-06;1.0000016e-06;2.4037501e-05;1.0;1.0;5632.267;25
722639849;722468122;0.4023891;0.055452842;0.017292691;-0.9136241;-100.14155;10.507482;-0.49453548;0.0;0.0;-2.6032984;0.0034411792;-0.003040765;0.0002523042;0.26666117;0.009457379;-0.07349329;0.26395035;-0.00015803616;-0.16770226;0.15851496;-0.0047939937;-0.17554396;0.0;0.0;-1.3334575;0.00024100143;0.00034979987;0.00031147015;62.073174;57.109528;0.015456446;955418.56;974889.1;0.24548258;5.928235e-07;7.875784e-07;3.605022e-07;0.00058424595;0.0007003202;1.5388929e-05;1.737235e-06;3.6998936e-06;2.5745378e-05;1e-06;1e-06;2.403402e-05;1.0;1.0;5643.8525;25
723134455;722962967;0.4514759;-0.03471619;0.077965125;-0.8881925;-99.96609;11.606455;-0.4694342;0.0;0.0;-2.717803;0.0035335908;-0.0028411923;0.00026027084;0.26669875;0.009645738;-0.07418575;0.26388595;-0.0001580712;-0.16758102;0.15856732;-0.0047979797;-0.17549497;0.0;0.0;-1.3334575;0.0002425725;0.000350364;0.00031151672;62.389786;56.99789;0.015926093;961646.1;979856.44;0.25079656;5.948302e-07;7.870046e-07;3.6092715e-07;0.0005842639;0.0007003122;1.5323236e-05;1.736562e-06;3.6996362e-06;2.5737456e-05;1.0000019e-06;1.0000032e-06;2.4024355e-05;1.0;1.0;5655.2876;25
723638221;723466809;0.4831347;-0.008204493;0.0167563;-0.8753473;-99.99122;12.728814;-0.5341038;0.0;0.0;-2.8345256;0.0036717507;-0.002607439;0.00024036359;0.2668555;0.009809403;-0.07503348;0.26391146;-0.00015947812;-0.16790837;0.15859722;-0.004778634;-0.175023;0.0;0.0;-1.3334575;0.00024258549;0.00034858883;0.0003105898;62.675423;56.764076;0.016543698;967947.1;984880.9;0.251939;5.964545e-07;7.8516797e-07;3.607404e-07;0.00058427843;0.0007002895;1.5251177e-05;1.7348582e-06;3.6986687e-06;2.5648675e-05;1.0000008e-06;1.0000008e-06;2.394399e-05;1.0;1.0;5666.923;25
724133303;723961654;0.5095318;0.05151774;-0.092910156;-0.8538683;-100.10254;14.153596;-0.52184445;0.0;0.0;-2.9487288;0.0038039002;-0.0023762356;0.00027092715;0.26689938;0.010100808;-0.075937666;0.26386073;-0.00015947245;-0.16775408;0.15866612;-0.0047502182;-0.17496376;0.0;0.0;-1.3334575;0.00024400526;0.00034853094;0.00030940276;62.970512;56.556477;0.01706645;974191.7;989840.9;0.25263304;5.9805575e-07;7.8400836e-07;3.604289e-07;0.0005843001;0.00070028054;1.5185774e-05;1.7333751e-06;3.6976305e-06;2.5629797e-05;1e-06;1e-06;2.3924582e-05;1.0;1.0;5678.422;25
724636922;724465496;0.7167402;0.0084593715;-0.0088197505;-0.69723326;-99.45378;15.853893;-0.4516334;0.0;0.0;-2.8983176;0.0037681668;-0.0024456077;0.00029659644;0.26695877;0.010227737;-0.07632028;0.26390478;-0.00016678618;-0.16811895;0.005410102;-0.009591909;-0.042844255;0.0;0.0;-1.3334575;0.0002453297;0.0003435221;0.0291503;63.327892;56.434372;0.017855065;980578.94;994929.6;0.26037824;6.0210306e-07;7.850568e-07;3.6460122e-07;0.0005843167;0.00070026575;1.5143388e-05;1.7364627e-06;3.6967697e-06;2.5435922e-05;0.0018228407;0.00042396734;0.00044851378;1.0;1.0;5690.093;25
725141018;724969386;0.72246253;9.251538e-05;0.0007412364;-0.6914097;-98.95545;17.539354;-0.37226385;0.0;0.0;-2.7907124;0.0037442052;-0.0024969568;0.00031737064;0.26689658;0.010455724;-0.07674558;0.2639448;-0.00016602859;-0.16808584;0.00540134;-0.008155333;-0.04504307;0.0;0.0;-1.3334575;0.00024542987;0.0003398806;0.027112966;63.688038;56.206287;0.018497799;986951.94;999998.9;0.26299852;6.062215e-07;7.853205e-07;3.6873277e-07;0.00058434927;0.0007002458;1.5099006e-05;1.7396845e-06;3.695772e-06;2.5416208e-05;0.0017957555;0.00020203386;0.00023126107;1.0;1.0;5701.7266;25
725635768;725464231;0.71753526;0.056772463;-0.05343304;-0.6921452;-98.433754;19.067284;-0.2684348;0.0;0.0;-2.6548781;0.003723343;-0.0025320319;0.00033379;0.26684391;0.01065274;-0.07713961;0.26398233;-0.00016526155;-0.16802122;0.005410266;-0.006699488;-0.044435225;0.0;0.0;-1.3334575;0.0002440821;0.00033466134;0.026546031;64.013885;53.328075;0.019059153;993154.9;913637.44;0.2643981;6.1015265e-07;7.843203e-07;3.7272972e-07;0.00058423;0.0007002114;1.5059336e-05;1.7425682e-06;3.694699e-06;2.5404448e-05;0.0017874815;0.00013598044;0.00016556786;1.0;1.0;5713.0957;25
726139456;725968026;0.7186232;0.012492385;-0.012458546;-0.6951758;-98.02563;20.527977;-0.18643998;0.0;0.0;-2.5301917;0.00370721;-0.002578182;0.0003502918;0.26681983;0.010786011;-0.07742386;0.26401746;-0.00016474366;-0.16797833;0.0053992528;-0.006666243;-0.044681612;0.0;0.0;-1.3334575;0.0002447379;0.00033236312;0.026316784;64.43726;53.168762;0.019755652;999634.94;918328.0;0.27289414;6.143475e-07;7.8451245e-07;3.7688795e-07;0.0005842659;0.00070020277;1.5038632e-05;1.7460271e-06;3.694535e-06;2.5397885e-05;0.0017847737;0.00010739683;0.00013735714;1.0;1.0;5724.642;25
726634319;726462871;0.72015524;-0.004785899;-0.0032792124;-0.69378877;-97.61359;22.003294;-0.12330978;0.0;0.0;-2.365282;0.0036983609;-0.0026212528;0.00036656053;0.26677844;0.010956055;-0.077702336;0.26404592;-0.00016404688;-0.16793863;0.0051901024;-0.006448435;-0.044713665;0.0;0.0;-1.3334575;0.00024395986;0.00032949715;0.02615202;60.796055;52.875607;0.020368187;914578.7;922889.56;0.27449036;6.183356e-07;7.8375047e-07;3.808988e-07;0.00058423844;0.00069825706;1.501556e-05;1.7361359e-06;3.693504e-06;2.5350244e-05;0.001782572;8.707777e-05;0.00011752139;1.0;1.0;5735.945;25
727138152;726966713;0.71104205;0.090919234;-0.08313481;-0.6922728;-97.21402;23.389236;-0.016076349;0.0;0.0;-2.18868;0.00369815;-0.0026585448;0.00038043855;0.2667347;0.011112624;-0.077940315;0.26406756;-0.00016344835;-0.16789648;0.0050185076;-0.0058322046;-0.043716837;0.0;0.0;-1.3334575;0.00024283878;0.00032682117;0.026030783;61.26356;52.608868;0.020965433;920547.44;927577.25;0.27712658;6.2233914e-07;7.8246825e-07;3.8496495e-07;0.0005842728;0.00069824833;1.5002071e-05;1.7396156e-06;3.692562e-06;2.5330504e-05;0.00178016;7.4157e-05;0.00010401754;1.0;1.0;5747.419;25
727633144;727461558;0.71817863;0.00018038557;0.004061731;-0.69584703;-96.783554;24.53484;0.041081704;0.0;0.0;-2.0352044;0.0036875573;-0.0026738704;0.0003875315;0.26672798;0.011148695;-0.0780968;0.2640876;-0.00016316748;-0.16788216;0.004862093;-0.0059939628;-0.043313842;0.0;0.0;-1.3334575;0.0002417313;0.00032396565;0.025941193;61.7623;52.384827;0.021993503;926444.9;932214.9;0.284693;6.2606347e-07;7.80649e-07;3.889623e-07;0.00058430445;0.00069823884;1.4999005e-05;1.743057e-06;3.6923227e-06;2.5300526e-05;0.001777782;6.6106746e-05;9.5363444e-05;1.0;1.0;5758.6724;25
728136771;727965400;0.7197056;-0.016915794;0.023760634;-0.6936666;-96.42842;25.767382;0.106712185;0.0;0.0;-1.8430411;0.0036850623;-0.002701484;0.00039708833;0.26669416;0.011221453;-0.07823829;0.26410046;-0.00016299383;-0.16785526;0.004211799;-0.0057798647;-0.043203868;0.0;0.0;-1.3334575;0.00024007229;0.00032250918;0.025850749;62.32799;52.108017;0.022725895;932529.25;936945.06;0.28729612;6.298842e-07;7.786713e-07;3.9301426e-07;0.0005843378;0.0006982493;1.4999537e-05;1.7467563e-06;3.6914e-06;2.5268166e-05;0.0017747948;5.898691e-05;8.790082e-05;1.0;1.0;5770.203;25
728640770;728469242;0.7212466;0.003817201;-0.00817285;-0.69261974;-96.25775;26.764004;0.18013832;0.0;0.0;-1.673839;0.0036823591;-0.0027062679;0.00040157995;0.2666853;0.0112179285;-0.07833089;0.26411277;-0.00016260857;-0.1678421;0.0040494944;-0.005492303;-0.04297079;0.0;0.0;-1.3334575;0.00023754459;0.00032127523;0.025767872;62.918026;51.803356;0.022995211;938646.9;941686.94;0.28965417;6.334414e-07;7.7560554e-07;3.970145e-07;0.00058437214;0.0006982628;1.5005998e-05;1.7505346e-06;3.6904712e-06;2.5263991e-05;0.0017715239;5.3367883e-05;8.2500614e-05;1.0;1.0;5781.6826;25
729135474;728964087;0.72073877;-0.023523943;0.019207558;-0.6925413;-96.02615;27.68075;0.22906971;0.0;0.0;-1.4983705;0.0036779027;-0.0026934918;0.00040187078;0.26667404;0.0111979;-0.0784248;0.26412234;-0.00016238102;-0.16782662;0.0039819716;-0.0054201083;-0.042857274;0.0;0.0;-1.3334575;0.00023522698;0.00031995066;0.025726713;63.54599;51.54733;0.023763752;944691.0;946383.06;0.29742244;6.366316e-07;7.7200275e-07;4.0095057e-07;0.00058440474;0.00069827295;1.501891e-05;1.7542732e-06;3.6902438e-06;2.5259971e-05;0.001770354;4.9589766e-05;7.854478e-05;1.0;1.0;5792.961;25
729639427;729467976;0.72267956;-0.0033601641;0.0081263445;-0.69112736;-95.83599;28.57385;0.28938016;0.0;0.0;-1.3144358;0.003672373;-0.0026877183;0.00040475745;0.2666681;0.011174258;-0.07847939;0.26412937;-0.00016194813;-0.16782317;0.0039256676;-0.0052453335;-0.04295571;0.0;0.0;-1.3334575;0.00023208442;0.0003200936;0.025683604;64.23308;51.23489;0.024008892;950912.94;951160.9;0.29929256;6.398207e-07;7.6793555e-07;4.0488828e-07;0.00058443815;0.00069829554;1.5036055e-05;1.758248e-06;3.6893086e-06;2.5257108e-05;0.0017689386;4.5875622e-05;7.5002914e-05;1.0;1.0;5804.383;25
730134200;729962821;0.6991143;-0.14744739;0.15186034;-0.6829619;-95.623825;29.397696;0.2982084;0.0;0.0;-1.1403619;0.003637887;-0.0026544;0.00040263592;0.2666636;0.011113062;-0.07851385;0.2641263;-0.00016214026;-0.16780478;0.0030144823;-0.005028698;-0.043795586;0.0;0.0;-1.3334575;0.00022762737;0.0003186468;0.025629515;64.98276;50.903477;0.024532968;957046.75;955870.6;0.29925495;6.4222087e-07;7.623486e-07;4.0869915e-07;0.000584463;0.0006983065;1.5054493e-05;1.7619301e-06;3.6883057e-06;2.5193423e-05;0.0017665832;4.2380274e-05;7.188621e-05;1.0;1.0;5815.6875;25
730638327;730466616;0.7063896;-0.0021954975;-0.012982011;-0.7077008;-95.40791;30.066269;0.3548888;0.0;0.0;-0.98956996;0.0036068757;-0.0026352648;0.00040243447;0.26664352;0.01110963;-0.078506485;0.26411217;-0.00015965015;-0.16776872;0.0067136884;-0.0053302543;-0.044697337;0.0;0.0;-1.3334575;0.00022403293;0.00031982386;0.025266983;65.736595;50.596836;0.024378324;963406.94;960707.9;0.30081302;6.449315e-07;7.5773164e-07;4.1259503e-07;0.0005844891;0.0006983349;1.5080815e-05;1.7659466e-06;3.6873885e-06;2.5115669e-05;0.0017428047;3.9059592e-05;6.930578e-05;1.0;1.0;5827.2153;25
731133024;730961461;0.7030714;0.0013947124;-0.0033722315;-0.71110994;-95.29531;30.66611;0.3887745;0.0;0.0;-0.8645039;0.0036026528;-0.002591053;0.0003964825;0.2666465;0.011104276;-0.078531906;0.26410958;-0.00015931274;-0.16777448;0.007191593;-0.005677677;-0.04484833;0.0;0.0;-1.3334575;0.00022132511;0.00032187343;0.025145663;66.56129;50.35256;0.024850916;969685.3;965496.4;0.30791342;6.474559e-07;7.527415e-07;4.1641795e-07;0.00058452145;0.0006983566;1.51094255e-05;1.7700804e-06;3.6871581e-06;2.511771e-05;0.001735386;3.6931535e-05;6.745067e-05;1.0;1.0;5838.4604;25
731636753;731465303;0.70152897;-0.0023068602;0.001252465;-0.7126361;-95.18544;31.164618;0.41146654;0.0;0.0;-0.7529943;0.0035865372;-0.0025246048;0.00038837103;0.2666584;0.011067878;-0.07856452;0.2641092;-0.00015842107;-0.167779;0.008632664;-0.0063038133;-0.04506552;0.0;0.0;-1.3334575;0.00021693263;0.00032346326;0.024894217;67.407974;50.043747;0.024788976;976125.0;970390.2;0.30817413;6.493285e-07;7.4573546e-07;4.2021045e-07;0.0005845532;0.00069837;1.5138578e-05;1.7742697e-06;3.686249e-06;2.5120306e-05;0.0017190209;3.468112e-05;6.5543056e-05;1.0;1.0;5850.039;25
732140586;731969145;0.6935211;-0.005085051;0.004785308;-0.72040254;-95.06217;31.520416;0.42615223;0.0;0.0;-0.673703;0.003565195;-0.0024235959;0.00037605222;0.2666733;0.011005701;-0.078632355;0.26411122;-0.00015740359;-0.16778016;0.010494455;-0.0069885235;-0.045318846;0.0;0.0;-1.3334575;0.00021173664;0.00032377965;0.02459362;68.24448;49.73101;0.02457974;982558.5;975299.75;0.30747402;6.502607e-07;7.370943e-07;4.239203e-07;0.0005845825;0.0006983669;1.5165558e-05;1.7783086e-06;3.6853178e-06;2.5122788e-05;0.001699095;3.2675092e-05;6.380782e-05;1.0;1.0;5861.514;25
732635503;732463989;0.6880734;0.0016948393;-0.0038372932;-0.72562903;-94.86702;31.865961;0.41878927;0.0;0.0;-0.6007123;0.0035432968;-0.0023196724;0.0003644236;0.26668325;0.010946783;-0.07871133;0.26411375;-0.00015592622;-0.16777845;0.01321409;-0.007689967;-0.045610897;0.0;0.0;-1.3334575;0.00020787801;0.00032451865;0.024126565;69.06869;49.49051;0.02467364;988930.94;980171.9;0.31306654;6.510601e-07;7.2919727e-07;4.276264e-07;0.0005846114;0.00069836515;1.5192894e-05;1.7822948e-06;3.6850945e-06;2.5125315e-05;0.0016673625;3.106842e-05;6.2456274e-05;1.0;1.0;5872.8247;25
733139354;732967831;0.6931609;-0.0028927291;-0.004882708;-0.7207606;-94.68977;32.130424;0.4233295;0.0;0.0;-0.5490929;0.0035223518;-0.0021953876;0.0003510176;0.26669538;0.010876074;-0.07881396;0.26411793;-0.0001547146;-0.16777836;0.015521464;-0.008335272;-0.045868497;0.0;0.0;-1.3334575;0.00020259504;0.00032464476;0.023678863;69.89343;49.205143;0.02425686;995446.25;985147.6;0.311403;6.509594e-07;7.1941406e-07;4.3125672e-07;0.0005846424;0.0006983548;1.52192215e-05;1.7863e-06;3.6841782e-06;2.512781e-05;0.0016369735;2.9466713e-05;6.103633e-05;1.0;1.0;5884.3315;25
733634095;733462676;0.68974537;-0.09652224;0.10900355;-0.7092623;-94.500534;32.490646;0.38899302;0.0;0.0;-0.50055754;0.0034758663;-0.0020902425;0.00034387433;0.2667017;0.010801613;-0.07886654;0.2641143;-0.00015414323;-0.16775508;0.016367953;-0.008621223;-0.046499368;0.0;0.0;-1.3334575;0.00019796318;0.0003262037;0.02339798;66.81871;48.926346;0.02393486;910838.06;990020.75;0.30837065;6.5103177e-07;7.107667e-07;4.3475947e-07;0.0005846195;0.00069644174;1.5247378e-05;1.7775029e-06;3.6831764e-06;2.5036827e-05;0.0016180282;2.7950251e-05;5.979682e-05;1.0;1.0;5895.6143;25
734138002;733966565;0.69799244;-0.1044632;0.10585022;-0.70049256;-94.37217;32.87342;0.405208;0.0;0.0;-0.45314398;0.0034297882;-0.0019860778;0.00033923154;0.26671767;0.010712285;-0.07891806;0.2641121;-0.00015375238;-0.1677615;0.01695787;-0.008572933;-0.047107436;0.0;0.0;-1.3334575;0.00019487808;0.0003284251;0.0232405;67.82065;48.73464;0.024002995;916881.1;995073.56;0.31424314;6.513028e-07;7.0328383e-07;4.3841646e-07;0.00058464526;0.0006964365;1.5278467e-05;1.7814958e-06;3.6830477e-06;2.4982122e-05;0.0016074114;2.6729147e-05;5.882566e-05;1.0;1.0;5907.0903;25
734633009;734461410;0.7069933;-0.09331356;0.085136026;-0.6958484;-94.11534;33.107204;0.3895494;0.0;0.0;-0.45016208;0.0033713742;-0.0018573803;0.00033818925;0.2667356;0.010597055;-0.07898902;0.26410404;-0.00015294002;-0.16783005;0.0183349;-0.00821757;-0.04782814;0.0;0.0;-1.3334575;0.00019013174;0.00032918996;0.02315695;68.75543;46.080994;0.02345134;922795.7;909132.75;0.3104761;6.5022425e-07;6.9374715e-07;4.417747e-07;0.0005845418;0.0006964043;1.530451e-05;1.7851402e-06;3.6820225e-06;2.4889716e-05;0.001601902;2.5432553e-05;5.770509e-05;1.0;1.0;5918.3315;25
735136700;734965205;0.70945483;-0.08389113;0.09161914;-0.6937162;-93.786064;33.397522;0.33447808;0.0;0.0;-0.45312628;0.003323478;-0.0017270716;0.00033947345;0.26676404;0.010445081;-0.07907218;0.2640991;-0.00015283354;-0.16796012;0.018598193;-0.007722126;-0.048314746;0.0;0.0;-1.3334575;0.00018582647;0.00033036835;0.023139482;69.78772;45.89693;0.02306957;928891.9;913774.3;0.30774128;6.4892595e-07;6.843771e-07;4.451143e-07;0.0005845639;0.00069633895;1.5333238e-05;1.7888934e-06;3.681119e-06;2.480096e-05;0.0016009568;2.4282135e-05;5.6680397e-05;1.0;1.0;5929.744;25
735640882;735469046;0.70525587;0.084637456;-0.073784344;-0.70000476;-93.73323;33.756786;0.38639686;0.0;0.0;-0.421931;0.0033408622;-0.0016509035;0.00032738398;0.2667946;0.010324154;-0.07908584;0.26409215;-0.00015261659;-0.16794235;0.0191245;-0.0075692735;-0.047923785;0.0;0.0;-1.3334575;0.00018419059;0.0003336257;0.02310458;70.88892;45.747128;0.022859475;935065.9;918453.44;0.3130502;6.4817726e-07;6.778735e-07;4.484134e-07;0.00058459427;0.00069630303;1.5371177e-05;1.7927953e-06;3.680221e-06;2.4641646e-05;0.0015988046;2.370982e-05;5.4993718e-05;1.0;1.0;5941.15;25
736135468;735963891;0.67689;0.09224116;-0.09968752;-0.72344583;-93.437096;33.990734;0.4001572;0.0;0.0;-0.41415313;0.0033310472;-0.0015595348;0.0003124345;0.26685828;0.01007009;-0.07912347;0.26408646;-0.00015174483;-0.16809376;0.02133885;-0.007811931;-0.04731572;0.0;0.0;-1.3334575;0.00018103323;0.00033566708;0.022811232;71.79397;45.57703;0.022144038;941153.5;923061.7;0.3085696;6.470817e-07;6.6940186e-07;4.5172752e-07;0.0005846182;0.0006961793;1.5402344e-05;1.7964486e-06;3.6800145e-06;2.4462031e-05;0.0015785662;2.325911e-05;5.3284573e-05;1.0;1.0;5952.3457;25
736639351;736467733;0.6629489;0.079381794;-0.09091207;-0.7388723;-92.827774;34.173107;0.4199671;0.0;0.0;-0.39661762;0.0033064932;-0.00145289;0.00030018121;0.26693958;0.009832652;-0.079182446;0.2640831;-0.0001487762;-0.16836151;0.027324779;-0.008283834;-0.046438422;0.0;0.0;-1.3334575;0.00017802538;0.00033730705;0.021927712;72.3993;45.41267;0.021512318;947395.56;927780.5;0.30492362;6.452669e-07;6.602199e-07;4.5493874e-07;0.0005846445;0.00069607235;1.543168e-05;1.8001277e-06;3.6791034e-06;2.430685e-05;0.0015172047;2.2736996e-05;5.164484e-05;1.0;1.0;5963.668;25
737134255;736962577;0.65052885;0.058958635;-0.077495925;-0.7532136;-92.05601;34.37767;0.44358099;0.0;0.0;-0.35455555;0.0032744335;-0.0013535381;0.0002899934;0.26701012;0.009648883;-0.07923915;0.26408362;-0.00014456405;-0.16858141;0.035300784;-0.008730567;-0.04563004;0.0;0.0;-1.3334575;0.00017627334;0.00033970282;0.020598594;72.75486;45.27857;0.021241952;953573.1;932444.8;0.30753997;6.436574e-07;6.5199396e-07;4.5804302e-07;0.00058467453;0.0006960194;1.546011e-05;1.8038423e-06;3.6781012e-06;2.4210714e-05;0.0014247689;2.226248e-05;5.0399372e-05;1.0;1.0;5974.646;25
737637828;737466419;0.6508889;0.017160293;-0.026079884;-0.75853086;-91.53424;34.694443;0.45346028;0.0;0.0;-0.32067156;0.0032590257;-0.001260104;0.0002824547;0.2670375;0.009530112;-0.07929967;0.2640923;-0.0001420742;-0.1685851;0.03977583;-0.00904015;-0.045538258;0.0;0.0;-1.3334575;0.00017443323;0.00034542097;0.019253135;73.25459;45.152508;0.020773552;959924.0;937226.44;0.3037785;6.4367407e-07;6.4356874e-07;4.613381e-07;0.0005847108;0.0006960138;1.5493144e-05;1.8080351e-06;3.6779575e-06;2.4210676e-05;0.0013311962;2.1831938e-05;4.9949624e-05;1.0;1.0;5985.698;25
738132714;737961264;0.6336931;-0.07284649;0.08798908;-0.7651041;-90.6894;35.052303;0.4848091;0.0;0.0;-0.29219422;0.0031652146;-0.0011692594;0.00028871556;0.26701665;0.00952834;-0.079330966;0.26407337;-0.00013769286;-0.16844796;0.046908367;-0.009079202;-0.046382766;0.0;0.0;-1.3334575;0.00017249184;0.00034979635;0.017589174;73.67534;45.048813;0.020216297;966162.25;941938.9;0.29903522;6.425881e-07;6.3549635e-07;4.64288e-07;0.0005847449;0.0006960444;1.5529336e-05;1.8117482e-06;3.6769452e-06;2.4088828e-05;0.001215627;2.1136786e-05;4.923612e-05;1.0;1.0;5996.4346;25
738636538;738465153;0.6157027;-0.11977177;0.15149947;-0.7639456;-89.42321;35.448605;0.38390246;0.0;0.0;-0.26368016;0.0030472449;-0.0010871475;0.00030319102;0.26692188;0.009605832;-0.07934683;0.2640373;-0.00013269512;-0.16829425;0.054839548;-0.008783323;-0.047351927;0.0;0.0;-1.3334575;0.00017186449;0.00035344454;0.015695563;74.058975;45.015965;0.020174615;972530.56;946762.3;0.30297175;6.409883e-07;6.2925307e-07;4.6719362e-07;0.0005847645;0.00069607445;1.5563684e-05;1.8152429e-06;3.6760057e-06;2.3896533e-05;0.0010840019;2.0450883e-05;4.8390833e-05;1.0;1.0;6007.2046;25
739140398;738968947;0.63245755;-0.09860554;0.15893042;-0.75167525;-89.00281;35.88969;0.39269912;0.0;0.0;-0.27178928;0.002951619;-0.0009883493;0.00031236673;0.26688424;0.009651915;-0.079387635;0.26401526;-0.00013173833;-0.16830929;0.056185868;-0.008378836;-0.04782479;0.0;0.0;-1.3334575;0.00017003561;0.00035670865;0.014717298;74.745766;44.93158;0.019867877;978959.75;951614.9;0.29936987;6.3917076e-07;6.211664e-07;4.701637e-07;0.0005847891;0.0006961005;1.5594867e-05;1.8188589e-06;3.6758745e-06;2.3767696e-05;0.0010158917;1.9935364e-05;4.7783393e-05;1.0;1.0;6017.8706;25
739635280;739463792;0.69705576;-0.10634818;-0.2503433;-0.6634242;-86.743126;35.78981;0.3242488;0.0;0.0;-0.28911343;0.0030787152;-0.00085425953;0.00031727803;0.26694953;0.009639234;-0.07951214;0.2640225;-0.000118878794;-0.16843748;0.07901706;-0.007194092;-0.04778448;0.0;0.0;-1.3334575;0.00016808443;0.00035623094;0.0114468;73.99775;44.785473;0.019740261;985150.75;956387.1;0.2943682;6.321315e-07;6.11878e-07;4.725629e-07;0.0005848107;0.00069611485;1.5622392e-05;1.8225394e-06;3.6748334e-06;2.3577348e-05;0.00078857463;1.9316432e-05;4.667013e-05;1.0;1.0;6028.1455;25
740139075;739967634;0.6520194;-0.23059446;0.04225262;-0.721049;-85.182304;35.76367;0.20698823;0.0;0.0;-0.3315078;0.003203254;-0.00074591;0.00029885545;0.26701182;0.009534438;-0.07959473;0.2640374;-0.00011087985;-0.16834708;0.0932756;-0.005742224;-0.047692414;0.0;0.0;-1.3334575;0.00016751578;0.00035619427;0.009086638;73.54031;44.67128;0.019586815;991512.1;961275.0;0.29803646;6.263441e-07;6.040353e-07;4.7496607e-07;0.00058483274;0.0006961275;1.5652531e-05;1.8263286e-06;3.6738993e-06;2.3358585e-05;0.0006246045;1.8819055e-05;4.541778e-05;1.0;1.0;6038.0425;25
740634117;740462478;0.6991549;0.18168995;0.19540267;-0.66331667;-84.85051;36.140965;0.27499834;0.0;0.0;-0.43700624;0.003269425;-0.00063694734;0.00029676085;0.26711118;0.009417935;-0.0796941;0.2640602;-0.000109186134;-0.16837576;0.09613157;-0.0049683643;-0.04785335;0.0;0.0;-1.3334575;0.00016657141;0.0003602031;0.008413948;74.039635;44.59607;0.01920511;997936.6;966105.2;0.29376778;6.2384646e-07;5.9575257e-07;4.7751246e-07;0.0005848533;0.0006961276;1.568208e-05;1.8303094e-06;3.6736967e-06;2.3278279e-05;0.0005778473;1.852385e-05;4.485337e-05;1.0;1.0;6047.68;25
741137732;740966320;0.84187704;0.16994469;0.124718755;-0.49679694;-78.40631;35.29254;0.38233778;0.0;0.0;-0.46128705;0.003252655;-0.0005126162;0.0003822997;0.2671338;0.009402354;-0.0797541;0.26404873;-7.534879e-05;-0.16842033;0.15393737;-0.0019899074;-0.049515396;0.0;0.0;-1.3334575;0.00016562457;0.00035987629;0.0048087514;68.037766;44.459824;0.018423824;913136.44;970950.4;0.28972805;6.2061804e-07;5.8782604e-07;4.8009167e-07;0.00058478484;0.00069419673;1.5707727e-05;1.8213635e-06;3.6727345e-06;2.2705668e-05;0.00032733884;1.7774786e-05;4.310473e-05;1.0;1.0;6056.7744;25
741641593;741470162;0.8848919;-0.18807094;-0.0147419665;-0.42588544;-77.61286;35.881744;0.1303188;0.0;0.0;-0.4274743;0.0033920435;-0.0004917525;0.00031178226;0.2671704;0.009267323;-0.079876974;0.26415256;-6.741648e-05;-0.1678994;0.16918755;-0.0018481844;-0.05206792;0.0;0.0;-1.3334575;0.00016432298;0.0003560785;0.003426063;68.0366;44.381027;0.018988054;919048.9;975902.25;0.29248348;6.1349436e-07;5.80886e-07;4.824161e-07;0.0005848094;0.0006941913;1.5739479e-05;1.8233578e-06;3.671826e-06;2.2570526e-05;0.00023143213;1.7294036e-05;4.1930005e-05;1.0;1.0;6065.167;25
742136376;741965006;0.8483686;0.13907999;0.18986252;-0.47421497;-74.64636;35.42701;0.37708533;0.0;0.0;-0.44470066;0.0032961885;-0.00038507523;0.00037397767;0.26698357;0.009382007;-0.079919584;0.26409444;-5.465156e-05;-0.16755632;0.18971601;-0.00067103567;-0.053270917;0.0;0.0;-1.3334575;0.00016313227;0.00035938184;0.0026285662;67.94111;44.3262;0.01763951;925046.06;980780.25;0.2881564;6.1181294e-07;5.7414417e-07;4.85121e-07;0.00058481947;0.00069419254;1.5776188e-05;1.825831e-06;3.6716297e-06;2.224731e-05;0.00017573479;1.7024402e-05;4.1109684e-05;1.0;1.0;6073.198;25
742640311;742468895;0.8002082;-0.011315835;0.10063538;-0.5911103;-73.85885;35.919075;0.36700168;0.0;0.0;-0.41961783;0.0032992586;-0.00034178182;0.00033115142;0.26702243;0.00921868;-0.07996204;0.2641367;-5.159037e-05;-0.1676469;0.19652225;-0.00030825927;-0.054060876;0.0;0.0;-1.3334575;0.00016305037;0.0003649638;0.002420257;68.6013;44.301086;0.017842922;931202.0;985783.75;0.28435436;6.094523e-07;5.673926e-07;4.8717607e-07;0.00058485585;0.00069418806;1.5812302e-05;1.8292972e-06;3.6707581e-06;2.2195936e-05;0.00016108363;1.6834e-05;4.0836007e-05;1.0;1.0;6081.0415;25
743135130;742963740;0.70409244;0.0028317557;0.0043464503;-0.71008945;-73.65089;36.201702;0.3389968;0.0;0.0;-0.38489884;0.0033697176;-0.0002924681;0.0002709327;0.26700854;0.009097177;-0.08006441;0.26416156;-5.1371087e-05;-0.16767867;0.1989233;0.00022796194;-0.05468583;0.0;0.0;-1.3334575;0.00016346632;0.00036685966;0.0023902813;69.194565;44.29308;0.017715624;937228.2;990712.44;0.28618717;6.0445933e-07;5.601241e-07;4.8881583e-07;0.0005848861;0.00069416116;1.5838297e-05;1.8332313e-06;3.6698102e-06;2.2184027e-05;0.00015883365;1.658778e-05;4.0531806e-05;1.0;1.0;6088.663;25
743639235;743467534;0.57055235;-0.003276117;-0.027301406;-0.8208008;-73.894325;36.42693;0.35960698;0.0;0.0;-0.368893;0.0034933067;-0.00024053837;0.00021533931;0.26696718;0.008949114;-0.080140755;0.26416263;-5.4559787e-05;-0.16772297;0.19511665;0.0012241363;-0.05503764;0.0;0.0;-1.3334575;0.00016372366;0.0003686316;0.0023240768;69.741135;44.287163;0.017499303;943429.5;995745.1;0.28256908;5.9944745e-07;5.5256095e-07;4.9031524e-07;0.00058490894;0.00069413683;1.586441e-05;1.8371688e-06;3.6689464e-06;2.2177264e-05;0.00015415743;1.6237922e-05;4.026148e-05;1.0;1.0;6096.4463;25
744133833;743962379;0.5308774;0.0020740654;-0.014843297;-0.84731615;-74.26263;36.60381;0.39907616;0.0;0.0;-0.36842915;0.0035805106;-0.00017148511;0.00018511568;0.2669518;0.008757011;-0.08019399;0.26416942;-5.9352908e-05;-0.1680324;0.1880845;0.0023245271;-0.0548548;0.0;0.0;-1.3334575;0.00016378764;0.00036820045;0.0021728056;70.17752;41.970165;0.017145015;949500.4;909728.56;0.27821758;5.946387e-07;5.455923e-07;4.921066e-07;0.0005848239;0.00069411536;1.5887574e-05;1.8404369e-06;3.6687236e-06;2.2148608e-05;0.00014359968;1.5794818e-05;3.994368e-05;1.0;1.0;6104.1704;25
744637847;744466221;0.56127405;0.012266092;-0.004588382;-0.8275265;-74.66712;36.96276;0.39428708;0.0;0.0;-0.36270735;0.0036647404;-0.00011425846;0.00015405852;0.2668783;0.008588765;-0.080239795;0.26417175;-6.350162e-05;-0.16821435;0.18190195;0.003279651;-0.054975163;0.0;0.0;-1.3334575;0.00016520989;0.00036861625;0.0020339598;70.68518;41.982227;0.01727623;955797.25;914338.4;0.28150088;5.8964304e-07;5.403701e-07;4.933973e-07;0.0005848195;0.0006941052;1.5915966e-05;1.8438682e-06;3.6678614e-06;2.2125922e-05;0.00013387273;1.5408767e-05;3.9677212e-05;1.0;1.0;6112.151;25
745141610;744970063;0.5512859;0.016105965;0.062226407;-0.8318367;-75.10939;37.41682;0.33327147;0.0;0.0;-0.37605917;0.0037696017;-5.711738e-05;0.000120154364;0.2667231;0.008445316;-0.08030302;0.26417086;-6.6429326e-05;-0.16817777;0.17769709;0.0038832426;-0.05541194;0.0;0.0;-1.3334575;0.00016664575;0.000370059;0.0019354663;71.2434;41.99099;0.01716165;962150.1;918967.7;0.2786045;5.8496744e-07;5.347281e-07;4.944931e-07;0.0005847975;0.0006940924;1.5945478e-05;1.8476077e-06;3.6669996e-06;2.2111284e-05;0.00012692425;1.5142647e-05;3.94128e-05;1.0;1.0;6120.2134;25
745636340;745464907;0.55141556;-0.0033071171;0.03808527;-0.8333544;-75.520676;37.883404;0.25564182;0.0;0.0;-0.41888827;0.0038669033;2.4783749e-05;9.267818e-05;0.2665076;0.008361901;-0.080411956;0.26416823;-6.879329e-05;-0.16814613;0.17458841;0.004243863;-0.055866253;0.0;0.0;-1.3334575;0.00016796109;0.00036979627;0.001858762;71.743004;42.003223;0.016996076;968401.0;923537.3;0.27480233;5.800167e-07;5.2888447e-07;4.958822e-07;0.0005847619;0.00069406955;1.5971878e-05;1.8512641e-06;3.666837e-06;2.2099784e-05;0.00012145903;1.49180905e-05;3.9140457e-05;1.0;1.0;6128.2583;25
746140307;745968749;0.5145198;-0.013686946;-0.042123612;-0.8563339;-75.951126;38.21709;0.26961347;0.0;0.0;-0.44686797;0.003966943;9.387373e-05;6.2808766e-05;0.26631927;0.008289846;-0.08050397;0.2641641;-7.134112e-05;-0.16815679;0.17117138;0.0046373457;-0.05626351;0.0;0.0;-1.3334575;0.00016964632;0.00036807472;0.001774164;72.18059;42.019978;0.016628304;974793.2;928200.2;0.27196386;5.738561e-07;5.2329335e-07;4.9676646e-07;0.0005847172;0.00069404504;1.59984e-05;1.8548593e-06;3.66598e-06;2.2089916e-05;0.00011543476;1.4665055e-05;3.8841714e-05;1.0;1.0;6136.5273;25
746635149;746463593;0.4174309;0.01634594;0.0030664227;-0.90855646;-76.41522;38.61769;0.28744644;0.0;0.0;-0.45957476;0.0040371777;0.00015625532;5.121039e-05;0.2661581;0.00826648;-0.080590904;0.26416633;-7.386297e-05;-0.16816008;0.16716565;0.004852133;-0.05669685;0.0;0.0;-1.3334575;0.00017158584;0.00036416703;0.0016218462;72.489136;42.0343;0.016391538;981095.06;932794.25;0.27428865;5.6760297e-07;5.187965e-07;4.9763497e-07;0.00058467704;0.00069402513;1.6024256e-05;1.8576088e-06;3.665043e-06;2.2080207e-05;0.00010476537;1.4399902e-05;3.8513674e-05;1.0;1.0;6144.769;25
747139015;746967482;0.410704;0.0088386545;0.02490369;-0.9113857;-76.7963;39.14776;0.24931984;0.0;0.0;-0.49278647;0.0040809764;0.00023858491;5.0905088e-05;0.26595944;0.008282936;-0.08070895;0.26417342;-7.5671e-05;-0.16818726;0.16436495;0.0048485063;-0.057147;0.0;0.0;-1.3334575;0.00017311813;0.0003596002;0.001481181;72.80154;42.04581;0.016067367;987543.6;937494.56;0.2713572;5.6215407e-07;5.1394653e-07;4.9908016e-07;0.00058462535;0.00069400395;1.605061e-05;1.8602005e-06;3.6649624e-06;2.2065004e-05;9.4886986e-05;1.4177003e-05;3.8204937e-05;1.0;1.0;6153.2896;25
747633869;747462327;0.41505206;-0.008295295;-0.005454754;-0.9097435;-77.144684;39.650913;0.2374029;0.0;0.0;-0.5105806;0.0041173063;0.00031761764;5.3331463e-05;0.26579484;0.008340983;-0.08082636;0.26418206;-7.7184246e-05;-0.16821626;0.16198072;0.0048464197;-0.057519037;0.0;0.0;-1.3334575;0.00017512025;0.00035382636;0.001355256;73.06453;42.06022;0.015808234;993889.1;942123.0;0.2732849;5.556456e-07;5.0963314e-07;4.9985385e-07;0.0005845832;0.00069398247;1.6075506e-05;1.8625503e-06;3.664031e-06;2.2052473e-05;8.602085e-05;1.3949184e-05;3.7882102e-05;1.0;1.0;6161.7554;25
748137700;747966121;0.417328;0.0050737257;-0.007263068;-0.9087128;-77.463036;40.104713;0.233965;0.0;0.0;-0.5436111;0.0041521364;0.0003957042;5.6091492e-05;0.26562235;0.008411222;-0.08094032;0.2641874;-7.845645e-05;-0.1682574;0.1600661;0.0048053707;-0.057916928;0.0;0.0;-1.3334575;0.00017707233;0.00034745244;0.0012588399;69.34516;42.057503;0.01533163;909439.25;946792.6;0.26999906;5.490994e-07;5.0485096e-07;5.005923e-07;0.00058450893;0.0006920499;1.609809e-05;1.8531354e-06;3.6631811e-06;2.2006257e-05;7.916901e-05;1.3737245e-05;3.755491e-05;1.0;1.0;6170.4834;25
748641799;748469963;0.42796448;-0.0054879426;0.11135474;-0.89689267;-77.52647;40.57174;0.21269889;0.0;0.0;-0.5538506;0.004140608;0.00045673273;7.049725e-05;0.2654825;0.008429347;-0.08100584;0.26419166;-7.940867e-05;-0.16838758;0.15839724;0.004887537;-0.058145255;0.0;0.0;-1.3334575;0.0001797343;0.00034224652;0.0011832888;69.72019;42.08883;0.014973127;915411.6;951539.7;0.26675063;5.4337784e-07;5.0109566e-07;5.0123975e-07;0.0005844667;0.0006920438;1.6127055e-05;1.8558828e-06;3.6623335e-06;2.1978627e-05;7.370392e-05;1.3513216e-05;3.7233374e-05;1.0;1.0;6179.2715;25
749136438;748964807;0.44560575;-0.13230427;-0.104489736;-0.87921166;-77.720825;40.982204;0.30354938;0.0;0.0;-0.5496048;0.0041361614;0.00052175083;6.9380876e-05;0.26533893;0.008512766;-0.081095025;0.26418898;-8.0460784e-05;-0.16846381;0.15696292;0.0049539083;-0.058391046;0.0;0.0;-1.3334575;0.00018232781;0.00033692864;0.001134206;70.03307;42.12296;0.014647183;921279.3;956227.0;0.26825362;5.3739103e-07;4.9722684e-07;5.020756e-07;0.00058443844;0.00069202203;1.61528e-05;1.8589158e-06;3.6621834e-06;2.1946646e-05;7.002343e-05;1.3350614e-05;3.6934074e-05;1.0;1.0;6187.985;25
749640126;749468649;0.43033135;0.19561249;0.10394886;-0.87506884;-77.82884;41.78224;0.14383437;0.0;0.0;-0.6194194;0.004148347;0.00057517044;8.552244e-05;0.2652683;0.00845495;-0.08110512;0.26419717;-8.1750026e-05;-0.16861422;0.15457736;0.004953453;-0.058520008;0.0;0.0;-1.3334575;0.0001865157;0.00033559324;0.0010725617;70.59978;42.16847;0.014816477;927376.7;961020.06;0.26555783;5.3281076e-07;4.949329e-07;5.02157e-07;0.0005844267;0.0006920537;1.6192596e-05;1.8622351e-06;3.661339e-06;2.1806278e-05;6.5463006e-05;1.3261147e-05;3.644186e-05;1.0;1.0;6196.9165;25
750135335;749963494;0.43177962;0.012762194;-0.003390116;-0.90188247;-77.88407;41.78537;0.2758717;0.0;0.0;-0.6329159;0.0041358965;0.00061377784;6.674018e-05;0.2651568;0.008364815;-0.08111438;0.26419324;-8.204806e-05;-0.16870749;0.15473306;0.005063652;-0.058506697;0.0;0.0;-1.3334575;0.00018956541;0.00032717167;0.0010104175;70.75794;42.18484;0.013731686;933335.2;965709.56;0.2607585;5.279933e-07;4.913347e-07;5.0281403e-07;0.0005844229;0.0006920264;1.6218863e-05;1.8653337e-06;3.6604174e-06;2.1617223e-05;6.121612e-05;1.3059728e-05;3.5294124e-05;1.0;1.0;6205.753;25
750638906;750467335;0.4405535;0.15184903;0.13977382;-0.8736806;-77.96603;42.296925;0.23055267;0.0;0.0;-0.65628326;0.004163911;0.00065892166;7.209643e-05;0.26505938;0.008342705;-0.081143044;0.26419494;-8.233309e-05;-0.16872323;0.15433231;0.004985158;-0.058719978;0.0;0.0;-1.3334575;0.00019333615;0.00032391242;0.000977081;71.14611;42.23011;0.0135340495;939476.1;970527.1;0.25764564;5.2499183e-07;4.883345e-07;5.0378753e-07;0.0005844201;0.00069201714;1.6249845e-05;1.8688049e-06;3.6603494e-06;2.1567053e-05;5.874517e-05;1.2934852e-05;3.485591e-05;1.0;1.0;6214.792;25
751133575;750962180;0.44599333;0.015314354;0.03665626;-0.8941542;-77.9697;42.825573;0.26997942;0.0;0.0;-0.63313115;0.0041617616;0.0007228457;6.829269e-05;0.26495165;0.008457127;-0.08123058;0.2641935;-8.267073e-05;-0.16875105;0.15414298;0.0050002052;-0.058853995;0.0;0.0;-1.3334575;0.0001969668;0.00032035398;0.00094941567;71.4862;42.276703;0.013648137;945523.25;975272.5;0.25884095;5.2102024e-07;4.852434e-07;5.0390787e-07;0.00058441266;0.00069199776;1.6278158e-05;1.872171e-06;3.6594333e-06;2.1532505e-05;5.6661338e-05;1.2813949e-05;3.446501e-05;1.0;1.0;6223.7114;25
751637481;751466069;0.46703255;-0.18861105;-0.105015785;-0.85748357;-78.00665;43.247116;0.26426932;0.0;0.0;-0.59347856;0.0041410704;0.0007700305;6.7577304e-05;0.26480192;0.008469449;-0.081266485;0.26419094;-8.347677e-05;-0.1688405;0.15294282;0.0050401073;-0.05902059;0.0;0.0;-1.3334575;0.00020046809;0.00031757416;0.0009230346;71.93628;42.33698;0.013470871;951720.1;980135.9;0.2556621;5.156493e-07;4.8183483e-07;5.0354475e-07;0.0005843759;0.00069199136;1.63099e-05;1.875658e-06;3.6586032e-06;2.1461497e-05;5.446635e-05;1.2722829e-05;3.4159486e-05;1.0;1.0;6232.847;25
752141316;751969863;0.45741707;-0.090830564;-0.044898335;-0.8834612;-78.00034;43.673676;0.17544281;0.0;0.0;-0.6036778;0.004124992;0.00081085984;7.3795025e-05;0.26468363;0.008461576;-0.08128407;0.26418933;-8.432058e-05;-0.16901359;0.15165135;0.005095171;-0.059055835;0.0;0.0;-1.3334575;0.00020439492;0.00031655855;0.00090258184;72.48977;42.410618;0.013262085;957989.2;985030.7;0.25300276;5.1147447e-07;4.790899e-07;5.036427e-07;0.0005843309;0.0006919993;1.6344879e-05;1.879289e-06;3.6585502e-06;2.1381924e-05;5.2606254e-05;1.2664191e-05;3.3904562e-05;1.0;1.0;6242.08;25
752636122;752464708;0.48605525;0.27085072;0.2636073;-0.787973;-78.1564;43.935368;0.17517833;0.0;0.0;-0.62301254;0.0041338103;0.0008510649;8.493513e-05;0.26464286;0.008431084;-0.08128261;0.26419795;-8.417517e-05;-0.16904955;0.15178508;0.005216121;-0.05917217;0.0;0.0;-1.3334575;0.00020928192;0.00031439026;0.00086974533;72.94164;42.467384;0.01276445;964203.25;989818.25;0.2548651;5.0931914e-07;4.773919e-07;5.035831e-07;0.00058433786;0.00069203234;1.6384203e-05;1.8830518e-06;3.657631e-06;2.1167254e-05;5.032834e-05;1.2554611e-05;3.3050936e-05;1.0;1.0;6251.125;25
753140133;752968550;0.4830813;0.14831056;0.06505461;-0.8604676;-77.92074;44.482323;0.27716535;0.0;0.0;-0.61335075;0.0041135033;0.0009002164;6.001194e-05;0.26451775;0.008410248;-0.08130482;0.2641998;-8.451981e-05;-0.16916466;0.15204409;0.005430113;-0.059011675;0.0;0.0;-1.3334575;0.0002140639;0.00031381752;0.00085151923;73.434845;42.535202;0.013133674;970590.94;994715.1;0.2518204;5.081412e-07;4.751407e-07;5.0356874e-07;0.00058430707;0.0006920332;1.6418968e-05;1.887041e-06;3.6568022e-06;2.1012378e-05;4.906107e-05;1.245296e-05;3.239482e-05;1.0;1.0;6260.3584;25
753635005;753463395;0.454281;0.08366935;-0.07179461;-0.8840101;-77.83524;44.590797;0.40929654;0.0;0.0;-0.57042724;0.004115043;0.0009420436;3.988466e-05;0.2643559;0.008424398;-0.08132503;0.26419333;-8.4911786e-05;-0.16921748;0.15208283;0.0055009467;-0.05902868;0.0;0.0;-1.3334575;0.0002172048;0.00031190307;0.00084117707;73.80823;42.603546;0.012732973;976846.75;999550.56;0.24832292;5.05746e-07;4.7144255e-07;5.0399865e-07;0.0005842454;0.0006920098;1.644736e-05;1.8908531e-06;3.6566678e-06;2.0955495e-05;4.8208192e-05;1.23594355e-05;3.2034273e-05;1.0;1.0;6269.4673;25
754138777;753967236;0.44014418;0.042931207;0.03265141;-0.8963057;-77.677536;45.102337;0.358084;0.0;0.0;-0.50531346;0.004098507;0.0009750668;4.8968293e-05;0.2641931;0.008391743;-0.0813227;0.2641993;-8.497122e-05;-0.16925336;0.15174858;0.0054969904;-0.059061393;0.0;0.0;-1.3334575;0.000221885;0.00031296827;0.0008279699;74.388565;40.47017;0.012964425;983243.94;913185.5;0.25123042;5.0320904e-07;4.6923702e-07;5.033681e-07;0.0005840942;0.00069202157;1.6481761e-05;1.8945634e-06;3.6557833e-06;2.092544e-05;4.698527e-05;1.2318178e-05;3.1848835e-05;1.0;1.0;6278.7446;25
754633521;754462081;0.42587316;-0.0848279;0.13884836;-0.89003235;-77.622505;45.721115;0.36704168;0.0;0.0;-0.45916593;0.004057087;0.0010309846;5.936032e-05;0.26397523;0.008452001;-0.081356734;0.26419732;-8.504592e-05;-0.16929093;0.1514551;0.005555484;-0.05908501;0.0;0.0;-1.3334575;0.00022555797;0.00031314584;0.0008146364;74.95244;40.557976;0.013281492;989622.94;917624.8;0.24834438;5.0007645e-07;4.6612232e-07;5.025762e-07;0.0005839615;0.0006920323;1.6516111e-05;1.8981193e-06;3.6548818e-06;2.0898535e-05;4.5725603e-05;1.2272765e-05;3.1709405e-05;1.0;1.0;6287.8936;25
755137475;754965922;0.4389762;-0.08754584;0.12541987;-0.88538444;-77.18527;45.945812;0.27433214;0.0;0.0;-0.4478691;0.003965805;0.0010988488;7.832463e-05;0.2636096;0.008549631;-0.08138341;0.26417652;-8.514285e-05;-0.16938488;0.15095834;0.005869869;-0.059016965;0.0;0.0;-1.3334575;0.00022820024;0.00031159067;0.00080608396;75.48291;40.655598;0.013093461;996139.7;922162.44;0.24638262;4.9707046e-07;4.6291817e-07;5.026794e-07;0.0005837662;0.00069202716;1.6548212e-05;1.9014138e-06;3.654829e-06;2.0818852e-05;4.4744193e-05;1.2164095e-05;3.146214e-05;1.0;1.0;6297.1934;25
755641346;755469812;0.444135;-0.06693514;0.12450086;-0.8847391;-76.92008;46.21529;0.25969636;0.0;0.0;-0.44231695;0.0038809078;0.0011641021;0.00010238436;0.26326188;0.008685591;-0.0814261;0.26415417;-8.512764e-05;-0.1694872;0.15053672;0.0061486363;-0.05905162;0.0;0.0;-1.3334575;0.00022999474;0.00030769565;0.00079650705;71.89838;40.736145;0.013102219;911509.4;926653.06;0.24952666;4.922288e-07;4.5917596e-07;5.0193444e-07;0.00058355543;0.0006900508;1.6572452e-05;1.8930072e-06;3.6540196e-06;2.0704365e-05;4.372559e-05;1.2037385e-05;3.1189647e-05;1.0;1.0;6306.5166;25
756136051;755964656;0.41034156;0.04352731;-0.10658223;-0.9046356;-76.816345;46.521816;0.27333513;0.0;0.0;-0.44324437;0.003848617;0.0012337824;0.00010758606;0.26300377;0.008793634;-0.081486456;0.26414996;-8.542612e-05;-0.16953605;0.15019426;0.0062501067;-0.059028648;0.0;0.0;-1.3334575;0.00023126147;0.00030518952;0.0007870324;72.29818;40.82175;0.013045561;917364.8;931134.9;0.2468576;4.875548e-07;4.544749e-07;5.006971e-07;0.0005833291;0.000690015;1.6599082e-05;1.8964807e-06;3.6531123e-06;2.0667316e-05;4.277912e-05;1.19672295e-05;3.097491e-05;1.0;1.0;6315.5825;25
756640118;756468450;0.37265715;0.10928755;-0.17754291;-0.90424633;-76.71072;46.879425;0.26135117;0.0;0.0;-0.45342425;0.0038192074;0.0013031579;0.00012466617;0.2627425;0.008838336;-0.08153896;0.2641566;-8.546359e-05;-0.16965541;0.15016411;0.006198579;-0.05895472;0.0;0.0;-1.3334575;0.00023263725;0.00030343074;0.00077160785;72.67022;40.89794;0.0130086;923393.6;935720.5;0.24522422;4.835782e-07;4.4984472e-07;4.993926e-07;0.00058310304;0.00068997336;1.6627662e-05;1.8997506e-06;3.6523088e-06;2.056932e-05;4.1573458e-05;1.1898008e-05;3.0523188e-05;1.0;1.0;6324.923;25
757134709;756963295;0.35660815;0.086401716;-0.13506687;-0.9203925;-76.71074;47.298626;0.24153629;0.0;0.0;-0.43289772;0.0037664282;0.001349283;0.00014050766;0.26252204;0.008819802;-0.08157144;0.26417652;-8.546296e-05;-0.16980334;0.15000811;0.006092336;-0.058914844;0.0;0.0;-1.3334575;0.00023503302;0.00030356215;0.0007571837;73.09915;40.97842;0.013192544;929384.06;940238.0;0.24782442;4.817516e-07;4.4669085e-07;4.989447e-07;0.0005829102;0.0006899532;1.6659431e-05;1.9028266e-06;3.6521717e-06;2.045367e-05;4.0490915e-05;1.18268e-05;3.0050645e-05;1.0;1.0;6334.0444;25
757638772;757467137;0.37927845;0.025722064;-0.056585766;-0.9231925;-76.49494;47.549545;0.2625907;0.0;0.0;-0.41524443;0.0037215305;0.0014026724;0.00016374925;0.26227924;0.008857411;-0.081604265;0.26418364;-8.526847e-05;-0.16988127;0.14998603;0.00605557;-0.058925122;0.0;0.0;-1.3334575;0.00023717311;0.00030318557;0.00074337755;73.60804;41.075947;0.012936638;935521.3;944860.9;0.24620615;4.790314e-07;4.429579e-07;4.981076e-07;0.0005826939;0.0006899399;1.6691307e-05;1.9062893e-06;3.651358e-06;2.0430165e-05;3.9299735e-05;1.1780379e-05;2.9905728e-05;1.0;1.0;6343.3823;25
758133914;757961981;0.39512685;0.0085078385;-0.021952335;-0.91832495;-76.29349;47.808044;0.24793041;0.0;0.0;-0.41600078;0.003680149;0.0014678107;0.00018229;0.26202926;0.008937766;-0.08164151;0.26418817;-8.519364e-05;-0.16990715;0.14985982;0.0060774623;-0.058886502;0.0;0.0;-1.3334575;0.0002388454;0.0003026573;0.0007330504;74.118126;41.176086;0.0127921915;941580.2;949423.2;0.24384116;4.7581563e-07;4.3894235e-07;4.969901e-07;0.00058249;0.0006899257;1.6721657e-05;1.909907e-06;3.6504675e-06;2.0418049e-05;3.8311508e-05;1.1741952e-05;2.980202e-05;1.0;1.0;6352.5537;25
758637422;758465823;0.39581898;0.012204228;-0.020185966;-0.9180256;-76.08674;48.07638;0.2346671;0.0;0.0;-0.41619226;0.0036366687;0.001535503;0.00019025862;0.26181358;0.00907813;-0.081693955;0.26418957;-8.526266e-05;-0.1699056;0.14972594;0.006135475;-0.05883014;0.0;0.0;-1.3334575;0.00024042599;0.00030177928;0.00072639284;74.59107;41.281593;0.012886031;947771.9;954095.75;0.2471529;4.7268523e-07;4.3526953e-07;4.9661685e-07;0.0005823314;0.00068989623;1.6749858e-05;1.9137626e-06;3.6504312e-06;2.0409116e-05;3.7545375e-05;1.1701777e-05;2.9692665e-05;1.0;1.0;6361.9097;25
759141213;758969665;0.40395907;0.00741696;-0.018362558;-0.9145627;-75.88958;48.319527;0.21889289;0.0;0.0;-0.42351654;0.0035944222;0.0016014198;0.00020153087;0.26161966;0.009245706;-0.08174566;0.26418975;-8.5255764e-05;-0.16991334;0.14964356;0.0061776787;-0.05878862;0.0;0.0;-1.3334575;0.00024098076;0.0003001444;0.00071862823;75.037796;41.381332;0.012770942;953984.06;958779.9;0.24542767;4.685195e-07;4.3063343e-07;4.953149e-07;0.0005821717;0.0006898578;1.6776576e-05;1.9175714e-06;3.649625e-06;2.0399159e-05;3.672768e-05;1.1659234e-05;2.9571807e-05;1.0;1.0;6371.2236;25
759636098;759464509;0.40479818;0.0062157786;-0.012871062;-0.91429436;-75.719795;48.556675;0.21052483;0.0;0.0;-0.4322462;0.0035585798;0.0016663235;0.00021249503;0.26146913;0.009437983;-0.08179919;0.26418945;-8.525123e-05;-0.16991922;0.14955823;0.006219587;-0.058741007;0.0;0.0;-1.3334575;0.00024098385;0.0002981252;0.00071185705;75.45077;41.477146;0.012637731;960115.6;963402.5;0.24298006;4.6402988e-07;4.2581803e-07;4.938106e-07;0.0005820389;0.0006898074;1.680133e-05;1.9213544e-06;3.6487459e-06;2.038918e-05;3.598615e-05;1.1616093e-05;2.9445795e-05;1.0;1.0;6380.3965;25
760139935;759968398;0.40565017;-0.0014456684;-0.004220259;-0.9140176;-75.5485;48.822033;0.19679883;0.0;0.0;-0.4217292;0.003521926;0.0017162726;0.00021659401;0.26135087;0.0096128285;-0.081843264;0.26418707;-8.5291984e-05;-0.16991983;0.14948793;0.006260554;-0.058717407;0.0;0.0;-1.3334575;0.00024199425;0.0002972034;0.00070769043;75.91271;41.586903;0.012682887;966411.75;968131.7;0.2461994;4.607364e-07;4.2221436e-07;4.931548e-07;0.00058194716;0.00068976067;1.6828028e-05;1.9253303e-06;3.6487054e-06;2.0381409e-05;3.538256e-05;1.1578644e-05;2.933858e-05;1.0;1.0;6389.708;25
760634822;760463243;0.4070134;-0.06028195;0.11104604;-0.9046408;-75.43447;49.141727;0.23022874;0.0;0.0;-0.42760345;0.0034654527;0.0017685671;0.0002269855;0.26121467;0.009799605;-0.08188098;0.2641837;-8.524295e-05;-0.16990614;0.14938915;0.0063365563;-0.05867631;0.0;0.0;-1.3334575;0.00024216363;0.00029579227;0.00070234045;76.35885;41.687817;0.012736279;972636.0;972795.8;0.24383381;4.5673622e-07;4.1791725e-07;4.9151777e-07;0.0005818635;0.00068970467;1.6853748e-05;1.929176e-06;3.6478295e-06;2.0371128e-05;3.473266e-05;1.1539452e-05;2.9227735e-05;1.0;1.0;6398.8823;25
761138490;760967037;0.42663744;-0.068785876;0.12583564;-0.89298064;-74.94324;49.29812;0.17566973;0.0;0.0;-0.44297525;0.0033640715;0.0018020727;0.00024030758;0.2610076;0.009949697;-0.081882305;0.26416117;-8.529148e-05;-0.16993736;0.14900103;0.006602901;-0.058607765;0.0;0.0;-1.3334575;0.00024259252;0.00029445154;0.0006989683;76.87463;41.805614;0.012498876;979040.94;977562.3;0.24217197;4.5317594e-07;4.144366e-07;4.8986266e-07;0.0005817994;0.0006896595;1.688211e-05;1.9327429e-06;3.6470274e-06;2.0308464e-05;3.4163648e-05;1.1475751e-05;2.9047136e-05;1.0;1.0;6408.1523;25
761633343;761461882;0.4349811;0.022890572;-0.040620152;-0.89923155;-74.72883;49.528942;0.1391241;0.0;0.0;-0.47036514;0.003322634;0.0018398549;0.00023947876;0.26089966;0.010070978;-0.08188441;0.26415193;-8.5460866e-05;-0.16997413;0.1487822;0.0067533995;-0.058516245;0.0;0.0;-1.3334575;0.00024436324;0.00029522198;0.00069829356;77.44217;41.93291;0.012597288;985408.8;982273.0;0.24461126;4.5107976e-07;4.1205723e-07;4.887623e-07;0.00058177096;0.0006896367;1.6912783e-05;1.93664e-06;3.6469166e-06;2.0272762e-05;3.378772e-05;1.14341665e-05;2.8910834e-05;1.0;1.0;6417.2373;25
762137183;761965724;0.416004;0.08927906;-0.15160975;-0.89217967;-74.43934;49.73154;0.111605965;0.0;0.0;-0.49406448;0.0032823286;0.0018772337;0.00023733286;0.2608191;0.010163413;-0.08188731;0.26415312;-8.555063e-05;-0.1699807;0.148645;0.0068113417;-0.058433693;0.0;0.0;-1.3334575;0.00024588912;0.00029620036;0.00069568976;78.01479;42.05387;0.012478141;991934.7;987081.9;0.24295823;4.4830819e-07;4.0899306e-07;4.865836e-07;0.0005817584;0.0006896232;1.6944647e-05;1.9406918e-06;3.6461183e-06;2.022657e-05;3.3358694e-05;1.1397024e-05;2.8684268e-05;1.0;1.0;6426.4526;25
762641029;762469566;0.40801683;0.08280586;-0.13232684;-0.8995305;-74.250336;49.943394;0.12614495;0.0;0.0;-0.5097685;0.0032387534;0.0019128072;0.00024407165;0.26078802;0.010284265;-0.08190533;0.26415384;-8.555946e-05;-0.1700726;0.14863013;0.006800858;-0.05831343;0.0;0.0;-1.3334575;0.0002462645;0.00029557516;0.00069122296;78.46299;42.157925;0.0123276645;998456.25;991903.5;0.24126728;4.4456104e-07;4.0528224e-07;4.844446e-07;0.0005817569;0.0006895871;1.6971666e-05;1.9445954e-06;3.6453218e-06;2.0152787e-05;3.2867338e-05;1.1343061e-05;2.834735e-05;1.0;1.0;6435.66;25
763136098;762964410;0.42997095;-0.010932768;0.010619097;-0.9027142;-74.080345;50.164238;0.15259068;0.0;0.0;-0.5335379;0.0031925698;0.0019444929;0.00025209485;0.2607368;0.010397752;-0.08190368;0.26415163;-8.552279e-05;-0.17013095;0.14861749;0.0068015447;-0.058242273;0.0;0.0;-1.3334575;0.00024806088;0.00029597103;0.0006880051;74.98188;42.274487;0.012318138;913597.5;996592.6;0.24372327;4.4168232e-07;4.0273835e-07;4.824454e-07;0.0005817499;0.00068757695;1.6998347e-05;1.9372762e-06;3.6444535e-06;2.0086105e-05;3.240658e-05;1.1311079e-05;2.8167276e-05;1.0;1.0;6444.7246;25
763639768;763468252;0.44405133;-0.005971688;0.006669671;-0.8959567;-73.83057;50.307133;0.12902465;0.0;0.0;-0.5705723;0.003154268;0.0019898622;0.00024318781;0.26071745;0.010586929;-0.08192111;0.2641499;-8.5728505e-05;-0.1701162;0.1484559;0.006879936;-0.058201157;0.0;0.0;-1.3334575;0.0002484084;0.00029585906;0.0006880812;75.48976;40.250248;0.012124416;919557.0;910423.1;0.2418499;4.386083e-07;3.99524e-07;4.813359e-07;0.0005817345;0.0006875085;1.7022852e-05;1.9414347e-06;3.6443514e-06;2.0079367e-05;3.2084306e-05;1.1279341e-05;2.8079738e-05;1.0;1.0;6453.9023;25
764134507;763963097;0.48612833;0.01612551;-0.002716946;-0.8737344;-73.68055;50.464813;0.117632315;0.0;0.0;-0.62093735;0.0031290643;0.002030069;0.00022803595;0.26070967;0.010786252;-0.08192472;0.26414746;-8.597335e-05;-0.17010884;0.14833105;0.0069378107;-0.05821105;0.0;0.0;-1.3334575;0.00024864593;0.00029536505;0.0006881933;76.00141;40.378006;0.011920573;925519.4;914795.8;0.23929249;4.3479272e-07;3.9625394e-07;4.7909515e-07;0.00058174855;0.0006874271;1.7048076e-05;1.9455533e-06;3.6434856e-06;2.0074e-05;3.1789543e-05;1.1247284e-05;2.7990769e-05;1.0;1.0;6462.936;25
764638520;764466986;0.5982683;0.011087711;-0.008400975;-0.8011751;-73.55105;50.678173;0.10378767;0.0;0.0;-0.65100724;0.003127408;0.0020658562;0.00020431985;0.2607481;0.010966606;-0.08193702;0.26415294;-8.621653e-05;-0.17010444;0.14831595;0.0070214015;-0.0582436;0.0;0.0;-1.3334575;0.00024946846;0.00029511593;0.00069065194;76.56147;40.523407;0.011917405;931638.7;919269.1;0.24215515;4.306437e-07;3.9375013e-07;4.7634057e-07;0.000581765;0.0006873437;1.707543e-05;1.949457e-06;3.642697e-06;2.0070911e-05;3.1613654e-05;1.1182994e-05;2.7903938e-05;1.0;1.0;6472.1064;25
765133403;764961831;0.71390283;-0.010461252;-0.0067818016;-0.70013386;-73.48536;50.87046;0.07300531;0.0;0.0;-0.7158174;0.0031436903;0.0021217696;0.00016385851;0.2608707;0.011232998;-0.08197347;0.26417565;-8.65064e-05;-0.1700943;0.14861861;0.007205403;-0.05830127;0.0;0.0;-1.3334575;0.00024779202;0.0002932108;0.00069033285;77.01701;40.64726;0.011854133;937654.56;923681.5;0.23956811;4.2556258e-07;3.9052188e-07;4.7376204e-07;0.0005817769;0.0006872184;1.709781e-05;1.9522845e-06;3.6425963e-06;2.0066418e-05;3.131485e-05;1.1032741e-05;2.7784252e-05;1.0;1.0;6481.155;25
765637177;765465625;0.8200032;-0.013233171;-0.003917554;-0.57219267;-73.55392;51.094208;0.08066402;0.0;0.0;-0.75915796;0.0031813842;0.0021616707;0.00011264726;0.26105884;0.011416738;-0.08202311;0.26423958;-8.649744e-05;-0.17011234;0.14959896;0.0075329742;-0.058549568;0.0;0.0;-1.3334575;0.0002440111;0.00028799294;0.00067779707;77.3684;40.75537;0.011745321;943774.1;928182.1;0.23770244;4.1833982e-07;3.8701003e-07;4.695269e-07;0.00058177667;0.00068707;1.711807e-05;1.9528134e-06;3.6418123e-06;2.0060517e-05;3.0445603e-05;1.0716633e-05;2.763095e-05;1.0;1.0;6490.3613;25
766141120;765969467;0.8950655;0.01868531;0.0055881226;-0.445508;-73.61784;51.419;0.048003364;0.0;0.0;-0.80087876;0.0032052444;0.002195486;7.506967e-05;0.26129687;0.011595435;-0.082098365;0.26433766;-8.593446e-05;-0.17016286;0.15140343;0.008077575;-0.059023544;0.0;0.0;-1.3334575;0.00023820242;0.0002797711;0.00064843055;77.60409;40.843475;0.011764917;949904.0;932691.56;0.23598568;4.1047798e-07;3.8380458e-07;4.6501108e-07;0.00058176345;0.0006869122;1.7137048e-05;1.9505187e-06;3.6410327e-06;2.0053692e-05;2.8739556e-05;1.0234372e-05;2.742802e-05;1.0;1.0;6499.6055;25
766635911;766464312;0.9474434;-0.03416949;-0.02579061;-0.31704634;-73.62383;51.711964;0.059887495;0.0;0.0;-0.82387215;0.0031804207;0.0022072229;5.7155517e-05;0.26146182;0.011718906;-0.08215347;0.2644288;-8.527764e-05;-0.17024314;0.15313533;0.008565882;-0.05952758;0.0;0.0;-1.3334575;0.0002317255;0.00027139805;0.00061400415;77.79207;40.931362;0.0117935715;955961.3;937139.5;0.238195;4.0437504e-07;3.8161826e-07;4.619687e-07;0.0005817463;0.0006867648;1.7155226e-05;1.947154e-06;3.640942e-06;2.0043042e-05;2.6797663e-05;9.752958e-06;2.725596e-05;1.0;1.0;6508.756;25
767139717;766968154;0.97927344;0.009119136;0.01648124;-0.20166531;-73.59154;52.027016;0.091106266;0.0;0.0;-0.86590624;0.0030989775;0.0022006514;4.9130824e-05;0.26160452;0.011823657;-0.08219702;0.26454747;-8.437348e-05;-0.17036767;0.15541266;0.00915071;-0.06028107;0.0;0.0;-1.3334575;0.00022321288;0.00026029156;0.0005661852;77.86988;40.99479;0.011594162;962142.2;941671.8;0.23660563;3.9778766e-07;3.7936795e-07;4.5848248e-07;0.0005817121;0.00068660104;1.717235e-05;1.940662e-06;3.6401743e-06;2.0026422e-05;2.4209234e-05;9.169882e-06;2.7057884e-05;1.0;1.0;6518.095;25
767634620;767462998;0.9894195;0.050775446;0.03477613;-0.13138328;-73.7402;52.594692;0.026788991;0.0;0.0;-0.88364446;0.0029812104;0.0021871761;2.1169777e-05;0.2617262;0.0119062625;-0.08228506;0.26468897;-8.385124e-05;-0.17043582;0.15721335;0.0094596855;-0.06120062;0.0;0.0;-1.3334575;0.00021488627;0.0002485606;0.000520387;77.90254;41.059532;0.011828269;968259.25;946136.6;0.23895536;3.9224562e-07;3.780662e-07;4.5590187e-07;0.0005816765;0.0006864599;1.7189439e-05;1.9333227e-06;3.6393392e-06;2.0015726e-05;2.1707949e-05;8.625215e-06;2.6811493e-05;1.0;1.0;6527.354;25
768138623;767966840;0.99059623;-0.039276678;-0.021866012;-0.129222;-73.90752;53.111248;0.018454973;0.0;0.0;-0.90176773;0.0028477814;0.002168316;-6.3795706e-06;0.26181757;0.012003097;-0.08234645;0.26482144;-8.344677e-05;-0.17053002;0.15878509;0.009634781;-0.062182207;0.0;0.0;-1.3334575;0.00020664305;0.00023850317;0.00048344064;77.987335;41.130047;0.011743751;974535.7;950705.25;0.23723358;3.8804353e-07;3.7685894e-07;4.5406904e-07;0.0005816332;0.00068631;1.7206296e-05;1.9266392e-06;3.638585e-06;1.9995608e-05;1.9679479e-05;8.181806e-06;2.660734e-05;1.0;1.0;6536.7993;25
768633250;768461685;0.9868945;0.07154067;0.017072666;-0.1436311;-73.77214;53.32276;0.056044955;0.0;0.0;-0.9463571;0.002704837;0.0021681078;1.8167746e-05;0.26185676;0.012132004;-0.08236807;0.26490197;-8.277162e-05;-0.1705754;0.16029423;0.009983519;-0.06294449;0.0;0.0;-1.3334575;0.00019962165;0.0002317364;0.00045862212;78.205284;41.224735;0.011334768;980761.4;955230.4;0.23500204;3.8574981e-07;3.760658e-07;4.5335943e-07;0.0005815878;0.00068616605;1.7223492e-05;1.921941e-06;3.638518e-06;1.9954101e-05;1.8280187e-05;7.890152e-06;2.6484397e-05;1.0;1.0;6546.1865;25
769136990;768965574;0.99432296;0.009483714;-0.06565213;-0.08319675;-74.052444;54.074364;0.039317217;0.0;0.0;-0.9724099;0.002585753;0.0021732878;-5.4809723e-05;0.26201788;0.01232155;-0.08248005;0.265041;-8.279272e-05;-0.17063086;0.1612837;0.009923997;-0.06389409;0.0;0.0;-1.3334575;0.00019358961;0.00022380747;0.0004350744;78.33863;41.312786;0.01172625;987159.7;959832.8;0.23793812;3.8340983e-07;3.7608675e-07;4.5238028e-07;0.0005815476;0.00068604556;1.7242972e-05;1.9170755e-06;3.6377771e-06;1.9938972e-05;1.691297e-05;7.558489e-06;2.6236416e-05;1.0;1.0;6555.763;25
769640970;769469369;0.97247213;-0.16322908;0.16004913;-0.045150902;-73.56586;54.077774;0.15387526;0.0;0.0;-1.0132146;0.002333694;0.0021647387;-5.40378e-05;0.26179498;0.012532207;-0.08247352;0.26502872;-8.265047e-05;-0.1706593;0.16206859;0.0103512285;-0.06467001;0.0;0.0;-1.3334575;0.00018721509;0.00021763521;0.0004138515;78.535645;41.40489;0.011036924;993619.75;964466.5;0.23623659;3.820148e-07;3.760642e-07;4.5183532e-07;0.00058148475;0.0006859084;1.7262595e-05;1.9114675e-06;3.63705e-06;1.9857132e-05;1.5717464e-05;7.277081e-06;2.6075268e-05;1.0;1.0;6565.4673;25
770135681;769964214;0.96483225;0.002672886;0.06224807;0.25537604;-73.71189;54.837822;0.060426563;0.0;0.0;-1.0230995;0.0021587836;0.0021566513;-0.00011329924;0.26174444;0.012609255;-0.082499154;0.26511914;-8.2982e-05;-0.1707445;0.16245416;0.01030242;-0.06554133;0.0;0.0;-1.3334575;0.00018132372;0.00021091013;0.00039583183;74.75501;41.50829;0.011166483;909232.75;968950.6;0.23414256;3.8216598e-07;3.7727253e-07;4.5293856e-07;0.0005814535;0.00068381603;1.7292296e-05;1.8960379e-06;3.6369893e-06;1.9791822e-05;1.4613004e-05;7.013062e-06;2.583176e-05;1.0;1.0;6574.9517;25
770639543;770468055;0.9294426;-0.0042704516;0.022387218;0.36826235;-73.60677;55.360092;0.09675777;0.0;0.0;-1.0326171;0.0018535968;0.0021624265;-0.0001748006;0.26160318;0.012792726;-0.08259176;0.2651987;-8.3993735e-05;-0.17095234;0.1621175;0.010084028;-0.06664573;0.0;0.0;-1.3334575;0.0001732703;0.00020162716;0.00037304495;74.83066;41.581436;0.01083876;915227.2;973604.1;0.23222251;3.819532e-07;3.7799825e-07;4.5459709e-07;0.00058139657;0.00068372174;1.7314278e-05;1.8879157e-06;3.6362599e-06;1.9775585e-05;1.3330557e-05;6.722218e-06;2.5710195e-05;1.0;1.0;6584.6772;25
771134644;770962900;0.92157066;0.047114775;0.033559788;0.38387695;-74.09263;56.052216;0.07657073;0.0;0.0;-1.0437958;0.0016137122;0.0021728922;-0.0002584552;0.2615896;0.0129397055;-0.08269527;0.26534808;-8.496204e-05;-0.17105876;0.16149466;0.009487148;-0.06810276;0.0;0.0;-1.3334575;0.00016620333;0.00019247591;0.0003550181;74.87049;41.657326;0.010641905;921157.5;978189.5;0.23391925;3.8236325e-07;3.791754e-07;4.5657208e-07;0.0005813577;0.0006836595;1.7335986e-05;1.8807253e-06;3.6354645e-06;1.976068e-05;1.228356e-05;6.457071e-06;2.5504385e-05;1.0;1.0;6594.3916;25
771638337;771466742;0.9322908;0.007905693;0.01636541;0.36125275;-74.198524;56.57286;0.091877066;0.0;0.0;-1.0550236;0.001403454;0.0022016407;-0.0003121445;0.26159605;0.013082986;-0.08280076;0.26546293;-8.575107e-05;-0.17125201;0.16117857;0.009109348;-0.06914419;0.0;0.0;-1.3334575;0.00015928021;0.00018519592;0.00034350847;74.98713;41.742447;0.0103788255;927209.6;982888.7;0.23155068;3.8372806e-07;3.8018462e-07;4.5895388e-07;0.00058132433;0.00068360695;1.7355347e-05;1.8755585e-06;3.6354982e-06;1.9753152e-05;1.1554031e-05;6.260214e-06;2.5379724e-05;1.0;1.0;6604.3604;25
772133195;771961586;0.98444664;-0.020470712;0.014300663;0.17390051;-74.39921;57.1347;0.08642955;0.0;0.0;-1.063344;0.0011941378;0.0022386808;-0.00037730247;0.26163504;0.013218268;-0.0829203;0.2656024;-8.642209e-05;-0.17148052;0.1612041;0.00871441;-0.070311666;0.0;0.0;-1.3334575;0.00015390184;0.00017893546;0.0003330568;75.11616;41.84034;0.010253368;933196.3;987521.56;0.23280197;3.852649e-07;3.816319e-07;4.6074229e-07;0.00058130006;0.0006835789;1.7375016e-05;1.8701767e-06;3.634713e-06;1.9748113e-05;1.0888183e-05;6.068937e-06;2.5260339e-05;1.0;1.0;6614.2686;25
772637035;772465428;0.96396005;0.019307477;-0.039592013;-0.26237518;-74.57117;57.619648;0.12670918;0.0;0.0;-1.0427322;0.0011024321;0.002263407;-0.0004437782;0.2617437;0.013326509;-0.08302114;0.2657183;-8.6510496e-05;-0.17159566;0.16192348;0.008580532;-0.07116137;0.0;0.0;-1.3334575;0.00015119671;0.0001762098;0.0003285131;75.3986;41.96455;0.01007835;939305.94;992271.75;0.23020633;3.8714745e-07;3.8291105e-07;4.6029314e-07;0.0005812881;0.0006835592;1.7392082e-05;1.8684212e-06;3.63401e-06;1.9743868e-05;1.0489489e-05;5.9553463e-06;2.516135e-05;1.0;1.0;6624.414;25
773140905;772969317;0.7582982;0.00129308;0.017492514;-0.6516719;-74.661255;57.999508;0.10518882;0.0;0.0;-1.031856;0.0011197821;0.0022690373;-0.0005336403;0.26188394;0.013424397;-0.08306444;0.2657787;-8.622054e-05;-0.17157371;0.16252838;0.008674279;-0.07148929;0.0;0.0;-1.3334575;0.00015214199;0.00017713626;0.00032958828;75.873314;42.12783;0.010002639;945480.0;997064.0;0.2278253;3.8936312e-07;3.8441615e-07;4.57619e-07;0.00058129156;0.00068355503;1.7409948e-05;1.8707802e-06;3.6340648e-06;1.9741407e-05;1.03384955e-05;5.911635e-06;2.5093972e-05;1.0;1.0;6634.6826;25
773635626;773464162;0.4739676;-0.024463357;-0.018488059;-0.88000816;-74.5916;58.242702;0.07285772;0.0;0.0;-1.0107921;0.001181007;0.0022673262;-0.0005943938;0.26198426;0.013511472;-0.08307125;0.2657827;-8.585017e-05;-0.17149846;0.16269034;0.008884733;-0.07148106;0.0;0.0;-1.3334575;0.00015395238;0.00017790726;0.00033061067;76.3541;40.197475;0.009945679;951509.1;910720.06;0.22490212;3.9099027e-07;3.8591733e-07;4.5198288e-07;0.0005812855;0.00068354385;1.7425302e-05;1.8737054e-06;3.6332074e-06;1.9729869e-05;1.0232998e-05;5.868073e-06;2.5034653e-05;1.0;1.0;6644.79;25
774139460;773967957;0.379666;0.03560715;-0.009479532;-0.92438954;-74.53824;58.338104;0.1123246;0.0;0.0;-1.002222;0.0012282236;0.0022737938;-0.0005689001;0.26208538;0.013537427;-0.0830576;0.2657933;-8.5654276e-05;-0.17150053;0.1624617;0.008872233;-0.071451575;0.0;0.0;-1.3334575;0.00015552965;0.00017761278;0.0003305548;76.79609;40.361065;0.0098362425;957784.56;915113.44;0.22675852;3.926473e-07;3.8799476e-07;4.4666692e-07;0.00058129075;0.0006835519;1.7444185e-05;1.8760151e-06;3.6325132e-06;1.9725103e-05;1.0094083e-05;5.802788e-06;2.497233e-05;1.0;1.0;6655.0713;25
774634414;774462802;0.58767396;-0.0036401753;-0.01460249;-0.808958;-74.38726;58.50244;0.085311934;0.0;0.0;-0.99060464;0.0012738664;0.002284021;-0.00054153684;0.2621973;0.013573862;-0.08304232;0.2658026;-8.55231e-05;-0.17155823;0.16227384;0.008873596;-0.071405016;0.0;0.0;-1.3334575;0.00015745664;0.00017862432;0.00033204703;77.31695;40.53357;0.009743055;964022.4;919455.8;0.2237924;3.9466707e-07;3.9004928e-07;4.4288055e-07;0.0005812945;0.0006835638;1.7462378e-05;1.8789699e-06;3.632494e-06;1.971786e-05;9.996434e-06;5.7579705e-06;2.494046e-05;1.0;1.0;6665.2036;25
775138075;774966644;0.8086961;-0.0597318;-0.0050770803;-0.5851642;-74.36016;58.641006;0.09951026;0.0;0.0;-0.99024206;0.0013361492;0.002293339;-0.0005593873;0.26232192;0.013623242;-0.08302786;0.26581413;-8.5208994e-05;-0.17155243;0.16236009;0.009041831;-0.07137605;0.0;0.0;-1.3334575;0.00015981027;0.00017996565;0.00033353985;77.82046;40.717663;0.009700508;970361.25;923890.3;0.22154139;3.9617117e-07;3.9199915e-07;4.3836212e-07;0.0005813005;0.00068357104;1.7475459e-05;1.8821206e-06;3.6318042e-06;1.9713969e-05;9.908961e-06;5.721246e-06;2.4888577e-05;1.0;1.0;6675.507;25
775633109;775461489;0.95379776;0.013697784;0.034645412;-0.29813096;-74.438576;58.87753;0.11544271;0.0;0.0;-1.012051;0.0013610726;0.0023033735;-0.00056869315;0.26245132;0.01366712;-0.08300886;0.2658577;-8.489195e-05;-0.1715826;0.16292897;0.009281401;-0.07164587;0.0;0.0;-1.3334575;0.00016164003;0.00018090972;0.00033370126;78.331795;40.917206;0.009728674;976672.7;928265.75;0.223048;3.976376e-07;3.942943e-07;4.355154e-07;0.00058130414;0.00068358623;1.7491759e-05;1.8840745e-06;3.6310432e-06;1.9707122e-05;9.753831e-06;5.674518e-06;2.4836943e-05;1.0;1.0;6685.6895;25
776137121;775965331;0.9987119;0.02307672;0.045152456;0.0018637219;-74.501236;59.25788;0.06275062;0.0;0.0;-1.0368501;0.0012826318;0.0023396288;-0.0005835211;0.26256743;0.013767153;-0.083068505;0.26593938;-8.4939784e-05;-0.17164795;0.16371126;0.00939321;-0.072245866;0.0;0.0;-1.3334575;0.00016091469;0.00017909613;0.00033086276;78.69026;41.0988;0.009732949;983091.8;932724.0;0.2212393;3.9905967e-07;3.9632812e-07;4.3495783e-07;0.0005812982;0.0006835952;1.7502349e-05;1.883363e-06;3.6303595e-06;1.9702567e-05;9.467302e-06;5.5907853e-06;2.475313e-05;1.0;1.0;6696.077;25
776640572;776469173;0.96311617;-0.013303043;-0.033869945;0.26661432;-74.65873;59.64293;0.062202357;0.0;0.0;-1.0523975;0.0011544746;0.0023874135;-0.00060160126;0.26265672;0.013894276;-0.08314526;0.26602876;-8.52824e-05;-0.1717393;0.164174;0.009279112;-0.07303396;0.0;0.0;-1.3334575;0.00015831194;0.00017559252;0.00032743544;78.96894;41.270557;0.009660664;989574.9;937200.9;0.219553;4.010684e-07;3.985538e-07;4.3640196e-07;0.00058128894;0.0006836076;1.7513714e-05;1.8815867e-06;3.63043e-06;1.9697565e-05;9.15006e-06;5.4931966e-06;2.4655068e-05;1.0;1.0;6706.5127;25
777135533;776964017;0.907883;-0.024676297;-0.0129139405;0.41829762;-74.57178;60.005516;0.10487552;0.0;0.0;-1.0649793;0.0009278564;0.0024698067;-0.00065445725;0.2626703;0.014106985;-0.08329299;0.2661155;-8.6146145e-05;-0.17192104;0.16414084;0.009057798;-0.07401828;0.0;0.0;-1.3334575;0.00015401369;0.00016980847;0.0003211467;79.071915;41.40611;0.00963858;995904.06;941608.3;0.22123003;4.0281472e-07;4.0063355e-07;4.3806642e-07;0.00058126956;0.0006836101;1.7520122e-05;1.8768002e-06;3.6296776e-06;1.9685902e-05;8.759736e-06;5.361773e-06;2.4567717e-05;1.0;1.0;6716.8296;25
777639345;777467906;0.9015563;0.046119004;-0.14335482;0.40560886;-75.44962;60.60782;-0.017975708;0.0;0.0;-1.0601162;0.00079493754;0.0025400128;-0.0006444284;0.2628866;0.014221967;-0.08344054;0.26631358;-8.659756e-05;-0.1720123;0.16418836;0.008371711;-0.0755105;0.0;0.0;-1.3334575;0.00015041625;0.00016424952;0.00031569932;75.18354;41.569717;0.009507079;911369.1;946045.4;0.21965322;4.0527934e-07;4.0319242e-07;4.3988555e-07;0.000581245;0.0006815383;1.7529346e-05;1.8624495e-06;3.629013e-06;1.9599504e-05;8.414116e-06;5.2335736e-06;2.4318235e-05;1.0;1.0;6727.445;25
778143114;777971702;0.8809461;0.090533406;-0.24679008;0.3934876;-76.13533;61.259216;-0.013913544;0.0;0.0;-1.0660342;0.00070561306;0.0026051234;-0.000620006;0.26309946;0.014327213;-0.08357517;0.26648638;-8.678118e-05;-0.17202967;0.16428664;0.007757915;-0.07687038;0.0;0.0;-1.3334575;0.00014721611;0.00016012842;0.000312774;75.38049;41.73482;0.009528936;917401.6;950569.5;0.2181031;4.0825645e-07;4.0578084e-07;4.4205302e-07;0.0005812246;0.00068155816;1.7540378e-05;1.8602226e-06;3.6290962e-06;1.9540912e-05;8.160872e-06;5.131992e-06;2.407745e-05;1.0;1.0;6738.2734;25
778637994;778466546;0.90882134;-0.0071991645;-0.008325886;0.41704047;-76.84263;61.843292;-0.012700845;0.0;0.0;-1.1361032;0.00058862235;0.002692977;-0.0006351962;0.2633335;0.0144407125;-0.0837464;0.2666799;-8.674684e-05;-0.17212985;0.16423541;0.007116105;-0.07827533;0.0;0.0;-1.3334575;0.00014463274;0.00015619109;0.00030942366;75.57163;41.9085;0.009601744;923392.44;955026.7;0.21990813;4.1127734e-07;4.0854485e-07;4.439394e-07;0.0005811884;0.0006815824;1.7554254e-05;1.8575103e-06;3.6283689e-06;1.9499708e-05;7.9035935e-06;5.0223334e-06;2.3861427e-05;1.0;1.0;6749.1924;25
779132905;778961391;0.91057867;0.019900108;0.028761381;0.41185346;-77.24029;62.428722;0.022321312;0.0;0.0;-1.1718311;0.00045796597;0.0027906878;-0.0007383742;0.26346034;0.01462522;-0.08390335;0.26680428;-8.637209e-05;-0.17210463;0.16413516;0.006720416;-0.07955199;0.0;0.0;-1.3334575;0.00014234298;0.00015275476;0.00030726683;75.79403;42.091904;0.009558223;929450.6;959506.44;0.21794796;4.145702e-07;4.1130824e-07;4.4592292e-07;0.00058111094;0.0006816079;1.7566668e-05;1.8552433e-06;3.6276522e-06;1.9480165e-05;7.6757815e-06;4.9207597e-06;2.3724439e-05;1.0;1.0;6760.2627;25
780140702;779969075;0.8969155;0.18610288;-0.0325851;0.39980826;-77.22376;63.16133;0.023195166;0.0;0.0;-1.1836306;0.00027163155;0.0030062867;-0.00064667495;0.26368988;0.01487653;-0.08415958;0.26698884;-8.665723e-05;-0.17229088;0.1643108;0.0060433336;-0.0816227;0.0;0.0;-1.3334575;0.00013831645;0.00014828904;0.0003046454;76.35852;42.48923;0.009668362;941829.6;968718.25;0.21924159;4.2186127e-07;4.1696904e-07;4.4995738e-07;0.0005808593;0.0006816546;1.7587836e-05;1.8507031e-06;3.6271263e-06;1.9373598e-05;7.3353494e-06;4.7604703e-06;2.3473704e-05;1.0;1.0;6782.9844;25
780635367;780463920;0.9130237;0.13536176;-0.045540355;0.3820878;-77.03737;63.46423;0.04168629;0.0;0.0;-1.1924921;0.00019754143;0.0031464957;-0.0005329842;0.2637635;0.015054152;-0.08430403;0.26704144;-8.639465e-05;-0.17230694;0.1644237;0.0057575316;-0.082748584;0.0;0.0;-1.3334575;0.00013662552;0.00014659915;0.00030288403;76.62376;42.685146;0.0097506;947923.44;973276.06;0.21748921;4.254724e-07;4.195435e-07;4.5152342e-07;0.0005806385;0.0006816712;1.7592278e-05;1.8475622e-06;3.6264194e-06;1.9277732e-05;7.1878467e-06;4.6860687e-06;2.3325534e-05;1.0;1.0;6794.225;25
781139558;780967762;0.9195893;-0.007090992;0.01879155;0.3923674;-76.947845;63.74583;0.09698303;0.0;0.0;-1.2268776;0.00011702511;0.0032923012;-0.00059294177;0.26400593;0.015269396;-0.08446311;0.26712337;-8.545584e-05;-0.17248756;0.16445291;0.0054933853;-0.08362874;0.0;0.0;-1.3334575;0.00013540985;0.00014496731;0.00030263656;76.8764;42.886707;0.009778885;954186.44;977929.5;0.21647434;4.2926683e-07;4.2225662e-07;4.533082e-07;0.00058034254;0.0006816856;1.7597376e-05;1.845683e-06;3.6257998e-06;1.926691e-05;7.052047e-06;4.6145037e-06;2.3267266e-05;1.0;1.0;6805.699;25
781643196;781471651;0.9117002;-0.009916186;0.010130415;0.4106116;-76.860245;64.00026;0.112997726;0.0;0.0;-1.2197907;5.673138e-05;0.0034201785;-0.0006638586;0.26420653;0.015474522;-0.08460843;0.26719207;-8.4579806e-05;-0.17262168;0.16449904;0.00528129;-0.084399775;0.0;0.0;-1.3334575;0.00013440252;0.00014360821;0.00030388584;77.13645;43.095226;0.009844465;960469.06;982605.7;0.21940818;4.331717e-07;4.251262e-07;4.5545306e-07;0.0005800129;0.0006816897;1.7603794e-05;1.844694e-06;3.625917e-06;1.9262005e-05;6.9460657e-06;4.5546235e-06;2.3216726e-05;1.0;1.0;6817.1743;25
782138084;781966496;0.90656596;-0.00481542;0.0019784481;0.422032;-76.85848;64.24349;0.12910265;0.0;0.0;-1.2110714;4.364155e-06;0.0035679808;-0.0007358733;0.26448628;0.015708493;-0.084763475;0.26727694;-8.364301e-05;-0.17279486;0.1645626;0.0050092004;-0.08527602;0.0;0.0;-1.3334575;0.00013346155;0.00014205986;0.00030419428;77.343094;43.291607;0.00980383;966649.2;987213.4;0.2178589;4.369442e-07;4.2767007e-07;4.5709763e-07;0.00057956786;0.00068167766;1.7604803e-05;1.8429023e-06;3.6252225e-06;1.9258167e-05;6.835504e-06;4.4876283e-06;2.315975e-05;1.0;1.0;6828.482;25
782632803;782461341;0.9039914;-0.002527573;-0.002134183;0.427538;-76.84048;64.46117;0.13875784;0.0;0.0;-1.1924598;-2.6672378e-05;0.0037007788;-0.00079999404;0.26476386;0.015961077;-0.084904045;0.2673354;-8.285947e-05;-0.17294584;0.16460255;0.0047943755;-0.08600208;0.0;0.0;-1.3334575;0.00013257937;0.00014080408;0.00030569866;77.53381;43.485313;0.009778555;972814.25;991850.1;0.21634181;4.4072317e-07;4.3028328e-07;4.59052e-07;0.00057906675;0.0006816475;1.7602379e-05;1.8416117e-06;3.6252718e-06;1.9253206e-05;6.7499695e-06;4.4328467e-06;2.3111517e-05;1.0;1.0;6839.838;25
783136694;782965136;0.9065297;0.0014236228;0.00032777493;0.42213967;-76.783325;64.678406;0.18861452;0.0;0.0;-1.1496998;-5.121237e-05;0.0038563737;-0.0008667009;0.26503107;0.016223904;-0.0850697;0.26740393;-8.1972954e-05;-0.17312789;0.16466472;0.004547494;-0.08681269;0.0;0.0;-1.3334575;0.0001321195;0.0001396965;0.00030665725;77.730225;43.687206;0.009884451;979143.6;996586.44;0.2193137;4.4457286e-07;4.328704e-07;4.6063047e-07;0.00057859137;0.00068161334;1.7604296e-05;1.8399338e-06;3.6246633e-06;1.9248542e-05;6.6609296e-06;4.3731807e-06;2.3062486e-05;1.0;1.0;6851.3926;25
783640628;783468978;0.91027343;0.002588101;-0.00069105165;0.41399902;-76.66864;64.895096;0.20490247;0.0;0.0;-1.108277;-6.2255174e-05;0.004020973;-0.00092693086;0.26537517;0.0164811;-0.085200794;0.26747495;-8.108737e-05;-0.17331235;0.16476074;0.004310191;-0.08760596;0.0;0.0;-1.3334575;0.00013232215;0.00013929271;0.00030803765;78.00538;41.847782;0.009914788;985544.0;910319.06;0.21848051;4.484281e-07;4.3552376e-07;4.6215985e-07;0.00057803094;0.00068155455;1.7609033e-05;1.8390244e-06;3.623968e-06;1.9245952e-05;6.581794e-06;4.318036e-06;2.3017177e-05;1.0;1.0;6862.9834;25
784135710;783963823;0.90832025;0.001939131;0.008345321;0.41818786;-76.574615;65.0631;0.24819449;0.0;0.0;-1.0646821;-5.752016e-05;0.0041855364;-0.0009820389;0.2657535;0.016767694;-0.08532256;0.2675358;-8.02902e-05;-0.1735017;0.16487093;0.004083774;-0.08837816;0.0;0.0;-1.3334575;0.0001326512;0.00013892018;0.00030944226;78.237946;42.06885;0.009945469;991878.25;914595.0;0.2170796;4.5213008e-07;4.3798505e-07;4.634871e-07;0.000577462;0.00068149896;1.7610455e-05;1.8379391e-06;3.6232896e-06;1.9242689e-05;6.5108206e-06;4.2667057e-06;2.297369e-05;1.0;1.0;6874.3726;25
784639276;784467665;0.9097136;0.00031514248;0.008465307;0.41514996;-76.47722;65.24098;0.27154145;0.0;0.0;-1.0132957;-4.0515355e-05;0.0043286933;-0.0010261842;0.26615813;0.017048547;-0.0854098;0.267583;-7.963702e-05;-0.17366977;0.16497038;0.00389052;-0.0890276;0.0;0.0;-1.3334575;0.0001332877;0.00013901683;0.0003121128;78.50044;42.304867;0.010100696;998367.7;918975.7;0.22026794;4.5592313e-07;4.407217e-07;4.6526287e-07;0.00057696557;0.000681447;1.7615717e-05;1.8376443e-06;3.6234312e-06;1.9240193e-05;6.455846e-06;4.224806e-06;2.2936512e-05;1.0;1.0;6885.9834;25
785143026;784971507;0.91450757;-0.009521288;0.00036183797;0.4044567;-76.458;65.388176;0.2931728;0.0;0.0;-0.957346;-7.627513e-06;0.0044990415;-0.0010769301;0.26661685;0.017398318;-0.08552441;0.26763004;-7.8910605e-05;-0.17387281;0.16509256;0.0036706696;-0.08979392;0.0;0.0;-1.3334575;0.00013382181;0.00013825545;0.00031390527;74.60236;42.516624;0.01015931;913451.56;923313.06;0.21956351;4.594062e-07;4.4298577e-07;4.6641546e-07;0.0005764083;0.00067927147;1.7607117e-05;1.825388e-06;3.6228316e-06;1.9203864e-05;6.3970892e-06;4.179151e-06;2.2890708e-05;1.0;1.0;6897.5923;25
785637924;785466352;0.9127672;-0.0077321148;0.0012443182;0.40840536;-76.47479;65.52554;0.32466936;0.0;0.0;-0.8865146;3.881213e-05;0.0046643987;-0.0011203481;0.26705062;0.017759768;-0.08564615;0.2676676;-7.826675e-05;-0.17408012;0.16521572;0.003460854;-0.090541095;0.0;0.0;-1.3334575;0.00013441655;0.000137872;0.00031565176;74.716705;42.715763;0.010226237;919172.25;927649.4;0.21836457;4.6263582e-07;4.4499905e-07;4.6735644e-07;0.0005758855;0.0006791941;1.7599767e-05;1.8237752e-06;3.6221657e-06;1.9199413e-05;6.3437947e-06;4.136793e-06;2.2842782e-05;1.0;1.0;6909.041;25
786132746;785961197;0.9086938;0.0075623626;-0.0023491238;0.41738826;-76.49561;65.66541;0.3592914;0.0;0.0;-0.8060063;9.015985e-05;0.0048064194;-0.0011567256;0.26748407;0.01811847;-0.08573715;0.26768968;-7.7756114e-05;-0.17426746;0.16532375;0.0032839503;-0.091186225;0.0;0.0;-1.3334575;0.00013522476;0.00013784529;0.00031842646;74.84532;42.919445;0.010407798;924917.94;932009.2;0.22116008;4.6585666e-07;4.4720886e-07;4.687205e-07;0.00057545415;0.0006791264;1.7596027e-05;1.8227419e-06;3.6222302e-06;1.9194935e-05;6.3021967e-06;4.1015674e-06;2.2800488e-05;1.0;1.0;6920.4917;25
786636529;786465087;0.9109864;0.0030331837;-0.0048903567;0.41239625;-76.622154;65.77975;0.39744058;0.0;0.0;-0.7475024;0.00016141914;0.0049732756;-0.0011932313;0.2680771;0.018553667;-0.08580526;0.26771584;-7.7182995e-05;-0.17449208;0.16542512;0.003058967;-0.091939315;0.0;0.0;-1.3334575;0.0001363024;0.00013777052;0.00032057363;74.95124;43.12984;0.010516882;930783.44;936465.25;0.22072688;4.6889352e-07;4.4910357e-07;4.695757e-07;0.00057500496;0.0006790492;1.7589993e-05;1.8212285e-06;3.6216425e-06;1.9191251e-05;6.2583986e-06;4.0628115e-06;2.2754044e-05;1.0;1.0;6932.1763;25
787140387;786968882;0.9090382;-0.001768567;-0.0049314136;0.41667983;-76.75629;65.91463;0.4087672;0.0;0.0;-0.672768;0.00024244387;0.0051350757;-0.0012242463;0.26864827;0.018976234;-0.08586875;0.26774207;-7.663884e-05;-0.17471586;0.16554666;0.002835593;-0.09267904;0.0;0.0;-1.3334575;0.00013766806;0.00013785274;0.00032286803;75.05747;43.349068;0.010646124;936678.9;940945.94;0.22041807;4.7178696e-07;4.5088808e-07;4.7033274e-07;0.0005746012;0.00067897467;1.758512e-05;1.8198185e-06;3.6210606e-06;1.9187954e-05;6.2185186e-06;4.026316e-06;2.2707172e-05;1.0;1.0;6943.912;25
787635287;787463726;0.9097644;-0.006315179;-0.0015530862;0.4150742;-76.85771;66.03201;0.46727893;0.0;0.0;-0.588725;0.00032480838;0.0052766325;-0.0012471931;0.2691715;0.019391445;-0.08590809;0.26774532;-7.620909e-05;-0.17492554;0.16562918;0.0026521287;-0.09331788;0.0;0.0;-1.3334575;0.00013917816;0.00013826623;0.00032596517;75.16612;43.56327;0.010895362;942486.94;945370.56;0.2235774;4.7459739e-07;4.5279137e-07;4.7145136e-07;0.00057428406;0.0006789156;1.7583356e-05;1.8188035e-06;3.6211293e-06;1.9183915e-05;6.186944e-06;3.996415e-06;2.2669663e-05;1.0;1.0;6955.475;25
788139161;787967569;0.9103624;0.00038182113;0.0074570375;0.41374466;-77.12992;66.159256;0.4942372;0.0;0.0;-0.52088004;0.00042815343;0.005433586;-0.0012704436;0.2697978;0.019876333;-0.08593353;0.26774904;-7.57382e-05;-0.17516705;0.16572744;0.00243557;-0.09406052;0.0;0.0;-1.3334575;0.0001407522;0.00013833077;0.00032837148;75.21339;43.77494;0.01104252;948363.4;949889.56;0.2234589;4.77055e-07;4.5420435e-07;4.7199498e-07;0.0005739678;0.0006788481;1.757713e-05;1.8170358e-06;3.6205518e-06;1.9179592e-05;6.152976e-06;3.9634165e-06;2.2622606e-05;1.0;1.0;6967.317;25
788643034;788471411;0.9099395;0.0026360557;0.0040009287;0.41471335;-77.45694;66.2838;0.51639444;0.0;0.0;-0.4435489;0.0005405633;0.0055876244;-0.0012917463;0.2704104;0.020367378;-0.08595182;0.26774776;-7.5292744e-05;-0.17541637;0.16582581;0.0022166732;-0.09480517;0.0;0.0;-1.3334575;0.00014248528;0.00013841384;0.00033084204;75.240265;43.987587;0.011185233;954234.7;954429.75;0.22342281;4.7928796e-07;4.5541796e-07;4.7241974e-07;0.00057369587;0.0006787846;1.7571187e-05;1.815165e-06;3.6199708e-06;1.9175126e-05;6.1214805e-06;3.932338e-06;2.2575347e-05;1.0;1.0;6979.199;25
789138129;788966256;0.91125995;0.0037092578;-0.002291333;0.4118088;-77.777565;66.39476;0.5437796;0.0;0.0;-0.35832798;0.0006607091;0.0057348213;-0.0013035227;0.27098596;0.020850958;-0.08595317;0.2677347;-7.488212e-05;-0.17566763;0.16590415;0.0020074625;-0.09552838;0.0;0.0;-1.3334575;0.00014441382;0.00013855884;0.00033323144;75.25394;44.20067;0.011349174;960017.56;958918.4;0.22287351;4.8127924e-07;4.5639894e-07;4.7266687e-07;0.0005734681;0.0006787267;1.7566286e-05;1.8132162e-06;3.6193205e-06;1.9170531e-05;6.092152e-06;3.9031092e-06;2.2530377e-05;1.0;1.0;6990.9995;25
789632691;789461101;0.90886045;-0.004928797;-0.008404805;0.41698655;-78.0699;66.51667;0.58930784;0.0;0.0;-0.25496858;0.0007729033;0.00585801;-0.0013168033;0.27148217;0.021305518;-0.085952826;0.26771212;-7.456329e-05;-0.17589474;0.16595992;0.0018296806;-0.096166655;0.0;0.0;-1.3334575;0.0001465848;0.00013910783;0.00033659805;75.28998;44.419285;0.011649212;965839.7;963426.94;0.22654751;4.833533e-07;4.5763568e-07;4.7341783e-07;0.00057330565;0.0006786847;1.7566294e-05;1.8118953e-06;3.6193933e-06;1.9166675e-05;6.0683774e-06;3.8792055e-06;2.2490003e-05;1.0;1.0;7002.8203;25
790136462;789964943;0.9095943;-0.0018602398;0.00071990513;0.4154929;-78.47722;66.64636;0.62697846;0.0;0.0;-0.15163003;0.0009040888;0.005992489;-0.0013252376;0.2719958;0.02178979;-0.08594515;0.26768756;-7.421078e-05;-0.17615454;0.16602273;0.0016177442;-0.09688812;0.0;0.0;-1.3334575;0.0001488521;0.00013929568;0.00033924237;75.269775;44.63913;0.0118645225;971730.6;968036.06;0.2268139;4.850011e-07;4.582744e-07;4.735614e-07;0.0005731565;0.00067864027;1.7563814e-05;1.8097951e-06;3.6188146e-06;1.9162098e-05;6.0428056e-06;3.8523285e-06;2.2444248e-05;1.0;1.0;7014.9326;25
790640436;790468832;0.9096681;-0.004629976;0.0006843748;0.41530967;-78.99394;66.79262;0.6528367;0.0;0.0;-0.049410235;0.0010437422;0.006121189;-0.001330437;0.27250138;0.02227986;-0.08592339;0.26765984;-7.3873605e-05;-0.17642623;0.1660857;0.001393681;-0.097629964;0.0;0.0;-1.3334575;0.00015123154;0.00013942082;0.00034192027;75.223206;44.859848;0.012056977;977610.5;972670.9;0.22716525;4.863933e-07;4.586587e-07;4.735948e-07;0.00057304313;0.00067860103;1.756203e-05;1.8075575e-06;3.6182398e-06;1.9157762e-05;6.01837e-06;3.827069e-06;2.2397031e-05;1.0;1.0;7027.164;25
791135273;790963677;0.9082477;-0.0040276977;-0.0029602319;0.41840312;-79.47659;66.93479;0.68603873;0.0;0.0;0.06566892;0.0011699959;0.006220556;-0.0013307752;0.2729233;0.022736033;-0.08588798;0.2676178;-7.3640964e-05;-0.17667249;0.16611022;0.0012056939;-0.09827889;0.0;0.0;-1.3334575;0.00015373444;0.00013989091;0.00034538805;75.195305;45.07924;0.012381353;983418.3;977245.8;0.23124284;4.878408e-07;4.5926404e-07;4.7410745e-07;0.00057297264;0.0006785738;1.7564305e-05;1.8058365e-06;3.6183126e-06;1.9154042e-05;5.9984013e-06;3.8061637e-06;2.2355869e-05;1.0;1.0;7039.2783;25
791639038;791467474;0.90933245;0.0002040225;0.0013492882;0.41606805;-80.16894;67.08468;0.7206948;0.0;0.0;0.14802411;0.0013203757;0.00632995;-0.0013288624;0.27339208;0.023257121;-0.08582131;0.26756382;-7.3379284e-05;-0.17696193;0.16613044;0.0009867836;-0.09903587;0.0;0.0;-1.3334575;0.0001563398;0.0001399326;0.00034812297;75.10597;45.3006;0.012602396;989288.6;981925.06;0.23174948;4.888061e-07;4.591851e-07;4.7398134e-07;0.000572916;0.0006785447;1.7564962e-05;1.8033338e-06;3.6177364e-06;1.914956e-05;5.97645e-06;3.7827665e-06;2.2308675e-05;1.0;1.0;7051.762;25
792142933;791971315;0.90893406;-0.0030897055;-0.0013871527;0.4169261;-80.91284;67.23738;0.7429392;0.0;0.0;0.22662407;0.0014752175;0.006428555;-0.0013232914;0.27382198;0.023766382;-0.085741445;0.2675051;-7.3120784e-05;-0.17725344;0.16614231;0.0007677683;-0.0997888;0.0;0.0;-1.3334575;0.00015921652;0.00014003721;0.0003509154;75.013596;45.53364;0.012821892;995176.1;986629.1;0.232311;4.8964387e-07;4.5891701e-07;4.7376244e-07;0.00057288347;0.0006785223;1.7568304e-05;1.8008652e-06;3.6171548e-06;1.9145316e-05;5.9550644e-06;3.7607892e-06;2.2261946e-05;1.0;1.0;7064.3594;25
792637678;792466159;0.9103549;-0.0001588854;0.005481261;0.4137922;-81.63558;67.40077;0.7666813;0.0;0.0;0.32023287;0.0016102155;0.006494345;-0.0013145054;0.2741473;0.024235466;-0.08565997;0.26743126;-7.297705e-05;-0.17751884;0.16612276;0.00059174444;-0.10044595;0.0;0.0;-1.3334575;0.00016196084;0.00013997917;0.0003544423;71.006226;45.752995;0.013144985;909983.9;991215.4;0.23665863;4.9045104e-07;4.5882985e-07;4.7404947e-07;0.0005728624;0.00067646964;1.7566212e-05;1.7883672e-06;3.617218e-06;1.9111378e-05;5.9369427e-06;3.7423965e-06;2.2220342e-05;1.0;1.0;7076.9326;25
793132567;792961005;0.9166663;-0.00547585;-0.012822204;0.39941043;-82.510345;67.56179;0.8013319;0.0;0.0;0.38365042;0.0017718589;0.0065674153;-0.0012970233;0.27447304;0.024714764;-0.08555816;0.26735294;-7.277853e-05;-0.1778185;0.16610107;0.0003818463;-0.10121254;0.0;0.0;-1.3334575;0.00016487781;0.0001398238;0.00035706133;70.87228;45.977043;0.013334069;915269.6;995878.25;0.23654194;4.907025e-07;4.579319e-07;4.7354715e-07;0.0005728615;0.00067646056;1.7570628e-05;1.7856504e-06;3.6165547e-06;1.9107118e-05;5.915409e-06;3.7231098e-06;2.2172635e-05;1.0;1.0;7089.65;25
793636446;793464847;0.9192831;-0.0016721844;0.00032396102;0.39359352;-83.44398;67.71564;0.826154;0.0;0.0;0.44948098;0.0019425197;0.0066338284;-0.0012739903;0.2747366;0.025194328;-0.08545583;0.2672631;-7.254166e-05;-0.17813262;0.16607034;0.00017921338;-0.101994075;0.0;0.0;-1.3334575;0.00016789444;0.00013963369;0.0003598351;70.72637;44.111805;0.013553298;920602.75;909679.56;0.23714541;4.907431e-07;4.5680386e-07;4.72999e-07;0.0005728733;0.00067642966;1.7576807e-05;1.7829063e-06;3.6158578e-06;1.9102488e-05;5.892774e-06;3.7054365e-06;2.2122913e-05;1.0;1.0;7102.779;25
794140499;793968689;0.9145867;-0.00077157986;-0.0006328926;0.40438882;-84.302864;67.87766;0.8557797;0.0;0.0;0.55163175;0.002107038;0.006697108;-0.0012504689;0.27493134;0.025620524;-0.08536608;0.26718083;-7.228451e-05;-0.17843792;0.16605195;-2.212571e-05;-0.10274013;0.0;0.0;-1.3334575;0.00017115592;0.00013964887;0.00036266097;70.61815;44.347157;0.01390837;926053.94;914044.06;0.24250245;4.9071014e-07;4.5561526e-07;4.7241417e-07;0.00057289517;0.00067643146;1.758742e-05;1.780514e-06;3.6152735e-06;1.9098545e-05;5.871537e-06;3.6885485e-06;2.207828e-05;1.0;1.0;7116.1304;25
794635059;794463535;0.9126628;-0.0012746204;0.0066616773;0.40865716;-85.32672;68.060326;0.86999303;0.0;0.0;0.59468883;0.002254619;0.006727987;-0.0012313623;0.27508807;0.026056748;-0.08523003;0.26707843;-7.222865e-05;-0.17873368;0.16598757;-0.00020636612;-0.10346433;0.0;0.0;-1.3334575;0.00017451;0.00013965959;0.0003663247;70.45741;44.589096;0.014078712;931360.9;918357.4;0.24236876;4.9096917e-07;4.5459822e-07;4.7245118e-07;0.0005729217;0.00067643396;1.7597862e-05;1.7780642e-06;3.6153365e-06;1.9094728e-05;5.853251e-06;3.6739607e-06;2.203426e-05;1.0;1.0;7129.4424;25
795138999;794967424;0.912974;0.007376215;0.006892745;0.407893;-86.42619;68.21925;0.8799687;0.0;0.0;0.6499119;0.0024190503;0.006764704;-0.0012097637;0.27518472;0.02649046;-0.08511461;0.26697487;-7.2088355e-05;-0.17904975;0.16592501;-0.0004087079;-0.104242474;0.0;0.0;-1.3334575;0.00017788289;0.00013926387;0.0003691868;70.27852;44.83325;0.014219364;936767.6;922770.06;0.24294642;4.905842e-07;4.5283144e-07;4.7179864e-07;0.00057295256;0.00067643874;1.7609644e-05;1.7751552e-06;3.6147467e-06;1.9090647e-05;5.833302e-06;3.6574806e-06;2.198694e-05;1.0;1.0;7143.2295;25
795633803;795462268;0.9136479;0.0019846994;0.0038412146;0.4064836;-87.339386;68.39848;0.88590574;0.0;0.0;0.742076;0.0025559634;0.0067825466;-0.0011864551;0.27521756;0.026850639;-0.08500471;0.26687932;-7.195926e-05;-0.17932285;0.16585964;-0.0005820183;-0.10491835;0.0;0.0;-1.3334575;0.0001815859;0.00013946224;0.00037290817;70.153595;45.089397;0.014529097;942158.06;927131.25;0.24764831;4.906771e-07;4.5165152e-07;4.71752e-07;0.00057298585;0.00067645067;1.7625705e-05;1.7730976e-06;3.614804e-06;1.908756e-05;5.815952e-06;3.6439806e-06;2.1945654e-05;1.0;1.0;7156.9805;25
796137633;795966064;0.91236544;0.0012787146;0.0020422158;0.40936968;-88.495224;68.59762;0.9092643;0.0;0.0;0.79210275;0.0027128998;0.0067959055;-0.0011608206;0.27520013;0.027252413;-0.084885135;0.26676494;-7.1819915e-05;-0.17964101;0.16577916;-0.000776268;-0.10568717;0.0;0.0;-1.3334575;0.00018517252;0.00013893643;0.0003757996;69.95733;45.341373;0.014695465;947582.6;931589.75;0.24811403;4.9000425e-07;4.4950363e-07;4.7099613e-07;0.0005730193;0.00067646266;1.7640758e-05;1.7701501e-06;3.614208e-06;1.9083482e-05;5.796028e-06;3.6287536e-06;2.1899588e-05;1.0;1.0;7171.2275;25
796632505;796460909;0.91100156;0.005501539;-0.017680654;0.4119872;-89.69894;68.78599;0.9103166;0.0;0.0;0.83147115;0.0028605938;0.0067970697;-0.0011313721;0.2751331;0.02762198;-0.08476153;0.26665494;-7.166823e-05;-0.17994523;0.16568835;-0.0009809461;-0.1064685;0.0;0.0;-1.3334575;0.00018884214;0.00013828254;0.0003785252;69.75481;45.597324;0.014791039;952916.94;935991.2;0.24770512;4.8918605e-07;4.4716506e-07;4.701358e-07;0.00057305204;0.0006764763;1.7657196e-05;1.767196e-06;3.6135268e-06;1.9079835e-05;5.7770903e-06;3.6135655e-06;2.1851683e-05;1.0;1.0;7185.4634;25
797136649;796964751;0.9001707;-0.06006401;0.16435523;0.3988388;-90.57783;68.88102;0.9709132;0.0;0.0;0.93433464;0.0030372804;0.006865907;-0.0011608532;0.27499855;0.02808761;-0.08466664;0.26649043;-7.184225e-05;-0.18013476;0.16568573;-0.0010496017;-0.10727938;0.0;0.0;-1.3334575;0.00019284987;0.00013801779;0.0003814167;69.61962;45.874344;0.01516834;958465.94;940505.9;0.25307745;4.886295e-07;4.450708e-07;4.6923586e-07;0.00057308073;0.0006764898;1.7678174e-05;1.7644581e-06;3.6129245e-06;1.9036863e-05;5.754063e-06;3.6000354e-06;2.1774275e-05;1.0;1.0;7200.2295;25
797640175;797468593;0.88737166;-0.09689772;0.22789042;0.38890675;-91.54567;68.9446;1.045239;0.0;0.0;1.0217109;0.003202637;0.006928255;-0.0012445484;0.27466208;0.028721454;-0.08455855;0.26622555;-7.278511e-05;-0.18008876;0.16571744;-0.0009402229;-0.10828578;0.0;0.0;-1.3334575;0.00019604538;0.0001371834;0.00038478282;69.40626;46.130806;0.015405512;963919.94;945034.4;0.25344312;4.8823335e-07;4.4283416e-07;4.6880987e-07;0.0005730966;0.00067649886;1.769648e-05;1.7610033e-06;3.6130455e-06;1.8927354e-05;5.7252805e-06;3.5896896e-06;2.1622422e-05;1.0;1.0;7215.161;25
798135027;797963439;0.8928222;-0.08883459;0.19289917;0.39719862;-92.649506;68.94495;1.1141659;0.0;0.0;1.1057434;0.0033975816;0.0070163766;-0.0013576902;0.2740101;0.029512802;-0.08446618;0.2658789;-7.4319156e-05;-0.1797668;0.16576734;-0.00074342766;-0.10970021;0.0;0.0;-1.3334575;0.00019883734;0.00013567599;0.00038669558;69.17549;46.37279;0.01570423;969261.1;949503.2;0.25300783;4.871147e-07;4.3974362e-07;4.673347e-07;0.0005730896;0.00067650387;1.771447e-05;1.756652e-06;3.61234e-06;1.8755889e-05;5.6884383e-06;3.5787057e-06;2.1397702e-05;1.0;1.0;7230.038;25
798638664;798467281;0.90818715;-0.010780933;-0.04898362;0.41554847;-93.51284;69.11566;1.2231561;0.0;0.0;1.2901794;0.0035674418;0.0070545925;-0.0013953855;0.27328095;0.030066317;-0.084376164;0.26562867;-7.51073e-05;-0.17967373;0.16574998;-0.0006841161;-0.11079106;0.0;0.0;-1.3334575;0.00020272174;0.00013501292;0.0003893091;69.018585;46.648697;0.016361956;974843.56;954090.25;0.25908375;4.8654294e-07;4.3730998e-07;4.6615412e-07;0.0005730572;0.00067651836;1.7738823e-05;1.753525e-06;3.6117049e-06;1.865338e-05;5.6600006e-06;3.5673443e-06;2.1250296e-05;1.0;1.0;7245.419;25
799142566;798971170;0.8908911;0.05953346;-0.19981174;0.4035395;-94.91191;69.46579;1.2006555;0.0;0.0;1.3541126;0.0036560318;0.006951642;-0.0013206777;0.27233067;0.030289875;-0.084216185;0.26552176;-7.425753e-05;-0.17973936;0.16558553;-0.00090691657;-0.1117775;0.0;0.0;-1.3334575;0.00020800499;0.00013480298;0.00039298052;68.8392;46.978252;0.016370034;980423.2;958712.3;0.25970238;4.868618e-07;4.3539504e-07;4.6579632e-07;0.0005729608;0.00067654456;1.7767528e-05;1.7514675e-06;3.6118013e-06;1.8630795e-05;5.6422555e-06;3.5546504e-06;2.1167705e-05;1.0;1.0;7261.0757;25
799637369;799466016;0.89215827;0.07657425;-0.18645397;0.40425867;-96.74007;70.15072;1.1351992;0.0;0.0;1.315532;0.003692393;0.006766315;-0.0011860164;0.2710778;0.03042107;-0.084130995;0.26548472;-7.175169e-05;-0.17921135;0.16539802;-0.0013064613;-0.11357097;0.0;0.0;-1.3334575;0.00021296262;0.00013374543;0.00039421348;68.623215;47.28987;0.016284818;985882.4;963260.2;0.25891075;4.859983e-07;4.3270674e-07;4.6411236e-07;0.0005727986;0.0006765736;1.7795404e-05;1.7491242e-06;3.6110812e-06;1.8522876e-05;5.6154486e-06;3.5378368e-06;2.0944004e-05;1.0;1.0;7276.935;25
800132265;799960861;0.8512909;0.13638411;-0.3139794;0.39764357;-98.60036;70.98504;0.97690684;0.0;0.0;1.2876811;0.0036854604;0.0065434314;-0.0010129223;0.2697997;0.030492963;-0.084104456;0.26548973;-6.8177076e-05;-0.17805083;0.16515873;-0.0017852775;-0.11600697;0.0;0.0;-1.3334575;0.00021781426;0.0001326847;0.00039366;68.44839;47.60832;0.016252829;991415.06;967815.9;0.26333633;4.8478904e-07;4.303748e-07;4.618259e-07;0.000572639;0.0006766046;1.7824292e-05;1.7471083e-06;3.6103568e-06;1.8279809e-05;5.5766927e-06;3.5163982e-06;2.0536625e-05;1.0;1.0;7293.2485;25
800636083;800464656;0.87102175;0.041242454;-0.31594366;0.37389806;-99.99196;71.785446;0.85660905;0.0;0.0;1.1469477;0.0036368251;0.0063169864;-0.00090064394;0.26860955;0.030604249;-0.084083416;0.26547918;-6.6175155e-05;-0.17695911;0.16496536;-0.0021799926;-0.11826201;0.0;0.0;-1.3334575;0.00022258873;0.00013163273;0.00039386575;68.23285;47.925785;0.016292082;997006.94;972473.25;0.26277748;4.840787e-07;4.2823413e-07;4.6071972e-07;0.0005725002;0.0006766379;1.7853188e-05;1.745219e-06;3.6104477e-06;1.8030598e-05;5.5398723e-06;3.4990867e-06;2.0132951e-05;1.0;1.0;7310.361;25
801140045;800968498;0.8784926;0.005093222;-0.2976138;0.37369895;-100.00191;72.84542;0.70907;0.0;0.0;0.9354133;0.003484676;0.006062395;-0.0008848419;0.2677153;0.030747049;-0.084101446;0.26548144;-6.588072e-05;-0.1755052;0.1650946;-0.002465888;-0.12068975;0.0;0.0;-1.3334575;0.00022766321;0.00013034762;0.0003939558;64.38532;48.266678;0.016278347;911533.8;977104.5;0.26182073;4.830282e-07;4.2576983e-07;4.596261e-07;0.0005724427;0.0006746961;1.7871418e-05;1.7345794e-06;3.6097879e-06;1.7750299e-05;5.5078735e-06;3.4875022e-06;1.9716717e-05;1.0;1.0;7327.7935;25
801634747;801463343;0.8820369;0.05649333;-0.25246796;0.39380112;-99.99858;73.834496;0.46604428;0.0;0.0;0.7520671;0.0033339688;0.0058470606;-0.000879829;0.26728144;0.030799435;-0.08412367;0.265505;-6.5853834e-05;-0.17415099;0.16525857;-0.0027159958;-0.122812785;0.0;0.0;-1.3334575;0.00023342983;0.00012987365;0.00039442617;64.27662;48.651337;0.016319336;916746.9;981740.25;0.26563233;4.8229384e-07;4.238796e-07;4.5894578e-07;0.00057245995;0.00067473215;1.7902928e-05;1.7339547e-06;3.6090682e-06;1.7524617e-05;5.481305e-06;3.4778477e-06;1.9349545e-05;1.0;1.0;7345.0933;25
802138878;801967186;0.9111451;-0.009274863;0.017502885;0.41160932;-100.022705;74.00011;0.56697106;0.0;0.0;0.59443325;0.0034728323;0.00584263;-0.00088195223;0.2672504;0.030864486;-0.08407757;0.26537275;-6.5238884e-05;-0.17430133;0.16519217;-0.0028192482;-0.12355733;0.0;0.0;-1.3334575;0.0002392209;0.00012922673;0.00039757093;64.14706;49.026535;0.016517123;922056.8;986527.56;0.26464683;4.815042e-07;4.2115548e-07;4.5873716e-07;0.00057248754;0.0006747636;1.7938008e-05;1.7317707e-06;3.608431e-06;1.748021e-05;5.4617813e-06;3.4657953e-06;1.927582e-05;1.0;1.0;7362.8;25
802642545;802471029;0.9050239;-0.011269016;0.0026575422;0.42520335;-99.99865;74.137535;0.58560944;0.0;0.0;0.4777994;0.0035765478;0.005802117;-0.00089119986;0.2675511;0.03087995;-0.08404419;0.2652456;-6.518288e-05;-0.17458929;0.16512679;-0.002884603;-0.124053344;0.0;0.0;-1.3334575;0.00024342243;0.00012842494;0.0004017344;63.993694;49.35675;0.016182715;927351.4;991317.06;0.26362714;4.7997605e-07;4.1821437e-07;4.590842e-07;0.0005724729;0.00067478983;1.7966644e-05;1.7298809e-06;3.60854e-06;1.7464243e-05;5.4471784e-06;3.4555221e-06;1.9242641e-05;1.0;1.0;7380.616;25
803137245;802965873;0.9039532;-0.003959692;1.6914915e-05;0.42761332;-99.97935;74.26254;0.5932439;0.0;0.0;0.4381042;0.0036908935;0.005783062;-0.0008933215;0.26798606;0.030843107;-0.08404017;0.2651557;-6.482469e-05;-0.17485975;0.16508469;-0.0029991532;-0.124546915;0.0;0.0;-1.3334575;0.0002472756;0.00012756183;0.00040469292;63.87613;49.672047;0.016066158;932599.2;996027.5;0.26698738;4.774386e-07;4.1514198e-07;4.5863817e-07;0.00057240576;0.0006748118;1.7994354e-05;1.7279251e-06;3.6078036e-06;1.745337e-05;5.433405e-06;3.442844e-06;1.9211926e-05;1.0;1.0;7397.9766;25
803632549;803460719;0.9051361;0.0048050582;0.014269784;0.42485526;-100.02551;74.403885;0.6111736;0.0;0.0;0.35808313;0.0037987996;0.0057504405;-0.00089612;0.26866403;0.03073994;-0.08401786;0.26505926;-6.4619126e-05;-0.1751429;0.16502677;-0.0031074637;-0.12504011;0.0;0.0;-1.3334575;0.00025122685;0.0001264436;0.00040766038;63.736244;47.844254;0.015772302;937816.56;909792.44;0.26444763;4.7499339e-07;4.118754e-07;4.581557e-07;0.00057225686;0.0006747851;1.8022069e-05;1.7259139e-06;3.6069396e-06;1.7442919e-05;5.419083e-06;3.430257e-06;1.9180572e-05;1.0;1.0;7415.4336;25
804135974;803964608;0.90681094;-0.012740123;0.002046204;0.42134014;-100.0;74.53772;0.6029938;0.0;0.0;0.30837864;0.0038750242;0.005703565;-0.0008959737;0.26943243;0.030606054;-0.08399469;0.26497498;-6.4585074e-05;-0.17539975;0.1649669;-0.003197514;-0.12546049;0.0;0.0;-1.3334575;0.00025549;0.0001258374;0.00041176964;63.618355;48.183796;0.015521761;943235.2;914215.94;0.26272118;4.732307e-07;4.092186e-07;4.5838212e-07;0.00057204504;0.0006748023;1.8051425e-05;1.7247023e-06;3.6070317e-06;1.7435375e-05;5.40646e-06;3.4197303e-06;1.9155555e-05;1.0;1.0;7433.2476;25
804640003;804468403;0.90724146;-0.0074958703;-0.0028631305;0.4205337;-99.98042;74.7103;0.64490503;0.0;0.0;0.3109459;0.0039686174;0.0056732553;-0.0008966608;0.2701983;0.030465867;-0.08398945;0.26491207;-6.434969e-05;-0.1756422;0.16493715;-0.0033147451;-0.1259032;0.0;0.0;-1.3334575;0.00025996775;0.00012533007;0.00041490942;63.539696;48.52985;0.0154851675;948723.3;918663.94;0.26645517;4.7083492e-07;4.0670483e-07;4.5789184e-07;0.0005718179;0.0006748186;1.808143e-05;1.7235337e-06;3.6063757e-06;1.7428694e-05;5.392429e-06;3.4082461e-06;1.9127996e-05;1.0;1.0;7451.053;25
805134790;804963248;0.9095458;0.003260497;0.0029691807;0.41558057;-100.0;74.84764;0.65148646;0.0;0.0;0.28073454;0.004056599;0.0056280303;-0.00089086656;0.2710974;0.030294694;-0.083973154;0.2648391;-6.4079264e-05;-0.17590225;0.16488448;-0.0034237923;-0.12633955;0.0;0.0;-1.3334575;0.0002637399;0.0001243006;0.0004177508;63.42822;48.85456;0.015208169;954091.8;923052.2;0.26343036;4.6794142e-07;4.03668e-07;4.572295e-07;0.00057152373;0.00067483063;1.8109427e-05;1.7220917e-06;3.6056454e-06;1.7421844e-05;5.377792e-06;3.3968156e-06;1.9101726e-05;1.0;1.0;7468.62;25
805638632;805467091;0.91107106;0.0028609775;0.0059242873;0.41219676;-100.00381;74.997765;0.67367435;0.0;0.0;0.26655197;0.004130751;0.005577673;-0.0008875158;0.27202702;0.030118424;-0.08394289;0.26475996;-6.397205e-05;-0.17614533;0.16482274;-0.003500364;-0.12671821;0.0;0.0;-1.3334575;0.0002680469;0.00012383201;0.00042181896;63.340126;49.203457;0.0150179975;959623.6;927549.75;0.26130912;4.659974e-07;4.013317e-07;4.57304e-07;0.00057121203;0.00067484303;1.813899e-05;1.7213636e-06;3.605731e-06;1.7415365e-05;5.3641916e-06;3.3873264e-06;1.9079142e-05;1.0;1.0;7486.474;25
806142401;805970933;0.9064985;-0.08186208;-0.043957535;0.41185787;-100.08464;75.31408;0.6738209;0.0;0.0;0.28006765;0.004187027;0.00552721;-0.00088746607;0.27293688;0.02993206;-0.08391547;0.26471213;-6.388217e-05;-0.17632711;0.16481832;-0.0036047369;-0.12716055;0.0;0.0;-1.3334575;0.00027320092;0.00012319638;0.00042492454;63.27115;49.593533;0.014754468;965219.1;932085.94;0.2592514;4.6389752e-07;3.9904663e-07;4.5672397e-07;0.00057089946;0.0006748552;1.8169763e-05;1.7205759e-06;3.605086e-06;1.740227e-05;5.348786e-06;3.3772055e-06;1.9042456e-05;1.0;1.0;7504.462;25
806637215;806465778;0.8829253;-0.19859438;-0.104766294;0.4123437;-100.0;75.57058;0.72897786;0.0;0.0;0.31281283;0.0041789706;0.005468974;-0.00090940984;0.27372637;0.02976458;-0.083903946;0.26470315;-6.443557e-05;-0.17627978;0.16490147;-0.0037177873;-0.12777361;0.0;0.0;-1.3334575;0.00027884668;0.00012281297;0.00042758588;63.243835;49.9731;0.01490281;970779.94;936559.25;0.2617852;4.6202334e-07;3.973214e-07;4.560768e-07;0.0005706323;0.0006748685;1.8200415e-05;1.7202575e-06;3.6043396e-06;1.736513e-05;5.3341573e-06;3.3681026e-06;1.8968774e-05;1.0;1.0;7522.0127;25
807132055;806960623;0.86401176;-0.2306657;-0.09680053;0.4369289;-100.0;76.26852;0.6711483;0.0;0.0;0.25030512;0.004044267;0.005336577;-0.00095354905;0.27438053;0.02960654;-0.083942294;0.26472178;-6.5778324e-05;-0.17569903;0.16502094;-0.003818081;-0.12882563;0.0;0.0;-1.3334575;0.00028383295;0.000121991034;0.00042967664;63.185516;50.334248;0.014666528;976349.56;941035.8;0.25874376;4.6030974e-07;3.9546143e-07;4.560124e-07;0.0005703408;0.0006748695;1.8228022e-05;1.7203892e-06;3.6043455e-06;1.7244343e-05;5.321026e-06;3.3594733e-06;1.8784966e-05;1.0;1.0;7539.7354;25
807636068;807464466;0.8325665;-0.24644871;-0.09246644;0.487387;-99.962654;76.99689;0.66796136;0.0;0.0;0.21515349;0.003878613;0.0052008587;-0.0009949356;0.27478328;0.029401949;-0.08402545;0.26477644;-6.691097e-05;-0.17484453;0.16512577;-0.003977304;-0.13014874;0.0;0.0;-1.3334575;0.00028814786;0.000121138124;0.00043046274;63.148987;50.662773;0.014825606;982069.1;945602.94;0.26200157;4.5763312e-07;3.9357278e-07;4.5538565e-07;0.0005701068;0.00067484623;1.8254723e-05;1.7203503e-06;3.6036968e-06;1.7083381e-05;5.3090084e-06;3.3466372e-06;1.854635e-05;1.0;1.0;7557.9214;25
808139715;807968355;0.8346864;0.08642448;-0.03759058;0.54260147;-99.92712;77.47789;0.6851361;0.0;0.0;0.20316383;0.0038504293;0.0051303143;-0.0010125821;0.27523446;0.029021818;-0.08404355;0.2647925;-6.773745e-05;-0.17449112;0.16510813;-0.00415138;-0.13108839;0.0;0.0;-1.3334575;0.00029356085;0.00012059336;0.00043240606;63.125744;51.0679;0.014818529;987869.1;950230.94;0.25977123;4.5590522e-07;3.9198304e-07;4.550502e-07;0.0005699443;0.0006747829;1.828612e-05;1.7196988e-06;3.6030467e-06;1.6991902e-05;5.3008634e-06;3.3260658e-06;1.8405144e-05;1.0;1.0;7576.1978;25
808634890;808463200;0.8943571;0.025199037;-0.004308269;0.4466228;-100.0434;77.65216;0.71302736;0.0;0.0;0.23473144;0.003939978;0.0051107947;-0.0010218262;0.27596992;0.028262028;-0.08399775;0.2647522;-6.8465946e-05;-0.17469105;0.16506371;-0.004290876;-0.13151555;0.0;0.0;-1.3334575;0.00029907838;0.00012035469;0.0004356168;63.120007;51.50322;0.014636138;993614.3;954825.4;0.2569554;4.5397277e-07;3.9041436e-07;4.5481042e-07;0.00056978664;0.00067457824;1.8316287e-05;1.7189599e-06;3.6023214e-06;1.6980519e-05;5.293296e-06;3.3090646e-06;1.8374836e-05;1.0;1.0;7594.2246;25
809138484;808966996;0.9234385;0.0123355305;0.019887058;0.3830323;-100.00897;77.709984;0.72320825;0.0;0.0;0.25516894;0.0040465943;0.005051584;-0.0009801562;0.27660426;0.027268182;-0.0839106;0.264679;-6.7700596e-05;-0.17482829;0.16492236;-0.0043793903;-0.13193372;0.0;0.0;-1.3334575;0.00030382318;0.00012021187;0.0004397679;63.122025;51.908573;0.014499993;999475.1;959510.94;0.2550179;4.51907e-07;3.8884738e-07;4.5493223e-07;0.0005696698;0.0006742629;1.8345245e-05;1.7190667e-06;3.6024103e-06;1.6964794e-05;5.278352e-06;3.2992532e-06;1.8344812e-05;1.0;1.0;7612.5547;25
809633323;809461841;0.9249737;-0.04759366;-0.021824915;0.376407;-99.98482;77.94575;0.7548294;0.0;0.0;0.32201782;0.004133735;0.004990832;-0.00093614095;0.27709028;0.02627122;-0.083836675;0.2646378;-6.669725e-05;-0.17501411;0.1648487;-0.004468715;-0.13227686;0.0;0.0;-1.3334575;0.00030797295;0.000119628996;0.0004424571;59.680065;52.29627;0.014421584;913890.8;964090.9;0.25752032;4.4887256e-07;3.8703672e-07;4.5411906e-07;0.0005695961;0.0006719634;1.8358325e-05;1.7106175e-06;3.6016522e-06;1.6934708e-05;5.257528e-06;3.2910655e-06;1.832033e-05;1.0;1.0;7630.599;25
810137521;809965684;0.91829324;-0.026711892;-0.013684423;0.3947616;-100.02371;78.10868;0.7566229;0.0;0.0;0.35756913;0.0041879113;0.00492142;-0.00091713615;0.27758947;0.025052423;-0.08373934;0.2646199;-6.624948e-05;-0.17519;0.16484547;-0.0045510666;-0.13260713;0.0;0.0;-1.3334575;0.00031430565;0.00011926864;0.0004456681;59.721794;52.760548;0.014274542;919347.25;968847.4;0.25559095;4.4697867e-07;3.857366e-07;4.5365047e-07;0.0005695515;0.00067150616;1.838801e-05;1.710996e-06;3.601005e-06;1.693026e-05;5.2387904e-06;3.283819e-06;1.8296074e-05;1.0;1.0;7649.015;25
810631929;810460529;0.91421527;0.028625863;0.00996941;0.40409374;-99.8998;78.295456;0.78054947;0.0;0.0;0.42838284;0.004230548;0.004856607;-0.0009070762;0.27792484;0.023941351;-0.08366824;0.26459187;-6.610752e-05;-0.17534873;0.164828;-0.0046131564;-0.13289541;0.0;0.0;-1.3334575;0.00031914638;0.00011927395;0.0004494098;59.758797;53.161755;0.014361388;924718.0;973523.6;0.2582242;4.4490622e-07;3.8459996e-07;4.5365059e-07;0.0005695334;0.00067105645;1.841576e-05;1.7116037e-06;3.6010165e-06;1.6925995e-05;5.2248683e-06;3.2765042e-06;1.827547e-05;1.0;1.0;7667.132;25
811135970;810964371;0.91510177;0.004809431;0.0032925399;0.403181;-99.96742;78.461334;0.7995675;0.0;0.0;0.46735626;0.004300857;0.0047894535;-0.0008856802;0.27824354;0.0225765;-0.08357464;0.26454082;-6.586041e-05;-0.17555328;0.16476125;-0.004691788;-0.13323224;0.0;0.0;-1.3334575;0.00032339396;0.00011869152;0.00045235472;59.78225;53.560734;0.014267818;930185.6;978305.4;0.2562795;4.4191947e-07;3.8283432e-07;4.5295502e-07;0.0005695275;0.00067051296;1.8442655e-05;1.7116564e-06;3.6003687e-06;1.6920812e-05;5.208872e-06;3.2669775e-06;1.8254492e-05;1.0;1.0;7685.6113;25
811639585;811468214;0.9152;0.0075503164;0.017082138;0.40256685;-100.0;78.65245;0.8127241;0.0;0.0;0.506949;0.0043607387;0.004719437;-0.0008645062;0.27846396;0.021195013;-0.08347857;0.26448917;-6.562529e-05;-0.17575853;0.16469595;-0.004764373;-0.13356036;0.0;0.0;-1.3334575;0.00032677405;0.000117974174;0.00045501863;59.799816;53.931564;0.014148097;935655.7;983096.3;0.2542981;4.3849928e-07;3.8089087e-07;4.5211772e-07;0.0005695327;0.0006699528;1.84681e-05;1.7116706e-06;3.5997161e-06;1.6916136e-05;5.1930356e-06;3.2575383e-06;1.8234363e-05;1.0;1.0;7704.0947;25
812134609;811963059;0.9129011;-0.0012209277;0.0059635453;0.40813556;-100.009445;78.87735;0.83022624;0.0;0.0;0.5336533;0.0043941555;0.0046412763;-0.0008502318;0.27859405;0.019815205;-0.08336808;0.26443616;-6.5544875e-05;-0.17595309;0.16463767;-0.004807428;-0.1338344;0.0;0.0;-1.3334575;0.00033053014;0.00011758437;0.00045858376;59.82593;54.31288;0.014019943;941081.5;987839.0;0.2516854;4.3597709e-07;3.7941038e-07;4.5191013e-07;0.0005695473;0.0006694083;1.8493305e-05;1.7121255e-06;3.599731e-06;1.691268e-05;5.1795314e-06;3.2494115e-06;1.8217708e-05;1.0;1.0;7722.342;25
812638460;812466949;0.9113339;-0.000687514;0.0065946695;0.41161472;-99.9712;79.10564;0.84560794;0.0;0.0;0.6159751;0.004435537;0.0045780167;-0.0008383445;0.27863854;0.018602312;-0.08328147;0.26438522;-6.549744e-05;-0.17615506;0.16459636;-0.0048649674;-0.13412611;0.0;0.0;-1.3334575;0.00033327102;0.000117072814;0.00046105305;59.852783;54.664715;0.014122539;946596.9;992675.6;0.2550377;4.3239578e-07;3.7774942e-07;4.5096803e-07;0.0005695639;0.00066894625;1.8518505e-05;1.7122147e-06;3.5990774e-06;1.69092e-05;5.165005e-06;3.2400676e-06;1.819926e-05;1.0;1.0;7740.9033;25
813142358;812970744;0.9092411;0.00034760535;-0.006819987;0.416214;-99.98926;79.371925;0.8471605;0.0;0.0;0.63840085;0.0044590565;0.004495289;-0.0008272684;0.27860275;0.017253146;-0.083169505;0.2643336;-6.5475506e-05;-0.17636223;0.16455011;-0.0049169078;-0.13442801;0.0;0.0;-1.3334575;0.00033543597;0.00011620654;0.00046326604;59.86378;54.997536;0.01400832;952121.25;997529.2;0.25318944;4.2856792e-07;3.7573557e-07;4.4992703e-07;0.0005695809;0.0006684654;1.854187e-05;1.7122204e-06;3.598427e-06;1.6905951e-05;5.150762e-06;3.2304958e-06;1.8180934e-05;1.0;1.0;7759.55;25
813637212;813465589;0.90653807;-0.0047095073;-0.014831173;0.42183718;-100.02095;79.644264;0.8612115;0.0;0.0;0.66907525;0.004470109;0.004413089;-0.00082122977;0.27847794;0.01604967;-0.08305803;0.26427415;-6.5592394e-05;-0.17655335;0.16449817;-0.0049432903;-0.13468793;0.0;0.0;-1.3334575;0.00033742987;0.000115607705;0.00046624217;59.874992;53.07509;0.013939103;957545.56;911206.3;0.25063428;4.2543235e-07;3.7405593e-07;4.494785e-07;0.00056959735;0.0006679657;1.8562796e-05;1.7125002e-06;3.5982682e-06;1.6902291e-05;5.13912e-06;3.22155e-06;1.8163237e-05;1.0;1.0;7777.8926;25
814132064;813960434;0.90916574;-0.0038330813;-0.0008709365;0.41641605;-99.97518;79.898384;0.8819497;0.0;0.0;0.7306777;0.0044977767;0.004346248;-0.0008111307;0.2783148;0.014945086;-0.082951054;0.26421455;-6.565861e-05;-0.17675436;0.16444905;-0.0049916413;-0.13498327;0.0;0.0;-1.3334575;0.00033939528;0.000114968956;0.0004682624;59.8947;53.398434;0.014062238;963011.44;915596.5;0.25326842;4.2178715e-07;3.724466e-07;4.4832447e-07;0.00056961284;0.0006676268;1.8586212e-05;1.7125006e-06;3.5975336e-06;1.6897891e-05;5.1258285e-06;3.2116243e-06;1.8144825e-05;1.0;1.0;7796.2812;25
814635837;814464277;0.913994;-0.00635344;0.0105176205;0.40554166;-99.988304;80.16809;0.8845212;0.0;0.0;0.74638295;0.0045118523;0.004263818;-0.00079882046;0.27807474;0.013781745;-0.08280822;0.26415375;-6.564336e-05;-0.17696074;0.1643951;-0.0050296173;-0.13527256;0.0;0.0;-1.3334575;0.00034179905;0.00011414178;0.00047042064;59.912807;53.74709;0.013974938;968608.9;920097.2;0.25154126;4.1837586e-07;3.7081816e-07;4.4722552e-07;0.0005696244;0.00066730217;1.8609313e-05;1.7125981e-06;3.5968808e-06;1.6894415e-05;5.111581e-06;3.2021799e-06;1.8127437e-05;1.0;1.0;7815.076;25
815140009;814968119;0.9171899;0.0033296668;-0.0014003625;0.39843416;-100.037636;80.44854;0.8808787;0.0;0.0;0.77492756;0.0045256834;0.0041818037;-0.00078457093;0.27778095;0.012743306;-0.082663044;0.2640984;-6.551782e-05;-0.17716195;0.16434796;-0.0050693797;-0.13556033;0.0;0.0;-1.3334575;0.00034447014;0.000113302405;0.0004725404;59.93399;54.107883;0.013892673;974227.8;924625.56;0.2498436;4.1516603e-07;3.6934648e-07;4.460989e-07;0.00056963146;0.0006670362;1.8632349e-05;1.7127995e-06;3.5962232e-06;1.6891863e-05;5.096036e-06;3.1935622e-06;1.8110799e-05;1.0;1.0;7833.88;25
815634544;815462965;0.91826314;-0.0033196716;-0.0066180388;0.39590165;-99.98001;80.73365;0.8943141;0.0;0.0;0.8305278;0.0045301234;0.004103998;-0.0007712907;0.27744615;0.011936637;-0.08253592;0.264044;-6.539235e-05;-0.17734681;0.1643046;-0.005097053;-0.13581534;0.0;0.0;-1.3334575;0.00034659766;0.00011291048;0.0004753145;59.957264;54.440674;0.013989578;979776.9;929095.7;0.25266367;4.123774e-07;3.682329e-07;4.4551672e-07;0.0005696358;0.0006668431;1.8655384e-05;1.7134004e-06;3.5962328e-06;1.6889839e-05;5.0821986e-06;3.1863935e-06;1.8096574e-05;1.0;1.0;7852.4526;25
816138325;815966807;0.91866237;-0.0010038665;0.0019774556;0.39503753;-99.98317;81.04567;0.89827347;0.0;0.0;0.8416947;0.0045339754;0.0040193894;-0.0007525851;0.27703393;0.011115993;-0.08237745;0.26398343;-6.517388e-05;-0.17755042;0.16425161;-0.005131142;-0.13610516;0.0;0.0;-1.3334575;0.0003486021;0.00011196352;0.00047713993;59.969433;54.777264;0.013931907;985419.75;933663.0;0.25100896;4.0903828e-07;3.6672998e-07;4.442666e-07;0.00056963164;0.00066667073;1.8677378e-05;1.7135881e-06;3.5955732e-06;1.6887225e-05;5.0661247e-06;3.1781487e-06;1.8080333e-05;1.0;1.0;7871.363;25
816642202;816470697;0.9152584;-0.004286289;-0.0051151575;0.40281206;-100.001755;81.36857;0.89795154;0.0;0.0;0.8548995;0.0045335;0.003935118;-0.0007342244;0.27658224;0.010427432;-0.08221433;0.26392403;-6.493696e-05;-0.17775248;0.16420355;-0.005163679;-0.13638666;0.0;0.0;-1.3334575;0.00035069571;0.00011103246;0.00047897105;59.98138;55.120174;0.013866933;991087.6;938261.94;0.24941313;4.0584868e-07;3.653551e-07;4.4303246e-07;0.00056962157;0.0006665397;1.8699278e-05;1.7137855e-06;3.5949172e-06;1.6884767e-05;5.050558e-06;3.169909e-06;1.8064558e-05;1.0;1.0;7890.364;25
817137051;816965542;0.91139513;0.0015587426;-0.0028307762;0.4115197;-99.96454;81.67602;0.8987129;0.0;0.0;0.89912236;0.0045259288;0.003859847;-0.0007242681;0.27613223;0.009934893;-0.08207033;0.26386636;-6.489018e-05;-0.17793235;0.1641624;-0.005186346;-0.13663663;0.0;0.0;-1.3334575;0.00035307827;0.00011069663;0.00048171924;60.00488;55.46915;0.013984113;996698.06;942809.6;0.252275;4.0344796e-07;3.6456584e-07;4.424812e-07;0.00056961074;0.0006664577;1.8721988e-05;1.7144027e-06;3.5949201e-06;1.68829e-05;5.0385047e-06;3.1622492e-06;1.8050949e-05;1.0;1.0;7909.0723;25
817631957;817460387;0.9143552;0.0029253154;0.006151339;0.40485573;-99.990555;82.022995;0.8925482;0.0;0.0;0.8694196;0.004519507;0.0037779438;-0.0007166893;0.27562234;0.009384516;-0.081864595;0.2638094;-6.4885535e-05;-0.17812218;0.16412464;-0.005215024;-0.13691768;0.0;0.0;-1.3334575;0.00035757414;0.000109937384;0.00048396204;56.72274;55.912243;0.013882997;911245.9;947382.25;0.2499567;4.0151963e-07;3.6403162e-07;4.414822e-07;0.0005695937;0.0006644685;1.8727262e-05;1.7067553e-06;3.5941423e-06;1.686019e-05;5.02498e-06;3.153051e-06;1.803601e-05;1.0;1.0;7927.8364;25
818135854;817964183;0.9140785;-0.0010439893;-0.0059670685;0.40549234;-100.04741;82.39508;0.87477106;0.0;0.0;0.8662797;0.0045035165;0.0036977832;-0.0007056976;0.27508783;0.009043984;-0.081683405;0.26374993;-6.4869535e-05;-0.17831083;0.16408633;-0.005237095;-0.13718764;0.0;0.0;-1.3334575;0.00036043758;0.00010910101;0.0004858885;56.74349;56.29493;0.01381034;916495.44;952071.5;0.24847336;3.9885904e-07;3.6312602e-07;4.403418e-07;0.0005695743;0.0006644189;1.8749175e-05;1.7070862e-06;3.5934831e-06;1.6858598e-05;5.0107556e-06;3.144714e-06;1.8021234e-05;1.0;1.0;7947.0225;25
818639429;818468025;0.91062325;-0.002182644;-0.0009837868;0.41323084;-99.95829;82.73841;0.85295504;0.0;0.0;0.8946119;0.0044854777;0.0036264313;-0.0006972611;0.27459604;0.008821607;-0.08150696;0.26369864;-6.487409e-05;-0.17847748;0.16405684;-0.00525693;-0.13742763;0.0;0.0;-1.3334575;0.0003650106;0.000109042405;0.0004892767;56.791904;56.745697;0.013935665;921815.94;956812.2;0.2522232;3.9752652e-07;3.6320134e-07;4.4010045e-07;0.0005695605;0.00066439697;1.8773768e-05;1.7080351e-06;3.5935625e-06;1.6858288e-05;4.999232e-06;3.1374557e-06;1.8008934e-05;1.0;1.0;7966.242;25
819134266;818962871;0.9105109;-0.0009752876;0.004208086;0.41346273;-99.98666;83.11434;0.86857134;0.0;0.0;0.8678173;0.004483099;0.0035595086;-0.00068647665;0.27408534;0.0085428115;-0.08126459;0.26364762;-6.4821215e-05;-0.17866401;0.1640288;-0.005294955;-0.13769981;0.0;0.0;-1.3334575;0.00037294082;0.00010868082;0.0004925718;56.85578;57.325848;0.013862929;927102.3;961548.8;0.25007337;3.970269e-07;3.6392515e-07;4.3954586e-07;0.00056954316;0.00066439505;1.879908e-05;1.7086543e-06;3.5928228e-06;1.6857857e-05;4.986856e-06;3.1288969e-06;1.7995531e-05;1.0;1.0;7985.244;25
819638169;819466713;0.91148764;-0.0020231216;-0.0049988227;0.4112922;-100.0;83.50599;0.86861193;0.0;0.0;0.86126006;0.0044785123;0.00349381;-0.0006740517;0.27357718;0.0083982125;-0.08103105;0.26359594;-6.47243e-05;-0.17884335;0.16399874;-0.0053274394;-0.13795646;0.0;0.0;-1.3334575;0.00038097598;0.00010834499;0.0004960753;56.919697;57.92456;0.01382887;932499.25;966397.3;0.24873677;3.9652107e-07;3.647385e-07;4.3905942e-07;0.0005695252;0.0006643956;1.8824832e-05;1.7093337e-06;3.5921573e-06;1.6857242e-05;4.9743035e-06;3.1205445e-06;1.7982255e-05;1.0;1.0;8004.6055;25
820142262;819970556;0.91243225;-0.0009946225;0.0011642907;0.40922514;-99.975296;83.855064;0.8494766;0.0;0.0;0.89611745;0.0044789826;0.0034390348;-0.00065901835;0.2731158;0.008334111;-0.080816075;0.2635502;-6.457935e-05;-0.17901115;0.16397105;-0.0053664064;-0.13820456;0.0;0.0;-1.3334575;0.00038896227;0.00010826936;0.00049955596;56.994522;58.53684;0.013951011;937927.5;971282.1;0.25255328;3.9603975e-07;3.6572945e-07;4.3857406e-07;0.00056951295;0.00066439423;1.8851846e-05;1.7101409e-06;3.5915004e-06;1.6856931e-05;4.9617047e-06;3.1125228e-06;1.796944e-05;1.0;1.0;8024.1094;25
820636967;820465401;0.91259354;0.0014595013;0.0044188406;0.40884155;-99.97565;84.261894;0.8388402;0.0;0.0;0.8655004;0.004463543;0.003372775;-0.0006475169;0.27258638;0.008411759;-0.08057821;0.26349258;-6.45317e-05;-0.1791831;0.16393833;-0.005383623;-0.1384482;0.0;0.0;-1.3334575;0.00039664202;0.00010804775;0.0005038044;57.05069;59.131344;0.013872715;943268.3;976101.0;0.25046;3.957504e-07;3.6665688e-07;4.386648e-07;0.0005694933;0.0006643899;1.8876515e-05;1.7111103e-06;3.5914998e-06;1.6856702e-05;4.9508185e-06;3.1055004e-06;1.7958067e-05;1.0;1.0;8043.284;25
821140855;820969291;0.9124314;-0.00021838848;0.002411264;0.40922275;-100.003235;84.69759;0.82774156;0.0;0.0;0.8258358;0.004445434;0.003304732;-0.00063035294;0.2720334;0.008607505;-0.080346435;0.2634366;-6.4400556e-05;-0.1793685;0.16390684;-0.0054146396;-0.13871755;0.0;0.0;-1.3334575;0.00040265292;0.00010743442;0.0005066783;57.09055;59.673737;0.013811818;948679.9;981012.1;0.24908131;3.943673e-07;3.669483e-07;4.3794864e-07;0.00056947285;0.0006643665;1.890035e-05;1.7116723e-06;3.590838e-06;1.685604e-05;4.9382083e-06;3.0975698e-06;1.794514e-05;1.0;1.0;8062.8994;25
821635820;821464137;0.9137863;-0.00636375;0.003677371;0.40612897;-99.97693;85.09788;0.82261956;0.0;0.0;0.842582;0.004435933;0.0032506392;-0.0006125812;0.2715551;0.008830923;-0.080147855;0.26338673;-6.4252476e-05;-0.1795412;0.1638812;-0.0054497784;-0.13896471;0.0;0.0;-1.3334575;0.00040892285;0.00010707604;0.0005095316;57.141327;60.23183;0.013897704;954024.3;985872.0;0.2519943;3.9320952e-07;3.6749043e-07;4.3721346e-07;0.00056945905;0.0006643394;1.8925131e-05;1.7122886e-06;3.5900925e-06;1.6855343e-05;4.9256437e-06;3.089962e-06;1.7932653e-05;1.0;1.0;8082.2285;25
822139425;821967931;0.91427577;0.0078333095;0.0050550923;0.4049851;-99.98532;85.52808;0.8120946;0.0;0.0;0.80985516;0.0044064187;0.0031866434;-0.0006013818;0.27103335;0.009187341;-0.07992212;0.26332575;-6.425176e-05;-0.17969993;0.16384663;-0.005454883;-0.13919091;0.0;0.0;-1.3334575;0.0004157;0.000106794396;0.0005136318;57.186127;60.81821;0.013821104;959493.44;990852.0;0.25067;3.925838e-07;3.682726e-07;4.372526e-07;0.0005694424;0.0006643046;1.8949493e-05;1.7132849e-06;3.5901678e-06;1.6854881e-05;4.9145483e-06;3.083318e-06;1.7921284e-05;1.0;1.0;8101.971;25
822634261;822462777;0.91242987;0.0055402075;-0.0047205505;0.4091685;-100.0;85.967735;0.78599787;0.0;0.0;0.7825893;0.0043839836;0.0031296469;-0.0005856805;0.2705199;0.009588405;-0.0797062;0.26326823;-6.4211345e-05;-0.17986883;0.16381297;-0.005481667;-0.13944715;0.0;0.0;-1.3334575;0.0004208836;0.00010605142;0.00051610277;57.214504;61.350506;0.013681352;964841.1;995754.8;0.2484322;3.9096514e-07;3.6840504e-07;4.3639088e-07;0.00056942523;0.0006642522;1.8972074e-05;1.7137631e-06;3.5894245e-06;1.6853515e-05;4.90206e-06;3.0755853e-06;1.7908127e-05;1.0;1.0;8121.502;25
823138293;822966619;0.9123194;0.0002605865;-0.010282242;0.40935016;-99.97918;86.39222;0.7916711;0.0;0.0;0.7883721;0.004359445;0.003076928;-0.00056986266;0.2700538;0.010021369;-0.079507306;0.2632183;-6.415588e-05;-0.18002336;0.1637837;-0.005510147;-0.13968387;0.0;0.0;-1.3334575;0.00042670796;0.0001057533;0.0005188591;57.26045;59.548958;0.0137825785;970303.3;909808.7;0.2520355;3.8981435e-07;3.6898302e-07;4.3568434e-07;0.0005694138;0.0006640976;1.8994158e-05;1.7144326e-06;3.588548e-06;1.685277e-05;4.8899433e-06;3.067927e-06;1.7894177e-05;1.0;1.0;8141.414;25
823641882;823470462;0.91241944;0.035683878;0.012865336;0.40749475;-99.97165;86.88893;0.80801326;0.0;0.0;0.7576815;0.004325567;0.003016021;-0.0005570737;0.26956552;0.010568856;-0.0792969;0.26315942;-6.422278e-05;-0.18017337;0.1637487;-0.0055177207;-0.1399058;0.0;0.0;-1.3334575;0.00043196045;0.00010539193;0.0005224468;57.284473;60.09278;0.013593998;975802.75;914410.56;0.25057453;3.887254e-07;3.6943183e-07;4.3556588e-07;0.0005694019;0.00066402665;1.9017427e-05;1.7153719e-06;3.5886267e-06;1.68523e-05;4.8795273e-06;3.0612873e-06;1.7882967e-05;1.0;1.0;8161.458;25
824136804;823965307;0.91343504;0.06838197;0.038469784;0.39935002;-100.0;87.196144;0.7873915;0.0;0.0;0.7576703;0.0043579917;0.002980771;-0.00048631488;0.26897267;0.011062395;-0.07904585;0.26304334;-6.353611e-05;-0.1802007;0.16355328;-0.0055743796;-0.14038019;0.0;0.0;-1.3334575;0.00043540506;0.0001046646;0.00052476145;57.306156;60.588562;0.013732156;981163.94;918945.3;0.2482058;3.8688674e-07;3.693531e-07;4.3448725e-07;0.00056938647;0.0006639362;1.9039704e-05;1.7156409e-06;3.5878752e-06;1.6820904e-05;4.865953e-06;3.051477e-06;1.7839446e-05;1.0;1.0;8181.2046;25
824640626;824469150;0.9049852;-0.092821024;-0.04072966;0.4131916;-99.97079;87.720215;0.7986824;0.0;0.0;0.7768625;0.0043007834;0.0029249087;-0.0004993366;0.26856542;0.011735538;-0.07889993;0.26301765;-6.385184e-05;-0.18022364;0.16360113;-0.005593119;-0.140713;0.0;0.0;-1.3334575;0.00044103691;0.000104304905;0.000526986;57.341908;61.155193;0.013664266;986705.9;923611.94;0.25185877;3.8564542e-07;3.6989962e-07;4.3373046e-07;0.00056938565;0.00066384196;1.9063735e-05;1.7164763e-06;3.5872058e-06;1.6809505e-05;4.8542092e-06;3.0450306e-06;1.7812645e-05;1.0;1.0;8201.405;25
825135394;824963995;0.89967424;-0.10701109;-0.045780998;0.4207601;-99.97617;88.32201;0.7504768;0.0;0.0;0.7102889;0.0041765757;0.0028419644;-0.00052306574;0.26813728;0.012681528;-0.078804694;0.26300892;-6.421632e-05;-0.18004963;0.16367787;-0.0056012413;-0.14119868;0.0;0.0;-1.3334575;0.0004444219;0.00010363348;0.0005283004;57.349716;61.60659;0.01343241;992130.3;928183.0;0.24945249;3.8383877e-07;3.6974106e-07;4.3332935e-07;0.00056938257;0.0006637135;1.9083569e-05;1.7175126e-06;3.587198e-06;1.6777316e-05;4.844889e-06;3.039277e-06;1.775936e-05;1.0;1.0;8221.345;25
825639411;825467885;0.90329415;-0.05105747;-0.019500475;0.42552632;-99.98975;88.87489;0.7435847;0.0;0.0;0.67588586;0.0040935297;0.002787309;-0.00054173655;0.2677543;0.01344099;-0.078671694;0.2629911;-6.467828e-05;-0.18005975;0.16374452;-0.005618272;-0.14155845;0.0;0.0;-1.3334575;0.00044897338;0.000102968246;0.000529879;57.370186;62.119175;0.013380155;997679.6;932885.4;0.2477241;3.821912e-07;3.6982973e-07;4.3257685e-07;0.00056938326;0.0006636017;1.9104957e-05;1.7182439e-06;3.5865262e-06;1.6765134e-05;4.8349666e-06;3.0324625e-06;1.773059e-05;1.0;1.0;8241.735;25
826134336;825962730;0.9032925;-0.042869996;-0.021182023;0.42635235;-99.98977;89.348045;0.7591329;0.0;0.0;0.6916761;0.004041993;0.0027406092;-0.0005527001;0.26741636;0.014024159;-0.07855265;0.26297024;-6.512049e-05;-0.18014696;0.16378567;-0.0056445007;-0.14182653;0.0;0.0;-1.3334575;0.0004514519;0.000102442355;0.00053093885;54.208282;62.566826;0.013393154;911967.94;937492.9;0.25023016;3.8019903e-07;3.6945139e-07;4.3155597e-07;0.0005693876;0.0006616959;1.910359e-05;1.7113721e-06;3.5857338e-06;1.6742883e-05;4.825311e-06;3.0248796e-06;1.771451e-05;1.0;1.0;8261.923;25
826637976;826466526;0.9042096;-0.04068802;-0.019582089;0.42469534;-99.98283;89.85678;0.73935795;0.0;0.0;0.65217894;0.0039867284;0.0026918834;-0.0005583057;0.26706728;0.014557617;-0.07836507;0.2629376;-6.555685e-05;-0.18024625;0.1638041;-0.0056540254;-0.1420631;0.0;0.0;-1.3334575;0.00045893213;0.00010236031;0.0005348055;54.256203;63.223473;0.013291348;917146.0;942296.2;0.24861;3.799946e-07;3.7065075e-07;4.3184647e-07;0.00056939456;0.00066164666;1.91271e-05;1.7126312e-06;3.585807e-06;1.6742346e-05;4.8173233e-06;3.0187766e-06;1.7701932e-05;1.0;1.0;8282.516;25
827141772;826970370;0.9050704;-0.02898065;-0.013920469;0.42404485;-99.994064;90.37794;0.7066463;0.0;0.0;0.6129375;0.003931612;0.0026458444;-0.0005615353;0.26672307;0.0150148;-0.07819493;0.26290473;-6.600093e-05;-0.18036108;0.16382378;-0.0056722458;-0.14231427;0.0;0.0;-1.3334575;0.0004632384;0.00010186538;0.00053673185;54.287323;63.76228;0.01320836;922300.0;947088.9;0.2468588;3.785097e-07;3.7076484e-07;4.3115216e-07;0.00056940154;0.00066161604;1.914844e-05;1.7134502e-06;3.5851406e-06;1.6741618e-05;4.8077604e-06;3.0118774e-06;1.7688555e-05;1.0;1.0;8303.255;25
827636766;827465214;0.8820923;-0.19560812;-0.07473401;0.42197794;-99.9948;90.95879;0.6682285;0.0;0.0;0.5932478;0.003844031;0.0025900048;-0.0005854121;0.26644355;0.0154036945;-0.07808843;0.2629108;-6.629968e-05;-0.18020079;0.16389935;-0.0057041235;-0.14276108;0.0;0.0;-1.3334575;0.00047042963;0.00010167394;0.0005386931;54.342453;64.42121;0.013065267;927437.75;951863.9;0.24941862;3.77921e-07;3.7173658e-07;4.307679e-07;0.0005694142;0.0006616122;1.9171053e-05;1.7145734e-06;3.5843923e-06;1.6709608e-05;4.798146e-06;3.0052968e-06;1.7637207e-05;1.0;1.0;8323.7;25
828140802;827969056;0.90329313;-0.03717454;-0.015259198;0.42713797;-99.996475;91.502464;0.6605895;0.0;0.0;0.5335412;0.0037679987;0.002537005;-0.0005976249;0.26614666;0.015689073;-0.0779581;0.26290163;-6.660824e-05;-0.18018015;0.16395618;-0.0057262294;-0.1431166;0.0;0.0;-1.3334575;0.00047508313;0.0001011941;0.00054005376;54.38079;64.96253;0.013043473;932659.25;956717.94;0.24748972;3.7654794e-07;3.7187905e-07;4.3020188e-07;0.0005694256;0.0006616207;1.9191499e-05;1.7155744e-06;3.5837288e-06;1.6691205e-05;4.7888484e-06;2.998752e-06;1.7602582e-05;1.0;1.0;8344.673;25
828635492;828463902;0.89715624;-0.11995209;-0.05598937;0.42141134;-100.0009;92.02579;0.6672121;0.0;0.0;0.48161173;0.003703244;0.0024907948;-0.00060000736;0.26586506;0.01580187;-0.07780887;0.26287657;-6.692085e-05;-0.18025032;0.16397996;-0.0057376893;-0.14336216;0.0;0.0;-1.3334575;0.00047820384;0.000100948455;0.00054219697;54.413124;65.44731;0.012973858;937811.75;961495.56;0.2449862;3.7522622e-07;3.718056e-07;4.3000165e-07;0.00056943856;0.0006616405;1.9211247e-05;1.7168123e-06;3.5837263e-06;1.6687307e-05;4.780592e-06;2.9931336e-06;1.7587046e-05;1.0;1.0;8365.356;25
829139233;828967744;0.90374297;-0.00033594837;-0.022638904;0.42747647;-99.83032;92.50685;0.6819641;0.0;0.0;0.4759964;0.003666017;0.002441547;-0.00060694705;0.26560065;0.015768996;-0.07767554;0.26286766;-6.710995e-05;-0.1802212;0.16401078;-0.005769786;-0.14367776;0.0;0.0;-1.3334575;0.00048326232;0.00010091134;0.00054403755;54.46585;66.03505;0.012996423;943110.2;966422.25;0.24805158;3.7430985e-07;3.7220624e-07;4.2953704e-07;0.0005694545;0.00066166266;1.9233357e-05;1.7179968e-06;3.5830635e-06;1.6669503e-05;4.771467e-06;2.9865191e-06;1.755416e-05;1.0;1.0;8386.536;25
829634241;829462589;0.8930406;0.16223702;0.08764752;0.41045764;-99.95418;92.98646;0.67676175;0.0;0.0;0.44251385;0.0036865347;0.0024014362;-0.0005612372;0.26520604;0.015529387;-0.07745682;0.26281422;-6.696633e-05;-0.18014911;0.16390057;-0.005848323;-0.14413983;0.0;0.0;-1.3334575;0.0004899287;0.00010075581;0.00054664584;54.51996;66.72507;0.012715075;948340.5;971314.44;0.24535118;3.7386909e-07;3.7303104e-07;4.2913547e-07;0.0005694651;0.00066167524;1.925504e-05;1.7189556e-06;3.5823186e-06;1.6633858e-05;4.761383e-06;2.9774149e-06;1.7502416e-05;1.0;1.0;8407.404;25
830138010;829966479;0.9214707;0.0147802755;0.020233104;0.387639;-99.87656;93.28941;0.64064795;0.0;0.0;0.4077976;0.0036894055;0.0023701119;-0.0005361966;0.2649149;0.015219966;-0.07725107;0.26275563;-6.708861e-05;-0.180191;0.16383167;-0.0058733234;-0.14441985;0.0;0.0;-1.3334575;0.0004977381;0.00010099743;0.00055136986;54.603844;67.48773;0.012716015;953738.06;976352.2;0.24372293;3.7422905e-07;3.745254e-07;4.2959022e-07;0.0005694826;0.0006616799;1.927988e-05;1.7204496e-06;3.5823948e-06;1.6616996e-05;4.7519416e-06;2.9711057e-06;1.7474717e-05;1.0;1.0;8428.69;25
830641766;830470275;0.96969306;-0.011319812;-0.0007679106;0.24406305;-100.017746;93.719284;0.6131162;0.0;0.0;0.35619456;0.0036621748;0.0023097782;-0.0005065591;0.26468772;0.014897125;-0.077076375;0.26273373;-6.677702e-05;-0.1803178;0.16382484;-0.005884744;-0.14459752;0.0;0.0;-1.3334575;0.00049893087;0.00010050792;0.00055203453;54.651733;67.971535;0.0125191575;959071.75;981320.8;0.24186866;3.725038e-07;3.738043e-07;4.2842524e-07;0.0005695008;0.0006616607;1.9299247e-05;1.7217229e-06;3.5817313e-06;1.6616474e-05;4.731859e-06;2.967542e-06;1.746403e-05;1.0;1.0;8450.128;25
831136590;830965120;0.9873384;0.026644362;0.045824356;0.1495096;-99.90611;93.94287;0.6036275;0.0;0.0;0.3457691;0.0036333844;0.0022123011;-0.0004134955;0.264579;0.014656596;-0.07696727;0.26276705;-6.508983e-05;-0.18035683;0.16372064;-0.0058556283;-0.14472467;0.0;0.0;-1.3334575;0.00050361146;9.9897894e-05;0.00055246986;54.743416;68.66434;0.012508226;964376.4;986307.75;0.24407;3.7236626e-07;3.744225e-07;4.2706887e-07;0.0005695195;0.0006616462;1.9322304e-05;1.7231088e-06;3.5809883e-06;1.6612013e-05;4.680247e-06;2.964096e-06;1.7448332e-05;1.0;1.0;8471.244;25
831640366;831468963;0.894309;0.008207977;-0.037739724;0.4457801;-99.99875;94.22425;0.56462574;0.0;0.0;0.305071;0.0035976002;0.0021207759;-0.0003473058;0.26444402;0.014353121;-0.07682527;0.26277655;-6.3990854e-05;-0.18039614;0.16365533;-0.0058546974;-0.14487797;0.0;0.0;-1.3334575;0.0005077824;9.9752455e-05;0.00055453304;54.82029;69.323265;0.012242665;969824.0;991398.44;0.24227293;3.7219428e-07;3.7475326e-07;4.2674984e-07;0.00056954223;0.00066162186;1.9343688e-05;1.7249695e-06;3.5810776e-06;1.6609974e-05;4.654689e-06;2.96145e-06;1.7435756e-05;1.0;1.0;8492.841;25
832135254;831963808;0.7553914;-0.09825229;0.14367281;0.63173443;-99.92112;94.55399;0.59702057;0.0;0.0;0.3135184;0.0035842322;0.0021291287;-0.00038929775;0.26421633;0.013994514;-0.0766663;0.26275584;-6.504615e-05;-0.1804606;0.16366833;-0.0058685616;-0.14517534;0.0;0.0;-1.3334575;0.0005148967;9.996173e-05;0.0005576375;54.91091;70.0902;0.01239706;975233.06;996489.0;0.24443485;3.725067e-07;3.759848e-07;4.2659028e-07;0.0005695651;0.0006616081;1.9365605e-05;1.7252045e-06;3.580337e-06;1.660029e-05;4.6486525e-06;2.9432615e-06;1.7416576e-05;1.0;1.0;8514.064;25
832639024;832467650;0.7166002;-0.073104575;0.104625404;0.6857066;-99.98296;95.43713;0.65491086;0.0;0.0;0.30301487;0.00353347;0.002153326;-0.00056699425;0.2638011;0.013781055;-0.0765555;0.26269606;-6.7279165e-05;-0.18003136;0.16387773;-0.005632022;-0.14600594;0.0;0.0;-1.3334575;0.0005145105;9.924512e-05;0.0005582234;54.947094;68.06467;0.012340984;980681.8;910571.06;0.24256387;3.713035e-07;3.7587242e-07;4.255736e-07;0.0005695788;0.00066143007;1.9377036e-05;1.7236894e-06;3.5794242e-06;1.6513222e-05;4.626101e-06;2.9126745e-06;1.7318038e-05;1.0;1.0;8535.834;25
833133933;832962496;0.70586264;0.05846402;-0.033240926;0.705149;-99.952225;95.955925;0.64884835;0.0;0.0;0.30332989;0.0034937751;0.0021468275;-0.00060449255;0.26356336;0.013382429;-0.07638603;0.2627041;-6.867221e-05;-0.1801647;0.16379312;-0.005671695;-0.14619271;0.0;0.0;-1.3334575;0.00052054937;9.934067e-05;0.0005611375;55.0288;68.88421;0.012244031;986163.9;915281.3;0.24019098;3.7205618e-07;3.77568e-07;4.2575186e-07;0.00056959555;0.00066141976;1.9397297e-05;1.7232735e-06;3.5794276e-06;1.6507121e-05;4.6117666e-06;2.8845373e-06;1.7303077e-05;1.0;1.0;8557.346;25
833637790;833466338;0.6873637;0.11958599;-0.10861463;0.7081195;-99.99942;96.385796;0.5577308;0.0;0.0;0.30020586;0.003467878;0.0021222304;-0.0005723334;0.2632954;0.012998945;-0.076247014;0.26274887;-6.9644935e-05;-0.18034069;0.16350968;-0.0058873408;-0.14638416;0.0;0.0;-1.3334575;0.00052365265;9.9234945e-05;0.0005593954;55.099243;69.63015;0.012098716;991724.6;920068.0;0.23848039;3.7184736e-07;3.7836173e-07;4.2467104e-07;0.00056960114;0.0006614099;1.9416522e-05;1.7221492e-06;3.5787682e-06;1.6449474e-05;4.5880956e-06;2.8498466e-06;1.7221493e-05;1.0;1.0;8579.327;25
834141627;833970228;0.6932758;0.10080379;-0.09449007;0.70730406;-99.970695;96.747925;0.48723516;0.0;0.0;0.29354584;0.0034582776;0.0021002777;-0.00053854263;0.26305318;0.012657403;-0.07611431;0.262797;-7.055814e-05;-0.18052542;0.163219;-0.0061109555;-0.14654985;0.0;0.0;-1.3334575;0.0005274502;9.9507124e-05;0.00055778783;55.18247;70.42296;0.012149269;997330.94;924908.6;0.24148986;3.718455e-07;3.795562e-07;4.2374884e-07;0.00056960934;0.00066141086;1.9437566e-05;1.7211461e-06;3.5781165e-06;1.638369e-05;4.563365e-06;2.816038e-06;1.7132119e-05;1.0;1.0;8601.445;25
834636898;834465073;0.71503085;-0.04844102;0.05636987;0.6951308;-99.93657;97.27952;0.48717663;0.0;0.0;0.22344856;0.003434324;0.0021036072;-0.0005940157;0.2628112;0.012359436;-0.07595143;0.26280907;-7.1974275e-05;-0.18067925;0.16313678;-0.00615706;-0.14674789;0.0;0.0;-1.3334575;0.0005300651;9.948003e-05;0.00055820594;52.193417;71.13307;0.012093906;911688.0;929668.2;0.23902924;3.712941e-07;3.8036725e-07;4.2297444e-07;0.0005696233;0.00065968995;1.9426496e-05;1.7130117e-06;3.5773298e-06;1.6351665e-05;4.5472043e-06;2.7866784e-06;1.7109238e-05;1.0;1.0;8623.231;25
835140554;834968869;0.70398575;-0.124918684;0.13708524;0.6855706;-99.94113;97.89536;0.54515547;0.0;0.0;0.17094468;0.0033827925;0.0021018963;-0.0007354955;0.2625004;0.012326128;-0.07586995;0.26278576;-7.3368945e-05;-0.18033053;0.16325729;-0.0060230317;-0.14742889;0.0;0.0;-1.3334575;0.00052909605;9.940106e-05;0.0005592782;52.251606;71.65576;0.012029792;916817.44;934512.94;0.23739563;3.702164e-07;3.8034156e-07;4.2244804e-07;0.00056964345;0.0006596941;1.9441153e-05;1.7127225e-06;3.577424e-06;1.6284477e-05;4.5283764e-06;2.7637257e-06;1.7030508e-05;1.0;1.0;8645.558;25
835635207;835463714;0.7089843;0.006628728;0.08548802;0.6999923;-99.98686;98.406044;0.6217873;0.0;0.0;0.1862413;0.003356809;0.0021052957;-0.00085368776;0.26223958;0.01226227;-0.07577364;0.2627823;-7.4899035e-05;-0.18018498;0.1633295;-0.0059610414;-0.14791112;0.0;0.0;-1.3334575;0.0005275261;9.9371195e-05;0.0005589566;52.316395;72.16045;0.012007387;921860.3;939295.1;0.23965022;3.6879595e-07;3.8017373e-07;4.212325e-07;0.0005696629;0.00065970345;1.9455998e-05;1.7118416e-06;3.5766957e-06;1.6241529e-05;4.5099114e-06;2.7374801e-06;1.6979537e-05;1.0;1.0;8667.593;25
836139124;835967557;0.7372288;0.11966533;0.08585248;0.6593962;-99.82193;98.703255;0.5963532;0.0;0.0;0.24998903;0.0034704925;0.0021215833;-0.0009133427;0.26170936;0.012013103;-0.075424716;0.26263386;-7.6645956e-05;-0.18010968;0.16339557;-0.005908865;-0.14841697;0.0;0.0;-1.3334575;0.00052951876;9.9829565e-05;0.00056116073;52.414513;72.93352;0.012065023;927046.3;944273.25;0.2381107;3.6853842e-07;3.8126655e-07;4.206753e-07;0.00056967133;0.00065972307;1.9475627e-05;1.7109178e-06;3.576048e-06;1.617259e-05;4.4997664e-06;2.7112471e-06;1.6906512e-05;1.0;1.0;8690.111;25
836633847;836462401;0.8127324;0.07542354;0.054614123;0.5751477;-100.02858;99.099754;0.6373565;0.0;0.0;0.25236288;0.0034976655;0.0020988781;-0.0009436011;0.26137096;0.011973936;-0.07522246;0.2625698;-7.775192e-05;-0.18020184;0.16338173;-0.005917197;-0.14865313;0.0;0.0;-1.3334575;0.0005280304;0.00010038535;0.00056214887;52.480747;73.46853;0.01175866;932133.06;949113.7;0.23595548;3.6749194e-07;3.8093333e-07;4.2007852e-07;0.00056968344;0.0006597394;1.9493873e-05;1.7113712e-06;3.5760556e-06;1.6150714e-05;4.494939e-06;2.6953542e-06;1.6878137e-05;1.0;1.0;8712.279;25
837137638;836966244;0.90017337;0.15898198;0.10031308;0.39287412;-99.667534;99.27495;0.5953048;0.0;0.0;0.31553906;0.003604535;0.0020785423;-0.00090815435;0.26100045;0.012006813;-0.07498791;0.26245815;-7.832337e-05;-0.18000956;0.1632601;-0.0059555513;-0.14922926;0.0;0.0;-1.3334575;0.0005379061;0.000101301535;0.0005673737;52.625946;74.53007;0.012201691;937425.9;954263.56;0.23918511;3.6845213e-07;3.836623e-07;4.201312e-07;0.0005696973;0.00065976504;1.9521562e-05;1.7125869e-06;3.5754024e-06;1.6094451e-05;4.4902235e-06;2.685209e-06;1.6812146e-05;1.0;1.0;8734.924;25
837641525;837470086;0.96811414;0.028413577;-0.10864709;0.22392759;-99.563835;99.52001;0.7584013;0.0;0.0;0.30733353;0.0036010097;0.0019921372;-0.0007967623;0.26062614;0.012414573;-0.07484602;0.26242808;-7.6972174e-05;-0.17968145;0.16310467;-0.005942246;-0.14981592;0.0;0.0;-1.3334575;0.00054087455;0.000101027734;0.0005684337;52.72753;75.22238;0.012371702;942654.9;959329.44;0.23795605;3.679507e-07;3.8419645e-07;4.188655e-07;0.0005697001;0.00065974443;1.954147e-05;1.7142812e-06;3.5747435e-06;1.6043135e-05;4.464418e-06;2.6804596e-06;1.6745897e-05;1.0;1.0;8757.539;25
838136389;837964932;0.9693355;-0.1672607;-0.112426355;0.14061578;-99.57816;99.70594;0.5678814;0.0;0.0;0.20098333;0.0034184041;0.0018802389;-0.00079662236;0.26056623;0.0129824625;-0.074880876;0.26243404;-7.4612595e-05;-0.17891741;0.16347383;-0.00580985;-0.15057841;0.0;0.0;-1.3334575;0.00054938556;0.000100356156;0.0005675135;52.8779;76.25752;0.012117898;947881.94;964434.7;0.23596382;3.6886053e-07;3.860479e-07;4.1862234e-07;0.0005697242;0.0006597078;1.9568562e-05;1.7162762e-06;3.574748e-06;1.5935553e-05;4.4275307e-06;2.677718e-06;1.6609376e-05;1.0;1.0;8779.8125;25
838640352;838468821;0.95808315;-0.15356028;-0.17768571;0.1640845;-99.39821;99.777664;0.5429012;0.0;0.0;0.0982809;0.0032383716;0.0017379123;-0.00075496844;0.26065665;0.013865091;-0.075011246;0.26248607;-7.1723334e-05;-0.1783963;0.16375126;-0.0057130056;-0.15105103;0.0;0.0;-1.3334575;0.0005540321;9.948454e-05;0.00056403887;53.016777;77.081856;0.012225218;953203.7;969619.94;0.23925336;3.6896986e-07;3.8696376e-07;4.1762127e-07;0.0005697466;0.0006595998;1.9589963e-05;1.7179661e-06;3.5740964e-06;1.5830652e-05;4.3867867e-06;2.6748464e-06;1.6480559e-05;1.0;1.0;8802.527;25
839135055;838963666;0.93367815;-0.119344465;-0.29664338;0.16126001;-99.36867;99.63532;0.3263536;0.0;0.0;-0.06553127;0.0030217466;0.0015811588;-0.00077401265;0.2606933;0.014916562;-0.07518734;0.2624507;-6.8000016e-05;-0.17705737;0.16425535;-0.0055737933;-0.15225193;0.0;0.0;-1.3334575;0.0005590997;9.8731245e-05;0.00055924925;53.15776;77.97712;0.011993203;958439.7;974746.75;0.23703523;3.691744e-07;3.8751205e-07;4.167786e-07;0.0005697793;0.00065946707;1.9607252e-05;1.7195182e-06;3.5733615e-06;1.5627422e-05;4.3530927e-06;2.672941e-06;1.6232307e-05;1.0;1.0;8824.784;25
839638918;839467462;0.94818246;-0.20051008;-0.19900197;0.14540969;-99.3676;99.44899;0.07212269;0.0;0.0;-0.25393322;0.0028438172;0.0014616154;-0.0008000547;0.2608449;0.015696138;-0.07531311;0.26241407;-6.524001e-05;-0.17605668;0.16466059;-0.005462267;-0.1531448;0.0;0.0;-1.3334575;0.0005649362;9.848965e-05;0.00055603264;53.315132;78.94235;0.011801832;963818.3;980014.8;0.23552069;3.6999143e-07;3.8828014e-07;4.168585e-07;0.00056981086;0.0006593706;1.9626927e-05;1.7215951e-06;3.5734436e-06;1.5468931e-05;4.326419e-06;2.6713974e-06;1.6036929e-05;1.0;1.0;8847.321;25
840133766;839962307;0.8822009;-0.26631773;0.16600025;0.35105634;-98.918915;99.731316;0.18430535;0.0;0.0;-0.38871098;0.002838229;0.001401403;-0.0007847112;0.2609199;0.01586017;-0.07522835;0.26240563;-6.452553e-05;-0.17624484;0.16475879;-0.005370004;-0.15305063;0.0;0.0;-1.3334575;0.00056781154;9.7691554e-05;0.0005536013;53.43055;79.700874;0.012328861;969143.94;985229.44;0.23788689;3.7031643e-07;3.8887842e-07;4.162884e-07;0.0005698099;0.0006593644;1.9654242e-05;1.7226122e-06;3.5727248e-06;1.5320582e-05;4.279687e-06;2.6670248e-06;1.5868425e-05;1.0;1.0;8869.644;25
840637581;840466149;0.83282065;-0.09001035;0.0285039;0.5454314;-98.91668;99.4062;0.16527225;0.0;0.0;-0.47276494;0.0028622388;0.0013717699;-0.0007861483;0.26098484;0.015900584;-0.07520059;0.2624134;-6.487099e-05;-0.17629199;0.16476539;-0.0054245833;-0.15322874;0.0;0.0;-1.3334575;0.00057739374;9.8257726e-05;0.0005568956;53.582233;80.85179;0.011833679;974619.9;990652.4;0.23651901;3.715439e-07;3.9043036e-07;4.1681977e-07;0.0005698317;0.00065939786;1.9691553e-05;1.7240205e-06;3.5720623e-06;1.5279464e-05;4.2735214e-06;2.6581765e-06;1.5812593e-05;1.0;1.0;8892.046;25
841141698;840969992;0.8527798;-0.00038797938;-0.0058705066;0.5222376;-98.76756;99.51602;0.19910869;0.0;0.0;-0.54713035;0.00287667;0.0013531786;-0.0008079128;0.26124328;0.015946658;-0.07509195;0.26242122;-6.5655346e-05;-0.17639089;0.16477528;-0.005483756;-0.15337421;0.0;0.0;-1.3334575;0.00058314245;9.889507e-05;0.0005596373;53.70314;81.76853;0.011786896;980109.5;996061.75;0.23510522;3.719758e-07;3.9101732e-07;4.1699016e-07;0.0005697438;0.0006594285;1.9713123e-05;1.7253893e-06;3.5714238e-06;1.5276823e-05;4.2720867e-06;2.6491232e-06;1.5801044e-05;1.0;1.0;8914.642;25
841636235;841464837;0.83216685;0.223632;-0.10719467;0.49598023;-98.61664;99.41828;0.17238468;0.0;0.0;-0.54193395;0.0029230427;0.0013280581;-0.0007641988;0.26139256;0.015905362;-0.07500096;0.26243576;-6.568771e-05;-0.17628437;0.16466206;-0.0056153424;-0.15372483;0.0;0.0;-1.3334575;0.000588506;9.990835e-05;0.00056158757;53.839237;79.90873;0.011753012;985521.5;910376.7;0.2375256;3.728159e-07;3.9183482e-07;4.173605e-07;0.0005696356;0.0006592577;1.973072e-05;1.727139e-06;3.5711314e-06;1.5227668e-05;4.267189e-06;2.6398063e-06;1.573312e-05;1.0;1.0;8936.704;25
842140230;841968679;0.8888779;-0.006805551;0.007193157;0.45803717;-98.55992;99.38745;0.1603643;0.0;0.0;-0.63548857;0.0029568307;0.0013031333;-0.0007411163;0.26170304;0.015789462;-0.07488652;0.2624526;-6.590231e-05;-0.17627221;0.16458566;-0.005725803;-0.15398419;0.0;0.0;-1.3334575;0.00059800217;0.00010070198;0.0005645218;53.988525;81.07657;0.011613934;991097.8;915440.25;0.23597062;3.7388187e-07;3.9325926e-07;4.1768914e-07;0.0005694661;0.0006592832;1.975377e-05;1.7289849e-06;3.5704884e-06;1.518765e-05;4.262445e-06;2.6316345e-06;1.5675923e-05;1.0;1.0;8959.11;25
842635442;842463525;0.89170027;-0.0669426;0.12478834;0.42990375;-98.28406;99.43028;0.231352;0.0;0.0;-0.6746229;0.003021574;0.0013170925;-0.0007848557;0.26198098;0.015662212;-0.0746896;0.26239148;-6.686979e-05;-0.17628884;0.16468818;-0.005691139;-0.15420586;0.0;0.0;-1.3334575;0.00060624187;0.00010122186;0.00056908565;54.139496;82.19262;0.011468056;996610.0;920460.7;0.233698;3.7469383e-07;3.9465226e-07;4.1810068e-07;0.000569236;0.00065929786;1.9775294e-05;1.7305359e-06;3.5697647e-06;1.5156321e-05;4.2556735e-06;2.6275961e-06;1.5639209e-05;1.0;1.0;8981.078;25
843138920;842967414;0.9000209;-0.00023566574;0.01981232;0.435396;-98.07039;99.32764;0.23133594;0.0;0.0;-0.6784251;0.00304658;0.0013004844;-0.0007917287;0.26231068;0.015549259;-0.074588045;0.2623694;-6.718853e-05;-0.17633843;0.16471498;-0.005694568;-0.1543245;0.0;0.0;-1.3334575;0.00060812617;0.00010204443;0.0005714167;51.29637;82.98062;0.011401651;911095.2;925486.3;0.23667783;3.7473737e-07;3.946343e-07;4.1821514e-07;0.0005690127;0.00065771444;1.9761914e-05;1.7256464e-06;3.5697985e-06;1.5128082e-05;4.2507463e-06;2.623408e-06;1.562106e-05;1.0;1.0;9003.403;25
843633761;843462259;0.9089591;0.0030957407;-0.014422737;0.41662434;-97.93075;99.35369;0.25284615;0.0;0.0;-0.69872016;0.0030549827;0.0012785796;-0.00078979484;0.26268497;0.015422403;-0.07451799;0.26236102;-6.742004e-05;-0.17642039;0.16472721;-0.005719281;-0.15443532;0.0;0.0;-1.3334575;0.00060186465;0.000102237645;0.0005692173;51.396732;83.25442;0.0112748165;916047.25;930304.5;0.23418723;3.727059e-07;3.9221106e-07;4.1673357e-07;0.0005687585;0.00065769773;1.9776655e-05;1.7274268e-06;3.5690748e-06;1.5125407e-05;4.245247e-06;2.6194411e-06;1.5611482e-05;1.0;1.0;9025.26;25
844137525;843966055;0.9063776;-0.1007685;-0.053930644;0.40671462;-97.794945;99.32615;0.25180405;0.0;0.0;-0.71407574;0.003036475;0.0012428404;-0.00079405983;0.26304606;0.0153134065;-0.07449466;0.26237798;-6.7291076e-05;-0.17642611;0.16477223;-0.0057490203;-0.15458067;0.0;0.0;-1.3334575;0.00060007966;0.00010258126;0.00056807743;51.519592;83.77873;0.011159667;921157.6;935321.0;0.23244393;3.7150812e-07;3.9091168e-07;4.157885e-07;0.0005685142;0.00065767684;1.9792866e-05;1.7295492e-06;3.5684361e-06;1.5120143e-05;4.2393913e-06;2.616577e-06;1.5596772e-05;1.0;1.0;9047.495;25
844641330;844469897;0.9003188;-0.12671378;-0.06913851;0.41059685;-97.629105;99.33375;0.2655546;0.0;0.0;-0.7182176;0.0029903448;0.0012074178;-0.00080238475;0.26334357;0.015243391;-0.07452033;0.26240027;-6.698812e-05;-0.17638238;0.16482344;-0.0057752714;-0.15473816;0.0;0.0;-1.3334575;0.00059850526;0.00010332773;0.0005670561;51.65105;84.2706;0.01123206;926306.3;940367.25;0.23517168;3.706615e-07;3.8989637e-07;4.1541523e-07;0.000568311;0.0006576513;1.9810252e-05;1.7320335e-06;3.568535e-06;1.5111437e-05;4.2343545e-06;2.6142977e-06;1.5577833e-05;1.0;1.0;9069.668;25
845136148;844964744;0.89184964;-0.16819893;-0.07144477;0.4137741;-97.571754;99.39109;0.25963336;0.0;0.0;-0.7523104;0.0029082617;0.0011588157;-0.00081552943;0.26363227;0.01517971;-0.07459696;0.26244006;-6.62954e-05;-0.17619629;0.16488925;-0.005821869;-0.15502982;0.0;0.0;-1.3334575;0.0005937039;0.000103435836;0.000563339;51.762447;84.557846;0.01117378;931359.1;945289.56;0.23269178;3.6874383e-07;3.878402e-07;4.1415805e-07;0.0005680917;0.00065759197;1.9822068e-05;1.7341765e-06;3.5678174e-06;1.5083184e-05;4.22856e-06;2.6114812e-06;1.553487e-05;1.0;1.0;9091.457;25
845640273;845468584;0.8849895;-0.190084;-0.086847715;0.4160761;-97.54029;99.45735;0.24469359;0.0;0.0;-0.7967161;0.0028050833;0.0011038628;-0.0008295238;0.26387405;0.0150914695;-0.07469829;0.26248586;-6.526634e-05;-0.1758753;0.16494401;-0.0058862665;-0.15543155;0.0;0.0;-1.3334575;0.00059122953;0.00010368126;0.0005600783;51.888557;84.98104;0.011174066;936557.3;950378.75;0.2310074;3.6728702e-07;3.864045e-07;4.1329665e-07;0.00056789385;0.0006574861;1.9834182e-05;1.7364972e-06;3.5671865e-06;1.5035351e-05;4.2231445e-06;2.608305e-06;1.5468644e-05;1.0;1.0;9113.661;25
846135013;845963430;0.8736322;-0.22425584;-0.089519605;0.42244813;-97.533516;99.604645;0.22428438;0.0;0.0;-0.83447677;0.002696407;0.0010516015;-0.0008371108;0.26401868;0.015002836;-0.07481994;0.2625271;-6.402185e-05;-0.17546454;0.16497345;-0.005959634;-0.15590791;0.0;0.0;-1.3334575;0.0005909014;0.00010434433;0.0005576776;52.025784;85.50907;0.011345119;941714.6;955447.75;0.23316431;3.665789e-07;3.8574518e-07;4.1320322e-07;0.00056773965;0.00065732136;1.9847872e-05;1.7390958e-06;3.5672126e-06;1.4969098e-05;4.2182437e-06;2.6050045e-06;1.5382167e-05;1.0;1.0;9135.463;25
846638688;846467272;0.8848139;-0.17502084;-0.065249324;0.42686602;-97.65406;99.80364;0.13915128;0.0;0.0;-0.8835119;0.0025861196;0.0009939453;-0.0008512;0.26411748;0.014853561;-0.07494954;0.26258355;-6.253017e-05;-0.17497598;0.16501455;-0.0060449396;-0.15647034;0.0;0.0;-1.3334575;0.0005914878;0.00010471024;0.0005549875;52.166416;86.14229;0.011351126;947000.0;960661.06;0.2316915;3.6569483e-07;3.8510836e-07;4.128785e-07;0.0005675883;0.00065698667;1.9859031e-05;1.74156e-06;3.5665878e-06;1.4891103e-05;4.212923e-06;2.6010694e-06;1.528143e-05;1.0;1.0;9157.71;25
847133747;846962118;0.9161752;0.08944428;0.037358772;0.38887924;-97.38606;99.77398;0.23070046;0.0;0.0;-0.8659204;0.002642359;0.0009916677;-0.00080730446;0.26424426;0.014466866;-0.074853286;0.2625591;-6.2949606e-05;-0.17488177;0.16494639;-0.0061009894;-0.15677558;0.0;0.0;-1.3334575;0.0005889692;0.00010509916;0.000554358;52.305256;86.60706;0.011266883;952173.7;965771.7;0.22961925;3.6451314e-07;3.8408888e-07;4.1207028e-07;0.00056750624;0.0006565447;1.9876625e-05;1.7435619e-06;3.5658818e-06;1.4857671e-05;4.2063416e-06;2.5965753e-06;1.5236509e-05;1.0;1.0;9179.55;25
847637830;847466007;0.93345606;0.09679009;0.041458737;0.3428888;-97.21116;99.875984;0.29442054;0.0;0.0;-0.82766914;0.0027256357;0.0009847797;-0.000713954;0.2643217;0.013936321;-0.07473947;0.26249617;-6.311563e-05;-0.17458811;0.16477281;-0.0061616637;-0.15732919;0.0;0.0;-1.3334575;0.00058067555;0.000105463536;0.00055230485;52.434937;86.808624;0.011172144;957421.44;970902.6;0.2325386;3.62601e-07;3.8217598e-07;4.1061264e-07;0.000567424;0.0006558661;1.9888246e-05;1.7455058e-06;3.565258e-06;1.4795435e-05;4.1949675e-06;2.5919185e-06;1.5161473e-05;1.0;1.0;9201.777;25
848141439;847969802;0.94621724;0.05998941;0.06487765;0.31123185;-97.056496;99.99599;0.32704902;0.0;0.0;-0.7895754;0.0027834335;0.0009759234;-0.00061818556;0.26441547;0.013307755;-0.074636586;0.2624463;-6.296305e-05;-0.17432919;0.16460039;-0.00621305;-0.15781938;0.0;0.0;-1.3334575;0.00057470414;0.00010598531;0.0005517985;52.577957;87.1444;0.011027622;962723.75;976107.44;0.23098579;3.614411e-07;3.810659e-07;4.099083e-07;0.000567355;0.0006549949;1.9898464e-05;1.7478249e-06;3.565367e-06;1.474208e-05;4.182649e-06;2.5884021e-06;1.5096985e-05;1.0;1.0;9223.961;25
848636268;848464647;0.9425511;0.0059816022;0.006686345;0.33394152;-97.02301;100.008224;0.30189174;0.0;0.0;-0.7706523;0.0027910252;0.0009362725;-0.00057053566;0.26458955;0.012612803;-0.07456069;0.26246482;-6.234983e-05;-0.17432751;0.16460149;-0.0062270355;-0.15796787;0.0;0.0;-1.3334575;0.0005737;0.00010629909;0.0005508088;52.73412;87.723946;0.010780279;967997.7;981327.94;0.22871321;3.6065177e-07;3.8065204e-07;4.0906318e-07;0.00056731544;0.0006541006;1.9908613e-05;1.7501787e-06;3.5646647e-06;1.4735145e-05;4.16972e-06;2.5870306e-06;1.5081729e-05;1.0;1.0;9245.807;25
849139966;848968489;0.92965895;0.0017391545;-0.0010359999;0.3684158;-96.85012;100.006645;0.30646762;0.0;0.0;-0.7376303;0.0027996353;0.0009149284;-0.0005278577;0.26473555;0.011932999;-0.07447967;0.2624734;-6.204833e-05;-0.17437492;0.16459729;-0.0062524555;-0.15809222;0.0;0.0;-1.3334575;0.00057299365;0.000106792184;0.00055027835;52.895824;88.28254;0.010736177;973397.1;986678.3;0.22710705;3.599265e-07;3.8032417e-07;4.0835613e-07;0.0005672966;0.0006532218;1.9918736e-05;1.7525839e-06;3.5640378e-06;1.4732256e-05;4.160608e-06;2.5853687e-06;1.5071506e-05;1.0;1.0;9267.938;25
849634881;849463334;0.9210114;-0.004847689;-0.011484443;0.38933614;-96.64308;99.99763;0.34863117;0.0;0.0;-0.68259937;0.002812375;0.00090984895;-0.0005056726;0.26485303;0.011310146;-0.07438895;0.26247424;-6.207802e-05;-0.1744345;0.16459897;-0.0062800203;-0.15819572;0.0;0.0;-1.3334575;0.0005734532;0.0001077549;0.00055105414;53.061512;88.88702;0.010804331;978748.7;991999.06;0.22921872;3.5975137e-07;3.8050084e-07;4.082969e-07;0.00056729617;0.00065247447;1.9931009e-05;1.7551625e-06;3.564071e-06;1.4730815e-05;4.154629e-06;2.5836011e-06;1.50637725e-05;1.0;1.0;9289.661;25
850138874;849967177;0.91647035;-0.006790216;-0.013731751;0.39980918;-96.44221;99.98782;0.35520762;0.0;0.0;-0.6448995;0.0028263088;0.00091311586;-0.00049058587;0.26497912;0.010556419;-0.07426689;0.26247048;-6.226018e-05;-0.1745135;0.16460346;-0.006311594;-0.15830746;0.0;0.0;-1.3334575;0.00057304406;0.000108341635;0.00055083935;53.22569;89.4492;0.010795785;984213.94;997426.75;0.22771622;3.5905626e-07;3.8027486e-07;4.076755e-07;0.00056730286;0.0006516794;1.993984e-05;1.7575047e-06;3.5634519e-06;1.4729029e-05;4.1488324e-06;2.58129e-06;1.5055586e-05;1.0;1.0;9311.768;25
850633906;850462022;0.9128494;-0.00190908;0.0013859825;0.4082896;-96.25473;100.01262;0.36626935;0.0;0.0;-0.593793;0.0028380763;0.0009171249;-0.00047963043;0.265068;0.009904047;-0.07416217;0.2624681;-6.2486004e-05;-0.17459354;0.1646109;-0.0063444055;-0.15841104;0.0;0.0;-1.3334575;0.00057043147;0.00010894616;0.0005496634;53.381435;86.87127;0.010880845;989588.25;911615.2;0.2298369;3.58115e-07;3.797181e-07;4.068277e-07;0.00056731876;0.0006507765;1.9942456e-05;1.7596442e-06;3.5623927e-06;1.4727554e-05;4.143696e-06;2.5787303e-06;1.5046985e-05;1.0;1.0;9333.422;25
851137276;850965864;0.9103552;0.003066528;0.004391569;0.41379297;-96.0881;99.98688;0.37145618;0.0;0.0;-0.55426556;0.0028398111;0.0009149674;-0.0004742274;0.26514423;0.009218851;-0.07404679;0.26246363;-6.26829e-05;-0.17466861;0.16461475;-0.006368723;-0.15849485;0.0;0.0;-1.3334575;0.00057013927;0.00010984724;0.0005502819;53.54871;87.43409;0.010858152;995124.1;916646.56;0.22852089;3.577397e-07;3.797735e-07;4.0678188e-07;0.0005673406;0.0006501148;1.9950552e-05;1.7622184e-06;3.5625171e-06;1.4726922e-05;4.1397348e-06;2.5763513e-06;1.5040626e-05;1.0;1.0;9355.502;25
851632306;851460709;0.9094143;0.07787468;0.035695996;0.40697294;-95.8953;100.01119;0.38855723;0.0;0.0;-0.521405;0.0028650141;0.00092673075;-0.00044905732;0.26520738;0.00841185;-0.07387951;0.26243502;-6.30078e-05;-0.17470278;0.16457815;-0.0064029773;-0.15866117;0.0;0.0;-1.3334575;0.00056860043;0.00011020963;0.00054984295;50.77651;87.92258;0.010868101;909609.3;921593.0;0.2264895;3.568795e-07;3.7943045e-07;4.0600628e-07;0.00056735467;0.0006480761;1.991627e-05;1.757409e-06;3.561746e-06;1.4697481e-05;4.134957e-06;2.572397e-06;1.5020783e-05;1.0;1.0;9377.08;25
852135953;851964598;0.9029068;-0.1267487;-0.044874556;0.4082653;-95.692505;100.0;0.3988061;0.0;0.0;-0.47570267;0.0028488475;0.0009206716;-0.00044788155;0.26523405;0.00784009;-0.07377665;0.2624442;-6.305641e-05;-0.17472632;0.16459619;-0.0064374483;-0.15879169;0.0;0.0;-1.3334575;0.0005705825;0.00011097762;0.00055016065;50.956104;88.61056;0.0110112475;914721.06;926737.0;0.22952887;3.5664658e-07;3.7983887e-07;4.056152e-07;0.0005673853;0.0006476335;1.9925961e-05;1.7598759e-06;3.5611322e-06;1.4692269e-05;4.1305566e-06;2.5700008e-06;1.5007585e-05;1.0;1.0;9399.016;25
852640030;852468394;0.8956393;-0.14489785;-0.05765624;0.41654596;-95.705605;99.98758;0.40022367;0.0;0.0;-0.50408244;0.0027744963;0.00088212633;-0.0004639004;0.26517627;0.007379111;-0.07372227;0.26246348;-6.270345e-05;-0.17463088;0.16463117;-0.006462782;-0.15900478;0.0;0.0;-1.3334575;0.00056834845;0.00011162412;0.0005484116;51.111607;88.98125;0.010974064;919834.75;931811.8;0.22834547;3.557107e-07;3.793247e-07;4.0536506e-07;0.000567413;0.00064720353;1.9929677e-05;1.762562e-06;3.5612507e-06;1.4675828e-05;4.1264643e-06;2.5680263e-06;1.498005e-05;1.0;1.0;9420.905;25
853134840;852963239;0.9094618;0.025692673;0.022426562;0.41438666;-95.5833;99.99819;0.36608124;0.0;0.0;-0.5082164;0.0027404083;0.0008615111;-0.00047206422;0.26513806;0.006874476;-0.073622175;0.2624789;-6.256515e-05;-0.17455412;0.16465393;-0.006501069;-0.15921761;0.0;0.0;-1.3334575;0.0005692816;0.00011206391;0.0005476643;51.282246;89.568794;0.011020465;924901.9;936896.6;0.22652316;3.5509325e-07;3.793648e-07;4.0489692e-07;0.0005674435;0.00064681115;1.993361e-05;1.7649305e-06;3.560556e-06;1.4659462e-05;4.122626e-06;2.5654558e-06;1.4952959e-05;1.0;1.0;9442.425;25
853638704;853467081;0.91364425;0.0059069167;0.023047024;0.40581796;-95.45754;100.03328;0.3704508;0.0;0.0;-0.4987285;0.0027421324;0.0008649347;-0.00046325417;0.26512778;0.006214692;-0.07346088;0.26246965;-6.2818806e-05;-0.17463382;0.16465192;-0.006528289;-0.15931527;0.0;0.0;-1.3334575;0.0005681738;0.00011254627;0.0005471792;51.450214;90.06865;0.010959492;930073.8;942073.44;0.22551663;3.5427018e-07;3.7907049e-07;4.0428154e-07;0.0005674763;0.00064643583;1.9937708e-05;1.7672642e-06;3.5599462e-06;1.4656354e-05;4.1181966e-06;2.5628676e-06;1.4944059e-05;1.0;1.0;9464.302;25
854133466;853961926;0.90978646;-0.02315414;0.0852049;0.40557697;-95.332695;99.97971;0.36763743;0.0;0.0;-0.47924316;0.0027442165;0.0008717926;-0.00045998165;0.26509953;0.0056242254;-0.073307805;0.26245445;-6.3079926e-05;-0.17470531;0.16465591;-0.006544498;-0.15940428;0.0;0.0;-1.3334575;0.00056740915;0.000113417256;0.00054771465;51.62322;90.59127;0.010997488;935187.1;947206.7;0.22807387;3.5389706e-07;3.7913418e-07;4.0420926e-07;0.00056750816;0.0006461295;1.9944398e-05;1.7697836e-06;3.5599908e-06;1.4653903e-05;4.114089e-06;2.5608176e-06;1.49371e-05;1.0;1.0;9485.762;25
854637325;854465768;0.9146312;-0.004430052;-0.01709047;0.40390372;-95.19284;99.995705;0.36632156;0.0;0.0;-0.4556598;0.0027513911;0.0008759989;-0.00045244987;0.26504365;0.0049853916;-0.0731305;0.26243463;-6.331506e-05;-0.17477429;0.16467002;-0.0065583526;-0.15951566;0.0;0.0;-1.3334575;0.00056793436;0.00011391533;0.0005480143;51.80294;91.19919;0.0109739145;940426.94;952487.06;0.22709048;3.534089e-07;3.7930934e-07;4.037767e-07;0.0005675394;0.00064581935;1.9948377e-05;1.7720911e-06;3.5593823e-06;1.4645737e-05;4.109003e-06;2.5586169e-06;1.4924607e-05;1.0;1.0;9507.578;25
855141230;854969611;0.91870034;-0.0075286343;-0.02414101;0.394145;-95.04285;100.028854;0.3938657;0.0;0.0;-0.44982144;0.0027477322;0.0008786381;-0.00044024075;0.26496258;0.004382661;-0.07295755;0.26242432;-6.351467e-05;-0.17485614;0.164669;-0.006583106;-0.15961649;0.0;0.0;-1.3334575;0.0005672593;0.00011434618;0.00054756756;51.97504;91.692894;0.010945234;945682.5;957768.3;0.22608018;3.526969e-07;3.7913082e-07;4.0317332e-07;0.0005675677;0.0006455453;1.9951407e-05;1.7744887e-06;3.5587698e-06;1.4643731e-05;4.104118e-06;2.5564996e-06;1.49171e-05;1.0;1.0;9529.317;25
855636131;855464456;0.91420686;-0.002905116;-0.019352531;0.40477514;-94.84482;100.01095;0.39659658;0.0;0.0;-0.4256943;0.0027493876;0.00088815496;-0.0004207618;0.26488322;0.003842011;-0.07278898;0.26241684;-6.368518e-05;-0.17492929;0.16466294;-0.006612322;-0.15971798;0.0;0.0;-1.3334575;0.00056989363;0.00011497165;0.00054828334;52.164627;92.40373;0.011068279;950900.2;963075.9;0.22867684;3.5263807e-07;3.79694e-07;4.02837e-07;0.0005675951;0.0006453389;1.9958361e-05;1.7769207e-06;3.5580842e-06;1.4641894e-05;4.0994996e-06;2.554466e-06;1.4909612e-05;1.0;1.0;9550.71;25
856139895;855968345;0.8901807;0.0031568778;0.013097342;0.45540857;-94.68176;99.99532;0.42327252;0.0;0.0;-0.41487715;0.0027463231;0.0009014337;-0.00040870404;0.26476774;0.0033200537;-0.07261069;0.26239744;-6.393885e-05;-0.17500727;0.16465186;-0.006634803;-0.1598177;0.0;0.0;-1.3334575;0.00056802446;0.00011566356;0.0005483707;52.33596;92.81743;0.011084104;956206.44;968406.4;0.22768702;3.5203894e-07;3.7951335e-07;4.0270712e-07;0.0005676183;0.0006451428;1.9960808e-05;1.7794235e-06;3.558209e-06;1.4638863e-05;4.096376e-06;2.5518868e-06;1.4902183e-05;1.0;1.0;9572.405;25
856634589;856463190;0.86848676;0.001401181;0.016093481;0.4954493;-94.58724;100.03963;0.40082997;0.0;0.0;-0.41596648;0.0027285162;0.00091658253;-0.00041469882;0.2646451;0.002850177;-0.07243683;0.26240122;-6.424448e-05;-0.1751015;0.16464365;-0.006677627;-0.15990846;0.0;0.0;-1.3334575;0.00056922535;0.00011602439;0.0005484701;52.51247;93.42909;0.01104684;961464.9;973740.3;0.22606635;3.5157117e-07;3.7976622e-07;4.022735e-07;0.0005676385;0.0006449877;1.9963009e-05;1.7814683e-06;3.5575256e-06;1.463838e-05;4.094963e-06;2.5472439e-06;1.4895854e-05;1.0;1.0;9593.739;25
857138674;856966985;0.87091076;0.002554222;0.018426737;0.49108914;-94.45875;100.00529;0.39139727;0.0;0.0;-0.3910744;0.0027164724;0.0009351556;-0.00042594058;0.26451743;0.002467791;-0.072284296;0.26240385;-6.461794e-05;-0.17520314;0.16463779;-0.00672032;-0.15999684;0.0;0.0;-1.3334575;0.00056730915;0.00011643923;0.00054760237;52.685936;93.85271;0.011153613;966819.1;979144.25;0.22931498;3.5071835e-07;3.7936374e-07;4.0160495e-07;0.000567657;0.00064487004;1.9966827e-05;1.7834831e-06;3.5569167e-06;1.4638362e-05;4.0935247e-06;2.5420968e-06;1.489067e-05;1.0;1.0;9615.364;25
857633429;857461830;0.8660803;-0.07652481;-0.05266639;0.49119776;-94.52347;99.99045;0.341417;0.0;0.0;-0.40805307;0.0026556489;0.0009191519;-0.0004436971;0.2643266;0.0023182896;-0.072192125;0.2624285;-6.462907e-05;-0.17515464;0.16462888;-0.0067694373;-0.16019525;0.0;0.0;-1.3334575;0.00056830514;0.000117034586;0.00054762786;52.86147;94.43213;0.011017961;972130.2;984536.7;0.22778638;3.5040847e-07;3.7975877e-07;4.0168985e-07;0.00056767167;0.0006447769;1.9968216e-05;1.7858589e-06;3.556966e-06;1.4632297e-05;4.092253e-06;2.5383927e-06;1.4874367e-05;1.0;1.0;9636.605;25
858137280;857965672;0.8516856;-0.11086646;-0.08922055;0.50436085;-94.56011;100.01481;0.33594993;0.0;0.0;-0.44681275;0.00257683;0.00089524564;-0.00046475927;0.26408726;0.0023022867;-0.07214895;0.2624594;-6.4629596e-05;-0.17507695;0.16461599;-0.0068290443;-0.16045837;0.0;0.0;-1.3334575;0.0005641022;0.00011707442;0.0005448061;53.017757;94.62725;0.01103572;977523.0;989937.1;0.22680257;3.489377e-07;3.7870174e-07;4.0081372e-07;0.0005676823;0.0006446824;1.9965864e-05;1.787959e-06;3.5563667e-06;1.4622837e-05;4.0902896e-06;2.5338516e-06;1.4853089e-05;1.0;1.0;9658.256;25
858641140;858469515;0.8388665;-0.12853473;-0.094377555;0.5204564;-94.55052;100.00521;0.3485412;0.0;0.0;-0.47147587;0.0024940015;0.0008687314;-0.00048952963;0.26385742;0.002371277;-0.07215115;0.26250207;-6.456154e-05;-0.17493409;0.16459243;-0.00689777;-0.16077334;0.0;0.0;-1.3334575;0.0005614453;0.00011728391;0.00054228026;53.183918;94.90974;0.011246867;982956.06;995413.9;0.23005094;3.4782565e-07;3.779838e-07;4.0011545e-07;0.0005676944;0.0006445991;1.9966712e-05;1.7900901e-06;3.5557648e-06;1.4608346e-05;4.088365e-06;2.5288666e-06;1.4824162e-05;1.0;1.0;9679.907;25
859135876;858964360;0.81621677;-0.21564789;-0.116621576;0.5231499;-94.84978;100.003746;0.27329898;0.0;0.0;-0.54833215;0.0023677712;0.0008074041;-0.0005070297;0.26354432;0.0026075868;-0.07220895;0.2625408;-6.403478e-05;-0.17449082;0.16451406;-0.006997081;-0.16133094;0.0;0.0;-1.3334575;0.00055924844;0.0001175451;0.0005393036;53.342476;92.04059;0.011088865;988331.3;909855.7;0.22845125;3.470235e-07;3.7771053e-07;4.000452e-07;0.00056769856;0.00064422115;1.9957217e-05;1.7923542e-06;3.5554167e-06;1.4554464e-05;4.085697e-06;2.5238019e-06;1.4746194e-05;1.0;1.0;9701.262;25
859639614;859468202;0.80494446;-0.22005354;-0.11864233;0.5381123;-95.14116;100.0;0.23235163;0.0;0.0;-0.6347973;0.002217814;0.0007321039;-0.0005176459;0.2632015;0.002951816;-0.07234297;0.2625868;-6.321757e-05;-0.17385821;0.1643942;-0.0071363226;-0.16206427;0.0;0.0;-1.3334575;0.0005585944;0.00011750943;0.0005356911;53.51004;92.439476;0.011165141;993843.7;914958.7;0.22741726;3.4608567e-07;3.7741628e-07;3.9967355e-07;0.00056770106;0.00064408523;1.9953302e-05;1.7945681e-06;3.5548221e-06;1.4468612e-05;4.0821174e-06;2.5173392e-06;1.4629032e-05;1.0;1.0;9722.992;25
860134596;859963047;0.8013864;-0.22251804;-0.11495751;0.54318535;-95.43706;99.956566;0.21205363;0.0;0.0;-0.70277333;0.0020750698;0.0006609124;-0.00053336174;0.26288822;0.0032859144;-0.07251357;0.2626363;-6.233607e-05;-0.17324218;0.16426812;-0.0072736256;-0.16277225;0.0;0.0;-1.3334575;0.00055441156;0.00011742332;0.00053083926;53.66621;92.60387;0.011336665;999256.25;919930.06;0.22994451;3.4470548e-07;3.7627416e-07;3.989738e-07;0.0005677011;0.0006438838;1.9949592e-05;1.7966378e-06;3.5541425e-06;1.4386031e-05;4.0780305e-06;2.51051e-06;1.4516157e-05;1.0;1.0;9744.33;25
860638758;860466936;0.79589957;-0.22123227;-0.11414541;0.5518797;-95.73253;99.969505;0.17760225;0.0;0.0;-0.7823475;0.001934989;0.00059474044;-0.0005487142;0.26258576;0.0035008057;-0.072671436;0.26268545;-6.1390754e-05;-0.17265962;0.16414164;-0.0074061644;-0.16343938;0.0;0.0;-1.3334575;0.00055072637;0.00011720933;0.0005262947;50.927986;92.79653;0.011446749;913484.5;925026.5;0.22903837;3.4343444e-07;3.753436e-07;3.9849508e-07;0.0005676774;0.00064220396;1.9897481e-05;1.7918786e-06;3.5534902e-06;1.4292574e-05;4.073973e-06;2.503166e-06;1.4408393e-05;1.0;1.0;9766.316;25
861133171;860961781;0.8371667;0.06866995;0.0153336665;0.5424031;-95.770256;99.97843;0.19220158;0.0;0.0;-0.8478793;0.0018880985;0.00057542295;-0.0005658175;0.26236895;0.0031280275;-0.07264029;0.26271802;-6.133666e-05;-0.17245793;0.16408925;-0.007477594;-0.16375796;0.0;0.0;-1.3334575;0.00054980343;0.000117653006;0.0005249409;51.10131;93.166824;0.011419566;918506.9;930108.9;0.22743334;3.4297184e-07;3.7537228e-07;3.987915e-07;0.0005676706;0.0006416287;1.9895853e-05;1.7941078e-06;3.5535575e-06;1.4261055e-05;4.0713835e-06;2.4973344e-06;1.4362009e-05;1.0;1.0;9787.865;25
861637171;861465577;0.8603607;-0.12496745;-0.07149655;0.48892835;-95.429955;99.986885;0.2301768;0.0;0.0;-0.8606696;0.0018975928;0.0006078468;-0.0005772433;0.2622112;0.0024737043;-0.07252951;0.26272914;-6.2152176e-05;-0.17250435;0.1640752;-0.007538155;-0.16388468;0.0;0.0;-1.3334575;0.0005504618;0.00011820256;0.0005250918;51.30009;93.68305;0.011527179;923657.25;935364.25;0.23101729;3.4268953e-07;3.756835e-07;3.9881851e-07;0.00056766375;0.00064087816;1.9900444e-05;1.796174e-06;3.5529777e-06;1.4251126e-05;4.0703217e-06;2.4920087e-06;1.4344622e-05;1.0;1.0;9809.758;25
862142482;861969419;0.8722678;-0.0023004771;0.01762003;0.48870558;-95.69018;100.00077;0.13674155;0.0;0.0;-0.92703944;0.0018357445;0.00057615427;-0.0005908755;0.26200423;0.0021047345;-0.0725416;0.26276016;-6.1691266e-05;-0.17227456;0.16407305;-0.0076006684;-0.164205;0.0;0.0;-1.3334575;0.0005515111;0.000118637516;0.000523626;51.49811;94.22671;0.011252608;928840.2;940622.0;0.22997816;3.422379e-07;3.7583376e-07;3.9885316e-07;0.000567645;0.00063976075;1.990027e-05;1.7986393e-06;3.5523963e-06;1.422167e-05;4.0691857e-06;2.4888923e-06;1.4298515e-05;1.0;1.0;9831.632;25
862635859;862464264;0.8725792;0.101219445;0.08833294;0.4696354;-95.4123;99.989105;0.1515632;0.0;0.0;-0.93262196;0.001903576;0.0006206683;-0.00056163204;0.26176175;0.0011100303;-0.072361715;0.26271135;-6.282819e-05;-0.17220776;0.16402066;-0.0076571754;-0.1644671;0.0;0.0;-1.3334575;0.0005454163;0.00011909496;0.0005227932;51.68173;94.33367;0.010974537;933907.7;945684.25;0.2281598;3.4130176e-07;3.7491827e-07;3.9864543e-07;0.00056761724;0.0006383363;1.989821e-05;1.8007519e-06;3.552463e-06;1.4189748e-05;4.0673804e-06;2.4838164e-06;1.4261838e-05;1.0;1.0;9853.069;25
863139525;862968106;0.8781601;-0.038023707;-0.051006984;0.47411755;-95.166176;99.99102;0.14888883;0.0;0.0;-0.9175061;0.0019505323;0.00065092504;-0.0005487471;0.261544;0.00024717962;-0.07222607;0.26268664;-6.3598476e-05;-0.17212334;0.16399299;-0.0077122026;-0.16472502;0.0;0.0;-1.3334575;0.0005414732;0.00011952003;0.0005215366;51.88075;94.58906;0.010825291;939106.3;950922.6;0.23108919;3.4048585e-07;3.7423686e-07;3.981494e-07;0.00056759524;0.00063688896;1.9899648e-05;1.8028917e-06;3.5518806e-06;1.4163671e-05;4.065552e-06;2.479384e-06;1.4228858e-05;1.0;1.0;9874.848;25
863634610;863462951;0.86989;0.0034322466;0.0027362064;0.49322626;-94.976395;100.0016;0.15607996;0.0;0.0;-0.93727195;0.0019576685;0.00065701635;-0.0005594826;0.26137596;-0.0005462571;-0.07213496;0.26271164;-6.397268e-05;-0.17215991;0.16400445;-0.007758167;-0.16483146;0.0;0.0;-1.3334575;0.0005411491;0.00011993703;0.00052077655;52.082973;94.98298;0.010693963;944266.25;956146.06;0.2288377;3.3997748e-07;3.741981e-07;3.9792326e-07;0.0005675687;0.00063516974;1.9898662e-05;1.8052235e-06;3.5512267e-06;1.4162853e-05;4.0643677e-06;2.476052e-06;1.42205545e-05;1.0;1.0;9896.286;25
864138340;863966793;0.8641141;0.00020624875;0.0070104985;0.50324714;-94.736275;100.00359;0.16719446;0.0;0.0;-0.9531347;0.0019743703;0.00067735533;-0.0005627893;0.2612091;-0.0014943662;-0.07200337;0.2627225;-6.4484404e-05;-0.17222339;0.16399994;-0.007801124;-0.16489486;0.0;0.0;-1.3334575;0.0005454237;0.000121044184;0.0005230611;52.310783;95.72484;0.010523454;949580.8;961615.25;0.2272557;3.406223e-07;3.7562805e-07;3.987408e-07;0.000567545;0.0006334008;1.9901958e-05;1.8078459e-06;3.5513788e-06;1.4161355e-05;4.063739e-06;2.4724309e-06;1.4213465e-05;1.0;1.0;9917.991;25
864642115;864470683;0.8629781;-0.011014238;0.045028787;0.50311023;-94.49928;100.00261;0.1781684;0.0;0.0;-0.95137006;0.0020009484;0.0007092161;-0.0005713931;0.26104286;-0.002408988;-0.071876094;0.26272967;-6.5129396e-05;-0.17229347;0.16400197;-0.0078467205;-0.1649736;0.0;0.0;-1.3334575;0.0005448094;0.00012155664;0.00052293396;52.524;96.160324;0.010359719;954888.4;967015.5;0.22555475;3.402087e-07;3.7563328e-07;3.9855365e-07;0.0005675214;0.0006315904;1.9900748e-05;1.8100712e-06;3.550806e-06;1.4158464e-05;4.062858e-06;2.4680103e-06;1.4205967e-05;1.0;1.0;9939.684;25
865136883;864965528;0.8552773;-0.048715185;0.09827173;0.50642884;-94.12046;100.0;0.2038976;0.0;0.0;-0.9377488;0.0020500433;0.0007621987;-0.0005993217;0.26083553;-0.00351952;-0.071688764;0.26271173;-6.589108e-05;-0.17231578;0.16405521;-0.007858445;-0.16510206;0.0;0.0;-1.3334575;0.0005469938;0.00012223517;0.0005242338;52.74788;96.8043;0.010348443;960153.5;972443.9;0.22735104;3.4027963e-07;3.7638384e-07;3.9862218e-07;0.00056750566;0.0006300165;1.9903384e-05;1.8121966e-06;3.5501512e-06;1.4148087e-05;4.0613404e-06;2.4639119e-06;1.4194216e-05;1.0;1.0;9960.898;25
865640976;865469323;0.8537622;-0.057191275;0.10190035;0.5073812;-93.7296;99.97483;0.266391;0.0;0.0;-0.9011932;0.002093079;0.0008114772;-0.00063665543;0.26059246;-0.004553799;-0.07152109;0.26267627;-6.6605375e-05;-0.1723018;0.16413131;-0.0078422995;-0.16525991;0.0;0.0;-1.3334575;0.0005444153;0.00012300287;0.00052489474;52.957497;97.12967;0.010267824;965509.7;977901.94;0.22558275;3.4003273e-07;3.7630085e-07;3.987989e-07;0.0005674784;0.0006283273;1.9900242e-05;1.8145053e-06;3.5503044e-06;1.4130396e-05;4.05878e-06;2.46025e-06;1.4176473e-05;1.0;1.0;9982.396;25
866135629;865964168;0.8552824;-0.02504417;-0.01335689;0.5173843;-93.43715;100.0;0.27392074;0.0;0.0;-0.84567994;0.0021162317;0.0008281419;-0.0006510866;0.26038936;-0.0053595044;-0.071415804;0.2626813;-6.714111e-05;-0.17235298;0.16414738;-0.007876794;-0.16535215;0.0;0.0;-1.3334575;0.0005448029;0.00012357328;0.0005248546;53.178722;97.63721;0.010301996;970817.25;983369.2;0.22736587;3.3985782e-07;3.7648724e-07;3.9853606e-07;0.0005674467;0.00062690675;1.9900732e-05;1.8166726e-06;3.5496544e-06;1.412489e-05;4.057598e-06;2.4558638e-06;1.4166286e-05;1.0;1.0;9094.397;25
866639644;866468010;0.8522336;-0.05373954;-0.032172263;0.5193986;-93.29348;99.99557;0.26947162;0.0;0.0;-0.82691723;0.002092857;0.00082659704;-0.000664569;0.26019868;-0.006006102;-0.07135599;0.26271865;-6.729194e-05;-0.17237638;0.16414142;-0.007932643;-0.16544941;0.0;0.0;-1.3334575;0.00054674654;0.00012415985;0.000524788;53.4075;98.22963;0.010247972;976257.3;988992.44;0.2256453;3.397908e-07;3.7692166e-07;3.984286e-07;0.00056739454;0.0006254473;1.9898522e-05;1.8190527e-06;3.5490802e-06;1.4126344e-05;4.0569794e-06;2.4518563e-06;1.4158934e-05;1.0;1.0;9115.767;25
867134356;866962855;0.8427186;-0.123898454;-0.07511528;0.5184905;-93.26682;100.0;0.24201666;0.0;0.0;-0.8251936;0.0020422004;0.00080737483;-0.0006815495;0.25999033;-0.006436624;-0.07134263;0.26275834;-6.713193e-05;-0.17229854;0.16413476;-0.007984246;-0.16563289;0.0;0.0;-1.3334575;0.00054686493;0.00012493167;0.0005242009;53.628555;98.68402;0.010190739;981620.4;994524.75;0.22346847;3.3971577e-07;3.7702208e-07;3.9861982e-07;0.0005673311;0.0006241048;1.9894083e-05;1.821666e-06;3.549164e-06;1.41209075e-05;4.0562045e-06;2.4487306e-06;1.4142239e-05;1.0;1.0;9136.81;25
867638242;867466698;0.8305261;-0.18549006;-0.10386248;0.514813;-93.29513;99.972885;0.23098795;0.0;0.0;-0.8321702;0.0019611055;0.0007724476;-0.0006987703;0.259796;-0.0065668533;-0.071392715;0.2628102;-6.660055e-05;-0.1720631;0.16411637;-0.008057445;-0.16596802;0.0;0.0;-1.3334575;0.0005488612;0.00012556973;0.00052296725;53.85675;95.90902;0.010320533;987126.2;909337.4;0.22611615;3.397049e-07;3.7744803e-07;3.9861052e-07;0.0005672694;0.00062269357;1.988792e-05;1.824136e-06;3.5481357e-06;1.4099604e-05;4.055255e-06;2.4454173e-06;1.4102354e-05;1.0;1.0;9158.171;25
868141951;867970539;0.82988864;-0.18829514;-0.101841725;0.5152262;-93.570816;99.95315;0.15696394;0.0;0.0;-0.8744948;0.0018504694;0.0007142672;-0.00071238383;0.2595831;-0.006482184;-0.071489014;0.26285222;-6.563131e-05;-0.17166033;0.16407637;-0.008143744;-0.16644505;0.0;0.0;-1.3334575;0.00054723985;0.00012584239;0.0005197335;54.074173;96.275314;0.010303952;992628.6;914540.25;0.22477111;3.3900045e-07;3.767459e-07;3.9825107e-07;0.00056719367;0.00062139274;1.98796e-05;1.8266591e-06;3.547576e-06;1.4050647e-05;4.05371e-06;2.4419571e-06;1.4029405e-05;1.0;1.0;9179.588;25
868637205;868465384;0.8379081;-0.14338961;-0.0885723;0.51913816;-93.57153;99.97025;0.17773023;0.0;0.0;-0.91767734;0.0017724361;0.0006806328;-0.0007291936;0.2593895;-0.006644176;-0.071528;0.2628991;-6.506095e-05;-0.17144968;0.16406061;-0.008206933;-0.16674773;0.0;0.0;-1.3334575;0.0005503091;0.00012633944;0.00051890616;54.304935;96.90866;0.010387896;998097.5;919780.06;0.22296;3.3894344e-07;3.7716327e-07;3.9835706e-07;0.00056711456;0.00062005734;1.9874731e-05;1.8291792e-06;3.5469347e-06;1.4029857e-05;4.0528557e-06;2.4388457e-06;1.3990902e-05;1.0;1.0;9200.639;25
869140672;868969274;0.8238492;-0.20533869;-0.12322731;0.51373494;-93.757996;99.93096;0.13690768;0.0;0.0;-0.9639145;0.0016671722;0.0006287618;-0.00073626253;0.25922298;-0.006523284;-0.071626335;0.26292574;-6.408533e-05;-0.17111775;0.16402133;-0.008278678;-0.1671337;0.0;0.0;-1.3334575;0.0005538224;0.00012713522;0.00051831827;51.647686;97.60993;0.010470492;912464.1;925181.25;0.22201794;3.3936718e-07;3.7790696e-07;3.991148e-07;0.00056700286;0.000617469;1.9819832e-05;1.8250927e-06;3.5470366e-06;1.3973339e-05;4.0518075e-06;2.4356596e-06;1.3927358e-05;1.0;1.0;9222.197;25
869635469;869464119;0.8520221;0.018701898;0.011365062;0.5230484;-93.87729;99.956154;0.14086513;0.0;0.0;-1.0049583;0.0016047114;0.00059471367;-0.00074270956;0.25908694;-0.006576126;-0.07167451;0.26295707;-6.346386e-05;-0.17086014;0.16399126;-0.008350613;-0.167456;0.0;0.0;-1.3334575;0.0005580072;0.00012778603;0.00051780156;51.88318;98.379166;0.0105725555;917498.9;930536.0;0.2244369;3.3952838e-07;3.785497e-07;3.9945928e-07;0.0005669343;0.00061599887;1.9819123e-05;1.8276398e-06;3.5463918e-06;1.3937459e-05;4.0507243e-06;2.4323256e-06;1.3871487e-05;1.0;1.0;9243.22;25
870139362;869967914;0.8593466;0.012330613;-0.002597158;0.51123834;-93.47784;100.0;0.11219546;0.0;0.0;-1.0126983;0.0016507575;0.00061986357;-0.0007431349;0.258848;-0.007578645;-0.0715268;0.26297146;-6.429691e-05;-0.17089686;0.16397658;-0.008408408;-0.16754077;0.0;0.0;-1.3334575;0.00056490634;0.00012860604;0.0005203884;52.15002;99.42042;0.01044114;922681.25;936099.44;0.22355157;3.4015392e-07;3.8008505e-07;4.0016656e-07;0.0005668507;0.00061417464;1.9820012e-05;1.8300686e-06;3.5458502e-06;1.3930344e-05;4.0502614e-06;2.4278415e-06;1.3857503e-05;1.0;1.0;9264.781;25
870634247;870462759;0.86944944;-0.01837742;-0.0057395645;0.49364668;-93.174835;100.0;0.117542684;0.0;0.0;-1.0314174;0.0016830119;0.00063989096;-0.0007395817;0.25861278;-0.008542446;-0.07139799;0.26298046;-6.495287e-05;-0.1709351;0.16396801;-0.008451926;-0.16761267;0.0;0.0;-1.3334575;0.0005682479;0.00012967698;0.0005224082;52.403637;100.22142;0.010377276;927768.5;941544.75;0.22590403;3.4064598e-07;3.8096852e-07;4.0088398e-07;0.0005667827;0.0006124058;1.9821995e-05;1.8327202e-06;3.5459398e-06;1.3926202e-05;4.049634e-06;2.4244714e-06;1.3847892e-05;1.0;1.0;9285.751;25
871138180;870966601;0.865782;-0.05870471;-0.039350163;0.49540573;-92.95715;99.99615;0.12698804;0.0;0.0;-1.0469788;0.0016937411;0.00064622797;-0.00074613496;0.25842822;-0.009313607;-0.071311004;0.26300937;-6.530054e-05;-0.17097472;0.16397433;-0.008498448;-0.16768144;0.0;0.0;-1.3334575;0.0005682115;0.00013013612;0.0005221827;52.64658;100.780426;0.010253506;932947.06;947039.8;0.22460735;3.4021667e-07;3.8071093e-07;4.0078285e-07;0.0005667089;0.00061031076;1.9817464e-05;1.8352489e-06;3.5453877e-06;1.39265585e-05;4.0487994e-06;2.4213361e-06;1.3841345e-05;1.0;1.0;9307.061;25
871641995;871470443;0.8643773;-0.083264366;-0.052696224;0.4930943;-92.87333;99.9963;0.0980288;0.0;0.0;-1.090024;0.0016711111;0.00063964573;-0.00075667346;0.25826737;-0.009944082;-0.07126085;0.263053;-6.526509e-05;-0.17094554;0.16398938;-0.008543253;-0.16781354;0.0;0.0;-1.3334575;0.0005731657;0.00013084973;0.00052305066;52.908203;101.66853;0.010180282;938190.1;952686.7;0.22329356;3.4042029e-07;3.815468e-07;4.011712e-07;0.0005666463;0.0006082033;1.9815257e-05;1.8380038e-06;3.544843e-06;1.3926716e-05;4.0482537e-06;2.4190874e-06;1.383045e-05;1.0;1.0;9328.381;25
872136868;871965288;0.8628713;-0.0857474;-0.04766829;0.49581087;-92.75929;100.00128;0.08125907;0.0;0.0;-1.1255295;0.0016514002;0.00063321384;-0.00076399633;0.25813878;-0.010441484;-0.071228206;0.26308846;-6.52392e-05;-0.17092364;0.16400132;-0.008579586;-0.16792752;0.0;0.0;-1.3334575;0.0005740001;0.00013169697;0.00052314583;53.15732;102.266106;0.010124551;943336.2;958194.1;0.22138119;3.403921e-07;3.8158316e-07;4.0156985e-07;0.00056659314;0.000606059;1.9810148e-05;1.8408276e-06;3.5449434e-06;1.392679e-05;4.0475943e-06;2.4170565e-06;1.3820943e-05;1.0;1.0;9349.275;25
872640537;872469130;0.86506397;-0.061137248;-0.037002385;0.49654564;-92.677925;99.9983;0.07087451;0.0;0.0;-1.1546472;0.0016372878;0.00062644604;-0.00077296875;0.25802302;-0.010894512;-0.071203545;0.26313037;-6.524155e-05;-0.17090118;0.16401637;-0.008622888;-0.16805674;0.0;0.0;-1.3334575;0.0005733346;0.00013219829;0.00052212476;53.40355;102.79068;0.01015908;948597.5;963823.56;0.22415726;3.3989002e-07;3.8106478e-07;4.0140603e-07;0.0005665571;0.00060406834;1.9807247e-05;1.8434785e-06;3.5444036e-06;1.3926961e-05;4.0468403e-06;2.4147012e-06;1.3810791e-05;1.0;1.0;9370.564;25
873135532;872963975;0.8665213;0.013846174;0.005015326;0.49892285;-92.41357;100.000404;0.06792093;0.0;0.0;-1.1812043;0.0016577104;0.0006403599;-0.00077430526;0.25786334;-0.011672432;-0.071115635;0.2631569;-6.5661436e-05;-0.17093408;0.16401792;-0.008671182;-0.16813302;0.0;0.0;-1.3334575;0.00057553314;0.00013268486;0.00052265637;53.660183;103.52147;0.010057337;953809.1;969451.3;0.2221914;3.3972483e-07;3.8129104e-07;4.014907e-07;0.0005665192;0.00060184434;1.9802099e-05;1.846e-06;3.5437827e-06;1.3926685e-05;4.0461714e-06;2.4115989e-06;1.3803715e-05;1.0;1.0;9391.414;25
873639644;873467864;0.8738249;-0.001814534;-0.010499623;0.4861241;-92.12098;100.005775;0.08076518;0.0;0.0;-1.1907905;0.0016912027;0.0006541185;-0.00077690906;0.25769413;-0.0124440985;-0.071026675;0.2631699;-6.6159955e-05;-0.17097503;0.16401654;-0.008713494;-0.16819964;0.0;0.0;-1.3334575;0.00057371455;0.00013303335;0.00052218715;53.909195;104.011;0.009933554;959119.56;975151.0;0.22083342;3.391099e-07;3.806808e-07;4.0122467e-07;0.0005664895;0.00059960305;1.9794797e-05;1.8484952e-06;3.5432565e-06;1.3922879e-05;4.045201e-06;2.4081594e-06;1.3794866e-05;1.0;1.0;9412.683;25
874134207;873962710;0.8749417;-0.016539633;-0.023147704;0.48339188;-91.791435;99.996185;0.09409708;0.0;0.0;-1.1916089;0.0017233753;0.00066771335;-0.00077481195;0.25754812;-0.013148932;-0.07094159;0.263182;-6.659543e-05;-0.17100516;0.16401269;-0.008752578;-0.16826287;0.0;0.0;-1.3334575;0.0005753769;0.00013399198;0.00052352715;54.172905;104.732574;0.009927235;964387.0;980878.2;0.22276653;3.393605e-07;3.8113524e-07;4.0169894e-07;0.0005664753;0.000597692;1.979313e-05;1.8512678e-06;3.543355e-06;1.3920002e-05;4.04426e-06;2.405461e-06;1.3786928e-05;1.0;1.0;9433.321;25
874638107;874466505;0.86274254;0.004408629;0.0025806848;0.5056178;-91.48233;99.9976;0.10277991;0.0;0.0;-1.193728;0.0017532499;0.00068154105;-0.0007720084;0.25741264;-0.013849585;-0.07085682;0.2632006;-6.6988316e-05;-0.17103808;0.1640115;-0.008795988;-0.16832809;0.0;0.0;-1.3334575;0.0005772512;0.00013451347;0.0005241918;54.43931;105.48146;0.009849029;969788.75;986760.0;0.22125387;3.3922925e-07;3.814036e-07;4.0175584e-07;0.00056646374;0.000595643;1.9786981e-05;1.8538734e-06;3.5428293e-06;1.3918554e-05;4.0435157e-06;2.402293e-06;1.37799325e-05;1.0;1.0;9454.461;25
875141970;874970347;0.8615323;0.0022220796;0.004147115;0.5076811;-91.11533;100.00693;0.09928245;0.0;0.0;-1.2045633;0.0017929695;0.00070189696;-0.0007717918;0.25724706;-0.014759804;-0.07073583;0.26321802;-6.748089e-05;-0.17107712;0.16400394;-0.008846597;-0.16839439;0.0;0.0;-1.3334575;0.0005802624;0.0001350736;0.00052536995;54.712215;106.33154;0.009777412;975229.25;992719.2;0.21970928;3.3925173e-07;3.8198937e-07;4.0190858e-07;0.00056645967;0.000593745;1.9780835e-05;1.8564051e-06;3.542298e-06;1.3915028e-05;4.042967e-06;2.398571e-06;1.3771464e-05;1.0;1.0;9475.447;25
875636587;875465193;0.86506695;-0.0037349432;-0.012146803;0.5014956;-90.810555;99.99613;0.11814454;0.0;0.0;-1.2018954;0.0018243418;0.0007163874;-0.0007744138;0.25710943;-0.015452571;-0.070649356;0.2632291;-6.788775e-05;-0.17111886;0.16400059;-0.00888554;-0.16844994;0.0;0.0;-1.3334575;0.00057843607;0.00013581327;0.0005255456;54.966187;106.83487;0.009792431;980569.2;998522.3;0.22153525;3.390191e-07;3.8167607e-07;4.020046e-07;0.000566465;0.00059216964;1.9775096e-05;1.8590315e-06;3.5424093e-06;1.3912567e-05;4.042273e-06;2.3954256e-06;1.3765071e-05;1.0;1.0;9495.969;25
876140552;875969034;0.863702;-0.00440885;0.0026528116;0.5039767;-90.46864;99.99654;0.106231295;0.0;0.0;-1.2151756;0.0018587082;0.0007327221;-0.0007737491;0.25696155;-0.016293377;-0.07053264;0.263245;-6.83496e-05;-0.17116083;0.1639966;-0.008930775;-0.16851215;0.0;0.0;-1.3334575;0.00057907903;0.00013623784;0.0005258575;55.23202;103.918495;0.009747306;986064.25;913250.25;0.21996938;3.3879297e-07;3.819009e-07;4.0194496e-07;0.000566466;0.0005903768;1.9762136e-05;1.8614695e-06;3.5413802e-06;1.390994e-05;4.041566e-06;2.3919868e-06;1.3757336e-05;1.0;1.0;9516.817;25
876635425;876463879;0.8631348;0.0031720586;0.008333827;0.5048949;-90.119354;100.00399;0.11497726;0.0;0.0;-1.2232144;0.0018946812;0.00075044954;-0.00077336724;0.2568232;-0.017083377;-0.07041779;0.26325953;-6.881163e-05;-0.17120145;0.16399269;-0.008974412;-0.1685723;0.0;0.0;-1.3334575;0.000581528;0.00013661994;0.0005267129;55.500763;104.731705;0.009697774;991504.4;918731.4;0.21784978;3.386477e-07;3.823618e-07;4.019088e-07;0.0005664786;0.00058900425;1.9752786e-05;1.8639471e-06;3.54077e-06;1.3907548e-05;4.041032e-06;2.3885236e-06;1.3750889e-05;1.0;1.0;9537.204;25
877139269;876967721;0.857278;-0.0030422667;-0.00020592255;0.5148449;-89.81073;99.98934;0.1227795;0.0;0.0;-1.2281984;0.0019222115;0.00076085737;-0.00077503466;0.2567069;-0.01775185;-0.0703157;0.2632714;-6.917154e-05;-0.17124158;0.16398971;-0.009009737;-0.16862178;0.0;0.0;-1.3334575;0.0005822177;0.00013750026;0.0005278004;55.773952;105.44324;0.0097573865;997066.1;924340.6;0.22033663;3.3876987e-07;3.8270517e-07;4.0225882e-07;0.0005664984;0.0005879337;1.9747198e-05;1.8666907e-06;3.5409655e-06;1.3906505e-05;4.040498e-06;2.3854302e-06;1.37458965e-05;1.0;1.0;9557.869;25
877634158;877462566;0.85732526;0.0012962614;0.005050586;0.51474863;-89.46306;99.98689;0.13513152;0.0;0.0;-1.2305423;0.0019514284;0.0007764905;-0.00077576376;0.25659078;-0.018408662;-0.07021434;0.26328692;-6.9593705e-05;-0.17129129;0.16398475;-0.00905371;-0.16867644;0.0;0.0;-1.3334575;0.00058226543;0.0001374495;0.0005277529;53.100437;106.083336;0.009748475;911420.94;929876.2;0.21832308;3.3828184e-07;3.8264227e-07;4.019607e-07;0.0005664721;0.0005859687;1.9680416e-05;1.861957e-06;3.5402823e-06;1.38895875e-05;4.0399373e-06;2.3813732e-06;1.3740258e-05;1.0;1.0;9578.16;25
878137906;877966455;0.8585669;-0.0048756255;0.0075118174;0.5126235;-89.15307;100.00215;0.12986428;0.0;0.0;-1.2292167;0.0019740202;0.0007876571;-0.0007781979;0.2564993;-0.018966392;-0.07011951;0.26330557;-6.992977e-05;-0.17133883;0.16398098;-0.00909622;-0.16872442;0.0;0.0;-1.3334575;0.00058426044;0.00013778232;0.00052840856;53.369877;106.89331;0.00973745;916559.94;935603.3;0.21700504;3.3807217e-07;3.8306135e-07;4.018779e-07;0.0005664956;0.00058511586;1.9669278e-05;1.8644678e-06;3.5397575e-06;1.3888793e-05;4.039459e-06;2.377862e-06;1.3735277e-05;1.0;1.0;9598.693;25
878641902;878470250;0.8599396;0.0016659064;0.006978103;0.51034546;-88.82026;99.990776;0.14325695;0.0;0.0;-1.2130593;0.0019988434;0.00079910597;-0.00078009017;0.25641277;-0.019449662;-0.07003233;0.26331717;-7.0247625e-05;-0.17137998;0.16397686;-0.009130673;-0.1687679;0.0;0.0;-1.3334575;0.0005845307;0.00013855114;0.00052933075;53.638866;107.58384;0.009835201;921724.9;941360.7;0.21968135;3.38108e-07;3.8335833e-07;4.021533e-07;0.0005665222;0.0005844761;1.966176e-05;1.8671838e-06;3.539961e-06;1.3887682e-05;4.038939e-06;2.374737e-06;1.373062e-05;1.0;1.0;9619.199;25
879136566;878965095;0.86344177;-0.0012471037;0.00094888906;0.5044461;-88.48534;99.99095;0.14914042;0.0;0.0;-1.2025992;0.0020284387;0.0008104491;-0.0007818668;0.25632504;-0.01999169;-0.06992166;0.26333332;-7.056221e-05;-0.17142451;0.1639744;-0.009170409;-0.16881505;0.0;0.0;-1.3334575;0.0005862719;0.0001387213;0.00052982;53.902946;108.371574;0.0098147625;926838.56;947084.7;0.2178919;3.377886e-07;3.8372613e-07;4.019537e-07;0.00056654774;0.000583892;1.9648594e-05;1.8696327e-06;3.5393612e-06;1.3886534e-05;4.038434e-06;2.371389e-06;1.3725957e-05;1.0;1.0;9639.252;25
879640462;879468937;0.8625252;0.004521199;-0.008844346;0.50591666;-88.11005;99.999985;0.14958014;0.0;0.0;-1.1828444;0.0020588455;0.0008218363;-0.00077691127;0.25624275;-0.020485414;-0.06981484;0.26335004;-7.08893e-05;-0.17146611;0.16396841;-0.009212509;-0.16886838;0.0;0.0;-1.3334575;0.00058923964;0.00013899323;0.0005308079;54.178814;109.260345;0.00984374;932088.6;952996.94;0.2168129;3.3766764e-07;3.844203e-07;4.0191262e-07;0.0005665755;0.0005834312;1.9636302e-05;1.8722005e-06;3.5388455e-06;1.3885244e-05;4.037904e-06;2.3681498e-06;1.3720896e-05;1.0;1.0;9659.621;25
880135266;879963782;0.8673858;-0.005139683;-0.0012380922;0.49760836;-87.72203;99.99668;0.16235098;0.0;0.0;-1.1633544;0.0020857432;0.0008335434;-0.0007745568;0.25618276;-0.02093914;-0.069697484;0.26336756;-7.1122224e-05;-0.17149991;0.16396557;-0.009249644;-0.16890901;0.0;0.0;-1.3334575;0.0005979814;0.00014004014;0.0005345315;54.47836;110.5608;0.00995205;937323.9;959004.2;0.21910493;3.3870438e-07;3.8668227e-07;4.0287657e-07;0.00056660577;0.00058314466;1.9631952e-05;1.8750795e-06;3.538971e-06;1.3885363e-05;4.0376262e-06;2.3655361e-06;1.3717139e-05;1.0;1.0;9679.536;25
880639031;880467624;0.8674907;-0.00046519804;0.0035183271;0.49744073;-87.320885;99.99358;0.18713711;0.0;0.0;-1.1471919;0.0021154878;0.00084935734;-0.00077115186;0.2561242;-0.021424808;-0.06955703;0.2633874;-7.136071e-05;-0.17153765;0.16396442;-0.009290015;-0.16895296;0.0;0.0;-1.3334575;0.00060767686;0.0001405747;0.00053790817;54.779953;111.95549;0.009972866;942694.6;965195.5;0.21817155;3.3937857e-07;3.8891451e-07;4.0343434e-07;0.00056663563;0.0005828886;1.9622908e-05;1.8778383e-06;3.5384585e-06;1.3885517e-05;4.037286e-06;2.3627404e-06;1.3713503e-05;1.0;1.0;9699.753;25
881133911;880962470;0.8629427;-0.0031362742;-0.0027016304;0.5052848;-86.930435;100.0027;0.1957045;0.0;0.0;-1.135962;0.002143811;0.00086140394;-0.00076603127;0.25607014;-0.021850545;-0.069416285;0.26340625;-7.1614915e-05;-0.17158039;0.16396163;-0.0093307905;-0.1690004;0.0;0.0;-1.3334575;0.00061385304;0.00014078185;0.00053994963;55.063087;113.09896;0.0099928;947975.7;971256.94;0.21668118;3.3948987e-07;3.9025963e-07;4.0358682e-07;0.0005666642;0.00058266753;1.9610825e-05;1.8803996e-06;3.537865e-06;1.3885408e-05;4.0368977e-06;2.3597586e-06;1.370994e-05;1.0;1.0;9719.514;25
881638019;881466312;0.85910624;0.03759436;0.032876;0.50935495;-86.498955;100.026726;0.2069879;0.0;0.0;-1.1106852;0.0021897808;0.00087913906;-0.0007584217;0.25599256;-0.022347601;-0.06925585;0.26341835;-7.191504e-05;-0.17160833;0.1639537;-0.009374821;-0.16906434;0.0;0.0;-1.3334575;0.00062120234;0.00014118379;0.00054265314;55.358574;114.3725;0.010105807;953393.75;977522.94;0.21973225;3.3985322e-07;3.919493e-07;4.039069e-07;0.0005666931;0.0005824935;1.9604793e-05;1.8829987e-06;3.5373519e-06;1.3881776e-05;4.0365867e-06;2.3563819e-06;1.3703694e-05;1.0;1.0;9739.536;25
882141737;881970201;0.8577619;-0.056652654;-0.036098037;0.50963897;-85.93456;99.99213;0.21341883;0.0;0.0;-1.0758882;0.0022311313;0.000897758;-0.00074539427;0.25590658;-0.022749327;-0.069106095;0.26341444;-7.221896e-05;-0.17159452;0.16393696;-0.009413067;-0.16916572;0.0;0.0;-1.3334575;0.0006279243;0.0001419009;0.0005461647;55.65931;115.6073;0.010275498;958848.06;983851.75;0.21909565;3.4050692e-07;3.9376792e-07;4.0471267e-07;0.0005667219;0.0005823614;1.959445e-05;1.8857586e-06;3.537568e-06;1.3871856e-05;4.03623e-06;2.3530424e-06;1.3691643e-05;1.0;1.0;9759.519;25
882636576;882465046;0.83504033;-0.1657356;-0.10292598;0.51443726;-86.14651;99.94235;0.1896646;0.0;0.0;-1.092678;0.0021456443;0.00085688836;-0.0007541218;0.25596514;-0.022172796;-0.069136225;0.26344666;-7.207084e-05;-0.17139037;0.16392113;-0.0094672935;-0.16946256;0.0;0.0;-1.3334575;0.000628837;0.00014157318;0.00054435537;55.91014;116.34092;0.010120572;964170.9;989943.4;0.21776393;3.3965267e-07;3.9362507e-07;4.042663e-07;0.00056675303;0.0005821761;1.957748e-05;1.8882138e-06;3.5369783e-06;1.385209e-05;4.035469e-06;2.350919e-06;1.365364e-05;1.0;1.0;9779.052;25
883140594;882968841;0.8299467;-0.17919987;-0.10260908;0.5182154;-86.45459;99.84669;0.1537599;0.0;0.0;-1.1121176;0.0020313335;0.0008044013;-0.0007565918;0.25602162;-0.021339249;-0.069255255;0.26346743;-7.183785e-05;-0.1710825;0.16388325;-0.009530443;-0.16985975;0.0;0.0;-1.3334575;0.00062277773;0.00014103224;0.00053959957;56.14097;116.54678;0.010166744;969564.94;996022.4;0.2208977;3.380439e-07;3.918685e-07;4.0330488e-07;0.0005667843;0.00058196037;1.9561625e-05;1.8905728e-06;3.5364721e-06;1.38154e-05;4.0342043e-06;2.3486027e-06;1.3593306e-05;1.0;1.0;9798.998;25
883635317;883463686;0.8270923;-0.18748339;-0.10682528;0.5189959;-86.68315;99.73604;0.13984635;0.0;0.0;-1.1546968;0.0019302787;0.00075567764;-0.00076063105;0.2560753;-0.020636568;-0.06932935;0.26348364;-7.155343e-05;-0.17080164;0.1638467;-0.009585312;-0.17021526;0.0;0.0;-1.3334575;0.0006204468;0.00014100646;0.00053681905;56.382034;113.06421;0.010146975;974925.9;911061.9;0.21950749;3.373517e-07;3.913758e-07;4.0330235e-07;0.0005667996;0.0005815806;1.954127e-05;1.8930497e-06;3.5360763e-06;1.3780362e-05;4.0329614e-06;2.3465298e-06;1.3536213e-05;1.0;1.0;9818.594;25
884139136;883967528;0.8234628;-0.19333546;-0.108853966;0.5221891;-87.050835;99.66533;0.10350097;0.0;0.0;-1.2135412;0.0018076786;0.00070146116;-0.0007618896;0.25612995;-0.019825295;-0.069447875;0.26350102;-7.113052e-05;-0.17045009;0.16379714;-0.009653223;-0.170649;0.0;0.0;-1.3334575;0.000615118;0.00014036616;0.000532191;56.610966;113.32423;0.010145286;980385.7;916730.3;0.21863922;3.3582717e-07;3.897838e-07;4.025541e-07;0.0005668297;0.0005813973;1.9522817e-05;1.8953908e-06;3.535577e-06;1.3734267e-05;4.0314994e-06;2.3440932e-06;1.3464774e-05;1.0;1.0;9838.6045;25
884633879;884462373;0.82406;-0.19017558;-0.09829813;0.5244959;-87.401794;99.59906;0.06934567;0.0;0.0;-1.2704515;0.0016941385;0.00065181934;-0.00076267216;0.2561762;-0.019113984;-0.06957394;0.26352057;-7.066583e-05;-0.1701312;0.16375035;-0.009717726;-0.17104414;0.0;0.0;-1.3334575;0.0006093663;0.00013978666;0.0005275493;56.835133;113.54054;0.010246242;985775.3;922326.56;0.2210527;3.3433545e-07;3.8811513e-07;4.0178756e-07;0.0005668597;0.0005812277;1.9509469e-05;1.8976639e-06;3.5349942e-06;1.369219e-05;4.030096e-06;2.341714e-06;1.3398822e-05;1.0;1.0;9858.298;25
885137800;884966215;0.82864773;-0.16486911;-0.08709157;0.52780324;-87.61215;99.57383;0.06357912;0.0;0.0;-1.3336331;0.0016068929;0.0006174286;-0.0007687622;0.25621337;-0.018643089;-0.06965158;0.26353925;-7.033472e-05;-0.16993092;0.1637204;-0.009760929;-0.17131598;0.0;0.0;-1.3334575;0.00060583;0.00013979049;0.0005249152;57.07957;113.913284;0.010300094;991315.0;928115.44;0.22018975;3.3355883e-07;3.8724718e-07;4.0183778e-07;0.00056689134;0.0005810748;1.949651e-05;1.9002946e-06;3.535212e-06;1.3666567e-05;4.028975e-06;2.339655e-06;1.335584e-05;1.0;1.0;9878.378;25
885641615;885470057;0.8457268;-0.044543613;-0.017639574;0.5314612;-87.82971;99.51291;0.021585684;0.0;0.0;-1.3847839;0.0015493747;0.00058772357;-0.0007767846;0.25623992;-0.018392049;-0.069696486;0.26357284;-7.002727e-05;-0.16978198;0.16370308;-0.00980693;-0.17153488;0.0;0.0;-1.3334575;0.0006046442;0.00013950917;0.00052295247;57.331566;114.5113;0.010217288;996911.06;933999.75;0.21928848;3.327048e-07;3.867455e-07;4.017057e-07;0.00056692417;0.0005808697;1.9486453e-05;1.9027502e-06;3.5347177e-06;1.3650807e-05;4.028182e-06;2.3374255e-06;1.33245185e-05;1.0;1.0;9898.524;25
886136474;885964902;0.8558917;0.016562592;0.01355664;0.5167122;-87.38448;99.62331;0.05635945;0.0;0.0;-1.3902338;0.0015945641;0.00061186694;-0.0007711641;0.2561621;-0.018779851;-0.06960751;0.26358145;-7.063716e-05;-0.1698062;0.16368893;-0.009852159;-0.17161027;0.0;0.0;-1.3334575;0.00060195144;0.00013898;0.0005222483;54.61623;115.0048;0.010295852;911313.25;939805.75;0.22177523;3.318383e-07;3.8616125e-07;4.0144099e-07;0.0005668883;0.0005798074;1.9421976e-05;1.8977028e-06;3.5340615e-06;1.3628886e-05;4.0276173e-06;2.3333728e-06;1.3315318e-05;1.0;1.0;9918.275;25
886640540;886468791;0.8640437;0.012488601;0.004982565;0.5032371;-87.0294;99.73785;0.063642904;0.0;0.0;-1.3972069;0.0016384242;0.000630838;-0.00076419406;0.25608245;-0.019184964;-0.069519594;0.26358655;-7.121009e-05;-0.16983248;0.16367552;-0.009893152;-0.17168435;0.0;0.0;-1.3334575;0.0005963311;0.00013853985;0.00052067766;54.858612;115.316284;0.010202458;916451.75;945690.56;0.2208816;3.306248e-07;3.850036e-07;4.0091535e-07;0.00056691805;0.0005794097;1.9413945e-05;1.8999425e-06;3.5335704e-06;1.3621438e-05;4.0269324e-06;2.3298528e-06;1.3306037e-05;1.0;1.0;9938.354;25
887135126;886963636;0.86504006;0.00080476864;0.010690279;0.50158817;-86.752075;99.80769;0.065172866;0.0;0.0;-1.4019408;0.0016700216;0.00064081274;-0.00075940747;0.2560269;-0.019520294;-0.06944983;0.26359513;-7.160184e-05;-0.16986044;0.16366698;-0.009925287;-0.17173815;0.0;0.0;-1.3334575;0.0005929771;0.00013864241;0.00052037305;55.110725;115.766754;0.01006833;921539.3;951559.0;0.21930988;3.3005793e-07;3.845892e-07;4.0100198e-07;0.0005669493;0.0005789446;1.9408202e-05;1.9024592e-06;3.5337152e-06;1.3617919e-05;4.0263362e-06;2.3271068e-06;1.3299991e-05;1.0;1.0;9958.024;25
887638999;887467431;0.8674262;0.003979908;0.011542017;0.4974161;-86.43634;99.96269;0.07769499;0.0;0.0;-1.3947389;0.0017060627;0.00065971405;-0.00074935996;0.25595883;-0.019884178;-0.06938246;0.2636032;-7.20821e-05;-0.16989097;0.16365555;-0.0099628605;-0.17180254;0.0;0.0;-1.3334575;0.0005864018;0.00013829696;0.00051830965;55.352383;115.980774;0.010076818;926726.44;957504.6;0.22222345;3.2886902e-07;3.8328747e-07;4.003261e-07;0.00056698004;0.00057843426;1.94045e-05;1.9047516e-06;3.5332248e-06;1.361303e-05;4.0255827e-06;2.3240118e-06;1.3293002e-05;1.0;1.0;9978.031;25
888134042;887962276;0.8695534;-0.0015914827;-0.006710196;0.49379092;-86.12284;99.998985;0.07776753;0.0;0.0;-1.3940619;0.0017400304;0.00067372294;-0.00074166193;0.2559027;-0.020294838;-0.06929977;0.26361525;-7.246943e-05;-0.16992134;0.1636485;-0.009998873;-0.17185938;0.0;0.0;-1.3334575;0.0005856511;0.00013810808;0.0005180573;55.611374;116.60546;0.009968106;931892.56;963513.25;0.22048204;3.2827737e-07;3.8332914e-07;4.001214e-07;0.00056701154;0.00057786255;1.9400608e-05;1.907137e-06;3.5326527e-06;1.3609756e-05;4.024942e-06;2.3212606e-06;1.3287043e-05;1.0;1.0;9997.621;25
888637551;888466118;0.86814874;0.0004620603;-0.010869637;0.4961848;-85.850395;99.977684;0.07366201;0.0;0.0;-1.3944869;0.0017636482;0.00068164937;-0.0007361493;0.2558531;-0.020634532;-0.069236726;0.26362354;-7.280521e-05;-0.1699564;0.163644;-0.010026896;-0.17190774;0.0;0.0;-1.3334575;0.0005828367;0.00013836793;0.00051791396;55.87502;117.07405;0.00989763;937166.56;969634.2;0.21934873;3.27925e-07;3.831703e-07;4.0026495e-07;0.00056704466;0.0005772761;1.9396834e-05;1.909794e-06;3.5328842e-06;1.3607796e-05;4.024325e-06;2.3188907e-06;1.3282482e-05;1.0;1.0;9108.414;25
889141393;888969960;0.86870736;-0.002169153;-0.02017514;0.49490982;-85.5495;99.995255;0.09059701;0.0;0.0;-1.3944778;0.0017885895;0.0006921049;-0.00072844943;0.25580293;-0.021008076;-0.06916726;0.26363668;-7.3157345e-05;-0.16999389;0.16363604;-0.0100614205;-0.17196134;0.0;0.0;-1.3334575;0.00057939964;0.00013813435;0.00051670417;56.129005;117.47931;0.009842483;942472.25;975786.94;0.21818799;3.2712444e-07;3.8265583e-07;3.998282e-07;0.00056707754;0.00057667756;1.939205e-05;1.9122042e-06;3.5324067e-06;1.360536e-05;4.0236428e-06;2.3161676e-06;1.3277064e-05;1.0;1.0;9128.344;25
889636365;889464805;0.8705588;0.0014317733;-0.0005306145;0.4920621;-85.16199;99.9965;0.11529859;0.0;0.0;-1.383854;0.0018257962;0.0007065111;-0.0007230909;0.25573987;-0.021411026;-0.06908745;0.26364338;-7.351196e-05;-0.17002489;0.16362971;-0.010093294;-0.17201772;0.0;0.0;-1.3334575;0.00057803333;0.00013804993;0.00051623635;56.389214;118.030655;0.009900065;947726.06;981930.56;0.22027972;3.2662643e-07;3.8262928e-07;3.9950925e-07;0.00056710973;0.00057616155;1.939141e-05;1.9145896e-06;3.531839e-06;1.3601844e-05;4.0229984e-06;2.3135258e-06;1.3271397e-05;1.0;1.0;9147.766;25
890140199;889968647;0.8679231;-0.0026117633;-0.0009650246;0.4966908;-84.87752;99.99299;0.12714708;0.0;0.0;-1.3798872;0.0018468134;0.0007144096;-0.0007188905;0.2556965;-0.021750718;-0.06901922;0.26365185;-7.3799696e-05;-0.1700623;0.16362493;-0.010119418;-0.17205974;0.0;0.0;-1.3334575;0.00057573675;0.0001383629;0.0005161948;56.656498;118.51519;0.009860398;953099.3;988208.8;0.21908145;3.2640992e-07;3.8263877e-07;3.9965835e-07;0.0005671441;0.0005756388;1.9387557e-05;1.9172544e-06;3.5320725e-06;1.3600792e-05;4.0224495e-06;2.311249e-06;1.3267638e-05;1.0;1.0;9167.487;25
890635038;890463492;0.8670201;-0.0052340194;0.004113703;0.49822885;-84.57525;99.99799;0.12036549;0.0;0.0;-1.3761255;0.0018712479;0.00072698115;-0.0007127287;0.25565556;-0.02213078;-0.06893662;0.26366487;-7.408444e-05;-0.17010067;0.16362004;-0.010151034;-0.17210378;0.0;0.0;-1.3334575;0.0005762327;0.00013838924;0.0005161918;56.928043;119.21208;0.009899222;958429.44;994496.56;0.22118698;3.2616128e-07;3.8304677e-07;3.9946855e-07;0.00056717906;0.00057520496;1.9387611e-05;1.9196882e-06;3.5315074e-06;1.3599846e-05;4.0219775e-06;2.3087475e-06;1.3263802e-05;1.0;1.0;9186.783;25
891138927;890967381;0.86500084;0.0054496014;0.0061892844;0.5017027;-84.27817;99.995094;0.13330735;0.0;0.0;-1.3709807;0.0018957608;0.0007391428;-0.00070511526;0.2556071;-0.022489108;-0.0688595;0.26367375;-7.441665e-05;-0.1701446;0.16361365;-0.010181386;-0.1721518;0.0;0.0;-1.3334575;0.0005721483;0.0001381694;0.000514762;57.180275;115.40475;0.009870376;963852.7;909867.9;0.21993892;3.2545455e-07;3.8260526e-07;3.989733e-07;0.00056718534;0.0005745419;1.9379073e-05;1.9219463e-06;3.5304718e-06;1.3598312e-05;4.021355e-06;2.3060743e-06;1.325944e-05;1.0;1.0;9206.392;25
891633728;891462226;0.8637048;0.0011461863;0.010632258;0.50388473;-83.97929;100.003784;0.13501468;0.0;0.0;-1.368773;0.0019154649;0.000752864;-0.00069563993;0.25556618;-0.02282269;-0.06878037;0.26368123;-7.4796524e-05;-0.17018624;0.16360638;-0.010209561;-0.17219578;0.0;0.0;-1.3334575;0.00057007204;0.0001384152;0.0005147202;57.444965;115.893265;0.00985134;969223.2;915651.3;0.21816812;3.2525764e-07;3.826674e-07;3.9904674e-07;0.00056722085;0.00057417963;1.9373656e-05;1.9244949e-06;3.5306275e-06;1.3597139e-05;4.0209434e-06;2.3037117e-06;1.3256006e-05;1.0;1.0;9225.577;25
892137655;891966021;0.86149347;-0.0009949725;0.0001965146;0.50776774;-83.66221;100.00397;0.14693657;0.0;0.0;-1.3547974;0.0019394301;0.0007671295;-0.0006854088;0.2555279;-0.023151213;-0.06869699;0.26369348;-7.5147815e-05;-0.17022882;0.1635989;-0.010242591;-0.17224015;0.0;0.0;-1.3334575;0.0005695017;0.00013834234;0.0005144433;57.71614;116.507126;0.009834859;974737.94;921622.6;0.21702759;3.2490516e-07;3.8290193e-07;3.9877554e-07;0.0005672569;0.0005738706;1.9368761e-05;1.9269041e-06;3.53015e-06;1.3596003e-05;4.020573e-06;2.3010114e-06;1.325248e-05;1.0;1.0;9245.067;25
892641494;892469863;0.86717784;0.0039577237;-0.00012807577;0.4979831;-83.35742;100.000145;0.16220859;0.0;0.0;-1.3287299;0.0019601756;0.00077972416;-0.00067610195;0.25548735;-0.02340028;-0.068634294;0.2637043;-7.5499745e-05;-0.17027463;0.16359068;-0.010273626;-0.17228547;0.0;0.0;-1.3334575;0.00056518504;0.00013813286;0.0005128095;57.97203;116.83208;0.00992961;980248.75;927563.6;0.21977907;3.241934e-07;3.8224917e-07;3.9813602e-07;0.000567293;0.0005736143;1.9364561e-05;1.9292208e-06;3.52967e-06;1.3595079e-05;4.0201026e-06;2.2983465e-06;1.324913e-05;1.0;1.0;9264.462;25
893136140;892964708;0.8721492;2.6727232e-05;0.0017890007;0.48923677;-83.060844;100.0;0.15888602;0.0;0.0;-1.331974;0.0019749035;0.00079240924;-0.00066589203;0.25546053;-0.02369198;-0.068532966;0.26371056;-7.581745e-05;-0.17031391;0.16358398;-0.0102970805;-0.17232454;0.0;0.0;-1.3334575;0.000566171;0.00013852777;0.00051372027;58.253727;117.54468;0.009916528;985744.25;933565.7;0.21813677;3.2438638e-07;3.8306047e-07;3.9845335e-07;0.00056732894;0.0005734243;1.9359772e-05;1.931873e-06;3.5298292e-06;1.3594744e-05;4.0196564e-06;2.2962859e-06;1.324618e-05;1.0;1.0;9283.479;25
893639983;893468550;0.8678987;0.0003730354;-0.0023265749;0.49673563;-82.7324;100.010086;0.15894838;0.0;0.0;-1.3164043;0.0019970196;0.000804348;-0.0006539426;0.25543314;-0.023955034;-0.06843837;0.26372242;-7.610647e-05;-0.17035542;0.1635788;-0.010325967;-0.17236611;0.0;0.0;-1.3334575;0.00056791946;0.00013855255;0.0005141669;58.539207;118.33029;0.009917093;991381.9;939749.44;0.21712054;3.2432496e-07;3.838541e-07;3.9834865e-07;0.0005673651;0.00057327107;1.9355059e-05;1.9343893e-06;3.5293551e-06;1.3594476e-05;4.0192003e-06;2.2940278e-06;1.3243334e-05;1.0;1.0;9302.795;25
894135044;893963394;0.8612437;0.0016578434;0.0027110658;0.5081824;-82.43615;99.99701;0.17665309;0.0;0.0;-1.3024216;0.002016797;0.00081870606;-0.0006422674;0.25539896;-0.024164477;-0.068354085;0.26372972;-7.645197e-05;-0.1704039;0.16357175;-0.010354277;-0.17241105;0.0;0.0;-1.3334575;0.00056432147;0.00013827332;0.00051271106;58.793682;118.698814;0.010002366;996899.8;945756.7;0.21938801;3.236637e-07;3.833424e-07;3.9768662e-07;0.00056740065;0.0005731344;1.9349562e-05;1.936627e-06;3.5288008e-06;1.35935215e-05;4.0187906e-06;2.291457e-06;1.324042e-05;1.0;1.0;9321.696;25
894638950;894467236;0.8595722;0.0022843897;0.0014049022;0.5110073;-82.11014;100.011055;0.17487055;0.0;0.0;-1.2876775;0.0020382616;0.00083283137;-0.0006331485;0.25537148;-0.024377253;-0.06825104;0.26373786;-7.6772434e-05;-0.17045088;0.16356471;-0.010383192;-0.17245209;0.0;0.0;-1.3334575;0.0005634981;0.00013784674;0.00051230565;56.05849;119.28112;0.010012295;911439.25;951982.44;0.21844427;3.2332304e-07;3.8355645e-07;3.9733186e-07;0.0005673495;0.000572375;1.9276504e-05;1.9316958e-06;3.5282524e-06;1.3577304e-05;4.0184177e-06;2.2885586e-06;1.3237126e-05;1.0;1.0;9340.901;25
895133708;894962083;0.8613086;0.0011242792;-0.0032507502;0.50807065;-81.856636;100.00707;0.18763743;0.0;0.0;-1.274961;0.002047087;0.00084012985;-0.0006277952;0.25535187;-0.024484873;-0.0681681;0.26374486;-7.7084806e-05;-0.17049913;0.16355927;-0.010405992;-0.17248717;0.0;0.0;-1.3334575;0.00056106463;0.00013797269;0.00051195157;56.317432;119.72289;0.009998413;916533.8;958115.0;0.21694915;3.231185e-07;3.835564e-07;3.973024e-07;0.0005673852;0.00057229877;1.9267703e-05;1.934162e-06;3.5284156e-06;1.3577893e-05;4.018113e-06;2.2863105e-06;1.32351815e-05;1.0;1.0;9359.692;25
895637323;895465970;0.857932;-0.003911091;-0.00072094885;0.51374793;-81.5206;99.99888;0.20118159;0.0;0.0;-1.2493852;0.0020637622;0.0008529268;-0.0006212175;0.2553276;-0.024599047;-0.068080485;0.2637541;-7.7409975e-05;-0.1705512;0.16355294;-0.010434269;-0.17252608;0.0;0.0;-1.3334575;0.000560387;0.00013789622;0.0005115168;56.58654;120.310905;0.010127331;921766.5;964462.94;0.21997763;3.2287272e-07;3.8380315e-07;3.9693973e-07;0.0005674214;0.0005722335;1.926384e-05;1.9365075e-06;3.5279475e-06;1.3577988e-05;4.017837e-06;2.2837314e-06;1.3232941e-05;1.0;1.0;9378.783;25
896141231;895969765;0.8591175;0.0033427216;0.0069171414;0.51172066;-81.2149;99.99312;0.21131907;0.0;0.0;-1.235129;0.0020814848;0.0008629926;-0.00061779737;0.25530714;-0.024693776;-0.067969665;0.26376042;-7.772544e-05;-0.17060278;0.16354795;-0.010459373;-0.17256469;0.0;0.0;-1.3334575;0.0005587374;0.00013763239;0.00051075296;56.84893;120.82621;0.010135659;927020.44;970833.4;0.21911643;3.224315e-07;3.838268e-07;3.96481e-07;0.0005674577;0.00057217013;1.925492e-05;1.9387764e-06;3.5274757e-06;1.3577666e-05;4.017555e-06;2.2810716e-06;1.3230553e-05;1.0;1.0;9397.782;25
896636267;896464610;0.8596857;-0.018494006;-0.006359255;0.51044905;-80.84181;99.98742;0.20250604;0.0;0.0;-1.219958;0.0020918492;0.00087328017;-0.0006110965;0.25529894;-0.024736194;-0.06786233;0.26376772;-7.800296e-05;-0.17064849;0.16354232;-0.010482377;-0.17259769;0.0;0.0;-1.3334575;0.0005604343;0.00013794565;0.0005118128;57.12946;121.57415;0.0102330055;932241.44;977230.8;0.21774158;3.2270697e-07;3.8483648e-07;3.9680265e-07;0.0005674937;0.00057212566;1.9248126e-05;1.9413158e-06;3.5276423e-06;1.3578437e-05;4.01734e-06;2.2789093e-06;1.3228705e-05;1.0;1.0;9416.402;25
897139922;896968452;0.81834686;-0.19352491;-0.09025013;0.5335836;-81.11151;99.83273;0.1626386;0.0;0.0;-1.2474338;0.0019960876;0.00082422793;-0.0006124646;0.2552968;-0.024470259;-0.067868695;0.26378414;-7.8041805e-05;-0.17034724;0.16350056;-0.010548565;-0.1729549;0.0;0.0;-1.3334575;0.0005706734;0.00013829512;0.00051277346;57.43908;122.96285;0.010135064;937648.1;984005.5;0.22096542;3.2350655e-07;3.8744759e-07;3.973163e-07;0.00056753145;0.0005721185;1.926026e-05;1.9439751e-06;3.5271771e-06;1.3538197e-05;4.01656e-06;2.2770857e-06;1.3166602e-05;1.0;1.0;9435.333;25
897634945;897463297;0.812995;-0.117065564;-0.035483237;0.5692766;-81.35798;99.74945;0.1464429;0.0;0.0;-1.2946507;0.0019010619;0.00077346223;-0.00062069483;0.25527328;-0.024050118;-0.06791276;0.26380885;-7.808825e-05;-0.17003207;0.16342704;-0.010623716;-0.17333739;0.0;0.0;-1.3334575;0.0005791125;0.0001382568;0.0005129426;57.725506;124.18262;0.010046701;942973.8;990673.44;0.21945739;3.239054e-07;3.8950884e-07;3.9772308e-07;0.0005675672;0.0005720835;1.925568e-05;1.946417e-06;3.5266305e-06;1.3493644e-05;4.0143495e-06;2.274262e-06;1.3098602e-05;1.0;1.0;9453.934;25
898138750;897967139;0.8295744;-0.104643695;-0.033350136;0.54748875;-81.321396;99.83258;0.13730109;0.0;0.0;-1.3122654;0.0018469037;0.00076773873;-0.0006332386;0.2552624;-0.023809401;-0.06793244;0.26383284;-7.837643e-05;-0.1700006;0.16340092;-0.010656019;-0.17345577;0.0;0.0;-1.3334575;0.00057438575;0.0001381433;0.00051097915;57.975586;124.42687;0.010110928;948329.0;997195.8;0.21861129;3.2337078e-07;3.8871843e-07;3.9761343e-07;0.00056760595;0.00057202845;1.9245797e-05;1.9487243e-06;3.5268822e-06;1.3491558e-05;4.0134128e-06;2.2717686e-06;1.30879625e-05;1.0;1.0;9472.897;25
898633512;898461984;0.8350621;-0.08564129;-0.037245404;0.54217124;-81.301735;99.828384;0.123913914;0.0;0.0;-1.3272743;0.0018000805;0.0007539372;-0.00064392266;0.25525334;-0.023624767;-0.06794789;0.2638633;-7.857334e-05;-0.16997002;0.16338411;-0.010692077;-0.17357038;0.0;0.0;-1.3334575;0.00057178305;0.00013779226;0.0005090044;58.224167;120.41839;0.010208721;953635.9;912493.25;0.22104156;3.2278732e-07;3.8833377e-07;3.9718827e-07;0.00056759693;0.0005717542;1.923957e-05;1.9507786e-06;3.525768e-06;1.3490355e-05;4.0127024e-06;2.2694715e-06;1.307749e-05;1.0;1.0;9491.51;25
899137423;898965826;0.8410468;-0.069305174;-0.037130646;0.5352181;-81.272835;99.908966;0.124440394;0.0;0.0;-1.3371464;0.001759204;0.00074481155;-0.00064937456;0.25523728;-0.023471158;-0.06796995;0.26388994;-7.881671e-05;-0.16996416;0.16337115;-0.010723886;-0.17366277;0.0;0.0;-1.3334575;0.0005649921;0.00013712182;0.0005058348;58.458862;120.52033;0.010194551;959039.1;918508.75;0.22010872;3.2165258e-07;3.8682396e-07;3.964001e-07;0.00056763645;0.0005717122;1.922968e-05;1.9528752e-06;3.5253095e-06;1.3490512e-05;4.0122222e-06;2.2671688e-06;1.3070451e-05;1.0;1.0;9510.484;25
899641482;899469715;0.8469361;-0.06824391;-0.031734034;0.5263413;-81.234955;99.99801;0.10612279;0.0;0.0;-1.3546773;0.0017233449;0.0007412649;-0.00064847025;0.2552201;-0.023368679;-0.06797795;0.26391673;-7.9092e-05;-0.16996998;0.16336104;-0.010755132;-0.1737449;0.0;0.0;-1.3334575;0.00055813993;0.00013645842;0.00050271454;58.695477;120.62081;0.0101710865;964469.6;924564.2;0.21915545;3.2053902e-07;3.8532528e-07;3.9561664e-07;0.0005676762;0.00057167275;1.9220694e-05;1.954981e-06;3.5248481e-06;1.3491498e-05;4.011872e-06;2.2649742e-06;1.3064903e-05;1.0;1.0;9529.447;25
900136054;899964560;0.85823846;-0.049330324;-0.023070974;0.510354;-81.121796;99.99182;0.093290746;0.0;0.0;-1.3787075;0.001701161;0.00073670346;-0.0006504863;0.25520578;-0.023348402;-0.06795043;0.26393482;-7.931235e-05;-0.16999029;0.16335994;-0.010775407;-0.17379478;0.0;0.0;-1.3334575;0.0005574826;0.00013669286;0.00050254585;58.966175;121.174614;0.0102340225;969894.94;930703.7;0.22162394;3.2057298e-07;3.855664e-07;3.958821e-07;0.000567715;0.0005716492;1.9220715e-05;1.9575077e-06;3.5250282e-06;1.34939055e-05;4.0116934e-06;2.2633071e-06;1.3061999e-05;1.0;1.0;9548.125;25
900639969;900468354;0.8625705;-0.05327961;-0.030248404;0.5022136;-81.01062;99.993;0.092796184;0.0;0.0;-1.3986934;0.0016849503;0.0007322214;-0.00064948003;0.2551866;-0.023359949;-0.06792347;0.2639574;-7.95376e-05;-0.170015;0.16336471;-0.010797745;-0.17385103;0.0;0.0;-1.3334575;0.0005556669;0.00013635794;0.0005013241;59.229095;121.648766;0.0101772165;975438.56;936968.0;0.22064939;3.2005843e-07;3.8532573e-07;3.955816e-07;0.0005677543;0.00057160325;1.9217256e-05;1.959876e-06;3.5245712e-06;1.3496186e-05;4.0114296e-06;2.2616714e-06;1.3058919e-05;1.0;1.0;9567.051;25
901135149;900963199;0.86097455;-0.07123019;-0.04471919;0.5016466;-80.93665;99.979485;0.09069981;0.0;0.0;-1.4302268;0.0016595491;0.000725455;-0.00064492674;0.25516278;-0.023361573;-0.067911506;0.2639813;-7.97663e-05;-0.17002974;0.16336837;-0.01081986;-0.1739226;0.0;0.0;-1.3334575;0.00055046024;0.00013575883;0.00049876707;59.469906;121.842636;0.010125207;980883.2;943090.5;0.21900217;3.191349e-07;3.84208e-07;3.9490666e-07;0.0005677933;0.00057152606;1.9211362e-05;1.962086e-06;3.5240384e-06;1.349758e-05;4.0111254e-06;2.2600948e-06;1.3054334e-05;1.0;1.0;9585.652;25
901638662;901467041;0.85969895;-0.07544496;-0.04712211;0.50299644;-80.83759;99.98317;0.08046347;0.0;0.0;-1.4501839;0.001639183;0.0007160003;-0.00064208556;0.25514072;-0.023371676;-0.06790784;0.26400548;-7.992023e-05;-0.17002778;0.16337247;-0.010839346;-0.17399935;0.0;0.0;-1.3334575;0.00054855295;0.00013602023;0.0004979987;59.742374;122.287094;0.010189628;986495.2;949461.44;0.22202109;3.1913592e-07;3.8413364e-07;3.951234e-07;0.00056783314;0.0005714421;1.9212775e-05;1.9647334e-06;3.5243067e-06;1.3498387e-05;4.010898e-06;2.258855e-06;1.3048304e-05;1.0;1.0;9604.643;25
902133316;901961886;0.8676767;-0.001760547;-0.0015658498;0.4971235;-80.581726;99.99802;0.076448776;0.0;0.0;-1.4541099;0.0016521347;0.00072004495;-0.0006309044;0.25510857;-0.023479551;-0.06786814;0.26402298;-8.016078e-05;-0.17003591;0.16336626;-0.010866955;-0.1740675;0.0;0.0;-1.3334575;0.00054801453;0.00013574336;0.0004973368;60.010704;122.84564;0.010142047;992053.7;955789.3;0.22030774;3.1880398e-07;3.8422456e-07;3.9493182e-07;0.00056787074;0.0005713155;1.9211639e-05;1.9670276e-06;3.5237765e-06;1.3496736e-05;4.010584e-06;2.2568972e-06;1.3042225e-05;1.0;1.0;9623.213;25
902637108;902465728;0.8700456;0.02074671;0.016788261;0.49224833;-80.27034;100.0;0.09188659;0.0;0.0;-1.4453716;0.00169695;0.0007344582;-0.0006180264;0.25506043;-0.023692619;-0.067782335;0.26402774;-8.0514765e-05;-0.17006058;0.16335504;-0.010897019;-0.17412432;0.0;0.0;-1.3334575;0.00054790167;0.00013559584;0.00049735716;60.28984;123.48345;0.009998208;997757.9;962305.25;0.21923803;3.1864113e-07;3.8455073e-07;3.9485724e-07;0.00056790834;0.0005711556;1.9212204e-05;1.9693794e-06;3.5233288e-06;1.3492908e-05;4.0101427e-06;2.2546205e-06;1.3036735e-05;1.0;1.0;9642.075;25
903141131;902969570;0.8706177;0.0585983;0.03440559;0.48724467;-79.860634;99.98993;0.12124231;0.0;0.0;-1.4170226;0.0017541195;0.00075598265;-0.0005939521;0.25498173;-0.023899477;-0.067700095;0.26401225;-8.094713e-05;-0.17004028;0.16332835;-0.010926627;-0.1742292;0.0;0.0;-1.3334575;0.00054454186;0.0001355636;0.0004973812;57.51016;123.88521;0.01001873;912247.6;968808.7;0.22205716;3.1865912e-07;3.8439705e-07;3.9500304e-07;0.0005678326;0.00057044235;1.9141273e-05;1.9645163e-06;3.523518e-06;1.3465871e-05;4.009449e-06;2.2519184e-06;1.3024012e-05;1.0;1.0;9660.834;25
903635970;903464414;0.87401915;0.08665121;0.06659239;0.47344235;-79.36519;99.9847;0.14426117;0.0;0.0;-1.3747429;0.0018430528;0.00078845024;-0.0005558207;0.25485203;-0.024191024;-0.0675778;0.26397425;-8.1445585e-05;-0.16992596;0.16327393;-0.01096835;-0.1744442;0.0;0.0;-1.3334575;0.0005392136;0.00013504754;0.0004960208;57.757526;124.154175;0.009914802;917374.44;975207.4;0.22017042;3.1801045e-07;3.8363115e-07;3.9438856e-07;0.00056786765;0.00057024346;1.913766e-05;1.9664994e-06;3.522994e-06;1.34388065e-05;4.008427e-06;2.248484e-06;1.299729e-05;1.0;1.0;9679.225;25
904139877;903968303;0.8777905;0.088855475;0.0680294;0.46579012;-78.821594;100.003494;0.18759708;0.0;0.0;-1.3279666;0.0019382081;0.00082566944;-0.0005071971;0.25469533;-0.02451757;-0.06743467;0.2639216;-8.18894e-05;-0.1697491;0.16320355;-0.011010768;-0.1747262;0.0;0.0;-1.3334575;0.0005351722;0.0001346957;0.0004952766;58.01746;124.53453;0.0098784035;922634.6;981811.0;0.21885997;3.1762676e-07;3.8332476e-07;3.9392313e-07;0.0005679026;0.0005700721;1.9135106e-05;1.9685622e-06;3.5225419e-06;1.3403669e-05;4.0071222e-06;2.2449192e-06;1.2962606e-05;1.0;1.0;9697.807;25
904634507;904463149;0.87883085;0.098856114;0.07845122;0.46014053;-78.33901;99.9805;0.23176056;0.0;0.0;-1.2656857;0.0020199583;0.00085246284;-0.00046575945;0.25456253;-0.024792127;-0.067302234;0.26387718;-8.21814e-05;-0.169603;0.16314337;-0.011045488;-0.17496334;0.0;0.0;-1.3334575;0.0005315079;0.00013487019;0.00049533154;58.281075;124.93011;0.0099342475;927834.94;988372.25;0.22090954;3.1772305e-07;3.8332394e-07;3.9393277e-07;0.0005679376;0.0005699582;1.9135397e-05;1.9708639e-06;3.5227242e-06;1.3374793e-05;4.005912e-06;2.2419945e-06;1.2933692e-05;1.0;1.0;9715.985;25
905138509;904966943;0.8791422;0.10768556;0.07595178;0.4579785;-77.75949;99.99588;0.2641775;0.0;0.0;-1.1921436;0.0021212217;0.0008906009;-0.00041445653;0.25438708;-0.025096625;-0.06713179;0.26381448;-8.243935e-05;-0.16938551;0.16306342;-0.011088137;-0.17528906;0.0;0.0;-1.3334575;0.0005282074;0.000134584;0.0004948265;58.547348;125.36914;0.009969662;933168.1;995116.3;0.21961379;3.1751762e-07;3.8332252e-07;3.9345875e-07;0.00056797167;0.00056987803;1.913183e-05;1.9729273e-06;3.5222752e-06;1.3334643e-05;4.004379e-06;2.2385343e-06;1.2894129e-05;1.0;1.0;9734.412;25
905633245;905461788;0.8784173;-0.04030934;-0.03270003;0.4750673;-77.48239;99.92096;0.2050066;0.0;0.0;-1.1556443;0.0021392622;0.0009019679;-0.00039347584;0.25431368;-0.025221407;-0.06701082;0.2638047;-8.2674895e-05;-0.16934203;0.16304523;-0.011110789;-0.17541793;0.0;0.0;-1.3334575;0.0005322704;0.00013472307;0.00049585494;58.847027;121.69785;0.009960743;938497.3;910896.44;0.21794629;3.1801662e-07;3.8499698e-07;3.934511e-07;0.00056793814;0.00056961994;1.9131436e-05;1.9752524e-06;3.521176e-06;1.3324095e-05;4.0033287e-06;2.236748e-06;1.288018e-05;1.0;1.0;9752.511;25
906137205;905965629;0.8597984;-0.08966384;0.08606067;0.49527857;-76.97247;99.997314;0.338494;0.0;0.0;-1.1008826;0.0021687872;0.0009286607;-0.00043748313;0.2541985;-0.025254896;-0.066883355;0.26375464;-8.298536e-05;-0.16923405;0.16313249;-0.011065182;-0.17560913;0.0;0.0;-1.3334575;0.0005340797;0.00013513872;0.00049677375;59.12839;122.41054;0.0101520065;943929.7;917269.6;0.22078705;3.1870275e-07;3.8622684e-07;3.937971e-07;0.0005679716;0.0005696251;1.9133173e-05;1.9776564e-06;3.5214273e-06;1.3275005e-05;3.9973233e-06;2.2354652e-06;1.2826966e-05;1.0;1.0;9770.686;25
906640987;906469473;0.8518254;-0.041981842;0.070294745;0.51738745;-76.60774;99.96925;0.38816908;0.0;0.0;-1.0269327;0.0021979979;0.0009598294;-0.00045891595;0.254086;-0.025254581;-0.066747814;0.2637231;-8.348845e-05;-0.16923898;0.16318311;-0.011047519;-0.17570126;0.0;0.0;-1.3334575;0.0005297815;0.00013473557;0.00049535016;59.379593;122.70959;0.010195501;949349.4;923583.8;0.21984448;3.1832607e-07;3.8564414e-07;3.9308e-07;0.0005680016;0.00056961476;1.9126115e-05;1.979684e-06;3.5209882e-06;1.3257108e-05;3.995459e-06;2.2335948e-06;1.2808745e-05;1.0;1.0;9788.981;25
907135905;906964316;0.8538783;-0.013020424;0.0018393685;0.52030677;-76.32653;100.00345;0.35483396;0.0;0.0;-0.95394844;0.0021952325;0.0009657681;-0.00045234067;0.25398552;-0.025164658;-0.06665483;0.26372737;-8.388672e-05;-0.16928703;0.16317765;-0.011066274;-0.17574163;0.0;0.0;-1.3334575;0.0005312357;0.00013457147;0.00049522024;59.661545;123.40801;0.010262958;954738.2;929938.6;0.2183651;3.1847557e-07;3.8632825e-07;3.927253e-07;0.0005680237;0.00056960434;1.9122639e-05;1.9817908e-06;3.5204475e-06;1.3256407e-05;3.9951724e-06;2.2313366e-06;1.2805133e-05;1.0;1.0;9806.714;25
907639846;907468159;0.8408694;0.0937535;-0.11429087;0.5206598;-76.13944;99.849335;0.38602218;0.0;0.0;-0.8723165;0.0021672861;0.0009392369;-0.00044911244;0.25388145;-0.025021324;-0.06659422;0.2637529;-8.4060084e-05;-0.16923505;0.16315752;-0.011103338;-0.17586608;0.0;0.0;-1.3334575;0.0005376578;0.00013481204;0.00049598777;59.970116;124.44877;0.010368296;960311.56;936587.94;0.22158085;3.192411e-07;3.881699e-07;3.9285484e-07;0.0005680382;0.00056958885;1.9126986e-05;1.9841077e-06;3.5200108e-06;1.3245344e-05;3.993898e-06;2.2290637e-06;1.2784518e-05;1.0;1.0;9824.909;25
908134409;907963003;0.8367565;0.10576142;-0.1590885;0.51317066;-76.11091;99.918945;0.35447633;0.0;0.0;-0.8562808;0.0021275934;0.0009146283;-0.00044333618;0.25372815;-0.024780294;-0.066526644;0.26377347;-8.437692e-05;-0.16918835;0.16312982;-0.011137471;-0.17599843;0.0;0.0;-1.3334575;0.00054343033;0.00013502361;0.00049634016;60.275646;125.45414;0.010292569;965798.06;943155.44;0.22020169;3.2009825e-07;3.8992368e-07;3.9347563e-07;0.0005680392;0.0005695431;1.9126774e-05;1.9861843e-06;3.5201856e-06;1.32080695e-05;3.9886104e-06;2.2260479e-06;1.2733425e-05;1.0;1.0;9842.583;25
908638400;908466892;0.85533607;0.0008441269;0.003366947;0.51806206;-76.154755;99.80107;0.12415251;0.0;0.0;-0.89874595;0.0020890692;0.000898133;-0.00044238463;0.25359365;-0.024544725;-0.06643254;0.26380435;-8.4666455e-05;-0.16911806;0.16310453;-0.011179092;-0.1761497;0.0;0.0;-1.3334575;0.00055425364;0.00013508854;0.0004973631;60.62261;126.946594;0.010214553;971475.2;950030.8;0.21945666;3.2115247e-07;3.927642e-07;3.9413285e-07;0.00056804664;0.00056948117;1.9130499e-05;1.9880763e-06;3.519752e-06;1.3154277e-05;3.98104e-06;2.2224547e-06;1.2662699e-05;1.0;1.0;9860.736;25
909133494;908961736;0.8525757;-0.047710907;0.10158109;0.5104113;-75.74572;99.99581;0.23751676;0.0;0.0;-0.8960704;0.0021247633;0.0009246674;-0.00046681036;0.25342858;-0.024322132;-0.06627879;0.26377004;-8.507643e-05;-0.16913049;0.16314605;-0.011166494;-0.17624716;0.0;0.0;-1.3334575;0.0005488675;0.00013455513;0.00049568614;60.862457;127.16061;0.010306854;976945.3;956516.44;0.22194272;3.205493e-07;3.916802e-07;3.9335444e-07;0.00056806946;0.0005693841;1.9125768e-05;1.9899153e-06;3.5192263e-06;1.3139736e-05;3.9798697e-06;2.2204408e-06;1.2648188e-05;1.0;1.0;9878.43;25
909636941;909465531;0.835501;-0.13343632;-0.109745234;0.5216215;-75.27309;99.98611;0.36302972;0.0;0.0;-0.8621348;0.0021332947;0.00094477605;-0.0004888113;0.25327614;-0.024024013;-0.06614023;0.26372492;-8.552034e-05;-0.1690777;0.16319825;-0.011143274;-0.17640187;0.0;0.0;-1.3334575;0.0005462518;0.00013452048;0.00049556757;61.120796;127.56225;0.01047886;982565.6;963231.94;0.22124434;3.206272e-07;3.915673e-07;3.933971e-07;0.0005680978;0.00056925917;1.9122077e-05;1.9920449e-06;3.5194812e-06;1.3114822e-05;3.977617e-06;2.2188235e-06;1.2621057e-05;1.0;1.0;9896.301;25
910140814;909969373;0.83274513;0.17590421;0.069172665;0.52039266;-75.32101;99.94182;0.29526046;0.0;0.0;-0.86447406;0.002118448;0.0009226083;-0.0004823416;0.25313768;-0.023692772;-0.066042066;0.2637073;-8.579865e-05;-0.16888322;0.1631721;-0.011183732;-0.1766879;0.0;0.0;-1.3334575;0.0005502457;0.00013438323;0.0004958023;61.418552;128.53374;0.010331531;988286.44;970161.75;0.2203554;3.2098956e-07;3.9274815e-07;3.934585e-07;0.000568129;0.0005691202;1.912136e-05;1.9941065e-06;3.5190467e-06;1.308677e-05;3.977203e-06;2.2162892e-06;1.2583171e-05;1.0;1.0;9914.361;25
910635808;910464217;0.8498661;-0.08095487;-0.04315972;0.518952;-74.77513;99.91951;0.31911123;0.0;0.0;-0.8365617;0.002145088;0.00093503256;-0.00047297147;0.25302494;-0.023465184;-0.06590041;0.26369318;-8.6035616e-05;-0.16880982;0.1631465;-0.011216437;-0.17684613;0.0;0.0;-1.3334575;0.00055652077;0.00013444948;0.00049769774;61.72322;129.64406;0.010581478;993956.3;977083.1;0.22307388;3.216526e-07;3.9461904e-07;3.9365835e-07;0.00056816026;0.00056899193;1.9126384e-05;1.9961597e-06;3.5185099e-06;1.3070045e-05;3.976741e-06;2.2132997e-06;1.2563493e-05;1.0;1.0;9931.83;25
911139642;910968059;0.8477904;-0.088721015;0.14436406;0.5025326;-74.35135;99.96463;0.32115373;0.0;0.0;-0.85959554;0.0021631257;0.00096367655;-0.000506158;0.2529116;-0.023144273;-0.06576215;0.26364398;-8.6386906e-05;-0.1686054;0.16321863;-0.011188108;-0.17713505;0.0;0.0;-1.3334575;0.0005658555;0.00013500295;0.000501225;62.04713;131.02339;0.010632478;999804.1;984284.3;0.22238195;3.229662e-07;3.9750807e-07;3.947231e-07;0.0005681938;0.0005688785;1.9139814e-05;1.9984996e-06;3.5187861e-06;1.3029776e-05;3.973341e-06;2.2119e-06;1.2517546e-05;1.0;1.0;9949.762;25
911634309;911462904;0.86245245;0.051366966;-0.030615142;0.50259334;-74.21429;99.74714;0.3078315;0.0;0.0;-0.8380427;0.0021688328;0.00095781253;-0.0004941891;0.25285298;-0.022927325;-0.06569061;0.26364338;-8.66671e-05;-0.1686332;0.16321717;-0.011201755;-0.177198;0.0;0.0;-1.3334575;0.0005710409;0.00013451901;0.0005023917;59.229023;132.08842;0.010488253;914120.1;991295.9;0.22097768;3.2332974e-07;3.9886135e-07;3.9476626e-07;0.00056822743;0.0005687755;1.9154691e-05;1.993224e-06;3.5181808e-06;1.300652e-05;3.972115e-06;2.2096451e-06;1.2505712e-05;1.0;1.0;9967.102;25
912138414;911966746;0.8546928;0.11916341;-0.04971086;0.50282127;-74.196144;99.82141;0.22558233;0.0;0.0;-0.8396817;0.0021514378;0.0009423009;-0.00047087247;0.252763;-0.022584014;-0.06559939;0.26365966;-8.6889995e-05;-0.16861464;0.1631861;-0.011234117;-0.17731045;0.0;0.0;-1.3334575;0.0005706335;0.00013394444;0.0005009449;59.505085;132.7508;0.010347677;919417.2;998396.1;0.22023149;3.2311914e-07;3.986947e-07;3.9444538e-07;0.0005682572;0.00056858856;1.9153566e-05;1.9951128e-06;3.517747e-06;1.2988175e-05;3.969124e-06;2.2068211e-06;1.2479373e-05;1.0;1.0;9984.879;25
912633009;912461590;0.86778903;0.014348514;-0.10217473;0.4861036;-73.658424;99.923996;0.32973966;0.0;0.0;-0.8232628;0.002182171;0.0009439533;-0.0004346017;0.25262317;-0.022222176;-0.065497175;0.263638;-8.721907e-05;-0.16858257;0.16311936;-0.011271506;-0.1774568;0.0;0.0;-1.3334575;0.0005696032;0.0001339252;0.0005010388;59.76841;128.36543;0.010717111;924640.5;914060.8;0.22295532;3.233841e-07;3.9889989e-07;3.946694e-07;0.0005681933;0.0005681443;1.9155692e-05;1.9971344e-06;3.5173518e-06;1.2964545e-05;3.966844e-06;2.2034571e-06;1.2452288e-05;1.0;1.0;9093.138;25
913136992;912965479;0.85438627;-0.11501971;-0.14241749;0.48632497;-73.80979;99.83023;0.22484332;0.0;0.0;-0.8887967;0.0021011338;0.0008961823;-0.00044115994;0.25259155;-0.021872252;-0.06545243;0.26366144;-8.750412e-05;-0.16838442;0.16314264;-0.011296591;-0.17771938;0.0;0.0;-1.3334575;0.00057867944;0.00013379927;0.00050140434;60.08021;129.6879;0.010575441;930057.06;920826.0;0.22219194;3.2403457e-07;4.0103626e-07;3.9510067e-07;0.00056823017;0.0005679323;1.91612e-05;1.9990594e-06;3.5169023e-06;1.2930943e-05;3.9630368e-06;2.201849e-06;1.2402242e-05;1.0;1.0;9110.724;25
913640866;913469274;0.84190077;-0.052909702;-0.113140255;0.5249792;-74.18897;99.57949;0.1721557;0.0;0.0;-0.9939512;0.001996167;0.0008154286;-0.00045437028;0.2525805;-0.021599848;-0.06547214;0.26365957;-8.784716e-05;-0.16806784;0.16316;-0.01133455;-0.1780788;0.0;0.0;-1.3334575;0.0005835607;0.00013352811;0.00050009286;60.36441;130.69527;0.010373;935483.3;927589.9;0.22129059;3.2418404e-07;4.0199365e-07;3.9523442e-07;0.00056826865;0.00056774233;1.9167177e-05;2.0009393e-06;3.516471e-06;1.2892268e-05;3.962256e-06;2.200865e-06;1.2343797e-05;1.0;1.0;9128.441;25
914135858;913964119;0.80409825;-0.21298446;0.13349657;0.5387415;-73.68614;99.38691;0.09622096;0.0;0.0;-1.0758909;0.0020065017;0.000830531;-0.00049861695;0.25256968;-0.021442901;-0.065408714;0.2636497;-8.832705e-05;-0.16798003;0.16319443;-0.011324487;-0.17826262;0.0;0.0;-1.3334575;0.0005910227;0.00013335588;0.00050168345;60.6609;131.91708;0.010652093;940869.4;934357.9;0.22376369;3.2473704e-07;4.0385441e-07;3.9562772e-07;0.00056830153;0.00056767795;1.9191319e-05;2.002782e-06;3.5159399e-06;1.2851015e-05;3.95666e-06;2.1976919e-06;1.2295178e-05;1.0;1.0;9145.59;25
914639410;914467960;0.8481712;0.0019291678;0.0498123;0.52737147;-73.24051;99.099815;-0.00091016653;0.0;0.0;-1.1002281;0.002050548;0.00085545983;-0.000476718;0.25256374;-0.021285977;-0.06532188;0.26363826;-8.8395136e-05;-0.16791588;0.16314445;-0.011368033;-0.17840254;0.0;0.0;-1.3334575;0.0005959533;0.00013347829;0.0005039359;60.960934;133.06097;0.010787521;946377.4;941288.7;0.22290969;3.2545947e-07;4.0540007e-07;3.965002e-07;0.0005683275;0.0005676115;1.9215775e-05;2.0048897e-06;3.5162218e-06;1.28271395e-05;3.9546744e-06;2.1940384e-06;1.2268085e-05;1.0;1.0;9163.179;25
915134238;914962805;0.85172373;-0.20012926;-0.12979178;0.46655023;-73.067696;99.38489;0.07955312;0.0;0.0;-1.125369;0.0020521753;0.0008637834;-0.00050125725;0.25256354;-0.021152949;-0.06525001;0.26360774;-8.858117e-05;-0.1677396;0.16319624;-0.011359491;-0.1786355;0.0;0.0;-1.3334575;0.00060466747;0.0001334605;0.0005061987;61.252308;134.4486;0.010486716;951842.5;948227.1;0.22556818;3.261419e-07;4.0762785e-07;3.9694186e-07;0.0005683535;0.00056759216;1.9245006e-05;2.0069347e-06;3.5156907e-06;1.27862295e-05;3.951407e-06;2.1927206e-06;1.2220421e-05;1.0;1.0;9180.188;25
915638287;915466647;0.80849594;-0.22453165;-0.039394915;0.5425568;-72.78769;99.30437;0.18803921;0.0;0.0;-1.1876756;0.0020328532;0.00083289144;-0.0005238379;0.25263375;-0.020979445;-0.06516292;0.26361924;-8.879459e-05;-0.16765693;0.16321614;-0.011370843;-0.17877783;0.0;0.0;-1.3334575;0.00061305065;0.00013322203;0.0005072715;61.537388;135.70067;0.010557389;957439.75;955354.3;0.2245649;3.2666105e-07;4.0948598e-07;3.9739874e-07;0.0005683566;0.00056750135;1.925853e-05;2.0092862e-06;3.5152607e-06;1.2742569e-05;3.9470633e-06;2.1908227e-06;1.2165117e-05;1.0;1.0;9197.651;25
916133034;915961492;0.82344425;0.13037813;0.13216642;0.53616524;-72.68983;99.11141;0.2210311;0.0;0.0;-1.223201;0.0020129038;0.0008256597;-0.000531904;0.25262448;-0.020909488;-0.06513855;0.2636152;-8.9067136e-05;-0.16749138;0.16320412;-0.011407163;-0.17900532;0.0;0.0;-1.3334575;0.00061974826;0.00013335899;0.00050893973;61.817093;136.90665;0.010484771;962950.5;962383.94;0.22273599;3.273648e-07;4.1115305e-07;3.9830113e-07;0.0005683832;0.000567506;1.9288324e-05;2.011136e-06;3.5154426e-06;1.2721061e-05;3.945435e-06;2.1883795e-06;1.213435e-05;1.0;1.0;9214.592;25
916636943;916465333;0.8666583;0.006819474;0.015112414;0.4986268;-72.15176;98.80615;0.15648486;0.0;0.0;-1.2264022;0.0020947417;0.00083750446;-0.00051691296;0.25259933;-0.02061728;-0.06498015;0.26356417;-8.929428e-05;-0.16737084;0.16317257;-0.011432493;-0.17923044;0.0;0.0;-1.3334575;0.00061953603;0.00013289167;0.00050967484;62.091366;137.74315;0.01050366;968571.1;969500.9;0.22188528;3.271765e-07;4.1120612e-07;3.98265e-07;0.00056838617;0.0005674662;1.9294475e-05;2.012868e-06;3.5150133e-06;1.269156e-05;3.944634e-06;2.1848202e-06;1.2104724e-05;1.0;1.0;9231.868;25
917140813;916969222;0.86270845;0.15442097;0.02067183;0.481104;-71.81211;98.82613;0.11814488;0.0;0.0;-1.2025925;0.002147419;0.00084565283;-0.00046430493;0.25256538;-0.020374935;-0.064914346;0.2635442;-8.926846e-05;-0.16728248;0.16309142;-0.011478108;-0.17943093;0.0;0.0;-1.3334575;0.0006169058;0.00013239127;0.0005088147;62.358967;138.3442;0.010638328;974198.2;976610.0;0.2249186;3.267846e-07;4.1054062e-07;3.9796117e-07;0.0005683953;0.0005674479;1.930185e-05;2.0147293e-06;3.5145708e-06;1.26621735e-05;3.9420897e-06;2.1810918e-06;1.207236e-05;1.0;1.0;9248.967;25
917635435;917464066;0.85733706;0.021927586;-0.21768227;0.46594712;-71.78858;98.765816;0.04371093;0.0;0.0;-1.2231007;0.0021141283;0.0008178353;-0.00044446855;0.25258413;-0.020262638;-0.06492538;0.2635464;-8.9382374e-05;-0.16717473;0.16309065;-0.011490809;-0.17961347;0.0;0.0;-1.3334575;0.00061508676;0.00013210195;0.00050750485;62.621346;138.94353;0.010569891;979755.7;983655.25;0.22346902;3.2660517e-07;4.1012922e-07;3.9811775e-07;0.0005683995;0.0005674312;1.9307126e-05;2.0167133e-06;3.5147632e-06;1.2634965e-05;3.9383544e-06;2.1789285e-06;1.2036658e-05;1.0;1.0;9265.772;25
918139361;917967861;0.87093776;0.008497776;-0.021654736;0.49084252;-71.85369;98.76087;-0.043459386;0.0;0.0;-1.3117001;0.0020560855;0.00079387333;-0.00044114317;0.2526317;-0.02023434;-0.06495079;0.26357433;-8.9622816e-05;-0.16705735;0.16310345;-0.01151346;-0.17979367;0.0;0.0;-1.3334575;0.0006211106;0.00013188971;0.00050757534;62.914463;140.11946;0.010521081;985499.25;991054.06;0.22245891;3.2679466e-07;4.1137542e-07;3.984432e-07;0.00056839304;0.0005674165;1.9317693e-05;2.018693e-06;3.5143214e-06;1.2616347e-05;3.9357637e-06;2.1775897e-06;1.2006455e-05;1.0;1.0;9282.831;25
918634118;918462706;0.87052673;-0.01001209;0.0048516504;0.49199545;-71.47715;98.780655;0.032642405;0.0;0.0;-1.3442252;0.0020746933;0.0008005022;-0.00043853067;0.25269505;-0.020078795;-0.0648927;0.26357156;-8.9782356e-05;-0.16710225;0.16310586;-0.011522935;-0.17982724;0.0;0.0;-1.3334575;0.0006227396;0.00013169671;0.000508193;63.182285;140.95404;0.010630296;991163.2;998320.44;0.22498795;3.2669536e-07;4.1173158e-07;3.9838926e-07;0.00056837016;0.00056740444;1.9328281e-05;2.0207783e-06;3.5138069e-06;1.2614949e-05;3.935563e-06;2.1761984e-06;1.20034565e-05;1.0;1.0;9299.593;25
919138160;918966548;0.8925681;0.00041842004;-0.0034224999;0.45089936;-71.26955;98.8444;0.061370023;0.0;0.0;-1.3678895;0.0020712316;0.00080499885;-0.0004336768;0.25275567;-0.019936202;-0.06488264;0.26356667;-9.007453e-05;-0.16715051;0.1631077;-0.011526683;-0.179854;0.0;0.0;-1.3334575;0.0006140007;0.00013141599;0.0005061719;63.415424;135.7892;0.010602045;996867.2;914176.6;0.22404467;3.2596824e-07;4.098105e-07;3.9808376e-07;0.00056819245;0.0005671002;1.9331012e-05;2.0229108e-06;3.5135006e-06;1.2614291e-05;3.934898e-06;2.175128e-06;1.2001047e-05;1.0;1.0;9316.588;25
919633053;919461392;0.93829966;-0.0034167597;0.0049631754;0.34577084;-71.060356;98.95189;0.081180416;0.0;0.0;-1.3915805;0.0020708507;0.00080288283;-0.00040592844;0.25283265;-0.01977978;-0.06487745;0.2635633;-9.01236e-05;-0.16720343;0.16310333;-0.0115205515;-0.17987363;0.0;0.0;-1.3334575;0.0006047461;0.00013029005;0.000503013;60.472023;135.84204;0.010558781;911379.5;920702.5;0.22241403;3.2474904e-07;4.07489e-07;3.9710855e-07;0.0005679474;0.0005667486;1.9239247e-05;2.017573e-06;3.5129253e-06;1.2597764e-05;3.9319098e-06;2.1742278e-06;1.1998328e-05;1.0;1.0;9333.328;25
920136796;919965234;0.99294394;-0.02146435;0.012416763;0.11596302;-71.048355;99.0067;0.078900486;0.0;0.0;-1.418997;0.0020347086;0.00075563666;-0.0003283736;0.2529053;-0.019701645;-0.06496582;0.26360127;-8.955912e-05;-0.16725726;0.16309544;-0.011458994;-0.17986368;0.0;0.0;-1.3334575;0.0005947017;0.00012929345;0.0004991821;60.71306;135.95226;0.010634031;916652.25;927428.6;0.22550477;3.2386805e-07;4.0539288e-07;3.9623552e-07;0.0005678743;0.000566741;1.9243309e-05;2.019158e-06;3.5124892e-06;1.2597596e-05;3.91564e-06;2.171738e-06;1.199643e-05;1.0;1.0;9350.316;25
920640771;920469076;0.98523515;-0.043802038;-0.0090563875;-0.16526084;-71.52085;98.85956;0.11730257;0.0;0.0;-1.4828032;0.0018960878;0.0006272102;-0.0002267064;0.2529583;-0.019803569;-0.065259166;0.26371998;-8.840925e-05;-0.16728945;0.16312332;-0.01123137;-0.17979586;0.0;0.0;-1.3334575;0.0005828133;0.0001270927;0.0004935235;60.945866;136.17793;0.010627819;921962.25;934248.94;0.224447;3.2331624e-07;4.038926e-07;3.955382e-07;0.00056777714;0.000566734;1.9244417e-05;2.0183575e-06;3.5120545e-06;1.2597652e-05;3.8634976e-06;2.1605586e-06;1.19944325e-05;1.0;1.0;9367.312;25
921135407;920963920;0.9473329;-0.08303021;0.11878713;-0.28557998;-72.124275;98.96338;-0.028102795;0.0;0.0;-1.5627973;0.0017610884;0.00046536466;-0.00011520461;0.25309727;-0.020029584;-0.06552513;0.26395977;-8.715316e-05;-0.16772097;0.16305876;-0.010977137;-0.17929107;0.0;0.0;-1.3334575;0.0005800254;0.00012484427;0.0004904107;61.242004;137.49004;0.010216337;927310.5;941287.44;0.22277673;3.2468637e-07;4.0606258e-07;3.964413e-07;0.00056770764;0.0005667407;1.9261888e-05;2.0154755e-06;3.5122646e-06;1.2572911e-05;3.793458e-06;2.1430724e-06;1.1970405e-05;1.0;1.0;9384.138;25
921639259;921467809;0.8353617;0.2816545;-0.029566102;-0.47113416;-72.361725;97.90157;0.09578818;0.0;0.0;-1.6176944;0.0016332136;0.000287687;-4.4045424e-05;0.25309727;-0.020029584;-0.06552513;0.26428658;-8.601779e-05;-0.16805984;0.16294424;-0.010559924;-0.17891195;0.0;0.0;-1.3334575;0.00057410036;0.00012187193;0.00048667748;61.49069;138.6753;0.010795528;932784.06;948528.7;0.22587481;3.262775e-07;4.0814655e-07;3.9707615e-07;0.0005677479;0.000566781;1.9302717e-05;2.010866e-06;3.5118517e-06;1.24642775e-05;3.6996955e-06;2.1203648e-06;1.18494945e-05;1.0;1.0;9401.176;25
922134325;921962653;0.7196276;-0.03321825;0.15995066;-0.67486924;-73.185616;97.750206;0.0046034143;0.0;0.0;-1.7343853;0.0013990178;7.7550525e-05;-8.876989e-05;0.2530894;-0.020210182;-0.06579396;0.26442906;-8.547116e-05;-0.16813876;0.16318756;-0.010076014;-0.17861523;0.0;0.0;-1.3334575;0.00056587125;0.000117292504;0.00048076943;61.736813;139.94011;0.01056388;938202.8;955718.9;0.22402175;3.2807145e-07;4.1036833e-07;3.9779013e-07;0.000567744;0.0005668078;1.9327217e-05;2.0027053e-06;3.5113706e-06;1.2435851e-05;3.5830537e-06;2.082305e-06;1.18132775e-05;1.0;1.0;9417.942;25
922637861;922466449;0.7190843;-0.0128300525;0.05752671;-0.6924189;-74.113304;97.22366;-0.02697517;0.0;0.0;-1.8332412;0.0012009972;-0.00013687732;-0.00010475568;0.25294986;-0.020597046;-0.06631288;0.26458558;-8.535122e-05;-0.16811085;0.16320144;-0.009719408;-0.17843422;0.0;0.0;-1.3334575;0.0005513812;0.00011288278;0.00047554288;61.969215;140.86256;0.010401955;943723.56;962991.3;0.22298597;3.2994632e-07;4.1197694e-07;3.987942e-07;0.0005677098;0.0005668216;1.9331934e-05;1.995396e-06;3.511676e-06;1.2433035e-05;3.4889197e-06;2.0494922e-06;1.1807541e-05;1.0;1.0;9435.011;25
923132853;922961293;0.7693107;-0.0067909844;0.02044805;-0.6385115;-75.18725;96.54097;-0.044480715;0.0;0.0;-1.942841;0.0010026953;-0.00037411886;-0.00013438071;0.25274587;-0.021001317;-0.066925794;0.2647571;-8.5268606e-05;-0.16806948;0.16324036;-0.009317346;-0.17824334;0.0;0.0;-1.3334575;0.00053343363;0.00010871823;0.00046761258;62.17463;141.31027;0.0103836255;949144.9;970061.3;0.2252687;3.315364e-07;4.1243686e-07;3.9891938e-07;0.0005677005;0.0005668366;1.9333394e-05;1.986876e-06;3.5112068e-06;1.243282e-05;3.3936285e-06;2.0154598e-06;1.1804771e-05;1.0;1.0;9451.868;25
923636629;923465134;0.83322966;-0.0019306032;0.001820995;-0.55292076;-76.159744;95.77105;-0.06291393;0.0;0.0;-2.0282583;0.00085878867;-0.00060377194;-0.00013629002;0.25253418;-0.02137424;-0.06750008;0.26492193;-8.525228e-05;-0.16799673;0.16324522;-0.0089732325;-0.17809136;0.0;0.0;-1.3334575;0.00051682827;0.00010542068;0.00046071285;62.391304;141.72902;0.010216402;954700.25;977302.2;0.22396958;3.3332324e-07;4.1305475e-07;3.9906953e-07;0.0005677027;0.00056685525;1.9333853e-05;1.9800082e-06;3.5108335e-06;1.2434226e-05;3.3166893e-06;1.987092e-06;1.1803575e-05;1.0;1.0;9469.085;25
924140348;923968976;0.88589793;0.11584119;-0.059552472;-0.44521838;-76.844345;95.1129;-0.0748054;0.0;0.0;-2.068406;0.0007751594;-0.0007907867;-0.00013324618;0.25233358;-0.02163363;-0.06797489;0.26503938;-8.519165e-05;-0.1678776;0.16330269;-0.00868596;-0.17803112;0.0;0.0;-1.3334575;0.00050187984;0.00010336639;0.00045602536;62.62085;142.036;0.010012647;960270.75;984542.7;0.22246002;3.3526197e-07;4.1374375e-07;3.9954972e-07;0.0005677176;0.0005668772;1.933485e-05;1.9762147e-06;3.5111482e-06;1.2435252e-05;3.2640978e-06;1.9670633e-06;1.18005255e-05;1.0;1.0;9486.127;25
924635193;924463820;0.9047769;0.18134603;0.011009782;-0.38518992;-77.52609;94.570335;-0.07943843;0.0;0.0;-2.1050942;0.0007023464;-0.00094230834;-0.00019084402;0.2521446;-0.02182032;-0.06834716;0.26505798;-8.474091e-05;-0.16757391;0.16354819;-0.008361617;-0.17812228;0.0;0.0;-1.3334575;0.0004927441;0.000101851954;0.00045243348;62.85849;142.60979;0.009869352;965817.06;991810.6;0.22424778;3.3761145e-07;4.1482474e-07;3.9968722e-07;0.0005677391;0.00056689925;1.9335768e-05;1.974148e-06;3.510706e-06;1.2397305e-05;3.214656e-06;1.9469726e-06;1.1746369e-05;1.0;1.0;9503.056;25
925139027;924967662;0.94840723;-0.077085115;-0.021568635;-0.30678412;-77.98884;94.07044;0.022213604;0.0;0.0;-2.1164367;0.00065756927;-0.0010835145;-0.00015535252;0.2520794;-0.021991631;-0.068739206;0.26523578;-8.508028e-05;-0.167623;0.16361445;-0.008067349;-0.17796302;0.0;0.0;-1.3334575;0.00048614305;0.000101179285;0.00045047337;63.12122;143.4647;0.009831248;971533.0;999379.5;0.22251678;3.4035142e-07;4.166391e-07;3.999829e-07;0.0005677674;0.0005669133;1.934005e-05;1.9719216e-06;3.510332e-06;1.23618365e-05;3.1741065e-06;1.9313823e-06;1.1704369e-05;1.0;1.0;9520.13;25
925633927;925462507;0.9859715;-0.0028762987;0.009025655;-0.1666446;-78.42816;93.792496;0.005737333;0.0;0.0;-2.11256;0.0006384656;-0.0012013231;-7.744615e-05;0.25202817;-0.022189854;-0.0690572;0.2653419;-8.5556385e-05;-0.16761966;0.16366208;-0.007887512;-0.1778489;0.0;0.0;-1.3334575;0.0004835617;0.00010174942;0.0004500205;63.425026;139.06639;0.009627671;977207.56;915442.56;0.22003125;3.4333593e-07;4.1885482e-07;4.006286e-07;0.000567646;0.0005666043;1.9347646e-05;1.9716165e-06;3.5100218e-06;1.2359826e-05;3.1483876e-06;1.921083e-06;1.1698635e-05;1.0;1.0;9536.983;25
926137878;925966395;0.9969329;0.03194206;0.033838745;0.06292354;-78.86457;93.63746;-0.054798122;0.0;0.0;-2.1088176;0.00064113433;-0.0012913937;3.4913388e-05;0.25201663;-0.022326253;-0.06928859;0.26541954;-8.592757e-05;-0.16762914;0.16373175;-0.0077403635;-0.17775276;0.0;0.0;-1.3334575;0.000485641;0.00010301265;0.0004498422;63.76238;140.37932;0.00942754;983052.2;922582.8;0.22194976;3.4659493e-07;4.2091798e-07;4.00412e-07;0.0005676831;0.0005665926;1.9358798e-05;1.972713e-06;3.5096627e-06;1.2359958e-05;3.129765e-06;1.9140605e-06;1.1694815e-05;1.0;1.0;9554.113;25
926632612;926461240;0.93763;0.13460445;0.08165469;0.30994207;-78.95118;93.621895;-0.059202094;0.0;0.0;-2.0379055;0.0006747743;-0.0012655632;0.00014607435;0.2520414;-0.022309495;-0.06936236;0.26544043;-8.5431886e-05;-0.16755858;0.16378374;-0.007675881;-0.17784311;0.0;0.0;-1.3334575;0.000492033;0.0001043928;0.0004516815;64.10614;141.90431;0.00924091;988863.25;929740.75;0.21917109;3.4991788e-07;4.2309347e-07;3.9980205e-07;0.0005677161;0.00056655734;1.936711e-05;1.9751621e-06;3.5092319e-06;1.2353615e-05;3.1201366e-06;1.911193e-06;1.16858755e-05;1.0;1.0;9571.005;25
927136860;926965034;0.8856102;0.06201002;-0.16107133;0.43116754;-78.7986;93.5625;-0.10530611;0.0;0.0;-1.9719052;0.0007002517;-0.0012246126;0.00018489259;0.25203678;-0.022243902;-0.06937428;0.26543143;-8.4921245e-05;-0.1674458;0.16380002;-0.0076705306;-0.1780169;0.0;0.0;-1.3334575;0.0004968816;0.0001053765;0.0004524814;64.44385;143.14735;0.009142923;994783.0;937005.0;0.21706879;3.5299834e-07;4.2465373e-07;3.987487e-07;0.00056774216;0.0005664963;1.9370857e-05;1.9772674e-06;3.5088738e-06;1.2331155e-05;3.1124712e-06;1.9092786e-06;1.1658506e-05;1.0;1.0;9588.113;25
927640342;927468876;0.83792526;-0.002138492;-0.16415243;0.5205101;-78.857506;93.507355;-0.0691404;0.0;0.0;-1.958943;0.0007089925;-0.0012038694;0.00017475465;0.25203982;-0.02224233;-0.06941576;0.2654563;-8.481467e-05;-0.1674522;0.16376394;-0.007694007;-0.17807874;0.0;0.0;-1.3334575;0.0004996092;0.00010590224;0.0004523584;61.51346;144.04935;0.009088496;909735.56;944226.8;0.21881506;3.558115e-07;4.2584622e-07;3.9819315e-07;0.0005675706;0.0005661646;1.9268808e-05;1.9720499e-06;3.509164e-06;1.2309636e-05;3.105507e-06;1.907202e-06;1.1646988e-05;1.0;1.0;9605.241;25
928135209;927963721;0.8032948;0.06005028;-0.1118114;0.5819018;-78.83511;93.14102;-0.16137668;0.0;0.0;-1.9588714;0.0007283118;-0.0011614591;0.00014376249;0.25206563;-0.02219477;-0.06941575;0.26549926;-8.441574e-05;-0.16751635;0.16368973;-0.007721691;-0.17811371;0.0;0.0;-1.3334575;0.0005042193;0.00010618111;0.0004524728;61.840282;145.2542;0.009151845;915094.4;951491.75;0.21612225;3.587265e-07;4.2722004e-07;3.971026e-07;0.00056759705;0.00056605035;1.9264806e-05;1.9730603e-06;3.5087312e-06;1.2302416e-05;3.096079e-06;1.9037486e-06;1.1635956e-05;1.0;1.0;9622.008;25
928639005;928467562;0.77148813;0.04776866;0.078143746;0.62961715;-78.27724;93.16409;-0.10504615;0.0;0.0;-1.9614525;0.00077470776;-0.0010272502;9.5423464e-05;0.25206566;-0.021922287;-0.06930984;0.2654683;-8.2665065e-05;-0.16736773;0.16369134;-0.0076819286;-0.1783953;0.0;0.0;-1.3334575;0.00050635904;0.0001064397;0.0004534594;62.15318;146.28009;0.009239561;920574.3;958921.06;0.21424468;3.6155058e-07;4.2852676e-07;3.9591492e-07;0.00056762923;0.0005659291;1.9260819e-05;1.9736763e-06;3.5083774e-06;1.22735655e-05;3.085581e-06;1.8990106e-06;1.1606817e-05;1.0;1.0;9639.001;25
929133812;928962407;0.6909881;-0.011218045;-0.010534274;0.7227023;-78.17227;93.071106;-0.07277776;0.0;0.0;-1.9520317;0.0007944908;-0.0009685272;5.0422746e-05;0.25209922;-0.02186834;-0.06928263;0.26551032;-8.191354e-05;-0.16736096;0.1636486;-0.007674801;-0.17847946;0.0;0.0;-1.3334575;0.00050829124;0.000106634805;0.00045452072;62.461597;147.30609;0.009358844;925987.7;966280.94;0.21582794;3.6437132e-07;4.300679e-07;3.9536394e-07;0.0005676643;0.0005657786;1.9251393e-05;1.9744577e-06;3.508649e-06;1.2270017e-05;3.0740307e-06;1.8937727e-06;1.1599718e-05;1.0;1.0;9655.667;25
929637628;929466248;0.6835674;0.00088091043;-0.008392721;0.7298387;-78.08455;93.02707;-0.07802586;0.0;0.0;-1.9390583;0.00080287387;-0.0009155984;-1.4282205e-05;0.25212035;-0.021870485;-0.06931685;0.26558793;-8.1465376e-05;-0.16738185;0.16353881;-0.0076800715;-0.17855212;0.0;0.0;-1.3334575;0.0005066462;0.00010623214;0.00045312895;62.752995;147.97382;0.00946274;931488.94;973711.94;0.21441773;3.6670235e-07;4.3081218e-07;3.9397588e-07;0.0005676999;0.00056556833;1.9229095e-05;1.9740564e-06;3.5082996e-06;1.22704805e-05;3.0585902e-06;1.8865003e-06;1.1596756e-05;1.0;1.0;9672.55;25
930132680;929961093;0.68725055;0.0015998698;0.00052820647;0.72641855;-77.990135;93.029015;-0.06053084;0.0;0.0;-1.9241129;0.0008132437;-0.0008614183;-7.826586e-05;0.25213823;-0.021882344;-0.06935963;0.2656642;-8.10469e-05;-0.1674123;0.16342776;-0.0076883184;-0.17861617;0.0;0.0;-1.3334575;0.00050299364;0.00010592373;0.00045088294;63.0255;148.38203;0.009556014;936897.94;980995.75;0.21271558;3.6868582e-07;4.3120608e-07;3.924368e-07;0.0005677346;0.000565325;1.9199566e-05;1.9735708e-06;3.5078792e-06;1.2270567e-05;3.0437266e-06;1.8793899e-06;1.1594163e-05;1.0;1.0;9689.173;25
930636575;930464982;0.7266497;-0.008708357;0.0022293373;0.6869494;-77.90311;93.149445;-0.07002619;0.0;0.0;-1.9240302;0.0008190097;-0.0008107809;-0.00011999724;0.25215086;-0.021897715;-0.06939779;0.26572698;-8.073184e-05;-0.16743764;0.16334037;-0.0077036554;-0.17866676;0.0;0.0;-1.3334575;0.0004970832;0.00010613808;0.00044856104;63.294994;148.49527;0.009784246;942395.75;988362.1;0.21554512;3.705075e-07;4.3134693e-07;3.9153434e-07;0.00056776847;0.0005650922;1.9170595e-05;1.974019e-06;3.5082335e-06;1.2271949e-05;3.0323606e-06;1.8740042e-06;1.159241e-05;1.0;1.0;9706.045;25
931140378;930968776;0.78862107;-0.0012409665;0.005309204;0.61485535;-77.75576;93.2852;-0.07298296;0.0;0.0;-1.9139646;0.00083707337;-0.0007490175;-0.00016394664;0.25216576;-0.02189484;-0.06942763;0.2657812;-8.02885e-05;-0.16746533;0.16326824;-0.0077173244;-0.17872599;0.0;0.0;-1.3334575;0.0004910575;0.000106573105;0.00044525982;63.556675;148.49886;0.009915195;947899.94;995747.2;0.21485174;3.7200752e-07;4.3116512e-07;3.898738e-07;0.0005678013;0.00056480593;1.912981e-05;1.9746117e-06;3.5078958e-06;1.2272485e-05;3.0223623e-06;1.8692499e-06;1.1590123e-05;1.0;1.0;9722.952;25
931635177;931463621;0.85176885;0.0011629765;-0.0020466913;0.5239125;-77.601234;93.37108;-0.076659486;0.0;0.0;-1.9007857;0.0008640165;-0.00069032726;-0.0001984284;0.25217944;-0.0218837;-0.069447786;0.26581696;-7.9855294e-05;-0.16749306;0.16322328;-0.007728481;-0.17877696;0.0;0.0;-1.3334575;0.00048564907;0.00010750659;0.0004421268;63.81733;142.7567;0.00998725;953309.8;911912.94;0.21371904;3.7343025e-07;4.310647e-07;3.882345e-07;0.00056764873;0.000564177;1.9085619e-05;1.9759657e-06;3.5069197e-06;1.2273275e-05;3.0155988e-06;1.8661942e-06;1.158806e-05;1.0;1.0;9739.542;25
932139367;931967462;0.89339274;0.0023391624;-0.00394238;0.4492531;-77.42546;93.43548;-0.0753332;0.0;0.0;-1.8914495;0.0009008819;-0.0006370227;-0.00020507882;0.25219277;-0.021845672;-0.06945739;0.2658378;-7.945177e-05;-0.16752867;0.16321447;-0.007731678;-0.1788157;0.0;0.0;-1.3334575;0.0004824326;0.000108895525;0.0004398161;64.09438;142.96149;0.010023423;958865.44;918844.4;0.21333718;3.7497762e-07;4.3128148e-07;3.8683584e-07;0.0005676801;0.0005638782;1.9039793e-05;1.9780819e-06;3.5065927e-06;1.2274027e-05;3.010864e-06;1.8641966e-06;1.15861685e-05;1.0;1.0;9756.474;25
932633936;932462307;0.88851696;-0.002822734;-0.0075399303;0.45877314;-77.268875;93.50239;-0.075180106;0.0;0.0;-1.8905047;0.0009327959;-0.0005914867;-0.0001998217;0.25220045;-0.021810155;-0.069471784;0.26585144;-7.913033e-05;-0.16756018;0.16321218;-0.0077310503;-0.1788434;0.0;0.0;-1.3334575;0.00047783545;0.00011050231;0.00043772536;64.35786;142.9917;0.0101412535;964321.7;925653.8;0.2161556;3.7639785e-07;4.312157e-07;3.860332e-07;0.00056770915;0.0005636186;1.8997081e-05;1.980374e-06;3.5068754e-06;1.2275296e-05;3.0071308e-06;1.862642e-06;1.1585048e-05;1.0;1.0;9773.021;25
933137521;932966148;0.88411534;0.0033291192;0.0052946946;0.46722683;-77.07189;93.58685;-0.06836511;0.0;0.0;-1.897106;0.0009706422;-0.0005379994;-0.00019753737;0.25221047;-0.02173738;-0.06947586;0.26586804;-7.8759935e-05;-0.16759646;0.16320756;-0.007732107;-0.17887658;0.0;0.0;-1.3334575;0.00047420853;0.000111950634;0.0004352851;64.61938;143.11707;0.010177653;969890.06;932670.2;0.21584596;3.7771278e-07;4.3117632e-07;3.847042e-07;0.0005677374;0.00056332623;1.8944762e-05;1.982473e-06;3.5065418e-06;1.2276215e-05;3.002959e-06;1.860826e-06;1.1583675e-05;1.0;1.0;9789.843;25
933632551;933460993;0.8818729;-0.001758434;8.34727e-05;0.47148386;-76.92198;93.503456;-0.077098474;0.0;0.0;-1.8980862;0.0010071729;-0.00049869966;-0.00019868641;0.252216;-0.0216961;-0.06948682;0.26588318;-7.845099e-05;-0.1676311;0.16320568;-0.007733727;-0.17890267;0.0;0.0;-1.3334575;0.00047509963;0.00011389264;0.00043528533;64.90778;143.71587;0.010303556;975446.3;939775.44;0.21888912;3.796895e-07;4.323633e-07;3.843657e-07;0.0005677665;0.0005630805;1.8903931e-05;1.984938e-06;3.5068306e-06;1.2277863e-05;2.9995601e-06;1.8592867e-06;1.1582679e-05;1.0;1.0;9806.391;25
934136245;933964834;0.8805606;-0.00047514148;-0.005366574;0.4739031;-76.756966;93.49513;-0.08319976;0.0;0.0;-1.8968272;0.001048777;-0.0004497393;-0.0002016511;0.25222033;-0.021640064;-0.06950151;0.26590136;-7.80984e-05;-0.16767031;0.16320175;-0.0077358377;-0.17893359;0.0;0.0;-1.3334575;0.0004727067;0.00011541323;0.00043331741;65.16592;143.95946;0.010300806;981054.1;946945.9;0.21862547;3.8096644e-07;4.3247928e-07;3.8319936e-07;0.000567792;0.0005628104;1.8848925e-05;1.9870135e-06;3.5064986e-06;1.2278911e-05;2.9957378e-06;1.8575128e-06;1.1581401e-05;1.0;1.0;9823.153;25
934640282;934468723;0.88073325;-0.0064342893;-0.007947349;0.47350225;-76.55502;93.43709;-0.06922772;0.0;0.0;-1.8930415;0.0010945832;-0.00040031926;-0.00020589524;0.25222257;-0.021578802;-0.06951766;0.26591817;-7.7739925e-05;-0.16770986;0.1631981;-0.0077381204;-0.17896518;0.0;0.0;-1.3334575;0.0004712247;0.00011699399;0.00043176807;65.42294;144.28096;0.010300249;986689.44;954208.25;0.21835914;3.8226918e-07;4.3277308e-07;3.8214722e-07;0.0005678162;0.00056255626;1.8793617e-05;1.9891131e-06;3.506173e-06;1.2279597e-05;2.9921325e-06;1.8557788e-06;1.1580018e-05;1.0;1.0;9839.899;25
935135479;934963567;0.88529575;-0.0030914259;-0.017314577;0.46469572;-76.366196;93.3437;-0.051566027;0.0;0.0;-1.880394;0.0011416469;-0.00035448026;-0.00020919486;0.2522125;-0.021525346;-0.069551446;0.26592922;-7.7427096e-05;-0.16774881;0.16319758;-0.0077371374;-0.17899837;0.0;0.0;-1.3334575;0.00046959674;0.000118469725;0.00043013663;65.67249;144.56862;0.010356482;992252.3;961393.75;0.22134301;3.833947e-07;4.3288458e-07;3.810524e-07;0.00056783925;0.0005623439;1.874565e-05;1.9911276e-06;3.5057649e-06;1.2279639e-05;2.9887076e-06;1.8541264e-06;1.1578142e-05;1.0;1.0;9856.283;25
935638782;935467362;0.8845338;-0.005963435;-0.009982796;0.46633118;-76.235405;93.24256;-0.06159848;0.0;0.0;-1.8761235;0.0011799198;-0.0003170872;-0.00020998108;0.25220048;-0.021486232;-0.06958749;0.26593843;-7.718836e-05;-0.16778322;0.1631974;-0.0077363723;-0.1790236;0.0;0.0;-1.3334575;0.00046901658;0.00012045355;0.00042969722;65.93245;144.96242;0.010335577;997927.75;968795.25;0.2209907;3.8487025e-07;4.3354402e-07;3.8081174e-07;0.0005678611;0.000562128;1.8690322e-05;1.9935164e-06;3.5061355e-06;1.2280523e-05;2.9859461e-06;1.8527612e-06;1.1576804e-05;1.0;1.0;9872.934;25
936133628;935962207;0.8800304;-0.00231742;-0.018132918;0.4745654;-76.08142;93.07136;-0.058167636;0.0;0.0;-1.8600374;0.0012281606;-0.0002748994;-0.00021357396;0.2521859;-0.021441845;-0.069630325;0.26595432;-7.69348e-05;-0.16782887;0.16319647;-0.0077385157;-0.179052;0.0;0.0;-1.3334575;0.00046986286;0.000121800615;0.0004288818;62.88289;145.47575;0.0103260325;912322.7;976145.2;0.21992901;3.8613294e-07;4.3422637e-07;3.7994946e-07;0.000567649;0.0005617144;1.853288e-05;1.9883548e-06;3.5056787e-06;1.2265779e-05;2.9827625e-06;1.851157e-06;1.1575032e-05;1.0;1.0;9889.22;25
936637680;936466048;0.88347095;-0.0055204746;-0.0059754467;0.46841526;-75.88096;93.00549;-0.056467984;0.0;0.0;-1.854435;0.0012752163;-0.00022543526;-0.00021728595;0.25217205;-0.021370351;-0.069667794;0.26596922;-7.668609e-05;-0.16787219;0.16319405;-0.0077413684;-0.1790821;0.0;0.0;-1.3334575;0.00046721252;0.00012324298;0.00042698332;63.113594;145.62892;0.010299204;917519.3;983588.9;0.21939495;3.8681395e-07;4.3393277e-07;3.7896348e-07;0.000567667;0.0005615281;1.8475856e-05;1.9903323e-06;3.5053524e-06;1.2266045e-05;2.9798293e-06;1.8495934e-06;1.1573582e-05;1.0;1.0;9905.733;25
937132490;936960893;0.88212234;0.00035765264;0.001224535;0.4710188;-75.741486;92.868164;-0.059973527;0.0;0.0;-1.8445138;0.0013143081;-0.00018861103;-0.00022190345;0.2521525;-0.021331483;-0.06971426;0.26597947;-7.650604e-05;-0.16790897;0.16319117;-0.007742773;-0.1791053;0.0;0.0;-1.3334575;0.0004664174;0.00012508364;0.00042643014;63.361443;145.96149;0.010358147;922689.7;991028.75;0.22220838;3.8790384e-07;4.3427497e-07;3.787337e-07;0.00056768657;0.0005613841;1.843039e-05;1.9926044e-06;3.5056469e-06;1.2267181e-05;2.9774674e-06;1.848314e-06;1.1572607e-05;1.0;1.0;9921.947;25
937636310;937464734;0.8806081;0.0001411494;0.0066138427;0.47379935;-75.54127;92.75023;-0.060800597;0.0;0.0;-1.8379972;0.0013613225;-0.00014447747;-0.0002252605;0.25214267;-0.021255312;-0.06974472;0.26599517;-7.626877e-05;-0.16795112;0.16319166;-0.007745593;-0.17912978;0.0;0.0;-1.3334575;0.0004652342;0.00012657909;0.00042504887;63.598297;146.23933;0.010325641;927946.94;998633.25;0.22155446;3.8857883e-07;4.3427337e-07;3.7790696e-07;0.00056770426;0.00056123297;1.8376866e-05;1.9946244e-06;3.5053213e-06;1.2267742e-05;2.9748292e-06;1.8468266e-06;1.1571331e-05;1.0;1.0;9938.346;25
938139979;937968576;0.8856339;-0.0028688596;0.006859237;0.46432468;-75.33023;92.60347;-0.05215419;0.0;0.0;-1.8283437;0.0014113252;-0.0001001804;-0.0002300518;0.2521327;-0.021173315;-0.06977541;0.26601043;-7.603432e-05;-0.16799305;0.16319166;-0.007748788;-0.17915411;0.0;0.0;-1.3334575;0.00046403686;0.0001280934;0.0004237497;63.83437;140.65799;0.010287683;933218.4;914872.06;0.22084923;3.8919256e-07;4.3428372e-07;3.7712547e-07;0.0005675024;0.00056072255;1.8325525e-05;1.9966092e-06;3.5044602e-06;1.2268248e-05;2.9721712e-06;1.8453912e-06;1.156992e-05;1.0;1.0;9954.718;25
938634810;938463420;0.8889615;-0.0024154878;0.007838155;0.45790866;-75.15069;92.4131;-0.05359775;0.0;0.0;-1.8167255;0.0014529354;-6.734569e-05;-0.00023231044;0.2521177;-0.021114947;-0.069811925;0.2660189;-7.585136e-05;-0.16802666;0.16319281;-0.0077489805;-0.1791729;0.0;0.0;-1.3334575;0.000466159;0.00013011553;0.00042426423;64.10333;141.25269;0.010353298;938498.9;921910.7;0.22356893;3.9044332e-07;4.353045e-07;3.7715833e-07;0.0005675226;0.0005606243;1.8288009e-05;1.9990314e-06;3.5047542e-06;1.2269307e-05;2.9702014e-06;1.844271e-06;1.1568939e-05;1.0;1.0;9970.722;25
939138697;938967309;0.88741416;0.005278929;0.0047155963;0.46091884;-74.970665;92.220474;-0.041321542;0.0;0.0;-1.7943703;0.0015000165;-3.0574556e-05;-0.00023262977;0.25209704;-0.021057425;-0.06986391;0.266031;-7.5660166e-05;-0.16806856;0.16319534;-0.0077498564;-0.1791932;0.0;0.0;-1.3334575;0.00046595343;0.00013160668;0.00042323105;64.34981;141.60588;0.010325626;943854.75;929062.94;0.22277774;3.9091006e-07;4.3538725e-07;3.764861e-07;0.0005675409;0.00056052033;1.8240802e-05;2.0011405e-06;3.5044375e-06;1.22701895e-05;2.9680116e-06;1.8429982e-06;1.1567917e-05;1.0;1.0;9986.96;25
939633815;939462153;0.88473946;-0.0012074328;0.0040177493;0.46606725;-74.74729;92.10686;-0.033471838;0.0;0.0;-1.7841215;0.0015472994;1.2414381e-05;-0.00023391868;0.2520857;-0.020968772;-0.06989805;0.26604554;-7.546789e-05;-0.16810948;0.16319571;-0.007753107;-0.17921376;0.0;0.0;-1.3334575;0.00046464658;0.00013288803;0.00042178784;64.58466;141.84013;0.010271814;949126.4;936111.5;0.22129196;3.9101369e-07;4.350654e-07;3.7570507e-07;0.00056755857;0.0005604268;1.8193361e-05;2.00311e-06;3.5040387e-06;1.2270942e-05;2.9659375e-06;1.8417288e-06;1.1567012e-05;1.0;1.0;9093.715;25
940137919;939965948;0.8849351;0.0016838756;0.00010167667;0.46571147;-74.519585;92.00651;-0.03188706;0.0;0.0;-1.7782925;0.0015923862;5.544521e-05;-0.00023488748;0.25208005;-0.02087995;-0.069924444;0.26606247;-7.526886e-05;-0.16814831;0.16319664;-0.0077574514;-0.1792317;0.0;0.0;-1.3334575;0.00046534903;0.00013432461;0.00042112148;64.84996;142.28229;0.010363238;954586.1;943418.25;0.22449794;3.9137007e-07;4.352327e-07;3.7515062e-07;0.00056758034;0.0005603568;1.8159097e-05;2.005268e-06;3.503723e-06;1.227213e-05;2.9639882e-06;1.8404932e-06;1.1566217e-05;1.0;1.0;9109.816;25
940632356;940460792;0.8851755;-0.001379004;-0.003971671;0.46523833;-74.32439;91.81068;-0.0357462;0.0;0.0;-1.755945;0.0016340235;8.8589186e-05;-0.00023736648;0.2520616;-0.020821258;-0.06997226;0.26607412;-7.5128824e-05;-0.16818538;0.16319804;-0.00776015;-0.1792483;0.0;0.0;-1.3334575;0.00046616927;0.00013617358;0.00042119654;65.115746;142.70648;0.010332161;959959.1;950641.5;0.22299853;3.9199924e-07;4.357626e-07;3.751927e-07;0.0005676001;0.0005602933;1.8120061e-05;2.0076227e-06;3.50402e-06;1.2273365e-05;2.962407e-06;1.8394519e-06;1.1565442e-05;1.0;1.0;9125.555;25
941136245;940964634;0.88106084;-0.001029615;-0.00072508893;0.47300133;-74.06098;91.70062;-0.023036374;0.0;0.0;-1.7491745;0.0016819924;0.00013107821;-0.00023735856;0.25205487;-0.020710716;-0.06999668;0.26609096;-7.497366e-05;-0.168229;0.1632002;-0.007765754;-0.1792665;0.0;0.0;-1.3334575;0.0004653736;0.00013744955;0.00042009016;65.37207;142.97897;0.010302514;965449.0;958013.7;0.22204122;3.9188177e-07;4.3548187e-07;3.7459316e-07;0.0005676192;0.0005602331;1.8080735e-05;2.009713e-06;3.5037026e-06;1.2274269e-05;2.960652e-06;1.8382461e-06;1.1564642e-05;1.0;1.0;9141.49;25
941639901;941468475;0.87922996;0.0041789766;-0.002883497;0.4763708;-73.82802;91.56661;-0.041331075;0.0;0.0;-1.7318808;0.0017280676;0.00017278791;-0.00024126047;0.252044;-0.020620298;-0.070033036;0.26610932;-7.482951e-05;-0.16827141;0.16320132;-0.00777168;-0.17928463;0.0;0.0;-1.3334575;0.00046558556;0.00013870881;0.0004193138;65.64753;143.36588;0.010388964;971020.56;965492.25;0.22517623;3.9180142e-07;4.3537221e-07;3.7408213e-07;0.0005676413;0.000560187;1.8051838e-05;2.0118541e-06;3.5033904e-06;1.2275524e-05;2.9589753e-06;1.8370317e-06;1.15637795e-05;1.0;1.0;9157.389;25
942134692;941963320;0.87504673;-0.09090371;-0.048454944;0.47295022;-73.81597;91.50308;-0.040203586;0.0;0.0;-1.7291981;0.0017232317;0.00018172896;-0.0002470596;0.2520088;-0.020641498;-0.07008598;0.26612645;-7.491003e-05;-0.16825473;0.16319992;-0.007783701;-0.17934385;0.0;0.0;-1.3334575;0.00046408415;0.00014018489;0.00041805528;65.90582;143.54358;0.010288603;976477.2;972827.0;0.22355895;3.9163388e-07;4.3500873e-07;3.740173e-07;0.00056766;0.00056014344;1.8014729e-05;2.0141104e-06;3.5036899e-06;1.2270956e-05;2.9575249e-06;1.8360544e-06;1.1553046e-05;1.0;1.0;9172.951;25
942638537;942467161;0.8613536;0.07948344;-0.12751952;0.48527446;-73.74709;91.08077;-0.11300733;0.0;0.0;-1.7071084;0.0017279666;0.00017241713;-0.00024950856;0.2519855;-0.020659849;-0.07012109;0.26615852;-7.4987474e-05;-0.16824403;0.1631927;-0.0078052585;-0.17940356;0.0;0.0;-1.3334575;0.0004633592;0.00014116995;0.00041600293;66.18209;143.79234;0.010482169;982089.56;980377.4;0.22243443;3.9110498e-07;4.344946e-07;3.7354317e-07;0.00056768;0.0005601117;1.7981667e-05;2.016009e-06;3.5033797e-06;1.2258737e-05;2.9553992e-06;1.8347605e-06;1.15326375e-05;1.0;1.0;9188.756;25
943133373;942962006;0.8384924;0.23049982;-0.064755656;0.48949698;-73.41538;90.88914;-0.1253424;0.0;0.0;-1.6969882;0.0018415228;0.00022102066;-0.00020589375;0.25196183;-0.020408925;-0.07010726;0.26616895;-7.4674055e-05;-0.16816998;0.16310817;-0.007867999;-0.17955753;0.0;0.0;-1.3334575;0.00046259857;0.0001418057;0.00041440636;66.45888;144.0986;0.010489513;987669.8;987879.6;0.22486378;3.905287e-07;4.340659e-07;3.731903e-07;0.00056769705;0.0005600938;1.7956934e-05;2.0175555e-06;3.502988e-06;1.2210851e-05;2.952172e-06;1.8317609e-06;1.1481011e-05;1.0;1.0;9204.172;25
943637287;943465894;0.88316554;-0.037872773;0.08057615;0.46053442;-72.403046;90.67676;0.027764317;0.0;0.0;-1.7086357;0.0020036118;0.00031935773;-0.00020507458;0.2518768;-0.01991425;-0.07006279;0.2660836;-7.396405e-05;-0.16785894;0.16310397;-0.007877654;-0.17993587;0.0;0.0;-1.3334575;0.00046305632;0.00014350479;0.0004156229;66.75497;144.51505;0.010328366;993427.2;995634.25;0.22412577;3.908189e-07;4.349324e-07;3.7357373e-07;0.000567704;0.00056008436;1.793539e-05;2.0195753e-06;3.5033622e-06;1.2161085e-05;2.9504915e-06;1.8294252e-06;1.14327995e-05;1.0;1.0;9219.648;25
944141103;943969689;0.87984174;0.08242633;-0.10841973;0.45533466;-72.71301;90.49796;-0.010453245;0.0;0.0;-1.6844978;0.0019668592;0.00028682494;-0.00020132972;0.2518105;-0.020031808;-0.070104934;0.26609075;-7.412554e-05;-0.16772005;0.1631141;-0.007904384;-0.18009412;0.0;0.0;-1.3334575;0.00046545418;0.00014473549;0.00041415961;67.06992;139.12251;0.010223654;999212.44;912269.0;0.22291872;3.905313e-07;4.3542107e-07;3.732866e-07;0.00056743965;0.0005596583;1.7916484e-05;2.0216921e-06;3.5025282e-06;1.2138144e-05;2.948821e-06;1.8284406e-06;1.1397001e-05;1.0;1.0;9235.076;25
944636129;944464533;0.8896554;0.07217309;0.0751521;0.4445859;-72.33269;90.2276;-0.08404785;0.0;0.0;-1.710195;0.0020165977;0.000322739;-0.00019747354;0.25179923;-0.019918837;-0.070107594;0.26610917;-7.390995e-05;-0.16771115;0.16310383;-0.007923856;-0.18015349;0.0;0.0;-1.3334575;0.0004674519;0.00014548548;0.00041374282;64.05587;139.64613;0.010565603;913646.3;919338.6;0.22550525;3.9008484e-07;4.3571836e-07;3.7309806e-07;0.0005671445;0.00055947155;1.7806784e-05;2.0167229e-06;3.5020948e-06;1.2114662e-05;2.9471794e-06;1.8272278e-06;1.1384681e-05;1.0;1.0;9250.185;25
945140072;944968375;0.8868925;-0.084788926;-0.05655075;0.45059362;-72.17981;90.13763;-0.06385015;0.0;0.0;-1.7152369;0.0020335023;0.00033799972;-0.00020161872;0.25177687;-0.019882541;-0.070121296;0.26612338;-7.380453e-05;-0.16768369;0.16311625;-0.007929511;-0.18021439;0.0;0.0;-1.3334575;0.0004663959;0.00014632208;0.00041243268;64.353165;139.93564;0.010363025;919015.9;926568.4;0.22452684;3.890074e-07;4.3512824e-07;3.7271596e-07;0.000567103;0.0005594471;1.778594e-05;2.0190193e-06;3.5017874e-06;1.2105386e-05;2.9456935e-06;1.8263933e-06;1.1369336e-05;1.0;1.0;9265.476;25
945634657;945463219;0.8938742;0.050214645;-0.05166104;0.44249126;-71.64644;90.0313;0.0665636;0.0;0.0;-1.7045103;0.0020997722;0.0003829032;-0.0002049438;0.251751;-0.019690754;-0.0701193;0.26610982;-7.352131e-05;-0.16765405;0.16314694;-0.007912759;-0.18028238;0.0;0.0;-1.3334575;0.00046805965;0.0001478937;0.00041312238;64.6746;140.40808;0.010252524;924381.3;933794.1;0.22289155;3.8892242e-07;4.3580224e-07;3.7307814e-07;0.000567048;0.0005594358;1.7774893e-05;2.0216426e-06;3.5020905e-06;1.2090207e-05;2.943785e-06;1.8256964e-06;1.1351753e-05;1.0;1.0;9280.43;25
946138449;945967061;0.8898276;-0.11471473;-0.060213376;0.4375176;-71.05391;89.67706;0.07822726;0.0;0.0;-1.6933913;0.0021774166;0.0004261967;-0.00019134342;0.25170946;-0.019497441;-0.070124045;0.2660937;-7.328271e-05;-0.16758989;0.1631424;-0.0079226745;-0.18040177;0.0;0.0;-1.3334575;0.00046963283;0.0001489068;0.00041340283;65.014175;140.93794;0.010669466;929902.8;941235.94;0.22629556;3.8835455e-07;4.3604902e-07;3.729676e-07;0.0005670125;0.00055944;1.7778906e-05;2.0240107e-06;3.501784e-06;1.2076547e-05;2.942544e-06;1.8245479e-06;1.13369015e-05;1.0;1.0;9295.532;25
946633606;946461906;0.89547694;-0.003470525;-0.024407765;0.44442475;-70.95032;89.55276;0.023908842;0.0;0.0;-1.6838305;0.0022046098;0.00043898702;-0.00018316788;0.2516864;-0.019421829;-0.07013319;0.26609617;-7.3136594e-05;-0.16754821;0.16314979;-0.007931137;-0.1804728;0.0;0.0;-1.3334575;0.0004733106;0.0001499971;0.00041342605;65.37198;141.64407;0.010528453;935395.2;948630.25;0.2247901;3.8796222e-07;4.3685506e-07;3.7287333e-07;0.00056698674;0.0005594484;1.77905e-05;2.026487e-06;3.5013936e-06;1.2068317e-05;2.941483e-06;1.8237829e-06;1.1322917e-05;1.0;1.0;9310.297;25
947137148;946965747;0.88420606;0.035111234;-0.07734242;0.45930928;-70.59997;89.26146;0.1262587;0.0;0.0;-1.6578118;0.0022577695;0.00045842055;-0.00018388945;0.25166732;-0.019253993;-0.07012655;0.26609582;-7.310373e-05;-0.16756508;0.16315229;-0.007934426;-0.18050456;0.0;0.0;-1.3334575;0.0004727525;0.00015132512;0.0004135601;65.70384;141.96625;0.010477343;940978.06;956151.56;0.22389181;3.8723928e-07;4.3665844e-07;3.7320135e-07;0.00056692807;0.00055943726;1.7781196e-05;2.0291252e-06;3.5017804e-06;1.2067288e-05;2.9406297e-06;1.8230492e-06;1.1320059e-05;1.0;1.0;9325.2295;25
947641029;947469636;0.8733806;0.02444043;-0.027643247;0.48563868;-70.535;88.66195;0.034633704;0.0;0.0;-1.6582268;0.0022699246;0.00043655478;-0.00020050844;0.2516914;-0.019189833;-0.070070975;0.26612496;-7.320221e-05;-0.16754036;0.163159;-0.007949223;-0.18056321;0.0;0.0;-1.3334575;0.00047499445;0.00015208809;0.00041286403;66.062996;142.56314;0.010625054;946640.94;963794.4;0.22729306;3.8640945e-07;4.367185e-07;3.7309616e-07;0.00056688255;0.0005594316;1.7782433e-05;2.0315285e-06;3.501471e-06;1.2059328e-05;2.9393273e-06;1.8221873e-06;1.13036995e-05;1.0;1.0;9339.995;25
948136169;947964480;0.8671155;0.01709144;-0.002147444;0.4978092;-70.15851;88.370865;0.014693598;0.0;0.0;-1.6472492;0.0023049954;0.00046596423;-0.00021049652;0.25167996;-0.01910028;-0.070080444;0.26614818;-7.320608e-05;-0.16756773;0.16316012;-0.0079607535;-0.18058567;0.0;0.0;-1.3334575;0.0004744262;0.0001525688;0.00041205355;66.3981;142.90227;0.010834102;952221.44;971314.56;0.22592877;3.8498666e-07;4.3606335e-07;3.728094e-07;0.00056682696;0.0005594199;1.7777094e-05;2.0337457e-06;3.5010883e-06;1.2060215e-05;2.9383846e-06;1.8210884e-06;1.1301524e-05;1.0;1.0;9354.402;25
948639734;948468275;0.91871595;-0.0116641605;0.0015249212;0.3947437;-69.91363;88.27886;0.037967145;0.0;0.0;-1.6356316;0.0023194526;0.0004936416;-0.00021925519;0.25164467;-0.019056292;-0.070121616;0.2661613;-7.327394e-05;-0.16758743;0.16316187;-0.007964908;-0.18060856;0.0;0.0;-1.3334575;0.00047073397;0.00015337656;0.0004110705;66.71998;142.99976;0.010867943;957893.7;978974.75;0.22523661;3.8342552e-07;4.34735e-07;3.729638e-07;0.000566771;0.00055940566;1.776505e-05;2.036257e-06;3.5014725e-06;1.2060864e-05;2.9375176e-06;1.8204578e-06;1.12984635e-05;1.0;1.0;9368.954;25
949134713;948963119;0.98630244;-0.023575054;-0.028927987;0.16067067;-69.95363;88.420105;0.037656605;0.0;0.0;-1.6287783;0.0022801012;0.0004679307;-0.00018203957;0.25158074;-0.019152706;-0.07020713;0.26617804;-7.3135285e-05;-0.16759853;0.16319418;-0.007941946;-0.18062572;0.0;0.0;-1.3334575;0.00047088772;0.00015360137;0.00040987466;67.07333;143.46056;0.01077789;963584.94;986660.0;0.2282869;3.8227387e-07;4.3445453e-07;3.7279167e-07;0.0005667347;0.0005594091;1.7769604e-05;2.0384512e-06;3.501087e-06;1.2057967e-05;2.9328946e-06;1.8194487e-06;1.1289788e-05;1.0;1.0;9383.23;25
949638449;949466961;0.9888852;-0.10973311;0.09243831;-0.03898667;-70.77363;88.14341;-0.1443684;0.0;0.0;-1.6706749;0.0021361397;0.00034513016;-0.00015408747;0.2515035;-0.019274568;-0.07024445;0.2661289;-7.299621e-05;-0.16739817;0.16334848;-0.007852604;-0.18077788;0.0;0.0;-1.3334575;0.00047098382;0.00015315761;0.00040743797;67.47215;144.16017;0.010835312;969470.94;994585.56;0.22787578;3.8164313e-07;4.3491644e-07;3.7291642e-07;0.0005667315;0.0005594411;1.779447e-05;2.0392304e-06;3.5007834e-06;1.2018899e-05;2.9172509e-06;1.8148672e-06;1.1234178e-05;1.0;1.0;9397.826;25
950133294;949961805;0.9948629;0.080554225;-0.016085053;-0.059161905;-70.61072;87.87575;0.0121768;0.0;0.0;-1.6685752;0.0021289482;0.00023696922;-1.9378886e-05;0.2515268;-0.019318463;-0.07028713;0.26623502;-7.205006e-05;-0.1676585;0.1631919;-0.007777572;-0.18053171;0.0;0.0;-1.3334575;0.0004637326;0.00015234614;0.00040556383;67.79454;138.26231;0.010837286;975190.75;911249.2;0.22626169;3.8083505e-07;4.3419652e-07;3.732597e-07;0.00056639564;0.0005590177;1.7805794e-05;2.0395407e-06;3.5005974e-06;1.19794895e-05;2.8962968e-06;1.8102533e-06;1.1195432e-05;1.0;1.0;9412.151;25
950637225;950465647;0.9924937;-0.008915354;0.010741261;-0.12149637;-71.26949;87.3906;0.024898542;0.0;0.0;-1.6836134;0.0020173972;5.9368e-05;5.6412664e-05;0.25149935;-0.019489715;-0.07037716;0.26631284;-7.1725175e-05;-0.16770236;0.16318703;-0.0076280017;-0.18048275;0.0;0.0;-1.3334575;0.00045741076;0.00015088837;0.00040303371;68.135185;138.58766;0.010928117;981100.6;918554.7;0.22975169;3.8004958e-07;4.3314236e-07;3.7319703e-07;0.0005663583;0.00055902713;1.7811004e-05;2.0396938e-06;3.500301e-06;1.1976425e-05;2.8729185e-06;1.8030963e-06;1.1189439e-05;1.0;1.0;9426.724;25
951140857;950969488;0.9861899;-0.07870406;-0.111964;-0.093269736;-72.26786;87.02627;-0.010291335;0.0;0.0;-1.6859105;0.0018611184;-0.00013438455;0.0001192801;0.2513781;-0.019791743;-0.07053152;0.26634696;-7.163459e-05;-0.16761775;0.16324057;-0.0074688685;-0.18052946;0.0;0.0;-1.3334575;0.00044776953;0.00014919855;0.00039915682;68.45365;138.67151;0.011046843;986995.2;925852.6;0.22874773;3.7882614e-07;4.3104959e-07;3.7290854e-07;0.00056631595;0.00055902515;1.7806204e-05;2.039474e-06;3.5000028e-06;1.1975396e-05;2.84998e-06;1.7953683e-06;1.1182552e-05;1.0;1.0;9441.327;25
951635984;951464333;0.9802001;-0.13563563;-0.1373354;-0.04415685;-72.9905;86.340775;-0.018822039;0.0;0.0;-1.6956528;0.0017583697;-0.00031477184;0.00015822325;0.2513108;-0.019982938;-0.07057759;0.26633778;-7.166992e-05;-0.16752346;0.1633136;-0.00737967;-0.18057618;0.0;0.0;-1.3334575;0.00044483438;0.00014923757;0.00039719755;68.831985;139.15034;0.0112204;992935.0;933172.25;0.22721064;3.7911323e-07;4.3103398e-07;3.7345126e-07;0.000566293;0.0005590411;1.7822242e-05;2.0403545e-06;3.5003209e-06;1.1962763e-05;2.8352138e-06;1.7900195e-06;1.1160014e-05;1.0;1.0;9455.771;25
952139843;951968221;0.99943256;0.025439357;0.020984843;0.006858442;-73.40411;85.91148;-0.06301258;0.0;0.0;-1.7372428;0.0017063394;-0.0004542146;0.0002332444;0.2513076;-0.020011645;-0.07058359;0.26637986;-7.120459e-05;-0.16748814;0.16330826;-0.0073015443;-0.1805927;0.0;0.0;-1.3334575;0.00044431744;0.00014921588;0.0003959886;69.23433;139.83197;0.011301548;999075.25;940734.5;0.22620855;3.79767e-07;4.31259e-07;3.7371203e-07;0.00056631793;0.00055907737;1.7859711e-05;2.041434e-06;3.5000244e-06;1.19366605e-05;2.8196264e-06;1.7844147e-06;1.1126076e-05;1.0;1.0;9470.462;25
952634506;952463066;0.9789537;-0.18254566;-0.013099953;0.090305574;-73.555084;85.66693;0.09428883;0.0;0.0;-1.7489139;0.0016800696;-0.00055919535;0.00029426086;0.25131;-0.020074245;-0.07060342;0.26641807;-7.085367e-05;-0.16755229;0.1633165;-0.0072476575;-0.18051566;0.0;0.0;-1.3334575;0.0004455919;0.00014944864;0.00039539865;66.1716;140.4964;0.01103299;913783.25;948207.75;0.2290649;3.8066966e-07;4.3134835e-07;3.7388514e-07;0.00056596694;0.00055896846;1.7790577e-05;2.036007e-06;3.4996167e-06;1.19173465e-05;2.8081856e-06;1.781207e-06;1.1117758e-05;1.0;1.0;9484.86;25
953138623;952966860;0.9396516;0.17334557;0.15643087;0.2500713;-73.870834;85.37532;-0.1147789;0.0;0.0;-1.7812972;0.0016941627;-0.0006037546;0.00034940764;0.25131;-0.020074245;-0.07060342;0.26636404;-7.0398026e-05;-0.16733763;0.1633431;-0.0072689587;-0.18071002;0.0;0.0;-1.3334575;0.00044788985;0.00015037684;0.00039413827;66.580635;141.30153;0.01092159;919454.94;955911.2;0.227841;3.8144088e-07;4.3117893e-07;3.740481e-07;0.0005660073;0.0005590088;1.7831435e-05;2.0379916e-06;3.499325e-06;1.1866154e-05;2.803653e-06;1.7795533e-06;1.1052379e-05;1.0;1.0;9499.545;25
953633175;953461705;0.95978326;-0.020155001;-0.0085133165;0.27988818;-73.72753;84.99105;-0.13964416;0.0;0.0;-1.798323;0.0017227303;-0.0005931971;0.00038343246;0.25128788;-0.020049555;-0.07061696;0.26636595;-6.993719e-05;-0.1672686;0.16335604;-0.0072651906;-0.18079694;0.0;0.0;-1.3334575;0.0004510876;0.00015199944;0.00039554498;66.98749;142.09851;0.01126419;925077.3;963571.2;0.23085345;3.8265358e-07;4.3156604e-07;3.747278e-07;0.00056598237;0.0005590086;1.786336e-05;2.0409063e-06;3.499641e-06;1.1858654e-05;2.800428e-06;1.7790651e-06;1.1041059e-05;1.0;1.0;9513.824;25
954137172;953965546;0.892315;0.019227007;0.0014901828;0.45100138;-73.69343;84.67534;-0.14146662;0.0;0.0;-1.8112322;0.0017540449;-0.0005788518;0.0003860155;0.25127938;-0.019948985;-0.07060545;0.26639372;-6.97118e-05;-0.16728932;0.16337758;-0.0072619827;-0.18080826;0.0;0.0;-1.3334575;0.00045180775;0.00015269064;0.00039491456;67.35949;142.64325;0.011080639;930792.06;971374.44;0.22994408;3.828457e-07;4.3031218e-07;3.746332e-07;0.0005659124;0.00055897085;1.7882638e-05;2.0434536e-06;3.4993514e-06;1.1858927e-05;2.7979686e-06;1.7786173e-06;1.1035687e-05;1.0;1.0;9528.324;25
954640838;954469388;0.72942173;0.04819158;0.031900395;0.6816186;-73.27374;84.53934;-0.110828474;0.0;0.0;-1.8173018;0.0017977722;-0.00047029892;0.0003625664;0.25118688;-0.019772016;-0.070682906;0.2664134;-6.959652e-05;-0.16728793;0.16338375;-0.0072403005;-0.18087694;0.0;0.0;-1.3334575;0.00045072677;0.00015236516;0.00039469876;67.70865;143.08739;0.011381973;936531.9;979230.56;0.22917521;3.828081e-07;4.288065e-07;3.743919e-07;0.00056583283;0.0005589162;1.7899773e-05;2.044799e-06;3.4990576e-06;1.1854723e-05;2.7925582e-06;1.7753381e-06;1.1030814e-05;1.0;1.0;9542.713;25
955135813;954964232;0.6292887;-0.0007874041;-0.0018203286;0.7771691;-72.97856;84.14544;-0.08868868;0.0;0.0;-1.8340263;0.0018050857;-0.00042695054;0.00029977216;0.25116643;-0.019683884;-0.070708305;0.26649308;-6.988956e-05;-0.16729887;0.16330796;-0.0072247377;-0.180919;0.0;0.0;-1.3334575;0.00044798854;0.0001512054;0.0003946753;68.04374;143.51476;0.011522062;942218.6;987025.25;0.22808905;3.8301252e-07;4.2808125e-07;3.7465563e-07;0.00056575285;0.0005588564;1.7918639e-05;2.0448533e-06;3.4993816e-06;1.1855119e-05;2.7808849e-06;1.7682293e-06;1.1028513e-05;1.0;1.0;9556.766;25
955639488;955468074;0.67421186;0.02414914;0.044345494;0.7368098;-73.277176;83.746735;-0.034223147;0.0;0.0;-1.8627594;0.0017584441;-0.00044357133;0.00022097988;0.2510539;-0.01968584;-0.070782535;0.2665684;-7.073439e-05;-0.16721201;0.16315529;-0.0072373534;-0.18107048;0.0;0.0;-1.3334575;0.00044628902;0.000149513;0.0003934697;68.36676;144.02678;0.0116484575;948042.1;995045.8;0.23229095;3.8316387e-07;4.2729238e-07;3.7449362e-07;0.0005656994;0.0005588136;1.7941265e-05;2.0442508e-06;3.4990937e-06;1.1848472e-05;2.7664569e-06;1.7599735e-06;1.1011425e-05;1.0;1.0;9570.969;25
956134293;955962918;0.76810753;-0.091381766;-0.15886685;0.613532;-73.5641;83.044174;-0.16457108;0.0;0.0;-1.8552866;0.0017169396;-0.0004542114;0.00014064655;0.2508925;-0.019663606;-0.070871934;0.26663253;-7.149674e-05;-0.16714482;0.16303352;-0.00726528;-0.18119422;0.0;0.0;-1.3334575;0.00044490944;0.00014882126;0.00039185054;68.719955;138.34222;0.012311468;953770.1;911796.75;0.23168267;3.8294712e-07;4.2657254e-07;3.7420335e-07;0.00056564185;0.00055875425;1.7965629e-05;2.0443586e-06;3.4982634e-06;1.1835114e-05;2.758045e-06;1.7550278e-06;1.0986872e-05;1.0;1.0;9584.853;25
956638467;956466807;0.8739868;-0.02768767;0.09020584;0.4767005;-73.29278;82.75813;-0.03781929;0.0;0.0;-1.8824589;0.0017402251;-0.00041064827;7.35941e-05;0.250784;-0.019445252;-0.0709136;0.26664624;-7.200581e-05;-0.16702677;0.16302992;-0.0072432137;-0.18137881;0.0;0.0;-1.3334575;0.00044053816;0.00014923145;0.00039080763;69.03959;138.42749;0.011958716;959608.94;919152.44;0.23183091;3.8224167e-07;4.251482e-07;3.7434904e-07;0.0005655641;0.00055865524;1.7974402e-05;2.0464956e-06;3.4986751e-06;1.1818743e-05;2.7539113e-06;1.7531133e-06;1.0963867e-05;1.0;1.0;9598.935;25
957133038;956961652;0.9339272;-0.25938123;0.046869867;0.24146351;-73.545746;82.18473;-0.16100664;0.0;0.0;-1.8895144;0.001738584;-0.00040677487;4.392809e-05;0.25073445;-0.019380707;-0.07094612;0.26665345;-7.223163e-05;-0.16696882;0.1630438;-0.007253795;-0.18146607;0.0;0.0;-1.3334575;0.00044060047;0.00014986953;0.00038937537;69.42928;138.93816;0.0125332875;965461.2;926495.94;0.23612933;3.8210547e-07;4.2457086e-07;3.742025e-07;0.0005655596;0.0005586277;1.800407e-05;2.0486962e-06;3.4983154e-06;1.17970885e-05;2.7513245e-06;1.7521282e-06;1.0932669e-05;1.0;1.0;9612.63;25
957637042;957465446;0.989335;0.017414289;-0.014325237;0.14390253;-73.316284;81.87272;-0.06865067;0.0;0.0;-1.8992552;0.0017592382;-0.00042410148;9.610303e-05;0.25069156;-0.019281358;-0.07100148;0.26667592;-7.1767965e-05;-0.16711266;0.16306785;-0.0072213574;-0.18134664;0.0;0.0;-1.3334575;0.00043582552;0.00015015359;0.00038694363;69.78145;139.02313;0.012747276;971408.2;933974.6;0.2358394;3.8130634e-07;4.228597e-07;3.7394142e-07;0.00056552;0.00055849575;1.802016e-05;2.0508503e-06;3.4980374e-06;1.1772259e-05;2.744712e-06;1.7507109e-06;1.090286e-05;1.0;1.0;9626.537;25
958141073;957969288;0.9977993;0.012784675;0.022082016;0.061202414;-73.69267;81.58531;-0.065731965;0.0;0.0;-1.9054946;0.0017267509;-0.00050015136;0.00015066896;0.2505732;-0.01924252;-0.071095996;0.26670688;-7.1103e-05;-0.1671141;0.16307941;-0.0071604634;-0.18134679;0.0;0.0;-1.3334575;0.0004285868;0.00015006516;0.0003844132;70.133026;139.06396;0.0125531;977377.94;941490.3;0.23572315;3.8045047e-07;4.2076675e-07;3.7363242e-07;0.00056548946;0.0005583032;1.803315e-05;2.0524756e-06;3.497757e-06;1.17736245e-05;2.734371e-06;1.7478026e-06;1.0901275e-05;1.0;1.0;9640.393;25
958635516;958464132;0.97805715;0.044047177;-0.0008758198;0.20362543;-73.94269;81.284676;-0.06736647;0.0;0.0;-1.8982584;0.0017235461;-0.00056302355;0.00019959873;0.2505396;-0.019172614;-0.0711229;0.2667307;-7.0543385e-05;-0.16711837;0.16308725;-0.007119671;-0.18134359;0.0;0.0;-1.3334575;0.00042736685;0.00015131423;0.0003843294;70.54528;139.50723;0.012232352;983396.9;949017.0;0.2395051;3.811613e-07;4.2067956e-07;3.7415637e-07;0.0005654976;0.00055811496;1.8067269e-05;2.054958e-06;3.498093e-06;1.1776881e-05;2.7276374e-06;1.7460706e-06;1.0900736e-05;1.0;1.0;9654.006;25
959139419;958967974;0.8911975;0.022588478;-0.12325268;0.43596533;-73.74071;80.59594;-0.07707941;0.0;0.0;-1.8571469;0.001782569;-0.0005521397;0.00023377358;0.2505361;-0.01896826;-0.07111849;0.26674387;-7.019266e-05;-0.16707103;0.16308875;-0.007120828;-0.18142757;0.0;0.0;-1.3334575;0.0004236259;0.00015194184;0.00038295393;70.9303;139.64713;0.012679294;989494.7;956666.2;0.23908141;3.808364e-07;4.1892162e-07;3.7381076e-07;0.0005654989;0.0005578705;1.8090044e-05;2.0574237e-06;3.4978154e-06;1.17703485e-05;2.7250642e-06;1.7454383e-06;1.0890733e-05;1.0;1.0;9667.739;25
959634504;959462818;0.8077609;-0.0031288126;-0.07319195;0.5849407;-73.605515;80.03565;-0.0795455;0.0;0.0;-1.851107;0.0018110758;-0.00052037847;0.00019544823;0.25055325;-0.018827708;-0.071107976;0.26678678;-7.036113e-05;-0.16707686;0.16307162;-0.0071273567;-0.18145971;0.0;0.0;-1.3334575;0.0004211817;0.00015226688;0.00038146638;71.310265;139.83173;0.0128543945;995553.8;964251.3;0.23815154;3.8063334e-07;4.173931e-07;3.7342173e-07;0.00056551304;0.0005576186;1.811799e-05;2.059306e-06;3.4974641e-06;1.1770992e-05;2.7224078e-06;1.7439407e-06;1.0885129e-05;1.0;1.0;9681.141;25
960138086;959966660;0.67409587;-0.05385429;-0.07248213;0.7331036;-73.4851;79.70667;-0.03427671;0.0;0.0;-1.8600453;0.0018279583;-0.00047088106;0.00014690922;0.25052062;-0.018685643;-0.07114992;0.26683015;-7.0714945e-05;-0.16706938;0.16303232;-0.0071197012;-0.18152246;0.0;0.0;-1.3334575;0.00041830735;0.00015203153;0.00038122566;68.13789;140.0514;0.013045961;910692.9;972005.94;0.24284805;3.8094274e-07;4.166369e-07;3.7372317e-07;0.0005651635;0.0005573112;1.8044018e-05;2.0533184e-06;3.497851e-06;1.1754561e-05;2.715965e-06;1.7399321e-06;1.0880416e-05;1.0;1.0;9694.631;25
960632882;960461504;0.58361405;0.0010680387;-0.04570419;0.8107434;-73.388626;79.08778;-0.031603396;0.0;0.0;-1.8585082;0.0018235613;-0.0004454593;6.9636044e-05;0.2504995;-0.01854821;-0.071192324;0.2669239;-7.12569e-05;-0.16706255;0.16292681;-0.0071057184;-0.18159811;0.0;0.0;-1.3334575;0.00041287977;0.00015055989;0.00037955536;68.48192;140.17494;0.013425542;916289.75;979702.2;0.24225414;3.807099e-07;4.1553673e-07;3.7334604e-07;0.00056519045;0.00055704854;1.8075982e-05;2.0524824e-06;3.4975003e-06;1.1753237e-05;2.7017468e-06;1.731463e-06;1.0874854e-05;1.0;1.0;9707.798;25
961136872;960965393;0.6609126;-0.02840369;-0.005282284;0.74990666;-73.42116;78.65574;-0.050717708;0.0;0.0;-1.8579887;0.0017992844;-0.0004197342;-3.3408692e-06;0.25041446;-0.018420996;-0.07130371;0.26702315;-7.1735325e-05;-0.1671024;0.16279867;-0.007093832;-0.18162537;0.0;0.0;-1.3334575;0.00040337132;0.00014867388;0.000376675;68.78926;140.01427;0.013663168;921941.0;987544.5;0.24240325;3.7966635e-07;4.1352524e-07;3.7275979e-07;0.00056519854;0.0005567883;1.8090965e-05;2.0511757e-06;3.4972377e-06;1.1755051e-05;2.6871348e-06;1.7228555e-06;1.0873948e-05;1.0;1.0;9721.114;25
961640608;961469189;0.8720498;-0.028554313;0.014991357;0.48835343;-73.48845;78.351395;-0.092534;0.0;0.0;-1.880113;0.0017846661;-0.00038112028;-6.3692925e-05;0.25034294;-0.018356776;-0.071383335;0.2670784;-7.212071e-05;-0.16710272;0.16273238;-0.007096611;-0.18167321;0.0;0.0;-1.3334575;0.00039812436;0.00014900981;0.00037547486;69.14391;140.00902;0.014123126;927645.5;995477.44;0.24756213;3.7925955e-07;4.1251587e-07;3.7284107e-07;0.0005652109;0.0005565762;1.8109426e-05;2.0526454e-06;3.497658e-06;1.1758222e-05;2.6826333e-06;1.7199984e-06;1.0872314e-05;1.0;1.0;9734.357;25
962135496;961964032;0.9664293;0.0056963125;-0.06276493;0.24908365;-73.52203;78.130646;-0.08118782;0.0;0.0;-1.8643341;0.0017959627;-0.00037262536;-7.1453476e-05;0.2503132;-0.018236661;-0.07142211;0.2670944;-7.218264e-05;-0.16709559;0.1627505;-0.0070901765;-0.18171693;0.0;0.0;-1.3334575;0.0003923189;0.00014951646;0.0003729432;69.49476;133.7142;0.013681665;933257.8;912106.56;0.24689782;3.7813115e-07;4.1084536e-07;3.721609e-07;0.0005648003;0.00055591227;1.81238e-05;2.0547902e-06;3.4968812e-06;1.17580275e-05;2.6800892e-06;1.7193179e-06;1.0867148e-05;1.0;1.0;9747.346;25
962639325;962467873;0.97139955;0.009429981;-0.01941481;0.2364682;-73.57968;77.73588;-0.079700395;0.0;0.0;-1.8474618;0.0018135697;-0.00038974284;-3.235846e-05;0.25029323;-0.018102724;-0.071470685;0.2671121;-7.198366e-05;-0.16711861;0.16276638;-0.0070695034;-0.18173327;0.0;0.0;-1.3334575;0.0003867993;0.00015008342;0.00037074756;69.878685;133.64423;0.0135832075;939080.7;919442.7;0.24680403;3.7739463e-07;4.0955888e-07;3.7169235e-07;0.0005648198;0.00055570237;1.8150356e-05;2.0571301e-06;3.49662e-06;1.1757663e-05;2.6758692e-06;1.7183395e-06;1.0863313e-05;1.0;1.0;9760.48;25
963134200;962962718;0.9621881;0.09672564;0.057043873;0.24816167;-73.45792;77.4361;-0.0353594;0.0;0.0;-1.8330857;0.0018477064;-0.00037882745;1.40688835e-05;0.25026593;-0.017988602;-0.071529746;0.2671268;-7.171687e-05;-0.16710663;0.1627658;-0.0070578465;-0.18177815;0.0;0.0;-1.3334575;0.00038155075;0.00015104149;0.0003696879;70.252525;133.58557;0.0138206575;944821.9;926717.2;0.25052333;3.7708358e-07;4.085231e-07;3.717376e-07;0.000564833;0.00055553234;1.8173061e-05;2.059692e-06;3.4969614e-06;1.1755777e-05;2.6723314e-06;1.7174951e-06;1.0859607e-05;1.0;1.0;9773.333;25
963638172;963466559;0.955377;0.017778521;0.012433797;0.29459178;-73.37173;77.15418;-0.019585883;0.0;0.0;-1.8077826;0.0018832785;-0.00037113967;5.7980353e-05;0.25025514;-0.01789666;-0.07156379;0.26713747;-7.146308e-05;-0.16707432;0.16277048;-0.0070506874;-0.18184392;0.0;0.0;-1.3334575;0.00037689612;0.00015181933;0.00036792795;70.65182;133.55148;0.013680195;950764.75;934189.4;0.25011855;3.7669267e-07;4.0741836e-07;3.7129763e-07;0.0005648531;0.00055536325;1.8205648e-05;2.062223e-06;3.496715e-06;1.1751605e-05;2.6689709e-06;1.7167382e-06;1.0852658e-05;1.0;1.0;9786.404;25
964132985;963961404;0.9238323;0.009787046;0.015413828;0.38236192;-73.0638;76.902;-0.006532003;0.0;0.0;-1.7820199;0.0019311786;-0.0003342706;8.4938525e-05;0.2502636;-0.017808976;-0.071593806;0.26715073;-7.123277e-05;-0.16707464;0.16277722;-0.0070466218;-0.18186966;0.0;0.0;-1.3334575;0.00037253485;0.00015258342;0.00036616295;71.045456;133.48746;0.013637037;956640.5;941575.9;0.24858354;3.762512e-07;4.061595e-07;3.707487e-07;0.0005648687;0.0005552255;1.8238305e-05;2.0647506e-06;3.496377e-06;1.1752517e-05;2.667045e-06;1.716374e-06;1.0851244e-05;1.0;1.0;9799.122;25
964636619;964465245;0.8714126;0.013604048;0.08639583;0.48269117;-72.59355;76.818855;0.013179097;0.0;0.0;-1.7789252;0.001985102;-0.00024956046;9.2928036e-05;0.25021636;-0.017709693;-0.071667574;0.26715237;-7.113894e-05;-0.1670533;0.16278377;-0.0070464932;-0.18192248;0.0;0.0;-1.3334575;0.000367294;0.00015357455;0.00036533122;71.41718;133.38335;0.013961725;962592.0;949168.3;0.25267953;3.759053e-07;4.0480296e-07;3.7076734e-07;0.0005648672;0.00055513135;1.825793e-05;2.0672362e-06;3.4968075e-06;1.1748899e-05;2.6660039e-06;1.7157932e-06;1.0847142e-05;1.0;1.0;9812.01;25
965140528;964969134;0.7867748;-0.096123;-0.055293255;0.6071972;-72.40178;76.67023;0.06550337;0.0;0.0;-1.748686;0.002003885;-0.00019917692;5.4586995e-05;0.25018507;-0.017621655;-0.071706474;0.26718023;-7.136053e-05;-0.16697434;0.16277851;-0.007043196;-0.18204847;0.0;0.0;-1.3334575;0.00036177097;0.0001536606;0.000363118;71.76948;133.23407;0.013640347;968598.94;956803.8;0.25159582;3.751484e-07;4.03088e-07;3.7015474e-07;0.00056486164;0.0005550515;1.8282239e-05;2.06921e-06;3.4965492e-06;1.1737239e-05;2.662795e-06;1.7139276e-06;1.0828708e-05;1.0;1.0;9824.7705;25
965635520;965463978;0.77402496;0.011166364;0.033273794;0.6321816;-72.49285;76.201225;0.02054559;0.0;0.0;-1.7304857;0.0019767182;-0.00019224478;6.571355e-06;0.25010678;-0.017603455;-0.07175123;0.26721528;-7.1766946e-05;-0.16686395;0.16271165;-0.00706712;-0.18220863;0.0;0.0;-1.3334575;0.0003572094;0.0001535645;0.0003605914;72.14253;133.15837;0.013917153;974583.4;964376.2;0.2500519;3.745898e-07;4.0187126e-07;3.6961907e-07;0.0005648618;0.0005550147;1.8313944e-05;2.070374e-06;3.4962184e-06;1.172625e-05;2.6583032e-06;1.7108007e-06;1.080555e-05;1.0;1.0;9837.31;25
966139629;965967773;0.7687005;0.0062683285;0.013745885;0.63943064;-72.25685;75.85486;0.014151942;0.0;0.0;-1.7100496;0.002011364;-0.0001324668;-4.1193845e-05;0.25014144;-0.017543823;-0.07176862;0.26727656;-7.216571e-05;-0.16692594;0.16266418;-0.007076501;-0.18219617;0.0;0.0;-1.3334575;0.00035300347;0.00015348973;0.00035891883;72.5155;133.15202;0.014149005;980701.4;972160.0;0.2545004;3.7407415e-07;4.0089876e-07;3.6921713e-07;0.00056484604;0.0005549727;1.8342425e-05;2.071282e-06;3.4959635e-06;1.1724174e-05;2.6539901e-06;1.7074863e-06;1.0801022e-05;1.0;1.0;9849.953;25
966634178;966462617;0.7658119;0.0070095407;0.021203516;0.6426769;-72.13303;75.68304;0.022653298;0.0;0.0;-1.7009435;0.002011177;-8.473771e-05;-8.357165e-05;0.2500816;-0.017459998;-0.071857184;0.26731813;-7.254794e-05;-0.16694552;0.16262147;-0.0070781903;-0.1822332;0.0;0.0;-1.3334575;0.00034554486;0.00015361985;0.00035707557;72.84759;132.88113;0.014033179;986665.8;979826.94;0.25264147;3.7302053e-07;3.993046e-07;3.690853e-07;0.0005648025;0.00055492745;1.8356577e-05;2.072538e-06;3.4963214e-06;1.1725565e-05;2.6503244e-06;1.7047554e-06;1.0799034e-05;1.0;1.0;9862.333;25
967137902;966966459;0.76713026;-0.008445525;-0.024127703;0.64098185;-71.694466;75.487206;0.04045139;0.0;0.0;-1.680675;0.0020682933;-1.4610209e-06;-0.00013631271;0.25011182;-0.01737075;-0.07188321;0.26736403;-7.295274e-05;-0.16695558;0.16259891;-0.0070766993;-0.18226631;0.0;0.0;-1.3334575;0.00033939362;0.00015352924;0.0003551826;73.2026;132.71915;0.013903241;992835.25;987704.56;0.25167558;3.7193678e-07;3.980972e-07;3.6855573e-07;0.0005647626;0.00055489317;1.8380426e-05;2.0734976e-06;3.49607e-06;1.1721517e-05;2.6463156e-06;1.7013462e-06;1.0794876e-05;1.0;1.0;9874.802;25
967632997;967461303;0.7756384;0.0041491683;0.0015689355;0.631162;-71.39864;75.4091;0.020093182;0.0;0.0;-1.6855133;0.0020899964;7.5486634e-05;-0.00018125845;0.25005707;-0.017294675;-0.0719765;0.26741585;-7.3295814e-05;-0.16699721;0.16256116;-0.0070803366;-0.18228011;0.0;0.0;-1.3334575;0.0003334766;0.0001531883;0.00035309646;73.52855;132.5624;0.014086332;998878.25;995520.8;0.2549509;3.7057714e-07;3.9669433e-07;3.6794728e-07;0.0005647178;0.00055487524;1.839429e-05;2.0744158e-06;3.4957457e-06;1.1722519e-05;2.6428306e-06;1.6984515e-06;1.079431e-05;1.0;1.0;9887.017;25
968136779;967965145;0.7557512;-0.0015388449;-0.0046965536;0.65484023;-71.136765;75.362175;0.035135515;0.0;0.0;-1.6874243;0.0021060994;0.00013873754;-0.00021457314;0.24999757;-0.017224746;-0.07206796;0.26745823;-7.359196e-05;-0.1670335;0.16252977;-0.007085058;-0.18229501;0.0;0.0;-1.3334575;0.00032579098;0.00015301288;0.0003513636;70.193214;126.17866;0.013934372;913628.06;912239.4;0.2535375;3.6907676e-07;3.950241e-07;3.6774458e-07;0.0005637924;0.0005543954;1.828842e-05;2.0683062e-06;3.4957543e-06;1.1707332e-05;2.6392581e-06;1.6958094e-06;1.0792752e-05;1.0;1.0;9899.357;25
968640504;968468986;0.8413678;-0.01813597;0.0029025795;0.5401509;-70.86794;75.18952;0.040965598;0.0;0.0;-1.6864768;0.0021233596;0.0001952231;-0.00026655712;0.24997337;-0.017167078;-0.0721185;0.26750714;-7.397406e-05;-0.16705336;0.16249406;-0.007091162;-0.18232454;0.0;0.0;-1.3334575;0.0003202774;0.00015306176;0.00034939716;70.53574;126.02681;0.013786159;919343.44;919598.94;0.25231597;3.6769035e-07;3.9404935e-07;3.6719916e-07;0.0005637446;0.0005543978;1.8309296e-05;2.0696518e-06;3.4955106e-06;1.1709441e-05;2.6363734e-06;1.6933662e-06;1.0792094e-05;1.0;1.0;9911.63;25
969135385;968963831;0.95656157;0.004931969;-0.0007481564;0.2914879;-70.60271;75.03574;0.040885758;0.0;0.0;-1.6657106;0.0021542576;0.00023662401;-0.00026952446;0.24995083;-0.017108036;-0.072180256;0.26752776;-7.413146e-05;-0.16707851;0.16249003;-0.007098076;-0.18233763;0.0;0.0;-1.3334575;0.0003154909;0.00015308542;0.00034752305;70.870026;125.91892;0.013791172;924969.56;926907.75;0.2553159;3.6617723e-07;3.9299437e-07;3.6659287e-07;0.0005636991;0.00055441144;1.8323793e-05;2.0716798e-06;3.4951934e-06;1.1710789e-05;2.635041e-06;1.6926397e-06;1.079141e-05;1.0;1.0;9923.646;25
969639142;969467719;0.968951;0.0050504063;0.0034931183;0.24717672;-70.53346;74.89527;0.057195667;0.0;0.0;-1.651794;0.002159923;0.00022945044;-0.0002186181;0.24991375;-0.017093806;-0.072223425;0.26755023;-7.376915e-05;-0.16708457;0.1624924;-0.0070754476;-0.18235368;0.0;0.0;-1.3334575;0.0003109891;0.00015386092;0.00034652083;71.26632;125.84817;0.013503338;930820.7;934409.44;0.2537826;3.6552933e-07;3.928243e-07;3.6668737e-07;0.00056365744;0.0005544362;1.8352406e-05;2.0742311e-06;3.495634e-06;1.1712262e-05;2.631035e-06;1.6916171e-06;1.0790392e-05;1.0;1.0;9935.812;25
970133952;969962564;0.9397833;0.0063647944;-0.00016616641;0.3417117;-70.40636;74.71688;0.057692934;0.0;0.0;-1.6269053;0.0021782396;0.00022707449;-0.00016476214;0.24989222;-0.01707894;-0.07226025;0.26757383;-7.340873e-05;-0.16709286;0.16249843;-0.007056915;-0.18236877;0.0;0.0;-1.3334575;0.00030677754;0.00015409128;0.00034468394;71.645515;125.782265;0.013275963;936609.3;941845.0;0.25117797;3.6442233e-07;3.92197e-07;3.66125e-07;0.0005636156;0.0005544657;1.8379693e-05;2.076532e-06;3.4953189e-06;1.1714303e-05;2.6279713e-06;1.6908801e-06;1.0789879e-05;1.0;1.0;9947.745;25
970637818;970466358;0.8964029;0.0022801822;-0.0107878065;0.44310325;-70.072685;74.59587;0.0638947;0.0;0.0;-1.6052184;0.0022176043;0.0002659611;-0.00014457754;0.24986476;-0.01703792;-0.07230505;0.2675898;-7.335619e-05;-0.1671063;0.1624994;-0.007058716;-0.1823853;0.0;0.0;-1.3334575;0.0003041322;0.00015451877;0.00034348585;72.026245;125.811165;0.013297571;942531.1;949491.0;0.2544359;3.635874e-07;3.9174924e-07;3.6572396e-07;0.0005635826;0.00055449817;1.8405633e-05;2.078929e-06;3.4950779e-06;1.1716422e-05;2.626977e-06;1.6904535e-06;1.07894375e-05;1.0;1.0;9959.798;25
971132677;970961203;0.89275694;-0.009653433;-0.00280281;0.45042643;-69.763145;74.4138;0.0713395;0.0;0.0;-1.5925696;0.002242106;0.00030362594;-0.0001516409;0.24984439;-0.017010696;-0.07232546;0.2676076;-7.3412535e-05;-0.16712132;0.16249831;-0.0070655798;-0.18239364;0.0;0.0;-1.3334575;0.00030173975;0.00015576798;0.00034301777;72.43666;125.83022;0.013178542;948450.2;957063.8;0.25185916;3.6322504e-07;3.918186e-07;3.6585462e-07;0.00056355103;0.000554534;1.8439721e-05;2.0815921e-06;3.4954471e-06;1.171943e-05;2.6265734e-06;1.6899893e-06;1.0789299e-05;1.0;1.0;9971.592;25
971636664;971465044;0.93604475;3.7352129e-06;0.0004620475;0.35188082;-69.42897;74.31602;0.07710578;0.0;0.0;-1.5842774;0.002273479;0.00035026058;-0.0001482022;0.2497992;-0.016960008;-0.07236853;0.26762357;-7.345811e-05;-0.1671422;0.16249941;-0.0070711216;-0.18240756;0.0;0.0;-1.3334575;0.00029865085;0.00015618837;0.00034171212;72.8238;125.83247;0.013069958;954470.44;964836.06;0.24993768;3.6219936e-07;3.9124265e-07;3.6541968e-07;0.00056351937;0.0005545682;1.846718e-05;2.084009e-06;3.4952072e-06;1.172175e-05;2.6257517e-06;1.6896048e-06;1.0789058e-05;1.0;1.0;9983.49;25
972140396;971968885;0.9752051;-0.021579599;-0.007479234;0.22012125;-69.23859;74.06988;0.09551496;0.0;0.0;-1.5637739;0.0022794472;0.00035345912;-0.00010829005;0.2497548;-0.016934196;-0.072410926;0.26764452;-7.31465e-05;-0.16716045;0.16251065;-0.0070567285;-0.1824161;0.0;0.0;-1.3334575;0.0002955123;0.0001564207;0.00034029677;73.22081;125.85629;0.013135713;960546.44;972680.75;0.24804457;3.6125527e-07;3.9074808e-07;3.650063e-07;0.0005634936;0.0005546017;1.8496046e-05;2.086377e-06;3.4949699e-06;1.1724015e-05;2.6225755e-06;1.6889318e-06;1.0788735e-05;1.0;1.0;9995.328;25
972635582;972463730;0.96010256;-0.22910881;-0.008587415;0.16012095;-69.57573;73.98744;0.08259391;0.0;0.0;-1.5694419;0.0022118273;0.0002881934;-4.525159e-05;0.2496989;-0.0169758;-0.072429925;0.26766965;-7.239636e-05;-0.16727233;0.1625262;-0.0070407465;-0.18230487;0.0;0.0;-1.3334575;0.00029346388;0.00015617385;0.00033772035;73.62132;125.987816;0.012752246;966596.0;980471.8;0.25049397;3.6073988e-07;3.905903e-07;3.6471823e-07;0.0005634775;0.0005546321;1.8529397e-05;2.0877287e-06;3.494659e-06;1.1684296e-05;2.6153218e-06;1.6866911e-06;1.0739356e-05;1.0;1.0;9097.852;25
973138943;972967571;0.9945142;0.04482748;-0.03245972;0.08876067;-69.74971;73.80557;0.08847293;0.0;0.0;-1.5545819;0.002179776;0.00024377587;2.5595882e-05;0.24965245;-0.016963357;-0.07249987;0.26770043;-7.169636e-05;-0.16738088;0.16251937;-0.0070000077;-0.18221566;0.0;0.0;-1.3334575;0.00028908646;0.0001562473;0.00033625137;74.00689;126.01173;0.012711508;972715.8;988455.1;0.24792919;3.602004e-07;3.8997695e-07;3.649502e-07;0.00056345394;0.00055466173;1.8551957e-05;2.089591e-06;3.4951054e-06;1.1671541e-05;2.6079572e-06;1.6848217e-06;1.0723176e-05;1.0;1.0;9109.688;25
973633827;973462415;0.9863068;-0.08281874;-0.012140258;-0.14210048;-70.37295;73.51426;0.09792496;0.0;0.0;-1.5584711;0.002080222;0.00014385369;7.988053e-05;0.2495788;-0.016942963;-0.07255765;0.26774263;-7.070881e-05;-0.16741389;0.16254511;-0.0068987045;-0.18219626;0.0;0.0;-1.3334575;0.0002843162;0.00015493415;0.0003339286;74.3618;126.087234;0.012728716;978769.8;996373.7;0.2501659;3.5958715e-07;3.8913583e-07;3.6461012e-07;0.00056343776;0.00055469386;1.8573699e-05;2.0900495e-06;3.4947973e-06;1.1671574e-05;2.5925988e-06;1.6799696e-06;1.0720671e-05;1.0;1.0;9121.361;25
974137743;973966304;0.9134913;0.017328145;-0.04014314;-0.40450215;-71.52433;73.18371;0.072719626;0.0;0.0;-1.556869;0.0018918659;-5.2472416e-05;0.000100686084;0.24955116;-0.016919497;-0.07260076;0.26780647;-6.937947e-05;-0.1674726;0.16261356;-0.0066843345;-0.18211882;0.0;0.0;-1.3334575;0.0002766805;0.00015218777;0.000330352;74.71391;120.14845;0.012378143;984958.06;913179.3;0.24783398;3.5924208e-07;3.8829614e-07;3.64269e-07;0.0005629244;0.0005543;1.8590517e-05;2.0876944e-06;3.494186e-06;1.1669662e-05;2.5619383e-06;1.6682841e-06;1.0715768e-05;1.0;1.0;9133.299;25
974632588;974461148;0.772159;-0.006350518;-0.0071119196;-0.63535804;-72.73438;72.71145;0.063115396;0.0;0.0;-1.5496676;0.0016877447;-0.0002595498;4.7075715e-05;0.24953847;-0.016878054;-0.072586805;0.26778856;-6.8570225e-05;-0.16739424;0.16274983;-0.0064493227;-0.18212055;0.0;0.0;-1.3334575;0.000266067;0.00014803826;0.00032713363;75.02134;120.16515;0.012033364;991099.06;920500.7;0.24477683;3.5950606e-07;3.8792467e-07;3.6459886e-07;0.0005629068;0.0005543268;1.8613939e-05;2.0840416e-06;3.4945679e-06;1.1671101e-05;2.5254712e-06;1.6523392e-06;1.0710176e-05;1.0;1.0;9145.206;25
975136411;974964943;0.6662888;-0.08603142;0.09144354;-0.73504823;-74.405975;72.09283;0.11544119;0.0;0.0;-1.5420583;0.0014359462;-0.0005344217;-1.572263e-05;0.2495259;-0.01686627;-0.07261491;0.26780462;-6.7905545e-05;-0.16742235;0.16277681;-0.0062054773;-0.18200445;0.0;0.0;-1.3334575;0.00025349265;0.0001421562;0.00032217536;75.29078;120.174934;0.011989354;997378.5;928006.5;0.2423716;3.59973e-07;3.8749837e-07;3.645547e-07;0.0005628906;0.00055435044;1.8637362e-05;2.0761397e-06;3.4943366e-06;1.1670006e-05;2.4772753e-06;1.629997e-06;1.0707695e-05;1.0;1.0;9157.423;25
975640181;975468784;0.75158674;-0.0055861;-0.0061751353;-0.65958166;-75.98596;71.54079;0.08115652;0.0;0.0;-1.5343592;0.0012265615;-0.0008055154;-5.5152283e-05;0.24954022;-0.016921137;-0.0726166;0.26783875;-6.728393e-05;-0.16746122;0.16273217;-0.006012792;-0.18186483;0.0;0.0;-1.3334575;0.00024277148;0.00013667508;0.0003178526;71.82092;120.23947;0.011898712;912484.56;935518.6;0.24496986;3.611482e-07;3.877161e-07;3.6467034e-07;0.00056244456;0.00055435416;1.8555478e-05;2.0612572e-06;3.4941017e-06;1.1650221e-05;2.4344915e-06;1.6094596e-06;1.0702126e-05;1.0;1.0;9169.829;25
976135047;975963628;0.8660579;-0.033714857;0.020005455;-0.49840418;-77.44552;71.03401;0.098469935;0.0;0.0;-1.53366;0.0010842878;-0.0010093565;-7.5445554e-05;0.24952167;-0.016969396;-0.07259872;0.26784095;-6.6842076e-05;-0.16740693;0.16273278;-0.0058678566;-0.18183286;0.0;0.0;-1.3334575;0.00023461443;0.00013383232;0.00031558092;72.15497;120.38094;0.011754998;918262.0;943013.0;0.24199662;3.6272647e-07;3.8857812e-07;3.6525688e-07;0.0005624393;0.00055438286;1.8589522e-05;2.057489e-06;3.4944758e-06;1.1653661e-05;2.4062717e-06;1.5953524e-06;1.0701646e-05;1.0;1.0;9182.184;25
976638906;976467470;0.94010335;-0.10075968;0.029880172;-0.32428464;-78.669205;70.68;0.112630345;0.0;0.0;-1.5248318;0.0009794078;-0.0012074276;-3.7647555e-05;0.24953215;-0.017038431;-0.07260041;0.26792237;-6.6113294e-05;-0.16751143;0.16268261;-0.005724812;-0.18168533;0.0;0.0;-1.3334575;0.00022906472;0.00013235613;0.00031292456;72.519104;120.56969;0.011460503;924208.1;950703.8;0.2397411;3.6451456e-07;3.8931992e-07;3.6529036e-07;0.00056243886;0.00055441406;1.8626368e-05;2.0545913e-06;3.4942495e-06;1.1650046e-05;2.3834393e-06;1.5838453e-06;1.0697492e-05;1.0;1.0;9194.925;25
977133720;976962314;0.9852354;0.010737966;0.0045785615;-0.17080717;-79.78376;70.34717;0.089850076;0.0;0.0;-1.5111594;0.0009202734;-0.0013646679;4.001766e-05;0.24955297;-0.017113041;-0.07260516;0.26800227;-6.518934e-05;-0.16764961;0.16266157;-0.0056111035;-0.18151729;0.0;0.0;-1.3334575;0.00022602109;0.00013205611;0.00031085184;72.890816;120.82146;0.011404152;930070.94;958323.06;0.2412769;3.66486e-07;3.8992013e-07;3.6511713e-07;0.0005624442;0.0005544425;1.8658495e-05;2.0536677e-06;3.493951e-06;1.1643529e-05;2.3689342e-06;1.5762984e-06;1.0689843e-05;1.0;1.0;9207.634;25
977637558;977466156;0.99992883;0.006363938;-0.0016443388;0.009954712;-80.44031;70.111595;0.09536212;0.0;0.0;-1.4932914;0.0008927329;-0.0014434606;9.258407e-05;0.24952652;-0.017144047;-0.0726128;0.2680252;-6.458319e-05;-0.16762127;0.16267209;-0.005545901;-0.18152688;0.0;0.0;-1.3334575;0.00022447633;0.00013315854;0.0003105629;73.29602;121.08372;0.011214725;936092.7;966137.1;0.23887712;3.6855613e-07;3.9073853e-07;3.654033e-07;0.000562452;0.0005544687;1.869273e-05;2.0552693e-06;3.4944096e-06;1.1646495e-05;2.3610626e-06;1.5723738e-06;1.0689185e-05;1.0;1.0;9220.648;25
978132409;977961000;0.9700268;-0.010433746;0.12097866;0.2104836;-80.68442;70.02971;0.087638855;0.0;0.0;-1.5180994;0.0008969542;-0.001420713;0.00017725401;0.24943803;-0.017140398;-0.07267148;0.26803157;-6.358844e-05;-0.16758065;0.16268323;-0.0055059185;-0.18157555;0.0;0.0;-1.3334575;0.00022381108;0.00013418173;0.00030974287;73.68014;121.34965;0.011155338;942024.44;973877.7;0.23584247;3.7039936e-07;3.9081598e-07;3.6475822e-07;0.0005624624;0.00055448874;1.8721974e-05;2.057345e-06;3.4941136e-06;1.1642315e-05;2.355502e-06;1.5703656e-06;1.0683614e-05;1.0;1.0;9233.538;25
978636311;978464889;0.89589375;-0.0861969;-0.10600432;0.42273837;-80.49692;69.90229;0.12274271;0.0;0.0;-1.4911531;0.00092438475;-0.0013425739;0.00022444439;0.24937761;-0.017102452;-0.072702065;0.26802316;-6.286826e-05;-0.16754617;0.16271044;-0.0054779607;-0.18162811;0.0;0.0;-1.3334575;0.00022502526;0.00013539717;0.00030960294;74.09488;121.710526;0.011230724;948157.56;981827.5;0.2382415;3.7271536e-07;3.9118405e-07;3.6408375e-07;0.00056248;0.0005545104;1.8758881e-05;2.0598502e-06;3.4938923e-06;1.1631877e-05;2.3509772e-06;1.569489e-06;1.0670476e-05;1.0;1.0;9246.575;25
979140536;978968683;0.7861632;0.09803282;-0.14670251;0.5922967;-80.668045;69.75015;0.08365296;0.0;0.0;-1.4783518;0.00092292257;-0.0012933817;0.00020120724;0.24938317;-0.017124444;-0.072724424;0.26807174;-6.273573e-05;-0.16762805;0.16265799;-0.005485043;-0.18156147;0.0;0.0;-1.3334575;0.00022547603;0.0001356168;0.00030838847;74.4906;122.03796;0.011273536;954289.3;989837.94;0.23613831;3.7466071e-07;3.911437e-07;3.6328686e-07;0.00056249107;0.00055452506;1.8790006e-05;2.0607727e-06;3.4936759e-06;1.1613827e-05;2.3454686e-06;1.5677754e-06;1.0642505e-05;1.0;1.0;9259.654;25
979635034;979463527;0.6508817;0.16135976;0.1977536;0.7149893;-80.00005;69.56444;-0.03479267;0.0;0.0;-1.5117317;0.000973543;-0.0011047844;0.00017725883;0.24932088;-0.016989363;-0.072845176;0.26807463;-6.201777e-05;-0.16751994;0.16262782;-0.0054457854;-0.18169355;0.0;0.0;-1.3334575;0.00022388133;0.00013507412;0.00030769527;74.87541;122.32868;0.01156947;960322.44;997769.56;0.23389119;3.76495e-07;3.914291e-07;3.6315993e-07;0.0005625037;0.00055452844;1.881647e-05;2.060325e-06;3.4940583e-06;1.1549453e-05;2.3384416e-06;1.5636876e-06;1.0579584e-05;1.0;1.0;9272.416;25
980138817;979967369;0.5743138;-0.011667769;-0.04329273;0.81740636;-79.82027;69.40462;-0.0108618075;0.0;0.0;-1.536801;0.0009793631;-0.0010143069;8.256244e-05;0.24928007;-0.016876878;-0.07288414;0.26810017;-6.2186904e-05;-0.16727567;0.16260856;-0.0053589656;-0.1819684;0.0;0.0;-1.3334575;0.00022232729;0.00013374782;0.00030718656;75.222565;116.7254;0.011731206;966475.1;914475.2;0.23681642;3.7836207e-07;3.916529e-07;3.6241582e-07;0.0005625353;0.0005545433;1.8851104e-05;2.0588802e-06;3.4934867e-06;1.1522151e-05;2.3249818e-06;1.5572087e-06;1.0550497e-05;1.0;1.0;9285.262;25
980642666;980471210;0.39338416;-0.0075884433;-0.02675979;0.91895336;-80.04017;69.21529;0.04679089;0.0;0.0;-1.5585911;0.00095157;-0.0010017703;2.6929427e-05;0.24928313;-0.016852258;-0.07292221;0.2681658;-6.2298255e-05;-0.16725883;0.16252528;-0.0053226305;-0.1820059;0.0;0.0;-1.3334575;0.00021862448;0.00013128536;0.00030598196;75.51795;116.98575;0.011703355;972646.9;921949.9;0.23557286;3.7996335e-07;3.9191963e-07;3.6183437e-07;0.0005625681;0.0005545555;1.8873758e-05;2.0558487e-06;3.4932752e-06;1.1522233e-05;2.3066136e-06;1.5481878e-06;1.0547386e-05;1.0;1.0;9298.113;25
981137584;980966055;0.16823585;-0.012271328;0.007917019;0.9856386;-80.58112;68.80667;0.064677574;0.0;0.0;-1.5717785;0.00089764;-0.001046392;2.5263043e-06;0.24928467;-0.0168785;-0.07293447;0.26819324;-6.223425e-05;-0.16724141;0.16243677;-0.005313962;-0.18200578;0.0;0.0;-1.3334575;0.00021334049;0.00012826148;0.00030513553;75.81557;117.24417;0.011847094;978767.94;929350.1;0.234014;3.8178416e-07;3.9286064e-07;3.6202823e-07;0.0005626033;0.000554576;1.889965e-05;2.0519174e-06;3.4936618e-06;1.1524469e-05;2.285305e-06;1.5376296e-06;1.0546066e-05;1.0;1.0;9310.733;25
981632321;981460899;-0.114671014;-0.010812637;0.00686912;0.99332094;-81.56767;68.20443;0.07307363;0.0;0.0;-1.5593842;0.0007915966;-0.0011694301;-6.9384087e-06;0.24928188;-0.016966034;-0.072905734;0.2681657;-6.196027e-05;-0.16718638;0.16232096;-0.0053308485;-0.18198347;0.0;0.0;-1.3334575;0.00020727083;0.00012413069;0.00030303342;76.11401;117.54761;0.0120677175;985008.7;936814.4;0.23728223;3.839476e-07;3.9435946e-07;3.619749e-07;0.00056264095;0.0005546034;1.8935887e-05;2.0447628e-06;3.4933744e-06;1.152745e-05;2.2543968e-06;1.5224348e-06;1.0545503e-05;1.0;1.0;9323.443;25
982136140;981964740;-0.3060615;0.0075622736;-0.007054449;0.9519556;-82.77491;67.605865;0.076653205;0.0;0.0;-1.5358692;0.00065899995;-0.0013124754;-1.7913862e-05;0.24927859;-0.017060166;-0.07285375;0.26806304;-6.144266e-05;-0.16709074;0.16228336;-0.0053336057;-0.18194076;0.0;0.0;-1.3334575;0.0001995719;0.00011967948;0.0003005353;76.4023;117.81523;0.012062407;991377.0;944463.0;0.23669802;3.8614075e-07;3.9605067e-07;3.6217028e-07;0.00056267844;0.0005546333;1.897088e-05;2.0366429e-06;3.4931586e-06;1.1530215e-05;2.2217669e-06;1.5063573e-06;1.0545139e-05;1.0;1.0;9336.463;25
982640119;982468629;-0.32379958;-0.020926056;0.041127324;0.9449998;-83.87906;67.14036;0.09798366;0.0;0.0;-1.5148067;0.00054433086;-0.0014225009;-3.0154788e-05;0.24927591;-0.017123612;-0.07280845;0.26793453;-6.08598e-05;-0.16698736;0.1623127;-0.0053237686;-0.1818957;0.0;0.0;-1.3334575;0.00019188049;0.00011581488;0.00029922806;76.68574;118.06639;0.011988171;997752.1;952176.3;0.23605292;3.885444e-07;3.9801654e-07;3.629695e-07;0.0005627145;0.00055466284;1.9001556e-05;2.0304124e-06;3.493628e-06;1.15330995e-05;2.1955516e-06;1.493321e-06;1.0544017e-05;1.0;1.0;9349.676;25
983134867;982963473;-0.32482448;-0.024058545;0.049428113;0.9441754;-85.01117;66.60916;0.09782502;0.0;0.0;-1.4839501;0.00042680278;-0.001532631;-3.7961694e-05;0.24927223;-0.01720143;-0.07275395;0.26777652;-6.0060847e-05;-0.16686511;0.16235724;-0.005324601;-0.1818387;0.0;0.0;-1.3334575;0.00018488245;0.00011162468;0.00029691437;73.08214;118.274704;0.012081545;912746.9;959723.94;0.23915106;3.910335e-07;4.000691e-07;3.631941e-07;0.00056228024;0.0005546802;1.8918648e-05;2.014843e-06;3.4933187e-06;1.1518561e-05;2.167e-06;1.4792809e-06;1.0541209e-05;1.0;1.0;9362.757;25
983638693;983467267;-0.32831648;-0.012329483;0.040548712;0.9436165;-86.10247;66.13928;0.13107447;0.0;0.0;-1.4506792;0.00032555131;-0.0016190066;-2.6044523e-05;0.24926679;-0.01728578;-0.07269745;0.26759952;-5.887255e-05;-0.16674505;0.16240826;-0.005351862;-0.18176673;0.0;0.0;-1.3334575;0.00017813029;0.000108216766;0.00029489966;73.32544;118.51786;0.012053592;918577.7;967527.25;0.23824754;3.9363155e-07;4.0223532e-07;3.6346256e-07;0.00056231336;0.00055470236;1.8945913e-05;2.0073917e-06;3.4930756e-06;1.1520443e-05;2.1408646e-06;1.4663698e-06;1.0537736e-05;1.0;1.0;9376.138;25
984142861;983971109;-0.31909207;-0.007396189;0.04313088;0.946713;-87.16176;65.64668;0.17877792;0.0;0.0;-1.4081318;0.00023473945;-0.001693025;-1.1729581e-05;0.24926661;-0.017361546;-0.07262945;0.26742995;-5.7492183e-05;-0.16662538;0.16245563;-0.0053817076;-0.18169782;0.0;0.0;-1.3334575;0.00017219623;0.00010530751;0.000293176;73.590515;118.79589;0.012008211;924505.4;975412.3;0.23743941;3.964927e-07;4.0468248e-07;3.637907e-07;0.0005623475;0.00055471977;1.897957e-05;2.0002822e-06;3.4928503e-06;1.1522628e-05;2.116681e-06;1.4545609e-06;1.0534912e-05;1.0;1.0;9389.786;25
984637357;984465953;-0.25114942;0.0029677143;0.048250373;0.9667405;-88.08159;65.20028;0.18827294;0.0;0.0;-1.3500732;0.00016516543;-0.0017437957;5.0072963e-06;0.24926846;-0.017412798;-0.07258131;0.2673065;-5.6083863e-05;-0.16652796;0.16248201;-0.0054043266;-0.18164395;0.0;0.0;-1.3334575;0.00016717945;0.00010302823;0.0002926253;73.869026;119.09844;0.012054733;930364.2;983206.94;0.24039799;3.9957348e-07;4.0738868e-07;3.6460375e-07;0.00056238053;0.0005547289;1.9012876e-05;1.9948045e-06;3.49321e-06;1.1524559e-05;2.0972586e-06;1.4453573e-06;1.0532797e-05;1.0;1.0;9403.253;25
985132208;984960797;-0.11925514;0.0029760636;0.044450805;0.9918637;-89.12604;64.83269;0.20273106;0.0;0.0;-1.309363;8.821404e-05;-0.0017801804;3.6489142e-05;0.24927177;-0.01743076;-0.072566114;0.26720962;-5.399395e-05;-0.1664303;0.1624663;-0.005430701;-0.18158598;0.0;0.0;-1.3334575;0.0001620795;0.00010077969;0.0002909795;74.09169;119.3425;0.011993721;936159.0;991033.9;0.23852253;4.025192e-07;4.099146e-07;3.6469086e-07;0.000562408;0.000554714;1.903656e-05;1.9877823e-06;3.4928726e-06;1.1525279e-05;2.0756765e-06;1.4360616e-06;1.0530188e-05;1.0;1.0;9416.803;25
985636286;985464639;0.009429423;0.019125622;0.028177505;0.99937546;-90.04566;64.407265;0.231304;0.0;0.0;-1.2716901;2.564653e-05;-0.0017961065;5.2604173e-05;0.24930006;-0.017386915;-0.07253042;0.26716208;-5.221124e-05;-0.1663585;0.16243385;-0.0054418677;-0.18154418;0.0;0.0;-1.3334575;0.0001583421;9.9294484e-05;0.0002898673;74.3715;119.676796;0.01203008;942213.2;999099.1;0.23753889;4.0572945e-07;4.1277033e-07;3.6472312e-07;0.0005624394;0.0005546822;1.9073648e-05;1.981817e-06;3.4926347e-06;1.1526263e-05;2.0552848e-06;1.4285052e-06;1.05284325e-05;1.0;1.0;9430.86;25
986139880;985968480;0.12690556;0.08068401;0.03613863;0.9879672;-90.68453;64.10433;0.2397479;0.0;0.0;-1.2133225;-1.2448075e-05;-0.0017945053;4.6752844e-05;0.24934264;-0.017322818;-0.072533876;0.2671856;-5.1271018e-05;-0.16635038;0.16237575;-0.0054364293;-0.18149579;0.0;0.0;-1.3334575;0.00015520059;9.84571e-05;0.0002896978;74.63409;114.08123;0.012158884;948151.75;915636.94;0.24111445;4.088796e-07;4.1556734e-07;3.650564e-07;0.00056190265;0.00055420323;1.9081128e-05;1.9773238e-06;3.492735e-06;1.1522736e-05;2.0388545e-06;1.4232118e-06;1.05252e-05;1.0;1.0;9444.882;25
986634841;986463324;0.2362126;0.095424086;0.023187086;0.9667266;-91.14357;63.890934;0.21375349;0.0;0.0;-1.1933556;-3.8897848e-05;-0.0017810109;2.788495e-06;0.24943289;-0.017169885;-0.072536685;0.2672633;-5.125768e-05;-0.16641031;0.16228154;-0.0054116794;-0.18141015;0.0;0.0;-1.3334575;0.00015268849;9.799568e-05;0.00028837027;74.90727;114.40879;0.012179453;954113.94;922936.56;0.23937833;4.1206218e-07;4.1848966e-07;3.6452354e-07;0.0005619247;0.0005541122;1.9112276e-05;1.9721438e-06;3.4924071e-06;1.1509969e-05;2.0210737e-06;1.4181454e-06;1.0515801e-05;1.0;1.0;9458.803;25
987138605;986967213;0.33732808;0.026239656;-0.010875599;0.9409586;-91.48441;63.755928;0.21490763;0.0;0.0;-1.1861051;-5.522942e-05;-0.0017621968;-4.5212695e-05;0.24953257;-0.017010137;-0.072555594;0.26734307;-5.146243e-05;-0.16645454;0.16218065;-0.0054022814;-0.18134275;0.0;0.0;-1.3334575;0.00015068232;9.7902426e-05;0.00028717765;75.15239;114.71287;0.012207077;960133.0;930415.44;0.23839034;4.1530876e-07;4.2152286e-07;3.637983e-07;0.00056193623;0.00055398454;1.9134868e-05;1.968059e-06;3.4921666e-06;1.1504206e-05;2.0044893e-06;1.4140409e-06;1.0511102e-05;1.0;1.0;9473.043;25
987642491;987471007;0.41429088;0.026442554;-0.0027351216;0.9097563;-91.65452;63.727005;0.17840567;0.0;0.0;-1.1884102;-6.2334024e-05;-0.0017392925;-8.2335646e-05;0.24963373;-0.016810246;-0.07259649;0.2674079;-5.1674786e-05;-0.16646932;0.16210485;-0.005397986;-0.18130848;0.0;0.0;-1.3334575;0.00014905877;9.829232e-05;0.00028695344;75.38048;114.98846;0.012193596;966106.3;937948.56;0.23742148;4.186051e-07;4.245782e-07;3.6362445e-07;0.00056193164;0.0005538227;1.9148803e-05;1.9656934e-06;3.4926177e-06;1.1503475e-05;1.9912811e-06;1.4109881e-06;1.0509734e-05;1.0;1.0;9487.392;25
988137263;987965851;0.45899254;0.009184375;0.0012158942;0.88839185;-91.74964;63.69111;0.18156327;0.0;0.0;-1.1859033;-5.5970326e-05;-0.0017204909;-0.00013162538;0.24974255;-0.0166314;-0.0726331;0.2674867;-5.2308682e-05;-0.16649115;0.16201219;-0.0053994935;-0.18128338;0.0;0.0;-1.3334575;0.00014818941;9.8766344e-05;0.00028592633;75.59631;115.28058;0.012291385;972000.56;945388.25;0.24034253;4.21764e-07;4.2772777e-07;3.6257373e-07;0.0005619179;0.0005536577;1.916276e-05;1.9630645e-06;3.4922991e-06;1.15032435e-05;1.9769425e-06;1.4076976e-06;1.050875e-05;1.0;1.0;9501.42;25
988632257;988460695;0.48153165;-0.0017623475;0.00091396377;0.8764265;-91.797585;63.709045;0.19363675;0.0;0.0;-1.1964221;-4.464127e-05;-0.0016997749;-0.00017935388;0.24986923;-0.016435495;-0.07267651;0.26757422;-5.289821e-05;-0.16649806;0.16191302;-0.0054096715;-0.18127444;0.0;0.0;-1.3334575;0.00014723853;9.936013e-05;0.00028480674;75.781334;115.53468;0.012246466;977850.44;952866.75;0.23849882;4.2475818e-07;4.307256e-07;3.6144706e-07;0.000561883;0.0005534502;1.9171834e-05;1.9607362e-06;3.4919744e-06;1.1504219e-05;1.9634915e-06;1.4045918e-06;1.0508126e-05;1.0;1.0;9515.415;25
989136091;988964537;0.48100272;-0.0016164787;0.005143317;0.8767026;-91.88733;63.59805;0.19327825;0.0;0.0;-1.1888528;-3.5757617e-05;-0.0016831458;-0.00022460554;0.24998859;-0.016253974;-0.07269169;0.26764286;-5.341438e-05;-0.16650228;0.16182864;-0.005419562;-0.18126969;0.0;0.0;-1.3334575;0.00014725045;0.000100577396;0.00028505333;76.03412;115.87511;0.01234137;983971.1;960570.5;0.24219148;4.280066e-07;4.3405302e-07;3.612434e-07;0.0005618494;0.00055326405;1.9193025e-05;1.9597508e-06;3.4924224e-06;1.1505847e-05;1.9524518e-06;1.402024e-06;1.0507718e-05;1.0;1.0;9529.728;25
989639784;989468378;0.48088783;-0.0010363366;-0.0041448656;0.87677175;-91.93918;63.536213;0.16848208;0.0;0.0;-1.1948669;-2.0785606e-05;-0.0016643243;-0.0002737584;0.25012916;-0.01604686;-0.072714955;0.26772144;-5.397989e-05;-0.166509;0.16173698;-0.005430506;-0.1812624;0.0;0.0;-1.3334575;0.00014706318;0.000101642014;0.00028427618;76.24693;116.17785;0.012325474;990057.9;968320.6;0.24111506;4.3096162e-07;4.372228e-07;3.6031423e-07;0.0005617972;0.00055304286;1.921e-05;1.9578592e-06;3.492195e-06;1.1507027e-05;1.939997e-06;1.3991279e-06;1.0507191e-05;1.0;1.0;9544.07;25
990134809;989963222;0.48024082;6.908892e-05;-0.0019682662;0.8771345;-91.99212;63.42067;0.18808739;0.0;0.0;-1.1896822;-3.8889702e-06;-0.0016496681;-0.0003226419;0.2502576;-0.015867352;-0.072722696;0.26779658;-5.4584794e-05;-0.16652347;0.16164678;-0.005444234;-0.18125542;0.0;0.0;-1.3334575;0.0001473009;0.00010290103;0.0002835193;76.47095;116.50046;0.012253224;996128.44;975997.9;0.23932415;4.3377537e-07;4.4038168e-07;3.5936603e-07;0.00056174153;0.00055282615;1.9234214e-05;1.9561342e-06;3.4918885e-06;1.1508296e-05;1.9279996e-06;1.3963335e-06;1.05067065e-05;1.0;1.0;9558.143;25
990638501;990467064;0.47996646;-0.00094136986;-0.00044619257;0.87728626;-92.01956;63.32832;0.17193867;0.0;0.0;-1.199262;1.5401232e-05;-0.0016333879;-0.0003612083;0.25040132;-0.015668394;-0.07273739;0.26786762;-5.497826e-05;-0.16653067;0.16157094;-0.0054560234;-0.18124609;0.0;0.0;-1.3334575;0.00014751613;0.00010409306;0.0002836921;72.81919;116.76048;0.0122417975;911204.75;983786.9;0.23824452;4.367355e-07;4.4358217e-07;3.592699e-07;0.0005611827;0.0005526146;1.9147788e-05;1.9472386e-06;3.4923476e-06;1.1493183e-05;1.9178706e-06;1.394008e-06;1.0504942e-05;1.0;1.0;9572.4795;25
991142513;990970952;0.4799738;-0.0011197189;-0.0064176554;0.87725866;-92.052734;63.261333;0.17780484;0.0;0.0;-1.1951741;4.0421823e-05;-0.0016174524;-0.00040698334;0.25051257;-0.015525488;-0.07277296;0.26794288;-5.554813e-05;-0.16654274;0.16148472;-0.0054709096;-0.18123771;0.0;0.0;-1.3334575;0.00014814867;0.00010549644;0.00028315527;73.01677;117.0625;0.012332158;916846.1;991702.7;0.24186501;4.3930277e-07;4.4675744e-07;3.5851306e-07;0.00056112884;0.0005524426;1.916414e-05;1.9455174e-06;3.4921402e-06;1.1494214e-05;1.906644e-06;1.3913916e-06;1.0504366e-05;1.0;1.0;9586.84;25
991637180;991465796;0.47924027;-0.0011064693;-0.007361245;0.87765217;-92.09408;63.200195;0.16625133;0.0;0.0;-1.2093347;6.317897e-05;-0.0015981288;-0.0004533208;0.2506429;-0.015360603;-0.07279944;0.2680195;-5.5972614e-05;-0.16654967;0.16139656;-0.0054880893;-0.18122809;0.0;0.0;-1.3334575;0.00014867455;0.00010689766;0.00028243664;73.19289;117.33706;0.012277773;922377.75;999511.6;0.23992665;4.4159123e-07;4.496929e-07;3.576788e-07;0.0005610668;0.00055226;1.9180487e-05;1.943655e-06;3.4918332e-06;1.1495138e-05;1.8957991e-06;1.388871e-06;1.0503729e-05;1.0;1.0;9600.823;25
992132174;991960641;0.47904742;-2.7980504e-05;-0.0024828427;0.8777855;-92.161896;63.121254;0.15385066;0.0;0.0;-1.2083238;8.7469765e-05;-0.001580361;-0.0004904898;0.25073195;-0.015251819;-0.07284658;0.2680857;-5.640272e-05;-0.16655698;0.1613214;-0.005504312;-0.18121926;0.0;0.0;-1.3334575;0.00014935706;0.00010856561;0.00028270425;73.35846;111.70669;0.012361692;927836.56;915812.3;0.24273822;4.437678e-07;4.5238968e-07;3.575446e-07;0.00056041917;0.0005516913;1.9167273e-05;1.9424056e-06;3.4919244e-06;1.1495974e-05;1.8867664e-06;1.3867725e-06;1.0503017e-05;1.0;1.0;9614.868;25
992636082;992464435;0.48448354;0.069819495;-0.062793635;0.86974585;-92.09468;63.03577;0.15363297;0.0;0.0;-1.2121346;0.000121287834;-0.0015690909;-0.00053610787;0.25086093;-0.015113748;-0.07285128;0.26815808;-5.701092e-05;-0.16660652;0.16124001;-0.005520721;-0.18117182;0.0;0.0;-1.3334575;0.00015037194;0.000110237284;0.00028208937;73.54331;111.98612;0.012264336;933549.0;923161.5;0.2415269;4.4580528e-07;4.5530535e-07;3.5685574e-07;0.0005603683;0.00055154454;1.9186959e-05;1.9405666e-06;3.4917127e-06;1.1492096e-05;1.8765819e-06;1.3843544e-06;1.0498319e-05;1.0;1.0;9629.155;25
993139819;992968276;0.45637983;0.13593537;-0.10544101;0.8729956;-92.52303;62.857456;0.21834515;0.0;0.0;-1.2271626;0.0001190081;-0.0015345468;-0.0005782921;0.25096887;-0.014990261;-0.072879955;0.26818892;-5.694647e-05;-0.16665228;0.16118553;-0.005539329;-0.18109351;0.0;0.0;-1.3334575;0.0001517679;0.00011197316;0.0002810417;73.72918;112.28313;0.012404601;939312.7;930575.1;0.24040861;4.4767503e-07;4.581863e-07;3.5621332e-07;0.0005603181;0.0005514234;1.9209629e-05;1.9386334e-06;3.4915083e-06;1.1474599e-05;1.8665546e-06;1.3821385e-06;1.0473815e-05;1.0;1.0;9643.477;25
993634855;993463120;0.49930242;0.056702953;-0.22731106;0.83415323;-92.21475;62.63742;-0.06842056;0.0;0.0;-1.274492;0.00018033615;-0.0015295778;-0.00065132126;0.2511368;-0.014915873;-0.0728726;0.26825637;-5.8156635e-05;-0.16689365;0.16109303;-0.0055535086;-0.18084376;0.0;0.0;-1.3334575;0.00015322446;0.00011363633;0.0002796256;73.966354;112.60282;0.012471592;945057.06;937914.25;0.23857142;4.493557e-07;4.609761e-07;3.5556468e-07;0.0005602573;0.0005513365;1.9237286e-05;1.9362858e-06;3.4912227e-06;1.1416887e-05;1.8566013e-06;1.3797355e-06;1.0411913e-05;1.0;1.0;9657.498;25
994138643;993966962;0.5095352;-0.12992112;0.00921172;0.8505349;-92.607956;62.28627;-0.023674347;0.0;0.0;-1.350325;0.00015461851;-0.0014870537;-0.0006782708;0.25121182;-0.014896807;-0.07290257;0.2682556;-5.7702153e-05;-0.16685858;0.16105711;-0.005581025;-0.180823;0.0;0.0;-1.3334575;0.0001553454;0.00011581004;0.00027964276;74.18723;112.925896;0.012672809;950928.9;945448.25;0.24240012;4.512623e-07;4.638309e-07;3.5573984e-07;0.0005601838;0.0005512986;1.9261799e-05;1.9359109e-06;3.4917045e-06;1.1400896e-05;1.849082e-06;1.3779703e-06;1.0384707e-05;1.0;1.0;9671.8;25
994642368;994470803;0.52605575;-0.06985112;0.15088202;0.8340389;-92.77083;62.30148;0.11660819;0.0;0.0;-1.407681;0.00018187746;-0.0014750733;-0.000699474;0.25131652;-0.014878392;-0.07291817;0.26831096;-5.7836347e-05;-0.16677271;0.16101184;-0.005600597;-0.1809015;0.0;0.0;-1.3334575;0.00015682224;0.0001171593;0.00027915425;74.31321;113.16136;0.012411441;956673.2;952977.6;0.2411961;4.522837e-07;4.6602312e-07;3.5530581e-07;0.000560067;0.0005512834;1.9273608e-05;1.935119e-06;3.4914997e-06;1.13744845e-05;1.8406163e-06;1.3760039e-06;1.0350116e-05;1.0;1.0;9686.078;25
995137188;994965647;0.58100975;0.059990745;0.108304866;0.8044245;-92.07308;62.307114;0.09665303;0.0;0.0;-1.4358941;0.00034505018;-0.0015145756;-0.0008075782;0.2513545;-0.014838177;-0.07289974;0.26833355;-6.117854e-05;-0.16662136;0.16095601;-0.0056368127;-0.18110296;0.0;0.0;-1.3334575;0.00015832722;0.000118729964;0.00027902308;74.50768;113.430954;0.012197521;962464.75;960441.6;0.23914774;4.531128e-07;4.6829356e-07;3.546931e-07;0.00055996253;0.0005512949;1.9295217e-05;1.934222e-06;3.4912202e-06;1.1341182e-05;1.8332613e-06;1.3730285e-06;1.0320262e-05;1.0;1.0;9700.088;25
995631995;995460491;0.57457376;0.09381876;-0.04498742;0.81181234;-92.051315;61.953262;0.0008304945;0.0;0.0;-1.4375675;0.00042094913;-0.0015305302;-0.0008513476;0.25142595;-0.014853995;-0.07289631;0.26838598;-6.250596e-05;-0.16669412;0.16088589;-0.0056615486;-0.18105283;0.0;0.0;-1.3334575;0.00016087845;0.00012103223;0.00027958653;74.78849;113.786446;0.012588676;968422.5;967995.7;0.24197762;4.5437258e-07;4.7102586e-07;3.5479633e-07;0.000559893;0.0005513216;1.932725e-05;1.9341612e-06;3.491616e-06;1.1329067e-05;1.8269823e-06;1.370759e-06;1.0306676e-05;1.0;1.0;9713.982;25
996135782;995964379;0.56345016;-0.030001568;-0.15923405;0.8101039;-92.104454;61.684826;-0.03355324;0.0;0.0;-1.4709836;0.000447233;-0.0015149257;-0.00089608703;0.25151584;-0.014874995;-0.07289447;0.26842773;-6.3018604e-05;-0.16672531;0.16082098;-0.005695967;-0.18101911;0.0;0.0;-1.3334575;0.00016318039;0.00012286997;0.00027904846;75.0083;114.07832;0.012590078;974416.9;975708.75;0.24084665;4.547815e-07;4.732737e-07;3.5431052e-07;0.00055981247;0.0005513505;1.9352216e-05;1.9332838e-06;3.4914165e-06;1.1316114e-05;1.81978e-06;1.3684307e-06;1.0288207e-05;1.0;1.0;9728.067;25
996639641;996468173;0.51639146;0.0005604527;0.03146278;0.8557743;-92.053955;61.513798;0.027071722;0.0;0.0;-1.5234683;0.00049410755;-0.0015130657;-0.00093863707;0.2515839;-0.014883057;-0.07288931;0.26847032;-6.381001e-05;-0.16672857;0.16076952;-0.005718213;-0.1810313;0.0;0.0;-1.3334575;0.00016587888;0.00012491336;0.00027902235;75.251205;114.38762;0.012356379;980551.2;983486.0;0.23995997;4.5510382e-07;4.756218e-07;3.5397701e-07;0.0005597393;0.0005513864;1.938575e-05;1.9328006e-06;3.4912214e-06;1.131228e-05;1.8127306e-06;1.3663062e-06;1.0281617e-05;1.0;1.0;9742.168;25
997134480;996963018;0.51200897;0.018501526;0.052838296;0.85715383;-92.06669;61.211445;0.030781971;0.0;0.0;-1.5441211;0.000553076;-0.0015169228;-0.0009772036;0.25160453;-0.0149217695;-0.072906464;0.2685141;-6.4725624e-05;-0.16673003;0.16072093;-0.005737836;-0.18104729;0.0;0.0;-1.3334575;0.00016855718;0.0001271897;0.0002799563;75.507454;114.70019;0.012529705;986593.1;991178.8;0.2429359;4.5555362e-07;4.778669e-07;3.542942e-07;0.0005596766;0.00055142073;1.9414412e-05;1.9326683e-06;3.4916218e-06;1.1309672e-05;1.8066128e-06;1.3645191e-06;1.0278696e-05;1.0;1.0;9755.962;25
997638451;997466859;0.507551;0.02971868;0.088728525;0.8565256;-91.88989;60.99516;0.052292112;0.0;0.0;-1.5639551;0.000658941;-0.0015375536;-0.0010447729;0.25160313;-0.014943152;-0.07291084;0.26855594;-6.660659e-05;-0.166711;0.16066295;-0.0057680593;-0.18110642;0.0;0.0;-1.3334575;0.00017094654;0.00012906322;0.0002802031;75.749695;114.99385;0.012495792;992776.44;999044.94;0.24191545;4.5520005e-07;4.797612e-07;3.5400507e-07;0.00055960985;0.0005514538;1.9443803e-05;1.9319446e-06;3.49143e-06;1.12957805e-05;1.7997166e-06;1.3622233e-06;1.0266921e-05;1.0;1.0;9769.955;25
998142350;997970700;0.50435174;0.044323564;0.094739944;0.8571401;-91.69617;60.725677;0.09688266;0.0;0.0;-1.5808604;0.0007783349;-0.0015658904;-0.0011176135;0.2516119;-0.014940842;-0.07289916;0.26859203;-6.885086e-05;-0.16668603;0.16060801;-0.0058014183;-0.18117802;0.0;0.0;-1.3334575;0.00017346555;0.00013101849;0.00028053988;75.999664;109.45315;0.012559934;998951.75;915441.1;0.24087496;4.545999e-07;4.8148064e-07;3.536507e-07;0.00055891357;0.00055107457;1.9447638e-05;1.931325e-06;3.4909715e-06;1.1278057e-05;1.7929827e-06;1.3598914e-06;1.0251563e-05;1.0;1.0;9783.848;25
998637264;998465544;0.50283873;0.08031885;0.10142414;0.8546434;-91.423965;60.351376;0.0807095;0.0;0.0;-1.5759974;0.000890435;-0.0015910683;-0.0011859032;0.2516113;-0.014960436;-0.07289306;0.26862773;-7.085771e-05;-0.16665705;0.1605554;-0.005830396;-0.18123698;0.0;0.0;-1.3334575;0.00017587662;0.00013242518;0.00028064285;72.3896;109.67675;0.012829895;913795.8;922484.4;0.24391846;4.5372298e-07;4.831029e-07;3.5327182e-07;0.00055833237;0.0005511075;1.9372601e-05;1.9231138e-06;3.4907032e-06;1.124623e-05;1.7862571e-06;1.3576037e-06;1.0236848e-05;1.0;1.0;9797.451;25
999131832;998960388;0.50863147;0.0801408;-0.1117545;0.8499309;-91.349106;60.042763;0.07910499;0.0;0.0;-1.5580575;0.0009383566;-0.0015967013;-0.0012215811;0.25165415;-0.014977626;-0.07287698;0.26866758;-7.1627015e-05;-0.16666405;0.16050929;-0.005855687;-0.18124303;0.0;0.0;-1.3334575;0.00017847781;0.00013463253;0.00028143454;72.65588;109.959175;0.012779345;919490.94;929685.6;0.24207312;4.5320434e-07;4.8478796e-07;3.5354904e-07;0.000558302;0.00055114063;1.9403693e-05;1.923129e-06;3.4911086e-06;1.1236876e-05;1.7806493e-06;1.355906e-06;1.0226287e-05;1.0;1.0;9810.937;25
999635636;999464231;0.48636562;-0.07740945;0.041007224;0.869353;-91.35151;59.617004;0.059383098;0.0;0.0;-1.5718071;0.0009675755;-0.0015883578;-0.0012581098;0.2516875;-0.014994411;-0.07287961;0.26871595;-7.2102965e-05;-0.16670793;0.16044684;-0.005880694;-0.18121438;0.0;0.0;-1.3334575;0.00018136964;0.00013657169;0.0002814555;72.94214;110.25899;0.012778523;925370.56;937069.1;0.2413197;4.5196379e-07;4.86211e-07;3.5327244e-07;0.00055828574;0.0005511703;1.9438095e-05;1.9228607e-06;3.4909226e-06;1.1230825e-05;1.7741179e-06;1.3541493e-06;1.0217865e-05;1.0;1.0;9824.61;25
1000139498;999968118;0.4777336;-0.119796306;0.077133976;0.8668736;-91.55449;59.40791;0.10886543;0.0;0.0;-1.5646702;0.0009727019;-0.0015611412;-0.0012564803;0.25165272;-0.015028224;-0.07295578;0.2687578;-7.187304e-05;-0.16667871;0.16039926;-0.005904226;-0.18125781;0.0;0.0;-1.3334575;0.0001836623;0.00013778513;0.0002813486;73.146095;110.50068;0.012839184;931098.5;944474.6;0.24511884;4.499848e-07;4.865752e-07;3.530655e-07;0.00055826694;0.0005511881;1.9453331e-05;1.9226904e-06;3.4907341e-06;1.1217686e-05;1.7679538e-06;1.3526661e-06;1.0198768e-05;1.0;1.0;9838.241;25
1000634359;1000462962;0.4828359;-0.035160318;-0.04690845;0.8737464;-91.68839;59.15385;0.20392232;0.0;0.0;-1.5126072;0.000970692;-0.0015453642;-0.0012516143;0.25163734;-0.015043384;-0.07299405;0.2687911;-7.162418e-05;-0.16666509;0.16036174;-0.0059240647;-0.18128458;0.0;0.0;-1.3334575;0.00018628368;0.00013984994;0.00028207112;73.41102;110.7563;0.012703307;936915.56;951832.3;0.24330747;4.4884266e-07;4.8756743e-07;3.5349188e-07;0.0005582725;0.00055120175;1.9482706e-05;1.9232496e-06;3.491143e-06;1.121257e-05;1.7628332e-06;1.3514427e-06;1.0188393e-05;1.0;1.0;9851.667;25
1001138368;1000966756;0.4679903;-0.069498196;-0.107461005;0.8744182;-92.09959;58.58202;0.1618261;0.0;0.0;-1.4622277;0.00091414154;-0.0014872451;-0.001268722;0.2516351;-0.015062696;-0.07301857;0.26879814;-7.059987e-05;-0.1666292;0.16032967;-0.0059515415;-0.1812986;0.0;0.0;-1.3334575;0.00018907349;0.00014169789;0.00028158582;73.71464;111.04114;0.012950919;942916.25;959376.8;0.24247544;4.4694684e-07;4.882149e-07;3.5334077e-07;0.00055829657;0.0005512112;1.9515282e-05;1.9230733e-06;3.4909594e-06;1.120438e-05;1.7566366e-06;1.3501274e-06;1.0171065e-05;1.0;1.0;9865.32;25
1001642041;1001470597;0.4540273;-0.06712748;-0.12767246;0.8792343;-92.74234;58.150547;0.10770827;0.0;0.0;-1.4260216;0.00082455383;-0.0013906196;-0.0012766244;0.25156766;-0.015106761;-0.07309924;0.268759;-6.900803e-05;-0.16655248;0.16032554;-0.005982111;-0.18132308;0.0;0.0;-1.3334575;0.00019132464;0.00014311442;0.00028077423;73.96741;111.292274;0.013321761;948816.25;966957.56;0.24649292;4.445551e-07;4.8796386e-07;3.5326488e-07;0.0005583136;0.0005512222;1.9534442e-05;1.9225274e-06;3.490771e-06;1.1186682e-05;1.750448e-06;1.3489738e-06;1.0141192e-05;1.0;1.0;9879.006;25
1002137035;1001965441;0.46324357;0.010556315;-0.018629825;0.88597226;-92.84128;57.951904;0.1522477;0.0;0.0;-1.420837;0.0008374422;-0.0013557251;-0.0012939053;0.2515178;-0.015115891;-0.073153056;0.26878837;-6.904641e-05;-0.16656002;0.16028632;-0.005998713;-0.18132211;0.0;0.0;-1.3334575;0.0001929645;0.0001449505;0.00028144318;74.221436;111.48643;0.013168851;954678.94;974455.4;0.2450008;4.425955e-07;4.875692e-07;3.537961e-07;0.0005583328;0.00055123965;1.9554725e-05;1.9227452e-06;3.4911843e-06;1.1186687e-05;1.7452926e-06;1.3477803e-06;1.0138607e-05;1.0;1.0;9892.538;25
1002631990;1002460285;0.46034157;0.007590277;-0.0007115849;0.88770914;-92.98093;57.727463;0.15315156;0.0;0.0;-1.4186001;0.0008659426;-0.0013265872;-0.0013111106;0.25145066;-0.015149834;-0.07321553;0.2688343;-6.92858e-05;-0.1665809;0.16023102;-0.0060218363;-0.18131915;0.0;0.0;-1.3334575;0.00019445873;0.0001462602;0.00028139257;74.48668;111.68646;0.013164743;960600.3;981985.94;0.24350417;4.3981154e-07;4.866169e-07;3.5369817e-07;0.0005583495;0.0005512656;1.9576342e-05;1.9225295e-06;3.4909197e-06;1.11874e-05;1.7393609e-06;1.3463757e-06;1.0137662e-05;1.0;1.0;9906.044;25
1003135681;1002964127;0.46408826;0.1174024;-0.061306685;0.8758312;-93.00314;57.349506;0.05968384;0.0;0.0;-1.4033072;0.0009203463;-0.0013162293;-0.0013362253;0.25140348;-0.015185629;-0.07326053;0.26887634;-6.9969996e-05;-0.16666596;0.16017555;-0.006041813;-0.18125272;0.0;0.0;-1.3334575;0.00019648904;0.00014771336;0.00028129437;74.80327;111.9326;0.013571318;966728.7;989726.25;0.2477753;4.3725706e-07;4.8586196e-07;3.5367563e-07;0.000558365;0.0005512963;1.960191e-05;1.9222662e-06;3.4907403e-06;1.1172036e-05;1.7328786e-06;1.3448968e-06;1.0120652e-05;1.0;1.0;9919.775;25
1003639367;1003467968;0.46347788;0.13557534;-0.07189052;0.8727196;-92.879555;57.0196;-0.009450413;0.0;0.0;-1.4274101;0.0009868196;-0.0013239745;-0.0013618204;0.25138474;-0.015204176;-0.07326406;0.2689153;-7.077839e-05;-0.16674717;0.16012181;-0.006062041;-0.18118641;0.0;0.0;-1.3334575;0.00019834616;0.00014996492;0.0002820047;75.16473;112.17075;0.013631688;973003.7;997534.3;0.24721855;4.3555005e-07;4.8553636e-07;3.5425816e-07;0.0005583849;0.00055133126;1.9635516e-05;1.922765e-06;3.4912325e-06;1.1152316e-05;1.7272237e-06;1.3435579e-06;1.0099747e-05;1.0;1.0;9933.431;25
1004134204;1003962812;0.45897293;-0.11056774;0.07316328;0.878502;-92.97681;56.79519;0.07441954;0.0;0.0;-1.4829863;0.0009999106;-0.001302769;-0.0013772268;0.25137183;-0.015252489;-0.07326716;0.26896092;-7.072321e-05;-0.16675767;0.16007146;-0.0060857343;-0.18117894;0.0;0.0;-1.3334575;0.00019965941;0.00015109906;0.00028176128;75.42929;106.59894;0.013315518;978989.8;913857.3;0.24592341;4.3267428e-07;4.8382503e-07;3.540535e-07;0.0005577059;0.000550963;1.9625097e-05;1.9230458e-06;3.4907396e-06;1.1136521e-05;1.721739e-06;1.3422848e-06;1.0079115e-05;1.0;1.0;9946.789;25
1004638125;1004466700;0.48602277;0.015851714;0.08205621;0.86994106;-93.18622;56.533154;0.16283688;0.0;0.0;-1.4871434;0.0010292706;-0.0012834624;-0.0013707763;0.2512964;-0.015327596;-0.07333877;0.2689995;-7.07707e-05;-0.16674897;0.16003233;-0.0061079585;-0.18120292;0.0;0.0;-1.3334575;0.00020117305;0.00015209925;0.00028173346;75.712074;106.81166;0.013561883;985189.7;921055.9;0.25015384;4.29744e-07;4.820071e-07;3.540203e-07;0.0005577213;0.00055099267;1.9645753e-05;1.9235902e-06;3.4905634e-06;1.1126639e-05;1.7168696e-06;1.3410349e-06;1.0064153e-05;1.0;1.0;9960.432;25
1005142200;1004970495;0.488628;0.05079777;0.11478506;0.8634158;-92.83577;56.17075;0.113016516;0.0;0.0;-1.4816055;0.0011505126;-0.0013114394;-0.0014281118;0.25125164;-0.01533354;-0.07335011;0.2690281;-7.2869e-05;-0.16674964;0.15997584;-0.00615438;-0.18125078;0.0;0.0;-1.3334575;0.0002020298;0.00015331198;0.00028204097;76.04857;107.01941;0.013665219;991521.8;928305.5;0.24947254;4.2673034e-07;4.8012544e-07;3.5391403e-07;0.0005577373;0.0005510213;1.967263e-05;1.924058e-06;3.4903815e-06;1.1110295e-05;1.7120342e-06;1.3390016e-06;1.0049582e-05;1.0;1.0;9973.973;25
1005636761;1005465339;0.47909153;-0.035253987;-0.06851399;0.87437654;-93.03423;55.793026;0.104723126;0.0;0.0;-1.4672463;0.0011726029;-0.0012867207;-0.0014391321;0.25118494;-0.01538014;-0.07340583;0.2690629;-7.3071664e-05;-0.16676581;0.15992953;-0.0061798315;-0.18125987;0.0;0.0;-1.3334575;0.00020302559;0.00015512145;0.00028271854;76.393166;107.22334;0.013870228;997796.3;935502.7;0.24797551;4.243867e-07;4.784863e-07;3.5434715e-07;0.0005577501;0.00055105216;1.9699515e-05;1.9250413e-06;3.4908069e-06;1.1109303e-05;1.7078327e-06;1.337799e-06;1.0045691e-05;1.0;1.0;9987.26;25
1006131603;1005960183;0.47106746;-0.00044222805;-0.020842971;0.8818509;-93.20402;55.51815;0.117577404;0.0;0.0;-1.4510449;0.001179678;-0.0012525204;-0.0014443562;0.25111115;-0.015434681;-0.07347292;0.26909676;-7.296774e-05;-0.16677484;0.15988642;-0.0061998595;-0.18127057;0.0;0.0;-1.3334575;0.0002039039;0.00015578023;0.00028242753;72.79062;107.32145;0.0139521295;912804.4;942600.94;0.25164467;4.2130543e-07;4.763111e-07;3.541788e-07;0.00055721053;0.00055108283;1.9620888e-05;1.9177855e-06;3.4905513e-06;1.1095312e-05;1.7027965e-06;1.336551e-06;1.0043049e-05;1.0;1.0;9091.401;25
1006635755;1006464024;0.46970868;0.00080002175;-0.004111173;0.88281155;-93.38771;55.23763;0.11445008;0.0;0.0;-1.4492813;0.0011908937;-0.0012125861;-0.0014511449;0.25102153;-0.015487674;-0.07354809;0.26913238;-7.291014e-05;-0.1667974;0.15984046;-0.0062209805;-0.1812723;0.0;0.0;-1.3334575;0.00020433261;0.00015677525;0.0002823506;73.10131;107.50121;0.013961752;918651.1;950015.25;0.2509878;4.179663e-07;4.7355465e-07;3.540644e-07;0.00055721164;0.00055111374;1.9644227e-05;1.9182912e-06;3.49038e-06;1.1097333e-05;1.6979466e-06;1.3353027e-06;1.004255e-05;1.0;1.0;9104.924;25
1007139467;1006967865;0.46763358;-0.00022999512;-0.00019919279;0.8839224;-93.59022;54.970207;0.11084288;0.0;0.0;-1.4541242;0.0012042766;-0.0011697626;-0.0014549505;0.25092104;-0.015540116;-0.07362833;0.2691614;-7.2823386e-05;-0.16681644;0.1598023;-0.0062379553;-0.18127379;0.0;0.0;-1.3334575;0.00020449431;0.0001582793;0.0002830261;73.4141;107.6715;0.013997227;924508.2;957495.06;0.2502719;4.1525897e-07;4.7087795e-07;3.5454397e-07;0.0005572077;0.00055114436;1.9665575e-05;1.9192355e-06;3.4908794e-06;1.1099557e-05;1.693831e-06;1.3342437e-06;1.00421785e-05;1.0;1.0;9118.425;25
1007634289;1007462709;0.46817133;0.025920644;-0.0038029593;0.88324934;-93.82916;54.69482;0.13786148;0.0;0.0;-1.4397643;0.0012089518;-0.0011299034;-0.001459626;0.25084004;-0.015596451;-0.07370128;0.26919436;-7.266349e-05;-0.16683702;0.15975995;-0.006257198;-0.18127352;0.0;0.0;-1.3334575;0.00020484686;0.0001589018;0.00028285437;73.69847;107.85396;0.0140937865;930279.56;964889.8;0.2538355;4.1185564e-07;4.6779215e-07;3.5434732e-07;0.00055720215;0.00055117346;1.9685405e-05;1.9196002e-06;3.4906277e-06;1.1101509e-05;1.6890617e-06;1.3330359e-06;1.0041784e-05;1.0;1.0;9131.706;25
1008138095;1007966550;0.46615142;-0.0028446687;0.02681389;0.8842939;-93.95407;54.301857;0.08428777;0.0;0.0;-1.4473356;0.00122555;-0.0010987466;-0.0014699736;0.25077307;-0.015635014;-0.073749974;0.2692289;-7.270453e-05;-0.16687508;0.15971644;-0.006278228;-0.18125819;0.0;0.0;-1.3334575;0.00020509496;0.00015990056;0.00028274718;74.04387;108.048294;0.014218793;936294.0;972484.25;0.25320172;4.0867494e-07;4.6486562e-07;3.5420362e-07;0.00055719895;0.00055120606;1.9713212e-05;1.9202516e-06;3.490461e-06;1.1100986e-05;1.6842345e-06;1.3318027e-06;1.0038899e-05;1.0;1.0;9145.235;25
1008642053;1008470439;0.4657887;0.0004087201;0.010550618;0.8848331;-94.17716;54.015182;0.09616279;0.0;0.0;-1.4529783;0.0012283786;-0.0010552596;-0.0014701069;0.2506828;-0.015682502;-0.07382243;0.26925442;-7.247127e-05;-0.16689084;0.15968278;-0.006292873;-0.18126135;0.0;0.0;-1.3334575;0.00020486226;0.0001612733;0.00028338435;74.36089;108.21814;0.014200238;942273.0;980138.94;0.25235915;4.059898e-07;4.6179812e-07;3.5464896e-07;0.00055719307;0.000551237;1.9735868e-05;1.9212987e-06;3.4909633e-06;1.1103419e-05;1.6803033e-06;1.3308106e-06;1.0038584e-05;1.0;1.0;9158.743;25
1009136868;1008965283;0.4714529;0.0769442;-0.05352421;0.8768962;-94.30415;53.63607;0.064831495;0.0;0.0;-1.4453167;0.0012456283;-0.0010326622;-0.0014776661;0.25063396;-0.015717255;-0.073861025;0.2692893;-7.252341e-05;-0.16693188;0.15963954;-0.006313283;-0.18124218;0.0;0.0;-1.3334575;0.00020544443;0.00016208983;0.00028324866;74.70278;108.43359;0.0144292135;948270.06;987719.0;0.25595397;4.030104e-07;4.590175e-07;3.5444222e-07;0.00055719574;0.0005512692;1.9764422e-05;1.9219185e-06;3.4907196e-06;1.1101171e-05;1.675477e-06;1.3296017e-06;1.0034083e-05;1.0;1.0;9172.049;25
1009631553;1009460127;0.46841305;0.07784208;-0.048155796;0.8787553;-94.372536;53.342278;0.04230397;0.0;0.0;-1.4735544;0.0012781039;-0.0010121588;-0.0014905492;0.25058562;-0.015744165;-0.0738966;0.2693222;-7.276102e-05;-0.1669916;0.1595962;-0.0063340454;-0.18120568;0.0;0.0;-1.3334575;0.00020519366;0.00016283692;0.00028297046;75.0429;108.62351;0.014324959;954307.5;995350.06;0.25431;3.998501e-07;4.5573734e-07;3.5416517e-07;0.0005571991;0.0005513011;1.9793524e-05;1.922495e-06;3.4904735e-06;1.1095008e-05;1.6704705e-06;1.3283126e-06;1.0026445e-05;1.0;1.0;9185.288;25
1010135534;1009963921;0.46823335;0.07823715;-0.051476736;0.87862766;-94.43997;53.015926;0.033368323;0.0;0.0;-1.4997107;0.0013091232;-0.0009955721;-0.0015001278;0.25054482;-0.015772061;-0.07393875;0.2693521;-7.300401e-05;-0.16704682;0.15955584;-0.0063530277;-0.18117414;0.0;0.0;-1.3334575;0.00020475987;0.00016422197;0.00028357335;75.356445;103.14629;0.014274439;960302.1;911996.4;0.25338563;3.9740075e-07;4.524723e-07;3.5450697e-07;0.0005564674;0.0005509537;1.9778112e-05;1.9234722e-06;3.4907798e-06;1.1089748e-05;1.6661654e-06;1.3271957e-06;1.0019496e-05;1.0;1.0;9198.765;25
1010639234;1010467762;0.46818358;-0.005943795;-0.0012471782;0.8836105;-94.590096;52.6951;0.028751926;0.0;0.0;-1.5454156;0.001316012;-0.0009642258;-0.0015052691;0.25050813;-0.015812086;-0.073977105;0.26938444;-7.2863695e-05;-0.16707273;0.15951717;-0.006371815;-0.18116651;0.0;0.0;-1.3334575;0.00020411212;0.00016468375;0.00028333094;75.66981;103.33604;0.014122977;966447.4;919178.1;0.25236744;3.9413968e-07;4.4865342e-07;3.5424088e-07;0.00055648736;0.0005509846;1.980329e-05;1.9241763e-06;3.4906152e-06;1.1089546e-05;1.6617979e-06;1.3260235e-06;1.0016886e-05;1.0;1.0;9212.201;25
1011134008;1010962606;0.47443572;-0.0034265195;2.2966262e-05;0.8802835;-94.81432;52.390797;0.033425346;0.0;0.0;-1.5797949;0.0013234172;-0.000923809;-0.0015039023;0.2504396;-0.015863959;-0.074058935;0.26941687;-7.272203e-05;-0.16709383;0.15947612;-0.006390821;-0.18117568;0.0;0.0;-1.3334575;0.00020369816;0.00016477241;0.00028304858;75.95385;103.532;0.014250292;972462.7;926290.44;0.25566384;3.9086376e-07;4.4484545e-07;3.539201e-07;0.000556509;0.00055101275;1.9824269e-05;1.924755e-06;3.4903783e-06;1.1091523e-05;1.6577022e-06;1.3248656e-06;1.0016358e-05;1.0;1.0;9225.445;25
1011638322;1011466447;0.47986388;-0.0023508016;-0.0018432186;0.87733793;-95.12353;52.15074;0.019103048;0.0;0.0;-1.6181458;0.0013324296;-0.00087191805;-0.0014937283;0.2503406;-0.01593871;-0.07418357;0.26945293;-7.251405e-05;-0.16711782;0.1594305;-0.006410921;-0.18119;0.0;0.0;-1.3334575;0.000201987;0.00016445416;0.00028258484;76.19739;103.69205;0.014217906;978497.06;933577.56;0.25426352;3.8707122e-07;4.3999748e-07;3.535862e-07;0.00055652595;0.0005510373;1.9838197e-05;1.925124e-06;3.4902157e-06;1.1093575e-05;1.6536524e-06;1.3236812e-06;1.0015897e-05;1.0;1.0;9238.898;25
1012141918;1011970289;0.48440748;-0.0047964444;-0.011514822;0.8747536;-95.370636;51.866604;0.020664928;0.0;0.0;-1.6374547;0.0013395658;-0.0008344137;-0.0014858041;0.25026324;-0.016001891;-0.07428386;0.26948455;-7.238421e-05;-0.16714007;0.15939146;-0.0064288285;-0.18120062;0.0;0.0;-1.3334575;0.00020061339;0.00016500619;0.0002829994;76.46935;103.86847;0.014130997;984617.0;940934.5;0.252874;3.8422354e-07;4.3594977e-07;3.5388132e-07;0.0005565459;0.0005510636;1.9855777e-05;1.9261065e-06;3.4907255e-06;1.1095809e-05;1.6503002e-06;1.3226288e-06;1.001556e-05;1.0;1.0;9252.397;25
1012636676;1012465134;0.48477274;-0.0018918865;-0.00973908;0.87458396;-95.60429;51.61391;0.020937234;0.0;0.0;-1.6392965;0.0013450589;-0.0008029285;-0.0014805133;3.0292444e-10;2.3782245e-09;-5.331164e-06;0.26951975;-7.231041e-05;-0.16716379;0.0;0.0;0.0;0.0;0.0;-1.5392965;0.00019955021;0.00016522461;0.00028340233;76.70883;104.036476;0.016077917;990619.2;948217.94;0.25587374;3.8140374e-07;4.3205898e-07;3.5413177e-07;0.040000003;0.040000003;0.039999958;0.0025000002;0.0025000002;0.0025000002;0.0025000002;0.0025000002;0.0025000002;1.0;1.0;0.010000001;25
1013131605;1012959977;0.56310695;-0.126334;-0.13886638;0.80477726;-95.89883;51.397793;-0.014069899;0.0;0.0;-1.6538979;0.0013507821;-0.0007619795;-0.0014708648;3.776747e-07;-2.195596e-06;0.00010379242;0.28909922;-0.0032274316;-0.26861504;-0.009713093;-0.013851151;0.0048740976;0.0;0.0;-1.5538979;0.000198368;0.00016983257;0.03745433;76.970436;104.17834;0.034173038;996542.6;955596.5;0.25552884;3.820181e-07;4.3003465e-07;3.5806409e-07;0.040000003;0.03999999;0.03997963;0.0013661613;0.0014495259;0.0013675126;0.0019074405;0.0014345617;0.0013692414;1.0;1.0;0.010000001;25
