timestamp;timestamp_sample;xyz[0];xyz[1];xyz[2]
431331432;431331360;0.18088844;-0.18767357;-9.75701
431335797;431335725;0.1819265;-0.1587288;-9.746116
431383836;431383750;0.09037653;-0.12350719;-9.783107
431436208;431436136;0.0065483004;0.034159817;-9.802015
431488591;431488521;-0.022605406;-0.11815299;-9.907714
431536612;431536540;0.031382933;0.1677139;-9.852585
431584624;431584556;0.085557796;0.2524079;-9.789124
431632643;431632573;0.13501778;0.22370864;-9.808307
431685030;431684960;0.20383257;0.3039859;-9.775202
431733049;431732979;0.13241456;0.2617286;-9.807525
431785434;431785365;0.14036885;0.27261463;-9.816424
431838303;431838235;0.13726945;0.3881062;-9.845027
431886324;431886257;0.15356947;0.053042233;-10.085872
431934348;431934276;0.14766039;0.15483576;-9.748267
431982374;431982295;0.041103005;-0.03844405;-9.800374
432034757;432034682;0.04540999;0.024838395;-9.733491
432087138;432087068;0.085396774;-0.256552;-9.790001
432135161;432135093;0.030312145;-0.4165452;-9.81411
432187554;432187483;-0.018192073;-0.38822955;-9.8555355
432235572;432235504;-0.03828721;-0.3830028;-9.910667
432283592;432283525;0.008538961;-0.43721133;-9.825
432331614;432331547;0.21025167;-0.37393707;-9.852678
432384001;432383935;0.35459396;-0.25803572;-9.802664
432436492;432436322;0.56167436;-0.48529896;-9.813641
432484413;432484345;0.44458693;-0.71358997;-9.828812
432536802;432536735;0.32708147;-0.6359024;-9.8168955
432584902;432584758;0.33360344;-0.72002316;-9.776671
432632854;432632787;0.15864736;-0.68363553;-9.920247
432685242;432685176;0.19201627;-0.7910212;-9.896692
432737636;432737567;0.31205365;-0.730357;-9.840619
432785661;432785592;0.37326738;-0.62723625;-9.732996
432833676;432833611;0.3873973;-0.6107215;-9.782363
432886063;432885993;0.37949902;-0.66607577;-9.780249
432934083;432934014;0.3222562;-0.6155155;-9.79058
432983084;432983005;0.3142705;-0.4109998;-9.771384
433035457;433035391;0.38692367;-0.31234154;-9.739946
433087865;433087776;0.38239366;-0.20845704;-9.75614
433135861;433135796;0.42452124;-0.20714863;-9.760693
433183892;433183820;0.28885174;-0.48949996;-9.845671
433236279;433236208;0.2960972;-0.46800113;-9.920294
433284303;433284230;0.2379713;-0.2986446;-9.950699
433332317;433332251;0.2475118;-0.35572785;-10.040121
433384719;433384637;0.26553634;-0.10581404;-9.996396
433437168;433437021;0.48899567;-0.16711327;-9.889657
433485190;433485038;0.41833013;-0.04212687;-9.940429
433533174;433533058;0.19399197;-0.22840825;-9.937059
433585609;433585446;0.287304;-0.047508728;-9.791622
433633646;433633464;0.62585837;-0.12723151;-9.694761
433685924;433685848;0.626913;-0.031668827;-9.91974
433734034;433733863;0.8534637;0.061449576;-9.50781
433786317;433786244;0.51838917;-0.07029306;-9.807906
433834332;433834262;0.3819997;-0.060034014;-9.879566
433882353;433882276;0.42907506;0.01839767;-9.885459
433934726;433934658;0.73763067;0.07930449;-9.657464
433987108;433987033;0.6942267;0.06448431;-9.841472
434035116;434035048;0.8669955;-0.0580248;-9.878531
434083126;434083060;1.2919265;0.03379547;-9.437418
434136085;434135925;1.3262788;-0.06829822;-9.436187
434184014;434183943;1.2783418;-0.13771439;-9.9057045
434232022;434231956;1.5945164;-0.31666803;-9.742835
434284555;434284335;1.4942291;-0.12482831;-9.811946
434336813;434336719;1.9468685;-0.32826316;-9.599347
434384815;434384736;2.394522;-0.3871322;-9.380065
434433013;434432754;2.4553375;-0.41720968;-9.442427
434485203;434485135;2.4147525;-0.5532971;-9.352036
434537585;434537516;1.9307162;-0.49080172;-9.619085
434585600;434585533;1.3836377;-0.25507307;-9.502453
434637985;434637917;0.56903374;-0.32601634;-9.808004
434686004;434685936;0.8612625;0.19891496;-9.880286
434734021;434733956;0.31614682;0.5642376;-9.748538
434782039;434781974;-0.53723013;0.9861834;-10.059281
434834430;434834359;-0.4105443;0.61518574;-10.26112
434886851;434886743;-0.17839593;-0.8906564;-9.684195
434934838;434934771;0.32655028;-1.3701041;-9.73537
434987221;434987155;0.9202539;-0.7742495;-9.14523
435035286;435035175;0.6715608;0.07711938;-9.879355
435083260;435083193;0.5994019;1.3198798;-9.855321
435135642;435135576;0.2790778;1.6105596;-10.000595
435188031;435187963;-0.028978663;1.2100168;-10.1010275
435236048;435235983;0.37545234;1.0995561;-9.698352
435284674;435284494;0.5887777;0.5253088;-9.52729
435336957;435336880;0.53060657;0.17136334;-9.637659
435384990;435384901;0.3845887;-0.12697199;-9.689832
435433001;435432922;0.11925654;-0.3189546;-9.970421
435485385;435485305;-0.09145131;-0.004927338;-10.152617
435537756;435537690;-0.22221518;-0.28394005;-10.185957
435585775;435585708;-0.01337694;0.045503218;-9.861483
435633790;435633724;0.35237145;-0.02371048;-9.843326
435686171;435686104;0.3016366;-0.07680355;-9.781511
435734195;435734124;0.5131684;-0.00083680276;-9.972235
435786574;435786509;0.23005472;-0.07920515;-9.651707
435834598;435834532;0.2951875;0.3038109;-10.148034
435886992;435886920;-0.042989783;0.42998454;-10.033121
435935014;435934943;0.27380905;0.49317002;-9.778915
435983036;435982969;0.24799557;0.47657156;-10.077045
436035428;436035361;0.15009017;0.34084627;-9.55134
436083452;436083387;-0.08695283;0.27703926;-9.544209
436135847;436135779;-0.35100284;0.25467733;-9.4973135
436183871;436183802;-0.3832961;0.08241008;-9.472397
436236267;436236193;-0.8431004;0.18679053;-9.880227
436284284;436284217;-0.7514352;-0.14923325;-10.015154
436336667;436336599;-0.7868772;-0.15428641;-10.108455
436384695;436384618;-0.1844593;0.041521396;-9.878156
436437550;436437482;-0.06689189;-0.13676822;-9.780681
436485562;436485497;0.12903832;-0.51365143;-10.149755
436533578;436533513;0.4748125;-0.0020449667;-10.0672245
436585964;436585895;0.61045814;-0.36174628;-9.459226
436633984;436633911;0.3615737;0.090420425;-9.974996
436681996;436681929;0.42317075;0.5291739;-9.661576
436734376;436734308;0.23447394;0.4192314;-9.677148
436786802;436786691;-0.0449005;0.697059;-9.941671
436834780;436834711;-0.4153075;0.5986811;-9.698324
436882800;436882731;-0.85470784;0.47222254;-10.430974
436935235;436935120;-0.8209622;0.25760546;-10.162553
436983211;436983143;-0.937639;0.15525258;-9.648201
437035604;437035535;-1.1426169;0.059362587;-10.306095
437087991;437087924;-0.7758022;-0.28600636;-10.493299
437136010;437135943;0.20665553;0.021431336;-9.54326
437184027;437183961;0.13180208;-0.18533091;-9.997719
437232103;437231981;0.59890586;0.11952109;-9.965802
437284434;437284368;0.9384533;0.3031324;-9.619334
437336821;437336755;0.8501331;0.28330925;-9.813503
437384841;437384774;0.75953686;0.6801636;-9.609765
437437222;437437156;0.37817365;0.67425305;-9.564147
437485246;437485172;-0.37480927;0.28346565;-9.616059
437533261;437533194;-0.7119623;0.40689647;-9.702514
437581773;437581701;-1.0494944;0.24242164;-9.922237
437634156;437634088;-1.6494615;0.04705957;-10.454873
437686544;437686476;-1.1796129;0.002265176;-9.897387
437734574;437734501;-1.2799752;-0.11435096;-10.037568
437786953;437786886;-0.87870485;-0.21040013;-10.119362
437834973;437834906;-0.17108369;-0.008483405;-10.229743
437882991;437882926;0.47177956;0.09618359;-9.982605
437935376;437935311;1.383216;-0.0007930238;-9.499318
437987773;437987697;1.6502743;0.14361596;-9.543362
438035788;438035721;1.2073241;0.45731264;-9.6297245
438083810;438083744;1.2306613;0.46110106;-9.388743
438136207;438136131;0.6876191;0.31289926;-9.420969
438184219;438184153;-0.3581385;0.26858217;-9.386678
438236607;438236540;-0.7770307;-0.02719661;-9.625541
438284641;438284562;-1.8521945;-0.1645414;-10.341637
438337016;438336947;-1.8996862;-0.28047106;-9.765012
438385032;438384967;-2.1833775;-0.0019248076;-10.287557
438433062;438432987;-1.7657068;-0.2660493;-9.92331
438485444;438485377;-1.2550938;0.13987316;-10.192739
438533461;438533393;-0.090192065;0.64384925;-9.431502
438585846;438585780;0.8844942;0.4026842;-9.689489
438633873;438633806;1.4580038;0.70433193;-9.262674
438686260;438686193;2.0307987;0.63221085;-9.159815
438734770;438734701;1.9511454;0.43803275;-9.450183
438782791;438782721;1.6855096;0.30032244;-9.311937
438835183;438835103;0.8868723;0.35229564;-9.328066
438887554;438887484;0.15882714;0.31895858;-9.799763
438935573;438935503;-0.9827989;0.17504872;-9.850853
438983620;438983521;-2.162728;-0.13384551;-10.200093
439035972;439035906;-2.6667445;-0.09084453;-10.528885
439083997;439083930;-2.6017456;-0.39803708;-10.348837
439132046;439131953;-2.0932014;0.21947229;-10.243333
439184408;439184343;-1.5276747;0.26446265;-9.579648
439236798;439236729;-0.31620264;0.35131654;-9.945513
439284822;439284754;1.1426286;0.5218166;-9.462761
439332847;439332772;2.1473053;0.6988399;-9.089675
439385217;439385150;2.6171172;0.5784208;-9.179079
439433234;439433166;2.7259746;0.0035415145;-9.331945
439485617;439485549;2.3525343;0.28577837;-9.384549
439537997;439537931;1.6051732;0.7135897;-9.336906
439586013;439585947;0.61153805;0.6775154;-9.324342
439634034;439633965;0.03456602;0.6049185;-9.580686
439682044;439681978;-1.1455438;0.6324179;-9.527583
439734454;439734355;-2.0656538;0.15956411;-9.785874
439786806;439786733;-2.7033932;0.19266199;-10.265214
439834815;439834746;-2.459977;-0.32452258;-10.274962
439887686;439887613;-2.2074351;-0.5890505;-10.115413
439935695;439935629;-1.7304581;-0.30755153;-10.500444
439983714;439983647;-0.448636;-0.28125355;-9.883702
440031727;440031661;0.07547735;0.080648;-9.879833
440088477;440088405;1.1006793;-0.38981137;-9.2393265
440136485;440136417;2.1825392;0.11884943;-9.425148
440184499;440184434;2.6328795;-0.19778009;-9.228133
440236885;440236816;3.5892148;0.18696807;-8.451384
440284902;440284835;4.5244184;0.5853389;-8.560545
440332921;440332853;5.801408;0.87735015;-7.1872277
440385302;440385235;21.475983;2.832643;-0.98019946
440437690;440437621;5.8497796;1.6515411;-6.644227
440485713;440485644;3.4206202;0.4933178;-7.582663
440533732;440533664;8.384934;5.5913386;-6.8114934
440586116;440586051;3.0973847;3.7029686;-9.038625
440634149;440634068;4.9325304;1.2213012;-6.529737
440686518;440686450;4.597557;1.6397973;-8.157804
440734540;440734471;5.0913615;3.2379665;-7.275318
440786935;440786858;5.259421;2.5330813;-7.8683357
440834949;440834880;5.764701;3.4274442;-7.5507393
440882969;440882901;5.97142;4.161632;-6.796313
440935365;440935286;5.738704;2.0319858;-7.8676047
440984346;440984278;5.941904;2.0600336;-6.592349
441032381;441032298;10.488024;-0.19665712;-5.334325
441084755;441084687;3.693277;2.7268975;-6.0498176
441137149;441137074;5.8176794;7.30462;-5.519142
441185165;441185097;6.2971673;1.8641845;-6.893652
441233187;441233118;8.936231;2.9869635;-5.827579
441285580;441285507;6.5071745;1.3103458;-5.6870008
441333596;441333529;7.933606;2.5482395;-5.1377587
441385998;441385920;7.1496067;1.7326226;-6.343598
441434015;441433945;6.524658;2.4198978;-7.0070963
441486400;441486334;7.0236354;3.4657369;-6.5477247
441534418;441534352;6.1997576;3.1485121;-6.8690357
441582448;441582369;5.2094965;3.6874733;-6.668967
441634818;441634749;4.0734286;4.4473705;-7.579837
441687194;441687127;2.317087;5.418962;-9.634576
441735208;441735140;0.5365604;5.4407887;-10.080031
441783218;441783152;0.38804218;3.2319293;-10.30961
441835603;441835535;0.53802645;0.5866446;-9.006631
441883621;441883552;1.4496453;-1.0334378;-9.603383
441936000;441935933;1.0801426;-3.1518853;-9.9670105
441988383;441988315;0.4476754;-3.7040532;-9.8858
442036404;442036332;0.5073145;-2.607589;-9.597914
442084414;442084349;1.1650405;-1.3490891;-8.833358
442132917;442132851;1.6270521;0.058440253;-9.56824
442185305;442185237;1.3472649;1.4948791;-8.842005
442233322;442233257;1.2481487;2.1255314;-9.823722
442285710;442285643;1.1639655;3.2488132;-9.455378
442338101;442338027;0.9971905;2.800005;-9.536416
442386117;442386049;0.08423096;1.9936255;-9.306879
442434152;442434070;-0.048820212;0.15582156;-9.878634
442482161;442482093;-0.06470461;-1.3091983;-9.459137
442534542;442534477;0.1765052;-2.0750391;-9.232486
442586926;442586860;0.34281898;-1.7273645;-10.025579
442634954;442634878;0.696531;-1.6139475;-9.906603
442687326;442687261;0.92285687;-0.38956195;-9.738403
442735347;442735281;0.9003245;0.5723035;-10.122945
442783375;442783297;0.61156714;1.8816941;-9.837539
442831382;442831315;0.4545564;2.7729323;-10.150614
442888132;442888065;0.4412375;2.5813067;-9.799479
442936152;442936083;0.23696768;2.3578687;-9.817607
442984169;442984104;0.3476541;1.617704;-10.007151
443036553;443036488;0.6298333;0.69458795;-9.45853
443084576;443084508;0.16251698;-0.6796185;-9.83056
443132598;443132528;0.06626028;-0.77654624;-9.9974575
443184978;443184912;0.0923654;-1.293638;-10.204061
443237364;443237291;0.17977598;-1.3330843;-10.025273
443285855;443285788;0.1474096;-0.56255144;-10.232143
443333962;443333800;0.48733163;0.37783334;-10.077038
443386246;443386180;0.4052146;1.5898538;-9.05114
443434264;443434198;0.4848713;2.2022076;-9.435016
443486650;443486584;0.5306266;2.277096;-9.945948
443534669;443534602;0.36368635;2.036308;-9.698505
443587055;443586987;-0.058002282;1.5177443;-9.67766
443635077;443635008;0.07911764;0.34147358;-9.717695
443683092;443683025;0.19792579;-0.5207436;-9.664654
443735484;443735409;-0.14737897;-1.3839345;-9.813238
443783497;443783428;0.15087797;-1.2030652;-9.780358
443835885;443835816;0.17690858;-0.84987473;-9.962034
443883906;443883838;0.19312078;-0.5946942;-9.908556
443936346;443936222;0.05980016;0.5301499;-10.518538
443984311;443984243;0.35263336;1.5974345;-9.95918
444032331;444032264;0.49141374;1.9545935;-9.31809
444084784;444084645;0.36151364;2.0757;-9.821004
444137092;444137025;0.17197298;1.8738376;-9.680954
444185113;444185044;0.21001762;1.0663152;-9.860409
444233219;444233061;0.28326747;0.26435572;-9.199281
444285515;444285445;0.052876886;-0.31692415;-9.862774
444333532;444333462;0.055365685;-1.2677808;-9.8282585
444385913;444385848;0.1979522;-1.4694562;-9.499309
444434424;444434353;0.058790494;-0.85420096;-10.198947
444486802;444486735;0.20591271;-0.4910236;-9.884205
444534820;444534753;0.31074473;0.6812615;-10.078459
444582840;444582770;0.7586565;1.3566484;-9.496843
444635231;444635153;0.46025652;1.6589559;-9.964451
444683239;444683174;0.12370044;1.9738008;-9.989351
444735627;444735555;0.36265436;1.7435402;-9.636342
444787999;444787934;0.5482601;0.9312346;-9.004609
444836018;444835953;0.13224305;-0.040268954;-10.097477
444884037;444883968;0.26316586;-0.4167311;-9.964499
444932116;444931982;-0.16967873;-0.9461036;-10.056495
444984430;444984364;-0.1392915;-1.2836928;-9.87658
445036825;445036745;0.26018554;-0.83680207;-9.732536
445084827;445084761;0.0046885964;0.22430097;-9.745768
445132861;445132782;0.20687914;0.7723568;-10.118068
445185234;445185165;0.3197729;1.2774383;-9.337652
445233247;445233178;0.6650721;1.6526067;-9.4517565
445285623;445285556;0.06561797;1.3140073;-10.101911
445338003;445337936;0.17059134;1.2605375;-9.794601
445386051;445385950;0.1253604;0.34519103;-9.733741
445434033;445433965;0.0061000166;-0.05547681;-9.852237
445486416;445486350;-0.13218826;-0.44316825;-10.084562
445534499;445534370;0.025926894;-0.7059328;-9.672111
445582938;445582873;-0.06370566;-0.46340793;-10.18626
445635318;445635250;-0.023290731;0.020316273;-10.028955
445687693;445687627;0.10695818;0.41919705;-9.725193
445735713;445735646;0.2038739;1.2139713;-10.219281
445783734;445783667;0.501994;1.2409685;-9.923394
445836120;445836052;0.15592627;1.6083592;-9.695614
445884138;445884070;0.29801938;1.1596863;-9.398914
445936525;445936456;-0.16016671;0.7291543;-10.082726
445984539;445984471;0.30282453;0.3744568;-9.757152
446036911;446036845;0.014140156;0.01649589;-10.118163
446084944;446084858;0.08368962;-0.5696432;-9.532903
446132939;446132873;0.253507;-0.6218325;-9.981694
446185335;446185254;0.29071262;-0.096714765;-9.963419
446237703;446237632;0.12308616;0.490818;-9.722176
446285715;446285650;0.8611062;0.549606;-9.744153
446333726;446333660;0.5730757;1.0214529;-9.523941
446386108;446386036;0.36014673;1.1859293;-9.903141
446434111;446434045;0.063282065;0.95064425;-10.0035095
446482125;446482059;-0.0835242;1.0621595;-10.154563
446534532;446534442;0.40747857;0.3600593;-9.877812
446586960;446586825;0.47773328;0.2574149;-9.860373
446634932;446634845;0.12857579;-0.043764208;-10.112454
446682969;446682865;0.30855525;-0.43617123;-9.710818
446735796;446735730;0.2794611;0.06030218;-9.830526
446783812;446783745;0.07077255;0.102466755;-9.556524
446836199;446836128;0.3415113;0.20598556;-9.711457
446888653;446888514;0.5847435;0.87001556;-9.23001
446936610;446936532;0.26209855;1.013683;-9.633294
446984618;446984549;0.21467328;1.1567403;-9.426647
447032640;447032570;0.33699906;1.1316085;-9.399705
447085024;447084957;0.105549976;0.88430196;-10.085376
447137433;447137345;-0.0009691547;0.43417853;-9.996058
447185430;447185362;0.105168454;0.074976675;-9.897823
447237865;447237746;0.060747825;0.12446813;-9.913424
447285862;447285765;-0.18432923;-0.21779037;-9.963294
447333846;447333780;0.09511932;-0.3665636;-9.811885
447381864;447381798;0.010128103;-0.04692515;-9.579587
447434264;447434178;0.024311816;0.119053334;-10.055801
447486712;447486562;0.24005285;0.52791244;-9.728356
447534741;447534581;-0.025971819;1.034887;-9.802214
447587052;447586971;0.40140897;0.9385476;-10.112156
447635070;447634990;0.10896112;1.2776388;-9.850023
447683178;447683007;0.3241322;0.4999491;-9.77159
447735480;447735393;0.2601512;0.51485854;-9.613665
447787847;447787780;0.12509888;0.07794179;-9.730334
447835866;447835800;0.31632265;-0.05422834;-9.380481
447884371;447884305;0.16412057;0.23427501;-9.7038765
447936772;447936692;0.21646583;0.20498908;-9.573002
447984885;447984717;0.417853;0.29668692;-9.221365
448032802;448032733;0.22731182;0.82720613;-9.905171
448085178;448085113;0.34969506;0.7039417;-9.887012
448137557;448137492;0.2416791;0.74932426;-9.90633
448185580;448185509;0.13388316;0.9793073;-9.949353
448233600;448233522;0.04499765;0.66706145;-9.5591755
448285982;448285904;0.3513795;0.6519128;-9.781639
448334006;448333927;0.073385485;0.35794523;-9.867342
448386458;448386321;0.04041722;-0.057400864;-9.570223
448434444;448434347;-0.05772815;0.44043243;-10.072388
448486827;448486735;-0.341923;0.17021076;-9.996531
448534836;448534756;0.15679231;0.104046874;-9.916474
448582903;448582778;0.08697625;0.6194193;-9.698323
448635250;448635166;0.23706126;0.6127676;-9.404799
448687621;448687552;0.16430178;0.8451698;-9.72085
448735718;448735574;0.036235195;0.5981681;-9.704861
448783682;448783598;0.09817237;0.5881543;-9.812292
448836054;448835985;0.3054906;0.46898812;-10.125534
448884157;448884005;0.100916274;0.75223887;-9.733692
448932104;448932029;-0.002346588;0.40833363;-10.092688
448984491;448984420;0.19430643;0.34788248;-9.486146
449037383;449037295;0.13704011;0.03705389;-9.727038
449085387;449085319;-0.1379004;0.16562909;-9.492866
449133422;449133342;0.023471754;0.38416746;-9.685671
449185807;449185730;0.01716938;0.49908063;-10.042975
449233827;449233748;0.09065407;0.5514259;-9.914191
449286273;449286133;-0.09023737;0.5471625;-10.079708
449338691;449338519;0.06134107;0.63371295;-10.154446
449386658;449386539;0.09066346;0.9148418;-10.103056
449434693;449434560;0.20942679;0.57213885;-9.800633
449482651;449482586;0.35321692;0.44037023;-10.096917
449535138;449534973;0.20755301;0.6300829;-9.405916
449583135;449582998;0.2776705;0.049733173;-9.538825
449635470;449635388;0.19515382;0.17930624;-9.662999
449687843;449687775;0.2006611;0.3761362;-9.699099
449735865;449735799;0.042164586;0.49315232;-9.981147
449783909;449783821;0.13655935;0.26610675;-9.898729
449831910;449831844;-0.12813523;0.7646796;-9.727523
449884299;449884235;0.21585801;0.45455548;-10.114058
449936782;449936630;0.23911105;0.41619697;-9.412435
449984734;449984655;0.19507073;0.18895695;-9.541608
450037112;450037047;0.032835882;0.3029625;-10.121025
450085216;450085073;0.29323387;-0.25531143;-9.929222
450133162;450133095;0.30798906;0.19644605;-9.430697
450181724;450181602;-0.19823384;0.52592075;-9.850427
450234056;450233990;-0.083396874;0.41829857;-9.705951
450286449;450286384;0.1172504;0.38709095;-9.881253
450334481;450334404;0.20900412;0.82189214;-9.761885
450386929;450386791;-0.0078968275;0.6791493;-9.616316
450434905;450434812;-0.0044431207;0.56250226;-9.245701
450482900;450482835;-0.031322848;0.56194776;-9.72275
450535358;450535224;-0.09222397;0.44695923;-9.701135
450587698;450587616;-0.23441668;0.1692058;-9.979773
450635819;450635641;-0.233472;0.15599817;-9.671071
450683799;450683665;-0.28415978;0.43085948;-10.17859
450736145;450736062;0.035338525;0.7406185;-9.860825
450784172;450784092;-0.053139314;0.9255934;-10.320405
450836551;450836484;0.11048409;0.66765505;-9.554005
450884591;450884506;0.12571383;1.0014142;-9.740866
450936960;450936894;-0.16669464;0.98143137;-10.110153
450984978;450984913;-0.2183341;0.59774107;-9.723259
451033004;451032936;0.13213173;0.2515865;-9.718362
451085393;451085325;0.17962356;0.6021261;-9.790719
451133415;451133348;0.052481852;0.149382;-10.166162
451185807;451185738;0.10991198;0.24252792;-9.375727
451233828;451233762;0.10149949;0.2969557;-9.411196
451286702;451286636;0.20560901;0.50726914;-9.617858
451334739;451334657;-0.00058848097;0.7451072;-9.978445
451382792;451382680;0.09949444;0.32990578;-9.927424
451435134;451435070;0.15759583;0.8739518;-9.649101
451487589;451487461;0.28375944;0.72597617;-9.2832775
451535571;451535484;0.088268295;0.5851638;-9.570862
451583575;451583509;0.29095292;0.17575748;-9.65849
451636018;451635900;0.114071704;0.16127339;-10.131105
451684049;451683917;0.049925685;0.18729518;-10.272527
451732004;451731939;0.147824;0.25670362;-9.714438
451784501;451784327;-0.015976336;0.29325753;-9.810977
451836779;451836714;0.40573177;0.5928468;-9.503455
451884822;451884736;0.0663824;0.78355664;-9.803886
451932840;451932757;0.23657402;0.60945;-9.247694
451985212;451985146;0.20656171;0.40354803;-10.2353945
452033240;452033171;-0.08149086;0.63242626;-10.028076
452085627;452085560;0.121075965;0.28215832;-10.108787
452138020;452137951;0.18376794;0.34475884;-9.577206
452186040;452185972;0.27518505;0.11519637;-9.671429
452234060;452233993;0.034840893;0.3745531;-9.687687
452282085;452282016;-0.18458657;0.40671253;-9.623634
452334464;452334396;0.16164246;0.2991927;-9.580702
452386848;452386780;0.07535495;0.47313216;-9.970376
452435827;452435761;-0.1468806;0.78424776;-9.155769
452488210;452488139;0.12572096;0.5325958;-9.63164
452536225;452536157;0.2240965;0.9323935;-9.769008
452584245;452584179;0.04526014;0.73089445;-9.921605
452632262;452632195;0.35428977;0.40483117;-9.575228
452684659;452684574;-0.020983512;0.5992919;-9.457163
452737060;452736957;-0.22267975;0.40935165;-10.296051
452785046;452784976;0.020711387;0.1953383;-9.6330185
452837443;452837358;-0.019278724;0.2777524;-9.928367
452885442;452885374;-0.08084317;0.7122394;-9.771217
452933458;452933390;-0.15537485;0.63973945;-9.875231
452981484;452981410;-0.24473032;0.8932325;-9.967791
453038237;453038163;-0.020117756;0.7938374;-9.554427
453086248;453086183;0.060229965;0.56373787;-9.112749
453134294;453134205;-0.113499805;0.9035289;-9.812225
453186658;453186589;-0.04285569;0.11527703;-10.216738
453234678;453234609;0.30388293;0.27268848;-9.173534
453282739;453282632;0.17382082;0.22187126;-9.990931
453335084;453335019;0.20873636;0.24264283;-9.634964
453387548;453387406;0.3013304;0.6582459;-9.494263
453435515;453435422;0.0131483255;0.8477155;-9.622444
453483552;453483444;-0.28894627;0.9559963;-9.81939
453535912;453535832;0.14116932;0.91312724;-9.35941
453584412;453584338;-0.08470806;0.9842059;-9.885455
453636813;453636725;0.10598819;0.7124473;-9.837308
453684819;453684750;0.10287233;0.6840483;-9.321612
453737205;453737139;0.14017688;0.46608594;-9.572277
453785227;453785161;-0.20868453;0.42733034;-9.793236
453833250;453833182;0.008583862;0.17046785;-9.59107
453885643;453885572;-0.048982024;0.49714425;-9.833527
453933663;453933598;-0.08792151;0.31508815;-9.866705
453986053;453985989;-0.09699404;0.332115;-9.772022
454034079;454034011;-0.041922264;0.80463797;-9.7348385
454086466;454086400;0.06588104;0.7309159;-9.796907
454134503;454134421;0.010152147;0.62018;-10.136761
454182513;454182443;-0.05938269;0.70351774;-9.832302
454234898;454234833;-0.29563248;1.0117284;-10.148783
454287289;454287223;-0.03958061;0.6761102;-10.029248
454335370;454335241;-0.03210314;0.7367493;-9.788622
454383327;454383262;-0.33413455;0.56756294;-9.689915
454435777;454435645;0.09618315;0.6911588;-9.922279
454483818;454483666;0.054645453;0.8357987;-9.769509
454536160;454536050;0.010308106;0.4210779;-9.81082
454584204;454584067;0.0065357075;0.71803194;-9.436561
454636540;454636448;-0.089905;0.37580758;-9.600479
454684550;454684465;-0.110015385;0.34972408;-9.416512
454733034;454732968;0.009336234;-0.07994967;-10.056335
454785417;454785351;-0.06982232;0.45484516;-9.773778
454833434;454833369;0.11003612;0.7557347;-9.863338
454885820;454885755;0.02425053;0.8540554;-9.386052
454938216;454938140;-0.1863106;0.93589365;-9.906647
454986224;454986159;-0.0928205;0.4516021;-10.088334
455034257;455034177;0.14454691;0.32066214;-9.684031
455082259;455082192;-0.16302207;0.44304928;-9.944855
455134646;455134579;0.119995706;0.46819764;-9.616186
455187032;455186964;0.0650269;0.44202942;-9.692757
455235047;455234983;0.21573938;0.51563907;-9.401224
455287501;455287365;-0.0884947;0.40722743;-9.914633
455335519;455335382;0.11045025;0.76149416;-9.800759
455383469;455383401;-0.19588174;0.6352552;-10.068249
455431489;455431421;0.021204188;0.79333025;-9.735913
455483951;455483811;0.15534057;0.34737337;-9.660687
455536286;455536203;0.06365594;0.37323156;-9.98811
455584315;455584232;-0.18013944;0.16653423;-9.956085
455636700;455636626;-0.30118138;-2.384269e-05;-10.105077
455684738;455684649;-0.24521548;-1.4743863;-9.87045
455732763;455732676;-0.10370736;-1.7026136;-8.209754
455785136;455785071;-0.34161416;1.2413418;-8.7163725
455837532;455837464;2.7089503;27.517435;0.295816
455886109;455885976;-0.4550842;0.08544327;-6.01247
455934069;455934003;-0.0341712;-0.755259;-10.460473
455986487;455986393;-1.7332869;-1.1857116;-10.449396
456034494;456034416;0.5161166;1.600872;-8.56899
456082511;456082440;0.95606595;16.968462;-5.0318146
456134900;456134834;1.535847;5.383916;-9.17104
456187288;456187223;0.553711;1.3712981;-9.530246
456235364;456235246;0.5278312;1.2787621;-9.779757
456283333;456283266;0.51821023;-2.1127403;-9.801499
456335723;456335654;0.079458416;0.7213649;-8.7696085
456383795;456383675;0.5215293;0.052754547;-9.558629
456436183;456436061;0.14321385;1.7270347;-10.228635
456484165;456484080;-0.14954108;2.2862344;-9.099431
456536553;456536467;0.0005120945;3.6473029;-9.629002
456584583;456584488;0.054340884;1.7565253;-9.410679
456632659;456632509;-0.39694944;0.96938777;-9.850559
456684965;456684899;-0.18572992;0.67482316;-9.299523
456737369;456737292;-0.087707795;0.18710345;-9.920467
456785383;456785316;-0.31135273;0.07902474;-10.142337
456833426;456833341;-0.109969705;0.35765865;-10.0406685
456885811;456885731;-0.008009375;0.9674834;-9.812122
456933822;456933754;-0.01156838;1.2575897;-9.754083
456986213;456986144;-0.33761355;1.7068969;-10.512077
457034724;457034654;0.03516281;1.6762041;-9.31724
457087113;457087048;-0.3719499;1.426389;-10.147997
457135141;457135076;-0.07933918;1.3740487;-9.9982815
457183174;457183106;0.15568744;0.6952833;-9.734251
457235568;457235500;-0.23762602;0.025466446;-10.043833
457283616;457283523;-0.14910814;0.14719477;-9.888762
457335972;457335906;-0.25348613;1.012928;-9.98743
457388407;457388299;0.15634637;2.0495572;-9.211623
457436505;457436323;-0.0370915;2.0329912;-9.780691
457484414;457484349;-0.2447975;2.3828907;-10.34998
457532444;457532375;0.16035816;2.1107001;-9.166101
457584931;457584769;-0.05779154;1.6096334;-10.033297
457637240;457637159;0.33326522;1.430629;-9.606481
457685259;457685184;0.13812353;1.181341;-9.5355625
457737659;457737577;-0.20644891;0.7423702;-10.198667
457785690;457785606;-0.33660477;0.45352137;-9.650621
457833780;457833632;-0.022043819;0.52472514;-10.052612
457881794;457881658;-0.2977766;1.1427106;-9.916685
457934132;457934053;0.15315373;1.5867791;-9.440539
457986545;457986453;-0.24239801;1.3392904;-10.293019
458034550;458034484;-0.28535157;1.104264;-9.91082
458087026;458086877;0.11424009;0.8428222;-9.493452
458134968;458134901;-0.14031528;0.75101477;-9.389061
458183519;458183408;-0.36219487;0.3975919;-10.164601
458235883;458235801;-0.032450337;0.09917435;-9.989632
458283892;458283827;-0.32737777;-0.7775735;-9.721211
458336284;458336218;-0.17130865;-0.5011171;-9.438411
458384304;458384239;0.17992592;-0.7493297;-9.960587
458436693;458436627;-0.009185611;-0.5874128;-9.451689
458484723;458484655;0.22565407;-0.6647399;-10.072187
458532749;458532681;-0.23446907;-0.5346898;-9.903533
458585137;458585073;-0.048867736;-0.29449832;-9.690783
458637594;458637467;-0.055410553;-0.618707;-9.271014
458685565;458685488;-0.029461676;-0.8746477;-9.70668
458733582;458733514;-0.17683542;-1.3364522;-9.503307
458786032;458785905;-0.2044072;-1.5951376;-9.830379
458834003;458833927;-0.3615621;-2.20325;-9.922451
458886487;458886313;-0.02932144;-2.8885972;-9.1701145
458934414;458934332;0.05735143;-2.2976856;-8.7790365
458986787;458986719;-0.40611044;-0.9717308;-9.703256
459034830;459034741;0.5528491;0.5344574;-9.84361
459082932;459082759;-0.2037796;3.5166562;-8.90038
459135211;459135139;-0.31459832;3.0565116;-9.40265
459187587;459187521;-0.60392743;2.1974375;-9.622004
459235605;459235538;-0.5325097;1.1408633;-9.756336
459283626;459283556;-0.24945593;1.2060556;-10.250782
459336491;459336423;-0.057825208;1.1190834;-9.262834
459384594;459384439;0.43218178;0.5686329;-9.718292
459432527;459432456;0.022707121;0.8294699;-9.945238
459484903;459484839;0.56074005;0.64427876;-9.710135
459537293;459537228;-0.002461448;0.78616107;-10.102887
459585327;459585253;0.004718933;1.1481304;-9.788179
459633341;459633275;0.022396497;1.2861775;-10.075386
459685757;459685661;-0.23455758;1.1734256;-9.251843
459733772;459733682;-0.5683104;0.96734047;-9.847467
459786213;459786071;-0.3080301;1.0704756;-9.622549
459838564;459838459;-0.27348965;0.7390454;-9.418541
459886551;459886485;-0.4639713;0.3867118;-10.371241
459934628;459934511;-0.59062195;0.41964838;-9.949989
459982673;459982534;-0.6439904;0.573343;-10.122887
460035010;460034926;-0.5401741;0.65933317;-9.799746
460087385;460087316;-0.77420187;0.55697453;-9.771538
460135419;460135346;-0.6515555;1.0145687;-10.208237
460187806;460187739;-0.18816626;1.282928;-9.974849
460235832;460235762;-0.3599792;1.2284728;-9.823881
460283852;460283785;-0.13999356;0.9591244;-9.661525
460331875;460331809;-0.116706185;0.46959957;-9.279281
460384267;460384199;-0.2605224;0.5498635;-9.797365
460436652;460436585;0.16605495;0.12063326;-9.305759
460485159;460485092;0.05813094;0.35837567;-9.271535
460537546;460537481;0.16965613;0.5316165;-10.110746
460585687;460585504;-0.113949746;1.0159911;-10.2199955
460633598;460633521;0.07105374;1.1776496;-9.999445
460681608;460681539;-0.010886709;0.86499274;-9.348229
460734000;460733927;-0.10580397;0.9445008;-10.248156
460786495;460786316;0.09190459;1.1529213;-9.4727545
460834399;460834334;0.086904615;1.0087613;-9.315575
460886803;460886720;-0.083034106;0.38396972;-9.984379
460934908;460934745;0.063592575;0.26076037;-9.846467
460982892;460982767;0.095903926;0.65578514;-9.599519
461035234;461035152;-0.1963213;0.9337464;-9.882711
461087609;461087541;-0.7075779;1.0845982;-9.294084
461135632;461135565;-1.2556001;1.0414188;-9.544533
461183658;461183591;-1.3518617;1.0328264;-10.057191
461236051;461235983;-1.6776985;0.90736985;-10.0033455
461284068;461284003;-1.5637232;0.42741504;-9.504381
461336499;461336389;-1.3620982;0.54104567;-9.876746
461384486;461384408;-1.4768258;1.0640894;-9.908121
461436858;461436793;-0.8126447;0.6937438;-9.303321
461484927;461484815;-0.9866106;1.3542823;-10.223872
461532905;461532836;-1.0863203;1.124711;-9.879488
461585779;461585712;-0.9863485;1.2181271;-9.646814
461633802;461633736;-0.9659001;1.4081323;-9.4354515
461686224;461686123;-1.1299212;0.682294;-9.355331
461734210;461734146;-1.7340524;0.8142756;-10.19637
461786673;461786534;-1.4012092;0.22129934;-9.662933
461834656;461834555;-1.4513122;0.5847304;-9.868033
461882647;461882576;-1.5444069;0.56505626;-9.836868
461935127;461934967;-2.0136538;0.7236575;-9.757269
461987450;461987359;-1.7332289;0.33223614;-9.734406
462035464;462035384;-1.7759004;0.9501753;-9.995235
462083499;462083409;-1.6807578;1.2075852;-9.796088
462135870;462135800;-1.7754124;0.73832536;-9.3953285
462183905;462183823;-1.6637301;1.2071384;-9.788083
462231930;462231847;-1.30893;0.99756527;-9.8083105
462288672;462288604;-2.0342617;1.295965;-10.001977
462336694;462336629;-1.4066373;0.9254045;-10.268144
462384724;462384658;-0.77766114;0.61288273;-9.213683
462432749;462432680;-0.469457;0.4757483;-9.658774
462485143;462485074;-0.35778984;0.6511006;-10.078744
462533171;462533101;0.037767235;0.6595371;-10.103462
462585558;462585491;0.468621;1.0202227;-9.54426
462633582;462633516;0.62201566;0.91675127;-9.208585
462686004;462685906;0.95287657;0.5134117;-9.433631
462734487;462734415;1.5480099;0.65666;-9.386474
462782507;462782440;1.7903854;0.65185964;-9.519815
462834897;462834831;1.8315417;0.6234826;-9.28701
462882925;462882853;1.3882549;0.6365975;-9.5978775
462935322;462935237;0.83948267;0.72784406;-9.629678
462987702;462987617;0.36008304;0.4848771;-10.09544
463035719;463035636;-0.10743607;0.17184736;-10.50715
463083739;463083656;-0.087628864;-0.2892043;-9.916199
463131803;463131676;-0.5134552;-0.5986098;-10.360834
463184158;463184064;-0.3963655;-0.13517192;-10.036629
463236517;463236449;-0.6627157;-0.44954526;-10.169234
463284546;463284465;-0.22763376;-0.021089347;-9.856204
463336909;463336843;0.023216277;0.6491975;-9.678398
463384925;463384859;0.079482414;1.2021006;-9.514963
463432971;463432878;0.20259576;1.6047101;-9.745944
463485329;463485263;-0.33645192;1.1158278;-9.986718
463537714;463537646;-0.6697665;0.8264516;-10.09619
463585734;463585664;-0.95408994;-0.59273356;-9.700618
463633746;463633681;-1.2197725;-0.4387519;-9.968957
463686131;463686064;-0.72635055;-0.577073;-9.272849
463734147;463734081;-0.52109385;-0.38465634;-9.533067
463786529;463786460;-0.018434219;0.2114812;-9.454731
463834545;463834478;-0.5379085;1.8541772;-8.856338
463887426;463887345;-0.6721263;2.8241403;-9.343795
463935445;463935363;-0.13996316;4.090107;-9.111204
463983505;463983381;-0.9827818;3.8430731;-9.248253
464035831;464035763;-0.918741;3.1273704;-9.501108
464083859;464083777;-1.3421018;1.7188581;-8.8042145
464136218;464136153;-1.515793;0.21775609;-9.647317
464184232;464184163;-0.462075;-2.0559113;-9.868604
464236607;464236541;-0.5460559;-2.2681088;-9.743814
464284622;464284556;-0.6954174;-1.8843151;-9.901011
464332636;464332567;-0.44109923;-0.89894646;-9.493963
464385012;464384945;-0.12898375;0.5898557;-9.557306
464437399;464437325;-0.45096746;3.1032612;-9.958004
464485409;464485341;-0.38266537;2.0865142;-9.44565
464533426;464533357;-0.11464174;1.9838153;-9.671841
464585816;464585740;-0.68729657;1.3484793;-10.115448
464633825;464633756;-0.4170881;0.26639384;-9.162911
464686208;464686138;-0.36097068;-1.3772124;-9.441369
464738591;464738522;-0.30345187;-2.115854;-9.700255
464786603;464786535;-0.70403147;-1.2518013;-9.517609
464834616;464834550;-0.7071019;-0.8034611;-10.11156
464882650;464882568;-0.8360662;-0.09243618;-9.975393
464935017;464934951;-0.78656864;1.3280207;-9.624338
464983038;464982972;-0.4306522;2.4177883;-9.510572
465035908;465035841;-0.4695171;2.2682822;-9.422931
465088293;465088227;-0.56513536;1.3163142;-9.332032
465136391;465136248;-0.43531114;0.7555018;-10.411506
465184334;465184265;-0.96306956;-0.5080783;-9.758792
465232351;465232283;-1.176331;-1.0429155;-9.3880625
465284834;465284667;-0.8906119;-1.480763;-9.535656
465337115;465337048;-1.3791554;-1.3721786;-9.789981
465385127;465385063;-1.3376842;-0.29851705;-9.403156
465437512;465437443;-1.3242499;0.5275276;-9.857911
465485532;465485457;-1.0922254;1.1136321;-9.887205
465533541;465533470;-1.1971295;1.8482271;-9.506281
465581559;465581482;-0.96858007;2.0502534;-9.441256
465633930;465633864;-0.7273785;1.3141775;-9.655184
465686311;465686245;-0.7759751;1.0029253;-9.317231
465734324;465734259;-1.3128644;0.26135954;-10.0377
465786703;465786638;-1.3413187;-1.1625803;-9.52095
465834721;465834652;-1.3503672;-1.7612883;-10.069302
465882733;465882666;-1.2280635;-0.9061517;-9.807946
465935111;465935047;-1.5558553;-0.51725894;-10.5080385
465987496;465987428;-1.4903332;0.33581334;-9.814036
466035522;466035446;-1.4868473;0.9192265;-9.566725
466083531;466083464;-1.5377598;1.6577818;-9.424357
466135950;466135846;-1.7319642;1.9282119;-9.635802
466184420;466184350;-1.5594534;1.4099917;-9.421837
466232438;466232364;-1.4134464;0.85150707;-9.333865
466284815;466284746;-1.5489984;0.072937824;-9.595798
466337193;466337127;-1.7561677;-0.59116554;-9.934205
466385211;466385146;-1.8244772;-1.3321524;-9.1200485
466433232;466433164;-1.7973411;-0.7192709;-10.011656
466485618;466485550;-1.8533366;-0.82404894;-9.889973
466533641;466533568;-1.7511581;-0.51864594;-9.773079
466586094;466585954;-1.7884433;0.25342008;-9.6954775
466634040;466633975;-1.9884188;1.1933435;-9.228456
466686421;466686357;-1.8853282;1.5998034;-9.497959
466734536;466734377;-2.3084621;1.5834286;-9.618966
466782463;466782395;-1.8140801;1.6433523;-8.967514
466834843;466834778;-2.0610416;0.7770245;-9.173292
466887227;466887162;-1.700025;0.018086754;-9.403142
466935253;466935183;-2.3474638;-0.7440206;-9.910779
466983271;466983206;-1.9376425;-1.7875547;-9.398091
467035664;467035590;-1.4975795;-1.309626;-9.708503
467083676;467083609;-1.2822987;-0.6554846;-9.755592
468284663;468284594;-1.9590884;0.019329576;-10.386836
468332692;468332612;-1.2786144;-0.6158182;-10.64642
468385063;468384997;-0.71704566;-1.1503595;-9.819088
468437448;468437383;0.28844523;-0.9995064;-9.146105
468486049;468485891;1.232784;-0.714636;-9.477685
468533981;468533909;1.7023305;-0.88008004;-9.212376
468586360;468586295;1.8201452;-0.5933902;-9.062025
468634483;468634316;1.5424974;-0.088955;-9.411565
468686768;468686700;0.54787856;0.84184235;-9.446955
468734783;468734716;-0.42177048;1.0981399;-9.816178
468787163;468787097;-1.901944;1.3317327;-9.956157
468835180;468835114;-2.7233727;0.94453156;-10.070668
468883193;468883128;-2.3568242;1.2030803;-9.916619
468935581;468935512;-2.2565978;0.8524361;-9.569833
468987960;468987893;-1.2668238;0.2723161;-9.579975
469035973;469035908;0.004263759;-0.26350918;-9.340871
469083987;469083923;0.666346;-0.15412068;-9.119678
469136364;469136299;1.561505;-0.19058926;-9.44976
469184382;469184317;1.3852487;-0.17280127;-9.8477955
469232400;469232335;1.1681416;0.59414405;-9.9283085
469284791;469284723;0.54823554;0.5604989;-9.692319
469337172;469337107;-0.24190141;0.75639427;-9.858859
469385208;469385127;-1.549859;1.2157338;-9.964042
469433220;469433142;-2.0282185;0.9715728;-10.3476715
469485590;469485523;-2.3312967;0.75595534;-10.473499
469533613;469533541;-2.3089383;0.8372385;-9.637046
469585995;469585929;-1.6499369;0.5378684;-9.753364
469634500;469634433;-0.9770293;-0.07688417;-9.695334
469686881;469686815;0.17162798;0.38424167;-10.009995
469734902;469734834;0.9599529;-0.0046531325;-8.998007
469782921;469782855;1.1295885;0.09910261;-9.155704
469835301;469835236;1.0161767;0.19602501;-9.656056
469883316;469883251;0.62058383;0.21949898;-9.526979
469935743;469935629;-0.25191987;0.8444523;-9.95606
469988079;469988012;-1.257333;0.7597824;-9.754004
470036096;470036030;-1.79915;1.2441628;-10.118106
470084176;470084046;-2.098016;1.3626444;-10.446875
470132134;470132065;-1.9812815;0.75343066;-10.016458
470184526;470184448;-1.6369728;0.5484054;-9.778022
470236891;470236828;-0.38894886;0.44494942;-9.804015
470284926;470284847;0.41049528;0.61725;-10.037687
470337300;470337234;0.49546155;-0.11927482;-9.466318
470385316;470385251;0.741388;-0.23417376;-9.400147
470433333;470433266;0.3360757;0.269867;-9.938832
470485724;470485654;-0.029573105;0.618105;-9.526949
470533733;470533669;-0.4090486;0.5776877;-9.788537
470586202;470586051;-1.3901016;1.1868614;-10.491648
470634145;470634071;-1.8169789;1.157985;-9.935018
470686584;470686453;-1.7081594;0.89571464;-10.028827
470734643;470734470;-1.3380277;0.8915079;-10.18314
470783054;470782974;-1.0371697;0.37087283;-9.55674
470835425;470835360;-0.28278702;-0.14599685;-9.729604
470887822;470887746;0.17957067;-0.1641499;-9.72995
470935827;470935762;0.73011863;-0.25128043;-9.701814
470983847;470983781;0.3493918;0.24321201;-9.663669
471036228;471036163;0.024088163;0.23047566;-9.525123
471084254;471084181;-0.23997381;0.90227544;-9.603787
471136626;471136561;-0.73755866;1.6317708;-10.054507
471184662;471184583;-1.2409132;1.0932213;-9.352735
471237093;471236967;-1.5519792;0.8175423;-9.341573
471285051;471284985;-1.2112902;0.61107993;-9.890141
471333070;471333005;-0.7518598;0.080438614;-9.836874
471385554;471385395;-0.5452491;-0.15705752;-10.217198
471433486;471433415;-0.034485508;0.1203044;-9.951717
471485940;471485802;0.46662438;-0.060029175;-9.5127945
471533978;471533819;0.007352007;0.41062415;-9.396194
471586298;471586202;-0.18838935;0.9678173;-10.011446
471634371;471634220;-0.10271317;0.86886364;-9.821799
471682425;471682240;-0.7366756;1.1849709;-9.288639
471734706;471734625;-1.3771782;1.1708982;-10.303629
471787076;471787006;-1.3880737;0.99500346;-10.153934
471835095;471835026;-0.9390837;0.46731034;-10.029155
471884082;471884017;-0.57521063;-0.0028084551;-9.766832
471936469;471936403;-0.44970998;-0.4247595;-9.680775
471984491;471984421;0.20890217;-0.39225194;-9.423049
472032509;472032442;0.23006773;0.9333857;-9.324655
472084894;472084827;0.046381693;1.7571282;-9.473449
472137283;472137217;-0.53873044;3.6072323;-9.264897
472185309;472185242;-0.68369424;3.1311326;-9.74755
472233332;472233268;-0.983279;3.1829398;-9.616511
472285727;472285661;-0.90051115;3.1169407;-9.1770115
472333757;472333690;-0.7299358;2.634808;-9.085884
472386145;472386081;-0.62015396;2.2878032;-9.547158
472438539;472438470;-0.014438652;2.0510895;-9.854515
472486560;472486493;-0.09974164;1.5676193;-9.617909
472534582;472534516;0.10121148;1.276595;-9.477245
472582604;472582537;0.12065505;1.4503123;-9.716437
472634991;472634922;-0.2470389;2.0138044;-9.765018
472683008;472682943;-0.52399004;3.0553756;-10.010499
472735396;472735331;-0.6336704;3.574068;-10.044181
472787786;472787720;-0.730876;3.0145953;-9.679499
472835805;472835740;-0.6567302;1.3883007;-10.280368
472883832;472883764;-0.77994066;0.13827811;-10.010272
472931857;472931789;0.16842747;-2.2025099;-10.650615
472984243;472984178;-0.060147423;-1.5914892;-9.551016
473037121;473037053;0.07433921;-0.6293349;-9.538894
473085143;473085077;-0.14701557;-0.5118334;-9.557842
473137536;473137467;-0.5089444;0.6255421;-10.549729
473185550;473185485;-0.7429786;1.1608068;-9.963496
473233566;473233500;-0.9348755;0.43699324;-9.141213
473281590;473281516;-0.93512464;0.13546592;-9.837809
473333964;473333896;-1.0008247;-0.5060291;-9.858018
473386347;473386281;-0.50830424;-1.6052556;-9.589615
473434365;473434301;-0.40512493;-2.314209;-9.940554
473486766;473486689;-0.021343853;-1.8473947;-9.277975
473534779;473534713;-0.14236061;-1.9319123;-9.821067
473582801;473582736;-0.21994488;-1.4791105;-9.526709
473635192;473635126;-0.05074423;-1.5361362;-9.590652
473687584;473687517;-0.19351144;-1.129991;-9.707778
473735641;473735544;-0.56577146;-0.90182996;-9.615613
473783651;473783570;-0.9268746;-0.7709313;-9.831057
473836084;473835965;-1.0741465;-0.63797504;-10.041946
473884074;473883992;-0.8427395;-0.78759134;-10.121539
473936466;473936384;-0.71190053;-0.71581835;-10.219337
473984479;473984407;-0.4420206;-0.8302794;-9.509349
474036878;474036796;-0.4538981;-1.2870021;-9.706787
474084884;474084818;-0.3798935;-1.7980229;-9.784707
474132903;474132836;-0.29325318;-1.5194895;-9.901429
474185784;474185706;-0.046436876;-1.3914754;-9.744052
474238162;474238092;-0.12830125;-1.5982424;-9.491436
474286178;474286113;-0.14606959;-1.4200029;-9.4032755
474334208;474334135;-0.44704118;-1.4347005;-9.7316475
474386610;474386522;-0.49131852;-1.1732779;-9.672618
474434609;474434539;-0.52343434;-1.1510234;-10.080409
474482634;474482559;-0.14739771;-0.6833334;-9.709405
474535011;474534944;-0.22502178;-1.3017757;-9.188824
474587398;474587332;-0.6743438;-1.5047114;-9.4723835
474635416;474635351;-0.762066;-2.0876625;-9.5397835
474683463;474683371;-1.2486402;-2.4498339;-9.553607
474735824;474735756;-1.6837391;-1.8888853;-9.54138
474783847;474783779;-2.0589597;-2.0770872;-9.772326
474836227;474836162;-2.1001124;-1.0255886;-10.144121
474888629;474888548;-1.4914376;-0.47587478;-10.280282
474936713;474936570;-1.0728451;-0.2603555;-9.8582735
474984658;474984592;-0.63554114;-0.8074045;-9.14214
475032678;475032614;-0.8371829;-1.0705659;-8.9948015
475085145;475084997;-1.0071504;-1.7385287;-9.450986
475133098;475133016;-1.4881229;-2.77405;-9.86955
475185463;475185398;-2.0597193;-2.659079;-8.995395
475237848;475237780;-2.1448529;-3.114275;-9.096677
475285873;475285792;-2.478911;-2.3634145;-9.247852
475334358;475334293;-2.5302813;-2.2497883;-9.288871
475382376;475382310;-2.7297008;-1.6967245;-9.062693
475434762;475434694;-2.8258636;-1.2456335;-9.363998
475487154;475487075;-2.9721868;-0.96459746;-9.162304
475535171;475535095;-2.9008012;-1.2527503;-9.203314
475587550;475587482;-3.0044687;-1.3620204;-8.7044735
475635620;475635507;-3.2263834;-2.1427321;-8.916993
475683598;475683529;-3.6195924;-2.2650397;-9.125048
475735988;475735921;-4.033513;-2.1021383;-9.073871
475784022;475783946;-4.0488167;-1.7110101;-8.999568
475836408;475836335;-4.3195457;-1.2665131;-9.631191
475884421;475884355;-3.91584;-1.3580618;-9.033021
475936818;475936739;-3.6459613;-1.3629994;-9.451709
475984823;475984758;-2.902317;-1.4736103;-9.164455
476032848;476032781;-2.5230484;-1.8043611;-8.771797
476085235;476085171;-2.5684476;-2.5158672;-8.412972
476137638;476137561;-2.7332938;-2.9581819;-8.329893
476185650;476185584;-3.0066476;-2.7672856;-8.732738
476233671;476233605;-3.2193224;-3.214237;-8.778499
476286070;476285992;-3.502183;-2.6780334;-8.749735
476334091;476334018;-3.074304;-2.8661013;-8.716483
476386536;476386403;-2.9434273;-2.7530105;-9.036506
476434553;476434427;-3.084507;-3.1222403;-9.189675
476487372;476487306;-2.8677866;-2.5786617;-8.990477
476535398;476535332;-2.594656;-2.496039;-8.707906
476583429;476583358;-2.2509916;-2.552924;-8.645051
476635813;476635747;-2.4247327;-2.5867264;-9.274982
476683836;476683771;-2.5799549;-2.77166;-9.170225
476736227;476736162;-2.7456756;-2.8117852;-9.069766
476784252;476784187;-3.039022;-2.9449592;-8.535857
476836661;476836578;-2.9857726;-3.0173402;-9.385036
476884665;476884600;-2.7477126;-3.1637843;-9.502859
476932693;476932622;-2.8092422;-2.9121432;-9.098401
476985169;476985012;-2.7519765;-2.7414567;-8.830732
477037466;477037400;-2.512222;-2.6303487;-8.370102
477085504;477085423;-2.2920241;-2.7726362;-8.612519
477133565;477133447;-2.360706;-2.9694664;-9.098723
477185903;477185837;-2.7318377;-2.7153115;-9.815186
477233939;477233862;-2.6256585;-2.513703;-9.194479
477281960;477281883;-2.3804724;-2.5561259;-8.641552
477334338;477334271;-2.551041;-2.5671742;-9.18206
477386767;477386662;-2.5496347;-2.7290843;-9.0252905
477434754;477434689;-2.3643043;-3.4599867;-8.498235
477482779;477482713;-2.2054033;-3.7467616;-9.035474
477535193;477535102;-1.8888276;-4.072196;-8.845307
477583188;477583123;-1.8591346;-4.3458133;-8.274863
477636063;477635998;-1.8238837;-3.66673;-9.0317545
477688457;477688391;-1.9944811;-3.089482;-8.827633
477736486;477736417;-1.9663742;-3.1133952;-8.710861
477784507;477784440;-2.181822;-3.1040423;-8.801359
477832560;477832465;-2.3177636;-2.9039736;-8.1634245
477884924;477884856;-2.7407463;-3.014951;-9.196397
477932947;477932881;-2.3409414;-3.1246772;-8.845089
477985336;477985271;-2.399284;-3.4127614;-8.948365
478037745;478037659;-2.541616;-3.4763877;-8.782226
478085764;478085681;-2.2769704;-3.3109362;-9.030093
478133769;478133702;-2.2027984;-3.3333926;-9.005486
478181788;478181722;-2.2325659;-3.1933224;-8.844894
478234176;478234111;-2.168857;-3.054697;-8.957046
478286566;478286501;-1.7841488;-3.2002373;-8.925216
478334619;478334529;-2.204432;-3.2750325;-8.703123
478386982;478386917;-1.8193221;-3.7702265;-8.83043
478435018;478434941;-2.2093775;-4.268227;-8.186989
478483037;478482959;-2.3226361;-4.2724485;-8.616626
478535412;478535347;-2.135751;-3.5690634;-8.465583
478587887;478587734;-2.2497487;-3.4664855;-8.8976145
478635874;478635755;-2.4843624;-3.202803;-8.9813175
478683891;478683782;-2.450719;-3.2224913;-9.023387
478736250;478736167;-2.559046;-3.7333581;-9.121468
478784750;478784676;-2.5518456;-3.8232992;-8.805586
478832766;478832700;-2.2475238;-4.1692605;-9.000126
478885188;478885097;-1.9079883;-3.9090867;-8.657962
478937549;478937483;-1.6502085;-3.966296;-8.34185
478985585;478985503;-1.9713684;-3.6842916;-8.389417
479033589;479033522;-2.3526745;-3.9596221;-8.597888
479085972;479085907;-2.035545;-3.6443813;-8.30765
479133995;479133931;-1.9569312;-3.5360386;-8.245078
479186388;479186322;-1.6943798;-3.696548;-8.853986
479234408;479234343;-1.6882958;-3.787185;-8.298144
479286794;479286729;-2.0607603;-3.7927263;-8.433449
479334818;479334750;-1.9224762;-3.7206078;-8.858428
479382854;479382771;-2.0974407;-3.2980704;-8.813589
479435224;479435158;-2.1183236;-3.3886747;-9.033519
479487656;479487547;-2.2888958;-3.3225946;-8.576497
479535717;479535568;-2.118975;-3.7333705;-8.886121
479583656;479583591;-1.8321524;-3.8369825;-8.527427
479636123;479635983;-2.2245362;-4.0010395;-8.070592
479684117;479684003;-1.641455;-3.7373884;-8.8887615
479732093;479732024;-1.815298;-3.6191742;-8.997375
479784554;479784413;-1.8423289;-3.16516;-8.92525
479836882;479836800;-2.0534441;-2.8250194;-9.66784
479884899;479884821;-1.7171639;-3.1624026;-8.785645
479933394;479933328;-1.5204397;-2.9309916;-8.793026
479985787;479985715;-1.2612844;-3.2615154;-8.6220255
480033805;480033737;-1.3950416;-3.6574504;-9.174951
480086197;480086126;-1.4126006;-4.2282414;-8.824899
480138580;480138515;-1.558386;-4.0249557;-9.335968
480186599;480186534;-1.6990012;-4.174878;-8.873784
480234637;480234555;-1.8660041;-3.010063;-8.605519
480282656;480282581;-1.8688753;-3.0434434;-8.842821
480335036;480334970;-1.8090533;-2.7912018;-9.523568
480383059;480382992;-1.8982728;-2.0438719;-9.230814
480435445;480435380;-1.3528665;-1.9117389;-8.73074
480487847;480487766;-1.4779577;-2.1651793;-9.26012
480535863;480535784;-1.0151749;-2.7013206;-8.8657255
480583871;480583806;-0.91615444;-3.0462615;-9.355692
480631891;480631826;-1.3000828;-3.3086748;-8.9643955
480684295;480684209;-1.4820596;-3.262938;-8.935497
480736753;480736592;-1.2880061;-3.5554051;-9.099362
480784760;480784611;-1.5022488;-2.9143472;-9.009549
480837065;480836999;-1.2995135;-2.8916204;-9.571998
480885195;480885021;-1.6591532;-2.3045578;-9.664951
480933126;480933041;-1.3760716;-2.700216;-9.709443
480985495;480985428;-0.8567038;-2.4791722;-9.067174
481033523;481033446;-0.85769653;-3.6282334;-8.930157
481086381;481086315;-1.0161755;-3.39625;-8.734847
481134408;481134334;-0.8886457;-4.172844;-8.70761
481186784;481186719;-1.1196377;-4.122533;-8.698025
481234823;481234741;-1.4763616;-3.5213425;-9.091799
481282828;481282761;-1.5651674;-3.4840837;-9.140132
481335211;481335145;-1.6653647;-3.4814458;-9.311761
481387597;481387530;-1.1841956;-3.3925068;-8.968156
481435725;481435550;-1.1893759;-3.1504705;-8.802346
481483636;481483571;-1.0216714;-3.1968493;-9.037066
481536048;481535957;-1.1741397;-3.6965754;-9.116959
481584147;481583981;-1.2292755;-4.055704;-8.681596
481636512;481636366;-1.0660981;-3.8756328;-8.402442
481684505;481684387;-1.2668343;-3.346425;-8.915163
481736856;481736774;-1.747921;-3.9562294;-9.348428
481784880;481784796;-1.5526257;-3.2142544;-8.773937
481832900;481832816;-1.6657962;-3.602563;-9.47106
481885273;481885203;-1.2256336;-3.795404;-8.964784
481937669;481937589;-1.7707118;-3.3138413;-8.599005
481985678;481985609;-1.7049463;-3.8249054;-8.400608
482033692;482033626;-1.7513678;-3.525451;-9.183906
482086080;482086012;-1.8983963;-3.2977338;-9.61572
482134106;482134033;-1.2816305;-3.3108778;-8.804974
482182612;482182538;-1.6190277;-3.4624243;-9.02333
482234992;482234926;-1.4752223;-3.4617012;-8.932631
482287377;482287313;-1.6364102;-3.55381;-8.933911
482335395;482335331;-1.3991977;-3.4680977;-8.992405
482383413;482383348;-1.6911377;-3.4415162;-8.719151
482435802;482435737;-1.442846;-4.0681076;-8.622983
482483829;482483763;-1.5770218;-4.5305724;-8.912313
482531846;482531781;-1.6996312;-3.8013914;-8.480874
482588614;482588533;-1.5680225;-4.212153;-8.977421
482636799;482636556;-1.5546588;-3.3690183;-9.034142
482684702;482684575;-1.1912702;-3.3197517;-8.527535
482732754;482732596;-1.3501352;-3.7214084;-8.631902
482785137;482784984;-1.3151973;-3.0388556;-8.492133
482833126;482833007;-1.3460855;-3.66492;-9.281645
482885467;482885398;-1.5081396;-3.7699203;-8.739329
482937868;482937786;-1.5877635;-3.5205674;-9.075351
482985876;482985807;-1.5322104;-3.5110023;-9.171235
483033896;483033827;-1.8967594;-3.9303524;-9.280427
483082004;483081847;-1.3736318;-4.2597604;-8.878099
483134297;483134229;-1.2937957;-4.0160785;-8.522322
483186684;483186613;-1.5536177;-4.0945487;-9.183569
483234701;483234630;-0.95516735;-3.9208517;-10.05839
483287083;483287017;-0.31138593;-3.1237974;-9.370789
483336067;483336002;-0.106540464;-2.3301675;-8.80731
483384088;483384020;-0.12469299;-3.3291183;-9.08551
483432103;483432037;-0.08684507;-2.9705157;-9.39406
483484500;483484421;0.26327538;-3.2772753;-8.840354
483536890;483536804;0.29133815;-3.153132;-9.10459
483584885;483584819;0.119227335;-3.3266237;-9.126348
483637277;483637203;0.5478228;-3.4461153;-8.615244
483685284;483685219;0.16518627;-3.5879796;-9.112528
483733323;483733238;-0.42928058;-3.5009913;-9.32315
483785698;483785621;0.5858792;-3.8868093;-8.657172
483838081;483838002;1.485244;-4.400205;-8.381592
483886103;483886021;0.03056437;-3.2663848;-9.519351
483934113;483934041;-0.69074726;-2.4210875;-9.801043
483986494;483986424;-0.9822802;-2.3134305;-9.789433
484034513;484034442;-1.3708344;-1.2744745;-9.969331
484082540;484082462;-1.2452145;-0.42796022;-10.460356
484134916;484134845;-0.21926571;0.13407657;-10.122404
484187328;484187232;0.54669833;0.6836178;-9.157219
484235317;484235252;0.08398724;0.5521393;-9.188033
484283361;484283278;0.4983547;1.9337298;-9.350688
484335748;484335665;0.5791557;0.70485634;-10.155238
484383752;484383687;0.5375977;0.7394439;-10.320408
484436225;484436077;-0.19219995;-1.135284;-9.889357
484484687;484484589;-0.46595752;-0.84761083;-9.486518
484537040;484536975;-1.1944278;-0.7176277;-10.219389
484585059;484584994;-0.93150896;-1.4873272;-9.617351
484633118;484633016;-0.19692741;-1.1779687;-9.461677
484685480;484685404;-0.8368124;-0.28663003;-10.521478
484733492;484733424;-0.38212165;0.08095279;-9.969056
484785875;484785809;0.19826877;0.24008873;-10.088879
484833899;484833828;0.327627;0.35087174;-9.703022
484886284;484886211;0.1977871;0.13695137;-9.71357
484934292;484934227;0.7421506;0.50163376;-9.934895
484982309;484982244;0.6621174;-0.38284397;-9.693944
485034693;485034627;-0.15480989;-0.34432375;-9.032753
485087158;485087015;-0.38734242;-1.3535358;-9.317767
485135098;485135032;-0.6343517;-0.44258067;-9.336485
485183113;485183047;-0.45187557;-0.95152617;-10.05467
485235588;485235431;-0.020504303;-1.1690829;-9.742162
485283522;485283453;-0.519414;-0.6592334;-9.60376
485335972;485335840;-0.18196915;-0.98253596;-10.439091
485388302;485388222;0.09559961;-0.29801935;-9.277847
485436319;485436239;0.17758054;-0.15754323;-10.056477
485484339;485484259;0.3497217;1.0321165;-9.693987
485532422;485532281;0.43553007;-0.363093;-9.754883
485584748;485584668;0.30902192;-0.23744525;-9.116081
485633243;485633176;0.29487875;-0.6356426;-9.37675
485685640;485685565;0.53262806;-0.87388253;-9.696137
485738034;485737956;0.10942966;-0.66356987;-9.431351
485786065;485785983;-0.2708652;-0.5978812;-10.977015
485834093;485834010;0.011938343;-0.49777254;-10.157366
485882103;485882035;0.703728;-0.4649602;-8.9014225
485934496;485934426;0.44613925;-0.24915338;-9.741172
485986880;485986815;0.46762973;-0.6480882;-9.473121
486034903;486034837;-0.15947567;-0.2150398;-9.683434
486087293;486087224;0.018647987;-0.57292503;-10.252954
486135310;486135244;0.4406847;-0.2186067;-9.375216
486183332;486183265;0.5162255;-0.08840731;-9.723997
486235717;486235652;0.8546194;0.23594579;-9.730829
486288262;486288038;0.692817;-0.69268334;-9.926407
486336159;486336060;0.6724796;-0.28521144;-9.714553
486384194;486384082;0.19394995;-0.5578461;-10.517946
486436592;486436470;0.034248687;-0.42556083;-9.939638
486484637;486484492;0.34452635;-0.7199111;-9.608883
486532627;486532512;0.37621757;-0.5420913;-9.577606
486585019;486584897;0.28330043;-0.53467095;-9.3754635
486637347;486637278;0.05448282;-0.5751308;-10.186301
486685364;486685298;0.21698776;-0.7033265;-10.1968
486733457;486733317;0.59489226;0.1177744;-9.19504
486786250;486786184;0.4005694;0.13129841;-10.257447
486834270;486834204;0.99631333;0.022197211;-9.962848
486886654;486886589;0.55636066;0.347418;-9.797568
486934674;486934608;0.48541084;0.19277368;-9.940501
486987089;486986994;0.4108512;0.38545385;-9.307888
487035079;487035013;0.5609812;-0.104630515;-9.884992
487083103;487083035;1.0321413;-0.8613772;-9.652968
487135563;487135416;0.720858;-0.82181513;-9.748382
487183498;487183432;0.17427996;-0.8928074;-10.153683
487235911;487235819;0.15895787;-0.41711205;-9.315379
487283974;487283840;0.06729762;-0.57784086;-10.243881
487336303;487336223;0.0026021067;-0.50919026;-9.573239
487384375;487384248;0.4011626;-0.015295029;-9.180631
487432429;487432265;0.6952142;-0.052316856;-9.753845
487484734;487484653;0.683075;0.44215077;-8.966488
487537109;487537040;0.82670957;-0.02153479;-10.112368
487585124;487585058;0.45889443;0.2409155;-10.182803
487633154;487633071;0.90019345;0.23985644;-9.646155
487685520;487685449;0.7718923;0.17547342;-9.214987
487733534;487733465;0.6106268;-0.3228666;-9.837617
487785914;487785845;0.8215188;-0.82313347;-9.809003
487838289;487838224;0.4961913;-0.47017023;-10.1918745
487886306;487886241;0.51834965;-0.5562959;-9.583164
487934805;487934740;0.48241314;-0.518499;-9.56738
487982824;487982756;0.33931902;-0.24339762;-10.21978
488035203;488035138;0.3651132;-0.097915106;-9.892278
488083218;488083153;0.64955753;0.0623951;-9.541547
488135643;488135533;0.6954971;0.21762832;-9.487896
488187995;488187916;0.8070803;0.15717617;-9.312524
488236019;488235932;0.650156;-0.08809488;-9.572812
488284119;488283946;0.6874407;-0.24423504;-10.420137
488332104;488331957;0.5880032;0.111457594;-9.567047
488384427;488384339;0.5993464;-0.31504607;-9.99809
488436787;488436718;0.6983947;-0.45089725;-10.433035
488484815;488484741;0.47203028;0.07061326;-9.626962
488537189;488537120;0.5792934;-0.17971645;-9.772024
488585203;488585137;0.34928697;-0.03147949;-10.23292
488633245;488633152;0.71011907;-0.04709827;-9.514233
488685599;488685531;0.8407988;-0.31625706;-9.607263
488737981;488737912;0.4292758;0.073564135;-9.785983
488785996;488785928;0.756692;-0.27567977;-10.153832
488834016;488833947;0.68171376;-0.04490641;-9.469072
488886394;488886328;0.6797147;-0.45271006;-10.030029
488934415;488934348;0.5759974;-0.17859168;-9.686927
488982437;488982367;0.43027264;0.0028571521;-9.286568
489034820;489034752;0.60645646;-0.41436046;-9.640963
489087684;489087618;-0.024693199;-0.45912564;-10.31596
489135707;489135638;0.64966065;-0.18388224;-9.569555
489183736;489183658;0.2718744;-0.37664622;-9.819387
489236107;489236040;0.5347794;-0.061643634;-10.029803
489284123;489284056;0.72659045;-0.62115204;-9.592315
489336506;489336440;0.5306808;-0.80896324;-9.9840555
489384524;489384455;0.33313125;-0.1859006;-9.74311
489436901;489436837;-0.16078554;1.8819075;-10.323734
489484921;489484854;0.88455814;0.8353561;-9.636748
489532942;489532874;1.3739402;0.7951636;-9.36762
489585328;489585260;0.20503062;2.4733365;-9.878601
489633348;489633281;0.66513556;2.5339446;-10.026092
489685732;489685664;1.0795363;2.808327;-9.317434
489733748;489733682;1.1766443;2.6097727;-9.859666
489786215;489786065;1.6147921;0.9069307;-9.429031
489834150;489834081;0.7705047;1.0322872;-9.029659
489882166;489882098;-0.16735408;0.8720558;-10.085047
489934554;489934479;-0.7857559;0.42584366;-9.84116
489986924;489986856;-0.1788097;-0.8927624;-9.704805
490034935;490034869;-0.4565961;-0.5496963;-9.650726
490082958;490082883;-0.6938316;-0.21625818;-10.242801
490135329;490135262;-0.51525545;0.6680576;-10.221819
490183340;490183272;0.29317385;2.5683856;-9.057241
490236204;490236130;0.31991294;2.4349291;-9.960394
490288590;490288510;0.89360416;1.6160514;-9.618296
490336650;490336528;0.753752;1.6209073;-9.57212
490384615;490384547;0.6123281;1.5861632;-10.303861
490432638;490432568;0.17058071;1.8865469;-10.195088
490485086;490484956;0.3753213;0.57185936;-9.815322
490533046;490532977;0.7805064;0.28210697;-9.679783
490585434;490585365;-0.123139635;-0.00215403;-9.608514
490637819;490637751;-0.45999557;-0.6112759;-9.723568
490685838;490685771;-0.5158509;-1.205956;-10.206254
490733856;490733788;0.116295196;-0.8468158;-9.349593
490781950;490781804;-0.07046563;-1.0255368;-10.395832
490834251;490834184;0.47011307;-1.123554;-9.116039
490886632;490886562;-0.23708415;-1.1880884;-10.249457
490934644;490934575;0.32385978;-0.77868843;-9.672162
490987022;490986955;0.045922402;-0.7391139;-9.927886
491035034;491034969;0.46195492;-0.5154312;-9.633517
491083052;491082984;0.17864475;-1.2378633;-9.840248
491135434;491135365;0.5509951;-0.6564296;-9.706797
491187811;491187745;0.2053548;-1.7880117;-9.920324
491235906;491235762;0.25521272;-1.9863467;-10.039699
491283844;491283778;0.41883063;-1.8642648;-9.795459
491336738;491336666;-0.05545793;-1.7374523;-9.720802
491384740;491384671;0.2907034;-2.1732075;-9.637012
491432758;491432689;0.8140761;-1.7916838;-9.477438
491485137;491485071;0.7879571;-1.5787395;-9.654386
491537532;491537452;0.29313406;-1.4182211;-9.904214
491585542;491585470;0.6380335;-1.8096876;-9.463155
491633554;491633486;1.0967665;-1.616599;-9.178171
491685938;491685872;0.46652612;-1.3730671;-9.954794
491733956;491733886;0.17776167;-1.8870405;-9.795983
491786345;491786266;0.65143627;-1.8453239;-9.695565
491834348;491834283;0.5709514;-1.8059745;-10.167212
491886733;491886664;0.22204773;-1.638087;-9.589735
491934778;491934683;0.75260234;-1.8048058;-9.137071
491982769;491982701;0.8405977;-1.7755609;-9.3866415
492035154;492035087;0.1699005;-1.5192225;-9.829607
492087537;492087469;0.6837528;-1.960371;-9.350312
492135549;492135481;0.7758878;-1.822565;-9.290807
492183560;492183492;0.5481115;-1.939616;-9.339608
492235936;492235870;0.29567394;-2.2121382;-9.82906
492283949;492283882;0.4745373;-2.188491;-9.616084
492336327;492336260;0.5433813;-2.0270784;-9.624412
492384338;492384273;0.76890826;-1.9151354;-9.489102
492436720;492436655;0.04374893;-1.9043988;-10.022856
492485223;492485154;0.15345661;-2.0258138;-9.907288
492533238;492533168;0.081069574;-1.6039734;-10.643387
492585613;492585547;0.74112415;-1.2630465;-9.653611
492633652;492633562;0.65903366;-1.1339691;-9.861876
492686032;492685944;0.53008103;-0.8298887;-9.448344
492738393;492738328;1.0537956;0.38514712;-10.048665
492786411;492786345;0.17606512;0.99737287;-9.428614
492834427;492834361;0.5938484;0.7989523;-9.086898
492882449;492882382;0.74024904;1.0548277;-9.686833
492934854;492934767;0.6618137;0.6307255;-9.760056
492987216;492987151;0.33516103;0.38455194;-10.457597
493035233;493035168;0.39998803;0.21015322;-10.165536
493087620;493087552;0.23405205;-0.14416294;-9.768084
493135640;493135571;-0.10900361;-0.12640722;-10.631129
493183659;493183590;0.07404397;-0.017832568;-9.603899
493236042;493235973;0.20811418;-0.253383;-10.035122
493284055;493283990;0.23240757;0.038408525;-9.626774
493336444;493336376;-0.027133135;0.48202267;-9.437351
493384476;493384393;-0.08979689;0.21049875;-10.122833
493432486;493432418;-0.029931536;-0.03582456;-10.208792
493484872;493484806;0.5030811;0.21291207;-9.479856
493532909;493532828;-0.14496063;-0.24991815;-9.925779
493585280;493585216;0.3134501;0.1483686;-9.635609
493638152;493638086;-0.15992339;-0.22048002;-10.428102
493686186;493686110;0.37264276;0.24866045;-9.922575
493734197;493734130;0.29305682;0.18899626;-9.668068
493782217;493782149;-0.047153786;0.02445073;-9.844583
493834609;493834533;0.2298915;0.22495155;-10.144996
493882622;493882553;0.45764828;0.48826924;-9.562383
493935011;493934945;0.16414042;0.25046006;-9.909358
493987397;493987332;0.30967247;0.28542566;-8.992997
494035428;494035350;-0.29762387;0.03189838;-10.139692
494083432;494083366;0.23094068;-0.08665492;-10.223015
494135812;494135745;0.26263282;-0.026379714;-9.5940895
494183827;494183760;-0.03646551;-0.03535706;-9.962267
494236205;494236139;0.3183094;-0.19092923;-9.467738
494284216;494284151;0.51130277;-0.35370997;-9.707284
494336595;494336529;-0.23325887;0.02581586;-9.867868
494384612;494384545;0.23133196;-0.030113;-9.650583
494432626;494432560;0.064532705;-0.13922474;-10.035383
494485007;494484942;-0.18105122;-0.18145952;-9.693611
494537409;494537326;0.42587307;0.3052268;-10.079993
494585421;494585344;0.017608343;0.20210785;-10.536331
494633430;494633359;0.634524;0.39882043;-9.880975
494685868;494685740;0.14476483;0.20983213;-9.391508
494733841;494733757;0.09691045;0.5580346;-9.722652
494782328;494782261;0.39163142;0.11186913;-10.004108
494834710;494834644;0.023200838;0.21385242;-9.405312
494887093;494887027;0.43949798;-0.13419163;-9.379784
494935112;494935046;-0.111133546;-0.15739353;-9.898293
494983130;494983062;0.1642622;0.02948772;-9.952207
495035513;495035442;0.1392924;-0.05416642;-9.737572
495083525;495083454;0.5636869;0.14618537;-10.140406
495135987;495135833;0.3381204;0.055271335;-10.270228
495188280;495188212;0.38899013;0.06864473;-9.847027
495236298;495236228;0.24737996;0.09734284;-10.088863
495284314;495284240;0.22627603;0.32769012;-9.673834
495332321;495332253;0.4579195;0.12850587;-9.533075
495384701;495384628;0.28228402;0.05520495;-9.9809675
495437074;495437009;0.2412404;0.27675852;-9.981809
495485095;495485029;0.63804096;0.1670113;-8.892291
495537532;495537411;0.45370075;0.38727534;-9.136506
495585515;495585429;0.20790707;0.19433223;-10.011503
495633535;495633443;0.33168644;0.27304566;-9.289901
495681571;495681461;0.27162972;0.23775391;-9.11596
495733920;495733838;0.45500034;-0.13128693;-10.218175
495786285;495786217;0.27094156;0.021234723;-9.358921
495834314;495834232;0.40263486;0.04189562;-9.683709
495886687;495886611;0.37696055;0.18080524;-9.444725
495935177;495935111;0.2673861;0.5763898;-9.695934
495983306;495983125;0.11531961;0.65060854;-10.529865
496035589;496035506;0.41800317;0.338614;-9.290762
496087972;496087887;-0.14264579;0.5108234;-9.988995
496135967;496135902;-0.045916673;0.19317141;-10.022336
496183984;496183919;-0.19324261;0.033196885;-10.477483
496236368;496236303;0.027618082;-0.23061073;-9.721118
496284389;496284322;-0.5228244;-0.73377454;-10.0563965
496332406;496332340;-0.6348777;-0.56395936;-9.703774
496384791;496384721;-0.14177674;-0.42488113;-9.446501
496437354;496437103;-0.039808787;-0.28528088;-10.305106
496485254;496485115;-0.16954392;0.2492808;-10.115096
496533231;496533130;0.23512211;1.8257974;-9.105791
496585687;496585514;0.6347319;-0.039334584;-10.399791
496633620;496633536;0.5219859;-0.031856734;-10.239813
496685987;496685921;0.42620143;0.38840932;-8.860071
496734136;496733943;-1.1374333;1.2933565;-9.749923
496786399;496786333;-1.3209901;0.5365346;-10.587167
496834425;496834359;-0.053647686;-1.2690048;-9.591155
496882554;496882386;-1.9890988;-0.6202916;-9.260775
496934845;496934778;-1.8589902;-1.3053728;-8.840782
496987241;496987173;-3.2050493;-0.95754457;-9.666527
497035266;497035199;-3.5770175;-0.8422075;-10.027927
497083773;497083706;-3.7398174;-1.1376643;-9.096003
497136209;497136095;-3.6866121;-0.7155938;-8.776047
497184180;497184114;-3.7309518;-0.852088;-10.146217
497232214;497232134;-2.97235;-0.1620837;-8.587964
497284642;497284520;-1.5950938;-2.2978232;-9.205539
497337011;497336907;-1.188634;0.41608545;-9.309844
497384998;497384931;1.4942586;3.8316965;-8.61936
497433080;497432959;1.1540126;1.9857019;-9.569958
497485466;497485345;0.33222812;2.3182194;-9.614615
497533487;497533374;0.63348913;1.0225675;-9.7718525
497585844;497585762;0.874034;1.2309303;-10.361961
497638323;497638152;0.047979087;-0.05371454;-9.831727
497686260;497686176;-0.5842241;-0.585186;-9.173346
497734285;497734199;-1.0566837;-1.549403;-9.696008
497782384;497782222;-0.9475049;-0.70912075;-10.077187
497834679;497834611;-1.1249615;-0.79473084;-9.675573
497887068;497887002;-0.3384283;-0.46876073;-9.685757
497935186;497935025;0.46078655;-0.57378;-9.805382
497987489;497987414;0.86050946;0.76247925;-10.08037
498035502;498035434;0.75979984;0.59309804;-9.3960705
498083607;498083456;-0.69973224;2.4551306;-9.945979
498135904;498135837;0.40410513;1.1145767;-9.83744
498183923;498183857;1.0539284;0.8597196;-9.529753
498236789;498236724;0.9775203;0.791101;-8.9893675
498284811;498284746;0.7713586;0.5011677;-9.521657
498337309;498337133;0.3461027;0.4195137;-10.487589
498385220;498385155;0.23836462;0.302743;-9.768484
498433245;498433176;0.3694188;-0.19311856;-10.495124
498485713;498485556;-0.10030847;-0.23423748;-9.591837
498538011;498537941;0.18999453;-0.12510826;-9.575685
498586041;498585961;0.39484692;-0.06575566;-10.439091
498634157;498633985;0.06964318;0.35135955;-10.027296
498686461;498686374;-0.010009592;0.4770773;-9.672077
498734485;498734399;0.45580363;0.28575167;-9.250586
498782586;498782421;0.079991005;0.7094772;-9.808272
498834877;498834807;0.11013019;0.4697516;-9.55683
498887262;498887194;0.060606938;-0.061950598;-9.957756
498935280;498935215;0.5260666;-0.25553456;-10.167623
498983299;498983232;0.056370087;0.059845157;-10.132372
499035688;499035619;0.030311085;0.08684686;-9.925442
499083705;499083638;-0.075462446;-0.33432814;-9.803103
499136104;499136026;-0.21885209;-0.11581353;-9.757453
499184117;499184048;-0.19580041;-0.045648612;-10.401709
499236503;499236438;-0.25457224;0.011157783;-9.809262
499284540;499284461;0.48908475;-0.060679037;-9.461265
499332552;499332484;0.12244719;-0.0788643;-10.393065
499385456;499385358;0.15979795;0.098691694;-10.178748
499433448;499433382;0.19724828;-0.051117893;-10.320616
499485887;499485771;-0.12502171;-0.10335495;-10.270547
499533875;499533789;-0.5752328;-0.03893691;-10.213134
499586254;499586170;-0.27621207;-0.1753753;-10.33543
499634348;499634186;0.10682649;-0.05608177;-9.664414
499682317;499682206;0.36172602;0.42482755;-9.676807
499734670;499734587;0.02337552;0.1496632;-9.7404
499787039;499786973;0.416037;-0.027247803;-9.655225
499835110;499834991;0.028383456;0.39230564;-9.654856
499883077;499883008;0.12782097;0.8007845;-9.064947
499935455;499935390;-0.12012706;0.6287409;-9.702703
499983546;499983405;-0.028737178;0.3399825;-9.402285
500035854;500035787;0.053034067;0.10815406;-9.931188
500083867;500083802;0.07247487;-0.22268738;-9.553806
500136254;500136185;0.16695946;-0.13054183;-9.450616
500184269;500184202;-0.514531;0.41394955;-10.194694
500232296;500232220;-0.90649384;0.6854267;-10.941057
500284671;500284604;-0.37965232;1.030217;-9.334657
500337059;500336989;-0.55457765;1.101058;-10.429819
500385073;500385005;-0.46337855;0.7988371;-10.5038595
500437497;500437389;0.35741147;1.0412464;-8.834988
500485479;500485409;-0.13716996;1.4911721;-9.3171015
500534094;500533913;-0.19772504;1.4316331;-9.878128
500582053;500581931;-0.42280808;1.432326;-10.52053
500634373;500634307;0.19925644;1.2754956;-9.205185
500686754;500686689;-0.15925202;1.2113237;-10.07417
500734774;500734707;-0.4595;1.2465006;-10.111615
500787159;500787090;-0.07266845;1.4064635;-9.6267605
500835178;500835110;0.03733141;1.4341025;-9.587359
500883199;500883129;0.0062510287;1.4478309;-10.01249
500935578;500935513;0.08058089;0.7657489;-10.254332
500987961;500987896;0.2550488;0.40001804;-9.375759
501035981;501035913;-0.054660454;0.9344992;-9.343432
501083999;501083932;0.010475456;0.46776444;-9.96459
501136384;501136316;-0.02001602;0.21539393;-9.559954
501184400;501184333;-0.007134466;-0.25267047;-9.756639
501232429;501232355;-0.3688847;0.23082897;-9.933325
501284808;501284743;-0.5038932;0.20555842;-10.154695
501337193;501337126;0.34503353;-1.1275437;-10.2060795
501385211;501385145;0.27447784;-2.0828032;-10.318875
501433234;501433162;1.1544509;-2.4304755;-9.266363
501485614;501485545;0.5220916;-2.2480423;-9.284959
501533633;501533565;-0.3623453;-2.4348624;-9.912511
501586020;501585952;-0.7109753;-2.8522174;-10.18079
501634038;501633973;-0.22651625;-3.2743766;-9.51259
501686909;501686844;-0.0945369;-2.7806199;-9.576313
501734943;501734865;-0.026581831;-2.0896282;-9.1905985
501782955;501782887;0.43510318;-0.33450684;-9.833073
501835342;501835275;0.5827927;-1.330769;-9.672549
501887724;501887656;0.44543862;-5.1916733;-12.529146
501935745;501935676;0.5490297;-0.14918773;-9.484851
501983764;501983696;0.40404913;-0.6171433;-9.553475
502036146;502036079;0.7917073;-1.0773262;-9.497666
502084167;502084099;0.6104141;-1.8372593;-9.308923
502132184;502132118;0.825008;-2.2882414;-9.305131
502184577;502184505;-0.4684627;-2.156648;-10.139121
502236956;502236889;0.00026910324;-2.1555529;-9.313091
502284977;502284911;-0.81219333;-2.0189676;-10.05401
502333003;502332934;-0.8912856;-2.6979406;-9.776856
502385387;502385321;-0.45051542;-1.6677568;-10.155203
502433407;502433342;-0.053550083;-1.326092;-10.196675
502485868;502485727;0.3282105;1.4885999;-8.644429
502538176;502538111;0.14676845;-0.82368004;-11.2458
502586195;502586130;-0.30766627;0.9427024;-9.61456
502634296;502634150;0.8423254;0.16157718;-9.308914
502682261;502682171;0.8756746;0.4024625;-9.441603
502734627;502734561;0.2315138;0.6552269;-10.061507
502783625;502783555;0.07513951;0.6122899;-9.403393
502836043;502835943;-0.08066715;0.31593624;-10.20932
502888399;502888326;0.26661107;-0.040066976;-10.215743
502936409;502936343;0.007244929;-0.07456014;-9.895785
502984456;502984364;0.23215133;-0.09846819;-9.8733015
503032457;503032383;-0.3894269;-0.26993033;-10.402356
503084838;503084767;-0.1463171;-0.27240682;-10.322204
503137320;503137155;0.09054383;0.25911283;-9.866806
503185311;503185174;0.060603518;0.66771924;-9.618002
503237648;503237561;-0.032868057;0.38093224;-9.591649
503285665;503285583;0.1643078;0.21365722;-9.599468
503333772;503333603;0.03205577;0.31916326;-9.6986685
503381706;503381624;0.19820598;0.4735233;-9.49358
503434081;503434012;-0.10499419;0.12852904;-10.301252
503486550;503486400;-0.30459192;0.4525566;-10.22724
503534492;503534421;0.53169584;0.54573256;-9.169555
503586874;503586808;-0.1450793;-0.018223654;-10.214621
503634981;503634834;0.09052345;0.16744173;-9.788156
503682928;503682859;-0.3171761;-0.06200041;-10.179857
503735315;503735250;0.1131912;-0.031193545;-10.001162
503787709;503787640;0.14558944;0.11884316;-10.009753
503835734;503835666;-0.19320904;0.602717;-9.645184
503883757;503883689;0.33125302;0.096762724;-9.789271
503936648;503936567;0.08777685;0.09072685;-10.063599
503984655;503984588;0.35420436;0.3146676;-9.020039
504032685;504032610;-0.08427289;0.3155142;-9.843974
504085080;504085003;-0.2375628;0.1631922;-9.870343
504137546;504137396;-0.06489081;-0.3358822;-10.158395
504185557;504185423;-0.12220318;-0.16208191;-10.018567
504233533;504233449;-0.019651875;0.12452598;-10.081618
504285981;504285837;0.076705985;0.040676076;-10.285337
504334016;504333864;0.015839148;0.20793729;-9.826489
504386317;504386252;-0.00416586;0.67885375;-9.871438
504434462;504434278;-0.31968775;0.14530088;-9.758237
504486729;504486662;-0.3838515;0.056005493;-9.995816
504534767;504534682;-0.20380697;-0.43267745;-9.882663
504582785;504582704;-0.22879335;-0.463857;-9.879949
504635156;504635090;-0.020773785;-0.7938257;-9.703446
504687617;504687473;-0.037169453;-0.9894533;-10.077534
504735555;504735487;0.28641906;-0.96114784;-9.927791
504783569;504783501;0.84754413;-0.89525515;-9.737445
504835957;504835880;1.0972719;-0.60688955;-9.598928
504883966;504883896;0.60615414;-0.6572137;-10.131422
504931986;504931913;1.1354984;-0.6518387;-9.1025715
504988730;504988661;0.72052795;0.04460585;-9.229906
505036746;505036677;0.13624264;0.11039847;-9.530914
505085274;505085181;-0.34114116;0.79898316;-9.989852
505133263;505133197;-0.6716915;0.54198396;-9.675426
505185727;505185577;-1.4380796;0.9499933;-10.075018
505233767;505233594;-1.50775;0.73521686;-10.09575
505286045;505285976;-1.1872517;0.61661637;-9.501459
505338425;505338360;-1.8311032;-0.23455346;-10.666921
505386483;505386376;-1.6774575;-1.1799449;-10.343076
505434466;505434396;-0.30031303;-1.1378211;-8.9763565
505482500;505482414;0.48614597;-0.9619722;-10.167657
505534929;505534799;1.0825953;1.4659588;-9.183351
505587258;505587190;2.1409383;1.1855265;-9.344768
505635272;505635206;1.9867644;3.1897125;-8.877858
505687656;505687590;1.147302;5.077703;-8.212339
505735680;505735613;-0.09040832;5.819346;-8.741643
505783700;505783635;-1.3354464;5.543831;-9.179928
505831774;505831658;-1.6998208;3.7858195;-8.893693
505884111;505884043;-3.1452892;1.0639291;-9.501145
505936497;505936428;-3.146286;-0.6049247;-11.304793
505984510;505984443;-1.9539497;-3.0099695;-9.536301
506036892;506036824;-0.97828853;-3.6010575;-9.654874
506084909;506084840;0.035892885;-3.3087652;-8.693955
506132930;506132859;1.5448478;-1.9907248;-9.531185
506185310;506185239;2.3975654;-0.1853921;-8.960105
506238175;506238106;2.379671;1.0417213;-9.149575
506286192;506286125;1.2200365;1.7468456;-9.697861
506334210;506334143;0.3380381;2.3640578;-9.040363
506386592;506386526;-0.853041;2.0636625;-10.041219
506434613;506434546;-1.8930887;1.0106889;-9.458518
506482635;506482569;-2.72075;0.38207704;-10.346404
506535021;506534953;-2.1829028;-0.89255965;-10.079396
506587412;506587336;-1.7647796;-0.3963105;-10.03533
506635416;506635351;-1.15429;-1.0473852;-10.235705
506683437;506683370;-0.3459734;-0.40057537;-10.070194
506735835;506735757;0.9318158;-0.21815306;-9.306631
506783848;506783779;1.0724835;-0.49583888;-9.376526
506836229;506836163;1.6565388;-0.12069558;-8.776187
506884261;506884182;1.2370305;-0.64643365;-9.562056
506936638;506936565;0.6441998;-0.932431;-8.9148445
506984655;506984585;-0.3245126;-0.45954084;-10.049636
507032670;507032600;-1.0255533;0.101700194;-10.328512
507085047;507084982;-1.4297729;0.7628854;-9.5304165
507137442;507137371;-2.2669814;1.1863345;-10.215543
507185466;507185395;-2.4022028;1.65345;-9.88488
507233488;507233414;-2.2038329;1.2835737;-9.493779
507285866;507285799;-1.7380534;0.5017568;-10.336626
507333887;507333820;-1.381205;-0.271075;-9.847262
507382399;507382327;-1.3064791;-1.2826059;-9.80389
507434848;507434718;0.0899008;-1.5701629;-9.696859
507487173;507487103;0.14711013;-1.8817798;-9.456636
507535187;507535120;0.26277548;-0.93147767;-10.011579
507583279;507583139;0.68968385;-0.19344915;-9.562344
507635592;507635523;-0.17597805;0.073027536;-9.031129
507683614;507683545;-0.8167119;0.16900732;-9.735856
507735996;507735931;-1.6994042;0.6339317;-9.827854
507788381;507788315;-1.5229385;1.1101731;-9.219389
507836404;507836336;-2.5709496;1.117281;-10.487788
507884425;507884355;-2.5397584;1.1072149;-9.859649
507932442;507932371;-2.4077091;0.99713886;-10.100887
507984826;507984758;-2.1518326;0.45490223;-9.879157
508032843;508032777;-2.0588288;-0.15127444;-10.188278
508085227;508085162;-0.75029665;-1.2481048;-9.726374
508137616;508137549;0.3241939;-1.6558559;-9.238382
508185666;508185568;0.8142702;-2.1542;-9.155532
508233653;508233585;0.56698996;-1.1462656;-9.047028
508281671;508281605;0.24443728;-0.28702852;-9.877097
508334099;508333991;-0.2556707;0.24723741;-9.020949
508386446;508386380;-1.42245;0.69155884;-9.865739
508434475;508434405;-2.2435932;0.8642209;-9.60266
508486859;508486792;-3.0077553;1.334264;-10.2713585
508535362;508535296;-3.127529;1.3567967;-10.098592
508583382;508583314;-2.6748374;0.8421286;-10.030486
508631399;508631334;-3.0336678;0.047392547;-10.151238
508688147;508688083;-2.4947286;-0.35291806;-9.994446
508736166;508736101;-1.100141;-1.2874043;-9.307511
508784196;508784117;-0.013708998;-1.7668352;-9.029391
508836566;508836500;0.44540828;-2.0309775;-9.380242
508884587;508884520;0.51481634;-1.6735244;-9.450238
508932608;508932539;0.10821116;-0.21494217;-9.311675
508984991;508984926;-0.049766064;0.30731675;-9.075888
509037396;509037313;-1.5895438;0.30762407;-10.001904
509085399;509085333;-2.4995;0.77302223;-8.965801
509133421;509133350;-3.6337388;0.7797319;-10.16571
509185801;509185734;-4.0495796;1.3826929;-10.72657
509233822;509233754;-3.4602242;0.30311537;-9.193181
509286210;509286141;-3.202502;0.08882043;-9.230462
509334228;509334163;-2.2102647;-0.19984539;-10.084595
509386629;509386554;0.281684;-1.5035644;-9.766402
509434643;509434578;2.1122704;-1.7330482;-9.193512
509482669;509482601;2.6737652;-1.9257348;-8.842147
509535062;509534987;3.5659447;-0.086755335;-8.539388
509587444;509587370;3.174578;0.73219484;-9.066732
509635452;509635387;1.7301774;0.22639702;-8.949301
509683963;509683891;-1.2935613;1.1438637;-8.782718
509736335;509736267;-2.7902834;1.0967339;-9.829337
509784350;509784283;-2.895432;2.0209053;-10.548072
509832376;509832307;-2.383242;1.4287328;-10.011516
509884764;509884696;-1.7871145;0.9797842;-10.271088
509937182;509937086;0.043813664;0.007631216;-9.226928
509985178;509985111;1.4673762;-1.0287929;-9.675985
510033200;510033134;3.499269;-2.0864546;-8.66438
510085603;510085520;2.177314;-0.92964727;-9.347037
510133606;510133536;1.4467984;-0.6872691;-8.900046
510185983;510185918;1.0058879;-0.5102608;-9.127116
510238368;510238302;-0.50500137;-0.15385394;-10.846791
510286391;510286325;-0.62936443;0.33991867;-10.361894
510334412;510334343;-0.4390387;0.7780843;-9.312722
510382465;510382367;-0.9088252;0.39869606;-10.539529
510434825;510434757;-0.23626003;0.77186316;-9.925432
510487213;510487148;-0.18895555;0.17892124;-9.597333
510535236;510535169;-0.27217668;0.2891119;-10.782645
510587616;510587549;0.43111932;-0.3548259;-9.124286
510635632;510635564;0.25929415;-0.92959917;-10.344866
510683650;510683583;0.6307926;-0.5095226;-9.901987
510731671;510731604;0.53286296;-0.6453268;-9.695033
510784053;510783988;-0.06861258;0.14805244;-9.971164
510836924;510836857;0.089394905;-0.2918844;-10.014364
510884937;510884871;-0.18565607;0.3403189;-10.14082
510937320;510937254;-0.2881183;0.7624047;-10.380503
510985338;510985272;-0.09289994;0.6713056;-10.050734
511033360;511033293;0.120080024;0.04949895;-9.828276
511081378;511081313;-0.5053742;-0.14776452;-10.048599
511138139;511138064;-0.021817692;-0.23584755;-9.571176
511186154;511186087;0.04623106;-0.30207044;-9.606757
511234174;511234109;0.5651535;-0.07260486;-9.657161
511286677;511286501;0.13938619;-0.2563113;-10.1086235
511334591;511334524;0.484293;0.08320567;-9.907874
511382612;511382545;0.36680472;-0.23533046;-9.705704
511435099;511434933;0.01208889;-0.03297683;-9.360508
511487388;511487321;-0.6709963;0.39225045;-10.587736
511535425;511535343;-0.5809649;0.5372128;-9.652315
511583439;511583361;-0.11920901;0.22023106;-9.303612
511635821;511635742;-0.025517788;0.17493132;-9.709698
511683825;511683759;0.1703455;-0.5388201;-9.393551
511736208;511736142;-0.10010183;-0.5552438;-10.299124
511784228;511784162;0.70355666;-0.71326387;-9.385634
511836606;511836541;0.19196147;-0.10718716;-10.446895
511884620;511884556;0.35722303;0.13845362;-9.849755
511932641;511932570;-0.06468186;0.035809588;-9.807647
511985534;511985434;0.013763183;0.08619451;-9.632608
512033515;512033448;-0.33134583;0.4693395;-9.775141
512085893;512085828;-0.42817256;0.14708285;-9.641738
512133960;512133842;-0.85258174;-0.12845561;-10.035094
512186286;512186221;-1.1742696;-0.52639735;-10.056153
512234305;512234238;-1.1360995;-0.8978371;-10.278703
512282394;512282258;-0.46230373;-0.18077365;-10.237285
512334707;512334641;-0.051568437;0.04258749;-9.095915
512387086;512387018;0.9250837;0.7063955;-9.716389
512435094;512435027;0.8838361;0.049533457;-9.679545
512483105;512483040;0.826987;-0.46664783;-9.297172
512535488;512535419;-0.22073425;-0.2519239;-9.388163
512583497;512583429;-1.6412805;-0.59508055;-10.278138
512635870;512635805;-2.156074;-0.03073529;-10.013902
512688249;512688178;-2.843415;-0.030931149;-10.564892
512736367;512736188;-3.208781;0.106157444;-10.021651
512784266;512784201;-3.2381203;0.6636042;-10.932161
512832284;512832217;-2.5325537;0.60977286;-9.846695
512884664;512884593;-1.3321897;0.23140217;-8.900305
512937037;512936973;-0.6147363;0.24200249;-9.901936
512985076;512984986;-0.45294473;-0.033691373;-9.183509
513037448;513037364;-0.1835507;-0.4654333;-9.498625
513085935;513085862;-0.6524592;-0.64033705;-9.589525
513133943;513133873;-1.428583;-0.43651298;-9.398517
513181953;513181884;-1.9195318;-0.28777948;-9.893243
513234326;513234262;-2.3490925;0.414452;-9.6192045
513286790;513286641;-2.4911785;0.4244023;-9.788956
513334719;513334652;-1.9515861;0.89230657;-10.68061
513387095;513387031;-0.12195403;0.478893;-10.204096
513435131;513435046;0.80923724;-0.11581025;-9.675232
513483127;513483062;1.4823623;0.20455179;-9.004251
513535541;513535443;2.0638273;-0.54569143;-9.165948
513587892;513587825;1.5974182;-0.26635876;-9.345786
513635909;513635842;-0.7124251;-1.0519142;-9.532999
513683926;513683860;-1.5057797;-0.11478856;-10.771571
513736322;513736241;-2.260474;0.10245573;-10.460525
513784324;513784258;-2.163548;0.449156;-10.1379595
513836711;513836642;-0.76080966;1.480916;-9.194523
513884744;513884656;0.2176297;0.85322994;-9.286412
513937180;513937041;1.0077363;0.0547036;-9.402175
513985172;513985059;0.7429112;-0.73099625;-9.520746
514033146;514033073;0.29103005;-1.0022113;-9.551087
514085542;514085455;-0.36022794;-1.1858115;-9.628071
514133556;514133472;-2.0882125;-0.51318675;-10.3372135
514185931;514185857;-2.7896016;-0.5130324;-10.6204815
514234918;514234849;-2.473686;0.556935;-10.682581
514287313;514287235;-0.80725473;1.2494454;-9.715325
514335322;514335254;-0.043898143;0.4859488;-9.826896
514383342;514383275;0.8399827;0.18003568;-8.919952
514435743;514435664;0.52189344;-0.5590122;-9.127687
514488118;514488052;0.14483711;-0.39790285;-9.691493
514536138;514536073;-0.4892074;-0.8122376;-9.783701
514584160;514584093;-1.9669415;-0.31598163;-10.06521
514636543;514636476;-2.4524102;0.5293756;-9.768851
514684559;514684492;-2.5830445;0.57711947;-9.693696
514732574;514732507;-2.499635;0.45734707;-9.774113
514784958;514784890;-2.571691;0.42306402;-10.819576
514837339;514837274;-1.5323802;-0.18106425;-9.466283
514885360;514885295;-1.2484697;-0.6876822;-9.300944
514933379;514933313;-1.0570537;-0.331794;-9.459719
514985763;514985697;-0.9957858;-0.2189354;-9.620084
515033795;515033717;-1.1449873;-0.43447343;-9.621963
515086163;515086098;-1.5600435;-0.109680876;-10.149829
515134236;515134118;-1.5414884;-0.053320803;-9.510433
515186581;515186505;-2.3174217;0.24265932;-9.659077
515234592;515234526;-2.4360867;0.24358784;-9.506244
515282619;515282548;-2.1704383;0.30427876;-9.999179
515335028;515334939;-2.2393541;0.27911046;-9.743501
515383517;515383445;-2.4744554;-0.07227177;-10.046164
515435896;515435829;-1.643842;-0.12023191;-9.965011
515488277;515488211;-1.1106774;-0.55743974;-9.256022
515536292;515536227;-1.0625566;-0.48594895;-9.675193
515584308;515584242;-0.5358738;-0.52988034;-9.628221
515632324;515632257;-0.8357953;-0.67208904;-9.442717
515684707;515684636;-1.525484;-0.18345013;-10.325893
515737147;515737017;-1.3652067;0.18189017;-9.627289
515785097;515785032;-1.0888004;0.40626058;-9.239148
515837488;515837416;-0.97811043;0.40519342;-9.803017
515885583;515885435;0.17207105;0.4110371;-9.328651
515933526;515933454;0.922414;-0.08005083;-9.26246
515981542;515981474;1.181642;0.1395271;-9.645848
516034018;516033858;1.4327259;-0.6541963;-9.546733
516086304;516086238;0.61261386;-0.7766937;-9.620248
516134322;516134256;0.9543888;-0.7870423;-9.879705
516182345;516182272;0.3436952;-0.6806968;-10.518259
516234744;516234657;1.0260184;0.32454768;-9.281609
516282746;516282678;1.5815102;0.31613326;-9.01509
516335129;516335064;1.873477;-0.10418281;-9.587559
516387521;516387453;2.3055043;-0.47264716;-9.392598
516435539;516435474;2.6177318;-0.18177466;-9.466012
516483565;516483498;2.4083471;-0.58399767;-9.288706
516536443;516536373;2.7942662;-0.6237552;-9.277829
516584465;516584396;2.6508567;-0.37698135;-9.328268
516632490;516632421;2.8803546;-0.015584403;-9.373043
516684887;516684810;2.6107063;0.4939907;-9.801096
516737267;516737200;2.8573666;0.4103247;-9.578129
516785286;516785221;2.0957673;-0.08267034;-9.278007
516833313;516833247;1.9681941;0.030703306;-9.8630295
516885700;516885632;1.4186991;-1.0197151;-9.713676
516933720;516933651;1.7556856;-1.1580262;-9.753155
516986102;516986038;1.417329;-0.6893058;-9.845766
517034127;517034060;1.9042693;-0.48740855;-9.021879
517086523;517086448;1.594468;-0.6311586;-9.191613
517134542;517134471;1.4355477;-0.571022;-9.721808
517182567;517182498;1.4417999;-0.525227;-9.449341
517234967;517234891;0.43223214;-0.85659033;-9.847049
517287341;517287276;-0.23935942;-2.1685295;-9.806813
517335376;517335297;-0.24036841;-2.3423514;-9.6445
517383463;517383316;0.47407302;-2.745317;-9.627342
517435766;517435700;0.18335858;-2.7643423;-9.426833
517483794;517483717;0.20931906;-2.6907842;-9.645679
517536164;517536099;0.5967403;-1.6261431;-9.699477
517588620;517588482;0.31484824;-1.7640262;-9.022951
517636607;517636498;-0.06420086;-2.052307;-9.32943
517685064;517685000;-0.34572688;-2.420281;-9.780688
517733083;517733016;-0.057182718;-2.7070901;-9.652984
517785509;517785395;-0.23032242;-2.6608992;-9.527508
517833484;517833414;-0.18681474;-2.400333;-10.384665
517885860;517885795;0.5955518;-2.2662692;-8.894289
517938246;517938176;0.42776632;-1.2947915;-9.0468445
517986259;517986193;0.6552352;-0.9815174;-8.745421
518034271;518034204;0.117283866;-1.0989667;-9.552337
518082376;518082218;0.38740787;-0.6692879;-8.689702
518134682;518134600;-0.29667914;-1.1285473;-10.336493
518187043;518186978;-0.008348424;-1.7544202;-9.861716
518235071;518234993;-0.021610059;-1.3311118;-9.8371105
518287447;518287372;0.52981883;-0.72170174;-9.4496975
518335449;518335385;0.025359774;-0.4572855;-9.880016
518383477;518383399;0.2921038;0.22063296;-9.7238035
518431488;518431418;0.18537974;0.38374;-9.494825
518483868;518483802;0.265041;0.54023856;-9.342606
518536448;518536191;-0.027574228;0.36110184;-10.108454
518584324;518584212;0.13293242;-0.05520208;-9.718241
518636683;518636595;-0.19215107;-0.018329408;-10.391572
518684773;518684612;0.3191431;0.026003037;-9.959328
518732738;518732628;0.11916886;-0.14333759;-10.140568
518785080;518785014;0.7528814;0.72101146;-9.468117
518837954;518837884;0.52130246;0.67658967;-10.162521
518885972;518885900;0.3951232;1.1213964;-10.01663
518933986;518933920;-0.12982544;1.6325185;-9.809957
518986384;518986301;-0.09525792;1.7198998;-9.292362
519034386;519034316;-0.46274215;1.506319;-10.209467
519086784;519086697;-0.16773768;1.3063089;-9.6521845
519134779;519134709;-0.11886202;0.91660655;-10.28796
519187184;519187089;0.48655838;0.99350387;-9.483792
519235231;519235104;0.27995694;0.93338627;-9.985901
519283188;519283122;0.67638147;1.3151307;-9.456392
519335611;519335505;0.21718684;1.0218796;-9.8273945
519383707;519383522;0.45047557;0.79250646;-10.081155
519436078;519435906;0.12988319;0.26022178;-10.136677
519484044;519483920;0.3334624;0.44742683;-10.002368
519536362;519536296;0.19824317;0.18869661;-9.613388
519584372;519584306;0.07548093;-0.25862402;-10.015859
519632411;519632316;0.4841736;0.19664165;-9.817955
519684756;519684689;0.72289515;0.5547527;-9.289039
519737130;519737064;0.47093996;0.91781306;-9.352903
519785144;519785077;0.17716154;0.857789;-9.821675
519833157;519833090;0.17905352;1.4440861;-9.847833
519885538;519885467;0.23432328;1.0052203;-10.095039
519933544;519933477;0.42987534;0.9013276;-10.189657
519982037;519981972;0.32083288;0.6318141;-9.350072
520034439;520034350;0.45910645;0.6377624;-9.784141
520086808;520086728;0.33698502;-0.5501984;-9.696656
520134857;520134739;0.5537867;-0.9640609;-9.790666
520182861;520182750;1.0627475;-0.6440723;-9.219965
520235210;520235130;0.18315858;-1.0982034;-10.004564
520283224;520283144;0.09864358;-0.062421944;-9.538393
520335583;520335516;0.33544254;-0.08950921;-10.241575
520383598;520383529;0.46332973;0.4753153;-9.643961
520435976;520435909;-0.1475935;0.6183302;-10.458522
520483995;520483928;0.062364843;0.26079428;-9.6030445
520532014;520531948;-0.32504517;-0.16886835;-9.825135
520584405;520584336;0.2873559;-0.5454113;-10.003791
520636789;520636724;0.24171925;-0.7782741;-10.192357
520684873;520684744;0.37557167;-1.1922905;-10.314647
520737199;520737131;0.6381131;-1.1427798;-9.059186
520785218;520785152;0.30922443;-1.0270356;-9.626801
520833313;520833172;0.43316388;-0.32078597;-9.701125
520885627;520885560;0.26164427;-0.639817;-9.937957
520938015;520937947;0.5075624;-0.62001556;-9.472394
520986038;520985970;0.22011401;-0.50443137;-9.510422
521034062;521033990;0.26315215;-0.6370316;-9.90875
521086444;521086378;0.3534169;-0.8513231;-9.796141
521134979;521134884;0.27401996;-0.8951787;-9.6698475
521183068;521182908;0.18131022;-1.1546739;-10.01127
521235359;521235293;1.1108918;-1.1065158;-9.32687
521287743;521287678;0.65810776;-1.073574;-10.074294
521335763;521335696;0.76039803;-0.5266179;-9.667949
521383778;521383712;0.5380712;0.18099101;-9.596475
521436161;521436096;-0.13650464;-0.039829843;-10.222972
521484183;521484117;0.21694693;0.32988063;-10.095414
521536576;521536507;0.14838843;-0.487024;-9.478908
521584601;521584532;-0.050193403;-0.153788;-10.362129
521636994;521636923;0.10596112;-0.49927017;-9.904361
521685015;521684947;0.20713682;-0.7553525;-9.983049
521733039;521732971;0.3742021;-1.5962718;-9.597973
521785428;521785361;0.7792533;-1.1855491;-9.639753
521833453;521833388;0.7432035;-0.3081181;-10.246542
521885938;521885779;0.7886185;0.36239153;-9.625989
521933870;521933802;0.26494002;0.49111977;-9.614268
521986259;521986194;0.33219713;1.2564403;-10.356587
522034369;522034217;0.5166224;0.7191472;-9.899501
522082305;522082238;0.21792652;0.9184813;-9.912024
522134692;522134626;0.38122356;-0.05166137;-9.741396
522187082;522187016;0.52735716;-0.44555572;-9.464672
522235613;522235527;0.5882449;-0.64439285;-9.737829
522283639;522283554;0.60509497;-0.76466876;-9.573896
522336009;522335941;0.85979074;-0.909179;-9.717381
522384102;522383964;1.0663689;-0.54431176;-9.3253355
522432063;522431983;0.8541995;-0.118486784;-9.5747
522484434;522484369;0.6401111;-0.0108295595;-9.603989
522536822;522536756;0.31520987;0.106737316;-9.615388
522584844;522584778;0.3281184;-0.03337599;-10.031748
522632897;522632803;-0.2230462;-0.17071326;-9.648051
522685255;522685189;-0.14604557;0.010485523;-9.585227
522733279;522733213;-0.18969816;-0.13196373;-10.380697
522785669;522785602;0.25001273;0.14242919;-9.602043
522838059;522837989;0.53732556;-0.090877526;-9.783761
522886084;522886014;0.8653755;-0.39864114;-9.328673
522934107;522934036;0.48594984;-0.58017856;-9.726918
522982129;522982060;0.88762075;-0.7031731;-9.243281
523034516;523034449;0.5026088;-0.45770139;-9.214676
523087003;523086837;0.5812182;-0.38346192;-10.339138
523134932;523134863;0.9540048;-0.31399566;-10.352787
523187315;523187250;0.60655195;0.000491143;-9.999461
523235435;523235273;1.2901803;0.35355568;-9.698825
523283358;523283291;0.55722666;0.25431526;-10.109294
523331375;523331310;-0.33937556;-0.19443089;-10.2485895
523384264;523384182;-0.2883212;-0.1383787;-10.069623
523436634;523436567;-0.09219566;-0.22656718;-10.291163
523484656;523484589;0.3884537;-0.21695308;-9.477005
523537043;523536979;0.3296965;-0.9909331;-10.527539
523585070;523585002;0.5357355;-1.1508241;-9.872139
523633085;523633020;0.5938177;-1.0306904;-9.988416
523685477;523685400;0.91570944;-0.90460134;-9.988475
523737849;523737783;0.663172;-0.28822872;-9.005517
523785866;523785800;0.33976868;-0.7289442;-9.322239
523833889;523833821;0.5375258;-0.36375427;-9.941051
523881909;523881841;0.019111862;-0.20629725;-10.375729
523934298;523934227;0.023518823;-0.10203602;-10.441822
523986676;523986611;-0.24687575;0.03885175;-9.8174
524034700;524034634;-0.34065405;-0.025713567;-9.621376
524087090;524087022;-0.4301589;-0.25830045;-9.381379
524135112;524135046;-0.37113923;-0.2945438;-9.303225
524183136;524183069;0.165997;-0.1787374;-9.886393
524235528;524235458;0.45308137;-0.31895962;-10.052271
524283548;524283481;0.58738184;-0.657082;-10.274036
524335939;524335871;0.42067894;-1.3526264;-10.079367
524383962;524383894;0.31265876;-1.1172149;-10.309166
524436369;524436281;0.6620947;-0.6327452;-9.398151
524484371;524484304;0.56290716;-0.60649973;-9.827579
524532986;524532809;0.4481294;-0.82046634;-10.864809
524585261;524585194;0.2842232;-0.3539317;-10.119731
524637655;524637582;0.22363606;-0.47265634;-9.864048
524685672;524685603;0.54482764;-0.11597621;-9.127262
524733697;524733625;0.07560551;-0.4140717;-9.646127
524786086;524786010;-0.41054824;-0.06882072;-10.091952
524834100;524834031;-0.31977484;-0.90779805;-11.343299
524882116;524882051;-0.18046293;-0.6417064;-9.555261
524934508;524934438;-0.23206109;-0.71513534;-9.772716
524986926;524986823;1.1377132;-0.5452993;-9.75558
525034912;525034847;1.0683864;0.24608335;-8.513324
525082938;525082870;0.95222676;-0.21661371;-9.208765
525135357;525135261;-0.09200666;-1.4092659;-10.325098
525183347;525183282;-0.3246958;-0.5840353;-10.270226
525235742;525235672;-0.93088186;-0.38913447;-9.077089
525288127;525288061;-1.5988046;-0.089800045;-10.725399
525336150;525336085;-3.0426078;-0.42509907;-9.670542
525384175;525384107;-4.3137393;-0.11968132;-9.109881
525432223;525432125;-3.6844933;0.74130505;-9.96401
525484584;525484517;-3.3999805;0.986232;-8.057605
525536971;525536904;-2.4867218;0.6095581;-9.975126
525584990;525584923;-3.0446796;-0.75376815;-8.387521
525633006;525632941;-2.358295;-0.77534676;-10.033617
525685875;525685810;-1.6493783;-1.2221445;-9.957146
525733901;525733826;-0.32551014;-1.2951882;-10.096729
525781908;525781841;-0.35704964;-1.5224961;-8.185073
525834285;525834219;0.18520927;-0.8108462;-9.852899
525886671;525886600;-0.17398694;-0.9996494;-9.628742
525934686;525934618;0.019967979;-0.7192809;-10.065032
525987071;525987004;-0.3945485;-0.72379744;-9.042827
526035088;526035021;-0.5753102;-0.33293766;-9.995386
526083106;526083040;-0.14461823;0.025364846;-9.178372
526135493;526135424;-0.14501528;0.6136385;-9.331207
526187882;526187807;-1.2391243;-0.00855345;-8.702161
526235893;526235826;-1.1968967;-1.7248534;-10.396549
526283916;526283848;0.17570461;-2.0242991;-9.964336
526336310;526336236;0.7277502;-1.7689817;-10.090586
526384324;526384258;1.4026935;-1.8910627;-9.029956
526436733;526436645;0.49207246;-2.4043212;-8.897945
526484745;526484669;1.1573645;-3.009586;-10.048091
526537120;526537055;1.1186526;-2.7929735;-8.983476
526585146;526585077;1.8299459;-3.0054092;-8.920599
526633174;526633099;1.3915145;-3.0507224;-9.627998
526685554;526685484;1.0141544;-2.7720861;-9.992422
526733575;526733506;1.1791644;-2.3194227;-8.720928
526785970;526785891;0.9282136;-2.4494035;-9.36336
526834462;526834394;0.5896743;-2.6538477;-9.397826
526886853;526886778;1.397431;-1.9294015;-9.687214
526934863;526934795;0.702495;-1.6328847;-9.427216
526982882;526982814;0.5756682;-1.4349797;-9.778512
527035281;527035201;-0.1416741;-1.8468317;-9.618297
527087654;527087584;-0.076406695;-1.977001;-9.275075
527135682;527135606;1.2179133;-1.4325612;-9.81596
527183718;527183630;1.1218961;-0.6499805;-9.57525
527236082;527236016;0.7912929;-1.1692551;-10.754645
527284107;527284041;0.74148333;-0.18882233;-9.703031
527336493;527336424;0.35910684;-0.40089914;-10.408692
527384512;527384443;0.45300934;0.3956749;-9.444975
527436910;527436831;0.40064076;0.90617716;-9.196673
527484916;527484848;0.2517551;0.6346757;-10.56487
527532931;527532866;-0.114917465;1.2419064;-9.89203
527585309;527585241;0.00020767702;1.2867185;-9.219463
527633319;527633250;-0.038252544;1.7309386;-9.138894
527685705;527685625;-0.8223587;1.9137712;-9.445228
527738064;527737998;-0.88247895;2.0537944;-10.662636
527786094;527786010;-0.963779;1.5741767;-10.163625
527834082;527834017;-0.82738435;1.3786275;-10.737375
527882097;527882027;-0.665787;0.40777445;-9.637652
527934528;527934399;-0.446283;0.9309321;-9.056194
527982956;527982891;-0.5495543;0.5379206;-9.799174
528035334;528035267;-1.2882074;0.20921563;-9.736812
528087714;528087645;-0.9815627;0.26920906;-9.2379875
528135730;528135656;-0.93850005;-0.2317107;-8.795397
528183737;528183668;-0.30371502;0.24467485;-9.250261
528231751;528231682;-0.19720405;0.21548818;-9.053175
528284129;528284065;-0.32512373;-0.94035876;-10.407805
528336542;528336450;-1.4801083;-1.4557737;-9.202261
528384537;528384468;-1.0270758;-1.5358771;-9.271321
528436918;528436852;-0.6101667;-2.3194847;-9.721773
528484962;528484875;-0.38084388;-1.6389998;-8.495842
528532960;528532890;-0.63498735;-1.4684976;-9.32791
528585340;528585273;-0.53543293;-2.4080946;-8.8517065
528637727;528637661;-0.42715743;-2.594533;-10.655987
528685751;528685685;-0.79180306;-1.8431473;-9.98903
528733770;528733704;0.23319232;-1.2024537;-9.307598
528786156;528786091;-0.27521655;-1.249342;-8.511072
528834174;528834108;-0.6072107;-1.5871286;-10.633549
528886556;528886491;-0.9128417;-2.5093746;-9.242447
528934579;528934511;0.06506338;-2.512615;-9.935665
528986957;528986891;0.81403077;-0.67212045;-9.725769
529035042;529034910;0.32868427;0.052038006;-9.203299
529082994;529082928;-0.7345073;-0.8698572;-9.751729
529131497;529131432;-0.082403906;1.4124042;-9.623111
529183878;529183813;0.5909234;1.7984061;-10.209279
529236264;529236196;-0.6475843;1.1766104;-9.063502
529284284;529284219;-0.8487401;0.29030776;-10.742263
529336670;529336604;-0.29598728;0.20061079;-9.354997
529384690;529384623;-0.15571682;-0.520993;-10.1162195
529432729;529432643;-0.6041168;0.27889034;-9.883284
529485096;529485027;-0.113610946;0.062135946;-9.227937
529537493;529537415;-0.21946867;0.012033088;-9.90995
529585503;529585436;-0.3493739;-0.26356488;-9.745822
529633538;529633458;-0.63942355;0.046092544;-9.342072
529685915;529685840;-0.47435123;-0.20645495;-10.305292
529733928;529733857;-0.034356415;-0.15494241;-9.671613
529781939;529781871;-0.3791207;0.04181096;-9.9297495
529838691;529838618;-0.29982316;-0.4209583;-10.83369
529886706;529886637;-0.4594023;0.28349862;-9.856955
529934773;529934653;-0.103312284;0.048053056;-10.305182
529982746;529982672;-0.2932209;-0.18964222;-9.118964
530035139;530035056;-0.32481548;-0.4166049;-9.721776
530083147;530083080;-0.44628844;-0.3923794;-10.171789
530135536;530135466;-0.7537694;-0.3795162;-9.6951885
530187920;530187854;-0.6224436;-0.39147353;-9.288263
530235941;530235875;-0.81371456;0.3760155;-10.698843
530284449;530284384;-0.61268437;-0.3676338;-9.849202
530332478;530332407;-0.34640217;0.03680608;-9.825815
530384903;530384800;-0.060306776;-0.31309596;-8.902792
530432897;530432828;-0.6101102;0.19451496;-9.92902
530485315;530485226;-0.65188783;-0.10430226;-9.905223
530537683;530537611;-0.9786484;0.6718409;-10.055228
530585705;530585635;-0.5245452;-0.07937861;-9.0608225
530633731;530633661;-0.6383214;0.3175251;-10.188114
530681750;530681679;-0.53051746;0.32112485;-9.472593
530734135;530734069;-0.7524789;-0.18877351;-9.778858
530786532;530786464;-0.82380444;-0.33605576;-10.084869
530834592;530834491;-0.40348458;-0.47678307;-9.629741
530886954;530886882;-0.4557596;-0.2814569;-9.486174
530934974;530934908;-0.6358332;-0.32310748;-10.298676
530982999;530982934;-0.8968352;0.6296264;-10.029335
531035405;531035328;-0.8462928;0.37958232;-10.610764
531087788;531087721;-0.10036172;-0.34070477;-9.981445
531135826;531135747;0.42334908;-0.27670342;-9.300521
531183936;531183774;0.30485696;-0.18963744;-10.266344
531236236;531236165;0.6567898;-0.7849375;-9.821018
531284260;531284192;0.7071322;-0.21702129;-9.544539
531336654;531336587;0.55257565;0.051358387;-9.878215
531384681;531384615;0.69870335;-0.13205676;-10.05978
531437562;531437494;1.0163739;-0.35276926;-10.134447
531485602;531485521;0.5720543;-0.21348096;-9.696902
531533611;531533543;0.54118407;-0.043546483;-10.215406
531585999;531585933;0.7528491;-0.14377949;-9.592563
531634033;531633959;0.60417134;-0.10598467;-9.590297
531686424;531686354;1.2849295;-0.58157676;-9.425413
531734447;531734382;1.5183405;-1.0917128;-9.480844
531786844;531786777;0.24311845;-2.776144;-10.085428
531834871;531834803;-0.027578818;-3.8559208;-9.106353
531882896;531882830;-1.0222602;-4.764831;-9.35201
531935293;531935226;-0.095357485;-3.9671795;-9.397658
531987704;531987621;-0.12333741;-3.011826;-9.871101
532035707;532035642;-0.10624813;-2.6389909;-9.407506
532083732;532083666;0.016334772;-3.0758026;-9.306624
532136123;532136058;-0.045860015;-2.4305754;-9.728762
532184155;532184082;-0.42825675;-2.7540581;-9.50813
532232167;532232101;-0.45239693;-1.8794056;-9.579301
532284579;532284492;-0.21254376;-3.234598;-9.47145
532336950;532336885;0.0011277423;-2.7444808;-8.904613
532385010;532384910;-0.1968478;-3.3517613;-9.310489
532433000;532432935;-0.62901425;-2.351583;-9.625765
532485388;532485323;-0.18505046;-2.540591;-9.101699
532533914;532533846;-0.36587784;-2.382093;-9.649619
532581914;532581846;-0.20366679;-2.4135222;-9.337235
532634293;532634228;-0.49525407;-2.6773334;-9.818224
532686682;532686608;0.082307816;-2.9567304;-9.28486
532734690;532734624;-0.15512262;-2.646861;-9.545141
532782710;532782641;0.25832438;-3.3588321;-9.576137
532835099;532835023;0.45713225;-2.8195949;-8.943796
532887485;532887412;-0.3138308;-2.9627092;-10.041116
532935503;532935436;0.059995003;-2.9384491;-9.297014
532987893;532987826;0.09131818;-2.2712648;-9.373396
533035915;533035849;-0.26672104;-2.6351838;-10.02739
533083941;533083874;-0.1790611;-2.7470553;-9.863713
533131973;533131898;-0.3333744;-2.5401897;-9.895829
533184356;533184289;-0.08765229;-2.9383454;-8.719601
533236747;533236678;-0.35035527;-2.8715084;-9.927206
533284763;533284696;-0.5278923;-2.4896305;-10.185627
533337166;533337084;-0.49617034;-2.6559978;-9.248194
533385189;533385111;-0.6457464;-2.3521974;-9.364534
533433207;533433137;-0.43013242;-1.9769677;-9.508564
533485590;533485524;0.0648298;-2.4923742;-9.662404
533538001;533537914;-0.35818434;-1.993766;-9.271093
533586053;533585937;-0.57848394;-2.0171223;-9.602381
533634028;533633960;-0.7902485;-2.5613086;-10.100912
533687487;533687321;-0.60355043;-2.1803906;-9.614575
533735410;533735343;-0.39737034;-2.1814084;-9.859099
533783436;533783366;-0.08359714;-2.8830357;-9.081825
533831457;533831390;-0.49438453;-2.141388;-9.667573
533888213;533888143;-0.5006499;-1.792238;-9.701296
533936227;533936162;-1.089357;-2.3370297;-9.625096
533984342;533984181;-1.1541036;-2.051065;-9.948991
534036633;534036564;-1.5726347;-1.8003205;-9.470611
534084650;534084584;-1.5643969;-1.6741518;-9.801684
534132680;534132605;-2.1451538;-2.177571;-9.551893
534185069;534184987;-2.363399;-1.9975697;-9.807306
534237436;534237369;-2.2002792;-2.0975904;-9.588418
534285455;534285389;-1.6744695;-2.10868;-9.705117
534333481;534333410;-1.55942;-0.7490499;-8.984928
534385868;534385799;-1.9098105;-0.051684044;-8.712717
534433887;534433816;-1.9027826;0.7466913;-8.865157
534486266;534486198;-2.1554005;1.3969523;-8.828867
534534283;534534216;-2.7204127;1.4686878;-9.376334
534586729;534586604;-3.4921768;1.5323092;-9.427868
534634696;534634628;-4.1384296;0.3640912;-9.905556
534682716;534682649;-4.4417987;-0.21730706;-9.739427
534735158;534735036;-3.9549885;-1.1895971;-9.517928
534787493;534787425;-2.1339095;-1.0112526;-9.382945
534836002;534835933;-0.15627044;0.74655354;-7.9915276
534884025;534883957;2.204796;2.354076;-8.2726145
534936413;534936347;4.16974;3.2769341;-7.6394587
534984438;534984371;5.6176906;11.169816;-7.313675
535032461;535032393;1.6216083;4.2303133;-6.6713867
535084845;535084777;0.56391907;2.739746;-7.48588
535137228;535137163;1.6611204;1.3677734;-9.581554
535185260;535185185;0.75695735;-0.22267693;-10.147725
535233272;535233205;-0.31721136;-1.2688907;-9.384288
535285662;535285592;-0.33124864;-1.6144171;-10.01862
535333696;535333614;-0.49559167;-1.520251;-10.172574
535386065;535386000;-0.40647808;-0.7392813;-9.941119
535438456;535438390;-0.12057901;0.32148623;-9.638582
535486481;535486412;1.0758609;0.97803617;-9.274416
535534518;535534438;1.1573104;1.4768736;-9.442814
535582535;535582467;0.9997225;1.3528602;-9.472069
535634928;535634860;1.486661;0.6639583;-9.615983
535682955;535682888;1.0862997;-0.049289897;-9.572582
535735348;535735283;0.4521204;-1.063658;-9.357866
535787785;535787675;-0.30897436;-0.73339176;-10.183805
535835770;535835703;-0.10984845;-0.8991499;-10.292565
535883793;535883726;-0.048593175;-0.39697614;-9.834801
535931816;535931749;0.3313709;-0.35610875;-9.472836
535984695;535984622;-0.024745543;0.14546323;-9.705732
536037079;536037011;0.30818123;0.5601571;-9.64552
536085103;536085035;0.63320184;0.13852514;-9.615531
536133126;536133060;0.70812273;0.32588434;-9.761052
536185541;536185454;0.77439797;-0.12765232;-9.459983
536233550;536233481;0.4494892;-0.1525869;-9.827894
536281575;536281506;0.19333334;-0.3392076;-10.321768
536333967;536333899;0.6177269;-0.3877889;-9.320744
536386460;536386293;0.29614717;-0.12556645;-10.02946
536434398;536434324;0.9658124;0.15030698;-9.391034
536486784;536486713;0.42889547;0.12350916;-9.981702
536534893;536534737;0.96915764;0.020313313;-9.196996
536582831;536582760;0.35829413;-0.2000398;-10.247416
536635213;536635148;0.47714105;-0.34256276;-9.92207
536687607;536687536;0.7411241;-0.426587;-9.114581
536735633;536735560;0.26244944;-0.24043587;-10.225973
536783643;536783577;0.87987065;-0.31620637;-9.202636
536836037;536835968;0.37283617;0.23631239;-9.5202875
536884071;536883991;0.44665623;0.06280536;-9.997987
536936445;536936376;0.6950232;-0.41958258;-9.218591
536984469;536984400;0.45111415;0.069112614;-9.754272
537032494;537032423;0.95776635;-0.47388512;-9.194577
537084878;537084810;0.69569963;-0.19037595;-9.12405
537133387;537133320;0.34174764;0.23668417;-10.268247
537185780;537185713;0.34985432;0.020571625;-10.021445
537233807;537233741;0.5989021;-0.117540486;-9.341584
537286203;537286136;0.20280002;-0.98559374;-10.351885
537334231;537334164;0.69235384;-0.16954942;-9.803569
537386627;537386559;0.50088364;0.95411515;-10.25459
537434652;537434585;0.6165237;3.265086;-9.275951
537482678;537482612;0.43267506;3.5353281;-9.405279
537535069;537535001;0.42930982;3.1346135;-10.246366
537587508;537587389;0.4629783;2.1024816;-9.810863
537635485;537635413;0.3698268;-0.12557074;-9.831813
537683504;537683436;0.21978536;-1.5364869;-9.959844
537735943;537735828;0.27999005;-1.4527297;-10.251513
537783923;537783853;0.5499789;-0.91180325;-9.651544
537836315;537836246;0.41182098;0.011476045;-10.462894
537888709;537888634;0.65011376;0.43996236;-9.971113
537936724;537936651;0.7400962;0.41381088;-9.808002
537984738;537984669;0.5071231;0.38731033;-9.825918
538032808;538032691;0.16877809;-0.19799909;-10.38052
538085141;538085074;0.4629919;-0.71551764;-9.876684
538133159;538133091;0.67664146;-0.42183223;-9.510813
538185544;538185477;0.7213258;-0.16467457;-10.06203
538237930;538237865;0.8388957;-0.3662164;-9.650625
538286440;538286370;0.45008722;-0.067941315;-10.585372
538334474;538334389;0.5446557;-0.3035174;-10.263125
538382482;538382409;0.53827953;0.088413574;-10.412072
538434864;538434796;0.8587742;-0.255419;-9.726571
538482897;538482816;0.5888514;-0.16433376;-10.104326
538535266;538535202;0.54027;-0.62293303;-10.01552
538587656;538587586;0.66221756;-0.47867176;-9.725489
538635680;538635609;0.7477341;0.2147019;-9.60136
538683708;538683631;0.8371068;0.23803017;-9.5227375
538731726;538731657;0.7353164;-0.19185011;-9.999399
538784108;538784043;0.39891124;0.013692185;-10.34947
538836500;538836433;0.557893;-0.19682921;-9.789105
538884540;538884461;1.0402309;-0.19294976;-9.381671
538936999;538936850;0.8184513;0.026803939;-9.822799
538984943;538984875;0.7915592;0.32205185;-9.322387
539032979;539032898;0.84849346;0.0734282;-9.222802
539085425;539085287;0.31284443;0.33482942;-9.928895
539137746;539137677;0.5211545;0.1374961;-9.814073
539185773;539185705;0.7544353;0.258965;-9.971496
539233861;539233732;0.50188607;0.8622751;-10.046582
539286189;539286123;0.4948629;0.07791017;-10.020874
539334212;539334147;0.5365555;-1.6443504;-10.010982
539386604;539386535;0.59285814;-2.528198;-9.485431
539435112;539435044;0.39563483;-2.2002673;-9.892725
539487496;539487430;0.87021774;-2.0522833;-9.744162
539535526;539535452;0.80113673;-1.5911502;-10.012762
539583539;539583470;0.7963128;-1.651686;-8.758217
539631556;539631489;0.5982671;-1.4391127;-10.224633
539683950;539683870;0.6396545;-1.4994715;-9.718225
539736323;539736254;0.51037186;-1.3693438;-10.506761
539784344;539784279;1.0602102;-1.4352496;-8.787966
539836741;539836668;0.6257902;-0.8793536;-9.640525
539884760;539884692;0.70527214;-0.6802141;-9.39983
539932779;539932711;0.71661276;-1.2672448;-9.691172
539985166;539985099;0.5734868;-1.200867;-9.519025
540037551;540037483;0.6160079;-0.9194298;-10.024492
540085573;540085504;0.8081534;-1.288713;-9.585046
540133599;540133528;0.8402249;-0.93408483;-9.4796
540185980;540185914;0.812743;-0.9979405;-8.963295
540234007;540233940;0.7696673;-1.0363754;-10.192867
540282043;540281963;0.8046966;-0.8150909;-10.0286255
540334417;540334352;1.1867869;-0.8192819;-9.694456
540386802;540386737;1.0940495;-0.8783893;-9.908211
540434916;540434757;0.8734289;-1.4069524;-9.523608
540482861;540482781;0.5192982;-1.7246459;-9.897428
540535233;540535168;0.5158505;-1.7374978;-10.241654
540583749;540583673;1.0212681;-0.52272713;-9.582831
540636126;540636058;0.778229;-0.056112736;-9.933167
540688515;540688449;1.0565974;-0.19182856;-9.877942
540736542;540736474;0.8301299;1.3949162;-9.447351
540784565;540784497;1.172974;2.7162893;-8.882423
540832590;540832519;0.8894239;3.4206161;-8.802707
540884977;540884909;0.31837043;2.870513;-9.723841
540933000;540932934;0.25876778;2.3443947;-9.575604
540985391;540985326;0.47767618;2.0457137;-9.283578
541037783;541037716;0.4304885;1.6890249;-9.429181
541085799;541085733;0.8229244;2.3911855;-9.267195
541133822;541133756;0.77636945;3.0747318;-9.245845
541181847;541181781;0.764849;3.3158977;-9.296199
541234240;541234174;0.9539464;1.5227877;-9.188207
541286644;541286565;0.32946607;-0.107840054;-9.827479
541334656;541334588;0.37053096;-0.7806049;-9.820546
541387045;541386980;0.8802789;-0.5005075;-10.227492
541435073;541435006;1.4556131;-0.1918959;-9.111222
541483092;541483027;1.0740062;0.24856667;-9.621525
541535487;541535415;0.90378577;0.55294496;-9.78223
541587886;541587805;0.68038267;0.2167489;-10.032486
541635969;541635830;0.6667302;0.17587289;-10.218703
541683919;541683854;0.48189843;0.5531065;-10.264393
541736798;541736730;0.60593027;0.36790496;-9.957631
541784823;541784754;0.9394414;-0.015189802;-9.100061
541832841;541832775;0.90206295;-0.24166639;-9.636943
541885232;541885165;1.33377;-0.26166564;-9.274946
541937640;541937553;1.0610229;-0.010863247;-10.122772
541985645;541985577;1.5353665;-0.08321199;-9.304609
542033671;542033602;0.5871818;0.2919435;-10.00154
542086066;542085991;1.0805117;0.40664276;-9.453521
542134076;542134012;0.72138304;0.29321393;-10.092629
542186466;542186396;0.9963039;0.47469717;-10.042066
542234499;542234415;1.0355967;0.11570652;-9.335497
542286869;542286804;1.0026534;0.48693883;-10.409777
542334897;542334829;1.0033334;0.40024874;-9.690682
542382930;542382854;0.8739961;0.50483;-9.863012
542435315;542435245;1.3080885;0.649348;-9.935187
542487705;542487635;0.62270314;0.01896014;-9.816024
542535723;542535658;0.70031774;0.022070533;-9.745014
542583746;542583680;0.9173411;0.09062981;-10.121029
542636133;542636068;0.61030823;0.16763481;-9.618606
542684156;542684090;0.8060553;0.0601003;-9.081507
542732202;542732111;0.6920684;0.5950692;-9.800383
542788934;542788867;0.90226525;0.6722078;-10.21781
542837443;542837377;1.0571225;0.36365956;-9.469239
542885477;542885402;0.9974478;0.5014246;-9.482921
542933511;542933426;0.9715503;0.9126888;-9.521998
542985878;542985811;0.94547665;0.5759253;-9.75656
543033898;543033831;0.25326112;0.47973624;-10.157918
543081939;543081856;0.85472065;0.46679732;-9.811862
543134311;543134246;0.9922972;-0.24485524;-9.8237295
543186720;543186634;1.1550381;-0.03346083;-9.83474
543234730;543234660;0.9179325;0.22108941;-9.563149
543282754;543282684;0.5622339;0.3471571;-10.177411
543335141;543335075;0.7329612;0.863013;-9.300531
543383167;543383100;0.9362909;0.22860923;-9.378993
543435566;543435491;1.1021625;0.17808129;-9.686781
543487945;543487880;0.722902;0.2541043;-10.129378
543535971;543535903;0.55251575;0.46817487;-10.024612
543583996;543583924;0.5175094;-0.11659412;-9.854071
543632014;543631948;0.34404996;-0.5084641;-10.10433
543684415;543684335;0.5631383;-0.0506874;-9.89408
543736788;543736723;0.41240388;-0.73438305;-9.837086
543784811;543784745;0.5898652;-0.8843748;-9.829365
543837197;543837130;0.18277267;-2.0189898;-9.9959345
543885214;543885149;0.12591064;-2.049175;-9.494368
543933232;543933166;0.014875327;-2.281424;-9.629441
543981739;543981671;-0.5414607;-2.0185733;-9.84442
544034128;544034060;-0.53876585;-1.9327474;-9.539651
544086514;544086449;-0.32408822;-1.8399286;-9.703259
544134562;544134473;0.21417771;-1.451796;-9.71007
544186927;544186858;0.58778226;-1.2104142;-9.60061
544234952;544234874;0.27704522;-1.2853355;-9.74399
544282995;544282893;0.149256;-1.3308425;-9.549914
544335342;544335277;0.017236935;-1.9483567;-9.601257
544387729;544387660;-0.21936838;-1.8761681;-9.870616
544435744;544435675;0.009001844;-1.9468967;-9.412601
544483768;544483695;-0.022598911;-1.7643514;-9.458415
544536148;544536081;-0.034308523;-1.5800427;-9.735219
544584166;544584099;-0.58774334;-0.91293;-10.129828
544636549;544636481;-0.49645266;-0.8263609;-9.803874
544684572;544684502;-0.49827352;-1.207904;-9.657031
544736956;544736890;-0.8823793;-1.4528308;-9.649022
544784977;544784912;-0.49276897;-1.2926939;-9.170039
544832998;544832931;-0.7158294;-1.9302796;-9.3251705
544885389;544885319;-1.1343312;-1.2119397;-9.390198
544933407;544933342;-1.6707485;-1.1659942;-9.863261
544985796;544985729;-2.4444392;-0.27885383;-10.136074
545033821;545033755;-2.698207;-0.6608442;-10.149536
545086219;545086141;-1.744058;-0.6147462;-9.616921
545135231;545135132;-1.7929556;-0.4673673;-9.729393
545183218;545183149;-1.4513295;-0.8618296;-9.432923
545235598;545235532;-1.2521456;-0.86542374;-9.498956
545287988;545287919;-0.9949409;-0.8197731;-9.341872
545336008;545335940;-1.2721735;-0.4918587;-9.776054
545384025;545383960;-1.6820624;-0.6181984;-9.586154
545436414;545436345;-1.2669959;-0.83060145;-9.433904
545484437;545484370;-0.89885455;-1.396486;-9.374738
545532457;545532391;-0.88794297;-1.9805071;-9.451841
545584850;545584782;-1.6456099;-1.8726554;-9.592462
545637237;545637170;-1.7559386;-2.4836514;-9.909608
545685263;545685191;-1.5907166;-2.1435497;-9.439925
545733279;545733211;-1.8661537;-1.9283972;-9.984141
545785666;545785599;-2.218355;-1.4983809;-9.631702
545833690;545833620;-1.6561921;-1.7216951;-9.4303055
545886072;545886006;-1.3356006;-1.533773;-9.277169
545938459;545938392;-1.4018255;-1.3228906;-9.723389
545986485;545986417;-1.1715631;-1.748532;-9.179922
546034505;546034438;-1.4021186;-1.6177211;-9.344295
546082528;546082457;-1.5742369;-1.4877499;-9.516961
546134919;546134841;-2.2103355;-1.4374287;-9.48435
546182924;546182858;-2.5601814;-1.361043;-9.789897
546235314;546235235;-2.6749938;-1.4882321;-9.715186
546288187;546288101;-2.3091674;-1.861743;-9.348868
546336188;546336113;-2.3270574;-1.5425012;-9.125526
546384196;546384127;-2.447344;-1.6018634;-9.491521
546432212;546432143;-2.3486922;-1.2340999;-9.215079
546484605;546484530;-2.5716054;-1.1178151;-9.6624365
546536998;546536923;-1.8516656;-1.8555099;-9.419114
546585010;546584944;-1.9214457;-1.3172703;-9.551981
546633036;546632963;-1.8145608;-1.2793956;-9.265735
546685415;546685350;-2.1125968;-1.0935928;-9.545549
546733435;546733369;-2.0934563;-1.4325622;-9.287531
546781464;546781387;-2.1696265;-1.0072087;-9.55316
546838207;546838134;-2.3987;-1.6921128;-9.637585
546886221;546886153;-2.4458199;-1.401422;-9.752729
546934237;546934171;-2.5315666;-1.3007997;-9.647145
546986623;546986557;-2.2838612;-1.8784827;-9.322643
547034647;547034578;-2.4784026;-1.1205733;-9.621768
547082666;547082599;-2.6824596;-1.1704506;-9.619664
547135053;547134984;-2.3681793;-1.5603555;-9.321271
547187449;547187367;-2.6012697;-0.68834376;-9.53213
547235531;547235391;-2.4799995;-1.1364996;-9.216231
547283487;547283414;-2.584574;-1.2075523;-9.36311
547335869;547335800;-2.6512012;-1.3672149;-9.368039
547383962;547383821;-2.7611089;-1.2043471;-9.596879
547436776;547436692;-2.6207168;-1.6064104;-9.286435
547484780;547484712;-2.464711;-1.2614297;-9.474816
547537169;547537101;-2.6049614;-1.2278172;-9.439006
547585192;547585125;-2.7160041;-0.99443734;-9.231549
547633216;547633148;-3.7571976;-1.0181515;-10.001962
547685603;547685535;-3.1994934;-1.2800232;-9.141607
547733625;547733557;-3.3525355;-2.1655557;-10.190108
547786015;547785947;-2.3463545;-3.4248962;-9.043241
547834051;547833970;-2.4495933;-4.1214533;-8.502906
547886429;547886359;-1.5224602;-5.107313;-8.771661
547934452;547934381;-1.3002818;-4.5876255;-8.420513
547982487;547982401;-1.7217302;-3.838563;-9.100918
548034856;548034788;-1.3763429;-3.879973;-8.820244
548087247;548087182;-0.46280065;-4.172319;-8.468809
548135272;548135208;0.3837411;-3.6170325;-9.059041
548183299;548183232;0.59524006;-3.8544352;-8.311669
548235700;548235625;-0.22851214;-3.5482178;-9.376426
548283717;548283647;-0.80884194;-3.6486413;-9.776565
548336105;548336038;-0.38265806;-3.3829613;-9.689289
548388493;548388425;-0.53411806;-2.1289992;-9.647898
548436585;548436445;0.6406363;-1.7041588;-9.273784
548484536;548484466;1.3304461;-1.2307175;-9.522285
548532557;548532489;2.4296672;-0.8857373;-9.347029
548585433;548585365;2.0134966;-0.3341397;-9.632957
548633465;548633393;1.6883304;0.47781342;-9.932983
548685854;548685785;1.6600498;1.3306055;-9.02618
548738251;548738173;1.975717;1.7518662;-9.469665
548786266;548786198;2.030376;2.150061;-9.462621
548834289;548834224;2.0001614;2.3790221;-9.886701
548882318;548882249;1.9722695;2.4546106;-9.512942
548934709;548934637;1.9731435;3.4152467;-8.952449
548987090;548987025;2.382349;3.6757035;-9.217345
549035121;549035048;2.4873075;2.9073746;-9.295505
549087501;549087432;1.7619867;2.207745;-9.143797
549135526;549135456;1.4196926;1.962654;-10.2014065
549183554;549183477;0.9831365;1.8820024;-8.931254
549235933;549235864;1.3068378;1.5364562;-9.736904
549283949;549283884;0.40542912;1.958726;-9.402608
549336333;549336267;-0.21741417;2.2680495;-9.557449
549384355;549384286;-0.3689551;1.7814882;-9.945406
549436748;549436675;-0.6188377;1.0157145;-9.915674
549484768;549484698;-0.6119543;0.6209413;-9.666283
549532787;549532720;-0.9727768;0.6350703;-10.823837
549585177;549585111;-0.5308096;0.92490476;-9.150766
549637654;549637504;-0.73255086;0.77983093;-9.9829645
549685592;549685526;-0.15070966;0.69722426;-9.8920145
549734115;549734033;-0.3548839;0.92107695;-9.968401
549786485;549786416;-0.45738468;0.9106021;-9.71709
549834506;549834438;-0.10843391;0.6168215;-9.316552
549882549;549882460;-0.035492726;0.7335166;-10.133881
549934913;549934848;-0.24854277;0.6245104;-9.636543
549987302;549987234;-0.07122356;0.80352473;-9.055609
550035323;550035256;-0.2243257;1.486211;-9.834094
550083344;550083277;-0.32266474;0.87471724;-9.840197
550135730;550135663;0.23106356;1.1053299;-9.403933
550183747;550183680;-0.091661386;0.96733534;-9.66365
550236133;550236064;-0.06627829;0.63196546;-9.578489
550284155;550284087;-0.38659692;1.0242134;-10.141185
550336544;550336478;-0.45977914;0.4749431;-9.733173
550384564;550384499;-0.91517204;0.8306134;-10.276009
550432585;550432519;-1.0622653;0.2801782;-9.739009
550484969;550484903;-0.7314501;0.76537186;-9.874454
550537367;550537287;-0.87209505;0.7848131;-10.119207
550585379;550585313;-0.21256346;0.612396;-9.887063
550633404;550633340;0.015243311;0.7837779;-9.392263
550685803;550685731;-0.0648148;0.93976504;-9.914338
550733826;550733757;0.026881503;0.6594362;-9.909138
550786246;550786153;0.035619263;1.2050384;-9.601343
550838696;550838546;-0.086268835;1.0652074;-9.933961
550887124;550887058;-0.3426196;0.90699124;-10.128569
550935173;550935082;-0.10703389;0.6609242;-10.17318
550983175;550983107;-0.38301286;0.13645314;-9.668961
551035566;551035501;-0.6744221;0.7310763;-10.044401
551083599;551083530;-0.70684963;0.4878565;-9.901766
551135989;551135919;-0.38369155;0.66858774;-9.704191
551184009;551183943;-0.27204;1.0661292;-9.443721
551236396;551236330;-0.45355445;1.1408978;-9.783421
551284417;551284349;0.07778232;1.0646648;-9.577682
551332439;551332372;0.15467928;1.1703422;-9.891045
551384831;551384763;0.04537506;1.3447559;-9.677078
551437241;551437155;0.036729943;1.1323991;-9.712742
551485245;551485179;0.28529167;0.38096023;-9.649274
551537635;551537567;0.3418776;-0.12341991;-9.095854
551585667;551585591;0.2629802;-1.0242687;-9.295412
551633687;551633618;-0.028624428;-0.8794063;-9.848154
551681732;551681642;-0.16544445;-1.4962882;-9.853633
551734118;551734032;-0.6047747;-0.8492416;-10.099011
551786490;551786421;-0.6964886;-1.0923645;-9.742895
551834522;551834438;-1.0592673;-0.21041438;-10.276493
551886895;551886830;-0.26187727;-1.4704906;-10.02289
551934921;551934855;-0.30125687;-0.83418983;-9.729492
551982942;551982876;-0.02061923;-0.9621021;-9.70448
552031447;552031381;0.21272632;-1.7154682;-9.33828
552088209;552088138;0.029173018;-2.4902325;-9.457514
552136225;552136160;0.106483735;-3.6634464;-9.083835
552184247;552184180;-0.11416197;-3.2126138;-9.112184
552236630;552236563;-0.47248164;-2.981466;-9.472867
552284659;552284583;-0.52318;-2.9641058;-9.552209
552332673;552332606;-0.7416446;-2.025445;-9.644926
552385062;552384996;-0.34948754;-1.7123587;-9.557041
552437449;552437383;-0.36100984;-1.6446806;-10.113663
552485478;552485404;-0.22419314;-2.190335;-9.336403
552533495;552533426;0.02850616;-1.8746219;-9.862549
552585878;552585812;0.31124142;-2.1606123;-9.684055
552633902;552633836;0.47698522;-2.6826513;-9.113578
552686290;552686223;0.60089785;-3.3958058;-8.925908
552734307;552734240;0.4259996;-3.4115882;-9.566377
552786717;552786628;-0.3866687;-2.7601485;-9.067142
552834724;552834656;-0.7681981;-0.61955553;-9.465912
552882751;552882680;-1.1091908;2.770192;-9.889167
552935142;552935068;-2.3031025;3.0642543;-10.172465
552987525;552987451;-0.85022753;4.5544534;-9.798719
553035538;553035471;-0.8583499;3.6517086;-8.768096
553083565;553083491;0.004521893;2.5901077;-9.118811
553136908;553136842;0.8535082;1.5880427;-9.518223
553184942;553184859;0.8564977;0.4177876;-9.287342
553232960;553232878;0.630307;-0.61928546;-8.906766
553285328;553285261;-0.2997206;-0.77126056;-9.474249
553337715;553337647;-1.1029332;-0.6905801;-10.139657
553385735;553385668;-1.4129118;-0.10132956;-10.108045
553433757;553433686;-1.647485;0.27205372;-10.324201
553486138;553486072;-1.7276267;1.323337;-10.447606
553534157;553534092;-0.8041264;1.5127214;-9.688906
553582190;553582113;0.3617053;1.8931664;-8.828781
553634569;553634502;1.119799;1.9638819;-9.021518
553686959;553686893;1.856889;1.0776787;-9.204675
553734986;553734916;1.4003117;1.2152296;-9.874949
553783009;553782943;0.7878566;1.2967886;-10.05535
553835404;553835335;0.020640913;1.0916412;-10.111144
553883424;553883354;-0.31078157;1.0833918;-9.119428
553935814;553935742;-0.8978573;0.27093047;-9.866501
553988194;553988129;-1.4422637;-0.34472573;-9.756512
554036220;554036152;-1.5873945;-0.5808957;-10.197762
554084247;554084171;-1.2579863;-0.8552537;-9.993764
554132261;554132193;-1.14181;-0.86813617;-9.856996
554184649;554184583;-0.6714481;0.06670308;-9.911088
554237041;554236972;-0.6940511;1.1361561;-9.518522
554285548;554285481;0.19622728;2.8861167;-8.952743
554337947;554337873;-0.0018048194;2.9608145;-9.578045
554385968;554385900;0.32589245;2.582876;-9.957333
554433994;554433927;0.8990381;2.1525102;-9.406999
554482021;554481955;0.8660778;0.96270263;-8.8741865
554534414;554534346;1.0089989;0.14808647;-9.592333
554586799;554586734;0.3275392;0.15633291;-9.86498
554634824;554634759;-0.70765233;0.40054142;-10.035008
554687217;554687151;-0.9506077;0.4721342;-9.832604
554735246;554735180;-1.4053793;0.73254246;-10.076772
554783275;554783208;-1.6589884;0.37725002;-10.208031
554835664;554835598;-1.188482;0.8305358;-9.746669
554888057;554887989;-0.9759335;0.28227738;-9.860017
554936088;554936017;-0.44590896;0.56674147;-9.443364
554984111;554984043;-0.29973745;0.8991449;-9.595363
555036533;555036435;0.6641294;1.820515;-9.793635
555084537;555084466;0.52377546;1.7906703;-9.262208
555132558;555132492;0.8848533;1.6943707;-9.613976
555184954;555184886;0.75727004;1.5152378;-9.519323
555237346;555237279;0.88579506;0.6657659;-9.598171
555285427;555285309;0.6841135;0.17530964;-9.390788
555333406;555333339;-0.07654081;0.20225938;-9.991739
555385800;555385732;-1.1865447;-0.35096717;-9.753328
555434430;555434245;-1.4281757;-0.48229414;-10.08964
555486701;555486632;-2.0198352;-0.03823393;-10.445957
555534735;555534651;-1.8861384;-0.07147279;-10.196789
555587110;555587034;-1.4346431;-0.26443925;-10.410088
555635113;555635045;-0.7053668;-0.041703302;-9.674772
555683128;555683060;-0.330123;1.3323568;-9.912441
555735523;555735442;0.6160189;2.9457886;-9.3641
555783530;555783461;1.1335833;2.6387718;-9.622345
555835910;555835844;0.98671556;2.101225;-9.820819
555883932;555883865;0.6649347;1.4228894;-9.812559
555936320;555936255;0.26319435;1.1553046;-9.457276
555984343;555984277;-0.20113535;0.9401399;-9.732823
556032379;556032301;-0.7742906;0.74260813;-9.715138
556084757;556084691;-1.361791;-0.16065688;-9.843228
556137151;556137083;-1.5328314;-0.13173908;-9.869747
556185168;556185103;-1.4614762;-0.60607094;-10.156874
556233195;556233129;-1.0814294;-0.6474357;-9.996878
556285589;556285520;-1.2462889;-0.21008958;-10.259364
556333607;556333541;-0.67670876;0.6673455;-9.816942
556386009;556385930;-0.04563446;2.2706368;-9.412341
556438388;556438323;0.7961529;2.432934;-9.434739
556486484;556486348;0.91423434;1.7026848;-9.101319
556534437;556534371;0.89291286;1.0822003;-9.566598
556582983;556582884;0.89761066;0.7109244;-8.876043
556635345;556635279;0.09946126;-0.5786634;-9.159558
556683382;556683305;-1.1218394;-0.96767145;-8.818607
556735769;556735700;-2.1584332;-0.12982734;-9.514527
556788164;556788090;-2.5598507;4.358673;-8.359806
556836185;556836116;-2.4483948;10.424252;-12.142788
556884206;556884138;-0.70432836;4.361425;-12.63566
556932230;556932162;1.0298955;-0.7089019;-8.618747
556984616;556984549;1.298452;1.78743;-7.7477984
557037000;557036934;0.90428567;2.1639214;-8.797345
557085044;557084959;-0.36232203;13.994273;-5.790193
557137417;557137351;-0.8777501;2.7022054;-8.079384
557185444;557185378;-0.66964054;2.2357147;-9.794106
557233482;557233405;-0.44979542;2.2722924;-8.712562
557281498;557281429;-0.65014935;1.0371368;-9.916779
557333885;557333819;-0.4369858;1.4298613;-9.695323
557386281;557386214;0.12404364;0.12550175;-9.766748
557434309;557434243;-0.23711199;0.15836628;-9.909425
557486708;557486639;-0.37702784;0.6555653;-9.997115
557534738;557534669;-0.363813;0.58473104;-9.641859
557582767;557582698;-0.005786923;0.8645617;-10.056607
557635165;557635091;-0.3324928;0.8459866;-9.585864
557687560;557687484;-0.27645203;0.83148813;-10.187977
557736113;557735998;0.1568939;1.9322385;-9.400001
557784107;557784026;-0.10712188;2.439351;-9.57605
557832224;557832053;-0.4886597;2.8242545;-9.948703
557884530;557884443;0.0043557966;2.3893788;-10.050064
557932550;557932469;0.025894344;2.2950685;-9.160416
557984935;557984866;0.1679523;1.326105;-9.905539
558037324;558037259;0.39611733;1.1932919;-9.466085
558085351;558085286;-0.37454712;0.87022704;-9.708321
558133379;558133312;-0.66466045;1.0811865;-9.835823
558185775;558185706;-0.5758613;0.8354868;-9.738433
558233800;558233732;-0.69391507;1.16329;-9.524126
558286201;558286121;-1.145338;1.5805851;-10.2940645
558334208;558334143;-0.3704996;1.8488228;-9.584086
558386603;558386533;-0.09001325;2.2313092;-9.270926
558434641;558434556;-0.03014386;1.7005574;-9.68068
558482647;558482577;0.18316084;1.4344761;-9.682762
558535028;558534963;-0.3742917;1.8041846;-9.923866
558587420;558587349;-0.14698029;1.7344964;-10.042276
558635439;558635370;-0.14229769;1.2537621;-9.07171
558683455;558683387;-0.42766106;0.961974;-9.788376
558735840;558735771;-0.48615927;1.4405379;-9.894894
558783862;558783793;-0.38707742;1.0581558;-9.780865
558831884;558831813;-0.45549467;1.491825;-9.728148
558884759;558884684;-0.1804663;1.1661978;-9.774908
558937135;558937069;-0.3111469;1.3078344;-9.709712
558985168;558985092;-0.09333717;1.6975448;-10.210169
559033194;559033114;-0.097769745;1.3420506;-9.468667
559085570;559085503;-0.28784022;1.5694792;-9.837644
559133596;559133529;-0.26919752;1.365432;-9.991848
559185988;559185920;-0.38161182;1.3941364;-9.926879
559238375;559238308;-0.19110931;1.046914;-9.866191
559286402;559286336;-0.4549208;1.1384735;-9.743805
559334428;559334359;-0.3647222;1.4874254;-10.072592
559382446;559382378;-0.17730984;1.4672532;-9.106929
559434832;559434764;-0.3745887;1.6513877;-9.958889
559487258;559487151;-0.1478455;1.472196;-9.837135
559535243;559535177;-0.349207;1.7672426;-9.517249
559587639;559587568;-0.08035185;1.9089597;-9.763218
559635696;559635593;-0.2506832;1.9187993;-9.76159
559683682;559683615;-0.29632166;1.5083369;-9.86287
559731705;559731639;-0.19605197;1.1947109;-10.080002
559784121;559784029;-0.06085665;0.38678944;-9.448395
559836485;559836417;-0.1384976;0.29247564;-10.107465
559884505;559884439;-0.7059679;-0.018969467;-9.6952095
559936899;559936829;-0.7985034;0.08767321;-9.831981
559984924;559984851;-0.6332044;0.4519512;-9.971731
560033444;560033357;-0.05975185;0.11146073;-9.875741
560081543;560081376;0.085540324;0.4779238;-9.84535
560138197;560138126;0.40751687;-0.002498262;-8.9878235
560186216;560186151;-0.0831607;0.29101938;-9.537153
560234252;560234175;0.073808305;-0.0030267118;-9.356717
560286629;560286564;0.17956412;-0.45438653;-9.583459
560334649;560334583;-0.73782974;-0.6700677;-9.423438
560382675;560382602;-0.18479663;-1.3848221;-9.9479475
560435055;560434988;0.071469195;-1.2514249;-9.813012
560487446;560487375;-0.9002926;-1.2037654;-10.281372
560535463;560535397;-0.8268666;-1.5095404;-10.042434
560583486;560583418;-0.41345334;-1.1878631;-9.547227
560631510;560631444;-0.20581119;-1.3380647;-9.614761
560683903;560683834;-0.18992765;-0.79505277;-9.5802355
560736291;560736225;-0.11018412;-0.8096235;-10.24991
560784320;560784251;0.285466;-0.7958524;-9.642698
560836732;560836639;0.3144763;-0.7242867;-9.53268
560884727;560884660;0.013951861;-1.0771037;-10.08279
560932758;560932685;-0.2095404;-1.0389845;-10.050005
560985164;560985075;0.102261215;-1.0197668;-9.555938
561037530;561037464;-0.08743545;-1.2918136;-9.578846
561085555;561085487;-0.3997288;-1.554549;-9.767613
561133594;561133503;-0.4429318;-1.74299;-9.902571
561186438;561186369;-0.6504414;-1.4396325;-9.819983
561234457;561234389;-0.41571394;-1.2435735;-9.4762745
561282480;561282411;-0.40211767;-1.0563356;-9.699015
561334870;561334802;-0.80449814;-0.6105218;-9.721681
561387259;561387190;-0.8547788;-0.47831726;-9.885292
561435287;561435211;-0.9966703;0.41088724;-9.7347765
561483323;561483234;-0.94445986;1.2036602;-9.67142
561535695;561535626;-0.6593869;1.4302484;-9.867583
561583726;561583652;-0.07543759;0.8982419;-9.493401
561636110;561636042;0.55016994;1.1996042;-9.739271
561688496;561688429;0.24254453;1.8012878;-10.009199
561736518;561736452;0.3690105;1.0535657;-10.17979
561784542;561784474;0.5614957;0.45657644;-9.251196
561832568;561832498;-0.2568224;0.61524826;-10.013239
561884961;561884892;-0.58195925;0.8887595;-9.968022
561932985;561932915;-1.3226048;0.51536316;-10.050237
561985374;561985307;-1.3901682;0.6681892;-10.121671
562037792;562037697;-1.197932;-0.13467635;-9.843004
562085788;562085719;-1.2302225;-0.4946946;-10.80604
562133808;562133740;-0.25677165;-0.6875147;-9.778011
562181831;562181763;0.41405395;-0.83291894;-9.398444
562234218;562234152;1.3563733;0.3381626;-9.414676
562286609;562286539;1.222256;2.2468882;-9.30992
562335116;562335049;2.8853567;1.8946638;-9.383661
562387505;562387437;2.2121413;1.9779805;-9.176651
562435531;562435462;2.1395178;0.3762952;-9.898572
562483555;562483486;2.2585177;0.2737093;-8.855006
562531578;562531512;1.6209115;-0.5102231;-9.221478
562583972;562583903;1.0704447;-0.7647792;-9.596215
562636455;562636296;1.1202432;-0.65873015;-9.824115
562684392;562684324;0.9764393;-0.80588895;-9.678547
562736783;562736715;0.35918337;-0.6077332;-9.477548
562784889;562784737;-0.11684964;0.10304046;-10.517742
562832829;562832761;0.47898284;-0.19353011;-10.237601
562885218;562885152;1.1352078;0.5768364;-9.704154
562937616;562937543;1.9505471;1.4700786;-9.232533
562985642;562985574;1.9453081;1.4380728;-9.630571
563033667;563033597;2.1464431;0.66088;-9.3804035
563086057;563085992;2.400201;0.7814652;-9.36786
563134089;563134022;2.128735;0.109618165;-9.287575
563186491;563186421;1.7638224;0.064914525;-9.303695
563234516;563234448;1.1144936;0.2106015;-9.571442
563286904;563286836;0.4224304;0.02280188;-10.1926
563334928;563334860;0.20187016;-0.12662072;-10.4394865
563382950;563382882;0.10224187;-0.4810551;-10.259754
563435820;563435750;0.84166694;-0.76098496;-9.518586
563483833;563483768;1.0544025;-1.1352466;-9.295266
563536219;563536151;1.2484664;-0.5105362;-9.433903
563584238;563584168;0.21719757;0.91900146;-9.751353
563636620;563636552;-0.44896677;1.4748818;-9.719425
563684637;563684570;-1.495954;1.1456498;-10.306241
563732654;563732586;-1.0123669;0.6603015;-9.951879
563785040;563784971;-1.1839942;0.010779469;-9.9037485
563837508;563837357;-0.9047768;-0.8723489;-9.892252
563885444;563885378;-1.2333366;-1.5248157;-9.70351
563933461;563933393;-1.733442;-1.1062973;-9.644632
563985938;563985780;-1.4483125;-0.9683649;-10.111806
564033871;564033803;-0.95613724;0.05316012;-9.334304
564086261;564086194;-1.5028449;0.19047156;-10.024892
564138654;564138582;-0.85723186;1.4793233;-9.947296
564186675;564186605;-0.70060056;1.4666777;-9.544509
564234697;564234628;-0.2159244;0.8136137;-9.8123
564282796;564282653;0.120127134;0.7420291;-9.280047
564335109;564335043;-0.10759673;-0.053171348;-9.596974
564383133;564383067;-0.3392788;0.42269677;-9.423945
564435527;564435456;-0.80270475;-0.34126398;-10.260291
564487911;564487843;-1.0187129;-0.290466;-10.111543
564535933;564535863;-1.151435;-0.6260051;-9.804876
564584924;564584857;-1.3733015;-0.6365486;-9.585071
564632948;564632879;-0.836334;-0.74695945;-9.588049
564685343;564685271;-0.6171292;-0.6703308;-9.683822
564733360;564733294;-0.09438476;-0.39338958;-9.499575
564785745;564785680;-0.15934536;0.027422277;-9.752302
564838202;564838068;0.16908967;-0.09166222;-9.691878
564886158;564886090;0.74225444;0.9406229;-9.787626
564934175;564934110;0.96438783;0.8237944;-9.508849
564982199;564982130;0.98480725;0.89339733;-9.7297535
565034603;565034518;0.5856754;1.3799969;-9.718099
565087026;565086907;0.42438385;0.50256807;-9.675907
565135114;565134926;0.5087133;0.154454;-9.914586
565187394;565187312;0.5586073;-0.4713399;-9.72078
565235469;565235336;0.7222132;-0.71236044;-9.599027
565283584;565283356;0.5291804;-1.2345302;-9.567721
565331463;565331379;0.5795475;-0.8785632;-9.457623
565388208;565388135;0.28040746;-0.113262236;-9.847726
565436232;565436163;0.3919453;0.37243813;-10.250756
565484270;565484189;0.6872629;0.63695914;-9.893725
565536645;565536579;0.47824103;0.32219085;-10.431722
565584673;565584606;1.2817205;0.13146515;-9.922387
565632715;565632632;2.5165496;0.5308804;-9.296331
565685094;565685025;3.8282287;0.60481733;-8.596874
565737967;565737902;3.754259;0.56643766;-8.985475
565785996;565785930;4.6175647;0.64874965;-8.495062
565834090;565833955;4.577538;-0.14063469;-8.4894
565886412;565886347;4.626565;0.0880637;-8.787256
565934485;565934378;4.981525;0.7862684;-8.496369
565982491;565982406;4.7754865;0.07461821;-9.000467
566034866;566034799;4.3558173;-0.23923546;-8.355371
566087265;566087192;3.6673863;-0.50343883;-8.536496
566135283;566135218;2.6823463;-0.4355521;-9.356095
566183310;566183245;2.3508344;-0.7598447;-9.330681
566235723;566235642;1.2418456;-1.7097678;-9.04276
566283736;566283668;-0.43099833;-0.75334096;-9.964066
566336196;566336063;-1.9972537;-0.26543158;-9.949282
566384153;566384088;-4.334056;0.023127502;-10.496224
566436628;566436481;-3.1154995;-0.25571895;-10.410285
566484634;566484509;-4.342589;-0.07817409;-10.246419
566532633;566532537;-3.7030768;-0.6436276;-9.683919
566585064;566584931;-2.5450068;-1.0219148;-9.13455
566637408;566637323;-2.52829;-0.86811;-9.664272
566685413;566685349;-1.8898382;-0.19719271;-9.368583
566733484;566733378;-2.0714011;0.60038626;-9.648393
566785861;566785773;-2.244447;0.85415775;-9.2974
566833881;566833799;-2.2668912;1.2675074;-9.183037
566882373;566882307;-3.0655613;1.2195137;-10.131141
566934760;566934695;-2.6053894;0.8018221;-9.755502
566987153;566987081;-3.0742095;0.12361653;-9.66188
567035170;567035105;-2.954651;-0.5856927;-9.3870325
567083196;567083130;-2.8739874;-1.017622;-9.463821
567135586;567135520;-2.347236;-1.205779;-9.191358
567183689;567183544;-3.1619952;-1.1498624;-9.838589
567236001;567235936;-3.4556365;0.02450293;-9.881924
567288406;567288331;-3.3534846;-0.70254546;-9.699893
567336421;567336355;-2.8093858;-0.53661436;-10.162039
567384447;567384381;-1.4946582;-0.46804053;-9.270023
567432479;567432409;-0.3268911;0.016563727;-9.049323
567484869;567484801;0.34265804;0.21879126;-9.736982
567537302;567537194;1.4797463;1.1750824;-9.472959
567585425;567585223;1.5548303;0.86787474;-9.228554
567637688;567637611;1.4622936;1.109984;-9.896519
567685735;567685637;0.47902298;0.8128005;-9.407246
567733850;567733659;0.14809413;-0.11650695;-9.661976
567781750;567781685;-0.39746106;-0.93992764;-9.570113
567834206;567834081;-1.3552544;-1.4742761;-9.577277
567886563;567886473;-2.4346676;-1.3840206;-9.51908
567934658;567934499;-3.066175;-1.2290409;-10.300067
567986963;567986888;-3.21304;-0.4332246;-10.166269
568035476;568035398;-2.324221;-1.1316264;-9.497172
568083497;568083428;-1.1894027;-0.68507546;-9.209254
568131525;568131454;-0.5768074;0.45234752;-9.575355
568183921;568183847;-0.48169598;1.1405501;-9.520394
568236309;568236240;-1.1642458;1.9726927;-10.374163
568284339;568284269;-1.12165;1.4319623;-10.019098
568336745;568336663;-0.4036346;0.42376682;-8.917259
568384753;568384688;-0.34636164;0.15433346;-9.426403
568432785;568432716;-0.7019857;-0.7587235;-8.976241
568485173;568485106;-2.5176828;-0.77707034;-9.87938
568537565;568537500;-4.343977;-0.2514555;-10.955686
568585593;568585528;-3.45779;-0.8015506;-10.822766
568633639;568633556;-2.082893;-0.9467868;-9.782664
568686015;568685948;-0.69353384;-0.49266705;-9.173714
568734044;568733977;-0.5124363;-0.41881922;-9.018934
568786541;568786369;-1.7183942;1.2907773;-9.479176
568834458;568834393;-3.1606183;1.8419538;-9.889868
568886897;568886785;-2.5109563;1.6596854;-10.121534
568934957;568934815;-1.8442482;0.22189447;-9.6349945
568982909;568982843;-0.80982256;-0.76262486;-8.985291
569035351;569035234;-0.06227994;-1.837009;-9.137548
569087718;569087631;-0.8850822;-1.0301682;-8.403988
569135821;569135666;-2.8457553;0.5407927;-10.2190695
569184242;569184177;-4.82694;0.6423548;-10.577313
569236663;569236573;-3.0130427;0.92986137;-9.986004
569284664;569284599;-2.294044;0.46473044;-9.836657
569332696;569332627;-1.508016;0.086460076;-9.996215
569385093;569385015;-0.22762349;-1.2990932;-9.217673
569437466;569437401;0.51748586;-2.106813;-9.850731
569485492;569485424;0.06626614;-0.2476256;-9.059484
569533542;569533448;-0.99273133;2.0875864;-8.3410015
569585914;569585838;-2.075355;5.075785;-8.098815
569633932;569633864;-1.7660788;15.309613;-7.6312013
569686337;569686256;-0.84748155;4.283454;-8.074351
569738724;569738645;-0.5178687;2.0246863;-8.118435
569786752;569786672;0.3330214;0.20567532;-7.854831
569834762;569834696;-0.011170005;-2.375743;-9.0447855
569882858;569882721;-0.85321045;-1.550217;-9.5446
569935175;569935109;-0.97726905;-1.6565835;-9.763912
569983200;569983133;-2.3206294;-0.69859326;-10.130791
570035595;570035520;-2.9722178;0.6132196;-10.696248
570083608;570083538;-2.2784414;1.575762;-10.097949
570136020;570135926;-1.4730475;1.5296218;-9.600982
570184021;570183948;-0.07129151;0.5259718;-8.894584
570232032;570231967;0.40584964;-1.8213811;-9.440876
570284504;570284356;1.1663406;-2.705145;-8.618356
570332932;570332861;0.35982;-2.5494735;-9.2024555
570385313;570385247;-0.39024565;-0.9026274;-9.369513
570437717;570437636;-1.7036622;-0.41738325;-10.146145
570485728;570485660;-1.2764518;-1.6640592;-9.691076
570533748;570533680;-1.4448029;-2.6488008;-9.591538
570581771;570581703;-0.7902993;-3.02263;-9.261752
570634154;570634089;-0.9645104;-2.534784;-9.667287
570686542;570686475;-0.9412832;-1.3957187;-9.499664
570734580;570734497;-0.77075356;-0.21381907;-9.429039
570786949;570786884;-1.2645628;0.30875412;-10.030202
570834971;570834906;-1.6358289;1.7282463;-10.437948
570883025;570882927;-0.7885483;4.363684;-9.454833
570935377;570935312;-0.6721026;4.9999285;-9.693749
570987768;570987699;-1.3259326;4.19853;-9.484876
571035792;571035710;-0.9935031;2.7662838;-9.405928
571083792;571083727;-0.28869346;0.732314;-8.535376
571136215;571136109;-0.09216754;-0.9563538;-9.397497
571184234;571184130;-0.38792711;-2.8428826;-9.280375
571236596;571236513;-1.3597691;-2.5352786;-9.766983
571284656;571284532;-2.2508223;-2.0738592;-10.478782
571337001;571336914;-2.3079426;-1.1433632;-10.375495
571385009;571384930;-2.257674;0.13703725;-10.484741
571433028;571432945;-1.6253306;1.5311224;-9.238647
571485884;571485809;-0.5493162;1.5628182;-10.444006
571533892;571533827;-0.07051258;1.7786313;-9.392361
571586279;571586210;0.9400518;1.3197454;-9.058438
571634296;571634231;0.83640456;0.7682953;-9.702878
571686679;571686613;0.2884037;-0.27120203;-9.992287
571734695;571734630;0.028289864;-0.21066232;-9.377705
571782715;571782649;-0.6392376;-0.11278453;-9.682262
571835103;571835037;-1.6149302;-0.5749479;-9.852008
571887503;571887422;-1.7043443;-0.35494965;-9.689941
571935531;571935438;-2.2149909;-0.6380003;-10.024404
571983525;571983454;-1.9721621;-0.5837749;-10.104913
572031539;572031473;-1.7027136;-0.5721492;-9.827074
572083978;572083855;-1.3058953;-0.5886756;-10.008466
572131936;572131871;-0.765869;-0.18260005;-9.740414
572188682;572188616;-0.09947441;0.25568444;-9.060178
572236698;572236632;-0.46351525;0.7418134;-9.585953
572284730;572284651;-0.31241402;0.8870533;-9.894349
572332754;572332671;-0.5590646;0.9428782;-9.6047
572385122;572385054;-0.38730052;0.93149865;-9.592599
572433138;572433071;-0.6947416;-0.08238209;-9.986747
572485527;572485454;-0.46082422;-0.78291976;-9.715163
572538006;572537842;-0.86415493;-1.4249218;-9.731361
572585935;572585866;-1.2145793;-0.9608041;-9.806648
572634486;572634371;-1.6534199;-0.94979167;-9.842576
572682456;572682389;-1.6805279;-0.10071629;-9.811881
572734838;572734770;-1.6308851;-0.65325075;-9.745262
572787220;572787153;-1.5208321;-0.19750474;-9.696754
572835244;572835172;-1.2787113;0.018767577;-10.091759
572887691;572887557;-0.63784456;0.07313553;-9.673571
572935679;572935576;-0.5806006;0.574907;-9.777146
572983700;572983592;-0.93436;0.21276648;-9.695206
573031675;573031609;-0.9358306;0.10444083;-9.915439
573084136;573083993;-0.7373345;-0.5869293;-9.435315
573136463;573136376;-0.8690003;-0.51551485;-9.703273
573184480;573184395;-1.1173813;-0.2947863;-9.952236
573236870;573236782;-1.0021124;-0.6981458;-9.934203
573284873;573284805;-0.87713474;-0.7480438;-10.020359
573332904;573332822;-0.6044546;-0.5545392;-9.283757
573385294;573385203;-1.0132008;-0.39412695;-9.978894
573437653;573437586;-1.3285046;-0.14611024;-9.95567
573485667;573485599;-0.83558804;0.20101637;-9.523101
573533728;573533615;-0.8360938;-0.12834233;-9.459197
573586060;573585995;-0.9950116;-0.28668737;-10.17137
573634077;573634011;-0.75923055;-0.54633397;-9.781583
573686464;573686394;-1.3655713;-0.16358195;-10.132162
573734964;573734899;-0.73077434;-0.117468;-9.276812
573787416;573787284;-0.98634183;-0.5048733;-9.396387
573835412;573835303;-0.7622042;-0.32608718;-9.533325
573883422;573883322;-1.189714;-0.38759536;-10.294516
573935783;573935704;-0.79877317;-0.226498;-9.338102
573983856;573983720;-1.1807635;-0.60422724;-10.182894
574036186;574036102;-1.2838265;-0.24372634;-9.834663
574084199;574084121;-1.1038319;-0.015069216;-9.823177
574136575;574136505;-0.98900956;-0.09086332;-9.768712
574184601;574184521;-1.2497264;-0.4655437;-9.713166
574232625;574232540;-0.7117739;-0.563115;-9.469379
574284997;574284928;-1.2295147;-0.25598994;-9.649601
574337383;574337317;-0.5403497;-0.63034964;-9.617677
574385403;574385337;-1.0408535;-0.29552156;-9.541155
574433427;574433356;-1.19109;-0.02228133;-9.970861
574485812;574485742;-1.5961814;0.50848377;-9.6788645
574533830;574533762;-2.1133556;0.14946276;-8.869059
574586221;574586148;-2.123727;-0.22985351;-9.729638
574634236;574634170;-2.3946874;-0.24575926;-9.70461
574686628;574686559;-2.1845205;-1.2074589;-9.806646
574734659;574734583;-1.9360524;-0.59785557;-9.392146
574782678;574782608;-2.123691;-0.20431353;-9.650352
574835066;574834995;-2.356482;0.083344355;-9.541337
574883584;574883501;-2.349619;0.7388165;-9.695478
574935974;574935887;-2.982804;0.67164314;-10.108835
574988343;574988273;-3.098348;-0.39480963;-10.259111
575036359;575036292;-2.0799532;-1.1530772;-10.058418
575084394;575084315;-2.0442593;-1.9264185;-9.9011135
575132508;575132337;0.43400362;-2.6838574;-9.400258
575184794;575184724;1.1314182;-1.3549949;-8.496276
575237176;575237110;2.4967887;0.6211914;-9.459352
575285203;575285136;1.5313445;0.92504114;-9.301134
575337596;575337525;1.585017;0.929767;-9.52901
575385614;575385546;0.783679;1.0582608;-9.835374
575433642;575433570;0.806806;0.20488694;-9.6801605
575481665;575481596;0.76671016;-1.102856;-9.4300165
575534052;575533986;0.6613205;-1.850017;-9.389281
575586442;575586377;-0.22171688;-1.096818;-9.930507
575634466;575634400;-0.31176463;-1.2345307;-9.592422
575686862;575686793;0.34950238;-0.75741565;-9.908477
575734884;575734816;0.86898786;-0.32361993;-9.89459
575782902;575782837;1.185502;0.06406228;-9.374723
575835291;575835224;1.021944;-0.156222;-9.454232
575887682;575887616;1.0387626;-0.20808981;-9.819117
575935717;575935640;1.0076643;0.049381983;-9.914537
575983743;575983665;0.8766564;-0.26734468;-9.574793
576037104;576037026;0.5289374;-0.7887452;-9.697793
576085116;576085050;0.7461207;-0.73646504;-9.499527
576133143;576133076;0.91632605;-1.451391;-9.064795
576185545;576185469;1.0543624;-1.810603;-9.63953
576237931;576237862;-1.1245034;-0.80066514;-7.8553543
576285959;576285890;-1.1377901;1.6944724;-9.091923
576333992;576333918;-3.4310844;4.4760256;-10.396675
576386390;576386311;-2.3239896;4.471748;-9.923917
576434402;576434335;-0.86573064;4.174943;-9.470129
576482438;576482360;-0.31549618;3.3308604;-8.686409
576534813;576534748;0.102504194;2.8324;-8.964082
576587204;576587136;-0.17913467;2.891703;-8.878219
576635224;576635159;-0.7004195;2.539503;-9.308076
576683246;576683181;-1.5208908;2.7228847;-9.812157
576735632;576735566;-1.8598374;2.1345477;-9.696201
576783646;576783582;-1.6494612;1.687104;-9.30493
576836028;576835963;-1.3732783;1.8018775;-9.6126585
576884049;576883982;-1.2557166;1.3229398;-9.739411
576936571;576936369;-0.8900228;0.35793597;-9.5407
576984463;576984389;-0.8903837;-0.7170721;-9.777786
577032490;577032404;-1.3993278;-0.98432773;-10.301228
577084926;577084790;-1.444194;-1.8599713;-9.786727
577137241;577137174;-1.6772859;-1.396354;-9.890186
577185750;577185684;-1.6336511;-0.8150723;-9.763359
577233770;577233705;-0.8280144;-0.15900603;-9.518848
577286154;577286089;-1.141346;-0.41298258;-9.467733
577334175;577334109;-0.88694584;-1.4641306;-9.527194
577382195;577382130;-0.73214626;-2.142679;-9.42077
577434583;577434518;-0.8355898;-3.263221;-9.460748
577486973;577486905;-0.6494823;-3.46783;-8.76456
577535004;577534927;-1.1991367;-4.076594;-8.914939
577583014;577582949;-0.3767457;-3.870163;-9.109652
577635409;577635342;-0.4707128;-3.3678582;-9.405234
577683445;577683363;-0.42856124;-3.3680778;-8.870586
577735815;577735749;-0.6829097;-2.938186;-8.988977
577788219;577788141;-0.8560399;-3.2190604;-9.3116
577836227;577836162;-0.8862266;-3.147471;-8.955709
577884249;577884183;-0.9207304;-2.859744;-9.7185955
577932324;577932204;-0.7815853;-2.0540245;-8.9393425
577984696;577984590;-1.1694189;-0.7909042;-10.042019
578037069;578036977;-1.0009538;-0.48134148;-10.189622
578085134;578085002;-1.4053042;-0.9650092;-10.807539
578137561;578137392;-1.0534234;0.25487617;-9.70929
578185598;578185418;-0.9799549;0.6280835;-9.9213705
578233583;578233440;-1.1560167;1.3952028;-9.815323
578281550;578281463;-1.5703502;1.6263167;-9.718472
578334403;578334338;-0.7274343;0.97199255;-9.52271
578386789;578386722;-1.231495;0.62277704;-9.921336
578434808;578434743;-1.5758288;0.21483795;-9.802905
578487195;578487129;-1.241887;0.20907868;-9.613609
578535231;578535151;-1.130336;1.3685108;-9.5880375
578583254;578583171;-1.1955868;1.869796;-9.336187
578635636;578635557;-1.3269517;1.5765284;-10.088255
578688053;578687943;-1.3560572;1.9228431;-10.182366
578736031;578735965;-0.9993631;2.436054;-9.887649
578784052;578783987;-0.80444294;2.0546029;-9.195288
578836500;578836377;-1.0992419;1.414518;-9.637431
578884468;578884402;-1.1903901;1.2311451;-9.91877
578932489;578932422;-1.3093078;1.5036886;-9.260013
578984929;578984807;-1.3776532;1.3742573;-9.455711
579037285;579037191;-1.2112391;1.9328119;-9.596278
579085328;579085213;-1.4239509;2.552536;-9.660781
579133370;579133230;-1.3625096;3.8127155;-9.085828
579185697;579185613;-1.4515572;3.8726864;-8.745331
579233769;579233631;-1.0270288;4.1957283;-9.12258
579286105;579286019;-0.80236477;4.229562;-8.645163
579334108;579334042;-1.1943091;4.4115214;-9.410345
579386500;579386431;-1.2774541;4.2270994;-9.0306635
579434525;579434452;-1.5274996;3.7687132;-9.330896
579483032;579482965;-1.2707624;3.6324127;-9.095698
579535431;579535358;-1.3133911;3.9669552;-9.331248
579583512;579583385;-1.3766842;4.977537;-9.458218
579635852;579635780;-1.5074029;4.2728906;-9.248498
579683872;579683803;-0.30737656;2.377401;-8.508236
579736262;579736194;-0.24829431;0.38880786;-8.539124
579784278;579784213;-1.2015887;-1.8493273;-10.258779
579832299;579832233;-1.3837527;-2.8228943;-9.936382
579884693;579884620;-0.6404926;-2.4654927;-9.30016
579937068;579937004;-1.8097775;-1.6568345;-9.364783
579985093;579985028;-2.6708443;-1.6098671;-9.851793
580033122;580033055;-1.4775369;-0.6756546;-9.056391
580085544;580085437;-1.758071;-0.43668523;-9.673143
580133525;580133454;-0.8290985;-0.16745052;-9.671527
580185975;580185839;-1.1758708;-0.8047759;-9.995339
580238295;580238227;-0.37683618;-1.2118334;-9.241221
580286314;580286248;-0.87614;-1.725187;-9.584238
580334349;580334268;-1.3161975;-1.6933157;-9.498665
580382467;580382287;-1.4531736;-1.454374;-9.585753
580434763;580434674;-1.5657127;-1.5062506;-9.796706
580487125;580487060;-1.721042;-1.0071793;-9.781605
580535152;580535084;-1.0005771;-1.0793976;-9.307563
580587541;580587473;-0.9629343;-1.3055199;-9.650765
580636115;580635984;-0.9454239;-0.6157782;-9.371978
580684071;580684006;-1.5442487;-1.2476361;-10.04123
580732097;580732028;-0.937794;-1.1100518;-9.449012
580784548;580784414;-1.2634618;-1.6713175;-9.669486
580836865;580836799;-1.3604449;-1.547588;-10.036356
580884884;580884818;-1.389353;-1.3155553;-10.019644
580937273;580937208;-1.451013;-1.13205;-9.896178
580985299;580985233;-1.4196092;-1.5045694;-10.0353
581033321;581033255;-0.8753479;-1.1909891;-9.6936455
581085722;581085642;-0.9833845;-1.8814051;-9.740655
581138199;581138029;-1.4173117;-1.841476;-9.814744
581186129;581186047;-1.1730196;-1.4298319;-9.390907
581234175;581234063;-1.2031873;-1.057866;-9.917087
581286528;581286445;-1.0404027;-1.0934644;-9.358749
581334549;581334464;-1.2631025;-1.266638;-10.315781
581382637;581382481;-1.036119;-0.6646261;-9.579968
581434931;581434866;-1.6085552;-1.3130342;-10.037743
581487317;581487251;-1.669559;-1.3958281;-10.138944
581535354;581535273;-1.1278555;-1.8121746;-9.514028
581583364;581583295;-1.0013915;-1.0899874;-9.636645
581635751;581635685;-1.3105919;-1.4398068;-9.766384
581683783;581683711;-1.2286742;-1.0507543;-9.731273
581736170;581736101;-1.1168051;-1.6289235;-9.715747
581784689;581784610;-0.774709;-1.5465446;-9.454748
581837174;581837001;-1.169982;-1.4424145;-9.630057
581885089;581885024;-1.3162332;0.10818745;-9.4920225
581933113;581933047;-1.1827353;-0.17441677;-9.704501
581985593;581985433;-0.987043;-0.5201189;-10.033023
582033529;582033461;-0.77751267;-0.73488754;-9.24355
582085951;582085856;-1.4724318;-1.4744592;-10.153483
582134040;582133882;-0.9561461;-1.7723362;-9.381862
582186336;582186272;-1.6070219;-2.108631;-10.101027
582234375;582234295;-1.0970211;-1.4955871;-9.277628
582282478;582282319;-1.2950218;-1.2301571;-9.407447
582334840;582334710;-1.0949612;-1.5253634;-9.046626
582387186;582387102;-1.4372095;-2.1551938;-9.463423
582435210;582435126;-1.8315051;-1.6023765;-9.991594
582483231;582483151;-2.0276718;0.90817684;-10.354906
582535609;582535541;-1.6992862;2.5818946;-10.324768
582583647;582583566;-1.1457045;1.3810558;-9.684463
582636024;582635955;0.008429306;-0.019863814;-9.1708555
582688402;582688337;-0.4219516;-1.4324936;-9.178042
582736420;582736355;-1.0800118;-2.1880803;-9.9155245
582784439;582784373;-1.4613612;-2.8303633;-10.23246
582832462;582832394;-1.5965725;-2.165579;-9.373029
582884848;582884782;-1.6145532;-1.7075815;-9.957135
582933353;582933287;-1.104888;-1.4965183;-8.957903
582985740;582985671;-0.9936801;-1.3106521;-9.741547
583038278;583038058;-0.8772139;-0.69399947;-9.761122
583086142;583086076;-1.2082423;-1.2196347;-10.183429
583134168;583134102;-0.81170106;-1.1289358;-9.478079
583182221;583182130;-0.70389897;-1.306964;-9.001877
583234587;583234522;-1.1966811;-1.4951595;-9.552406
583287057;583286916;-0.91081595;-1.2551852;-9.387585
583335141;583334939;-1.2015798;-1.3401781;-9.9635105
583387403;583387323;-1.4044336;-1.2786012;-10.279363
583435422;583435344;-0.93406874;-1.8198948;-9.610341
583483618;583483362;-1.1492064;-2.1155446;-9.80388
583531490;583531386;-0.82355416;-2.7590945;-9.665505
583588216;583588147;-0.82143414;-1.9341637;-9.010832
583636231;583636164;-2.2851381;0.19171673;-9.543043
583684282;583684184;-1.9727507;1.5957108;-10.139293
583736634;583736567;-1.0938289;3.447843;-9.504379
583784656;583784589;-0.6273338;2.0780013;-9.447183
583832679;583832611;0.7221749;-0.103181414;-7.869131
583885066;583884995;0.4458354;-3.3124654;-9.507958
583937477;583937378;-0.22886014;-6.1455626;-8.720053
583985467;583985397;-0.20155725;-6.432637;-8.266687
584034448;584034383;-1.6392794;-6.3593736;-8.912796
584086838;584086770;-2.0417812;-3.9304054;-7.651381
584134858;584134789;-1.2505409;-1.3508708;-8.652303
584182878;584182809;-1.3023611;1.3078674;-9.20122
584235261;584235195;-1.1126401;1.5598081;-9.455497
584287653;584287583;-1.0544279;1.1913326;-10.092342
584335741;584335604;-1.5483133;-1.0449111;-9.517864
584383690;584383622;-1.9651107;-2.9305427;-9.688064
584436075;584436009;-1.5823977;-4.3868756;-9.256963
584484167;584484032;-1.3065983;-4.1638646;-9.093253
584536485;584536417;-0.69607866;-3.1145794;-9.372824
584584500;584584434;-0.798713;-1.8412987;-9.722768
584636888;584636815;-1.1268482;-0.88197905;-8.975557
584684899;584684831;-1.3724091;-0.4791957;-9.615577
584732916;584732849;-1.3175708;-0.58914196;-10.126879
584785298;584785230;-0.5972038;-1.4732425;-9.441625
584837678;584837613;-0.55479413;-2.4169104;-9.414442
584885699;584885634;-0.7129484;-2.3543487;-9.54415
584933723;584933655;-0.8628375;-2.0666611;-9.466503
584986117;584986039;-1.3001614;-1.7834758;-9.948704
585034122;585034057;-1.0149986;-1.8436652;-9.949254
585082143;585082074;-0.624811;-1.5064898;-9.474536
585134545;585134458;-0.9717694;-1.7230102;-9.954465
585187392;585187328;-0.477349;-0.8508474;-9.802269
585235412;585235346;-0.93619055;-2.0002115;-9.832408
585283431;585283366;-0.47590432;-1.9143413;-9.170581
585335818;585335752;-0.8659245;-1.941597;-10.062898
585383839;585383771;-0.673494;-2.1611748;-9.339721
585436224;585436158;-0.87933636;-1.9557927;-10.065118
585488624;585488545;0.017542642;-1.4197596;-9.189075
585536642;585536566;-0.31282982;-1.4668638;-9.482987
585584659;585584591;-0.5834799;-1.4532017;-9.7226305
585632678;585632611;-0.574088;-1.8280298;-9.619528
585685074;585684999;-0.27328157;-2.2780044;-9.663465
585733087;585733021;-0.8313093;-2.1586452;-10.279503
585785483;585785409;-0.042544413;-2.1431518;-9.144275
585837863;585837797;-0.065485224;-2.1593027;-9.800643
585885889;585885822;0.014309816;-2.209089;-9.164665
585933914;585933849;-0.45337903;-2.0870342;-9.486556
585981954;585981877;-0.61903656;-2.021198;-9.420969
586034338;586034269;-0.5273391;-2.3718927;-9.5549965
586086726;586086661;-0.7100542;-1.9390156;-10.1735115
586134748;586134684;-0.8807384;-1.959298;-9.5605955
586187217;586187072;-0.85107845;-1.6541303;-10.313875
586235154;586235090;-0.39739078;-1.5748689;-8.914439
586283179;586283113;-1.3961916;-1.6016529;-10.31003
586331689;586331622;-1.2507821;-1.3252593;-10.619241
586384076;586384011;-0.97830606;-1.7855253;-8.677638
586436465;586436397;-1.0667069;-2.2992725;-8.756128
586484492;586484422;-1.1914157;-1.7728535;-10.355561
586536880;586536812;-1.327333;-1.6516793;-10.027531
586584904;586584836;-1.4996284;-2.2680793;-8.613145
586632931;586632862;-1.0275316;-1.904623;-9.448884
586685365;586685252;-1.5517163;-1.2200224;-9.366069
586737735;586737646;-1.5554484;-1.4262122;-8.879425
586785741;586785672;-1.9138753;-0.6485852;-9.00995
586833762;586833696;-2.2668934;0.026416529;-10.184512
586886175;586886086;-2.7138867;0.23249827;-9.291405
586934205;586934112;-3.655401;0.6927997;-9.006352
586986572;586986505;-3.4906123;0.7545892;-9.394551
587034699;587034530;-3.532411;0.29742104;-9.455192
587086988;587086924;-3.0408034;0.013099334;-9.677633
587135018;587134949;-2.5523782;0.13973059;-10.163837
587183135;587182975;-1.9438653;0.014750118;-8.712492
587235434;587235367;-2.4376056;0.05197195;-9.6939535
587283455;587283389;-1.9918177;0.6491853;-9.558375
587335842;587335776;-2.5807924;0.78484994;-9.205986
587383861;587383795;-1.9540972;1.1682612;-9.654041
587436292;587436185;-1.8053927;1.3690729;-8.834329
587484777;587484696;-2.5819876;1.2939972;-10.083453
587532793;587532721;-1.951167;0.8405349;-9.317465
587585182;587585114;-2.1247392;1.2596768;-9.474161
587637571;587637503;-1.597659;1.5731119;-8.920576
587685595;587685527;-1.7964691;2.0453064;-8.977045
587733616;587733548;-2.1645682;2.0476582;-9.828966
587786004;587785939;-2.3489623;2.0543826;-10.351268
587834034;587833966;-1.5300578;1.8694953;-9.072591
587882055;587881988;-1.3807596;1.7142558;-9.676594
587934443;587934378;-0.7862004;1.5712395;-9.832934
587986836;587986768;-0.14966676;2.2048554;-8.756696
588034919;588034793;-0.31919742;2.4381158;-10.053302
588082885;588082820;0.061879672;2.469566;-9.132343
588135286;588135206;0.22959377;2.7208138;-9.40454
588183306;588183228;-0.17648491;2.4585314;-9.045404
588235753;588235617;-0.9240112;2.0191433;-9.453806
588288101;588288007;-0.9246919;1.7386621;-10.500289
588336096;588336032;-0.6113239;1.6759727;-9.613054
588384166;588384056;-0.5699055;2.2702146;-10.285341
588432145;588432080;-0.3138675;1.9459621;-9.998472
588484538;588484470;-0.33206543;2.2680268;-9.96933
588536981;588536863;0.22717588;2.4652824;-9.582779
588584969;588584885;0.6403963;2.0717802;-9.049924
588637827;588637762;0.5154813;2.2589784;-9.184873
588685859;588685787;0.41288516;2.3226242;-9.245782
588733882;588733814;-0.2741041;2.3293028;-9.967423
588781905;588781839;0.008970061;1.6668841;-9.323835
588834306;588834231;0.31965858;1.6518365;-9.233758
588886691;588886624;-0.14054842;1.5240743;-9.878023
588934717;588934650;0.099412896;1.7319152;-9.623042
588987111;588987043;-0.047426067;1.800147;-9.276231
589035145;589035070;-0.3175023;2.0129113;-10.042981
589083159;589083094;-0.21135435;1.7943038;-10.347301
589135545;589135480;0.18848573;1.5761114;-9.880733
589187937;589187871;0.21193571;1.9379417;-9.653594
589235962;589235895;0.14314635;2.188302;-9.662068
589283982;589283916;0.09822688;2.3415477;-9.464822
589336369;589336305;-0.03633762;1.7337434;-9.952046
589384389;589384323;-0.12548973;1.7211066;-9.497196
589432411;589432345;-0.2835863;1.7614185;-9.887276
589484801;589484734;0.070015244;1.2990988;-9.768219
589537193;589537126;0.24172269;1.3272625;-9.985696
589585263;589585146;0.31389195;1.128347;-9.396814
589633254;589633169;0.33810088;1.5685945;-9.981825
589685629;589685555;0.1784611;1.5993637;-9.566701
589733744;589733581;0.30884048;1.8356285;-9.628313
589786529;589786456;0.12590899;1.6741921;-9.263675
589834547;589834481;-0.3326295;1.6874439;-9.7211075
589887023;589886874;-0.33246702;1.2746966;-9.765662
589934963;589934898;0.0113878595;1.3606558;-9.894205
589982984;589982918;-0.29647782;1.7182235;-10.914739
590035456;590035299;-0.1529327;1.8367726;-10.010302
590083385;590083318;-0.22871922;1.5866693;-9.265701
590135764;590135699;0.15702789;1.6848301;-9.199956
590183793;590183718;0.095915645;1.4032898;-9.570802
590236169;590236102;-0.08241918;1.257558;-9.999219
590284243;590284123;-0.22695962;0.5326128;-10.1781845
590332218;590332143;-0.34186298;1.1412601;-9.8838625
590384606;590384530;-0.20661505;3.098745;-10.465928
590436978;590436912;0.35322285;3.552663;-9.335876
590485000;590484936;-0.38502702;3.0374503;-10.157931
590533030;590532962;-0.13613427;1.298575;-9.845549
590585414;590585349;-0.030090358;0.85687923;-9.353016
590633439;590633371;0.028489994;0.67254144;-10.096883
590685866;590685760;0.35203147;0.93982434;-10.011822
590733847;590733782;0.8277635;1.2522423;-9.2896805
590786386;590786168;0.638233;1.8220664;-9.2576065
590834286;590834190;0.57445806;2.1213584;-9.939562
590882278;590882211;0.26130262;2.344086;-9.839952
590935155;590935088;-0.37361732;1.9858223;-9.910159
590983179;590983112;-0.51839876;1.5291603;-9.873887
591035571;591035502;-0.59111404;1.1602763;-9.479798
591087968;591087893;-0.6456671;1.0116204;-10.310537
591135986;591135918;-0.09865797;1.0394411;-9.761727
591184021;591183944;0.3711637;0.72450376;-8.963341
591232042;591231975;0.27444276;1.0792223;-9.86883
591284433;591284365;0.6235232;1.3411425;-9.053299
591336824;591336757;0.48201424;1.5406469;-9.068602
591384953;591384782;-0.17882085;1.5246367;-10.278774
591437238;591437173;0.048896313;1.2937222;-9.471234
591485264;591485199;-0.7802796;1.4214048;-9.915099
591533364;591533222;-0.5251836;1.7742829;-9.88626
591585697;591585609;-0.24788466;1.6755095;-9.991191
591638071;591638000;0.12823799;1.5921311;-9.133516
591686093;591686027;-0.04957818;0.99308944;-10.104649
591734119;591734052;-0.05853448;1.1090137;-10.0867405
591786510;591786443;-0.063214675;1.1183292;-9.739742
591834536;591834467;0.16578372;1.3882865;-9.334473
591882558;591882491;0.30361614;1.2037648;-9.112686
591934951;591934883;0.3293994;1.4596044;-10.238716
591987436;591987274;-0.12847525;1.2756588;-9.98977
592035467;592035299;-0.111643605;1.6781834;-9.703611
592083877;592083811;-0.06146786;1.237294;-9.6988125
592136268;592136202;-0.18374658;1.2014288;-9.648863
592184298;592184230;-0.20342764;1.0214642;-9.631297
592236693;592236623;-0.37161103;1.2885699;-9.981216
592284714;592284648;-0.21615013;1.4086972;-9.423626
592337106;592337041;-0.3213004;1.4927697;-9.998687
592385133;592385068;0.12637633;1.2717415;-8.797112
592433160;592433094;0.03754255;1.0846856;-10.541696
592485551;592485483;0.2943469;0.8716004;-8.981017
592537936;592537869;0.2571255;0.7547044;-10.051094
592586010;592585895;0.39097995;1.0604943;-9.41429
592633987;592633922;0.0676835;1.1423547;-9.835672
592686378;592686310;0.6148375;1.0520145;-9.328552
592734410;592734333;-0.06658268;1.0450946;-10.054406
592782436;592782355;0.381505;1.1724142;-9.873101
592834812;592834745;0.060958073;1.3196734;-10.029988
592887202;592887138;0.054129444;1.4878753;-9.505617
592935228;592935162;-0.24822852;0.9983087;-10.399231
592983256;592983185;0.058938287;0.96747917;-9.767635
593035641;593035574;-0.4312511;0.8579776;-10.323646
593083664;593083598;0.17892165;1.5478369;-10.131177
593136102;593135986;-0.0366169;1.3165268;-9.900995
593184075;593184009;0.4639605;1.2264487;-10.210844
593236952;593236885;0.44605625;0.61112183;-10.164383
593284975;593284909;0.3276519;1.3374238;-9.957217
593333073;593332935;0.4363336;1.0503937;-9.497697
593385394;593385326;0.072957;1.5740398;-10.070917
593433437;593433351;0.005785965;0.7677789;-9.441366
593485805;593485739;-0.26809198;0.8494215;-9.928977
593538213;593538131;-0.23373975;0.87861145;-10.361411
593586220;593586155;-0.42466062;1.2074343;-10.026127
593634243;593634178;0.3679571;0.65196055;-9.067652
593682268;593682202;0.6287269;0.45378518;-9.36823
593734656;593734591;0.4969659;0.45731848;-9.850692
593787044;593786979;-0.037097525;0.4224385;-9.927626
593835072;593835003;0.05140821;0.8627875;-9.777576
593887457;593887392;0.12816952;0.8198361;-9.297233
593935483;593935414;-0.012344241;0.544676;-10.085287
593983518;593983435;0.19841293;0.6429555;-10.220691
594031538;594031456;0.3206548;1.4697486;-9.4574175
594083909;594083844;-0.13788989;1.496403;-9.674758
594136295;594136230;0.22842471;1.4517884;-9.135967
594184320;594184254;-0.20953776;1.1805868;-9.938985
594232383;594232282;0.10885712;0.6747464;-10.271313
594284774;594284676;0.043294962;0.56215924;-10.11681
594333269;594333203;0.24030401;0.5270856;-9.583293
594385694;594385581;0.4040588;0.48239306;-9.361357
594438037;594437972;0.6436159;0.62738687;-10.318428
594486062;594485996;0.6317679;0.68482685;-9.229928
594534119;594534019;0.3785838;0.7121656;-10.031086
594586475;594586405;0.57102126;1.0046809;-9.400229
594634492;594634422;-0.15557924;1.0536379;-10.144032
594682552;594682440;0.17118467;1.2098145;-9.960248
594734897;594734830;-0.26429388;0.9382541;-9.731829
594787282;594787218;-0.2134434;0.63045436;-9.831357
594835305;594835240;-0.00976326;0.63532484;-10.028789
594883330;594883263;0.09451745;0.91927004;-9.42326
594935730;594935651;0.19572958;0.69130963;-10.197049
594983755;594983673;0.39275777;0.6663198;-9.878233
595036131;595036063;0.060959693;0.60789007;-10.085134
595084156;595084091;0.50722367;0.9924249;-9.520306
595136565;595136483;0.07854404;0.6575754;-9.907391
595184598;595184509;0.054063875;0.8602535;-10.229362
595232600;595232534;0.16529907;1.4255875;-9.706467
595285041;595284920;-0.10274837;1.1827481;-9.607617
595337425;595337307;0.19492464;0.6842064;-9.271975
595385404;595385328;-0.16415612;-0.75359124;-10.60436
595433480;595433351;0.052859746;-0.687764;-9.680889
595486778;595486710;0.5696596;-0.558165;-10.054568
595534798;595534732;0.74829435;0.14175999;-9.376338
595582823;595582755;0.53711706;0.91512257;-10.14002
595635213;595635144;0.6485254;1.5883118;-9.833686
595687600;595687531;0.30890515;1.875734;-9.766737
595735629;595735554;-0.05260965;1.1557751;-10.66358
595783647;595783578;0.16380154;0.8817271;-9.680075
595836033;595835966;-0.25386757;0.43627784;-9.773822
595884057;595883989;0.080740325;0.089859344;-9.898692
595932082;595932011;0.45491302;-0.16132978;-9.76921
595984466;595984398;0.7060287;0.08800582;-9.328078
596036864;596036790;0.5317377;0.6911311;-9.472199
596084883;596084815;0.5631092;1.1098864;-9.317762
596132904;596132837;-0.067323945;0.8159682;-10.091764
596185296;596185223;0.27700177;0.9561322;-9.884938
596237678;596237610;-0.09782828;0.74789596;-10.074539
596285703;596285637;0.19740516;0.66546255;-9.802626
596338098;596338031;-0.15372117;0.24488409;-10.113605
596386125;596386059;0.2661742;0.54693264;-9.896304
596434153;596434087;0.5058178;0.46798462;-10.171119
596482268;596482114;0.5489837;0.41682073;-9.752376
596534578;596534508;0.7889922;0.5399875;-9.696467
596586963;596586898;0.5344333;0.45260456;-9.845462
596635475;596635405;0.551672;0.6057699;-9.860914
596687863;596687795;0.11048574;0.27452186;-10.112756
596735882;596735816;0.25184923;1.0271487;-9.810402
596783903;596783835;0.16207524;0.7568845;-9.5449095
596831928;596831855;-0.18318178;-0.017603833;-10.072857
596884306;596884240;0.3214575;0.3013234;-9.668487
596936697;596936627;0.030192563;0.1722723;-10.190121
596984718;596984649;0.7463961;0.625968;-9.30239
597037104;597037040;0.20760058;0.5178025;-10.0000515
597085129;597085062;0.58694136;0.91491866;-9.939646
597133150;597133083;0.12723707;0.84403163;-9.847054
597185540;597185473;0.22128615;0.80775744;-9.751217
597238029;597237862;-0.22003402;0.48504582;-10.769866
597285952;597285884;0.25653955;0.23578018;-9.746304
597333979;597333911;0.42361984;0.1544565;-9.629601
597386457;597386300;0.17702942;0.058813762;-10.09613
597434389;597434322;0.61135614;0.56885934;-10.060556
597482411;597482345;0.34082523;0.6196874;-9.601711
597534887;597534733;0.5930857;0.8133774;-9.104984
597587184;597587117;0.13131773;0.62192976;-10.412812
597635205;597635140;0.63974404;0.39598548;-9.768563
597683316;597683161;0.4023297;0.57026017;-10.289264
597735624;597735549;0.045245957;0.6564755;-10.112717
597784128;597784059;0.24885319;0.55356765;-9.804336
597836516;597836449;1.2175666;0.82293576;-9.093016
597884544;597884477;2.239107;0.31809205;-9.527197
597936937;597936869;2.0109034;0.17078415;-9.660482
597984974;597984896;2.0920718;-0.22293076;-8.834539
598032992;598032923;0.768584;-0.55784345;-9.938535
598085386;598085319;-0.06504878;0.31151;-10.19436
598133423;598133344;-1.2200342;0.8159;-10.064246
598185805;598185737;-1.7915297;0.5764812;-11.298374
598233832;598233766;-1.6544768;0.86030304;-11.31576
598286219;598286154;0.24042097;1.168336;-10.548018
598334248;598334180;2.666811;0.919252;-9.263525
598382273;598382207;4.7406254;-0.5820654;-6.2898903
598434669;598434600;6.0739202;-0.47587222;-8.5592575
598487061;598486994;4.677212;-0.5712195;-8.298231
598535090;598535024;3.1458669;-0.15605707;-8.309024
598583126;598583052;0.5694774;-0.2185876;-9.973715
598635506;598635439;-1.7420917;0.2731783;-10.107202
598683533;598683463;-2.932737;1.1264429;-10.750118
598735927;598735851;-2.9020565;1.103159;-10.469578
598788308;598788242;-1.7811025;1.0268533;-10.754001
598836331;598836265;-0.116967924;0.81916386;-9.640903
598884357;598884288;1.4094132;0.035712343;-9.170612
598932873;598932801;2.8334436;-0.909745;-8.534715
598985264;598985196;2.426945;-0.5886592;-9.093257
599033292;599033226;2.1498618;-0.78278387;-9.15244
599085688;599085620;0.98271513;-0.09325905;-9.257383
599138078;599138009;-0.18544792;0.3421563;-9.969225
599186165;599186036;-0.83993536;1.2172538;-10.356249
599234130;599234063;-1.2123809;1.1497437;-10.020298
599282157;599282091;-1.3395572;0.78935045;-10.4439745
599334596;599334482;-0.757037;0.3581774;-10.687715
599386944;599386876;0.4011445;0.20493065;-9.599187
599434971;599434902;1.3476177;-0.3946895;-9.049498
599483023;599482927;1.9524662;-0.43836868;-9.040982
599535383;599535317;2.1337252;-0.16227613;-9.338118
599583412;599583342;2.0076253;-0.008974638;-9.136221
599631451;599631365;1.0817828;-0.39777148;-9.521474
599688206;599688126;0.5022809;0.09018136;-9.245757
599736217;599736151;-0.32985187;0.6244497;-9.478861
599784240;599784175;-1.0253978;0.31452742;-9.570907
599836642;599836567;-1.2948383;0.3756759;-9.837845
599884659;599884592;-1.5123821;0.68405354;-10.699673
599932686;599932619;-1.0468752;0.3433033;-9.7367
599985083;599985009;-0.46467775;-0.06828853;-10.282337
600037467;600037401;0.32893816;-0.076927975;-9.884312
600085978;600085911;1.480371;-0.47710705;-9.9253235
600133999;600133934;1.7782936;-0.42357305;-9.794339
600186390;600186324;2.0468;-0.6556502;-9.219606
600234418;600234351;1.5025126;-0.7374212;-9.505331
600282441;600282376;1.0453868;-0.40834144;-9.902381
600334831;600334765;0.46913734;-0.20013803;-9.813842
600382858;600382791;-0.049351998;0.077570766;-9.955158
600435251;600435183;-0.637722;0.03411201;-10.256243
600483279;600483208;-0.8152764;0.84976715;-9.954786
600535664;600535598;-0.7364653;0.6029595;-9.909333
600583691;600583623;-0.3717523;0.9531602;-10.2207775
600636081;600636016;0.2302753;0.48749083;-9.969665
600684107;600684042;0.75101745;0.13065076;-9.99534
600736500;600736432;1.4447786;-0.32174587;-10.050842
600784524;600784454;1.625069;-0.7552092;-9.621987
600832549;600832480;1.5535668;-1.0386844;-9.679654
600884939;600884872;1.3891402;-0.7486;-9.655668
600937326;600937261;1.0579406;-0.623279;-9.827786
600985349;600985285;0.168105;-0.07745514;-9.860552
601033378;601033311;-0.36630106;0.031600785;-9.979825
601085772;601085705;-0.8875606;0.8024063;-9.995646
601133801;601133732;-0.7553153;0.80316126;-10.011604
601186267;601186125;-0.95941603;0.8906742;-9.789312
601234708;601234640;-0.22999872;0.35057032;-10.770398
601287100;601287033;0.2302098;0.1867864;-9.860202
601335131;601335064;1.005164;-0.47555923;-9.683108
601383165;601383100;1.2563093;-1.1256862;-9.340975
601435568;601435498;1.6627866;-0.9801066;-9.187925
601483598;601483527;1.5641633;-1.0531521;-9.357096
601535991;601535924;0.99513173;-0.17629224;-9.345639
601588382;601588318;1.0009981;-0.074254714;-9.85884
601636502;601636344;0.34838638;0.34560457;-9.827386
601684434;601684368;-0.029529113;0.7829815;-9.969786
601732463;601732394;-0.49246848;0.5874583;-10.313251
601784930;601784782;-0.60567904;0.08303014;-9.817036
601832875;601832807;-0.27134567;-0.4955974;-10.497983
601885266;601885200;0.27928454;-0.27753457;-9.65651
601937665;601937588;0.61712074;-0.5587349;-9.739616
601985680;601985612;1.1300327;-0.6116976;-9.659124
602033697;602033631;1.2452338;-0.10921591;-9.100948
602081787;602081650;0.5946951;-0.4055284;-9.986687
602134105;602134039;0.72829396;-0.33251062;-9.662371
602186493;602186423;0.369458;0.20341673;-9.707092
602234529;602234447;0.24056141;-0.029570887;-9.605479
602286904;602286839;0.6205959;-0.073219724;-9.960742
602334934;602334867;0.35100308;-0.022469861;-9.462446
602383456;602383379;0.08988977;-0.07427905;-9.889738
602431475;602431405;0.5517678;-0.05527023;-9.897144
602488227;602488161;0.5685176;-0.24068904;-9.6758995
602536251;602536184;0.58645034;-0.2768751;-9.499146
602584274;602584209;0.47012034;-0.43732774;-9.6319
602636666;602636598;0.49331778;-0.38966414;-9.999427
602684691;602684623;0.23093453;-0.38045815;-9.669648
602732718;602732650;0.24829802;-0.23686014;-9.420066
602785108;602785042;0.3569423;0.088829726;-9.682536
602837547;602837434;-0.09385026;-0.316287;-10.326578
602885529;602885461;-0.2937615;-0.38065276;-10.187639
602933552;602933484;0.40463772;-0.23478852;-9.360857
602981581;602981513;0.7025184;-0.441532;-9.449217
603033971;603033906;0.52849996;-0.45004502;-9.498083
603086368;603086300;0.41091973;-0.4397656;-9.38489
603134399;603134327;0.30713743;-0.70303345;-10.033947
603186789;603186720;0.84706354;-0.49252722;-9.670246
603234813;603234744;0.3235668;-0.43700013;-9.785462
603282837;603282770;0.19872682;-0.2606143;-9.787747
603335228;603335161;0.47733548;-0.12844588;-9.441226
603387617;603387552;0.12461981;-0.51766473;-10.135789
603435642;603435576;0.31394875;-0.016897647;-9.78802
603483667;603483601;0.4569892;-0.32296827;-9.414362
603536546;603536479;0.4264875;-0.14361878;-9.743589
603584639;603584504;0.6746394;0.12838787;-9.718903
603632601;603632533;0.6354841;-0.49199632;-9.312012
603684994;603684928;0.564885;-0.47401217;-9.76412
603737393;603737325;0.28032133;-0.74386525;-10.030391
603785427;603785357;0.56987035;-0.4210329;-9.337549
603833448;603833380;0.8665326;-0.357981;-9.5007515
603885841;603885773;0.10088417;-0.5449047;-10.333574
603933866;603933799;0.44210812;0.20745343;-9.702616
603981887;603981821;0.46636286;-0.08249545;-9.564401
604038642;604038577;1.0640115;-0.31105036;-9.319502
604086679;604086601;0.2516354;-0.44038913;-9.75752
604134686;604134621;0.12784795;-0.047027167;-10.002769
604182711;604182643;0.5951568;-0.45285466;-9.566442
604235111;604235031;0.12196859;-0.51083905;-10.96736
604283121;604283053;0.24656047;-0.31857392;-10.114273
604335511;604335442;0.3954178;-0.6684559;-9.834228
604387901;604387834;1.0132433;-0.11915367;-9.32785
604435927;604435859;0.8121791;-0.6197033;-9.443905
604483950;604483885;0.69654834;-0.19357489;-9.890967
604531986;604531911;0.7747547;-0.34482545;-9.951283
604584367;604584303;0.4073206;-0.8865489;-10.083533
604632396;604632330;0.816892;-0.20775492;-9.676976
604685274;604685205;0.37454465;-0.4273228;-10.04366
604737661;604737596;0.53763336;-0.448957;-9.453769
604785691;604785624;-0.26447028;-0.27226642;-10.213903
604833721;604833654;-0.00694632;0.36011997;-9.84918
604881752;604881684;0.4508357;-0.107431754;-9.732299
604934141;604934077;0.3029291;-0.59665585;-10.073054
604986541;604986470;0.5402994;-0.79770595;-9.919579
605034565;605034496;0.33643278;-0.7176448;-9.692549
605086951;605086884;0.49352568;-0.48056906;-9.6035385
605134980;605134911;0.087749;-0.96067286;-9.68329
605182999;605182933;0.16137257;-0.6190269;-9.972609
605235392;605235325;0.4074319;-0.5791295;-9.285628
605287873;605287717;0.27887607;-0.40226316;-9.666475
605335809;605335741;0.9304032;-0.33362445;-9.999166
605383832;605383766;0.4474395;-0.62786615;-9.47626
605436302;605436159;0.56376636;-0.6536035;-10.122693
605484254;605484184;0.7955998;-0.14353944;-9.259755
605536640;605536575;0.35203087;-0.36263725;-10.54562
605584734;605584602;0.22177693;-0.048684154;-9.966681
605637057;605636991;0.408527;-0.6385482;-9.725505
605685084;605685018;0.24574694;-0.8422433;-9.9825735
605733164;605733049;0.6887132;-0.317507;-9.879484
605785993;605785926;0.27273527;-0.83372194;-9.836253
605834017;605833951;0.437932;-0.8201098;-10.0947075
605886418;605886343;0.2575074;-0.6501773;-9.802636
605934434;605934367;0.06693862;-0.49023882;-10.220307
605986822;605986757;0.12183772;-0.2247385;-9.76025
606034854;606034779;0.10973157;-0.77981174;-9.613088
606082870;606082800;-0.15586458;-0.7675266;-9.840435
606135257;606135190;0.6777154;-0.30968073;-9.74148
606187649;606187584;0.4754825;-0.7211568;-10.285377
606235681;606235615;0.5537446;-0.86997783;-9.717297
606283713;606283647;1.0436066;-0.6954012;-9.524831
606336104;606336038;0.52984077;-0.6953818;-9.651478
606384131;606384065;0.8029864;-0.40589604;-9.975925
606432156;606432089;0.6222983;0.033309955;-9.652287
606484543;606484477;0.3212672;-0.69843006;-9.864963
606536931;606536866;0.7678149;-0.5701981;-9.258791
606584957;606584888;0.1783929;-0.6757101;-9.938372
606632980;606632913;0.16221802;-0.028799541;-9.688964
606685372;606685305;0.092502266;-0.32087776;-9.451031
606737773;606737704;0.44706917;-0.47620046;-9.759302
606785799;606785734;0.75372076;-0.53750473;-9.679496
606838210;606838130;0.38439557;-0.5885443;-10.070687
606886226;606886158;0.8662975;-0.43520772;-9.76713
606934755;606934672;0.5709784;-1.1123848;-9.373701
606982779;606982698;0.43488678;-1.0495809;-10.065627
607035158;607035090;0.8770873;-0.36075476;-9.26671
607083180;607083115;0.6005044;-0.63187486;-9.785886
607135571;607135503;0.46647444;-0.7218767;-9.849929
607187958;607187891;0.32701775;-1.0168998;-9.641564
607236009;607235913;0.6295534;-0.30213392;-9.4210825
607284003;607283935;0.53093016;-1.0438787;-9.957486
607332020;607331953;0.48493972;-0.9492344;-9.231775
607384441;607384334;0.41705543;-0.80774385;-10.100247
607436787;607436719;0.3906406;-1.0725064;-10.130849
607484806;607484740;0.6781498;-1.1729163;-9.421646
607537194;607537126;0.3580969;-0.79654133;-10.029898
607585211;607585145;0.30175433;-0.78787756;-10.076979
607633232;607633164;0.3761884;-0.23103075;-9.717259
607685616;607685549;0.41273677;-0.7278505;-9.958911
607738001;607737933;0.2866293;-0.7699398;-10.409248
607786022;607785953;0.569349;-0.9251031;-9.662307
607834042;607833974;0.3106567;-1.0569195;-10.309338
607886428;607886357;0.95475435;-1.2283602;-9.382554
607934445;607934376;0.66045654;-0.59874505;-9.823477
607982468;607982399;0.50959873;-0.615438;-9.667006
608034855;608034788;0.48702863;-0.40260696;-9.48959
608087728;608087661;0.27657086;-1.3584551;-9.482339
608135752;608135684;0.27077013;-2.4136147;-9.768769
608183778;608183711;0.58369577;-0.98031086;-9.49696
608236171;608236102;0.46285757;-1.1607134;-9.185238
608284201;608284129;0.8508567;-1.2055367;-10.102432
608336587;608336520;0.7088227;-1.5302439;-9.788004
608384611;608384543;0.26892853;-2.3342607;-9.746354
608437055;608436932;0.1747201;-2.2486422;-9.676449
608485028;608484959;0.60534966;-1.2165875;-9.474393
608533053;608532984;0.666139;-1.846294;-9.994921
608585494;608585379;0.56049424;-1.702298;-9.606615
608637845;608637776;0.76658434;-2.0640936;-9.326607
608685886;608685804;0.35748956;-1.6612917;-10.13377
608733916;608733835;0.3339962;-1.2042404;-9.672476
608786302;608786234;0.4886564;-0.16015558;-9.978059
608834332;608834266;0.58623683;1.3668538;-9.532422
608882359;608882294;0.22886334;-0.72826886;-9.515454
608934762;608934692;-0.10056303;-0.38799286;-10.512102
608987157;608987091;0.45567784;-0.668447;-9.642594
609035190;609035125;-0.0054710032;0.77052706;-9.828936
609083223;609083155;0.67206836;0.73112184;-9.553227
609135624;609135552;0.85578036;1.0382067;-9.577338
609183651;609183582;0.6571961;1.3907219;-9.602557
609232216;609232096;0.5806678;0.8723027;-9.942787
609284570;609284489;0.60668236;0.6814625;-9.9325285
609336954;609336884;0.6399345;0.12001502;-9.260014
609384986;609384918;0.64455974;0.5098127;-10.011189
609433039;609432950;0.78814954;0.20479302;-9.517349
609485414;609485347;0.93478435;0.778103;-9.417814
609533463;609533376;0.70363957;0.72708464;-9.979482
609585842;609585773;0.59631103;0.5977371;-9.692294
609638235;609638170;0.29111904;0.31530657;-10.173695
609686360;609686202;0.57907504;0.2981149;-9.346562
609734301;609734233;0.26205444;0.44746152;-10.426109
609782332;609782265;0.42146;0.7024987;-9.708818
609834776;609834665;0.39614463;1.367427;-10.168588
609887129;609887064;0.25333866;1.355905;-10.028219
609935162;609935097;0.5150446;2.2800267;-9.367393
609983203;609983131;0.20533775;2.3046885;-10.512111
610035605;610035535;0.46337923;2.014855;-10.124205
610083640;610083571;0.7805977;1.7370147;-8.822842
610131672;610131604;0.54985195;1.6846918;-9.895416
610184069;610184003;0.47781402;1.5238477;-9.353951
610236468;610236400;0.25427032;1.6718197;-9.296041
610284499;610284432;0.60968006;2.2983668;-9.706254
610336957;610336829;0.63366675;3.0893247;-9.3526125
610385425;610385344;0.426651;3.0569806;-9.163483
610433453;610433373;0.10108643;0.57908607;-9.386307
610481477;610481403;0.19959371;-1.5638995;-9.304673
610538318;610538169;0.17857182;-3.6746423;-8.461121
610586297;610586201;0.33054006;-3.925289;-9.279744
610634295;610634230;0.0109062055;-2.1847894;-9.983221
610686754;610686625;0.39715886;-0.8715879;-9.721158
610734781;610734657;0.26181164;-0.1364768;-9.647999
610782754;610782689;0.04758097;-0.047280356;-10.043303
610835213;610835086;0.49939683;-0.4585667;-9.712353
610887564;610887485;0.44047073;-1.5238824;-9.814614
610935734;610935521;-0.014901939;-1.9652336;-10.1344
610983680;610983556;0.55256414;-1.4753706;-9.908767
611036037;611035958;0.53545487;-1.7210039;-9.725487
611084164;611083994;0.9592837;-1.0198542;-9.219255
611136482;611136395;0.70705545;-0.53590554;-10.00953
611184511;611184426;0.41041365;-1.0966804;-9.709188
611236892;611236823;0.70577073;-1.0968628;-9.11107
611284936;611284852;0.3014709;-1.0748293;-10.345448
611332979;611332885;0.3998039;-0.95584005;-9.215499
611385348;611385282;0.24065953;-1.0868497;-9.764666
611433398;611433314;0.22197707;-0.93881726;-9.9431505
611485790;611485721;0.7736561;-0.90830535;-9.485396
611534310;611534245;1.0028958;-0.68085057;-9.126999
611586713;611586645;0.7398604;-0.7188729;-9.797836
611634744;611634679;0.40114596;-1.5568295;-10.16596
611682778;611682712;0.4435094;-1.3735951;-9.903731
611735182;611735112;0.13932231;-1.3244635;-10.195604
611783209;611783144;0.2770438;-1.2536737;-9.32461
611835610;611835544;0.39895797;-0.6906064;-9.758853
611883657;611883575;0.4058333;-0.8022984;-10.278631
611936056;611935977;0.5395693;-1.069359;-9.639887
611984074;611984008;0.300243;-0.94808245;-9.55631
612032111;612032045;0.7914077;-1.0672135;-9.434746
612084511;612084445;0.89078784;-1.2495917;-8.958553
612136911;612136846;0.6794981;-1.3202813;-9.92811
612184947;612184879;0.6636606;-1.434823;-9.612829
612232998;612232908;0.26335287;-0.81023765;-10.25832
612285371;612285306;0.27531144;-1.4712003;-10.208497
612333408;612333338;0.6327064;-1.096616;-9.167909
612385801;612385736;0.47146913;-1.2281262;-9.976278
612438236;612438132;0.35833794;-0.84204406;-9.556215
612486252;612486163;0.62868613;-1.160629;-9.235112
612534253;612534188;0.5015026;-1.1049936;-9.4990425
612582280;612582213;0.5293215;-1.417461;-10.193785
612634673;612634608;0.5495172;-1.4437588;-9.230748
612683182;612683116;0.7115968;-0.730791;-9.218216
612735579;612735514;0.6359338;-0.6540249;-9.499047
612787976;612787910;0.7334744;-1.3331262;-9.130483
612836004;612835940;0.42403275;-0.97644144;-10.052063
612884032;612883966;0.42520067;-1.6040559;-10.358446
612932061;612931993;0.24311373;-1.5664792;-10.164655
612984455;612984390;0.5036891;-1.1743101;-9.927148
613036854;613036789;0.7545232;-1.0402486;-8.6429205
613084885;613084820;0.8760403;-1.0981851;-9.867117
613137372;613137216;0.7388877;-1.0491834;-9.406177
613185314;613185248;0.7002777;-1.1714584;-9.621663
613233347;613233280;0.9745657;-1.1563332;-8.853675
613281376;613281311;0.66234547;-0.51081663;-9.922025
613338144;613338076;0.8677277;-0.81429756;-8.92463
613386180;613386111;0.5535914;-1.6517637;-9.205068
613434211;613434145;0.5217682;-1.1970627;-10.086932
613482261;613482181;0.66943586;-1.1985263;-9.661939
613534663;613534584;0.7628992;-0.8420578;-9.565928
613582682;613582616;0.81776947;-0.9990655;-9.793899
613635092;613635012;0.56467354;-1.1148409;-9.351929
613687480;613687410;0.82139415;-1.6786011;-9.396167
613735517;613735438;0.7692944;-2.019009;-9.478809
613783532;613783464;0.5216509;-1.8762907;-9.662007
613836409;613836342;0.7835477;-1.9198762;-9.575649
613884436;613884370;0.5110506;-1.5069653;-9.658943
613932462;613932395;0.6357646;-1.2051022;-9.813562
613984855;613984790;0.4778552;-1.6971388;-9.811248
614037268;614037189;0.4397589;-0.8882106;-9.83387
614085286;614085221;0.45130113;-0.9320818;-9.867542
614133325;614133254;0.21692309;-1.3550671;-9.620453
614185716;614185650;0.6940314;-1.0761793;-10.041666
614233747;614233679;0.6673309;-1.3858953;-8.991076
614286141;614286075;0.31694254;-1.3979825;-10.002013
614334174;614334108;0.662984;-1.6127001;-9.207805
614386613;614386503;0.45510688;-1.7520841;-9.624604
614434610;614434534;0.25301445;-1.2874075;-9.996669
614482626;614482561;1.0198363;-1.2406003;-9.353807
614535041;614534952;0.48092484;-1.5990542;-10.009352
614587412;614587346;0.7389078;-0.91042954;-9.667319
614635443;614635377;0.5890108;-1.4804652;-9.675817
614683482;614683412;0.637626;-1.8265032;-9.840121
614735879;614735812;0.7457518;-1.3875922;-9.344821
614783909;614783841;0.8202964;-1.2946423;-9.76772
614831937;614831870;0.65427315;-1.1754898;-9.453283
614888711;614888630;0.5496984;-1.0804594;-9.70295
614937706;614937632;0.71270925;-1.1981295;-9.524851
614985731;614985663;0.14116059;-1.4846593;-9.961093
615033757;615033688;0.29948917;-0.8905457;-9.670474
615086150;615086084;0.6974065;-1.3582507;-9.501441
615134177;615134110;0.41909248;-1.4889325;-9.842881
615182208;615182138;0.348646;-1.092575;-9.6675825
615234602;615234532;0.22005108;-1.2871963;-9.712716
615287089;615286923;0.7956266;-0.9735115;-9.491855
615335015;615334948;1.9818052;-1.1174159;-9.451423
615383042;615382975;1.7352734;-1.4961756;-9.296876
615435526;615435366;2.9236548;-1.2154977;-8.964303
615483456;615483388;2.4359741;-1.7841878;-9.541794
615535845;615535779;2.2839987;-1.3824788;-9.080595
615588234;615588168;2.3514307;-1.2215133;-9.149004
615636273;615636193;2.029309;-1.2265247;-9.619641
615684282;615684216;1.7993007;-1.469878;-10.034232
615732380;615732242;1.5128356;-1.3643628;-9.680483
615784707;615784634;2.447771;-0.7339899;-9.501875
615837091;615837024;3.476919;-0.58287764;-8.366355
615885118;615885050;4.370056;-1.4047117;-8.667582
615937527;615937444;5.5686836;-1.4412049;-7.917778
615985542;615985473;5.951903;-1.5572011;-7.8631983
616033569;616033502;5.8538027;-1.8095793;-7.320266
616082135;616082019;5.3292365;-1.3512009;-7.5672264
616134501;616134418;4.261401;-1.5120938;-8.20521
616186882;616186816;3.5763881;-1.0918236;-7.9299545
616234930;616234847;1.9830679;-0.93930256;-9.167435
616287307;616287239;-0.044383585;-1.2630191;-10.150792
616335331;616335266;-2.2281518;-1.4790283;-10.324857
616383379;616383293;-1.9423845;-1.1804682;-10.483827
616431399;616431321;-1.2542046;-0.9828815;-10.249534
616488145;616488079;-1.0637786;-1.3847444;-9.879893
616536173;616536105;0.3216249;-1.3039315;-9.311271
616584202;616584133;1.6809441;-0.87808037;-9.130543
616636590;616636524;2.3245146;-1.6389194;-9.004065
616684619;616684550;1.8021722;-1.8066674;-9.654561
616732642;616732575;1.1454899;-1.8753815;-9.111061
616785028;616784962;0.6007517;-1.9549254;-9.784885
616837419;616837353;-0.19837457;-2.0523036;-10.011102
616885443;616885376;-0.21603253;-0.99768656;-9.739747
616933470;616933403;0.05306896;-0.6814767;-9.3934145
616981511;616981430;-0.36111835;-0.8909047;-10.152396
617033895;617033829;-0.4555267;-0.79187256;-10.189726
617086292;617086224;0.475341;-1.2363895;-9.689739
617134315;617134250;-0.12558684;-1.5953643;-9.44583
617186706;617186640;0.25306585;-2.1127198;-10.3140335
617235325;617235147;1.1883326;-2.8284116;-8.924229
617283246;617283170;1.320298;-1.8970195;-9.674463
617335644;617335560;1.3154501;-1.4276968;-8.962348
617383766;617383586;1.2963356;-2.1945992;-8.719823
617436060;617435977;1.0740814;-1.5890887;-9.143192
617484081;617484001;0.5874612;-1.4837481;-9.352545
617536463;617536395;0.23215333;-1.3294736;-9.339758
617584489;617584420;0.077233404;-1.1135238;-9.459168
617632513;617632445;-0.43752837;-0.7872985;-10.332644
617684906;617684838;-0.59847826;-0.76923996;-10.075534
617737309;617737231;-0.7466175;-0.81753266;-10.03811
617785325;617785257;-0.73635375;-1.1729512;-9.911133
617833353;617833284;-0.6976235;-1.680224;-10.163815
617885752;617885675;-0.5065833;-1.7647165;-9.697208
617933776;617933708;-0.15886888;-1.573144;-10.034482
617986170;617986104;-0.20586106;-2.3033113;-9.937585
618038562;618038495;0.42731598;-2.4372864;-9.109874
618086587;618086520;0.7090854;-2.1740823;-9.35906
618134618;618134548;0.70917016;-1.9619743;-9.50645
618182700;618182577;0.615998;-1.6407042;-9.035777
618235038;618234970;0.042129554;-1.7705505;-9.410045
618283057;618282991;-0.6461865;-1.4591886;-9.491282
618335448;618335379;-0.8038465;-1.0342057;-9.897649
618388424;618388251;-1.1272563;-0.72571397;-9.894015
618436411;618436279;-1.5377083;-0.6563902;-10.116924
618484407;618484307;-1.8234427;-0.7530954;-10.291663
618532418;618532334;-2.033695;-0.741301;-10.105014
618584892;618584725;-1.9919465;-0.541507;-9.868651
618637181;618637115;-2.6987638;-1.1833233;-9.033458
618685216;618685137;-2.3011377;-0.88604516;-9.484837
618737597;618737527;-1.798154;-1.4149595;-9.759158
618785617;618785548;-1.3907611;-1.96332;-9.902554
618833657;618833576;-0.4246065;-2.0918121;-9.066864
618881759;618881598;-0.31808814;-1.2947007;-9.7605715
618934057;618933991;-0.4984282;-1.493981;-9.425286
618986456;618986386;-0.72960323;-1.1316224;-9.242608
619034483;619034410;-1.1681961;-0.5312875;-10.303778
619086886;619086800;-1.4907969;-0.10736017;-9.531503
619134891;619134822;-1.8621548;0.2526043;-9.431109
619182919;619182850;-2.1076589;0.54010296;-9.630792
619235321;619235245;-2.5667737;0.16344146;-10.094614
619287703;619287637;-2.9179869;0.5146253;-9.7287245
619335732;619335666;-2.8348482;0.5354129;-9.911586
619383759;619383693;-3.0118773;0.7888648;-10.094302
619436152;619436084;-3.044447;0.7552315;-10.110647
619484177;619484111;-2.6311996;0.22571248;-9.851698
619532689;619532622;-2.3616557;-0.2922989;-9.847615
619585076;619585010;-2.0084877;-0.87782246;-9.861026
619637498;619637403;-0.98764277;-1.2216191;-9.724276
619685639;619685426;-0.19854815;-1.308866;-8.958721
619733521;619733455;-0.24697423;0.21852592;-9.635819
619785996;619785849;-0.42763296;0.37983745;-9.746961
619834065;619833877;-0.71507126;-0.049063083;-10.328394
619886352;619886270;-1.6812404;-0.11183722;-9.865392
619934376;619934296;-2.0833008;0.45967087;-9.945291
619986750;619986685;-2.148104;1.015218;-9.534371
620034792;620034711;-2.500663;0.8236931;-10.283236
620082912;620082739;-1.6540766;1.0623413;-8.983013
620135205;620135132;-1.9080509;0.5037118;-9.922698
620187603;620187528;-1.6394787;-0.22015682;-9.710909
620235622;620235555;-1.5345427;0.06932007;-9.633826
620283648;620283582;-1.6315742;-0.07134012;-10.07364
620336091;620335974;-1.20889;0.2169198;-9.769149
620384071;620384002;-1.4558394;0.17455918;-9.6184
620432105;620432031;-2.0623734;-0.07469907;-9.878501
620484506;620484429;-1.5504342;0.67474025;-9.278064
620536894;620536825;-1.5993145;0.53540254;-9.817971
620584924;620584858;-1.1873252;0.6173806;-9.770826
620633027;620632884;-1.2313268;0.3919729;-9.459542
620685832;620685766;-1.887952;0.07147581;-9.884915
620733861;620733795;-1.6080736;0.18690573;-9.863652
620786272;620786189;-1.8251684;-0.017650833;-9.720178
620838664;620838578;-2.0099976;0.0023993955;-10.270803
620886695;620886600;-1.6927919;-0.06883594;-10.164378
620934697;620934625;-1.8317072;0.37175852;-10.011861
620982714;620982648;-2.0368044;0.11089392;-10.13766
621035141;621035043;-1.7757832;0.3286185;-9.639089
621083144;621083072;-1.9075406;0.19007133;-9.706466
621135593;621135465;-1.7411914;-0.15872478;-10.012989
621187938;621187855;-1.5296501;-0.03065786;-9.567493
621236046;621235884;-1.6423446;-0.33290976;-9.711182
621284073;621283913;-1.4372003;-0.1245759;-9.712804
621332015;621331937;-1.7881149;-0.060690127;-10.246272
621384415;621384324;-1.3094211;0.24029526;-9.8006
621436780;621436710;-1.4150573;-0.43630338;-9.336901
621484822;621484735;-1.4666198;-0.22784592;-9.842656
621537210;621537121;-1.4172395;-0.6348155;-9.538276
621585213;621585145;-1.7990234;-0.21774171;-9.732534
621633235;621633167;-1.8952758;-0.46202138;-9.937519
621685643;621685553;-1.7124907;-0.40709487;-9.980185
621738004;621737938;-1.3255752;-0.23889758;-9.656288
621786021;621785955;-1.5305679;-0.7669262;-10.066693
621834546;621834461;-1.0659834;-0.5241422;-9.891174
621886909;621886844;-1.4364895;-0.91197836;-10.219458
621934923;621934858;-1.0427033;-0.70453507;-9.299163
621982940;621982874;-1.16991;-0.96832114;-9.708592
622035322;622035256;-0.8201165;-1.0945637;-9.175682
622087793;622087641;-1.3813603;-1.5152937;-9.653703
622135774;622135662;-0.8615633;-1.4147367;-8.939154
622183797;622183680;-0.7291751;-1.434057;-9.302562
622236145;622236064;-0.90961236;-1.6631463;-9.624633
622284232;622284089;-0.4891349;-1.2352759;-9.528121
622336563;622336478;-1.0214735;-1.5594529;-9.876611
622384579;622384499;-0.76695406;-1.1950845;-9.4855175
622436958;622436890;-1.0052211;-1.1857003;-10.191679
622484979;622484914;-0.84931576;-1.628142;-10.0382395
622533019;622532938;-0.4817979;-1.5525478;-10.075431
622585408;622585326;-0.45934093;-1.3607283;-9.62418
622633418;622633352;-0.78134954;-1.4396627;-9.988031
622685806;622685740;3.7329835e-07;-1.2828894;-9.628105
622733831;622733765;0.076907605;-0.86588097;-9.56928
622786222;622786154;-0.29986152;-1.1553255;-9.677692
622834248;622834179;0.07423491;-1.3088763;-9.556429
622882267;622882200;-0.102704704;-1.5039841;-9.923743
622934652;622934586;-0.30867097;-1.5619035;-9.687661
622987532;622987462;0.0015889889;-1.2959296;-9.833247
623035549;623035483;0.31859735;-2.0524435;-8.796763
623083577;623083507;0.41979635;-1.5405917;-9.1681595
623136009;623135899;0.2291904;-1.7174392;-9.795226
623183991;623183916;0.40683365;-1.6427451;-9.365952
623231999;623231933;0.20967875;-1.5133868;-9.003164
623284430;623284314;0.019046765;-1.5919814;-9.659701
623336778;623336696;-0.054367065;-1.4871198;-9.447125
623384799;623384716;0.33499703;-1.2208745;-9.498635
623432886;623432738;0.3576006;-0.9250848;-9.587463
623485202;623485125;-0.10939916;-1.4724735;-10.075726
623533214;623533148;0.144211;-1.1725154;-9.4300165
623585601;623585535;0.3060519;-1.6023581;-9.907954
623637990;623637923;0.30323282;-1.9142967;-9.832202
623686015;623685949;0.97299993;-1.428993;-8.847416
623734039;623733973;0.67414105;-1.5285404;-9.699828
623782070;623781997;0.5929527;-1.5816969;-9.57316
623834457;623834390;0.25908378;-2.2023923;-9.953942
623886855;623886783;0.7204139;-1.5194399;-9.296258
623934873;623934807;0.27383867;-0.7628451;-9.672744
623982896;623982828;-0.47752368;1.6788205;-10.246523
624035289;624035222;0.23959501;1.5211564;-9.951642
624083316;624083247;0.45052826;1.6575364;-9.430274
624131823;624131758;0.2870334;0.83859295;-9.81564
624184257;624184148;0.42671373;0.6883388;-9.647471
624236644;624236535;0.36586016;-0.2468574;-9.81549
624284626;624284560;0.7376197;0.1050104;-9.624882
624337112;624336952;0.30395123;-0.56646806;-9.740034
624385084;624384974;0.2910698;-0.55434984;-10.564492
624433115;624432997;-0.052005563;-0.27816954;-9.843223
624485470;624485386;-0.119404286;0.17160152;-9.705293
624537859;624537781;0.06535387;0.3831949;-10.219516
624585894;624585811;0.37886003;0.96584815;-9.561508
624634027;624633844;0.2885001;1.28995;-9.49069
624686399;624686240;0.5404876;1.8146116;-9.840893
624734359;624734269;0.21485108;1.6746584;-9.446099
624786732;624786664;0.5683066;1.8639561;-9.704784
624834826;624834691;0.557625;1.6794229;-9.676969
624887151;624887084;0.40912697;1.3367734;-9.252206
624935180;624935112;0.3979121;2.0339305;-9.756104
624983259;624983142;0.29106522;1.8740839;-9.343465
625035602;625035534;0.28522798;1.9893651;-9.585864
625083625;625083556;0.32499203;2.0166996;-9.471602
625136019;625135950;-0.26667425;2.3121614;-10.0689945
625184044;625183976;-0.13794012;1.9853319;-9.815557
625236925;625236849;-0.025255298;2.7347007;-8.966966
625284953;625284868;0.04506691;3.585666;-9.062548
625332953;625332887;0.17750329;4.772078;-8.905915
625385349;625385275;-0.040828943;5.8717585;-8.667028
625437815;625437664;0.24145897;3.5467517;-8.896522
625485755;625485690;0.0095595;3.6035032;-8.821654
625533796;625533717;-0.04682833;2.9105458;-9.081676
625586231;625586116;0.20101574;3.2010486;-9.232109
625634217;625634151;0.12377062;3.1803646;-8.8179
625682250;625682184;0.1229914;5.7829075;-8.745392
625734672;625734581;0.104065716;3.9917681;-9.304629
625787058;625786976;-0.13455366;3.830081;-8.642675
625835086;625835005;0.5716951;4.9964867;-8.173546
625883138;625883032;0.26003122;4.119698;-7.8195367
625935527;625935427;-0.21870999;3.1502185;-8.493521
625983611;625983454;-1.236877;0.3366482;-8.681653
626035935;626035851;-2.4055798;-2.5870302;-9.181226
626088319;626088252;-2.5048747;-4.2803144;-9.775939
626136348;626136283;-1.9844846;-2.9810042;-9.452197
626184395;626184313;-0.7409186;-1.3397831;-9.672639
626232418;626232342;-0.044174306;0.72389615;-9.541089
626284800;626284733;0.5257649;1.0827641;-8.908189
626337193;626337123;0.24833287;0.5246921;-9.230145
626386181;626386116;0.09305787;-1.0854135;-9.756334
626438573;626438506;-0.10146723;-3.316057;-9.451303
626486602;626486533;-0.26783946;-3.4651592;-9.216292
626534626;626534559;-0.14312689;-3.6270387;-9.658384
626582652;626582584;0.18754978;-2.8169305;-9.935631
626635054;626634974;0.46953154;-1.6339475;-9.267367
626683063;626682997;0.19725023;-1.0741713;-9.868456
626735450;626735385;0.36337355;-0.67488706;-9.789163
626787905;626787775;0.22585529;-0.79372597;-9.16422
626835884;626835800;-0.0151935415;-1.0735493;-10.207545
626883889;626883822;-0.16686337;-1.5702305;-9.602537
626936330;626936209;0.4739784;-4.034965;-9.817389
626984300;626984235;-0.59857136;-4.6761527;-8.722729
627036698;627036627;-0.36089262;-6.1956825;-9.7716255
627084760;627084649;0.22722489;-4.793769;-9.08281
627137106;627137041;0.95539767;-4.0428143;-8.251749
627185134;627185068;0.51162857;-3.7498882;-8.808348
627233194;627233098;0.81206673;-2.6582139;-8.74337
627285561;627285494;0.42065474;-3.0970125;-9.308726
627337956;627337892;0.42761672;-1.9183955;-9.581991
627385988;627385922;0.1230768;-1.8267989;-9.520109
627434020;627433954;-0.16145572;-1.8039687;-9.993524
627486419;627486350;0.5818776;-1.509923;-9.001869
627534996;627534863;0.3276831;-1.760576;-9.501624
627582960;627582892;0.5246038;-0.60261625;-9.317507
627635348;627635284;1.1909424;2.0023394;-8.96007
627687744;627687675;0.13200575;2.93989;-9.150998
627735770;627735702;0.37280536;3.8223329;-9.814307
627783800;627783732;-0.24807139;3.0748057;-9.613057
627836201;627836129;0.0069735153;2.0743282;-10.065775
627884225;627884157;0.1519468;0.065277725;-9.446939
627936637;627936550;-0.8051679;-3.3028893;-9.594959
627984646;627984577;-0.08787935;-4.3178587;-9.57006
628037041;628036967;0.53499305;-5.150575;-8.758924
628085056;628084990;-0.036068857;-2.5067463;-9.087595
628133078;628133012;0.94373643;-1.8655207;-8.8867445
628185491;628185400;0.32987183;-0.8215912;-9.901785
628233491;628233423;0.19975191;-0.29617143;-9.678905
628285879;628285813;0.41052306;-0.7801333;-9.327973
628333911;628333839;-0.061299514;-1.4950119;-10.072247
628386295;628386229;0.41535354;-2.166247;-9.570855
628434319;628434254;0.13526416;-3.3446028;-9.224011
628482352;628482279;0.15308127;-2.5574737;-9.167114
628534734;628534668;0.6520951;-2.6381361;-9.950734
628587128;628587057;0.7201082;-1.5968009;-8.858498
628635144;628635078;0.40293825;-1.5891415;-9.823366
628683649;628683580;0.6589409;-0.66880614;-9.5810175
628736038;628735962;-0.11315691;-0.5995114;-10.004495
628784051;628783985;-0.14344135;-0.78003085;-9.839447
628832071;628832005;-0.36309633;-1.2566296;-10.167408
628888827;628888759;0.18315122;-1.5754409;-9.325469
628936850;628936782;0.41589007;-1.8141699;-9.630013
628984875;628984808;0.45742688;-2.037838;-9.317627
629032900;629032829;0.6305139;-2.459386;-9.509134
629085282;629085216;0.7182155;-1.6193801;-9.824233
629133305;629133240;0.5068271;-1.546974;-9.6804
629185698;629185630;0.35592937;-1.079408;-9.566203
629238090;629238017;0.05456421;-1.7142072;-9.474607
629286110;629286043;-0.27961758;-1.4267752;-10.184457
629334130;629334064;-0.10524182;-1.3197743;-10.129229
629382162;629382093;0.2602195;-1.6274678;-9.536184
629434547;629434482;0.3269127;-2.1287842;-9.496689
629486942;629486872;0.7602865;-1.7849541;-9.3228855
629534970;629534896;1.1782973;-2.1356268;-9.12387
629587354;629587289;0.755274;-1.7848784;-10.092879
629635383;629635317;0.89550567;-1.5479169;-9.66623
629683422;629683343;0.60130024;-1.4329853;-9.374204
629731432;629731366;0.3399804;-1.4449811;-9.58797
629788195;629788125;0.47347084;-1.5727619;-9.387346
629836701;629836636;0.054155096;-1.8989748;-9.874733
629884730;629884663;0.10000485;-1.5480963;-9.830658
629937120;629937054;0.23777819;-1.3867307;-9.405024
629985146;629985080;0.18954724;-1.8546429;-9.369792
630033173;630033107;0.049235657;-1.904609;-9.728215
630085564;630085495;0.593073;-1.5265247;-9.438711
630137953;630137886;0.33469734;-1.6031374;-9.946823
630185978;630185911;0.44573617;-1.6163101;-9.924535
630233996;630233929;0.7208035;-1.8124187;-9.58816
630286377;630286312;0.30523553;-1.5748469;-9.719269
630334402;630334335;0.53120846;-1.2029766;-9.756362
630382423;630382356;0.3925882;-1.5965791;-9.809897
630434823;630434743;0.39521724;-1.4451894;-9.381443
630487194;630487128;0.39965898;-1.3553318;-9.638133
630535211;630535145;0.1970565;-1.412038;-9.677298
630583229;630583163;0.2526749;-1.1663834;-9.447311
630635614;630635546;-0.1595446;-1.7675381;-9.856528
630687999;630687932;0.53724706;-1.560934;-9.680881
630736025;630735951;0.4978934;-1.9815081;-9.423828
630784038;630783974;0.70882845;-1.6865362;-9.35717
630836432;630836362;1.0429503;-1.8719723;-9.710192
630884462;630884386;0.7885927;-1.9123095;-10.045783
630932480;630932407;0.7788723;-1.4808805;-9.52187
630985351;630985282;0.39861232;-1.5844058;-9.470526
631033371;631033306;0.17737213;-1.5914804;-9.928107
631085757;631085690;0.08349498;-1.275167;-9.776253
631133775;631133708;0.29198533;-1.1543025;-9.529866
631186155;631186090;0.30649555;-0.8357657;-9.52674
631234174;631234107;0.43035117;-1.0493114;-9.4523735
631282194;631282127;0.44863805;-1.3385273;-9.354839
631334583;631334516;0.36311308;-1.7035377;-9.3871155
631386971;631386902;0.21125014;-1.9790447;-10.062554
631434993;631434927;0.5524076;-1.7190148;-9.148177
631483015;631482950;0.53330743;-1.6016653;-9.807564
631535410;631535342;0.506847;-1.7090639;-9.4474
631583434;631583366;0.5920607;-1.0761203;-9.391019
631635821;631635756;0.2318513;-1.5804542;-9.752387
631688209;631688144;0.01762096;-1.4846903;-10.063361
631736234;631736168;0.4351858;-1.3311906;-9.330206
631784262;631784195;0.39514717;-1.8550074;-10.410012
631832288;631832220;0.47652304;-1.2938292;-9.602509
631884677;631884610;0.67476356;-1.8989882;-9.829756
631937162;631937001;0.67525065;-1.7095855;-9.911383
631985090;631985024;0.9744058;-1.7451828;-9.267907
632037499;632037421;0.4236853;-1.8463547;-10.11617
632085590;632085442;0.7622438;-1.4054452;-9.790731
632134019;632133953;0.6569378;-1.5810298;-9.730695
632182072;632181977;0.56184745;-1.3710152;-9.581141
632234436;632234367;0.38420913;-1.4524341;-9.975594
632286823;632286757;0.6318922;-1.353947;-9.999645
632334853;632334785;0.22265916;-1.4513851;-9.499948
632387256;632387180;0.22082052;-1.4801399;-10.193644
632435273;632435207;0.18791124;-1.7854995;-9.682753
632483305;632483237;0.6044324;-1.5669711;-10.147311
632535709;632535632;0.6692639;-1.3075581;-10.049242
632588093;632588028;0.5458227;-1.8162097;-9.540752
632636118;632636053;0.87346363;-1.9234642;-9.262178
632684151;632684076;0.7975244;-1.8571813;-9.359548
632736530;632736464;0.906829;-2.057456;-8.937412
632784552;632784486;0.94193363;-1.8620036;-9.683227
632832583;632832507;0.6781752;-1.8467247;-9.897733
632884964;632884899;0.57038134;-1.1041348;-9.942521
632937360;632937294;0.52674437;-1.2225498;-9.711386
632985385;632985319;0.32596254;-1.2893746;-9.856108
633033410;633033346;0.022840168;-1.0188136;-9.73262
633085804;633085739;0.17959297;-1.2244723;-9.536309
633133834;633133767;0.32226822;-1.20925;-10.009621
633186228;633186163;0.33610612;-1.6232356;-10.000532
633234261;633234196;0.7190868;-2.2534401;-9.613993
633287144;633287075;0.64616334;-2.5758996;-9.622004
633335171;633335105;0.8513432;-2.550317;-9.339248
633383199;633383133;1.0649751;-2.4500847;-9.066009
633431233;633431158;0.60858744;-2.048922;-9.614219
633483614;633483549;0.8141037;-1.7643055;-9.583915
633536009;633535941;0.81821465;-1.3854797;-9.6599655
633584038;633583968;0.49569988;-0.9091471;-9.64697
633636425;633636360;0.05524387;-0.711332;-9.670763
633684457;633684390;-0.36416692;-0.9107744;-10.008023
633732486;633732415;-0.4366014;-0.8212315;-10.449692
633784888;633784809;-0.47799957;-0.9964992;-9.909459
633837270;633837203;0.030718984;-1.6154685;-9.8672085
633885300;633885233;-0.08482517;-1.8597074;-9.976878
633933327;633933260;0.80520463;-2.2941482;-9.54981
633985719;633985650;0.82463837;-2.3150098;-8.81931
634033745;634033672;1.1441276;-2.6429331;-9.251814
634086130;634086065;1.5211128;-2.6108606;-8.877148
634138528;634138460;1.7061778;-2.6968875;-8.962696
634186554;634186489;1.4481261;-2.4299004;-9.607458
634234583;634234517;1.2123575;-1.8505074;-9.292847
634282608;634282541;1.0375007;-1.8093206;-9.553683
634334999;634334933;0.43282828;-1.2313211;-9.710987
634383023;634382957;0.057645917;-1.149166;-9.900402
634435896;634435831;-0.30885515;-1.0459584;-9.983906
634488290;634488223;-0.5687618;-0.90976906;-9.483338
634536311;634536246;-0.8934863;-0.9750667;-9.996521
634584331;634584265;-0.5771226;-1.1877507;-10.305669
634632397;634632286;-0.4279835;-1.4156429;-9.502171
634684748;634684673;-0.0054174657;-1.9746192;-9.5823555
634737126;634737059;0.7780037;-1.7915586;-9.53116
634785148;634785081;1.3483021;-2.6200964;-9.70979
634833170;634833105;1.7488132;-2.289144;-9.177309
634885559;634885493;2.0837922;-2.0822146;-8.939826
634933582;634933514;2.183578;-2.1012173;-9.089936
634981601;634981534;1.857345;-1.9266461;-9.216284
635038357;635038289;1.5163937;-1.6298759;-9.211442
635086379;635086313;0.764369;-1.5408452;-9.62611
635134405;635134339;-0.12622543;-1.6152135;-10.024181
635186796;635186729;-0.7692332;-0.97367024;-10.229864
635234820;635234754;-1.0766572;-1.3219341;-10.0490675
635282841;635282775;-1.5779417;-1.1857172;-10.194218
635335228;635335160;-1.0196376;-1.1513618;-9.351436
635387612;635387546;-0.045700315;-1.6894146;-9.679386
635435634;635435568;1.1148174;-1.6061313;-9.579159
635483662;635483594;2.1129508;-1.7946662;-9.088168
635536577;635536468;1.5407898;-2.0158556;-9.383256
635584562;635584493;1.4461092;-2.0946183;-9.003769
635632588;635632519;0.87657845;-1.6827159;-9.600814
636235060;636234992;0.6235726;-0.8586899;-9.27841
636287450;636287374;0.68706775;-1.3503284;-9.632636
636335473;636335392;0.8277817;-1.6680974;-9.445818
636383483;636383408;0.7535325;-1.7649492;-9.480531
636435862;636435796;0.7816989;-1.784645;-9.522239
636483896;636483815;0.31097993;-1.9660378;-10.106548
636536270;636536202;0.5580181;-1.2372416;-9.271577
636588665;636588592;0.7015504;-1.2282516;-9.666326
636636690;636636619;0.81492597;-1.37647;-9.328307
636685193;636685124;0.4309489;-1.2213019;-9.6516695
636733217;636733150;0.9545238;-1.0631635;-9.232687
636785611;636785545;0.6307617;-1.553805;-9.877366
636833642;636833574;0.7366407;-1.6893607;-9.490625
636886045;636885964;0.636488;-1.3892423;-9.40577
636938417;636938349;0.797199;-1.5096514;-9.638836
636986440;636986370;0.9943156;-1.6039122;-9.186713
637034481;637034390;0.6119287;-1.5502229;-9.81472
637082483;637082409;0.7460416;-1.4214708;-9.699313
637134865;637134797;0.10653751;-1.0020411;-10.020975
637182902;637182816;0.22327954;-0.91184294;-9.930795
637235271;637235204;0.016816808;-1.3724663;-10.460672
637287666;637287591;0.47840106;-1.6214857;-9.538042
637335676;637335611;0.5695967;-1.5183524;-9.601585
637383701;637383633;1.2725081;-1.9349719;-9.257635
637431732;637431655;0.88454765;-1.7016679;-9.525116
637484107;637484042;1.2292497;-1.6981292;-9.0663595
637536508;637536428;0.7251426;-1.2979251;-9.882464
637584515;637584447;0.49769443;-1.4569371;-9.778921
637636896;637636831;0.2859411;-0.6902018;-9.415233
637684919;637684852;0.15556873;-0.89569753;-9.458392
637732936;637732869;-0.11362686;-0.9489572;-9.797734
637785317;637785251;0.28462234;-1.7142845;-9.656237
637838181;637838116;0.61224145;-1.1479727;-9.902608
637886204;637886129;0.405246;-1.396541;-9.895635
637934207;637934143;0.6025877;-1.6516825;-10.051497
637986590;637986524;0.92127734;-1.4613093;-9.374014
638034611;638034543;0.80045485;-1.4304311;-9.5177965
638082631;638082562;0.8736376;-1.3810587;-9.356525
638135014;638134946;0.9831983;-0.87626964;-9.282347
638187393;638187329;0.57890415;-1.334383;-9.6518755
638235517;638235351;0.34319985;-1.5176077;-9.648054
638283442;638283375;-0.06082404;-1.3180869;-10.062135
638335833;638335766;0.10096724;-1.0567551;-10.077971
638383941;638383787;0.14281091;-1.0272642;-10.374639
638436239;638436174;0.5247265;-1.3217211;-9.556208
638484262;638484197;0.59058535;-1.168237;-9.426621
638536648;638536583;0.6681637;-1.8670704;-9.87189
638584672;638584605;0.46082577;-1.5290803;-9.744484
638632713;638632621;0.66800374;-1.5481929;-9.089989
638685072;638685006;0.44732055;-1.2797127;-9.678283
638737453;638737388;0.42563623;-1.4897772;-10.198431
638785477;638785407;0.74484366;-1.128936;-9.490435
638833494;638833425;0.58294797;-1.1185154;-9.996446
638885877;638885812;0.6900681;-1.2772568;-9.459306
638933902;638933835;0.48173517;-1.4709483;-9.999337
638982408;638982342;0.5315028;-1.2082789;-9.378138
639034796;639034729;0.27000564;-1.8790854;-9.6746235
639087198;639087113;0.35044086;-1.6678286;-9.479319
639135201;639135133;0.53838676;-1.129474;-9.5634365
639183231;639183152;0.76183593;-1.4870765;-9.320967
639235604;639235537;0.52977735;-1.1137319;-9.686927
639283625;639283557;0.55184364;-1.1417071;-9.63175
639336008;639335943;0.67072105;-1.4611795;-9.312197
639388396;639388329;0.307025;-1.4902619;-9.523603
639436418;639436346;0.57934064;-1.3073126;-9.523172
639484430;639484365;0.5054481;-1.437794;-9.702857
639532454;639532386;0.739791;-1.5546393;-9.438272
639584844;639584768;0.44601652;-1.4329319;-10.275474
639637212;639637145;0.49246824;-1.7530487;-9.487163
639685220;639685154;0.27219284;-1.572551;-9.745378
639737599;639737528;0.63850135;-1.3367862;-9.188687
639785607;639785538;0.004415251;-1.2045062;-10.106208
639833610;639833544;0.069519386;-1.1415492;-10.030315
639881697;639881553;-0.0070144837;-1.2280713;-9.413563
639933992;639933927;0.30400977;-1.0202985;-10.016679
639986373;639986307;0.8149062;-1.2655375;-9.820502
640034392;640034327;1.1181483;-1.7925925;-9.137938
640082420;640082352;0.8813231;-1.8893987;-9.706482
640135300;640135225;0.80922323;-1.5710572;-9.815231
640183317;640183249;0.6911975;-1.3850234;-9.296213
640235707;640235638;0.45814458;-0.8939121;-10.26066
640288097;640288022;0.032885563;-0.8025318;-9.960598
640336109;640336044;0.43441647;-0.67950463;-9.2264595
640384125;640384061;0.09116202;-1.2242341;-10.400025
640436511;640436444;0.47909293;-1.9083637;-9.469051
640484535;640484465;0.7159671;-1.4348625;-9.722877
640532555;640532488;1.2338715;-1.7127934;-8.925838
640584948;640584875;0.9343933;-1.5917714;-9.694064
640637324;640637259;0.44433734;-1.4176533;-9.542476
640685350;640685278;0.8345665;-1.2800087;-9.144272
640733363;640733297;0.17039074;-1.4823534;-9.920744
640785749;640785682;0.59863144;-1.1326059;-9.345061
640833781;640833703;0.375524;-1.2426286;-9.583714
640886227;640886089;0.38413095;-1.1053985;-9.930433
640934173;640934109;0.14972457;-1.3630823;-10.552021
640986562;640986497;0.3624074;-1.5609022;-9.837891
641034646;641034519;0.559752;-1.0353444;-9.396373
641082607;641082541;0.8485986;-1.2371244;-9.025445
641134997;641134932;0.783266;-1.7145742;-9.818443
641187441;641187320;0.32670182;-1.4175795;-9.993928
641235476;641235345;0.54694396;-0.6577309;-9.631659
641283918;641283853;0.60348606;-0.92879057;-9.544156
641336313;641336241;0.52951765;-1.5881972;-10.078667
641384328;641384262;0.13244581;-2.799718;-9.78927
641432365;641432285;0.14166537;-3.2748258;-9.473189
641484763;641484675;0.43758795;-3.3888824;-9.265376
641537130;641537064;0.7121109;-3.1963272;-9.359599
641585149;641585084;0.99072874;-1.8761938;-9.19656
641633180;641633108;0.9917665;-0.7063656;-9.268087
641685567;641685499;0.71766794;-0.632934;-9.3201275
641733590;641733525;-0.19207202;0.20098811;-9.974896
641785980;641785914;-0.605034;-0.8456882;-10.372493
641834016;641833937;-0.04482227;-1.0045549;-10.145714
641886387;641886321;-0.35654607;-1.1929966;-9.842424
641934418;641934343;0.39040577;-1.2776594;-9.674304
641982432;641982365;1.1626441;-1.7694395;-9.31137
642034818;642034750;0.8865062;-1.5562779;-9.307944
642087301;642087134;0.2840074;-1.3182187;-10.3420725
642135218;642135152;0.4006024;-1.0704577;-9.869578
642187689;642187533;0.20753801;-1.0273439;-9.784762
642235737;642235547;0.06374536;-1.4268306;-9.894771
642283630;642283565;0.4448073;-1.2924398;-9.810174
642331650;642331584;0.31611124;-1.3330786;-10.509367
642384205;642383969;0.5322213;-1.4224122;-9.434275
642436903;642436838;0.2912558;-1.2630004;-9.833917
642484924;642484860;0.1950065;-1.3348141;-9.41503
642537346;642537247;0.28611037;-1.1162549;-9.785044
642585337;642585271;0.34866208;-1.7846366;-9.8274555
642633362;642633295;0.45113915;-1.3481437;-10.053216
642681387;642681321;0.71608007;-1.4148934;-9.412556
642738154;642738077;0.37156454;-1.3510526;-9.542902
642786167;642786100;0.32364118;-1.1060373;-9.457628
642834228;642834125;0.26171052;-1.1235731;-10.049407
642882214;642882148;0.31045726;-1.3078022;-9.752356
642934605;642934537;0.41015765;-1.2156965;-9.868658
642982639;642982565;0.32422572;-1.4877386;-9.25872
643035019;643034954;0.61036104;-0.8868044;-9.659344
643087414;643087343;0.9304555;-0.9396263;-8.993569
643135445;643135371;0.81136787;-0.98316014;-9.3696995
643183455;643183389;0.43575284;-1.2554605;-9.163764
643235842;643235777;-0.12703316;-1.3379692;-9.8218975
643283866;643283801;-0.88680977;-1.2582184;-9.878988
643336302;643336191;-1.4340427;-1.8318325;-9.67568
643384280;643384214;-1.2237798;-0.8568105;-10.88864
643436816;643436601;0.49307963;-0.71649617;-9.444142
643484704;643484621;0.8442404;-0.1433958;-9.773423
643532733;643532642;1.449555;-0.8130118;-8.649863
643581214;643581146;1.1870502;-0.7618515;-8.798333
643633594;643633528;0.5611346;-0.41166347;-9.775239
643685974;643685909;-0.014969547;0.2881241;-9.898455
643733991;643733925;-0.018052848;-0.10679199;-10.674196
643786391;643786311;0.12021645;1.5520086;-10.002518
643834394;643834330;0.16814795;0.56853795;-9.708878
643882417;643882352;0.31946823;0.033603918;-9.379309
643934805;643934741;0.64219004;0.16572317;-9.348554
643987233;643987132;0.4465451;0.51719487;-9.260489
644035233;644035154;0.27139196;0.0990409;-10.075781
644083259;644083181;0.10937528;-0.6523262;-9.488723
644135674;644135576;0.52263206;-0.34184784;-9.546562
644183675;644183600;0.5609187;0.08869602;-10.0745945
644236055;644235990;0.39721778;-0.3625857;-9.546051
644288514;644288383;0.20925874;-0.9548959;-9.939765
644336492;644336404;0.42129;-0.72482556;-9.859048
644384515;644384426;0.35053056;-0.3362766;-9.8573475
644432551;644432450;0.05571149;0.7705002;-10.466215
644484949;644484838;0.36074358;-0.5592777;-10.029741
644532936;644532868;-0.09354459;-1.8155142;-9.187098
644585427;644585258;0.187813;-1.4732609;-9.95995
644637771;644637643;0.43128586;-1.7774309;-10.140015
644685747;644685666;0.48974058;-0.8113185;-9.666447
644734240;644734175;0.33812287;-1.282433;-9.901997
644782264;644782197;0.5333876;-1.1210177;-9.307015
644834655;644834586;0.23151748;-0.8773778;-9.301391
644887045;644886980;0.2754511;-1.4147817;-9.193243
644935069;644935004;0.160267;-1.7260606;-10.219131
644987457;644987390;0.17183465;-1.2290947;-10.324544
645035488;645035412;0.29354233;-0.9657446;-9.403184
645083504;645083433;-0.18050486;-1.0429038;-9.706639
645131529;645131456;0.046222292;-1.5891694;-9.363554
645183907;645183842;0.05694202;-1.0440054;-9.9513855
645236314;645236234;0.50538355;-0.6390638;-9.834097
645284318;645284252;0.74833405;-0.0849587;-9.986072
645332339;645332274;0.5212495;-0.2330597;-9.823477
645384738;645384664;-0.23833512;-0.35560358;-9.8103
645432756;645432685;0.06750432;-0.9354421;-9.884202
645485172;645485073;-0.11418581;-1.2213223;-10.149793
645537636;645537460;-0.015248776;-0.7812634;-9.712287
645585613;645585485;-0.14826827;1.0921186;-9.508124
645633605;645633507;0.559415;0.9164119;-9.996387
645685977;645685893;0.2506578;0.8181199;-9.467516
645733999;645733918;0.25738966;0.3240352;-9.662044
645786378;645786311;0.119591005;-0.19519836;-10.070395
645834417;645834336;0.29307768;0.5439325;-9.289097
645887765;645887698;-0.27333838;0.683054;-9.574106
645935789;645935720;-0.05043669;1.1709523;-9.694872
645983813;645983746;-0.01107827;0.19998689;-9.90444
646036209;646036141;-0.16196933;-0.15357493;-10.139538
646084233;646084166;0.19052993;-0.19570212;-9.88738
646136626;646136559;0.5839483;-0.1584007;-9.498549
646184653;646184587;0.47478625;0.21362276;-9.813958
646237083;646236973;-0.014749944;0.74662954;-9.994007
646285067;646284998;0.031593893;0.8644585;-9.712351
646333092;646333024;0.09391427;0.98339623;-9.617128
646385513;646385413;-0.06871132;0.9917585;-9.651217
646437873;646437805;-0.34846485;0.8678021;-10.272291
646485899;646485831;0.121004015;0.8284679;-9.044498
646533942;646533858;0.13090436;0.7213786;-9.768326
646586314;646586247;-0.11395744;0.81752485;-10.659275
646634339;646634273;0.26663288;0.5223058;-10.068058
646682369;646682300;0.30472836;0.5912602;-9.5062685
646739134;646739059;-0.014164852;-0.3504338;-10.303815
646787149;646787083;-0.022503246;-0.19421294;-9.966377
646835171;646835106;-0.008777784;0.021746915;-10.084469
646883197;646883128;0.34974998;0.17086662;-9.324431
646935590;646935522;-0.31676042;0.63556755;-10.001717
646984176;646984033;-0.4170987;0.13551095;-10.3873625
647032130;647032057;0.22195432;-0.3283099;-9.34412
647084515;647084445;0.1640416;0.3678888;-9.495871
647136900;647136830;0.13956839;0.0735329;-9.603562
647184919;647184851;0.33676672;-0.32285216;-9.872879
647232943;647232870;0.57459044;-0.45979884;-9.919797
647285319;647285252;0.31201744;0.10896354;-9.905719
647333340;647333273;0.059722014;0.8430009;-9.809492
647385728;647385659;0.11940927;-0.15844612;-9.427616
647438127;647438042;-0.23817194;0.33223525;-9.841116
647486128;647486060;-0.31609777;-0.13656695;-10.5271635
647534144;647534079;0.065652154;0.28253105;-9.9627075
647582167;647582098;0.25349087;0.039174933;-9.349378
647634551;647634483;-0.023893004;0.112510696;-9.699149
647686938;647686872;-0.08428369;-0.14710467;-9.8548565
647734978;647734892;0.12509646;-0.50611573;-9.751478
647787342;647787276;0.2009264;-0.017007245;-9.895126
647835360;647835294;0.021544067;0.2893143;-9.664758
647883411;647883312;-0.11208851;-0.30940303;-9.721986
647935763;647935697;0.0052636275;-0.35114124;-10.283673
647988145;647988080;0.025422327;-0.94386864;-10.009501
648036163;648036094;-0.17722382;-0.83282405;-9.517099
648084180;648084114;0.16326746;-1.3221207;-10.099176
648137047;648136982;0.021036536;-1.3886867;-10.353863
648185076;648185000;0.30205843;-0.38597775;-9.628369
648233089;648233022;0.082867354;-0.54057324;-9.800559
648285478;648285408;0.24953447;-0.016585238;-9.813198
648337861;648337795;-0.34199435;-0.2375108;-9.657042
648385887;648385818;-0.11992531;-0.59664005;-10.024501
648433906;648433840;-0.031993784;-0.30311242;-9.878288
648486292;648486225;0.27909237;-0.8397143;-9.446781
648534313;648534244;0.2717794;-0.8641908;-10.086947
648586703;648586632;0.4333773;-0.5598909;-9.673691
648634724;648634657;0.54508376;-1.0541388;-9.875133
648687113;648687048;0.2534537;-0.29207557;-10.091425
648735137;648735072;0.3595432;-0.27936882;-9.492799
648783158;648783092;0.20881157;-0.010548367;-9.408619
648835558;648835483;0.025735918;0.4487865;-9.714801
648883566;648883499;0.15992442;0.2938001;-9.586269
648936020;648935885;0.14352618;-0.09264077;-9.980688
648983971;648983905;0.22619139;0.037476588;-10.172253
649036390;649036289;0.3908873;0.06866313;-9.513477
649084447;649084304;0.38665324;-0.2671652;-9.614926
649132391;649132323;0.36694562;-0.5281727;-9.504619
649184774;649184708;0.13111618;-0.0062690075;-9.998201
649237172;649237092;0.08568285;-0.10907568;-10.332427
649285663;649285595;0.107955135;-0.1715346;-10.131818
649333687;649333618;0.121385016;0.5019413;-9.908854
649386074;649386008;0.21515235;0.46127665;-9.352587
649434096;649434030;-0.10160233;0.5445663;-10.023539
649482120;649482054;0.05126863;0.0064292653;-9.87565
649534509;649534442;0.13143289;-0.14612475;-9.66697
649586891;649586825;0.25643304;0.11501348;-9.535373
649634914;649634849;0.21793632;0.2700391;-10.279066
649682938;649682871;0.4201693;0.49203217;-9.777484
649735325;649735258;0.19336496;0.54346365;-9.532407
649783341;649783276;-0.0555563;1.2460238;-9.808489
649835727;649835659;0.102108605;1.6168516;-9.70046
649888110;649888044;0.07918801;2.0185502;-9.516846
649936148;649936064;0.040479463;1.5005496;-9.382315
649984150;649984085;0.066918455;1.4636953;-9.777866
650032172;650032105;0.26834446;0.83499414;-9.399632
650084557;650084490;-0.20238197;1.8072664;-9.605652
650136963;650136877;0.03033307;1.9730842;-9.5012
650184964;650184897;0.40887204;2.3695898;-9.413254
650237354;650237285;-0.123724476;3.2039034;-9.714168
650285382;650285308;-0.054494206;2.7262003;-9.255518
650333399;650333333;0.075342156;2.737027;-8.903565
650385794;650385725;0.06517017;3.3311288;-9.217347
650434300;650434235;0.08333337;3.6622913;-8.906265
650486695;650486626;0.22129661;3.1050558;-9.053839
650534721;650534653;0.16517974;3.8214839;-9.180621
650587121;650587041;0.024064358;3.6777208;-9.066857
650635137;650635068;0.08123706;4.1218085;-8.971426
650683165;650683097;-0.04201652;4.26267;-9.1133995
650735570;650735490;-0.039923366;3.6232743;-9.478582
650787945;650787877;0.12095564;3.9903605;-9.11453
650835963;650835896;0.07526117;3.6282973;-8.686107
650883983;650883918;0.2188182;3.845513;-8.649749
650936371;650936306;0.44706357;3.8252695;-9.135762
650984396;650984329;0.57486635;4.2390547;-8.839058
651032435;651032355;0.32648057;4.63492;-8.693951
651084815;651084746;0.24165268;3.9504645;-8.744289
651137208;651137143;-0.22850655;3.946663;-8.823775
651185235;651185170;-0.2303375;3.484014;-8.9896345
651233261;651233194;-0.16433896;3.2306013;-9.393795
651285689;651285590;-0.2254436;4.1765413;-9.034827
651333685;651333620;-0.20637572;3.8580425;-8.939225
651386083;651386016;-0.019120626;3.9430919;-9.361658
651434115;651434040;-0.14038305;3.724521;-8.813381
651486543;651486424;0.020671908;3.178164;-9.119676
651534524;651534452;0.036383383;3.199291;-9.155617
651583034;651582966;-0.12075718;3.2232587;-9.170667
651635429;651635360;-0.11425335;3.2297518;-9.653876
651683454;651683386;-0.13247633;4.046284;-9.469436
651735844;651735777;-0.18740708;4.112758;-9.383925
651783872;651783803;0.0057462556;4.18539;-9.25035
651836260;651836194;-0.13007241;3.7859852;-8.964656
651884283;651884217;-0.21760859;3.2384305;-8.850685
651932308;651932242;-0.13609986;3.4837706;-9.169601
651984704;651984635;0.0818932;2.71248;-9.375682
652037099;652037034;-0.047004305;3.6764197;-8.9112215
652085189;652085062;-0.05067356;3.7737286;-9.275051
652133158;652133091;-0.110678054;4.098512;-9.067948
652185583;652185487;-0.04516452;4.801285;-9.502875
652233616;652233516;-0.056947377;4.366775;-8.8901825
652285979;652285911;-0.23029448;2.1995385;-8.863124
652334004;652333938;-0.023293393;0.23914455;-9.872193
652386395;652386330;-0.030026633;-1.8431627;-10.084312
652434419;652434350;1.0245808;-2.0534847;-9.707635
652482436;652482369;0.06738009;-1.52736;-10.162595
652534823;652534755;0.37469098;0.69208753;-10.323758
652587224;652587143;-0.0025354682;0.71356755;-10.393678
652635274;652635165;-0.30349785;0.78446376;-9.753994
652687622;652687549;-0.62751967;0.19830652;-9.917068
652736124;652736056;-0.35233587;-0.739278;-9.881114
652784141;652784075;-0.2761708;-1.6897364;-10.039294
652832176;652832099;-0.00068744074;-2.01997;-9.186135
652884559;652884493;0.12361497;-1.9735664;-9.913931
652936959;652936891;0.13742301;-1.8291372;-9.898281
652984986;652984917;0.00041600902;-0.7963441;-9.510418
653037378;653037312;-0.06998651;-0.7116734;-9.259284
653085408;653085340;-0.8105446;-1.0333993;-10.06316
653133437;653133370;-0.8312937;-1.1494864;-10.023359
653181464;653181396;-0.42842743;-1.1174437;-9.8584585
653233855;653233787;-0.15650429;-1.0633361;-9.424848
653286259;653286181;-0.060329355;-1.0910637;-9.951157
653334281;653334215;0.26788893;-1.4863389;-9.415451
653386678;653386609;0.38011745;-1.3441927;-9.119334
653434703;653434635;-0.38475302;-0.7790426;-10.03383
653487094;653487026;-0.38501292;-1.2235059;-10.218255
653535118;653535052;-0.20632751;-0.9292891;-9.4381275
653587510;653587443;0.24611565;-0.6859152;-9.415799
653635535;653635466;0.11954669;-0.9474224;-10.044017
653683560;653683492;0.13181312;-1.0009507;-10.009837
653735948;653735883;0.16489936;-1.2596505;-9.238638
653783979;653783912;0.121881396;-1.5933838;-9.45643
653836372;653836308;-0.15770876;-1.1673582;-10.182864
653884893;653884820;-0.104100004;-0.50165755;-9.5948105
653937276;653937209;-0.10421573;-0.767494;-9.118506
653985300;653985235;-0.7485695;-1.5563731;-10.178537
654033327;654033261;0.102853075;-1.7689862;-9.589847
654085731;654085651;-0.040988494;-1.8432748;-9.338363
654133746;654133677;0.42069227;-1.4816415;-9.294094
654186135;654186069;0.0808114;-0.7319023;-9.446552
654234161;654234093;-0.052419856;-0.649844;-9.578755
654286554;654286488;-0.18930574;-0.51065826;-9.992595
654334585;654334516;0.10776055;-0.6433331;-9.65621
654382617;654382547;-0.1219781;-1.5996742;-9.4323635
654435017;654434942;-0.8759241;-2.6017642;-9.5361805
654487399;654487333;-0.17184915;-3.4949949;-10.15172
654535503;654535358;0.04069043;-2.1987057;-9.876865
654583452;654583385;0.170148;-1.4050305;-10.093667
654635848;654635782;0.31274548;-0.37206554;-9.493985
654683934;654683811;0.10603876;0.39159805;-9.400271
654731906;654731839;-0.7613564;-0.516003;-9.672245
654788668;654788600;-0.40544948;-2.2994761;-9.308109
654836709;654836631;-0.79839355;-2.8250248;-9.625474
654884726;654884658;-0.101339586;-2.3558593;-9.63861
654932749;654932683;-0.28545472;-1.9421052;-9.770302
654985142;654985075;0.24130434;-1.0442505;-8.993351
655033659;655033590;0.07816878;-1.1396132;-9.256356
655086055;655085986;-0.71497196;-2.6227088;-9.610771
655138445;655138379;-0.07346998;-3.1331625;-9.533907
655186474;655186406;0.37102437;-3.3516667;-8.88649
655234500;655234432;-0.09382093;-3.0660222;-9.424449
655282600;655282457;0.5124816;-3.009084;-8.513531
655334920;655334852;0.23263107;-3.7279744;-8.844729
655382949;655382881;-0.1205015;-3.709933;-9.474243
655435342;655435276;-0.12812668;-3.4737897;-9.11267
655487739;655487669;-0.13072781;-2.5011568;-9.559378
655535764;655535694;0.0042502047;-1.9187875;-9.320933
655583790;655583719;0.19865961;-1.7771834;-9.381918
655631811;655631745;0.29281303;-1.8238899;-9.550285
655684203;655684136;0.071943566;-1.6057236;-9.690493
655736598;655736528;-0.048973374;-0.697209;-9.231116
655784643;655784562;-0.6732912;-0.20402588;-10.247278
655837023;655836958;-0.49449655;1.9211533;-9.823004
655885047;655884981;0.6459261;0.86563593;-10.4217005
655933078;655933003;-0.054735806;-0.6876187;-9.387719
655985477;655985393;-0.66197115;-10.9591465;-13.679958
656037851;656037784;-1.2035291;-4.335496;-9.388448
656085873;656085806;0.6909202;-0.11085163;-8.959391
656133898;656133832;-0.078362525;-1.6297764;-8.867157
656186781;656186711;0.33566555;-5.219306;-9.195672
656234802;656234734;0.27102983;-5.5197864;-8.875079
656282826;656282757;0.85090554;-3.3883126;-7.952443
656335210;656335145;0.8015094;-1.1527776;-8.579975
656387599;656387530;0.09615185;0.15562935;-9.025217
656435637;656435552;-0.121359214;0.7163413;-9.371579
656483644;656483571;-0.3145401;0.5274967;-9.844743
656536029;656535962;-0.7876615;-0.32893264;-9.831282
656584055;656583991;-1.4074558;-1.460144;-10.165582
656636456;656636386;-0.49303406;-2.45983;-9.039488
656684489;656684417;0.027370902;-1.5810132;-10.351781
656736878;656736813;0.43047884;-1.2041152;-9.875487
656784909;656784841;0.5485335;-1.9032718;-8.927128
656832938;656832870;0.041602965;-3.2994852;-9.865224
656885330;656885262;-0.05415646;-1.4367248;-8.67819
656937716;656937649;-1.4065859;4.312251;-6.7920246
656985824;656985671;0.6029554;14.549113;-6.9888906
657033759;657033693;0.69661283;3.689573;-13.317799
657086143;657086077;0.11819522;-0.6075499;-10.084032
657134251;657134099;0.19571821;0.100737244;-9.071164
657182187;657182118;-0.7396953;1.6810832;-10.168985
657234568;657234503;-0.2476123;4.199645;-9.190607
657283562;657283492;-0.22878653;3.0599072;-8.910463
657335944;657335875;-0.23059987;0.58877945;-8.607144
657384002;657383894;0.17907077;-1.2349716;-9.44033
657436362;657436277;-0.8942701;-3.0592344;-9.038377
657484455;657484295;-0.4081124;-3.2812066;-10.124704
657532434;657532318;-0.7226307;-1.275154;-9.984631
657584788;657584705;-0.19485149;-0.9768221;-9.965139
657637154;657637089;0.17354663;-0.41318357;-9.30791
657685179;657685114;-0.013189296;-0.28370497;-9.770789
657733200;657733134;-0.1558139;-1.1988547;-9.553136
657785590;657785521;-0.17348997;-1.924836;-9.367421
657833613;657833543;-0.2996426;-1.5035328;-9.20945
657885998;657885932;-0.4213156;1.2340548;-9.797644
657938385;657938321;-0.013801535;2.4157782;-9.583949
657986488;657986342;-0.6213654;3.809189;-9.7740345
658034437;658034367;-0.75343645;3.572608;-9.850812
658082462;658082391;-0.49877682;2.7024186;-9.452649
658134909;658134781;-0.32788408;1.5152501;-9.260796
658182873;658182806;-0.3570347;0.6355165;-10.014108
658235261;658235195;-0.18566014;0.97920346;-9.248191
658287651;658287585;0.027918745;2.0477614;-9.424827
658335685;658335609;-0.16837704;2.5021088;-9.319585
658383704;658383636;-0.1659995;3.5240006;-8.928102
658432230;658432142;-0.362697;4.032807;-9.562631
658484639;658484528;-0.5360261;3.9875398;-9.207785
658536998;658536918;-0.5743514;5.586488;-8.713412
658585020;658584944;-0.31741357;4.155861;-8.555346
658637400;658637336;-0.37372664;3.31067;-9.061479
658685447;658685363;0.31392702;5.5768013;-8.406052
658733573;658733389;0.049526356;3.2127476;-8.695777
658781562;658781417;-0.034717966;4.8885317;-8.539136
658833891;658833807;-0.21845113;4.38886;-9.303051
658886269;658886202;0.09136588;5.2352405;-9.491138
658934296;658934231;-0.32490376;4.918791;-9.418761
658986697;658986628;-0.26010466;3.0750952;-9.508152
659034722;659034653;-0.16214627;1.0187707;-9.408741
659082749;659082681;-0.5098543;0.16504195;-9.339938
659135139;659135074;-0.32177785;0.22368453;-9.210136
659187539;659187469;-0.17479602;1.7624148;-9.552362
659235568;659235499;-0.007182974;2.340723;-9.59475
659283595;659283526;-0.42947647;2.7040164;-9.580442
659331624;659331554;0.0040965793;2.192622;-9.784237
659384015;659383947;0.11396818;1.7223583;-9.527152
659436403;659436338;0.0872022;0.53702396;-10.004204
659484429;659484362;-0.49668366;-0.28489116;-9.536198
659536825;659536755;-0.96291345;-0.68759704;-9.887727
659585329;659585264;-2.0677364;-1.7223572;-9.890907
659633353;659633287;-2.7243633;-1.7274848;-10.128217
659685788;659685674;-2.5888765;-1.6923676;-8.881548
659733766;659733698;-2.8740056;-0.8051916;-9.421309
659786296;659786081;-3.1071234;-0.7010988;-9.882216
659834223;659834104;-2.3668501;-0.3281922;-9.350887
659886574;659886491;-2.5932992;-0.9336865;-9.8537445
659934626;659934513;-1.8230888;-1.2874225;-9.712562
659982676;659982534;-0.93517506;-0.9966461;-9.680936
660034986;660034920;-0.3565205;-1.3187428;-9.609859
660087381;660087315;0.37389722;-1.0955563;-9.111255
660135408;660135342;0.87339735;-1.2271991;-9.099093
660183434;660183369;1.5272522;-0.8972305;-9.331191
660235827;660235760;2.503671;-1.4751147;-9.134462
660283850;660283782;2.0078058;-1.2406509;-9.6062155
660331868;660331802;1.8180892;-0.7402728;-9.563445
660388626;660388555;1.1806545;-0.58260655;-9.826995
660436654;660436578;0.95878243;-0.8928734;-10.163511
660484672;660484604;0.8198943;-0.88330877;-9.0418005
660532696;660532628;-0.40242118;-1.2838173;-9.787166
660585093;660585018;-0.23443586;-1.0078403;-9.532678
660637480;660637408;-0.5649474;-1.0723628;-9.930085
660685496;660685430;-0.9064343;-1.1565106;-9.9694
660738475;660738304;-0.8944577;-0.41333;-10.001899
660786451;660786327;-0.39985713;-0.40758538;-9.888856
660834464;660834348;-0.02798997;-0.560319;-9.979763
660882445;660882374;0.17009315;-0.5856065;-9.622587
660934838;660934768;0.4421069;-1.5536307;-9.423802
660987239;660987157;0.40684062;-1.2703166;-9.645269
661035262;661035179;0.10878326;-1.3668969;-9.217409
661087637;661087571;-0.4371631;-1.1391395;-10.135826
661135680;661135596;-0.73629254;-0.7676376;-9.735631
661183701;661183620;-0.5268689;-0.76928174;-9.959044
661231724;661231644;-0.23491243;-0.93093187;-10.043925
661284100;661284032;0.06271642;-1.0163455;-9.328903
661336489;661336421;-0.090219766;-0.5174597;-10.402551
661384514;661384447;-0.041328106;-0.92783976;-9.914796
661436905;661436839;0.12678541;-0.8775653;-9.480328
661484932;661484865;-0.318942;-0.15845281;-10.094301
661532957;661532890;0.06575224;-0.61076415;-9.537152
661585351;661585283;0.08945128;-0.37138134;-9.877487
661637831;661637676;-0.12523693;-0.7127871;-10.15696
661685772;661685706;0.5757892;-1.464897;-9.359407
661733801;661733735;0.08742977;-0.7370289;-9.786192
661781830;661781762;0.4030319;-0.8815508;-9.260592
661834222;661834155;-0.17618173;-0.92890704;-9.903317
661882739;661882665;-0.28976429;-0.87064135;-10.312775
661935132;661935055;0.18457599;-0.30342495;-9.237304
661987577;661987444;0.014864666;-0.6856779;-10.295148
662035560;662035468;0.46431717;-0.8475691;-9.70121
662083563;662083497;0.4132376;-0.31889883;-9.649798
662136010;662135891;0.14975256;-0.5028133;-9.979055
662184042;662183916;0.18998857;-0.56861836;-10.264545
662236381;662236306;0.14488956;-0.4638511;-9.842543
662284427;662284330;0.14877023;-0.9352753;-9.779965
662336803;662336720;-0.10178971;-1.1100879;-10.091171
662384820;662384742;0.13486461;-1.4878596;-10.247994
662432941;662432763;0.13060515;-1.104644;-9.581584
662485214;662485148;0.17234235;-1.2674512;-9.833933
662537604;662537534;-0.12887879;-0.2724406;-9.732717
662585618;662585552;0.83238506;0.86010146;-10.039136
662633634;662633568;0.7525837;-0.47342286;-9.769219
662686019;662685952;0.911259;-0.21021408;-9.260018
662734037;662733969;0.58338237;0.22601542;-10.053003
662782053;662781988;0.28385386;-0.3888242;-9.833847
662834444;662834375;0.70668536;-0.09144903;-9.246678
662886832;662886763;0.17936435;-1.1439545;-9.507663
662934857;662934789;0.3778926;-0.6289661;-9.722751
662982884;662982814;-0.25733444;-1.2854464;-9.86594
663035757;663035692;0.56169933;-0.8034317;-9.394911
663083872;663083718;0.5428492;-0.04590064;-9.614629
663136265;663136111;0.6162841;0.3603857;-10.045161
663188569;663188503;0.7619684;0.42364913;-9.752727
663236688;663236525;0.62031335;-0.22633654;-9.370413
663284680;663284549;0.23274344;-0.7453844;-10.588948
663332660;663332570;1.2546281;-1.1721605;-9.896709
663385042;663384958;0.31696418;-1.2477461;-9.961526
663433119;663432980;0.8931127;-0.56183505;-9.820578
663485455;663485367;0.4941294;-0.5377786;-9.46824
663537826;663537756;0.6472402;-0.2607786;-9.321431
663585851;663585776;0.506302;-0.500941;-9.999451
663633862;663633793;0.6407004;-0.28495592;-9.840216
663681899;663681812;0.61962795;-0.9622505;-9.8490305
663734273;663734200;0.63680416;-0.9573812;-9.217632
663786662;663786593;0.71170616;-0.7229382;-9.535565
663834688;663834620;0.43066806;-0.86585397;-9.970883
663887074;663887009;0.38197196;-0.21473995;-10.078735
663935097;663935032;0.5756108;-0.060591005;-9.196434
663983120;663983056;0.19957422;-0.3491139;-10.251134
664035513;664035445;0.6708555;-0.3985971;-9.590592
664087898;664087833;0.20825139;-0.30354592;-9.943361
664135918;664135852;0.58380234;-0.9806323;-9.7154
664184436;664184354;0.42325187;-0.68774277;-9.64357
664236885;664236734;0.3146247;-0.5612595;-9.662739
664284925;664284752;0.53321993;-0.19727324;-9.222685
664332841;664332769;0.66588926;-0.61063963;-9.118888
664385236;664385154;0.41567606;-0.4859985;-10.406229
664437609;664437538;0.6520265;-0.58017665;-9.854148
664485628;664485561;0.3641873;-0.63454896;-9.431419
664533670;664533582;0.68892384;-0.21955976;-9.982253
664586040;664585971;0.18321474;-0.31782934;-9.380872
664634054;664633986;0.25448915;-0.57195616;-8.999863
664686434;664686369;0.123528086;-0.45423058;-9.4865465
664734454;664734386;0.23107737;-0.25239283;-9.77434
664786848;664786768;0.15137424;-0.8108078;-10.5407095
664834854;664834785;0.13611285;-0.9895232;-9.830552
664882874;664882805;0.001907665;-0.20801337;-9.933943
664935258;664935191;-0.07965461;-0.5996528;-10.8184805
664987653;664987582;0.1995693;-0.35435587;-10.017082
665035683;665035606;-0.008432698;-0.30898786;-9.731157
665083708;665083628;-0.17268479;-0.21632342;-10.460952
665136083;665136017;0.06299051;-0.3614994;-9.230736
665184110;665184043;0.05772366;-0.609326;-9.217397
665232152;665232073;-0.11869681;-1.0319;-10.427826
665284533;665284466;0.00692932;-1.0667914;-9.9297
665337444;665337341;0.24547097;-0.7049119;-9.271902
665385449;665385367;0.4763458;1.0610038;-9.30365
665433455;665433390;0.052717578;2.1584277;-9.618167
665485867;665485781;-0.32699192;1.9264774;-9.596755
665533990;665533805;-0.6255026;1.5676292;-9.201282
665581960;665581824;-0.6957821;0.7954636;-9.672555
665638654;665638573;-0.97703373;0.24036148;-10.503159
665686655;665686590;-0.58584195;-0.059789635;-9.950831
665734675;665734610;-0.11162214;0.2857373;-10.378452
665782715;665782635;-0.048216037;0.3860356;-9.216182
665835089;665835021;-0.15724272;0.3094587;-9.800569
665883113;665883047;-0.13615495;0.33030072;-10.575094
665935504;665935436;-0.37477377;0.2501223;-9.902663
665987904;665987828;-0.26920113;0.69378996;-8.868644
666035921;666035852;-0.79554343;1.1573763;-9.964299
666083943;666083874;-0.83562064;1.0279964;-9.581766
666131967;666131896;-0.9823204;1.3796815;-10.595297
666184352;666184286;-1.024168;0.58522075;-10.015401
666236746;666236674;-0.509061;0.118799075;-9.4334755
666284772;666284696;-0.56885934;0.5817108;-9.770417
666337149;666337082;-0.56258094;0.7372722;-9.260206
666385169;666385104;-0.27557686;0.648045;-9.351651
666433209;666433130;-0.39192006;0.5980172;-9.172016
666481709;666481644;-0.7057862;1.0021989;-10.238089
666534175;666534043;-0.7788756;1.133309;-10.010615
666586524;666586442;-1.0034456;0.6925397;-10.991204
666634644;666634474;-1.4053835;0.38755372;-10.195396
666686974;666686874;-0.8072422;0.59442925;-9.763014
666734984;666734901;-0.41601345;0.6469193;-9.105399
666783051;666782930;-0.3895925;1.2420602;-9.954481
666835387;666835322;-0.36107326;1.5441846;-10.404682
666887785;666887716;-1.1189661;1.4228771;-10.081993
666935810;666935740;-1.094279;1.5412589;-9.208911
666983831;666983763;-1.0143003;1.5475652;-9.317515
667036215;667036150;-1.2402856;1.1703104;-9.380195
667084247;667084175;-1.1439357;1.5799953;-10.555678
667136635;667136565;-0.98839575;1.8081857;-8.854769
667184658;667184588;-0.9155919;1.8909388;-9.850561
667237042;667236976;-1.0401349;1.821076;-10.609067
667285065;667285000;-0.8447499;1.3934811;-10.486878
667333090;667333023;-0.7405799;1.1547906;-9.840053
667385489;667385416;-0.9405551;1.3344182;-10.523205
667433512;667433441;-0.91180587;1.639967;-10.78557
667485927;667485829;-1.0080794;1.2450613;-9.708023
667533915;667533849;-1.3508807;0.93303;-10.228003
667586838;667586726;-0.64573365;0.5119708;-9.395826
667634868;667634757;-0.08428673;1.4718797;-8.546159
667682868;667682784;0.24108644;2.0215502;-9.129595
667735291;667735177;-0.3707947;2.624071;-8.350921
667787646;667787565;-1.1692979;2.459736;-9.074544
667835784;667835596;-1.7921451;2.299234;-9.558704
667883763;667883618;-1.5107771;3.273165;-10.056213
667936174;667936007;-1.4110843;4.029324;-9.826012
667984112;667984029;-2.1329725;3.0613384;-10.242057
668032130;668032050;-3.0478868;0.5943363;-11.197032
668084607;668084435;-2.5871685;-0.008534257;-9.134957
668136898;668136820;-0.5062332;-0.8609838;-9.741807
668184904;668184839;0.6800172;-0.6761991;-8.497916
668233034;668232858;1.1039844;-1.2176225;-9.553605
668285307;668285242;0.5488018;-0.46427917;-9.071056
668333328;668333262;-0.11111254;-0.7215453;-10.570327
668385715;668385648;-1.9610461;-1.0691377;-9.525818
668438100;668438035;-1.4246641;-1.5320824;-10.140067
668486127;668486061;-1.7012509;-1.3153623;-8.885406
668534151;668534081;-0.97487104;-0.79470575;-8.742415
668582169;668582103;-1.312238;-2.4563978;-8.779481
668634559;668634491;-0.32307023;-3.5101893;-10.094125
668686969;668686882;0.10897118;-2.5193977;-8.401901
668735499;668735393;0.35601556;-2.8717697;-9.397633
668787869;668787785;-0.7889018;-3.9269407;-9.26487
668835975;668835812;-0.08959622;-3.5440059;-10.219074
668883954;668883836;0.09513638;-2.5393052;-9.057972
668931985;668931861;0.5784562;-0.75478774;-7.866386
668984332;668984252;-0.123774394;-0.1875836;-8.804517
669036715;669036645;-2.2686427;0.3368384;-8.181697
669084756;669084673;-4.5965133;0.4959054;-8.977431
669137215;669137069;-6.3540716;1.327523;-8.1615925
669185163;669185096;-5.9517255;1.8933375;-9.526848
669233206;669233121;-6.947067;1.6060171;-9.648645
669285631;669285516;-6.4296227;0.9824831;-8.6270275
669337979;669337910;-6.495087;0.8395714;-9.264727
669386004;669385939;-3.7660215;1.3415133;-9.571102
669434059;669433967;-1.7957771;0.6771997;-7.9780416
669486424;669486358;-0.18986858;-1.16525;-9.0303
669534451;669534384;-0.4691936;-2.4369113;-9.406326
669582494;669582410;1.8836402;-1.8682421;-9.178075
669634869;669634803;3.8898253;-0.3452013;-7.8684535
669687265;669687196;4.8249383;0.002550137;-7.726783
669735293;669735224;4.507579;-0.54178935;-8.194217
669783317;669783251;3.6104136;-0.22457261;-9.951432
669835716;669835648;3.2051713;-0.29482633;-8.881017
669884295;669884165;2.7866626;0.56195885;-8.963526
669936654;669936557;1.6328331;0.61058736;-9.699191
669984650;669984585;0.41062957;0.8577095;-9.47464
670037095;670036978;0.067635715;0.8793644;-9.199749
670085077;670085009;-0.8892878;1.2055589;-9.81721
670133101;670133036;-1.4422959;1.6827667;-9.013186
670185553;670185431;-1.3039159;2.2550244;-10.471597
670233527;670233458;-0.7222249;2.0281768;-10.396464
670286001;670285853;0.0397025;1.0996116;-8.6716795
670334036;670333883;0.10250254;0.4840571;-9.494032
670386357;670386280;1.2458261;-0.5828443;-10.08645
670434482;670434308;2.0273094;-0.5726667;-8.698292
670482462;670482331;1.5400295;-0.5342153;-9.597449
670534798;670534723;0.98104906;-0.1933312;-9.705423
670587179;670587112;0.8419333;0.51404554;-10.434046
670635200;670635134;0.11913945;1.1924453;-9.930729
670683232;670683153;-0.18627004;1.0518898;-10.412901
670735605;670735539;-0.52397823;1.4828671;-9.59867
670783629;670783562;-0.21829438;2.0193157;-10.053307
670836019;670835948;0.27420998;1.5393273;-10.75431
670888404;670888336;1.3571514;0.8028932;-8.60573
670936425;670936360;1.4742938;0.15820749;-8.854776
670984452;670984386;1.7664453;-0.1395298;-8.743654
671032979;671032899;1.2376738;-0.8034723;-9.310066
671085380;671085290;0.7130044;-0.2317902;-10.59399
671133379;671133313;0.30526474;-0.5053298;-10.337273
671185771;671185704;0.47677213;1.068294;-8.239493
671233852;671233733;0.52058077;2.1648312;-8.824744
671286239;671286129;-1.0911914;4.1332984;-9.090152
671334222;671334153;-1.1402849;4.87584;-8.44112
671382278;671382178;-2.1845577;4.471117;-10.134104
671434665;671434568;-1.9713887;4.2768707;-9.436575
671487039;671486958;-0.7173915;4.7033944;-9.256191
671535129;671534979;-0.5751911;3.9064746;-10.053995
671587525;671587366;-1.5214082;1.4666092;-9.431833
671635469;671635385;-0.9399997;0.34510323;-10.175833
671683493;671683409;-0.05590824;-0.118312255;-10.275688
671731518;671731433;0.57282764;-0.1730488;-10.671277
671783905;671783822;1.1773316;-0.02797458;-8.494408
671836275;671836209;0.37492925;0.39943126;-9.395203
671884381;671884229;-0.13646074;0.8004398;-9.364616
671936680;671936614;0.2913395;0.9312845;-10.014147
671984701;671984635;0.20741516;1.5520561;-10.290103
672032794;672032657;-0.078028284;1.1956376;-9.59082
672085112;672085046;0.16425045;0.73976684;-9.397852
672137504;672137436;-0.20051946;0.6544791;-10.278536
672186020;672185943;0.36330512;0.5246988;-9.094832
672234029;672233964;0.16907662;1.1849521;-9.802932
672286482;672286353;0.08697572;1.0513881;-9.943182
672334454;672334376;0.2511135;1.0359383;-9.692715
672382464;672382398;0.11983048;0.93424547;-9.817547
672434909;672434789;-0.0035413746;0.5632081;-10.246061
672487334;672487178;0.30397087;0.5911005;-9.307595
672535305;672535199;0.15243734;0.6086247;-9.658402
672583338;672583221;0.027357133;0.7352706;-10.345915
672635693;672635609;0.030799448;1.2246941;-9.910641
672683775;672683633;-0.0027140665;1.109849;-9.327479
672736109;672736027;0.18161097;1.0988712;-9.866815
672784132;672784050;-0.12793243;1.2247605;-10.223677
672836505;672836436;0.25360715;1.1043686;-9.681609
672884530;672884461;-0.015818998;1.3756566;-9.594082
672932563;672932482;-0.45303237;1.9764999;-10.15015
672984935;672984867;1.0465136;1.1262223;-9.192001
673037319;673037254;1.1259079;0.05135489;-9.448088
673085405;673085275;0.791089;-0.95250046;-9.25621
673133366;673133298;1.4761478;-2.218869;-9.629701
673185753;673185686;0.15966457;-3.27103;-9.349387
673233834;673233709;-2.5900414;-2.263053;-10.241623
673286166;673286098;-2.1165407;-0.2288598;-9.016487
673334680;673334607;-1.8770043;1.5313184;-9.63416
673387079;673386996;0.011654958;1.8033376;-9.9090805
673435083;673435019;0.675911;3.0608625;-9.616292
673483109;673483043;-0.053570293;1.6623683;-9.863358
673535564;673535428;-0.20306064;0.037572727;-9.500489
673583515;673583448;-0.56746936;-0.99138725;-9.4178295
673635981;673635833;-0.49326563;-1.3920804;-9.297488
673688281;673688215;-0.88361627;-2.8815966;-9.443151
673736310;673736230;-1.6348479;-1.5613147;-9.901976
673784326;673784246;-2.3764486;0.57935447;-9.728643
673832433;673832264;-1.1204118;2.958347;-10.046624
673884713;673884645;0.12376473;1.7318788;-9.593016
673937094;673937025;0.26706576;-0.3152649;-8.929402
673985109;673985042;0.9312011;-2.378084;-9.648432
674037494;674037423;-0.042592786;-3.9544852;-9.445128
674085507;674085439;-1.6786802;-1.3670565;-9.108721
674133529;674133459;-2.566183;0.15151449;-11.001513
674181540;674181475;-1.7804134;1.8974481;-10.499219
674233924;674233856;-0.9373546;1.7391194;-10.123601
674286313;674286239;-0.33081338;1.3344243;-9.525069
674334325;674334257;-0.6481676;0.75728405;-8.899148
674386706;674386638;-1.9616299;0.55992216;-9.606587
674434732;674434655;-2.538119;-0.42738408;-9.61871
674483226;674483158;-2.870407;-1.046225;-10.234412
674535713;674535541;-2.3937278;-0.7315872;-9.399565
674587991;674587922;-2.482411;0.60585725;-9.466356
674636028;674635944;-2.7556612;1.0956752;-9.226461
674684051;674683967;-2.652027;0.9138081;-8.861923
674736422;674736356;-2.3175094;0.31918624;-9.626344
674784446;674784378;-2.2442315;0.16708648;-9.326168
674832467;674832398;-2.337219;-0.053680822;-9.63899
674884848;674884783;-2.7070186;0.095870666;-9.514537
674937238;674937170;-2.719083;0.4036278;-9.515724
674985295;674985195;-2.348766;0.10165837;-9.468966
675033286;675033217;-2.3034213;-0.06578696;-9.263422
675085672;675085606;-2.2007997;-0.10395753;-8.983296
675133724;675133628;-2.3949168;-0.12463702;-9.515726
675186081;675186014;-2.6292212;-0.40532103;-8.837051
675234101;675234032;-2.9297657;-0.6259487;-9.357569
675286485;675286416;-3.691746;-0.18990591;-9.506556
675334512;675334443;-4.2427397;-0.00826453;-9.482757
675382530;675382463;-3.5560873;-0.6791636;-9.403187
675434919;675434851;-1.9128;-0.92260814;-10.384288
675487307;675487240;-1.0797005;-0.4003139;-9.244572
675535329;675535262;-0.6142257;0.3913693;-9.142111
675583348;675583283;0.6100537;0.89087254;-9.747588
675636228;675636147;1.8442544;0.1556298;-9.519327
675684241;675684161;1.3950813;0.082998015;-8.9618025
675732258;675732177;1.3557723;-0.4279129;-10.032501
675784623;675784558;0.3477941;-0.84617805;-9.868449
675837012;675836941;0.76231307;-1.296221;-9.689874
675885028;675884962;0.75576544;-1.9055969;-9.336279
675933049;675932983;0.6036093;-1.1774837;-9.393197
675985436;675985368;0.974706;-0.1430928;-9.784001
676033451;676033385;0.4234665;-0.348821;-9.908326
676085837;676085771;0.9214313;-0.01436279;-10.093492
676138219;676138152;1.9382663;-1.535541;-9.345001
676186330;676186167;1.1875508;-1.2662389;-8.951925
676234253;676234185;0.7026938;-0.99097353;-9.431722
676282271;676282203;1.1491355;-1.3151169;-8.948834
676334662;676334586;0.923722;-2.8670163;-10.064805
676387036;676386969;-0.4945193;-0.6501093;-9.661965
676435055;676434988;-0.33539754;1.8631539;-9.989217
676487440;676487371;-0.28258058;3.8617215;-9.934387
676535457;676535391;-0.15295099;5.4586244;-9.37789
676583482;676583409;1.052306;4.224678;-8.490684
676631509;676631433;1.8015593;2.2173038;-8.915187
676683890;676683822;2.2092328;-0.24012293;-9.801477
676731911;676731844;2.0862036;-1.7671422;-9.182471
676785279;676785200;0.010871009;-1.5531832;-9.410717
676837650;676837585;-0.6101051;-1.242359;-10.002746
676885675;676885607;-1.1170805;-0.7537494;-9.774882
676933718;676933635;-0.49664044;-0.85960466;-10.269357
676981724;676981659;0.5699457;-0.79836076;-9.846252
677034118;677034052;0.66573393;0.24430071;-9.517461
677086506;677086441;0.52305204;0.66644895;-8.842373
677134533;677134466;0.79937166;0.095398925;-9.712375
677187018;677186860;1.42485;0.2580701;-8.9795
677234958;677234891;0.64533913;0.32136118;-8.915895
677282983;677282918;0.81113553;-0.17078142;-9.740255
677335443;677335314;0.57434785;-0.19439048;-9.96285
677387829;677387711;0.8839139;-0.5307774;-9.563971
677435812;677435744;0.4911383;-0.28677654;-9.805801
677483883;677483771;0.4543019;0.075100526;-9.910693
677536262;677536162;0.5147542;-0.080453835;-9.609077
677584295;677584189;1.0042098;1.017458;-10.02267
677636662;677636575;0.81235796;-0.01583499;-10.3686285
677684735;677684603;0.879674;0.4596555;-9.251556
677737093;677736997;0.7682545;0.039993897;-9.205641
677785202;677785026;0.66255975;0.21081729;-9.822902
677833188;677833055;0.56131244;0.17770597;-10.009667
677886002;677885936;0.8611318;-0.16570327;-10.194428
677934075;677933965;1.0629921;0.5178121;-10.435556
677986425;677986358;0.67789966;0.3633698;-9.865903
678034447;678034381;0.33200923;-0.13043725;-10.439888
678086841;678086773;0.7933436;0.1391801;-9.403663
678134864;678134796;0.5768786;-0.118010476;-9.567221
678182891;678182823;0.44591707;0.6373469;-10.1938305
678235294;678235222;0.6131066;1.4234995;-9.518415
678287698;678287616;0.67975014;0.8563565;-8.947001
678335729;678335646;0.34692994;-0.49634025;-9.939729
678383742;678383674;0.6245246;-2.659157;-9.093146
678436148;678436072;0.4685875;-1.7333016;-10.028532
678484167;678484101;0.7994597;-1.2776031;-9.7558365
678532193;678532127;0.69989073;0.18855643;-9.84161
678584693;678584523;0.60648596;-0.14360897;-9.73083
678636980;678636914;0.28801483;-0.9710727;-10.053503
678685008;678684942;0.82660645;-1.7373736;-9.678336
678733130;678732969;0.7462038;-0.65869856;-9.894923
678785434;678785365;0.63407594;-1.1697084;-9.708151
678833463;678833395;0.90896046;-0.81834227;-9.306539
678885859;678885793;0.4025139;-1.3839366;-9.874886
678938346;678938192;0.95154464;-1.2091084;-9.2918825
678986376;678986224;0.36071393;-1.4882097;-10.071091
679034818;679034742;0.5329657;-2.2772822;-9.726877
679082871;679082773;0.99080104;-1.6209792;-9.092574
679135235;679135169;0.6694038;-1.1538091;-9.431621
679183348;679183198;0.3658983;-1.6803073;-9.575181
679235665;679235591;0.4883008;-1.7730373;-10.449727
679288055;679287991;0.5510333;-1.4923512;-10.066638
679336104;679336021;0.82053536;-2.1101923;-9.238897
679384118;679384052;0.86593634;-1.3474151;-9.914806
679432150;679432084;0.9972193;-1.25306;-8.533751
679484548;679484478;0.88703066;-1.7217724;-9.878532
679537002;679536873;0.5186013;-1.8922077;-9.320541
679584966;679584901;0.49037153;-2.987123;-10.00325
679637374;679637293;0.60442984;-3.4413857;-9.630317
679685390;679685317;1.0501986;-3.3398914;-9.519264
679733405;679733339;1.1693416;-3.470887;-9.751499
679785803;679785734;1.3076725;-2.306485;-9.939141
679838199;679838124;1.5438436;-0.8220602;-9.069464
679886213;679886148;1.5251807;-0.23429422;-9.106092
679934238;679934173;1.1046376;0.578422;-10.3178425
679986631;679986565;0.8720621;0.54596275;-9.562946
680034673;680034593;0.15917036;1.944277;-9.558036
680082686;680082620;-0.39525968;2.2922127;-9.929133
680135077;680135013;0.017521108;0.9534722;-9.786422
680187963;680187896;0.34746927;0.059994943;-10.158902
680235999;680235929;0.81933296;-0.107766;-9.752986
680284021;680283955;0.8868047;-0.12565312;-9.769928
680336413;680336348;0.9933958;-0.5615453;-9.725703
680384444;680384376;0.3957242;-0.08778287;-10.673404
680432486;680432403;0.725154;-0.14212896;-9.685351
680484860;680484795;0.09836612;0.631;-10.3082075
680537259;680537193;-0.26254603;0.59330857;-10.081926
680585283;680585219;-0.03368512;-0.12888621;-9.578733
680633312;680633247;-0.25498542;0.30804315;-10.794149
680681336;680681271;0.49739414;-0.33459318;-9.061709
680733735;680733666;0.536815;0.086295195;-9.864584
680786123;680786058;0.5668615;-0.5251542;-10.427001
680834151;680834085;1.0439254;-0.49025425;-9.461574
680886598;680886474;1.0228077;-0.13049747;-10.172713
680934565;680934499;0.66059613;-0.5273598;-9.97364
680982590;680982522;0.15810129;-0.27992785;-10.23331
681034993;681034919;0.4373498;-0.30277213;-9.986155
681087374;681087308;0.49035683;-0.13839439;-9.900943
681135413;681135334;0.44061533;-0.43430626;-9.825653
681183424;681183359;0.30087006;-0.119175516;-9.912477
681235817;681235753;0.25180182;-0.6354241;-9.614635
681283852;681283784;0.031935573;-0.40203902;-9.995288
681332363;681332297;0.39586017;-0.6249024;-9.602615
681384758;681384692;0.36377302;-0.080587626;-9.9214
681437155;681437087;0.32879713;-0.43665206;-9.749529
681485224;681485116;0.3059543;-0.03470132;-9.240117
681533209;681533144;0.60271746;-0.26398557;-9.75161
681585609;681585541;0.27142048;-0.09364727;-9.28865
681633659;681633573;0.12972257;-0.67719877;-10.081856
681686034;681685969;0.26658675;-0.57845676;-9.49266
681738431;681738365;0.18609539;-0.30805057;-9.490798
681786457;681786392;0.33511293;-0.6668981;-9.766561
681834486;681834416;0.097482264;-0.47057822;-10.408527
681882511;681882441;0.27419195;-0.59945756;-9.699165
681934896;681934830;0.19776851;-0.72636545;-9.889852
681982923;681982857;0.47249812;-0.83981764;-10.141865
682035318;682035250;0.1893087;-0.72314245;-9.702224
682087711;682087646;0.06472268;-0.74068606;-9.413875
682135838;682135677;-0.26753244;-0.3803825;-10.062962
682183777;682183703;0.13554035;-0.17618741;-9.56479
682231800;682231735;0.057893984;-0.35629827;-10.446638
682284265;682284130;-0.030531738;-0.57445854;-9.538513
682336606;682336527;0.2270097;-0.9000537;-8.920087
682384620;682384554;-0.08758346;-0.50295955;-9.41692
682432695;682432580;0.12664235;-0.38161013;-9.080818
682485529;682485461;-0.17004438;-0.5575788;-9.003748
682533557;682533488;-0.19649227;-0.75892603;-9.069795
682581584;682581516;-0.41048953;-0.71590436;-9.823847
682633977;682633908;-0.20521666;-0.6421168;-10.1882305
682686363;682686298;-0.2666093;-0.95729154;-9.484557
682734396;682734322;-0.19727343;-0.115130074;-9.513648
682786782;682786713;-0.69381154;-0.39014482;-9.639739
682834804;682834736;-0.28135493;-0.5206473;-10.165133
682882843;682882758;-0.24312697;-0.5031831;-9.238388
682935216;682935149;-0.105975725;-0.25335053;-9.785426
682987613;682987543;-0.55573624;-0.39962947;-8.931322
683035641;683035573;-0.05928082;-0.46020103;-9.728116
683083667;683083597;0.12448464;-0.22722884;-9.188575
683136057;683135989;-0.47381362;-0.1616852;-9.149629
683184085;683184019;-0.22199565;-0.43444172;-11.127199
683236488;683236419;-0.07411602;-0.71548784;-10.218035
683284519;683284453;-0.11159419;-0.25131658;-10.196859
683336918;683336852;-0.25595903;-0.56430465;-9.764219
683384962;683384880;0.07136721;-0.4639521;-9.973211
683432980;683432912;-0.29414457;-0.022400234;-10.703793
683485384;683485315;-0.36792776;-0.43521678;-9.6303
683537781;683537713;-0.3613373;-0.40854102;-10.168628
683585810;683585743;-0.5632889;-0.7349675;-9.746282
683634329;683634262;-0.57153517;-0.3200362;-9.569795
683686727;683686661;0.03146707;-0.7301345;-9.98133
683734761;683734696;0.11447354;-0.7037649;-10.145012
683782799;683782730;0.38502035;-0.87999165;-10.571289
683835206;683835126;0.21203454;-0.5240291;-9.912517
683887590;683887524;-0.22421125;-0.2944159;-9.917963
683935624;683935554;-0.71745896;-0.18206453;-9.423515
683983654;683983581;-0.59220666;0.15642327;-9.8410225
684036044;684035979;-0.27011213;0.081649475;-10.520745
684084074;684084007;-0.38008758;-0.49230143;-10.236534
684132206;684132041;0.13935362;-1.2509414;-9.286899
684184501;684184435;0.12479471;-1.0726504;-9.840743
684236911;684236833;0.35546735;-0.5638191;-9.584712
684284933;684284866;-0.0062221102;-0.44461328;-9.729026
684332968;684332897;-0.43064278;-0.20330583;-9.65881
684385366;684385298;-0.5427105;0.2257575;-9.941999
684433397;684433328;-0.5165786;-0.46815658;-9.500651
684485804;684485723;-0.15214297;-0.26716655;-9.54966
684538187;684538121;-0.44106433;-0.5927022;-9.7407465
684586220;684586154;-0.28271097;-0.43797225;-10.694008
684634261;684634187;-0.29509497;-0.8472122;-9.561308
684682283;684682215;-0.42402306;-0.54476863;-9.70145
684734681;684734615;-0.48182467;-0.47704434;-9.77894
684783199;684783134;-0.65358293;-0.24260733;-9.253367
684835597;684835531;0.035684433;-0.6514541;-9.156971
684887994;684887928;-0.44543132;-0.2434413;-10.210756
684936037;684935958;-0.31978017;-0.60935533;-9.160945
684984053;684983985;-0.3827093;-0.37250012;-9.878364
685032085;685032015;-0.1946176;-0.87694114;-9.599475
685084489;685084411;-0.07841456;-0.6502519;-8.941518
685136870;685136805;-0.27204406;0.03996275;-9.956291
685184900;685184834;-0.49600923;-0.4428955;-10.352171
685237296;685237228;-0.4860912;-0.4025437;-10.4961815
685285320;685285254;-0.29805535;-0.48729852;-9.717108
685333349;685333281;0.055901375;-0.69246346;-9.437662
685381384;685381308;-0.09463084;-0.65755266;-8.814286
685438138;685438070;-0.17985734;-0.6073528;-10.288248
685486165;685486096;-0.2893723;-0.6103118;-10.288288
685534193;685534121;-0.49648967;-0.31825075;-10.946994
685586584;685586516;-0.03212823;-0.2590097;-8.754087
685634613;685634544;-0.20149986;0.011692792;-9.552458
685682639;685682571;0.18322168;-0.60497004;-8.67209
685735032;685734964;-0.35807994;-0.3391217;-10.167862
685787424;685787355;-0.23681131;-0.5072887;-10.640649
685835451;685835380;-0.21605693;-0.74022716;-9.74655
685883479;685883405;-0.14401664;-0.063451834;-10.396477
685936350;685936282;-0.1847994;-0.029449208;-9.172733
685984377;685984309;-0.12696183;-0.15113083;-9.435126
686032403;686032336;-0.10328247;-0.4733498;-8.886278
686084802;686084734;-0.0066727;-0.994747;-9.557728
686137230;686137132;-0.29741955;-0.6230875;-9.921542
686185227;686185158;-0.47540614;-0.60584116;-10.5706
686233254;686233185;-0.4839599;-0.34412748;-10.152199
686285660;686285580;-1.0721818;-0.25166523;-10.188329
686333677;686333608;-0.6402963;-0.61178535;-10.245798
686386063;686385998;-0.17404498;-1.0638427;-9.504985
686434092;686434024;-0.3056904;-0.31748372;-9.638697
686486489;686486416;-0.78103995;0.13577218;-10.504968
686534512;686534442;-0.60431993;-0.751621;-9.423709
686582537;686582467;-0.44168106;-0.19816019;-10.019101
686634926;686634858;-0.19333772;-0.28276712;-9.434129
686687313;686687247;-0.52644396;-0.8292879;-9.575272
686735338;686735273;-0.524718;-0.35184756;-9.780614
686783365;686783299;-0.51290077;-0.38967788;-9.996817
686835765;686835695;-0.6919148;-0.029022336;-9.450752
686883794;686883725;-0.9543288;-0.117865205;-10.751319
686931823;686931752;-0.5081876;-0.9424974;-9.902922
686988579;686988511;-0.30805966;-0.68042815;-9.0566845
687037103;687037035;-0.24437703;-0.8388808;-8.877784
687085110;687085043;0.20373262;-0.4540653;-9.836359
687133156;687133072;-0.039838485;0.055733915;-10.002629
687185539;687185470;-0.28717014;-0.07314714;-9.726829
687233566;687233499;-0.32634458;0.1310294;-9.154696
687285964;687285894;-0.6335095;-0.5352957;-9.383605
687338349;687338284;-0.23785879;-0.62190056;-10.351618
687386382;687386309;-0.4305613;-0.36571607;-9.259318
687434404;687434335;-0.6444668;-0.64145994;-8.323284
687482434;687482364;-0.40690604;-0.666675;-9.885639
687534932;687534764;-0.18986534;-0.24242012;-11.225389
687587231;687587158;-0.692038;0.10630957;-9.047398
687635251;687635186;-0.39733076;-0.06359036;-8.856576
687683355;687683218;-0.22496088;-0.7621995;-10.083751
687735683;687735617;-0.27865016;-0.498631;-9.378823
687783717;687783649;-0.674129;-0.19949509;-9.866986
687831781;687831680;0.31993863;-0.006666471;-9.432308
687884145;687884076;-0.13170558;-0.24553744;-10.108289
687936534;687936468;-0.31163594;-0.14147666;-9.8671875
687984572;687984491;-0.46924824;-0.2252172;-10.767483
688036960;688036879;-0.46389422;-0.5350345;-10.217285
688084972;688084905;-0.23520769;-0.328828;-10.841924
688132995;688132929;-0.30802223;-0.3631796;-9.366571
688181996;688181930;-0.2325996;-0.4841997;-9.302426
688234375;688234295;-0.4849745;-0.46111566;-11.027659
688286817;688286679;-0.59050256;-0.38108605;-8.68145
688334773;688334705;-0.63561034;-0.23044775;-10.191978
688387172;688387095;-0.31568104;-0.16458976;-9.56629
688435184;688435120;-0.026781997;0.04576053;-9.365924
688483213;688483145;0.13415258;-0.38537633;-8.516663
688535608;688535536;-0.10113434;-0.70175904;-10.19033
688587989;688587924;-0.6395492;-0.005386599;-10.500072
688636020;688635949;-1.0216893;-0.5535292;-9.71986
688684054;688683972;-1.1146811;-0.36041322;-9.991621
688736429;688736361;-0.64123046;-0.6880091;-9.308951
688784454;688784384;-0.7238388;0.06077097;-10.059659
688836833;688836766;-0.55346394;-0.33511633;-10.051761
688884851;688884786;-0.3609601;-0.3500061;-10.290393
688937247;688937170;0.28170598;-0.63216525;-9.526829
688985258;688985192;-0.2431053;-0.47473493;-10.323204
689033277;689033213;-0.25929293;-0.6566927;-9.400453
689085737;689085599;-0.74592775;-0.0071206153;-9.947706
689133694;689133618;-0.5977446;-0.17009848;-9.298793
689186131;689186003;-0.55351925;-0.28885955;-9.542809
689234156;689234025;-0.46235582;-0.3391972;-9.3157
689286496;689286412;-0.2880713;-0.3634918;-9.660533
689334982;689334916;-0.075531505;-0.58587384;-9.469918
689383006;689382936;-0.4698405;-0.38965854;-10.11879
689435389;689435321;-0.38563195;-0.10950755;-9.254851
689483401;689483336;-0.58154315;-0.28557518;-9.971751
689535787;689535721;-0.5035621;-0.08197278;-9.46781
689583809;689583742;-0.64538616;-0.15521906;-10.147104
689636194;689636130;-0.6186095;-0.30634665;-9.71897
689684215;689684150;-0.5045229;-0.49565953;-10.278875
689732235;689732170;-0.57571006;-0.47805443;-10.282884
689788987;689788922;-0.37448338;-0.18495163;-9.580448
689837002;689836937;-0.37870556;-0.45263606;-9.617833
689885041;689884954;-0.3964855;-0.43590108;-9.899907
689933037;689932973;-0.5955153;0.06749406;-10.071754
689985454;689985358;-0.6935961;-0.46496838;-9.783682
690033497;690033377;-0.6914724;0.05269955;-9.876887
690085848;690085761;-0.5836282;0.19864918;-9.577396
690138231;690138146;-0.29457605;-0.59307563;-9.463782
690186252;690186169;-0.31391698;0.8791889;-9.523498
690234347;690234192;-0.27889684;1.3657764;-9.56202
690282331;690282213;0.01496644;1.4415587;-9.848983
690334680;690334599;-0.58412683;2.5138924;-9.595466
690387053;690386986;-0.72915083;0.9371323;-9.752304
690435075;690435006;-0.7716584;1.0758524;-10.023793
690487939;690487874;-0.6634831;0.8839767;-9.541054
690535959;690535895;-0.44508648;1.4478569;-9.79403
690583983;690583918;-0.20843191;1.3623158;-9.528609
690632014;690631942;-0.54256535;0.74489665;-9.898513
690684398;690684329;-0.65009606;1.162703;-9.977082
690736781;690736716;-0.6825536;1.2589319;-9.850303
690784806;690784740;-0.39300108;1.9309458;-9.8654585
690837188;690837124;0.015982501;2.720911;-9.500852
690885210;690885145;-0.57889855;3.6668563;-9.721436
690933229;690933162;-0.92719823;3.7092085;-9.856972
690985608;690985543;-0.5770638;3.5024314;-9.066203
691038099;691037922;-1.0357143;3.781982;-9.356416
691086200;691085936;-0.66432256;3.8468347;-9.2196665
691134070;691133953;-0.6817213;4.707076;-8.645687
691182042;691181975;-0.67234534;3.5806756;-8.684517
691234602;691234363;-0.6921828;0.35237238;-9.629172
691282473;691282387;-0.7032333;-1.3008635;-9.943418
691334843;691334777;0.098279215;-1.9133128;-9.90336
691387232;691387164;0.1989319;-1.1976593;-9.826476
691435253;691435187;-0.023045495;-0.65950584;-9.348093
691483273;691483207;-0.24907981;0.2413054;-9.825122
691535668;691535600;-1.3835216;-0.03946274;-9.875267
691583690;691583624;-1.049769;0.30856875;-9.9322815
691636558;691636492;-1.1935726;-0.28658834;-9.656337
691684592;691684513;-0.94460374;-1.2541487;-9.237879
691736967;691736902;0.30219406;-1.764015;-9.019724
691784998;691784920;0.0030614804;-1.2269335;-10.432804
691833017;691832937;0.07110388;-0.99028033;-10.173515
691885392;691885325;-0.2628946;0.39202872;-9.145631
691933420;691933346;-1.0898724;-1.0260279;-9.761868
691985807;691985729;-1.6535105;-1.8943317;-9.886447
692033814;692033749;-1.0881736;-3.8123405;-9.880275
692081871;692081771;-0.45436665;-2.5103035;-9.053541
692134249;692134161;0.069170624;-0.795981;-8.61122
692182274;692182185;-0.24586679;1.1350447;-9.189452
692234658;692234577;-0.097870946;0.5266647;-10.1950445
692287123;692286971;-0.033328954;0.29969686;-9.961365
692335081;692334995;-0.8426708;-0.17503321;-9.931771
692383177;692383020;-1.0657343;-0.31781673;-10.30662
692435560;692435413;-0.7618625;-1.1592772;-9.972471
692483519;692483437;-0.24219543;-0.98846257;-9.462405
692535891;692535825;-0.30449554;-0.2768372;-9.111253
692588278;692588211;-0.52331793;-0.15594675;-9.3833065
692636292;692636226;-0.68405443;-0.3542828;-10.092578
692684312;692684246;-0.6313183;-0.1069708;-9.643658
692732419;692732264;-1.3044361;-0.26000404;-10.575023
692785196;692785131;-0.6029314;-0.526528;-10.181578
692833227;692833148;-0.21012133;-0.38617992;-9.471812
692885622;692885534;-0.604707;-0.017832335;-9.837341
692933622;692933554;-0.58334166;-0.34239313;-10.445273
692986073;692985941;-0.070321135;-0.9285523;-9.534621
693034052;693033965;-0.4733834;-0.62370825;-9.8463
693082049;693081985;-0.6082807;-0.46756193;-9.85321
693134498;693134372;-0.671363;-0.3695869;-9.454305
693186915;693186761;-0.6360021;-0.55266553;-9.622973
693234865;693234786;-1.0540047;-0.1700955;-10.67857
693287257;693287174;-0.72925496;-0.51642627;-10.436881
693335279;693335197;-0.36710286;-0.3473534;-9.695188
693383365;693383220;-0.5225996;-0.41674143;-10.076983
693435702;693435610;-0.4531957;-0.021416109;-10.358261
693488178;693487993;-0.51569146;-0.4192385;-9.798389
693536078;693536013;-0.5052075;-0.25676316;-9.616256
693584099;693584032;-0.6264523;-0.2409297;-10.090542
693636572;693636414;-0.88373953;-0.51925033;-9.959707
693684523;693684433;-0.3702718;-0.46658933;-9.56269
693736889;693736819;-0.5317961;-0.07793778;-10.191329
693784996;693784842;-0.53068376;-0.71355045;-9.790573
693837298;693837232;-0.53611475;0.2216277;-9.488536
693885327;693885258;-0.78934705;-0.21655017;-10.230476
693933831;693933765;-0.27799183;-0.004101719;-9.347263
693986215;693986149;-0.40238175;-0.28742442;-9.514034
694034231;694034166;-0.53874594;-0.59763426;-9.564759
694086698;694086552;-0.28220427;-0.38617107;-8.917417
694134634;694134568;-0.46748388;-0.3701528;-10.364305
694187104;694186952;0.22280587;-0.12410671;-9.273298
694235111;694234971;-0.77923715;-0.45016178;-10.266709
694283090;694282990;-0.47418463;-0.5406727;-9.411539
694335450;694335370;-0.96211106;-1.0600479;-10.357903
694383555;694383394;-0.5989468;-0.022477899;-9.745215
694435849;694435783;-0.66865224;-0.99412733;-10.402843
694483873;694483807;-0.4405537;-1.2720593;-9.7574215
694536263;694536197;-0.29964066;-0.34829322;-9.486848
694584286;694584221;-1.5738447;1.7480464;-9.538511
694632327;694632242;-1.2381831;3.3193004;-9.675561
694684696;694684630;-0.39644063;3.276336;-10.087129
694737084;694737016;-0.20528868;0.9897209;-10.1615505
694785109;694785042;0.33045784;-0.2884739;-9.068172
694833131;694833066;-0.46598655;-1.6007245;-10.394149
694885528;694885456;1.2477406;-1.0808794;-9.482761
694933546;694933480;-0.6345177;-1.839403;-9.590964
694986037;694985870;-0.8099205;-0.85038644;-9.478796
695038320;695038253;-1.4153091;-0.012459077;-9.787436
695086841;695086757;-0.012081548;-0.3518298;-10.14702
695134870;695134778;-0.14707382;-0.1671844;-9.159004
695182860;695182795;-0.39163572;1.4445755;-9.626157
695235295;695235175;-0.780865;2.6752188;-10.26102
695283267;695283190;0.399228;2.6229854;-9.293907
695335656;695335575;0.8554294;0.8992822;-9.363336
695388027;695387958;0.7131292;-1.8009338;-9.799911
695436040;695435974;-0.047136582;-5.147793;-9.764964
695484073;695483990;-0.51218975;-0.6057084;-10.337855
695532093;695532007;-1.4687009;0.6318821;-10.931946
695584456;695584387;-0.6667217;1.3844752;-9.867097
695636837;695636768;0.30780587;0.13296854;-9.41516
695684882;695684781;1.1617898;-0.6078845;-10.013493
695737229;695737160;1.8960809;-0.6009587;-9.068824
695785246;695785177;-0.13508913;0.4884018;-10.1097765
695833329;695833193;-0.59050864;0.95879304;-10.180597
695885638;695885571;-0.5069539;0.25671238;-9.868308
695938017;695937947;-0.20608467;-0.7780664;-9.562273
695986028;695985959;-0.7754385;-0.6867543;-10.183204
696034039;696033972;-0.61178976;-0.24069701;-9.623209
696086425;696086356;-0.248496;0.24397074;-8.616317
696134444;696134373;0.26721287;-0.05086303;-9.270693
696182460;696182390;0.457972;0.41188;-9.594287
696231449;696231375;0.29383543;0.5759007;-9.9454775
696288203;696288124;0.23015696;-0.108999126;-10.648602
696336206;696336140;0.29675522;-0.3054854;-10.346078
696384266;696384157;-0.3123955;-0.15043081;-9.963512
696436605;696436537;-0.62880784;-0.24211763;-9.696932
696484635;696484553;-0.7930661;0.047091715;-9.646298
696532635;696532570;-0.20712486;-0.23482552;-9.706556
696585021;696584956;0.10259593;-0.54828423;-9.536778
696637416;696637347;0.3377775;-0.22466609;-9.206144
696685446;696685371;0.21730995;-0.4215709;-9.079349
696733456;696733391;-0.37341458;-0.8172864;-10.025862
696785843;696785778;0.46595013;-0.84701765;-10.096085
696833867;696833795;0.14039904;-0.6381379;-9.645509
696886282;696886173;-0.6978901;-0.64018697;-10.055592
696934271;696934186;0.15707052;-0.5741046;-9.25526
696986651;696986568;0.0011090945;-0.28271857;-8.760471
697034735;697034590;-0.24399509;-0.45421925;-9.297388
697082713;697082613;-0.13685635;-0.5748429;-10.246968
697135085;697135003;0.6354506;-0.87111235;-9.393757
697187460;697187390;-0.12258801;-0.6483892;-9.7101145
697235486;697235412;0.12964578;-0.7116745;-10.473648
697283549;697283427;0.6112633;-0.85687894;-9.447929
697335875;697335806;-0.09175571;-0.8218581;-10.247066
697384389;697384307;0.10698007;0.10995303;-11.007213
697432392;697432326;-0.031205174;0.3655726;-10.301151
697484783;697484708;0.18847395;-2.1705513;-10.422926
697537165;697537092;0.14921235;-4.417464;-9.955908
697585174;697585110;1.031941;-3.8392158;-9.325754
697633191;697633126;-0.27566242;-1.4110309;-10.308578
697685587;697685511;0.13873877;1.1283425;-9.665384
697733594;697733527;0.68035775;0.796833;-9.433462
697785992;697785906;0.3403993;-0.93701184;-9.228222
697838366;697838286;0.5779591;-0.8551175;-10.116675
697886493;697886302;-0.008389612;-1.5779427;-10.110277
697934459;697934317;0.3785681;-1.38503;-9.851144
697982430;697982333;0.2634672;-1.021429;-9.5356
698034794;698034714;0.13724135;-0.93727845;-9.4507065
698087160;698087095;0.35854286;-2.056897;-9.901409
698135197;698135109;-0.009916899;-2.8510349;-8.945821
698187552;698187486;0.32691336;-3.756296;-8.999514
698235566;698235499;-0.13657755;-1.9164103;-9.651945
698283620;698283511;-0.032322243;-0.03444258;-10.219938
698331591;698331525;0.22192496;-0.21270557;-10.312699
698383972;698383907;-0.056436572;0.7796956;-10.300031
698436351;698436285;0.17695229;0.6777048;-9.396968
698484847;698484781;-0.53005254;2.1984923;-9.046425
698537279;698537158;0.042628776;-0.42413992;-9.481144
698585295;698585170;-0.12007492;-1.7860502;-9.480091
698633257;698633190;0.231813;-0.858082;-9.806174
698685728;698685567;-0.92297184;1.3261992;-9.646133
698738020;698737950;-0.43373114;3.1409092;-9.81133
698786049;698785968;0.481978;2.831821;-9.095728
698834066;698833986;1.1697912;1.4495173;-8.947143
698886436;698886371;0.48139548;0.6602319;-10.075821
698934456;698934389;0.15101126;-1.5317112;-9.806623
698982474;698982405;0.28538093;-1.8709707;-9.819208
699034857;699034788;-0.23344395;0.07690691;-9.813639
699087246;699087170;-0.8020362;0.91873956;-10.2703705
699135255;699135189;0.24847479;0.6582655;-9.835062
699183275;699183207;0.09375373;1.6137699;-9.179471
699235662;699235591;0.24171214;-0.18478164;-9.292295
699283676;699283608;-0.3802083;-0.6770428;-9.928243
699336066;699335987;0.14275613;1.4921514;-9.41507
699384068;699384001;0.53906375;2.1806161;-9.228273
699436449;699436382;0.633499;0.92400956;-9.718755
699484466;699484398;0.18662237;0.28210536;-10.311293
699532479;699532410;-0.12068644;-0.4038641;-9.661044
699584854;699584788;1.0792422;-2.3293388;-10.265058
699637721;699637651;0.6949516;-3.1677804;-10.316047
699685751;699685664;0.24655217;-2.8465483;-9.3448105
699733766;699733684;-0.68996394;-0.27128866;-10.680079
699786135;699786069;-0.3801178;1.3250276;-8.875813
699834155;699834087;0.6863611;0.23380513;-8.6958
699882171;699882103;0.84419554;-7.6123323;-7.580114
699934555;699934487;-0.40423307;-3.432959;-8.995204
699986939;699986873;-0.62196785;0.6281142;-9.587363
700034967;700034891;0.026474714;-1.3484265;-9.132766
700082981;700082913;0.36989993;-4.3765597;-9.755956
700135363;700135298;0.09522895;-3.1012099;-9.769259
700183387;700183313;0.12211326;-0.704492;-10.882999
700235757;700235690;0.34477252;-2.647275;-8.63832
700288137;700288069;0.071041234;-5.6877303;-9.646521
700336151;700336085;0.4504734;-4.9374022;-8.918616
700384171;700384105;-0.310261;-2.2982538;-9.857193
700432195;700432124;-0.4762375;0.73038155;-10.011373
700484569;700484502;0.58553094;2.0255673;-9.468287
700536947;700536881;0.3924158;0.4748493;-9.589235
700584965;700584898;0.338239;-0.53841794;-9.72622
700637445;700637281;0.2746007;-0.64757466;-9.945096
700685362;700685295;0.08519877;0.09012346;-10.417241
700733383;700733314;-0.428175;0.18607047;-10.284196
700781886;700781818;-0.014041984;-0.13200419;-9.401657
700834266;700834201;0.075250156;0.069252156;-9.011909
700886652;700886584;0.1391919;0.015690591;-9.937036
700934669;700934602;-0.39193076;-0.37023678;-10.419089
700987049;700986984;-0.10369773;-0.05155218;-9.121288
701035063;701034997;-0.642063;-0.48783457;-10.546746
701083076;701083010;0.013436585;0.19582161;-9.88048
701135458;701135389;-0.091556504;-0.54769474;-9.640198
701187865;701187771;0.04204609;-0.60034084;-9.200715
701235851;701235784;-0.19373617;-0.34472647;-9.9276285
701283863;701283797;-0.19745928;-0.30127573;-10.292299
701336296;701336179;-0.06304839;-0.523987;-9.501113
701384261;701384193;-0.053823873;-0.3787199;-9.949287
701436637;701436569;0.025986034;-0.41623935;-9.350544
701484724;701484578;-0.071115464;0.13814333;-10.3543
701537024;701536956;0.46221662;0.12951306;-9.8123045
701585039;701584973;-0.22188078;-0.41714472;-9.279384
701633154;701632991;-0.28656372;-0.59867764;-10.279205
701685442;701685374;-0.34766945;-0.3710882;-10.162453
701733462;701733394;0.14595461;0.18291803;-9.264876
701785843;701785774;-0.15384707;0.012381132;-10.158996
701833859;701833791;0.24416971;-0.028933687;-9.092276
701886239;701886175;-0.13122815;-0.40887406;-9.407802
701934748;701934681;0.09439746;0.22217712;-10.125297
701982772;701982704;-0.020380389;-0.47280103;-9.213829
702035155;702035089;0.09125823;0.081254534;-9.600461
702087540;702087475;-0.083485246;-0.7756967;-9.650706
702135560;702135494;0.20130968;-0.8501125;-9.981148
702183577;702183512;0.6421571;-1.3099765;-9.668047
702235965;702235896;-0.33976814;-1.03956;-9.063723
702283985;702283918;-0.74705946;2.0658782;-9.216931
702332005;702331936;-0.8440014;4.389207;-9.783037
702384385;702384320;-0.55456394;6.99032;-9.451843
702436771;702436703;0.33675292;4.548202;-8.494662
702484790;702484721;0.3100364;2.4754083;-8.617905
702532808;702532739;-0.042568214;0.48491824;-8.893676
702585188;702585120;-1.2291611;-0.33409113;-9.97861
702633203;702633136;-2.4700634;-0.6711388;-9.658684
702685600;702685519;-3.554701;-0.9062981;-9.698965
702733603;702733534;-3.9166372;-0.4344241;-10.233271
702785976;702785909;-3.0729938;-0.8120467;-9.223621
702833988;702833922;-2.5605698;-1.1215998;-9.627246
702882003;702881935;-2.0627048;-0.6212803;-9.191712
702934377;702934311;-2.4951932;0.100208595;-9.775983
702986773;702986695;-2.4740138;0.38248405;-8.975188
703034783;703034713;-3.0646465;0.028066408;-9.961136
703087753;703087582;-3.7516499;0.083165504;-10.044428
703135672;703135599;-3.144599;-0.4539731;-9.904701
703183690;703183621;-2.3875024;-0.81099695;-9.814214
703231710;703231639;-0.91678065;-1.0963756;-10.078757
703284088;703284022;0.8788604;-0.8322873;-9.329323
703336468;703336402;1.3997184;0.015890868;-8.931419
703384495;703384420;1.5759534;0.4268151;-9.612773
703436875;703436806;0.5820832;0.74623346;-9.810957
703484892;703484823;0.39588776;0.17448978;-9.609599
703532922;703532845;0.1404477;-0.34516013;-10.456166
703585297;703585232;1.500052;-0.92196244;-8.801976
703637684;703637617;1.7056056;-0.46902978;-8.998344
703685704;703685637;1.1512275;-0.5873887;-9.26436
703733726;703733658;0.15737471;-0.34327522;-10.129168
703786109;703786041;0.5080004;-0.18333878;-9.6122465
703834127;703834060;0.7598998;-0.32070872;-9.678054
703886514;703886448;0.50851655;-0.31957594;-10.233597
703934541;703934474;-0.12399779;-0.67221254;-10.415316
703986998;703986862;0.94299185;-0.4633914;-9.054799
704034959;704034881;1.4083511;-0.59561956;-9.384393
704082966;704082898;0.86223525;0.044362504;-9.8971615
704135412;704135280;0.20368025;0.10944842;-10.053285
704183362;704183298;0.23487622;0.22535251;-10.686838
704236235;704236165;2.0459225;0.34172493;-9.081269
704284248;704284183;4.028742;-1.0667001;-8.544189
704336632;704336566;4.0149984;-0.23269936;-7.840682
704384652;704384583;2.7104187;-0.037502788;-8.721786
704432667;704432600;0.42716664;0.11226638;-9.257968
704485054;704484987;-1.825483;-0.01920781;-10.506848
704537439;704537369;-2.1377192;-0.17623861;-10.190356
704585457;704585389;-2.2707343;-0.3739144;-11.213481
704633482;704633408;-0.8933931;-1.1176953;-10.064639
704685864;704685795;-0.23747241;-0.814019;-9.524384
704733879;704733811;0.30746752;-0.11040041;-10.019669
704781895;704781826;0.9642525;1.4747183;-8.775336
704838642;704838572;0.41480324;0.06834289;-9.4496975
704886657;704886589;-0.032686807;-0.08897648;-9.9135475
704934679;704934609;-0.56854945;0.49698088;-9.754235
704982696;704982628;-0.92608374;-0.19929521;-9.85888
705035076;705035010;-0.8453858;-0.764408;-10.025059
705083092;705083028;-0.37877002;-1.0474247;-9.370849
705135479;705135410;-0.04409628;-0.9329283;-10.130722
705187881;705187793;-0.40269113;0.06029699;-9.489662
705235875;705235811;-0.4495523;0.5262563;-9.638052
705283897;705283830;-0.4997653;0.5539757;-9.707207
705331919;705331851;-0.18824516;0.49974927;-9.976244
705384788;705384721;-0.39341792;-0.411766;-9.632899
705437168;705437102;-0.3278798;-0.47377908;-9.547402
705485184;705485119;-0.15668319;-0.11158811;-9.632714
705537592;705537501;0.031687915;-0.4143452;-9.594455
705585586;705585517;-0.31460297;0.061370984;-9.999083
705633605;705633536;-0.3779291;-0.19073908;-9.990472
705681622;705681550;-0.32556123;0.057241905;-9.680289
705734033;705733935;-0.41663483;-0.4000305;-9.521226
705786397;705786320;-0.3355889;-0.05180399;-9.781176
705834403;705834338;-0.13018797;-0.09401379;-9.591732
705886850;705886716;-0.42836598;-0.1571295;-9.712533
705934800;705934735;-0.44645646;-0.43458998;-9.518972
705982819;705982754;-0.40436542;-0.377092;-9.572144
706035278;706035140;-0.86568815;-0.3650289;-10.013123
706087592;706087525;-0.2044317;0.12996358;-10.125791
706135613;706135543;-0.46340913;-0.081289865;-9.9542675
706183723;706183560;-0.48559403;0.33096036;-9.813639
706236005;706235940;-0.6698657;0.26343688;-10.073964
706284043;706283958;-0.7110433;-0.16675162;-10.649449
706336417;706336341;-0.6415713;-0.20834394;-10.431243
706384420;706384355;-0.40011856;-0.02280513;-9.975576
706436815;706436740;-0.48671365;-0.21720889;-9.609138
706484826;706484760;-0.6177274;-0.47366926;-9.738378
706533330;706533263;-0.21326105;-0.22033744;-9.871237
706585713;706585647;-0.345564;-0.17786098;-9.53587
706633731;706633664;-0.5212326;0.67331684;-9.2061405
706686115;706686048;-0.6895904;0.3223279;-10.633812
706734133;706734068;-0.42498574;0.09035726;-9.813395
706786526;706786457;-0.62958884;0.20580322;-10.218302
706834547;706834479;-0.86619073;-0.010325704;-10.47711
706882568;706882503;0.1839723;-0.8054769;-9.512047
706934955;706934889;1.1126534;-1.4627775;-9.558652
706987336;706987271;1.6631645;-0.116908915;-9.09037
707035357;707035292;2.0637124;-0.32579282;-9.504319
707083390;707083313;3.1038437;0.46745354;-8.69591
707135764;707135698;2.3450148;0.19487639;-8.874048
707183799;707183718;-1.1240638;2.017854;-10.113432
707236179;707236101;-2.132153;0.45730042;-10.166851
707288554;707288485;-0.90193766;-1.5796481;-9.662649
707336618;707336503;2.0431504;-3.5913029;-8.736685
707384600;707384521;3.1952677;-2.4044225;-8.33782
707432611;707432541;0.8077408;-0.4458329;-9.400117
707485031;707484922;-1.9068203;2.7593706;-10.16537
707533016;707532937;0.60959834;0.7548542;-10.2218895
707585402;707585323;3.5896757;-0.41233003;-8.862683
707633479;707633342;3.7536454;-0.2651597;-8.7872715
707686758;707686691;1.6137742;-0.5945039;-9.739539
707734780;707734705;0.8383694;0.7277365;-8.91793
707782786;707782719;-0.5597048;-0.33473286;-9.815503
707835163;707835097;-1.1918738;-0.43498793;-10.348205
707883209;707883109;-1.2043628;-1.2329322;-10.584609
707935553;707935488;-0.77162987;-1.5485203;-9.055425
707987938;707987871;-0.95993215;-2.3240318;-10.361221
708035960;708035889;-0.8185835;-0.23429976;-9.6427
708083979;708083910;-1.4680611;0.22800143;-9.675729
708131994;708131928;-0.46347505;1.4518939;-9.371182
708184374;708184309;-0.8779568;3.104948;-8.910334
708236774;708236690;-0.7766894;5.649947;-8.703508
708284773;708284704;-0.102464214;4.452049;-9.39245
708337156;708337086;1.2578199;2.9714196;-8.901213
708385170;708385104;1.4696074;1.2943724;-9.321869
708433193;708433121;0.5404929;-0.5004517;-9.562441
708485599;708485501;-0.87610537;-0.38612536;-9.629799
708537948;708537883;-1.715637;-0.3997511;-10.370877
708585968;708585902;-1.3161842;-1.9702408;-10.408969
708634010;708633916;-0.69439375;-2.8711448;-9.998781
708686361;708686295;-0.6976424;-3.0934057;-10.0169
708734377;708734309;-0.5974871;-3.0830994;-9.653091
708782880;708782811;-0.3174596;-2.6135397;-8.758141
708835256;708835191;-0.13788623;-2.326963;-8.972771
708887640;708887571;-0.19376293;-2.2544484;-10.142322
708935674;708935588;-0.3117694;-3.1745284;-9.630985
708983675;708983607;-0.40010285;-0.22422262;-9.630848
709036051;709035985;-0.9420191;-0.18815756;-10.442548
709084067;709084002;0.009444729;0.103409134;-9.628491
709136452;709136386;-0.18452434;-0.08238493;-9.074359
709184478;709184404;0.25067222;0.5117503;-8.818011
709236857;709236792;0.3267459;-1.7196435;-10.468076
709284876;709284811;-0.9717269;1.7143171;-8.817184
709332906;709332831;-1.2632294;2.9050195;-8.420107
709385283;709385215;-1.1706972;2.9254215;-10.1603
709437669;709437598;0.42736486;1.9470812;-8.901109
709485703;709485620;1.0295165;0.3102674;-8.885589
709533715;709533640;-0.40960783;1.3907458;-10.443335
709586095;709586030;-0.5446919;2.2038007;-9.396081
709634128;709634054;0.47505188;-0.03129695;-9.329415
709682143;709682074;1.3284853;-1.1401819;-9.682071
709734535;709734457;0.11320049;-0.61022365;-10.124936
709786910;709786841;-1.0055784;2.5763397;-10.552883
709834940;709834860;-1.4103885;2.7665868;-10.157649
709882956;709882879;-0.22935036;1.1429713;-8.934909
709935824;709935747;0.91422844;-0.11839815;-9.678059
709983833;709983765;0.7624829;-0.24887249;-9.7973995
710036230;710036148;-0.6229017;-0.13375823;-9.998226
710088608;710088535;-1.02121;0.67187154;-9.945402
710136637;710136556;-0.17698412;-0.3038472;-9.074901
710184646;710184576;0.9734267;-3.3877618;-8.858925
710232663;710232595;1.2287145;-6.1662874;-9.121854
710285047;710284980;-0.5925118;-4.7095647;-9.440082
710333068;710333001;-0.7331489;-3.2682836;-8.575877
710385464;710385388;-2.697341;-0.08656765;-10.797557
710437845;710437771;-1.5534271;2.8857453;-10.210496
710485859;710485792;0.08523697;3.5059066;-10.074209
710533897;710533811;0.5647249;2.0989068;-9.273857
710581898;710581830;1.7735884;-0.78454834;-8.2100935
710634283;710634217;2.3308463;-4.8337917;-9.230681
710686674;710686606;2.3318958;-4.99806;-8.548913
710734751;710734629;-0.290851;-3.162102;-8.325913
710787080;710787015;-2.691252;-1.5670905;-10.720463
710835118;710835035;-5.11556;1.1050937;-10.30303
710883119;710883055;-6.9192324;2.0539272;-11.392928
710935508;710935441;-4.9359736;-0.10069809;-9.983631
710987949;710987829;-1.1932181;-2.2401361;-8.839256
711035926;711035852;-0.86645883;-1.6385648;-9.646856
711084423;711084358;-0.89699936;-2.281612;-10.863347
711136819;711136747;0.6391592;0.3494982;-9.018367
711184844;711184767;2.743231;0.21003188;-7.516608
711232862;711232786;7.459464;0.21924855;-6.2937694
711285238;711285171;7.6031933;-0.22908033;-6.3907013
711337632;711337560;4.923381;-0.20787096;-7.868856
711385648;711385581;1.419918;0.8077572;-9.975482
711433669;711433601;-0.8208905;1.760786;-10.131299
711486050;711485985;-3.5023677;3.4085145;-10.819695
711534072;711534007;-2.3285477;1.5995029;-11.379406
711586492;711586395;-0.008575311;-1.5161042;-9.246921
711634512;711634415;0.86156327;-0.94145304;-9.003403
711686868;711686801;0.744746;0.5434323;-8.517184
711734920;711734828;0.8684565;0.6887486;-8.320459
711782920;711782854;1.321852;-1.02644;-7.3477883
711835310;711835242;1.6915181;-6.0740876;-7.8665066
711887715;711887630;1.278541;-7.564929;-8.455636
711935713;711935648;0.22403896;-5.635984;-8.675459
711983735;711983667;-2.2357583;-3.1646855;-9.181088
712036135;712036050;-3.669618;0.7974724;-10.031437
712084131;712084066;-3.499643;1.130597;-10.127804
712132150;712132082;-2.5321264;0.41707397;-10.436399
712184531;712184463;-1.1379539;-1.6438084;-9.547553
712237404;712237328;-1.224979;-1.3995938;-9.013974
712285410;712285344;-2.7590983;2.366071;-9.492928
712333435;712333360;-3.0662293;4.3964567;-10.555429
712385804;712385738;-0.85579646;4.041589;-11.268885
712433822;712433755;1.8152766;5.1804347;-9.007174
712486205;712486135;2.187105;1.4394618;-7.500153
712538579;712538512;2.3145313;-2.76985;-7.605778
712586590;712586524;1.8788812;-3.2875862;-8.124115
712634615;712634540;0.51383376;-4.185771;-8.914996
712682626;712682559;-1.4820633;-4.8479624;-10.285412
712735026;712734942;-2.3739936;-3.2992098;-9.810674
712787399;712787325;-0.8498935;-1.1492832;-8.563966
712835404;712835338;-1.0807486;-1.4382538;-8.713953
712887807;712887717;-0.004319797;5.5279236;-7.397475
712935820;712935732;-1.8026963;1.3913798;-10.621454
712983811;712983744;-3.120043;2.226699;-9.780561
713031822;713031757;-2.7235315;2.9960694;-7.928969
713084249;713084137;-3.0623834;3.3442216;-9.394517
713136595;713136516;-2.3687732;10.695268;-9.137171
713184702;713184530;-0.18023644;6.311316;-7.4644747
713236976;713236907;2.1199346;4.186863;-8.24081
713284989;713284922;2.9649339;0.8705362;-7.850156
713333009;713332943;4.255492;-3.1160576;-6.6145287
713381514;713381446;1.9963535;-5.2799153;-7.6546426
713438261;713438195;-0.7265672;-5.468561;-9.210071
713486368;713486213;-3.2680066;-3.1700401;-9.886376
713534297;713534230;-3.1207676;-2.2578146;-11.4422865
713586676;713586612;-1.4554096;-1.287233;-10.301632
713634705;713634631;0.28557506;0.04694737;-7.827574
713682716;713682650;0.34397578;0.77990127;-8.22739
713735105;713735038;1.4955921;0.63447404;-9.384139
713787500;713787420;1.304572;2.2579293;-9.434572
713835547;713835434;0.93778306;1.542292;-9.782312
713883518;713883451;0.70449877;-0.34394976;-8.916151
713935974;713935835;0.24318665;-0.79250467;-9.498267
713983956;713983851;-0.9145862;-2.4151287;-10.014527
714036314;714036232;-0.9888403;-1.3419653;-10.170172
714084425;714084250;-0.72796917;-0.66825384;-9.76858
714136699;714136633;-0.31409454;-0.79332405;-9.331127
714184735;714184652;-0.27826583;-0.34679243;-9.97601
714232739;714232669;-0.35308355;0.12659141;-9.862714
714285126;714285059;-0.17537372;-0.109157614;-9.61507
714337513;714337447;-0.22483023;-0.50774187;-9.4599495
714385601;714385467;-0.27300555;-0.66008145;-10.677313
714433554;714433487;-0.18786201;-1.1766266;-9.945551
714485945;714485872;-0.04897813;-0.6978058;-9.806977
714534444;714534379;-0.03548917;-0.022510197;-9.943305
714582474;714582403;-0.25638342;-0.22897579;-9.798683
714634855;714634789;0.28583947;0.4821437;-8.903632
714687253;714687177;0.28984424;0.37210986;-9.837325
714735263;714735198;0.052557856;-0.47276244;-9.835891
714783281;714783217;-0.109813385;-0.25108635;-10.265534
714835696;714835602;0.15450332;-0.07871595;-9.311495
714883684;714883619;0.04434578;-0.3880076;-9.251481
714936154;714936007;0.41536176;-0.33536106;-9.654572
714988481;714988394;-0.581589;-0.42431116;-9.558134
715036501;715036418;-1.0577067;-0.5441133;-9.394587
715084598;715084444;-2.3989632;-0.9801795;-10.232542
715132644;715132466;-2.5167842;-0.041919343;-9.962027
715184918;715184850;-2.772526;-0.27782986;-9.6245
715232954;715232869;-3.4594243;-0.15075162;-9.854161
715285319;715285253;-2.7659116;-0.6497646;-9.456725
715337708;715337640;-3.2483509;-0.66803557;-9.914156
715385726;715385660;-3.2416372;-1.4675472;-9.532625
715433749;715433681;-3.3800318;-1.0640464;-9.362865
715481772;715481705;-2.8708258;-0.96439296;-9.040341
715534162;715534092;-3.5096812;-1.3331089;-10.351157
715586648;715586485;-2.5333838;-1.0612208;-10.618774
715634575;715634509;-0.86986387;-0.108702585;-9.380764
715687451;715687381;0.3756885;-0.49789128;-9.087285
715735470;715735403;-0.17565562;-1.3700078;-9.756808
715783496;715783424;-0.39805815;-1.6464483;-9.909019
715831549;715831444;-0.41253942;-1.3117125;-10.543619
715883895;715883829;0.7250348;0.8303279;-9.478744
715936348;715936220;3.1023626;-0.083718054;-9.32985
715984313;715984237;4.5950656;0.6516843;-7.7226334
716032351;716032257;3.004861;-0.09713852;-9.448181
716084725;716084644;0.8704366;0.5345729;-8.780759
716132725;716132662;-2.3494606;0.7833841;-10.436909
716185128;716185047;-2.0345542;-0.4812499;-10.722449
716237500;716237433;-0.92645735;-0.51522946;-9.796431
716285521;716285452;-0.33745977;-0.4004077;-9.9430485
716333565;716333473;-0.034793433;-0.19680075;-9.600711
716385924;716385857;-0.82257634;-0.17061768;-10.880708
716433939;716433873;-0.51179886;-0.38743168;-9.268296
716486322;716486255;-0.5779684;-0.24714921;-9.619732
716534340;716534275;-0.40244883;-0.19053015;-9.019417
716586730;716586660;-0.4852255;-0.10879691;-9.803798
716634748;716634679;-0.7573435;0.51559293;-9.510263
716682766;716682698;-1.2525483;0.064258225;-9.609695
716735146;716735081;-0.94952863;-1.2542579;-10.675227
716787544;716787465;-0.5473316;-1.0414219;-10.199924
716836064;716835964;1.9379193;-1.0061725;-9.101472
716884135;716883974;2.820968;-1.5009141;-9.668847
716936433;716936349;2.5571795;1.2447585;-9.725109
716984440;716984359;0.95310825;0.7341708;-9.281407
717032462;717032377;-1.8297852;-0.08096864;-11.589844
717084844;717084760;0.88198185;-1.777524;-9.410019
717137209;717137144;-0.7726815;-1.6223707;-10.37382
717185229;717185163;-0.9669882;-0.15811434;-10.244817
717233250;717233183;-0.1416285;0.01526983;-9.641817
717285635;717285569;-0.43335608;-0.114843644;-9.920898
717333658;717333591;-0.6495928;-0.20555888;-9.56109
717386048;717385979;-0.5343784;-0.4369185;-10.237328
717438430;717438365;-0.41486025;-0.74102646;-8.906893
717486505;717486384;-0.54372746;-0.4741211;-9.73706
717534477;717534406;-0.6317947;-0.40376616;-9.875923
717582497;717582429;-0.31845397;-0.11062837;-9.250612
717634934;717634820;-1.6020995;-0.3521967;-10.189324
717682914;717682845;-0.45839566;-0.42937565;-9.684354
717735308;717735234;0.48102283;-1.1327896;-9.694842
717783360;717783255;1.7167295;-0.7816981;-8.467516
717835714;717835645;1.4489086;-0.5099877;-9.743534
717883737;717883669;0.68635863;1.623576;-9.437789
717931794;717931693;-1.8216757;0.90712756;-10.225287
717984707;717984565;-0.7314369;0.49353674;-9.378171
718037036;718036951;-1.5920182;-1.4158428;-9.921934
718085059;718084975;-1.1131208;-1.4297905;-10.445999
718137435;718137370;-1.1933169;-1.2218353;-9.922958
718185483;718185397;0.2952211;-1.3543075;-9.717323
718233499;718233419;1.9351746;-2.2042217;-8.594808
718281520;718281440;2.3727856;-1.6797849;-8.644936
718333887;718333821;0.8475143;-0.7426727;-10.76504
718386274;718386207;0.6364137;-0.6305083;-8.655531
718434294;718434229;-2.084476;1.5024;-10.260942
718486682;718486613;-0.98128724;0.72493744;-9.685352
718534700;718534631;-0.6194608;-0.8881279;-9.437221
718582721;718582650;-0.21389057;-1.03323;-9.239493
718635105;718635038;-1.1044238;-1.5399718;-10.346226
718687541;718687421;-0.54414946;-1.3040814;-9.269783
718735509;718735440;-0.94847697;-1.4491816;-9.607843
718783532;718783461;-1.0860956;-0.23099624;-9.664047
718835965;718835848;-0.64898777;3.401419;-9.687779
718883936;718883868;-1.125883;4.5507064;-9.779874
718936316;718936251;-1.2190993;3.3588705;-9.693982
718984391;718984269;-1.042391;2.0191035;-9.019157
719036722;719036655;-1.1112261;-0.612441;-10.362584
719085726;719085650;-0.5610731;-1.7943751;-9.243459
719133741;719133676;-1.1037954;-1.0797515;-9.657874
719186136;719186071;-0.9723617;-0.024912016;-9.460927
719234247;719234093;-1.1101896;1.3577056;-9.865202
719286548;719286481;-0.6986511;-0.22115813;-10.005089
719334569;719334503;0.31087145;-3.8128293;-8.917831
719386977;719386896;-0.060994603;-4.215041;-10.03421
719435012;719434921;-0.5486343;-3.6542535;-9.553077
719483015;719482946;-0.8253742;-1.0195136;-9.906719
719535413;719535336;-1.1127023;1.3312049;-9.370087
719583438;719583357;-0.8191904;3.730624;-10.051461
719635817;719635749;-1.0982832;3.349414;-9.666722
719683842;719683776;-1.5055761;0.38691223;-8.068101
719736229;719736164;-0.12622863;-4.1584435;-8.723206
719784255;719784188;0.09894901;-7.4762487;-9.165409
719832295;719832213;-0.33442044;-5.040582;-8.951067
719884674;719884605;0.6445504;-0.6204061;-8.886971
719937093;719936997;-0.2438395;0.7833698;-9.386307
719985156;719985021;-0.77931976;2.0106945;-11.674856
720033110;720033045;-1.0863197;1.9499413;-10.360639
720085540;720085436;-1.6337243;0.5918123;-10.306536
720133579;720133464;-0.61543375;-2.0889401;-8.836159
720185938;720185858;-0.24671222;-2.2704895;-9.00655
720234437;720234372;-0.6001592;-1.495398;-10.310995
720286853;720286767;-0.85171175;-2.9275165;-11.233471
720334861;720334795;-1.3170567;0.57054126;-9.584273
720382893;720382818;-1.1084108;2.8718805;-9.483818
720435307;720435208;-1.1721177;1.2376411;-9.392515
720483320;720483234;-1.32668;-0.026372958;-9.583918
720535694;720535623;-1.0145276;-0.5674748;-9.917593
720588075;720588008;-0.6953617;-1.2083938;-9.092506
720636098;720636033;-1.9610138;-0.87282825;-10.819192
720684132;720684059;-1.6370678;-0.32473287;-9.685489
720732155;720732089;-2.0408432;-0.8923476;-11.100925
720784562;720784484;0.11213724;0.3687911;-10.230853
720836946;720836879;3.5963326;0.84838825;-9.011171
720884992;720884902;4.431671;-0.44785568;-7.7557025
720937470;720937293;2.2824342;-0.24589846;-8.904196
720985389;720985317;1.1991765;-0.22317828;-9.519554
721033406;721033340;-2.4647777;-1.9090954;-9.634148
721081430;721081364;-2.9890282;0.63478214;-10.922411
721133822;721133756;-2.390841;1.0133706;-10.573313
721186223;721186150;-1.327298;0.07333306;-9.579443
721234309;721234174;-0.66692024;0.43207446;-9.881383
721282262;721282196;-0.01699687;-0.2221897;-9.147345
721334659;721334582;-0.5275512;-0.56556517;-9.197779
721383161;721383094;-1.859548;-0.54223084;-10.648922
721435564;721435487;-1.6613469;0.054187354;-9.851378
721487958;721487881;-1.3203782;0.12284362;-10.215886
721535977;721535904;-1.0110515;0.47242865;-9.352039
721583991;721583925;-1.3535993;0.23468709;-9.605256
721636381;721636314;-1.1510627;-0.043369573;-9.7232685
721684413;721684338;-1.2146754;-0.56370384;-9.978782
721732429;721732363;-0.79532355;-0.542224;-8.827929
721784846;721784755;-1.4370284;-0.1334807;-10.345263
721837224;721837144;-1.1245117;-0.14292943;-10.2121935
721885233;721885168;-1.03949;0.31662008;-9.41656
721933259;721933193;-1.2706754;-0.31759873;-9.582526
721985659;721985585;-1.5564016;-0.5891698;-10.036419
722033693;722033617;-1.2343622;-0.35946715;-9.610877
722086070;722086005;-1.1419126;0.09954574;-10.037095
722134101;722134032;-0.88640696;0.31943077;-8.97965
722186493;722186422;-1.2273637;0.30327913;-9.533453
722234519;722234449;-1.3274304;0.305775;-10.387663
722282546;722282474;-0.87249947;-0.3090668;-8.964397
722334928;722334863;-2.2766998;-0.26236752;-10.71229
722387318;722387254;-1.563524;-0.2685224;-10.663084
722435437;722435276;-0.31200847;-0.4950464;-9.600292
722483358;722483293;1.0893347;-0.16937843;-8.857655
722536228;722536159;2.7315674;0.2988043;-9.765046
722584244;722584177;1.1669803;0.03832447;-10.123167
722632263;722632195;-0.09079844;-0.12128535;-10.375033
722684646;722684579;-0.8238921;-0.42826185;-9.789602
722737035;722736962;-1.8271563;-0.94677263;-9.531701
722785049;722784983;-1.8919344;-1.0102936;-10.633005
722833075;722833009;-1.1212349;-0.25763938;-9.48442
722885477;722885398;-1.3132204;0.72396225;-9.662588
722933489;722933421;-1.0988716;0.37267342;-9.134135
722985880;722985812;-0.65740126;2.6449625;-9.008256
723034001;723033838;-1.1145802;2.7324874;-9.86175
723086304;723086224;-1.4167279;2.1114461;-9.89169
723134324;723134242;-1.5583417;2.732853;-9.828187
723182337;723182262;-1.2840574;2.7827916;-9.79322
723234715;723234646;-0.97038954;2.742027;-8.754169
723287112;723287035;-1.3585322;3.4544759;-9.498083
723335115;723335050;-1.5911592;3.0872087;-9.582997
723387552;723387436;-1.2114042;1.3514788;-9.249358
723435543;723435450;-1.4630566;-0.34841067;-9.878285
723483541;723483471;-1.3301088;-1.0383593;-10.189613
723531559;723531492;-0.8111505;-0.62624186;-9.748223
723583960;723583872;-0.14597295;1.2989808;-8.573169
723636483;723636258;-0.94876236;1.3678588;-9.899623
723684833;723684767;-1.1512039;2.462793;-9.279545
723737225;723737157;-1.9735465;1.1956545;-9.8833685
723785248;723785183;-1.7729152;0.018489989;-9.770583
723833276;723833208;-0.8463521;-0.2906766;-9.119072
723885664;723885596;-1.2660689;-0.1303816;-9.625111
723938125;723937986;-1.6043888;-2.0244052;-9.31144
723986077;723986012;-1.8405492;-4.302414;-9.6949415
724034102;724034035;-0.9755626;-4.889483;-8.611656
724086501;724086423;-1.1770511;-2.0088842;-10.346402
724134528;724134447;-0.9671291;-0.027765589;-9.24107
724186900;724186833;-1.1557502;1.9824864;-9.633488
724234935;724234861;-0.62445956;1.7757144;-9.883625
724287330;724287256;-1.0977306;1.258848;-10.105538
724335348;724335283;-0.92710435;-0.2909303;-9.5948515
724383454;724383309;-1.4457146;-1.0781165;-10.020075
724435765;724435699;-1.3861648;-0.72120225;-9.60596
724483806;724483729;-1.8457915;0.15763672;-9.596893
724536187;724536122;-0.96610504;1.7686228;-9.253783
724584216;724584150;-1.7378334;0.9329648;-10.268651
724636609;724636544;-1.4979905;0.4952816;-9.999323
724684638;724684569;-1.1490185;0.2818345;-9.478271
724732663;724732597;-1.5084159;-0.4744025;-10.065474
724785063;724784993;-0.99562514;-0.49437046;-9.085592
724837940;724837872;-1.2402654;-0.2768977;-9.568636
724885961;724885896;-1.2104995;0.4226771;-9.543673
724933989;724933921;-1.3618895;0.16368711;-9.552872
724986377;724986310;-1.3666309;0.2925905;-10.126849
725034397;725034331;-1.2883521;-0.026733078;-9.50128
725082420;725082354;-1.3430855;0.048522938;-10.048135
725134810;725134743;-1.3859775;0.29215273;-10.011087
725187199;725187133;-1.1383319;0.44835734;-9.605798
725235225;725235159;-1.4949633;0.42098427;-9.986495
725283252;725283185;-1.5014089;0.5896718;-10.077352
725335647;725335582;-1.8345811;0.19246474;-10.095651
725383678;725383612;-1.6410052;-0.015611741;-9.942041
725436069;725436003;-1.827013;-1.3430846;-10.063529
725488459;725488394;-1.0485904;-2.6974113;-9.338497
725536494;725536424;-1.1393803;-2.8081257;-9.307747
725584525;725584455;-1.4866536;-1.1935979;-10.127395
725632548;725632482;-1.6423337;1.1068469;-9.846918
725684940;725684873;-1.6495202;2.5615492;-9.563279
725732970;725732899;-1.3872304;1.6608713;-9.790758
725785351;725785287;-1.2155898;1.5272899;-9.477807
725837756;725837675;-1.4042118;0.030723302;-9.795917
725885770;725885702;-1.6274396;-0.7552355;-10.018387
725933795;725933729;-1.3917998;-0.979576;-10.043873
725982308;725982240;-1.1985674;-0.2921887;-9.439536
726034721;726034632;-1.6699007;0.27166522;-9.994347
726087086;726087020;-1.4388969;0.9971885;-9.533017
726135115;726135047;-1.5753378;0.979764;-9.967573
726187578;726187442;-1.2784201;0.96806794;-9.570561
726235535;726235467;-1.5001366;0.37495443;-9.529018
726283560;726283492;-1.6017402;-0.2508288;-10.3732605
726331585;726331519;-1.3789744;-0.46658966;-9.576452
726383989;726383911;-1.2022197;-0.061370235;-9.149465
726436372;726436304;-2.135099;0.041942626;-10.162532
726484393;726484329;-1.6224315;0.6439421;-10.080453
726532421;726532356;-1.3783938;0.6722036;-9.535705
726584815;726584746;-1.8634528;0.34411654;-10.098776
726632837;726632770;-1.5303351;0.37848455;-9.608094
726685325;726685163;-1.506788;0.98714167;-9.536181
726737616;726737549;-1.2708288;0.50484985;-9.292063
726785646;726785568;-1.0439217;-0.42209396;-9.189137
726833770;726833592;-1.6795623;-1.2073047;-9.549682
726886047;726885980;-1.1109333;-2.4179273;-9.554304
726934069;726934004;-1.3925674;-2.8046308;-9.559857
726986462;726986393;-1.2102234;-2.3162684;-9.157022
727034486;727034414;-1.3027065;-2.3362675;-9.1056
727086869;727086804;-1.2039089;-2.532764;-9.46704
727135869;727135802;-1.0007408;-3.3326073;-8.668849
727183894;727183827;-1.3664746;-2.7239199;-8.867437
727236288;727236219;-1.4046205;-0.8730017;-8.830898
727284313;727284244;-2.1349893;1.3729962;-10.5953455
727336703;727336632;-1.8962799;2.1438484;-9.290877
727384728;727384663;-1.7465081;1.8507705;-9.71693
727437126;727437057;-1.7793391;0.658059;-10.286608
727485154;727485085;-1.3703247;1.0289085;-9.6029
727533178;727533110;-0.95466465;0.8746428;-8.743654
727585566;727585499;-1.3601947;-1.3446493;-8.544468
727637961;727637891;-1.0976434;-4.4747343;-9.368769
727685984;727685918;-0.7910441;-6.0599065;-9.437747
727734011;727733943;-1.3543104;-4.064127;-8.5635
727786403;727786335;-1.7914965;-0.5301083;-9.106857
727834425;727834361;-1.4456009;3.4573872;-10.904123
727882451;727882384;-1.1466625;5.2357287;-9.888575
727934842;727934773;-1.4830331;3.5287676;-9.93853
727987226;727987161;-1.0024964;1.0789254;-9.73878
728035248;728035183;-1.2372935;-1.7397586;-8.931204
728083273;728083206;-1.0166647;-1.9949956;-8.942372
728135667;728135595;-1.2223266;-1.2030418;-9.4072075
728183694;728183621;-1.9695337;-0.52608;-9.727237
728231717;728231649;-2.877626;0.5030312;-10.721561
728284635;728284527;-2.0021267;1.4192743;-10.043834
728336988;728336919;-2.0873125;1.729854;-9.794876
728385012;728384945;-1.93432;0.9558715;-10.095465
728433065;728432969;-1.419783;0.5835456;-9.807569
728485423;728485358;-1.8467631;0.0071124434;-9.675215
728533448;728533382;-2.1537452;0.19086894;-10.197338
728585842;728585774;-1.5502712;0.54908305;-9.947503
728638255;728638167;-1.3062905;-1.0651965;-9.299576
728686262;728686194;-1.3541985;-3.2973611;-9.439054
728734287;728734219;-1.4962413;-2.3914762;-10.090257
728782315;728782247;-1.2874736;-1.4530971;-10.312836
728834705;728834634;-1.6634543;1.3245785;-9.840758
728887090;728887024;-2.4987316;1.6027037;-9.814972
728935125;728935050;-2.336556;2.3853562;-9.80974
728987508;728987440;-1.2797856;1.3703269;-9.367077
729035549;729035469;-1.2684515;0.025688058;-9.389693
729083567;729083491;-1.5803343;-0.6359373;-9.699934
729131578;729131512;-1.6881996;-0.5749531;-10.160517
729183968;729183902;-1.6774805;-0.63024366;-9.648993
729236369;729236292;-2.0416427;0.19961852;-9.816252
729284379;729284314;-2.0958252;1.6495928;-10.03933
729336772;729336701;-1.5262883;1.1022846;-9.8996315
729385276;729385207;-1.5234078;0.95707554;-9.282629
729433301;729433232;-1.5683329;0.7275739;-9.964054
729485691;729485622;-1.675266;0.47209218;-10.204879
729538083;729538013;-1.737942;0.06636616;-9.787535
729586103;729586037;-1.5359261;-0.13502964;-9.280992
729634126;729634060;-1.9653672;0.13098219;-9.78129
729686519;729686451;-1.8436518;0.092092924;-9.565554
729734541;729734473;-1.5899967;-0.72615296;-9.4963
729782575;729782499;-1.2812632;-3.2206953;-10.223644
729834959;729834890;-2.3177123;1.3829539;-9.783566
729887345;729887279;-3.253684;3.503118;-8.533877
729935367;729935302;-2.7129524;6.901491;-9.586302
729983394;729983327;-0.949566;4.4220243;-9.33674
730031420;730031351;0.23557942;2.7620666;-9.455355
730083814;730083745;-0.41214284;2.792746;-8.562013
730136275;730136144;-1.969685;4.8427825;-9.5690565
730184238;730184173;-1.8219663;3.1300123;-9.771674
730236627;730236559;-1.1992329;1.3924899;-8.8792
730284710;730284580;-1.5139452;-0.3070884;-9.799056
730332673;730332605;-1.7730196;-1.4010928;-9.855828
730385058;730384994;-1.870791;-1.1590981;-9.648093
730437456;730437386;-2.048588;-0.53415895;-10.029063
730485477;730485406;-2.3441446;-0.21266352;-10.087916
730533979;730533909;-1.754262;2.046443;-9.381231
730586367;730586294;-1.6263412;1.0065461;-8.919268
730634381;730634314;-1.3815012;0.3839486;-9.279662
730682401;730682336;-1.7515928;0.5105026;-9.873319
730734800;730734725;-1.499726;-0.20454077;-8.889252
730787185;730787119;-2.340111;0.032090947;-10.243912
730835214;730835148;-1.9357471;0.008251809;-10.075267
730883254;730883179;-1.5567731;0.3064054;-9.321886
730935648;730935573;-1.8573315;0.33149275;-10.1888895
730983673;730983604;-1.2577118;0.14752416;-9.322902
731036066;731036000;-2.0456693;-0.010992723;-10.100831
731088474;731088402;-1.6859262;-0.29050526;-9.927389
731136503;731136436;-1.856464;-0.023628464;-9.965925
731184535;731184465;-2.013854;0.08829282;-10.331477
731232577;731232499;-1.5797483;0.32768762;-9.194197
731284964;731284896;-1.9645842;0.006495368;-9.607492
731332997;731332923;-1.742568;0.3507707;-9.410426
731385395;731385319;-1.7383975;0.5819422;-10.340687
731437782;731437713;-1.2870399;0.3550016;-9.259632
731485806;731485739;-1.6720116;0.62005454;-9.562295
731533851;731533768;-1.4470239;-0.009128785;-9.789468
731581867;731581797;-1.2732517;0.19398706;-9.520907
731634266;731634193;-1.9348933;0.39523807;-10.1452465
731687146;731687077;-1.6584158;0.04235691;-9.947489
731735184;731735108;-2.1512282;-0.15771961;-9.665444
731787575;731787508;-1.7999964;-0.36948308;-9.379161
731835627;731835539;-1.619895;0.0005207115;-9.824767
731883637;731883569;-1.514591;0.041629672;-9.618693
731931681;731931598;-1.6256675;0.14889993;-9.99801
731984066;731983990;-1.2979712;0.41434994;-9.258618
732036460;732036386;-1.7861918;0.98217916;-9.340255
732084483;732084414;-1.9593463;0.5614826;-9.463278
732136884;732136808;-1.6296201;0.24692678;-9.379155
732184907;732184838;-1.7838612;0.38010672;-10.00885
732232940;732232874;-1.3067865;0.16177672;-9.767938
732285341;732285273;-1.7332524;0.58091205;-10.362469
732337756;732337672;-1.9157354;0.20047747;-10.323408
732385769;732385701;-1.9288274;0.16673227;-9.656567
732433803;732433734;-1.499701;-0.27596715;-9.287199
732486196;732486130;-1.659464;-0.055535376;-9.897558
732534225;732534158;-1.9274724;-0.02029288;-9.579144
732586624;732586555;-1.7686279;0.32968363;-9.987731
732634667;732634591;-1.6187388;0.1287039;-9.65027
732687054;732686989;-1.6610428;0.0071234168;-9.922645
732735085;732735019;-1.8618475;0.25188598;-9.570301
732783120;732783044;-1.8332453;0.44645777;-9.554715
732836053;732835920;-1.7008964;0.18336265;-9.536722
732884039;732883946;-1.8017296;0.16525252;-10.11047
732936424;732936340;-1.7689575;0.0569747;-9.889132
732984455;732984370;-1.6192585;0.2550036;-9.806158
733036827;733036762;-1.723887;-0.0283047;-9.844803
733084867;733084786;-1.510625;-0.22885065;-9.779232
733132957;733132815;-1.5666379;-0.25503114;-9.448296
733185291;733185209;-1.9197209;0.40048358;-9.817054
733237663;733237598;-1.9663209;0.22340976;-10.00028
733285687;733285620;-2.1827133;2.1353128;-9.148834
733333711;733333646;-2.65319;3.3377233;-10.08771
733386108;733386039;-1.533051;3.0296206;-9.537609
733434131;733434065;-1.423091;3.7881672;-9.21882
733482156;733482090;-1.2882655;3.692374;-9.160799
733534544;733534479;-1.0195997;2.9121084;-8.95347
733586937;733586869;-0.9168149;1.9334648;-8.8898735
733634965;733634895;-1.0086081;0.39367542;-9.30531
733682987;733682918;-1.3756318;0.475625;-9.948783
733735380;733735313;-1.9698352;1.2530848;-10.040267
733783412;733783345;-1.5713435;1.9253845;-9.1369505
733835836;733835739;-2.6037674;1.5924715;-9.907641
733888202;733888137;-2.350158;3.5019145;-9.04312
733936231;733936165;-2.427359;3.5717144;-9.705952
733984739;733984674;-1.7224586;3.5170705;-9.279713
734032762;734032697;-1.1550275;3.4602134;-9.38943
734085162;734085094;-0.9238117;3.3870676;-9.139181
734133190;734133115;-1.0795063;3.0209413;-9.622007
734185630;734185505;-1.2413179;2.6114771;-9.549448
734237975;734237894;-1.3302577;2.3415189;-9.445778
734286166;734285920;-1.3168391;1.9989158;-8.810289
734334029;734333947;-1.4458728;2.2323318;-9.463355
734382075;734381974;-1.3536069;2.5495358;-8.953553
734434510;734434367;-1.9252412;3.0262914;-9.265815
734486823;734486756;-1.8385032;3.0876367;-9.599598
734534868;734534781;-1.6930319;2.966721;-9.567133
734587243;734587174;-1.7269719;3.0505972;-10.185909
734635266;734635201;-1.4028097;2.991672;-9.173673
734683312;734683226;-1.8056442;2.6368635;-9.621337
734735689;734735618;-1.5251951;2.8528197;-9.863998
734788096;734788015;-1.509594;2.7411652;-9.559479
734836116;734836045;-1.4394491;2.8860366;-9.66501
734884147;734884077;-1.236728;3.5628939;-8.862472
734936551;734936476;-1.3449486;4.796751;-8.945164
734984576;734984509;-1.3952782;4.5719013;-8.792392
735032604;735032538;-1.091201;2.7528787;-8.897205
735085013;735084936;-0.8949212;0.21204846;-8.226043
735137878;735137812;-0.86630315;-2.9605973;-8.840751
735185902;735185836;-2.0753908;-5.061682;-8.578915
735233928;735233863;-3.2338252;-7.898902;-6.9142647
735286320;735286253;-2.7059948;-5.20076;-7.7951555
735334358;735334282;-2.3051286;-4.8424296;-8.731779
735382378;735382312;-3.1741054;-1.1953086;-9.461664
735434772;735434706;-2.3238678;-0.35924986;-9.216303
735487219;735487099;-1.5038052;-0.20564726;-9.2551985
735535211;735535123;-0.7552704;-1.702841;-8.889004
735583213;735583148;-0.9629164;-2.9549754;-8.284891
735635664;735635550;-1.1125953;-4.9104815;-8.52133
735683699;735683573;-2.101238;-7.1279926;-8.084104
735736045;735735963;-1.1593648;-4.1067677;-8.100242
735784115;735783989;-2.0507154;-5.364619;-8.793784
735836463;735836379;-2.9103959;-2.325005;-8.451346
735884490;735884403;-1.858862;-0.9421198;-8.252949
735932586;735932429;-1.7420136;-1.6801031;-8.863463
735984903;735984820;-1.528069;-1.3974249;-9.37425
736037276;736037209;-0.8254197;-2.1328068;-8.459808
736085300;736085232;-1.0804816;-3.8728576;-9.463576
736133322;736133254;-0.95366454;-4.370674;-9.060275
736185721;736185641;-1.5129911;-4.90277;-9.415826
736233731;736233663;-1.0050186;-4.459963;-8.467517
736282248;736282172;-1.2158616;-3.3321896;-9.034464
736334627;736334560;-1.4491171;-2.5135825;-8.873374
736387019;736386949;-1.8020225;-2.1704583;-9.768892
736435041;736434974;-2.0700138;-1.8155428;-9.293883
736483061;736482996;-1.6819042;-1.4444287;-8.814506
736535461;736535388;-1.3986958;-1.9360605;-9.4057255
736583488;736583414;-1.5200098;-2.2991662;-9.592761
736635890;736635797;-0.97180045;-2.9137394;-8.67315
736688262;736688183;-1.4093852;-4.0945144;-8.997834
736736376;736736203;-1.2442194;-4.517469;-9.079721
736784337;736784223;-0.78362995;-3.9596188;-8.704443
736832309;736832244;-1.1986165;-3.3434992;-8.617645
736884880;736884628;-1.4769299;-4.168787;-9.527631
736937106;736937021;-2.1336448;-3.017031;-9.632596
736985127;736985048;-1.6232167;-0.97656417;-9.15839
737037510;737037443;-1.9889473;-1.2890928;-9.618292
737085539;737085473;-2.0557554;-0.30112758;-10.119764
737133579;737133500;-2.2960913;0.35195518;-9.108412
737181757;737181528;-1.8524691;0.26911116;-10.556022
737233990;737233923;-1.4632602;-0.09190812;-9.921608
737286382;737286314;-1.3679603;-0.8804508;-9.937692
737334399;737334334;-1.1640172;-1.7394643;-9.78937
737386790;737386723;-0.75558877;-2.1372373;-9.29178
737435297;737435231;-1.166796;-2.3269324;-9.733402
737483329;737483256;-1.4324434;-2.2069163;-9.884962
737535718;737535653;-1.6027268;0.0023952217;-9.318229
737588135;737588048;-2.736227;2.4168096;-7.7268214
737636142;737636079;-1.5847819;11.218483;-13.456765
737684173;737684108;-1.4913707;3.1985884;-8.145964
737736569;737736501;-1.0392869;1.3099183;-7.437073
737784593;737784524;0.24505833;1.1209284;-10.005385
737832617;737832548;-0.29398665;1.2650609;-9.496825
737885006;737884941;-0.75175095;-0.5092972;-10.170936
737937497;737937330;-1.0046133;0.22995022;-9.278617
737985483;737985358;-1.6218026;1.9779338;-8.797649
738033470;738033376;-2.435829;3.3863575;-8.244541
738085870;738085763;-3.407535;14.421683;-7.6783795
738133904;738133787;-1.7430944;1.7286627;-9.837195
738186263;738186177;-1.6832857;1.3441159;-8.798764
738234354;738234198;-1.350205;1.1928571;-8.435096
738286660;738286589;-0.4736152;1.3952799;-8.454095
738334699;738334616;-0.7231247;3.2806995;-8.378291
738382725;738382641;-1.0284085;7.507063;-12.087387
738435098;738435032;-1.0758396;5.7965174;-8.936409
738487493;738487423;-1.83822;3.3000453;-7.5200157
738536491;738536421;-1.7825603;1.9744371;-8.633542
738584518;738584449;-2.2773445;1.919118;-9.067289
738636903;738636837;-2.2470908;2.3957047;-9.305276
738684926;738684861;-2.5911224;4.391585;-9.927917
738732952;738732885;-2.2487447;8.407578;-9.319916
738785340;738785273;-1.5342247;3.74134;-9.452222
738837735;738837662;-1.204992;2.9921951;-9.44038
738885750;738885685;-1.0027237;2.6138644;-8.009014
738933771;738933705;-0.6902062;3.1439245;-8.775615
738986166;738986089;-0.8063469;3.9402885;-9.34886
739034176;739034110;-0.33449644;4.50055;-8.837744
739086590;739086498;-0.8737021;4.178327;-8.698784
739134590;739134519;-1.473556;4.788751;-8.618816
739186977;739186910;-3.2825336;3.5329099;-8.703344
739235003;739234934;-3.7556522;2.1537511;-7.9664254
739283034;739282957;-5.7796254;0.37378848;-7.5093317
739335409;739335344;-6.6710486;-0.0146453185;-7.633482
739383429;739383363;-6.6715107;-0.7137877;-8.612347
739435813;739435746;-7.46556;-1.0598083;-7.72747
739488196;739488129;-6.90144;-1.4019051;-7.883077
739536216;739536150;-5.9202952;-2.014872;-7.8041964
739584235;739584170;-5.565381;-3.91547;-7.992472
739632261;739632194;-4.561003;-3.4706569;-8.33949
739685132;739685066;-3.4952042;-2.7572024;-8.015441
739733155;739733087;-3.3392997;-0.4615825;-8.190859
739785544;739785476;-2.6509726;1.5591708;-9.4972925
739837935;739837867;-4.619114;4.445298;-7.3810287
739885953;739885885;-4.885264;5.06836;-7.9009514
739933968;739933902;-4.840125;6.3047447;-7.9880314
739981987;739981921;-4.260381;4.6363683;-8.723139
740034373;740034308;-3.7902389;4.554883;-7.68368
740086777;740086694;-3.6738994;3.2013497;-9.307682
740134779;740134710;-3.904964;0.82822835;-10.269811
740187167;740187093;-3.2721496;-0.679967;-9.0531845
740235181;740235114;-2.9991686;-1.3160825;-9.336732
740283197;740283126;-1.1167514;-3.155174;-9.706862
740335589;740335508;0.5007306;-2.8575814;-9.562197
740387959;740387893;1.7565157;-1.7399385;-9.946056
740435980;740435913;3.7395723;-0.9066446;-7.1759143
740484011;740483934;4.92762;-0.021677013;-7.4491596
740536403;740536320;5.4545846;0.766942;-6.4559174
740584412;740584341;6.260632;1.9767188;-6.8614554
740632437;740632360;6.9612613;3.0596979;-6.310368
740684809;740684744;6.850164;5.7787695;-5.8327
740737206;740737127;6.6812096;3.6869986;-7.683308
740785210;740785146;5.446752;3.1494648;-8.542574
740833717;740833649;4.8022637;4.120015;-7.023604
740886151;740886037;3.580405;2.9330938;-8.364091
740934122;740934057;3.2251253;0.7371148;-8.029272
740986531;740986446;3.1841955;-0.6670701;-8.379421
741034599;741034469;1.9054526;-2.528052;-8.403398
741086924;741086857;-0.0004843043;-4.5169296;-8.973275
741134950;741134880;-1.1843171;-4.305371;-8.63586
741183010;741182900;-2.5854735;-2.9403734;-9.235433
741235352;741235284;-4.266641;-1.3544092;-8.7549095
741283370;741283302;-4.7081428;-0.43415448;-8.4868765
741335752;741335685;-5.541632;0.8267269;-9.56931
741383777;741383706;-6.039154;1.9667594;-9.517788
741436150;741436085;-7.85273;7.5557528;-15.769064
741484172;741484105;-3.7407806;4.5290995;-11.013748
741532189;741532124;-1.7812638;2.8466048;-6.8926167
741584569;741584503;0.8219099;2.55577;-10.515372
741636960;741636890;2.475479;1.2117451;-7.5757895
741685059;741684914;4.7179465;0.86595553;-7.484982
741733015;741732941;6.5005555;1.865568;-5.9463196
741785390;741785324;8.102986;1.459202;-7.8500924
741833425;741833343;5.0452657;0.90646267;-8.364734
741885792;741885726;6.384848;2.8953571;-5.2061577
741938199;741938109;4.0132923;-0.094981164;-6.494361
741986683;741986613;2.7925203;-0.0660876;-9.339994
742034696;742034630;1.799515;0.29118705;-9.95301
742082723;742082648;0.059016276;-0.20345461;-9.762726
742135100;742135033;-1.0152954;-1.8191413;-10.369668
742183126;742183053;-1.9153205;-1.31373;-10.094449
742235518;742235439;-2.1965368;-0.8655893;-9.92541
742287901;742287823;-2.6615958;0.4062617;-10.404198
742335906;742335841;-0.8249582;2.551748;-8.251227
742383942;742383861;1.1347328;4.2880177;-9.226243
742431949;742431882;1.887176;4.364096;-8.573268
742484345;742484272;1.6170056;2.9796922;-8.653804
742536728;742536657;1.4121703;1.4914476;-9.3816395
742584816;742584676;0.88712096;0.8672413;-9.617249
742637125;742637060;-0.3387567;0.5767274;-9.746224
742685159;742685077;-0.9339355;0.05953496;-10.118228
742733169;742733094;-1.5727006;-0.16906597;-10.0492115
742785548;742785473;-1.9800069;-0.74915177;-10.112112
742838045;742837854;-1.7503095;-0.37998712;-9.517828
742885941;742885869;-1.6260093;-0.107709154;-9.953766
742933951;742933886;-1.2291653;0.45379806;-9.365075
742981968;742981902;-1.2946155;1.339832;-10.027129
743034361;743034283;-0.3902791;2.3350656;-8.829427
743082364;743082299;0.38918117;1.9497758;-9.224788
743135233;743135165;0.47632915;1.8645769;-9.636325
743187632;743187553;0.06763686;1.4649571;-9.356206
743235644;743235572;0.06574609;0.92660934;-9.587559
743283659;743283590;-0.26379055;0.24385795;-8.640233
743336042;743335977;-0.912823;-0.19148998;-10.020092
743384066;743384001;-1.6311222;0.012018594;-9.974956
743436457;743436388;-2.059053;-0.97861224;-9.885697
743484543;743484411;-2.1725972;-1.6873977;-10.439749
743536861;743536795;-1.6701202;-0.9073608;-9.531293
743584911;743584818;-1.9703325;0.43975404;-10.261201
743632905;743632839;-1.0305387;5.10394;-8.273684
743685292;743685225;0.7689058;5.897395;-8.855388
743737680;743737613;0.1880249;5.6105304;-8.93725
743785698;743785631;0.12855472;4.039758;-8.944992
743833737;743833648;-0.05749186;2.1046708;-9.439401
743886116;743886029;0.31136727;0.24261229;-9.029569
743934117;743934049;-0.77734023;-0.6528972;-9.226631
743982156;743982070;-2.1681843;-1.9749483;-9.742676
744034546;744034454;-3.103484;-2.0387352;-10.97482
744086916;744086835;-2.4690785;0.7184365;-9.11714
744135005;744134852;-2.5557837;0.7204795;-9.133834
744182976;744182877;-2.1939838;3.3967683;-9.663326
744235338;744235256;-0.34121734;4.8733144;-8.92548
744283908;744283754;0.036538254;4.8330355;-8.593843
744336200;744336130;0.46193513;3.4913669;-8.98446
744388573;744388507;0.39052603;1.6270219;-8.925409
744436582;744436516;-0.31319475;0.0794331;-9.54767
744484617;744484536;-1.6069356;-0.89582366;-9.667033
744532617;744532550;-2.2861838;-1.6107816;-9.696306
744584994;744584928;-2.4906616;-1.2298325;-9.748027
744633011;744632945;-3.2072043;-0.48508948;-10.710712
744685394;744685327;-2.3749976;0.2429272;-9.063716
744737933;744737711;-2.211101;0.77348864;-10.259724
744785840;744785730;-1.4731205;0.8324418;-9.435889
744833817;744833751;0.2670652;0.4537704;-9.147179
744881839;744881773;0.67279583;1.4548163;-9.552704
744934251;744934161;0.900024;1.8688103;-9.134882
744986631;744986547;0.5504475;1.3850071;-8.760811
745034821;745034567;0.09855705;1.3375988;-9.163514
745087017;745086952;-0.8453194;0.28067246;-9.03465
745135054;745134974;-1.8085679;-0.45761418;-10.136604
745183145;745182995;-2.1787217;-0.78768367;-9.811166
745235448;745235382;-2.3239408;-1.0451031;-10.273763
745287836;745287770;-1.8950896;-0.73691756;-9.984395
745335857;745335790;-2.2691638;-1.3613183;-10.541375
745383879;745383814;-1.7468971;1.360465;-9.617699
745436753;745436685;-0.90325105;1.2452639;-9.754669
745484794;745484707;-0.6332542;0.3931144;-10.080473
745532798;745532727;0.33817613;1.6093278;-9.386502
745585180;745585115;0.12549374;1.1455212;-9.96315
745637571;745637503;-0.13463908;1.5153431;-9.885771
745685613;745685523;-0.6397264;0.60276407;-10.058314
745733618;745733550;-0.41300085;0.21506393;-9.401297
745785998;745785933;-1.0450338;-0.70604944;-9.025428
745834016;745833950;-1.3427486;-0.7742484;-9.566906
745886449;745886335;-2.2970119;-0.61427236;-10.770634
745934443;745934356;-2.4096618;-0.9382158;-10.297992
745986925;745986746;-2.224232;-0.9670381;-9.806997
746034906;746034765;-1.6876894;-1.0686733;-9.248147
746082925;746082791;-1.7664952;0.21304953;-9.11609
746135270;746135180;-1.8707393;0.116832405;-10.059532
746187630;746187564;-1.0439984;1.7848965;-9.724208
746235752;746235580;-0.33943295;1.4933969;-10.08814
746283681;746283598;0.16729628;1.168852;-8.7654295
746336049;746335984;0.38894698;0.71917534;-9.595174
746384177;746384002;-0.0943017;0.7463892;-9.433852
746432090;746432025;-0.13111594;0.29124072;-9.505681
746484486;746484415;-0.5554111;-1.0772253;-9.538911
746536872;746536807;-1.2029833;-1.3029919;-9.276214
746585384;746585318;-1.8713608;-1.6172267;-9.982593
746633407;746633343;-1.7214587;-1.4540262;-10.066362
746685813;746685735;-1.9603807;-0.75951606;-10.29962
746733825;746733758;-1.3610137;-1.2912675;-9.4693775
746781846;746781781;-1.6278656;1.49301;-9.143599
746838672;746838533;-0.74191093;0.31365505;-9.457713
746886642;746886554;-0.94010377;0.45637962;-9.985206
746934693;746934576;-0.4514642;0.08013713;-9.897035
746982695;746982600;-0.36835337;0.13302015;-10.031675
747035127;747034988;-0.28881395;-0.09022225;-9.86561
747083081;747083005;-0.7690342;-0.45135334;-9.976676
747135563;747135392;-1.2912529;0.12264414;-9.645322
747187846;747187781;-1.2421082;-0.74571365;-9.825242
747235887;747235804;-1.4514318;-0.5091549;-9.963893
747283905;747283823;-1.6240263;-0.51108456;-9.776946
747331990;747331845;-1.2949744;-0.46166027;-9.397474
747384298;747384229;-1.2650338;-0.6259509;-9.627402
747436779;747436616;-1.2378231;-0.42562816;-9.993521
747484704;747484637;-1.2926325;-0.10384546;-9.600714
747537092;747537024;-1.6185799;0.10549834;-10.38417
747585188;747585041;-1.4787315;0.31142026;-10.031863
747633131;747633062;-1.2907312;0.0019951786;-9.952236
747685518;747685450;-0.36994618;0.014987655;-9.424904
747734023;747733957;-0.271167;-0.065326616;-9.235941
747786410;747786342;-0.3931972;-0.15081204;-9.39274
747834429;747834364;-0.6946046;-0.38666317;-10.050989
747882448;747882384;-0.9687355;-0.44424108;-9.960657
747934846;747934771;-0.8020274;-0.6377699;-9.424105
747982863;747982796;-0.9321951;-1.0208364;-9.734823
748035273;748035184;-1.2144527;-0.77765864;-9.825416
748087660;748087573;-1.6342859;-1.058976;-9.459011
748135746;748135595;-1.7370803;1.2887939;-9.235094
748183744;748183619;-2.0965433;1.9014146;-9.390764
748236085;748236006;-2.1950934;1.4420924;-10.62048
748284189;748284025;-1.5802171;2.094859;-9.981283
748336483;748336412;-0.20877151;3.4020078;-9.356844
748384501;748384435;-0.25571665;2.198762;-9.073788
748436892;748436825;0.58378106;1.9138178;-9.266803
748484917;748484849;0.5673466;1.6906289;-9.186173
748532942;748532875;0.16351904;1.210544;-9.58066
748585336;748585269;-0.4998884;0.94398844;-9.780782
748633361;748633296;-1.5383282;1.7259394;-10.079252
748685756;748685687;-1.2314416;1.8459622;-9.333321
748733783;748733713;-1.3105319;0.86480296;-9.60129
748786215;748786103;-1.0297887;-0.13637106;-9.141871
748834194;748834126;-1.9960793;-0.43852454;-9.372268
748882777;748882634;-2.7039292;-0.7247258;-8.745544
748935088;748935023;-3.0359085;-1.659294;-9.191155
748987507;748987412;-5.612398;-1.4908662;-9.059056
749035497;749035432;-5.398373;-1.723355;-8.44637
749083524;749083453;-6.8934;-0.7394625;-9.869018
749135937;749135842;-6.513792;0.28219768;-8.846384
749183933;749183867;-6.5271773;0.788687;-8.729708
749231954;749231889;-6.052558;-0.603742;-10.457664
749288727;749288636;-3.7577682;-1.4020883;-9.49799
749336713;749336647;-1.3486336;-1.6652225;-8.876638
749384743;749384658;0.81459355;0.4193023;-8.177295
749432847;749432669;2.1955354;-0.9240235;-8.084771
749485112;749485046;4.6405764;-0.030084804;-7.9303136
749533124;749533057;5.073688;0.19445357;-7.9527807
749585505;749585437;6.153345;-0.11379196;-7.248375
749633525;749633453;6.4456763;-0.13378741;-7.294105
749681535;749681464;6.0013256;0.13404152;-7.762339
749733909;749733841;5.581194;-0.35902965;-7.7772555
749781920;749781855;4.225063;-0.6380994;-8.499899
749834298;749834233;2.706507;-0.501607;-8.774589
749886679;749886611;0.25668105;-0.19688842;-9.306504
749934691;749934625;-1.8449274;0.5500461;-9.772061
749987669;749987493;-3.0706594;-0.25199333;-10.572177
750035655;750035507;-3.3158267;-0.85782564;-10.694404
750083648;750083519;-3.185767;-1.0952038;-10.703119
750131651;750131528;-2.5843332;-1.0697261;-9.891573
750183993;750183908;-0.77436626;-1.2899281;-9.669318
750236358;750236292;1.0466576;-0.8735051;-8.697213
750284376;750284310;3.446725;1.6277175;-8.029489
750336762;750336695;3.9657104;0.5128013;-9.130065
750384781;750384714;4.711617;0.25737083;-8.796687
750432801;750432735;4.712871;1.8510435;-8.255048
750485190;750485121;3.4870994;1.1284741;-8.731537
750537661;750537504;2.3640895;1.0993259;-9.07885
750585589;750585520;1.3672986;1.1452925;-8.904256
750633605;750633539;0.58154666;0.2746604;-9.827166
750686091;750685927;-0.33803082;-0.42565647;-10.068274
750734012;750733942;-0.22430311;-2.3612971;-9.85043
750786394;750786328;-0.10722252;-2.2709656;-9.760328
750834423;750834348;-0.19484894;-2.148318;-9.669044
750886801;750886732;0.09171745;-1.006;-9.065755
750934819;750934753;-0.5231788;-1.3167641;-10.0699625
750982945;750982782;-0.43606964;0.44416887;-9.7586975
751035244;751035172;-0.052992582;3.1178327;-9.17168
751087630;751087561;0.1202059;2.0741758;-9.708267
751136140;751136072;-0.03387017;1.8968719;-9.410654
751184177;751184093;0.41212422;0.17476507;-8.75026
751236552;751236485;-0.49067685;-0.85979366;-9.495792
751284576;751284508;-1.6985176;-1.0297005;-8.945503
751332621;751332534;-3.292651;-0.93524516;-9.349022
751384990;751384924;-5.1844754;-1.7093625;-8.956264
751437377;751437311;-5.883877;-0.70087653;-8.853604
751485401;751485332;-6.1538973;0.17449158;-8.595565
751533418;751533353;-6.2664566;-0.139728;-9.709968
751585805;751585737;-4.8400016;1.4216752;-8.2734585
751633827;751633759;-3.7843714;0.019593557;-8.09561
751686213;751686143;-2.6642554;-0.075134866;-8.91158
751738696;751738530;-1.9001999;0.028355654;-9.426716
751786621;751786552;-1.6746604;0.4751551;-9.062447
751834645;751834576;-1.9815204;0.27195233;-9.591202
751882665;751882596;-2.5801313;0.872975;-9.136315
751935051;751934983;-3.2364383;0.47764456;-9.979413
751983085;751983011;-3.7960348;-0.2530254;-9.395975
752035544;752035401;-4.040555;-0.7866727;-10.470851
752087857;752087789;-4.0026584;-1.6614745;-10.950192
752135880;752135813;-2.1477025;-2.810836;-9.300522
752183971;752183839;1.0156826;-2.498952;-9.183899
752231929;752231860;2.0779948;-1.1448153;-8.402193
752284818;752284738;4.443896;-0.7375246;-7.564079
752337212;752337129;6.0336237;1.6805936;-6.56899
752385222;752385155;15.159056;0.47409728;-7.835759
752437613;752437547;4.517792;0.2744811;-7.2773967
752485644;752485569;4.252775;0.27419004;-7.7384415
752533660;752533593;4.274728;2.6861029;-8.367448
752581699;752581619;3.392853;2.0009515;-8.887492
752634087;752634012;2.4842224;1.5610902;-9.895294
752686468;752686402;1.9766636;-0.37901866;-9.207502
752734495;752734427;2.412089;-0.87407035;-9.1149025
752786889;752786820;2.0595942;-3.1506534;-9.641352
752834918;752834849;2.5707684;-3.7736568;-8.967124
752882941;752882875;1.9440953;-3.599921;-8.957818
752935337;752935271;2.5508459;-1.8914922;-9.363426
752987731;752987661;1.7528926;-0.5561562;-9.635813
753035754;753035685;1.8884906;2.6461818;-10.266796
753083776;753083707;2.837735;2.6107213;-8.782607
753131805;753131728;2.2439647;2.3098292;-10.197598
753184182;753184115;2.4252791;2.0244281;-9.133533
753236576;753236503;2.536089;0.79965585;-8.939674
753284597;753284527;3.022981;0.32151562;-8.882805
753336982;753336916;3.2373786;-0.7690374;-8.759513
753385005;753384940;2.7870002;-2.3422916;-8.605001
753433600;753433451;1.4703047;-2.7225118;-8.251793
753485921;753485836;-1.1050272;-3.593227;-9.273756
753533955;753533861;-2.9774585;-3.1877735;-9.993814
753586322;753586255;-3.540559;-2.3691857;-9.576148
753634365;753634276;-4.425453;0.1932514;-8.904618
753686805;753686665;-4.263458;1.2907975;-9.485326
753734760;753734684;-1.7125031;1.8952067;-9.649108
753782773;753782704;0.26185164;1.5117456;-8.5857115
753835237;753835092;1.876783;0.049754344;-9.375913
753887547;753887478;2.6097908;-0.42706063;-8.814821
753935576;753935499;2.1490147;-0.3159548;-9.465575
753983661;753983520;0.4595001;-0.7030003;-9.13641
754035978;754035906;-0.9600309;-0.5191289;-9.245794
754083994;754083928;-2.1336284;0.0803119;-9.524835
754132088;754131946;-3.1424663;-0.94211;-10.862892
754184396;754184331;-2.2920167;-1.9841518;-10.599142
754236790;754236715;-1.5007237;-2.085839;-9.382847
754284802;754284733;-1.0009836;-2.0162752;-9.364397
754332822;754332754;-0.98591506;-2.1337965;-9.732213
754385211;754385143;-1.3563678;-0.435766;-9.621195
754433234;754433169;-2.1029081;2.0400395;-8.278811
754485631;754485562;-1.3025727;5.083848;-9.207438
754538029;754537956;-0.8217321;5.4375257;-8.616437
754586535;754586466;-0.30939543;6.9764605;-8.99111
754634571;754634491;-0.038141116;4.5404434;-8.679707
754682595;754682512;-0.22132058;2.8773139;-9.582864
754734966;754734900;-0.66959476;2.1220105;-9.798273
754783006;754782923;-0.9686068;0.6881946;-9.497325
754835378;754835311;-1.3411027;1.379659;-9.508859
754883398;754883331;-1.446528;2.0278728;-9.400879
754935785;754935719;-1.8744528;2.2058718;-9.468228
754983809;754983741;-1.6306502;2.482258;-9.836427
755031826;755031762;-1.5876536;3.307581;-9.275045
755084221;755084152;-0.8349159;3.2605362;-9.132057
755136606;755136537;-0.35160023;3.7587764;-9.380559
755184699;755184555;0.5375321;3.5708454;-8.72165
755237010;755236940;0.38919264;3.1422963;-9.053098
755285026;755284957;0.020442879;2.918242;-9.282524
755333111;755332975;-0.31539512;3.061296;-9.393207
755385425;755385359;-0.58934027;2.9177668;-9.51697
755437816;755437747;-1.323588;2.4476159;-9.617363
755485839;755485771;-1.2066417;2.436556;-9.688251
755533863;755533794;-1.4038516;2.5820642;-9.630327
755586250;755586184;-1.891652;2.5139542;-9.746738
755634274;755634207;-0.9727848;2.837573;-9.454523
755686669;755686600;-0.73292077;1.777497;-9.658237
755735179;755735110;-0.35154837;0.41009095;-9.96125
755787562;755787496;0.5161462;-0.26205987;-9.2282095
755835581;755835516;0.21347517;-1.3841511;-9.245905
755883602;755883535;0.34385705;-2.6180456;-9.286174
755935990;755935921;-0.40984768;-3.5605829;-9.333455
755984012;755983947;-1.0737951;-3.3450484;-9.3767605
756036404;756036337;-1.5652834;-2.61862;-9.438694
756084428;756084361;-1.2327783;-2.661304;-9.329573
756136819;756136752;-1.1057804;-1.4860575;-9.100559
756184840;756184773;-0.85152555;-1.2950263;-9.472778
756232861;756232793;-0.6755596;-1.3204104;-9.528109
756285257;756285183;-0.4440692;-1.5823364;-9.152275
756337638;756337573;0.075887725;-2.7182336;-9.075171
756385707;756385597;0.36426452;-3.9545531;-8.651909
756433688;756433619;-0.0466575;-4.6812563;-8.591392
756486074;756486008;0.98035294;-7.977393;-7.3321576
756534138;756534034;-1.4125009;-4.201018;-9.176555
756582132;756582058;-0.6096192;-4.613698;-8.5179825
756634516;756634450;-1.586146;-3.0763962;-9.380203
756686914;756686845;-1.10573;-3.1139212;-9.0932045
756734936;756734867;-0.57905245;-3.6142185;-8.794351
756782959;756782893;-0.4482704;-3.9458034;-8.884758
756835351;756835284;-0.048742842;-4.909955;-8.899562
756883872;756883791;0.3748251;-5.02898;-8.284667
756931890;756931810;0.4763511;-4.793762;-8.454763
756988631;756988566;0.08519628;-4.99919;-8.806811
757036661;757036594;-0.06926794;-2.6658633;-9.689365
757084689;757084621;-1.2399935;-0.029880822;-8.961606
757132809;757132647;-0.84177715;2.2753155;-9.96075
757185101;757185033;-1.1473927;3.1114633;-9.549047
757233124;757233058;-1.1475332;2.6737983;-10.112699
757285520;757285454;-0.8834635;1.6669433;-9.149112
757337917;757337846;-0.613973;0.17131947;-9.696298
757385940;757385871;-0.49524665;-1.9521912;-9.896078
757433968;757433899;-0.34549698;-2.7436655;-9.577324
757481995;757481926;-0.5733079;-3.1888525;-9.251399
757534387;757534321;-0.28962648;-2.0002437;-9.393729
757586779;757586712;-0.6255414;-0.14080466;-9.139689
757634805;757634737;-0.7963;0.3998131;-10.853806
757687190;757687125;-0.8967513;3.0160046;-9.98577
757735214;757735149;-0.9844537;2.666463;-9.959577
757783253;757783169;-0.7978254;1.5938392;-10.268454
757835628;757835556;-0.6248186;0.8282965;-9.471031
757888010;757887942;-0.37903893;-0.44361752;-9.153517
757936031;757935963;-0.7155922;-1.6992134;-10.098694
757984064;757983988;-0.8850063;-1.6707088;-9.711634
758037470;758037352;-0.8168903;-1.1567328;-9.598001
758085446;758085377;-0.8941961;-1.3421404;-9.700093
758133474;758133404;-1.0531061;0.7419936;-9.570234
758181497;758181429;-1.1175938;0.8079367;-9.657048
758233887;758233819;-0.8347979;0.72829777;-9.966939
758286279;758286210;-0.9556012;0.028130824;-10.211921
758334298;758334234;-0.8615507;0.14798021;-9.850988
758382324;758382258;-0.9249033;-1.1456052;-10.345974
758434716;758434650;-0.5656083;-1.1230723;-9.741932
758482740;758482675;-0.8752562;-1.3504237;-10.257858
758535134;758535069;-0.72097;-0.9687691;-10.161591
758587551;758587462;-0.8590871;-0.09078825;-10.333433
758635638;758635489;-0.8258594;0.7950145;-9.725042
758683581;758683515;-0.8188162;-0.109239556;-9.887928
758735971;758735905;-0.636161;0.04592583;-10.173346
758784052;758783930;-1.1227907;-0.021494908;-10.124866
758836427;758836323;-0.94793636;-0.30435532;-10.115517
758884417;758884351;-0.76235145;-0.6376621;-9.594623
758936804;758936739;-0.6779265;-0.98951286;-9.811141
758984840;758984765;-0.60533005;-1.5378646;-9.953503
759032869;759032790;-0.594223;-0.94431835;-9.429692
759085314;759085178;-0.41372615;-0.6070195;-10.165379
759133292;759133198;-0.79243404;-0.57747036;-9.953102
759186136;759186070;-0.6022995;0.384036;-9.771313
759234163;759234091;-0.530893;1.1741502;-9.341277
759286543;759286477;-1.0543525;0.41724724;-10.068393
759334561;759334495;-0.73085004;-0.22648849;-9.693054
759382586;759382514;-0.57087034;-0.38813975;-9.843731
759434965;759434898;-0.82652515;-1.0811657;-9.789561
759487363;759487284;-0.3425087;-0.82207614;-9.561577
759535385;759535307;-0.5573499;-0.75747293;-9.619626
759583396;759583331;-0.98788685;-0.43176445;-10.281723
759635789;759635721;-0.7240545;-0.27655366;-9.782307
759683809;759683742;-0.6362497;-0.4315912;-9.885695
759736201;759736132;-0.6377411;0.043011926;-9.792662
759788631;759788523;-1.0607921;-0.05696816;-10.066165
759836654;759836548;-1.0005366;-0.20263527;-10.064873
759884641;759884574;-0.66840494;-0.33141938;-9.9978285
759932662;759932595;-0.9741135;-0.46531528;-10.127954
759985124;759984981;-0.7792344;-0.48554242;-9.799635
760033066;760033000;-0.83134097;-0.85100424;-9.9076
760085485;760085389;-0.7417774;-0.65088415;-10.140366
760137859;760137780;-0.6018318;-0.43076444;-9.665847
760185881;760185802;-0.5751064;-0.8197157;-9.600539
760233933;760233823;-0.3937115;-0.36311683;-9.448831
760282400;760282332;-0.79378855;-0.7162489;-10.108699
760334788;760334720;-0.49303478;-1.033251;-8.894734
760387177;760387112;-0.81790704;-0.6807964;-10.462474
760435208;760435135;-0.5221454;1.6303933;-9.046477
760487606;760487523;-0.7453864;3.8137622;-9.16712
760535615;760535545;-1.2145747;6.067311;-9.009123
760583642;760583566;-0.957662;4.467508;-9.596449
760631653;760631587;-0.9219366;4.1984076;-9.697079
760684040;760683975;-0.610635;3.0959692;-9.514192
760736432;760736365;-0.6121644;1.732752;-9.665056
760784468;760784389;-0.97065663;0.872658;-9.742018
760836847;760836775;-0.61734045;0.50017446;-9.456947
760884860;760884796;-0.8583165;0.6684108;-9.8376045
760932882;760932816;-0.9010877;1.788779;-9.227874
760985280;760985205;-0.84053636;4.149224;-9.362848
761037793;761037596;-0.9569071;3.60492;-9.767924
761085712;761085621;-1.2142082;4.8812284;-8.980003
761133708;761133642;-0.88597035;4.663235;-8.936755
761186156;761186034;-0.20397307;3.1561687;-9.143252
761234134;761234056;0.07133146;1.057302;-8.729364
761286619;761286442;-0.24840564;-1.334719;-9.229877
761334654;761334466;-0.0130814165;-3.6999266;-9.382941
761386936;761386855;-0.23610118;-3.9728222;-9.36552
761435431;761435360;-0.88080245;-2.8519506;-10.572312
761483444;761483377;-0.74293774;-1.907076;-9.341554
761535825;761535759;-0.83783007;2.0743566;-9.824303
761583846;761583779;-0.8609031;1.9928312;-9.188951
761636325;761636168;-1.4351572;2.1179388;-10.530597
761684255;761684191;-0.33728668;1.033877;-8.938035
761736658;761736577;-0.69803137;-1.0685499;-10.054294
761784673;761784599;-0.21770331;-3.3720489;-8.954625
761832690;761832621;0.07061217;-5.121846;-8.805533
761885081;761885010;-0.034707353;-5.1556973;-8.393321
761937466;761937399;-0.16266099;-5.2769775;-9.257443
761985488;761985421;-0.31190273;-5.275933;-9.372018
762033516;762033449;-0.37147257;-2.5829105;-8.802235
762085901;762085836;-0.086392194;-0.4130232;-8.797804
762133924;762133855;-0.76152825;-1.4594253;-10.45144
762186346;762186241;-1.4040288;-1.1137911;-10.490557
762238722;762238625;-1.2470056;-1.7252684;-9.951576
762286815;762286642;-0.6480168;-2.7391977;-9.448671
762334773;762334662;-0.15393294;-4.14459;-8.91663
762382802;762382673;0.025681091;-4.498612;-8.915493
762435145;762435057;-0.22827375;-4.3369403;-9.268005
762483233;762483078;-0.2656321;-3.2406003;-9.275574
762535588;762535469;-0.29888645;-3.0412676;-9.50407
762588413;762588346;-0.14303152;-0.59130126;-8.32909
762636438;762636372;-0.69094765;-1.5560374;-9.428467
762684475;762684391;-0.87287414;-1.7079785;-10.060891
762732479;762732409;-1.2262795;-2.3138964;-9.732771
762784859;762784791;-0.49667898;-1.767198;-8.959143
762832872;762832808;-0.64683384;-2.085028;-9.197014
762885258;762885192;-0.4991938;-1.1227627;-9.704393
762937656;762937576;-0.84949136;0.045372125;-8.566646
762985670;762985595;-0.13005498;1.1533356;-8.845399
763033679;763033613;-0.4337792;1.5865006;-9.693598
763081702;763081634;-0.72422;0.84459734;-9.421708
763134096;763134023;-0.73174536;1.0601526;-10.013803
763186524;763186410;-0.3350016;0.51793075;-10.001854
763234513;763234433;-0.40016422;-0.49195606;-9.303673
763286972;763286814;-0.26753497;-1.2582899;-9.5649185
763334914;763334833;-0.6864587;-1.7187349;-9.6835
763382957;763382854;-0.47944483;-1.0338024;-9.881039
763435332;763435238;-0.64788353;-0.76155657;-10.349711
763487691;763487623;-0.95858014;1.3126892;-9.949739
763535709;763535642;-0.8144032;0.76300645;-10.08195
763583742;763583658;-0.9401144;1.2638475;-10.668587
763636113;763636046;-0.7026496;0.9944421;-9.921545
763684132;763684066;-0.64364254;-0.54174453;-9.915753
763732644;763732576;-0.5963465;-0.3496042;-9.299293
763785037;763784970;-0.99674207;-1.5881176;-10.23891
763837430;763837357;-0.24397251;-1.3379158;-9.343833
763885445;763885380;0.119498156;-0.8822308;-9.543879
763933474;763933402;0.19490266;-0.57700586;-9.586323
763985870;763985789;-0.14263508;0.052449834;-9.49312
764033874;764033809;-0.54495984;0.033930358;-9.852922
764086260;764086195;-0.80249757;0.45067874;-9.133738
764134290;764134214;-0.703577;0.7283422;-9.808465
764186715;764186600;-0.9365625;0.15403132;-9.453353
764234724;764234623;-1.4430846;0.35501525;-10.150482
764282720;764282647;-1.3249415;-0.039048377;-10.057377
764335115;764335040;-0.6383082;-0.16594958;-9.401002
764387509;764387427;-0.22871312;-0.47718692;-9.519364
764435529;764435446;-0.01412891;-0.6652733;-9.227547
764483634;764483466;-0.5701372;-0.50631434;-9.86004
764535942;764535857;-0.5339173;-0.5823135;-10.098763
764583967;764583881;-0.14701708;-0.37314728;-9.492377
764631985;764631906;-0.47421694;0.17213872;-9.168786
764684372;764684297;-0.82417077;0.16963387;-9.852118
764736751;764736683;-1.0399846;0.46525896;-9.710223
764784781;764784705;-1.0848967;0.11622554;-10.2869625
764832793;764832727;-1.0725385;0.36470145;-9.756291
764885694;764885599;-1.1639743;0.52797824;-9.823029
764933704;764933621;-1.2609949;0.28439572;-9.511586
764986079;764986006;-0.99247855;-0.24377452;-9.887384
765038455;765038390;-1.0187188;-0.21956618;-9.259656
765086493;765086410;-0.28044567;0.070064776;-9.933296
765134498;765134431;-0.34904495;0.54523855;-10.392447
765182528;765182452;-0.0852804;0.39597586;-9.8080435
765234907;765234841;-0.11553962;0.37916735;-9.016265
765282928;765282863;-0.1883309;0.45894358;-9.266212
765335350;765335251;-0.6481179;0.24764699;-10.031213
765383336;765383271;-0.80247027;0.1750456;-9.783045
765435817;765435659;-0.7003805;-0.3187156;-9.574611
765483792;765483682;-0.86268383;0.48592156;-9.733617
765531820;765531700;-0.8733269;0.92549443;-10.391736
765584166;765584085;-0.7072958;0.88063955;-9.871302
765636540;765636471;-0.70369345;1.1728089;-9.582669
765684570;765684492;-1.1065662;1.2301496;-10.157135
765736945;765736880;-1.0666763;0.94682634;-10.034072
765784967;765784900;-0.98410565;0.82114786;-9.88025
765832994;765832920;-1.1417178;0.3821679;-10.173447
765885373;765885307;-0.9013581;0.050689813;-10.036486
765937764;765937697;-0.51011753;-0.29694512;-9.999068
765985784;765985719;-0.12863395;-0.32230267;-10.015313
766034292;766034228;-0.0542941;0.08179025;-9.580924
766086756;766086618;0.09445575;-0.038337514;-9.795854
766134704;766134640;0.34148952;-0.029499743;-9.852715
766182720;766182655;0.17277366;0.3764016;-9.753487
766235173;766235035;-0.3007675;0.3158139;-9.614286
766287552;766287422;-0.40937296;1.0304344;-10.042809
766335536;766335442;-1.012717;1.1596477;-9.831388
766383607;766383461;-1.2482336;0.9380265;-10.058842
766435986;766435843;-1.5802749;1.2443143;-10.113612
766484019;766483865;-1.6666088;1.1423161;-10.064912
766536325;766536257;-1.338844;1.1152328;-9.906666
766584402;766584283;-1.1356765;1.1719401;-10.022536
766636739;766636672;-0.7454609;0.96203655;-9.511528
766684775;766684693;-0.17852752;0.8295196;-9.640967
766732798;766732717;0.20764083;0.049458236;-9.774828
766785174;766785105;0.84910244;-0.3890096;-9.786234
766837567;766837501;1.0987636;-0.39988676;-9.45461
766885604;766885530;0.8170893;-0.053624704;-9.5262375
766933621;766933554;0.6499425;0.25933722;-9.775333
766986011;766985944;0.03696225;0.20992546;-9.552437
767034039;767033964;-0.34661487;0.89848495;-9.692425
767082057;767081986;-0.83977044;1.1218189;-9.9387
767134443;767134378;-1.801686;1.8702276;-10.101109
767187320;767187254;-1.9455391;1.577013;-9.967168
767235346;767235281;-1.5220584;1.8701668;-9.887121
767283374;767283305;-1.1787168;2.1123886;-10.320878
767335759;767335694;-0.7653876;1.1774176;-9.889169
767383785;767383718;-0.31235003;0.44452918;-9.779722
767436262;767436108;0.63714343;-0.43067387;-9.801287
767488574;767488497;0.9196398;-0.69827974;-9.619788
767536653;767536520;1.2114463;-0.95277137;-9.471676
767584711;767584544;1.1263733;-1.1973099;-9.547738
767632629;767632564;0.8801332;-0.83067673;-9.361663
767685107;767684947;0.22313753;-0.6449199;-9.422449
767733108;767732964;-0.17740075;0.3657201;-9.696196
767785425;767785345;-1.1166258;0.92110854;-9.579241
767837800;767837731;-1.3411077;2.0310378;-9.758523
767885819;767885753;-1.8761423;2.431389;-10.3838005
767933840;767933774;-1.1885322;2.4635448;-10.009173
767981875;767981796;-1.280601;2.27163;-9.8026
768034249;768034181;-0.30184266;1.0602579;-9.564786
768086645;768086567;0.033528715;-0.27023458;-9.254571
768134662;768134595;0.87663615;-0.70739144;-9.31598
768187052;768186987;0.5560126;-1.4778455;-9.6038685
768235090;768235012;0.8435708;-1.7100922;-9.452744
768283104;768283036;0.63573325;-2.4158244;-9.413541
768331671;768331542;0.6748374;-2.3637707;-9.610335
768383995;768383931;0.56427634;-2.1933997;-9.433501
768436387;768436321;0.27428403;-1.8788708;-9.972948
768484411;768484345;-0.02696613;-0.8833503;-9.361899
768536848;768536728;0.33796814;0.2946734;-9.46019
768584829;768584750;0.49199328;1.084728;-9.22369
768632846;768632772;0.59861076;2.0754871;-8.765275
768685295;768685157;0.20606337;2.711953;-9.420695
768737625;768737543;-0.29991722;3.156723;-9.56939
768785629;768785563;-0.5719653;3.7249951;-9.439622
768833710;768833584;-1.307768;3.3469517;-9.73318
768881735;768881608;-1.7584522;2.438198;-9.545794
768934070;768933990;-1.9652215;1.0512601;-9.550631
768986444;768986377;-1.9463308;-0.36567897;-9.820332
769034467;769034397;-1.7285954;-1.5001931;-10.132956
769086850;769086783;-1.0305653;-2.290757;-9.326482
769134870;769134805;0.575176;-2.0966327;-9.461936
769182892;769182824;1.1608638;-1.6017859;-9.064566
769235275;769235207;2.223469;-0.77876836;-9.966759
769287666;769287591;3.159558;-0.568198;-8.986282
769335685;769335611;3.8796737;0.54748106;-8.624795
769383705;769383633;3.430774;1.3306558;-8.580945
769437053;769436987;3.7393556;2.2461073;-7.771767
769485084;769485004;5.1304493;7.414335;-11.4559
769533092;769533023;3.384921;5.8858705;-9.793755
769585476;769585406;2.057184;2.6265302;-7.867413
769633493;769633423;0.41889185;3.1530545;-7.5986257
769685875;769685808;-2.6406615;1.6254197;-9.2076845
769733894;769733828;-4.188507;1.8143015;-10.865677
769786278;769786213;-3.2657762;3.1301382;-11.47945
769834296;769834231;-0.38413188;2.985151;-9.90628
769882315;769882250;0.7532113;0.97004473;-7.846752
769934701;769934633;3.7131417;-2.0174408;-8.747331
769987081;769987016;2.5056465;-1.7002087;-9.494055
770035106;770035035;1.4013317;-0.4593886;-9.140376
770083119;770083051;0.81738645;0.0053375727;-10.490773
770135503;770135436;-0.53416973;0.5985714;-10.420903
770183525;770183456;0.14954986;1.5338467;-9.999424
770235914;770235848;0.17679645;0.96030027;-10.199623
770288336;770288243;1.4776875;0.6717427;-9.614751
770336337;770336271;1.377911;0.19679858;-9.162592
770384359;770384294;1.4426956;-0.4412203;-9.343551
770432382;770432316;1.5185843;-0.01503706;-9.675236
770484770;770484704;0.6888632;-0.3969346;-9.667568
770537201;770537092;0.49236396;-0.3787608;-9.767046
770585668;770585599;0.40051663;0.7471701;-9.378393
770638060;770637990;0.34351465;3.1356351;-9.271834
770686080;770686013;0.2589942;5.657374;-9.132239
770734105;770734037;0.43284234;4.5850916;-8.450622
770782132;770782062;0.38790384;2.8625169;-8.931409
770834518;770834452;0.6736087;0.21938567;-9.484717
770886912;770886845;0.7547022;-2.5755062;-9.779992
770934939;770934873;0.94223326;-1.9892426;-9.850958
770987327;770987263;1.0815264;-2.3304274;-9.17761
771035351;771035285;0.7713165;-0.7339106;-8.596975
771083373;771083307;1.1556879;0.86484385;-9.666123
771131391;771131327;0.39862788;1.7199571;-9.736545
771188158;771188079;0.06392069;2.4222689;-10.020134
771236167;771236098;0.015484396;1.4484872;-9.39826
771284200;771284119;-0.1681631;0.41553298;-10.202251
771336572;771336495;0.78632987;-0.4413805;-9.5710745
771384574;771384507;1.0845194;-1.2305878;-9.0857115
771432587;771432519;1.020151;-1.3440647;-9.451654
771484962;771484897;0.54270124;-0.31818607;-10.076863
771537428;771537275;1.1027756;-0.03153695;-9.327665
771585383;771585286;-0.12162882;1.6119107;-9.749948
771633370;771633300;0.059923436;1.229194;-10.216801
771685753;771685669;0.74928415;0.57367843;-9.945249
771734236;771734163;0.85451347;0.7285783;-9.267628
771786612;771786543;1.2056593;0.32879433;-10.039648
771834624;771834558;0.46587208;0.23636828;-9.266108
771887007;771886943;0.315942;0.60340565;-10.713046
771935033;771934965;0.7169793;0.6281652;-9.848156
771983116;771982986;0.01714888;0.93456644;-9.694568
772035437;772035370;1.0887392;0.5975528;-9.90273
772087823;772087757;0.81355196;0.64168394;-9.642042
772135843;772135778;0.45420185;1.2997;-10.0781145
772183881;772183800;0.2711638;1.1419528;-9.83954
772236263;772236188;0.39528337;0.84146;-9.740601
772284271;772284206;0.1794855;1.0451332;-9.911252
772332291;772332225;-0.086750545;0.20475855;-9.117345
772384679;772384614;-0.52064204;-0.29370606;-10.146275
772437148;772437003;0.026547167;0.0014153396;-9.262525
772485214;772485030;-1.3249534;-0.2552897;-9.872715
772533137;772533054;-1.0812204;-0.114080444;-10.136014
772585573;772585444;-1.0171372;-0.0021911643;-9.739225
772633661;772633462;-1.127751;-0.5975024;-10.001205
772685932;772685851;-0.7652023;0.34413618;-9.892341
772738307;772738237;-0.7366914;2.4639053;-9.160638
772786325;772786259;-0.58234566;0.74208856;-9.758151
772834351;772834285;-0.65880764;0.7977964;-9.904579
772882863;772882796;-0.12834337;0.6940909;-9.651384
772935263;772935190;0.16259108;1.2112049;-9.147699
772983281;772983216;-0.2488776;0.98466134;-9.851551
773035667;773035602;-0.34236532;0.8515385;-9.724597
773088053;773087987;-0.67833006;0.5008219;-9.51158
773136090;773136008;-0.84637046;-0.40387267;-9.669526
773184094;773184029;-1.3497009;-0.49329457;-9.803799
773232126;773232053;-1.5188818;-0.57119167;-9.72599
773284502;773284435;-2.2055032;-0.47878453;-9.850929
773336884;773336819;-2.084645;-1.1308867;-9.60754
773384900;773384836;-1.9030321;-0.45044392;-9.796605
773437312;773437216;-2.5291855;0.46155047;-10.477816
773485298;773485232;-1.6382644;-0.42268693;-10.081559
773533319;773533252;-1.2854148;1.440158;-9.72821
773585763;773585634;-0.031671274;1.8539478;-9.239726
773638097;773638015;0.21551402;1.5609313;-9.784174
773686208;773686035;0.0017985085;0.8451631;-10.0046215
773734136;773734054;-0.61837626;-0.8584433;-9.879027
773786507;773786440;-0.7536689;-1.478458;-10.035607
773834636;773834463;-0.044966564;-1.5543396;-9.863721
773882666;773882490;0.19181758;-1.1340133;-9.570792
773934964;773934886;0.34832036;-0.70743525;-9.432611
773987345;773987278;0.5632217;-0.69063854;-9.226294
774035852;774035786;-0.33067766;1.1589452;-9.661423
774083877;774083811;-0.5980912;0.3174444;-9.841077
774131901;774131834;-1.2700007;0.7628328;-9.912997
774184288;774184221;-1.3443223;1.0547197;-10.150565
774236693;774236605;-1.9824158;1.1193238;-10.039103
774284705;774284627;-1.8253901;1.3356391;-9.733561
774337091;774337019;-1.9320426;1.0233519;-9.933236
774385111;774385046;-2.0660884;0.5978052;-10.076397
774433146;774433073;-1.4992188;0.5404241;-9.52682
774485534;774485462;-1.3978206;-0.38984612;-10.219977
774533552;774533485;-0.5839643;-0.47566232;-9.530024
774585938;774585873;0.45824537;-0.61860853;-9.011718
774633963;774633898;0.80168706;-1.1564742;-8.882722
774686445;774686290;0.5348189;-0.37434548;-10.175503
774734399;774734318;0.74752384;0.03722469;-9.721695
774782426;774782351;0.23705728;0.2836571;-9.941512
774834863;774834746;-0.15148954;1.5628706;-9.736219
774887242;774887138;-1.0326818;2.2163444;-10.187461
774935341;774935161;-1.003602;2.5955167;-9.419546
774983305;774983184;-2.0021062;2.154176;-9.553086
775035679;775035570;-1.3775525;1.1084772;-10.2697735
775083678;775083591;-1.4847344;0.5007465;-9.966608
775136047;775135982;-1.8048557;-0.10166791;-10.558313
775184558;775184492;-1.1757108;-0.0014202541;-9.806128
775236961;775236881;0.3649396;-0.40403843;-9.464244
775284971;775284905;1.07934;-0.36584753;-9.592348
775332997;775332931;1.2582712;0.082063034;-9.302426
775385386;775385322;2.0333025;0.42172703;-9.274655
775433406;775433342;1.5510287;0.78299135;-9.471642
775485883;775485731;0.6815018;0.95464003;-9.574578
775538181;775538116;-0.115685605;1.2677165;-9.707907
775586197;775586133;-0.9492164;1.3879212;-10.265398
775634311;775634148;-1.2246757;1.491143;-10.211868
775682229;775682163;-1.2996584;1.4695075;-10.120419
775734614;775734548;-1.3624665;1.4471593;-9.600068
775787065;775786930;-0.85144216;0.92064846;-9.682922
775835051;775834946;-0.44666132;1.2982433;-10.1295395
775887410;775887328;0.41804624;0.40452337;-10.128909
775935527;775935346;1.6047158;-0.6263478;-9.039826
775983445;775983363;2.0122724;-0.57683235;-9.047865
776031446;776031382;1.9459193;-0.9727154;-9.280628
776083849;776083767;2.0492258;-0.35325772;-9.360935
776136223;776136153;1.1371547;0.27620795;-9.642537
776184243;776184174;0.27737805;0.6414033;-9.837913
776236674;776236561;0.04743428;1.0561483;-9.7589
776284650;776284582;-0.25545377;1.8626728;-9.844723
776333156;776333090;-1.4064394;2.1256797;-9.939342
776385561;776385478;-1.0737852;2.1638575;-9.61747
776437946;776437867;-1.1393669;1.5226241;-10.119608
776485953;776485887;-0.74339247;1.1883959;-9.584668
776533974;776533908;-0.39500982;0.006159825;-10.364462
776586362;776586296;1.1208395;-0.8951891;-8.98189
776634382;776634315;1.5143538;-1.7066389;-9.624929
776682403;776682338;2.561678;-1.8281167;-9.008895
776734812;776734722;1.8613806;-0.6483927;-9.271717
776787256;776787105;1.4861407;-0.10129857;-9.586618
776835232;776835125;0.80986077;1.0154204;-9.222316
776883257;776883145;0.12939158;0.93610007;-9.587782
776935615;776935533;-0.16740228;1.5298302;-10.422017
776983708;776983555;0.039009932;1.0937791;-10.183488
777036035;777035945;1.3027239;-0.026441067;-9.032371
777084049;777083964;1.9767115;-0.7366281;-8.656841
777136417;777136351;0.4344767;-0.96218795;-9.211032
777184441;777184375;-0.825811;-1.4784405;-9.556151
777232482;777232398;-2.2713037;-1.0364196;-9.192755
777284850;777284782;-3.5127556;-0.07694148;-9.586635
777337240;777337171;-5.3030224;0.8991556;-10.043301
777385264;777385196;-4.7574677;0.92476094;-10.178204
777433284;777433219;-4.201786;1.2149853;-10.440541
777486161;777486090;-3.138985;0.5496071;-10.147977
777534200;777534107;-1.23127;0.13795438;-9.636129
777582202;777582126;0.1679234;-0.94269645;-9.170602
777634593;777634515;1.3070832;-1.0349035;-8.968719
777686971;777686904;0.6429488;-1.3924155;-9.037428
777734995;777734930;0.04631155;-0.50967455;-8.796106
777783023;777782954;-2.0717897;0.09056287;-8.695212
777835456;777835346;-4.228026;0.7708788;-9.775475
777883434;777883368;-5.904532;1.029705;-9.796248
777935900;777935760;-6.495114;0.91798526;-9.279066
777988228;777988147;-6.4844704;0.31267667;-9.76579
778036252;778036169;-4.921523;0.40408126;-8.855479
778084352;778084192;-3.7744715;0.38817972;-9.64683
778132335;778132214;-0.74671626;0.6534103;-9.175282
778184684;778184607;0.74044603;0.6848549;-8.5398035
778237069;778237001;0.59956473;0.37149936;-9.1742525
778285088;778285023;0.07493054;-0.08288488;-9.236225
778337481;778337409;-0.85357314;0.027266614;-9.994126
778385501;778385433;-0.88697594;0.16238539;-9.499969
778433529;778433457;-0.81920326;0.09334925;-10.352446
778481658;778481484;0.49833825;0.13486528;-9.380271
778533937;778533870;1.40454;-0.20212169;-9.5411825
778586323;778586255;1.6807379;-1.7383685;-8.89479
778634825;778634760;2.03112;-1.0687612;-8.713354
778687221;778687148;1.996275;4.401219;-8.162846
778735270;778735172;1.5432607;6.791418;-9.038989
778783261;778783195;0.09842658;6.762578;-8.443351
778835655;778835589;0.12255972;4.0077443;-9.405845
778888045;778887981;0.39911625;0.22344674;-8.745449
778936083;778936005;0.6299116;-1.4464744;-9.917724
778984111;778984029;1.3880697;-4.183691;-8.8265295
779036558;779036421;1.7117755;-2.6838567;-9.450999
779084526;779084444;1.8196688;-0.06226704;-9.365909
779132564;779132470;2.0022101;1.8000244;-9.694509
779184940;779184860;0.71236;0.9053309;-9.382708
779237403;779237250;-0.7035837;-0.5491509;-10.292916
779285351;779285269;-0.10894459;-2.2929273;-9.83252
779333454;779333287;-1.101771;-2.5734944;-9.602077
779385831;779385670;-0.35881853;-2.1797733;-9.214942
779433778;779433696;-0.92958844;-1.2854003;-9.0854025
779486154;779486088;-1.2448616;-0.13062556;-9.336354
779534257;779534109;-2.3517017;0.2842678;-10.307822
780137153;780137067;-1.7071556;-2.4490542;-9.60526
780185171;780185087;-2.1951692;-3.1824496;-9.407147
780233204;780233109;-1.7383547;-3.481357;-9.339891
780285657;780285495;-1.5378933;-3.049743;-9.450026
780333652;780333523;-1.083553;-2.3089192;-9.219249
780385992;780385910;-0.9033935;-2.450292;-9.345935
780438422;780438299;-1.2192098;-2.1467464;-9.615801
780486402;780486323;-1.9087805;-2.9274194;-9.731105
780534417;780534350;-1.9488506;-2.167395;-10.110466
780582457;780582375;-0.6355722;-0.9252878;-9.397927
780634836;780634767;-0.0818909;0.49651456;-9.822903
780687227;780687160;0.7291252;0.651082;-9.1523075
780735280;780735191;0.808044;0.97443694;-9.191297
780787652;780787586;1.0039501;-0.03570654;-10.055744
780835680;780835613;0.7144856;-0.38530555;-9.95173
780884192;780884126;1.1241844;-0.9604817;-9.183769
780932223;780932156;1.4636;-0.78361124;-9.390356
780984618;780984552;1.5486102;-0.024437692;-9.082874
781037081;781036945;0.72525626;0.12075092;-10.228628
781085040;781084973;0.40176678;0.7383865;-9.684097
781137430;781137366;0.28518096;0.85155445;-10.063332
781185546;781185390;0.27635112;0.39123172;-9.616801
781233482;781233413;0.45136824;0.15424338;-9.540987
781281519;781281436;0.89160466;-0.39897776;-10.045527
781333932;781333827;1.0990523;-0.87678313;-10.17772
781386301;781386218;1.2429581;-0.56094414;-9.9289665
781434346;781434244;1.1696814;0.04338707;-9.328741
781482373;781482268;1.2266189;-0.11053597;-9.06114
781534771;781534660;0.80683553;0.2196765;-9.612692
781582752;781582684;0.44053826;0.25306624;-10.073978
781635230;781635081;0.5081406;0.1847047;-9.843775
781687552;781687473;0.24297522;0.24650168;-10.22938
781735582;781735501;0.55031455;-0.060488764;-9.483758
781783685;781783527;0.33066916;-0.13752781;-9.748803
781835993;781835916;0.3232313;-0.40350148;-10.146894
781884002;781883935;0.55494654;-0.6131215;-9.575167
781936387;781936322;0.8231147;-0.49115056;-9.246172
781984424;781984348;0.8648987;0.15336137;-10.270189
782037290;782037225;0.53112584;-0.4344052;-10.345725
782085322;782085250;0.83753514;-0.101357006;-9.685595
782133340;782133275;0.7753416;0.27427337;-9.571138
782185744;782185666;0.7170456;0.095867544;-9.523951
782233767;782233688;0.773148;-0.4742691;-9.876805
782286145;782286080;0.7695288;-0.21340683;-9.711506
782334169;782334104;0.86626816;-0.25951475;-9.544091
782386637;782386492;0.7912696;-0.047740545;-9.621114
782434577;782434511;0.35995367;0.016420064;-10.138752
782482602;782482533;0.5272354;-0.09213905;-9.307649
782535051;782534915;0.606743;-0.6816635;-9.650282
782587435;782587303;0.6574565;-0.50963485;-10.31251
782635424;782635331;0.5918406;-0.14415985;-9.601262
782683487;782683355;0.58217764;-0.12627706;-9.81515
782735872;782735746;0.86462677;-0.06925127;-9.847237
782783904;782783771;0.9617582;0.13543947;-9.347998
782836252;782836164;0.609772;-0.11266331;-9.472352
782888733;782888555;0.8134498;0.2743706;-9.057294
782936685;782936579;0.6947036;0.09646419;-9.72814
782984687;782984606;0.69189626;-0.27563137;-9.656692
783032800;783032635;0.7252937;-0.6612731;-9.50292
783085129;783085031;0.99713284;-0.36865956;-9.841969
783133138;783133056;0.74326706;-0.079506725;-10.47753
783185993;783185927;0.848981;-0.24830222;-9.954794
783234019;783233953;0.28178075;0.0969871;-10.606503
783286410;783286346;0.23246245;-0.44979087;-10.090027
783334469;783334379;0.3947162;-0.088433355;-10.336896
783382474;783382404;0.5844983;0.23065184;-10.250491
783434865;783434798;0.6469205;-0.38441557;-10.189971
783487272;783487187;1.0210363;-0.7795896;-9.442406
783535275;783535210;0.7300798;-0.5292919;-10.12591
783583298;783583233;0.55606824;-0.15872402;-10.2851
783635709;783635622;0.7611536;-0.09365562;-10.05772
783683709;783683644;0.8848885;0.16399303;-10.290456
783731734;783731668;0.86500645;0.00814293;-9.8443575
783784134;783784057;0.5120973;0.18998967;-10.201167
783836512;783836445;0.5437577;-0.29091817;-9.552129
783884536;783884467;0.64662546;-0.46230617;-10.472522
783937018;783936859;0.92603374;-0.869072;-9.645399
783985005;783984884;1.1065388;-0.22510636;-10.437686
784032977;784032911;0.82481366;-0.24874862;-10.040458
784085448;784085307;0.76742077;-0.017338948;-10.388426
784137768;784137699;0.7817756;0.058264036;-10.204616
784185795;784185727;0.62432605;-0.29066047;-10.12543
784233902;784233756;0.7482747;-0.5989591;-9.354669
784286221;784286153;0.6184599;-0.03385913;-9.87573
784334729;784334662;0.82470673;-0.54329675;-8.976591
784387123;784387056;0.7748597;-0.0037359535;-9.528045
784435162;784435083;1.1723317;-0.7039334;-10.085731
784487567;784487482;1.1742492;-0.2146419;-9.865659
784535581;784535513;0.9959465;-0.43209103;-9.67448
784583609;784583543;0.8157122;-0.4972906;-9.464916
784636001;784635936;0.5932596;-0.06445762;-10.099693
784684028;784683961;0.83733046;-0.08461871;-9.94236
784736414;784736350;1.1683913;-0.35770667;-9.441914
784784445;784784374;0.68209517;-0.29047644;-10.229327
784836842;784836762;0.5102944;-0.3148778;-9.660608
784884851;784884786;0.71272725;-0.49749377;-9.33351
784932875;784932808;1.0011512;0.06275423;-9.412122
784985285;784985194;1.1985887;0.06644607;-9.720075
785037665;785037580;0.91417295;-0.08258328;-10.145934
785085682;785085602;1.1480268;-0.31989664;-9.581496
785133739;785133626;1.2331064;-0.24339125;-9.468966
785186080;785186016;0.7167824;-0.35769165;-9.818753
785234104;785234038;0.7887581;-0.46795768;-9.505548
785282200;785282058;0.6387044;-0.32450283;-9.743455
785334577;785334447;0.50604033;-0.23529838;-10.14464
785386915;785386832;0.52224535;-0.07271377;-9.804467
785434939;785434857;0.5646395;-0.20133829;-10.115966
785483434;785483365;1.4183084;-0.121000126;-9.35618
785535820;785535755;0.910754;-0.2242476;-9.761149
785583914;785583776;1.2244779;-0.2534023;-9.611162
785636293;785636162;0.9447617;-0.43108594;-9.675387
785688615;785688550;1.1473362;-0.18773325;-9.499326
785736641;785736574;1.0491309;-0.4236678;-9.722329
785784676;785784597;1.311301;0.31732577;-9.565818
785832682;785832616;0.8732492;-0.19660145;-9.463442
785885066;785885000;0.7674439;-0.33033976;-9.87246
785933084;785933020;0.70969623;-0.11858511;-9.602861
785985476;785985407;0.48399824;-0.7734397;-9.605134
786037950;786037799;0.58770347;-0.64006376;-10.077786
786085886;786085822;0.6569901;-0.6731381;-9.974229
786133913;786133848;1.0603514;-0.41102684;-9.743147
786181954;786181873;1.3382858;-0.037329677;-9.051672
786234329;786234264;0.83788234;-0.21132798;-9.858689
786286776;786286657;1.0959495;0.28327242;-9.442871
786334808;786334684;0.522934;-0.32326752;-10.2953415
786387246;786387077;1.0020294;-0.14568202;-9.813442
786435265;786435101;0.40620798;-0.51285464;-9.450729
786483241;786483122;0.7473523;-0.7489484;-9.860004
786535608;786535507;1.1995647;-0.25497657;-9.347728
786587958;786587891;0.9082198;-0.73470926;-9.792153
786636514;786636400;1.0126345;0.02280892;-9.790624
786684479;786684411;1.151983;-0.30246162;-9.615682
786732495;786732427;0.9950649;-0.23802413;-9.444583
786784941;786784809;1.249439;0.22991405;-9.6239
786832893;786832826;0.8255828;-0.04148245;-9.289431
786885272;786885207;0.6739294;-0.02192951;-9.483397
786937659;786937594;0.6514827;-0.545742;-9.543844
786985681;786985613;0.70013046;-0.45047954;-10.076994
787033703;787033634;0.8572789;-0.2233074;-9.7295885
787086086;787086020;0.86176014;-0.2104119;-9.28807
787134103;787134038;0.43936092;-0.5963765;-10.625538
787186495;787186425;1.1397276;-0.58268636;-9.651547
787234507;787234437;1.3284016;-0.58835524;-9.183275
787286972;787286820;0.8971551;-0.9665196;-9.794219
787334980;787334840;1.0684146;-0.5392173;-9.730605
787382925;787382860;1.1617221;-0.23466383;-9.838549
787435357;787435241;0.615967;-0.5516281;-10.206995
787487697;787487626;1.2762258;-0.03735423;-9.499587
787535750;787535648;0.74227965;0.20102781;-9.562664
787583751;787583670;0.36731735;-0.14225289;-10.232936
787636123;787636058;0.72154707;0.06996857;-9.805318
787684183;787684083;0.6915087;-0.6461311;-9.389475
787732179;787732112;0.65458846;-0.5387127;-10.016719
787785056;787784991;1.0297093;-0.5973482;-9.47634
787837546;787837383;1.042455;-0.55091745;-9.524929
787885550;787885411;0.94363064;-0.3909453;-9.730337
787933497;787933431;1.3363415;-0.2676412;-9.6679325
787985985;787985817;1.0784847;-0.5106375;-9.558587
788033918;788033838;0.92545;-0.29579437;-10.178799
788081928;788081862;0.8983137;-0.48698103;-9.554674
788138700;788138620;0.60019463;-0.44221568;-10.205161
788186712;788186647;0.91978407;-0.4208459;-9.665084
788234735;788234670;1.2450408;-0.10730428;-9.47709
788282826;788282697;0.7996963;-0.107884884;-9.792355
788335152;788335087;1.0932219;0.22606844;-9.287087
788383186;788383113;0.93758124;-0.30658582;-9.832645
788435611;788435503;1.1863449;-0.070538804;-9.30146
788487977;788487899;0.92068595;-0.92660826;-9.954461
788536069;788535928;0.9518463;-0.9390439;-9.750217
788584018;788583953;0.93787056;-0.92386806;-9.907899
788632082;788631975;1.3165469;-0.67056406;-9.616111
788684447;788684361;1.0056263;-0.6370916;-9.629395
788736813;788736747;1.3356408;0.18859546;-9.190375
788784866;788784771;0.8632739;0.28354448;-9.839095
788837226;788837160;1.1175946;0.29647124;-9.611547
788885253;788885187;0.93258935;-0.23372234;-9.414042
788934253;788934186;0.66866255;-0.7841851;-9.96325
788982277;788982210;0.7797844;-0.66117114;-10.186933
789034668;789034600;0.9024398;-0.37649482;-9.708921
789087054;789086987;0.895613;-0.69566625;-10.0423155
789135076;789135010;1.173514;-0.29753146;-9.747195
789187469;789187402;0.9484562;-0.5096168;-9.514866
789235514;789235435;1.1666001;-0.566007;-10.145393
789283529;789283461;1.6341438;-0.12648596;-9.307806
789331565;789331484;1.2898798;-0.45906982;-9.390612
789383963;789383877;1.1811582;-0.40849066;-9.452139
789436344;789436266;0.82338965;-0.35561767;-9.574761
789484356;789484289;0.5626372;-0.22905543;-10.248362
789536748;789536680;1.0007905;-0.09328691;-9.592106
789584772;789584705;0.56463665;-0.6175587;-9.498174
789632800;789632731;0.94544053;-0.5967643;-10.459394
789685189;789685124;1.2754823;0.01833621;-9.610126
789737586;789737518;0.887945;-0.8427827;-10.252322
789785674;789785546;1.3189425;-0.5454405;-9.630608
789833644;789833577;1.5889583;-0.38319236;-9.211869
789886043;789885977;0.8774164;-0.6877578;-10.215854
789934082;789934010;0.88849455;-0.41939494;-9.831311
789986477;789986404;1.0493501;-0.3155304;-9.400788
790035000;790034932;0.89109343;-0.61508083;-9.880973
790087463;790087310;1.3742459;-0.087222956;-9.328127
790135403;790135337;0.87625873;-0.5848095;-9.5545225
790183436;790183368;1.0043339;-0.95964795;-9.7869
790231475;790231396;0.8752974;-0.4898784;-9.986213
790283854;790283788;0.88966703;-0.19699444;-9.494559
790336247;790336181;0.82666576;-0.3554001;-9.644102
790384314;790384207;1.491726;-0.040049672;-9.640854
790436665;790436599;0.8552701;-0.5859734;-10.237034
790484687;790484620;1.3916469;-0.02581281;-9.4701395
790532745;790532642;1.4353367;-0.40618306;-9.473801
790585096;790585030;0.9608488;-0.92487466;-9.864444
790637492;790637423;1.4302557;-0.48632228;-9.0458975
790685520;790685449;1.0668441;-0.6867319;-9.463256
790733541;790733474;0.9112418;-0.97367305;-10.009787
790785936;790785868;1.3299973;-0.47291616;-9.789964
790833963;790833895;1.3350613;-0.39192238;-9.228907
790881990;790881921;0.98267436;-0.39167267;-9.682742
790934379;790934315;1.0229111;-0.22980191;-9.988732
790986778;790986709;0.9070324;-0.56545514;-9.594406
791034824;791034736;1.1329131;-0.58085155;-9.569073
791082832;791082764;0.9149599;-0.42111233;-10.244168
791135259;791135158;1.1083279;-0.5488399;-9.724045
791183742;791183671;1.2544414;-0.38783437;-9.397588
791236133;791236065;0.94965994;-0.615546;-10.169182
791288528;791288458;1.0098053;-0.26260647;-9.703419
791336554;791336488;0.93438554;-0.6099362;-9.700708
791384584;791384516;1.1530998;-0.7697515;-9.54001
791432611;791432542;1.0263947;-0.5560117;-9.935507
791485026;791484935;1.2034084;-0.5823423;-9.3078785
791533031;791532962;1.425769;-0.67327243;-9.408927
791585422;791585352;1.2421443;-0.35889715;-9.758769
791637811;791637743;0.9482906;-0.4460598;-9.4066
791685850;791685768;0.8877063;-0.5993165;-10.182686
791733858;791733790;1.1773856;-0.6769968;-9.613061
791781886;791781811;1.2670916;-0.41935015;-9.572186
791834261;791834196;0.9768714;-0.5955995;-9.89571
791886650;791886579;1.3226377;-0.5092487;-9.486757
791934665;791934598;1.1116288;-0.55049396;-9.595963
791987051;791986986;1.1040313;-0.4619272;-9.876027
792035069;792035002;1.2945362;-0.15724139;-9.527587
792083081;792083016;1.2109952;-0.39977235;-9.474967
792135481;792135397;1.0381948;-0.8817634;-10.035367
792187849;792187783;1.3074534;-0.7542668;-9.590169
792235946;792235803;1.0540072;-0.53160965;-9.740098
792283892;792283825;1.0480975;-0.84763813;-9.636762
792336763;792336697;1.3431774;-0.44307655;-9.58838
792384783;792384716;1.3523034;-0.37916496;-9.613399
792432805;792432739;1.133247;-0.5792834;-9.554789
792485195;792485128;1.2771589;-0.27547333;-9.821462
792537583;792537517;0.9690074;-0.9708668;-9.613686
792585607;792585542;1.0724306;-1.0335034;-10.072572
792633648;792633566;1.2780868;-0.3292801;-9.909574
792686032;792685953;1.0179018;-0.5349604;-9.812359
792734046;792733979;0.9032405;-0.7413667;-9.614105
792786428;792786363;1.3625976;-0.16105677;-9.309365
792834458;792834381;1.1699255;-0.537016;-9.725616
792886835;792886766;1.0976361;-0.4013866;-10.051591
792934853;792934788;1.2144904;-0.10569163;-9.205234
792982891;792982812;0.82364047;-0.18422365;-9.639319
793035268;793035201;1.3917562;-0.3176745;-9.299663
793087653;793087587;0.77202344;-0.71688384;-10.00645
793135677;793135611;1.1734217;-0.61902195;-9.424348
793183707;793183638;1.4052601;-0.48176786;-9.590979
793236093;793236028;1.4630648;-0.47172633;-9.879103
793284128;793284052;1.8416369;-0.44512516;-9.010628
793332159;793332081;1.3591539;-0.78476584;-9.850437
793384540;793384470;1.5710491;-0.7962056;-9.504674
793436976;793436862;1.252843;-0.6302274;-9.482461
793485442;793485376;1.2515451;-0.44264376;-9.874768
793533480;793533404;1.1317095;-0.55304354;-9.608904
793585866;793585800;0.98464483;-0.5409636;-9.759247
793633898;793633830;1.1412034;-0.42571497;-9.937757
793681928;793681862;1.3445232;-0.40200594;-9.483483
793734326;793734258;1.4395756;-0.2756109;-9.522904
793786715;793786649;1.0133764;-0.656397;-10.1077
793834744;793834676;1.5335215;-0.6901612;-9.283434
793882770;793882703;1.6287555;-0.73922336;-9.3982
793935164;793935094;1.7022069;-0.6002726;-9.300734
793983184;793983117;1.2671862;-0.21556032;-9.567778
794035645;794035511;1.099947;-0.4806649;-9.7066145
794087968;794087903;0.9448337;-0.60136557;-9.76054
794135992;794135927;0.8224519;-0.5337967;-10.101352
794184064;794183950;1.3260347;-0.38230568;-9.372373
794232042;794231976;1.4451993;-0.56425583;-9.318376
794284436;794284371;1.3555623;-0.7517048;-9.491255
794336828;794336761;1.2966453;-0.8309191;-9.118085
794384864;794384784;1.1715002;-0.81566185;-10.382949
794437243;794437173;1.6251194;-0.47671697;-9.241109
794485261;794485194;1.4545361;-0.8191911;-10.2208395
794533280;794533213;1.4656794;-0.57353425;-9.205264
794585662;794585595;0.85079545;-0.8764359;-9.9372
794634172;794634099;1.1694335;-0.53915715;-9.735489
794686556;794686488;0.9615243;-0.43769234;-10.047046
794734577;794734508;0.9777909;-0.23970564;-9.661003
794786963;794786894;1.05565;-0.35505393;-9.9840765
794834986;794834919;1.3442599;-0.32070592;-9.405863
794883008;794882942;1.2800053;-0.792748;-9.524667
794935395;794935328;1.4259965;-0.8376076;-9.264595
794987788;794987719;1.0592448;-1.1284894;-10.013532
795035812;795035745;1.5922265;-1.1490448;-9.152163
795083836;795083768;1.533101;-1.1632919;-9.510955
795136220;795136155;1.433259;-0.60309094;-9.328977
795184252;795184179;1.1304132;-0.46380943;-9.374118
795236692;795236569;0.81172824;-0.2699031;-10.081893
795284662;795284595;0.9115088;-0.29344988;-9.47445
795337046;795336980;0.9478412;-0.16501491;-9.498217
795385094;795384996;0.6984411;-0.8469619;-10.208067
795433081;795433014;1.2956195;-0.6417302;-9.069485
795485465;795485395;1.6710469;-0.62434787;-9.16792
795533533;795533410;1.6526601;-0.60668725;-9.776982
795585861;795585796;1.6838678;-1.0373348;-9.762887
795633886;795633819;1.814583;-0.9345544;-9.764004
795686274;795686209;1.1658893;-0.8485374;-10.239518
795734312;795734230;0.8862272;-0.5428041;-9.755852
795787171;795787101;1.1631495;-0.47215343;-9.210469
795835194;795835118;1.0882983;-0.5780211;-10.060308
795887570;795887502;1.1677344;-0.4532003;-9.978074
795935590;795935520;1.2938861;-0.53724015;-9.614949
795983615;795983537;1.0804967;-0.46673885;-9.589897
796035988;796035923;1.6489611;-1.0783451;-9.3844385
796084011;796083943;1.56777;-1.0105131;-9.772931
796132051;796131965;1.7409228;-0.6938412;-9.049004
796184422;796184353;1.367197;-0.63390666;-9.362095
796236809;796236742;1.091827;-0.42694816;-9.272923
796284835;796284767;1.032234;-0.3428744;-9.852698
796332861;796332793;0.73438716;-0.7638907;-9.92886
796385253;796385185;0.59207964;-0.66351134;-9.524481
796433276;796433210;0.3323003;-0.79337955;-10.148231
796485669;796485599;0.5649205;-0.76048476;-10.481022
796538054;796537986;1.3539659;-0.39285886;-9.686322
796586122;796586006;1.522483;-0.54666764;-8.858681
796634094;796634027;1.1171371;-1.2480612;-9.712555
796682114;796682047;1.3290788;-0.7593096;-9.383387
796734549;796734435;1.7698085;-0.67329276;-9.441551
796786891;796786826;3.042232;-0.85267967;-9.589633
796834917;796834848;4.0842066;-0.41432288;-9.483866
796887296;796887232;4.568147;-0.68274033;-9.157374
796935806;796935737;5.099883;-0.91776145;-8.594838
796983826;796983758;4.886585;-0.94843006;-8.6567
797031848;797031780;4.979007;-1.2686108;-8.209296
797084245;797084165;4.857807;-0.97058666;-8.676301
797136629;797136553;4.77689;-0.72736;-8.596373
797184650;797184575;4.024015;-0.76479846;-8.776604
797237033;797236965;3.694574;-0.5526474;-8.902514
797285056;797284990;3.4989204;-0.5092404;-9.025439
797333089;797333016;4.141442;0.16067678;-8.848694
797385470;797385405;5.1727266;0.1146756;-8.592035
797437861;797437792;6.1453767;-0.65306455;-6.605536
797485879;797485810;7.1032147;-1.1345961;-7.1671658
797533905;797533832;7.0776043;-1.2094514;-6.5995336
797586285;797586219;6.547138;-1.1493667;-7.2583528
797634305;797634238;6.151643;-1.0494071;-7.4408655
797686701;797686629;4.7907915;-0.8142289;-8.051796
797734725;797734656;4.570799;-0.52234095;-8.301523
797787145;797787051;4.510532;0.14678311;-8.662097
797835139;797835074;4.0801253;0.13345543;-8.372786
797883166;797883099;4.5098753;-0.15170047;-8.436075
797935578;797935493;4.6896687;-0.6098565;-7.9532094
797983603;797983520;5.4198465;-1.1454773;-7.855752
798035977;798035911;6.0641766;-1.1680796;-7.55542
798084485;798084417;6.1706495;-0.8836929;-7.4113593
798136872;798136801;6.8706126;-0.6751474;-7.1017284
798184892;798184824;6.497504;-0.8986017;-7.124651
798232914;798232845;5.6479836;-1.2177651;-7.4341216
798285308;798285240;3.9021206;-1.2997879;-7.9690056
798337709;798337633;2.2753878;-0.9026455;-8.834467
798385808;798385654;0.978966;-0.56711316;-9.517658
798433759;798433676;-0.057437565;-0.19333744;-9.751429
798486133;798486066;-1.1328931;0.87873733;-10.7331505
798534234;798534089;-0.8516116;0.31526315;-9.551091
798586549;798586480;0.162563;-0.1117285;-9.379953
798634572;798634504;0.6498813;-0.5161352;-10.272837
798686963;798686897;3.2592676;-1.4630351;-9.078305
798734989;798734921;2.6322112;-1.0958085;-8.586162
798783013;798782944;1.5337751;-1.7505707;-8.300105
798835396;798835331;0.31958684;-1.5771506;-8.350557
798883421;798883353;-2.5261605;-1.5500581;-9.533312
798935806;798935739;-4.301085;-0.07294431;-9.471889
798988190;798988124;-4.836193;0.5371318;-10.429594
799036209;799036144;-3.5385034;0.8040193;-8.735768
799084236;799084170;-3.6104789;0.62214404;-10.673583
799132257;799132190;-3.043381;-0.18552628;-9.842211
799184645;799184578;-1.1302421;-1.7315896;-9.43534
799233151;799233085;-0.5878952;-1.6209561;-9.2941265
799285542;799285474;-0.6581295;-1.8909756;-9.351484
799337927;799337861;-0.9297244;-1.33252;-9.566022
799385949;799385882;-1.4033778;-0.95304275;-9.25929
799433969;799433902;-2.469407;-0.48608688;-10.06592
799481992;799481925;-2.8197749;0.44533703;-9.051081
799534383;799534317;-4.0460305;-0.09554268;-10.19061
799586834;799586713;-3.2113757;-0.70379657;-9.188989
799634808;799634741;-3.35602;-1.7347283;-9.112698
799687193;799687127;-2.6979947;-1.5720327;-8.698888
799735261;799735146;-3.8160048;-1.874792;-9.060736
799783235;799783169;-4.2653227;-2.2066417;-8.862412
799835620;799835553;-4.2041793;-1.6573398;-8.357505
799888004;799887939;-5.9391766;-0.6910274;-9.006938
799936031;799935965;-6.066137;-0.2882268;-8.554948
799984060;799983995;-5.7716036;-0.5143981;-8.441089
800036456;800036388;-5.8366566;-0.2239576;-9.111107
800084491;800084421;-5.391178;-1.0049127;-8.187789
800132515;800132445;-5.158188;-0.9563569;-8.851142
800184902;800184836;-4.2288003;-1.3392285;-7.858777
800237296;800237221;-4.381145;-0.8070373;-8.939709
800285340;800285241;-4.2546897;-1.3158939;-8.502441
800333329;800333264;-4.6784816;-1.1897678;-9.193692
800386703;800386619;-4.4145412;-0.9534026;-8.262646
800434727;800434638;-4.396107;0.33617648;-8.616572
800482812;800482660;-4.8131957;1.6860559;-9.273347
800535114;800535045;-4.7156487;2.7328928;-8.529836
800587498;800587432;-4.9675875;2.4750433;-8.765323
800635526;800635455;-5.227287;2.0652628;-9.912577
800683547;800683480;-4.108722;1.2694992;-8.163527
800735938;800735871;-4.609927;0.6616129;-8.444611
800783963;800783896;-4.1650977;0.5691724;-8.4025345
800836349;800836284;-3.5136576;0.66616166;-8.40307
800884370;800884306;-3.8252027;1.0475305;-9.157062
800936762;800936693;-3.7721314;1.0706519;-8.587726
800984784;800984715;-4.3313694;1.6113788;-9.037212
801032804;801032736;-4.1527433;2.083844;-8.4601965
801085195;801085124;-5.0906143;2.7340026;-9.2648735
801137586;801137513;-4.728466;2.7284434;-9.430602
801185602;801185533;-4.3604565;2.8662338;-8.9366255
801233626;801233558;-4.366525;2.235401;-8.442983
801286016;801285947;-3.92516;2.6606379;-8.073222
801334042;801333974;-3.1455393;2.1458828;-7.603323
801382061;801381994;-4.06122;2.1421142;-8.692619
801434446;801434381;-4.8083224;1.0246814;-9.627947
801487321;801487252;-5.494336;-0.3950332;-10.249691
801535342;801535270;-5.2315745;-0.88135165;-8.513533
801583403;801583294;-2.7793868;-0.80969685;-8.231364
801635746;801635678;0.9908187;-0.6291608;-7.238913
801683761;801683693;4.330508;-1.9166576;-6.8540254
801736145;801736076;6.034205;-1.8716843;-7.434597
801788528;801788461;5.03598;-1.2415469;-8.336183
801836553;801836484;3.9337478;-1.2498665;-8.857697
801884575;801884508;2.8781674;-1.7991302;-8.968205
801932603;801932534;0.8700977;-0.8881957;-9.229608
801984999;801984931;0.41840288;-0.25095287;-9.604149
802033030;802032960;0.8331631;0.21992539;-10.123254
802085421;802085351;0.89871097;0.39685196;-10.320844
802137814;802137743;1.7521209;-0.12530085;-9.783367
802185834;802185765;2.1718707;-0.9629895;-9.013575
802233856;802233791;2.5082314;-1.3383348;-8.843716
802281891;802281816;2.015528;-1.5171944;-9.442505
802334273;802334207;2.3479238;-1.389591;-9.518559
802386666;802386598;1.6817142;-1.2778825;-9.617397
802434690;802434624;1.199609;-0.3682461;-9.165767
802487083;802487018;1.1538872;-0.009898139;-9.552376
802535113;802535044;0.6281002;-0.14327103;-10.520516
802583135;802583070;0.8508557;-0.15188527;-9.85614
802631661;802631581;0.88251126;-0.6189748;-11.305223
802684146;802683973;1.1408476;-0.67481875;-9.520719
802736437;802736369;2.1327932;-1.5706651;-8.5599165
802784475;802784393;2.0871558;-1.6250181;-9.671761
802836845;802836777;1.7263697;-1.1261264;-9.47591
802884868;802884800;1.4167697;-0.735928;-9.5974
802932904;802932818;1.0706524;-0.8604424;-9.99265
802985267;802985201;1.0596607;-0.23238279;-9.193528
803037669;803037588;0.84777075;-0.10647149;-9.296266
803085680;803085611;0.66158193;-0.50561005;-10.026669
803133700;803133631;0.94627494;-0.8566071;-9.554838
803186093;803186018;0.93628615;-0.95296305;-9.953703
803234106;803234040;1.4685407;-0.7904895;-9.435788
803286497;803286425;1.7239127;-0.92844576;-9.047857
803334524;803334449;1.6346707;-1.0513736;-9.295253
803386902;803386837;1.8764453;-1.0642947;-9.566335
803434931;803434861;1.8096957;-1.1657766;-9.282511
803482962;803482886;1.40722;-0.79469556;-9.820204
803535344;803535277;0.9142876;-1.1502626;-10.248217
803583371;803583302;0.72908497;-0.57840997;-9.762514
803635764;803635693;0.5567363;-0.16083315;-9.93421
803683788;803683719;1.1978228;-0.16360421;-9.634784
803736177;803736108;1.3580399;-0.585013;-9.045059
803784704;803784617;1.1507014;-0.8876513;-9.996515
803832725;803832643;1.7820679;-0.86876655;-8.764153
803885117;803885034;1.5314584;-1.6667069;-9.61038
803937495;803937427;1.0171154;-1.3560618;-9.988545
803985519;803985452;2.0343387;0.01363085;-8.946945
804033566;804033478;1.6125754;0.40021265;-9.740478
804085935;804085867;0.66491187;0.49664164;-9.783864
804133956;804133889;0.60246456;0.1383171;-9.745144
804181977;804181911;0.7519351;-0.60490984;-9.497802
804234366;804234300;0.62207144;-1.461735;-9.813887
804286753;804286686;1.1204796;-1.4582572;-9.642668
804334773;804334707;1.6378652;-1.1269048;-9.447068
804382800;804382733;1.6584508;-1.3142667;-9.785532
804435189;804435120;1.4112786;-0.3104239;-9.387911
804483215;804483146;1.1188757;-0.07587672;-9.8443575
804535664;804535534;0.87874895;-0.26246014;-9.903877
804587992;804587925;0.63030225;-0.4475461;-10.095019
804636013;804635947;0.7635735;-0.7117655;-9.735711
804684094;804683975;0.7763891;-0.6380047;-9.696017
804732071;804732003;1.2786072;-0.6770291;-9.867098
804784464;804784397;1.3996257;-1.2754265;-9.859817
804836858;804836789;1.5075635;-0.89440256;-10.146909
804884883;804884814;1.4177915;-0.6290501;-9.646631
804937778;804937695;1.2425334;-1.1243237;-9.532416
804985801;804985724;1.0174494;-0.7900328;-9.283404
805033888;805033749;1.0255804;-0.66465735;-9.735879
805081929;805081776;1.2898602;-0.7671288;-9.450677
805134339;805134169;1.069127;-0.5979628;-9.486192
805186632;805186563;1.4747839;-0.46295568;-9.341291
805234656;805234590;1.300171;-0.9908923;-9.96932
805282761;805282619;1.529885;-1.0050902;-9.126403
805335079;805335012;1.4208663;-1.0180129;-9.624674
805383103;805383037;1.2338676;-0.87157345;-9.721113
805435496;805435429;1.5129154;-0.82203716;-9.012216
805487892;805487825;1.3303976;-0.5185526;-9.201234
805535919;805535852;0.7928447;-0.94246787;-9.969292
805583949;805583882;1.3002685;-1.1595556;-9.503697
805636354;805636276;1.1950366;-1.2865751;-9.41394
805684370;805684302;1.2154579;-1.1463295;-9.4040365
805732393;805732327;0.9227001;-2.2437234;-9.8792515
805784797;805784721;1.0481391;-1.728387;-8.854169
805837182;805837114;1.8140713;0.21622215;-9.210088
805885201;805885136;1.0986843;4.0045857;-9.605911
805933235;805933161;1.6342295;3.5584154;-9.503135
805985624;805985556;0.6566307;2.0202012;-9.943096
806033651;806033585;0.14973152;-0.43516508;-9.884077
806086614;806086471;0.6349534;-3.836089;-9.084062
806134565;806134500;1.0198332;-1.9776161;-10.356966
806187033;806186895;2.7489345;0.22222564;-8.956618
806235040;806234923;2.7139447;1.0665942;-9.0466175
806283022;806282954;1.602164;0.62567204;-9.2499895
806335500;806335348;1.0728617;1.5595382;-9.357014
806383493;806383376;0.70296943;2.0402577;-9.666654
806435849;806435769;0.7624268;4.8198643;-10.686907
806483870;806483792;0.51504296;5.198537;-8.808925
806536248;806536181;0.49031118;5.1636133;-9.305614
806584286;806584206;0.74787754;3.995922;-9.933399
806632408;806632229;1.0458332;3.232972;-8.962008
806684686;806684619;1.7413305;2.079096;-8.795903
806737079;806737010;2.066167;1.9413824;-9.251297
806785105;806785036;1.6443858;2.7088838;-8.735437
806833130;806833063;1.9418762;3.5941918;-8.6526375
806885540;806885452;1.4736354;4.909382;-8.732939
806933547;806933479;0.3515265;5.060765;-8.859119
806985957;806985875;1.2763284;2.865057;-8.973404
807038335;807038269;1.4487926;3.002708;-9.058682
807086360;807086291;1.5322157;6.4834013;-8.175298
807134391;807134316;1.60151;2.9125004;-8.338843
807182408;807182340;1.6092968;3.352412;-9.146509
807235284;807235217;2.1318069;4.4493914;-9.007136
807283310;807283246;1.6779811;3.5254774;-9.169117
807335703;807335637;1.3837022;4.4201846;-8.693216
807388153;807388029;1.3946807;3.8228092;-8.714458
807436284;807436054;1.5024344;3.8258522;-8.729822
807484144;807484079;1.7666771;3.8850877;-8.570885
807532173;807532100;1.7690241;4.2138095;-8.985927
807584711;807584489;1.2403462;4.570844;-8.782556
807636959;807636881;2.6197407;4.9537644;-8.6456785
807685082;807684905;3.2469532;5.828573;-8.5481205
807737360;807737293;3.450588;2.9663339;-6.88784
807785398;807785316;3.436803;0.08058556;-7.8742414
807833427;807833341;2.0913093;-1.901298;-8.352599
807881533;807881363;-0.81570387;-4.087376;-8.692044
807938189;807938116;-2.5940566;-3.5546198;-9.988672
807986209;807986140;-2.0160794;-3.5613177;-9.619634
808034232;808034164;-1.9071635;-2.554774;-10.761221
808086618;808086549;-0.94584274;-1.4786018;-9.667321
808134638;808134571;0.71265256;0.08392987;-8.963177
808182660;808182593;2.4383228;0.6890984;-8.776815
808235051;808234982;2.9534566;0.9245013;-8.56459
808287435;808287369;2.277789;0.32077006;-8.66728
808335454;808335389;2.014293;-0.7833671;-9.605875
808383960;808383894;0.88025576;-1.5777787;-9.832732
808436369;808436279;-0.11891599;-2.3745468;-10.531895
808484370;808484301;-0.2514245;-1.9455605;-10.344418
808532388;808532322;0.14417183;-1.2408324;-9.925591
808584794;808584704;0.976396;-0.5999086;-9.530772
808637231;808637090;2.0549498;0.50676584;-9.3240595
808685268;808685112;1.77692;1.049691;-9.426235
808733288;808733131;1.2638952;-0.5873294;-9.725571
808785658;808785518;0.5867924;-3.420401;-9.788237
808833735;808833541;1.0786101;-5.1414585;-9.364922
808886015;808885932;1.488733;-3.0798333;-9.161584
808934088;808933957;1.9620736;-0.8036766;-9.087432
808986413;808986346;1.4977349;0.2666986;-9.111224
809034438;809034372;1.0806628;-0.40916094;-9.503872
809082513;809082396;0.77767813;-1.0161902;-9.766976
809134856;809134787;0.39546317;-1.6214833;-9.755026
809187243;809187176;1.1152403;-1.7385029;-9.704469
809235267;809235201;1.7282566;-1.4773111;-8.820985
809283291;809283223;1.8589542;-1.2803712;-9.361925
809335681;809335611;1.8061996;-0.93262964;-9.310459
809383706;809383633;1.8035653;0.88317114;-8.521908
809436102;809436022;0.97728366;1.8958801;-9.7462
809488482;809488414;0.72934586;1.0249729;-9.842048
809536998;809536922;0.27230996;0.042068046;-9.840639
809585014;809584948;0.50196296;-1.9705069;-10.396063
809633063;809632977;1.0736321;-1.5014505;-9.67889
809685512;809685367;2.2081382;-0.6272907;-9.557195
809733454;809733389;2.241533;2.0523038;-9.816749
809785902;809785777;1.9153824;2.5509741;-9.082631
809838262;809838165;0.90071625;1.3073101;-10.39656
809886269;809886187;0.71328545;-0.8687203;-9.324516
809934377;809934212;0.6774878;-0.8908657;-10.343148
809982363;809982238;0.76193357;-0.10146384;-9.387755
810034705;810034623;1.159671;-0.2488397;-9.861798
810087072;810087006;1.4334515;-1.3695227;-9.804813
810135104;810135027;1.913965;-0.38952303;-9.119097
810187478;810187409;1.6300329;2.0150492;-9.056366
810235497;810235428;1.405168;2.145674;-9.586031
810283533;810283448;0.7276822;2.0737503;-9.5364685
810331536;810331466;0.78537166;-0.33187103;-9.91771
810383918;810383852;1.3510537;-2.0007565;-9.240523
810436303;810436237;0.8551059;-2.2546203;-10.382692
810484318;810484253;1.3268294;-1.9991399;-9.36464
810536708;810536638;1.0829859;-1.3731008;-9.402382
810584723;810584654;1.4500523;-0.5359004;-9.590936
810632738;810632669;1.2806855;-0.4351796;-10.073323
810685628;810685537;1.0176336;0.18395618;-9.966558
810738014;810737919;0.88191646;-0.30073795;-9.433641
810786114;810785935;0.77663267;-0.7984943;-9.573272
810834092;810833951;1.0683762;-1.2190088;-9.274753
810886415;810886329;1.2257831;-1.1113492;-9.487394
810934425;810934345;1.4409679;-1.1273181;-9.207144
810982442;810982360;1.1396312;-0.8782392;-9.932081
811034811;811034742;1.0615836;-0.7921088;-9.689097
811087189;811087125;1.2378393;-0.48788184;-9.347132
811135208;811135142;0.7209422;-0.7471291;-10.380076
811183230;811183162;0.72149557;-0.7089707;-9.895832
811235622;811235550;0.512441;-0.64698195;-9.8699665
811283646;811283571;0.97659594;-0.28444627;-9.400832
811336033;811335959;1.1957203;-0.8240665;-9.618875
811384044;811383979;1.8333765;-1.3381248;-8.965966
811436438;811436362;1.690501;-1.175472;-9.176267
811484463;811484383;1.3866433;-1.4405171;-9.684025
811532482;811532409;1.4713051;-1.1514611;-9.472747
811584861;811584795;1.2568496;-0.7193255;-10.029228
811637242;811637177;1.2142527;-0.8253469;-9.620629
811685261;811685196;0.8655747;-0.38195923;-9.7781315
811733282;811733216;1.0693207;-0.3790088;-9.355222
811786168;811786086;1.2102423;-0.70056796;-9.571561
811834281;811834106;0.8911976;-0.9485062;-9.786275
811882205;811882122;1.0571436;-0.80878466;-9.957868
811934575;811934509;1.5043308;-1.0188525;-9.162129
811986960;811986893;1.2926408;-0.8788596;-9.46467
812034985;812034919;1.7276943;-0.9999166;-9.216259
812083011;812082942;1.2780458;-0.73313093;-9.267527
812135397;812135331;1.0993552;-0.82950443;-9.889553
812183420;812183352;1.4721673;-0.7422721;-9.675964
812235807;812235740;1.3488661;-0.6202548;-9.365637
812288196;812288126;1.1815714;-0.5762806;-9.481951
812336213;812336143;1.3831044;-0.9570028;-8.928769
812384227;812384162;1.2792065;-0.55145216;-9.799146
812432255;812432184;1.3088585;-0.8156701;-9.111605
812484639;812484572;1.0137094;-0.8359358;-9.532156
812537035;812536962;1.1651131;-1.4355855;-9.710217
812585054;812584987;1.1591139;-1.0371165;-9.550679
812637450;812637380;1.162565;-1.3215065;-9.694848
812685492;812685410;1.3745263;-0.85851413;-9.828575
812733508;812733439;1.2402024;-0.82677495;-9.240688
812785899;812785831;1.092448;-0.37785903;-9.761045
812834012;812833857;0.8884277;-0.38201582;-9.423072
812886314;812886249;0.69559914;-0.45328146;-10.193899
812934938;812934759;1.090386;-0.5334819;-9.179456
812987215;812987149;0.66450524;-0.83696353;-10.047907
813035255;813035173;0.9863364;-1.2217984;-9.499571
813083280;813083198;0.98481554;-1.308381;-9.711373
813135670;813135589;1.5088972;-1.7228454;-9.405851
813188046;813187981;1.7042967;-1.2814746;-8.885708
813236071;813236005;1.4425851;-0.95929956;-9.427118
813284099;813284026;1.3862568;-0.5402444;-9.934349
813332117;813332049;1.0514253;-0.20011906;-9.652425
813384507;813384440;0.7948686;-0.5825283;-9.8514185
813432544;813432466;0.7983454;-0.16881394;-10.17655
813484922;813484857;0.6917765;-0.49912038;-9.922323
813537318;813537249;0.71986556;-0.97245204;-9.923301
813585341;813585274;0.83117455;-1.187536;-9.613475
813633364;813633299;1.1127278;-1.1071217;-9.551784
813685752;813685684;1.3390458;-1.4252732;-9.654444
813733774;813733708;1.3288537;-1.1824667;-9.486717
813786165;813786096;1.6040144;-1.656996;-9.292537
813834187;813834119;1.4472784;-1.1971967;-9.553315
813886625;813886506;1.3578928;-0.99464357;-9.726527
813934598;813934531;1.3919771;-0.59756005;-9.734597
813982620;813982552;0.98420554;-0.62265795;-9.579477
814035043;814034943;0.894684;-0.774386;-9.58529
814083569;814083454;0.6344003;-0.50548756;-9.466577
814135926;814135846;0.68076175;-0.7966425;-9.825539
814183950;814183871;0.5669304;-1.0210038;-9.921093
814236328;814236259;0.8701551;-1.338434;-9.767153
814284362;814284279;1.3697699;-1.228964;-9.455929
814332385;814332303;1.4145931;-0.9378177;-9.5207815
814384756;814384689;1.3986871;-1.0595231;-9.45287
814437145;814437079;1.4801809;-0.5342171;-9.557956
814485175;814485098;1.5026337;-0.6705622;-9.359694
814533186;814533117;1.3416365;-0.39922988;-9.382515
814585571;814585505;0.9331168;-0.7375699;-10.250826
814633602;814633528;1.2524505;-0.8047523;-9.642472
814685986;814685916;1.2587494;-0.501235;-9.330645
814734003;814733938;0.93139267;-0.8291294;-9.5525875
814786399;814786329;0.76091534;-1.2745949;-9.734583
814834422;814834351;1.0992349;-1.1628193;-9.996378
814882444;814882377;0.69171494;-0.9527175;-9.862609
814934835;814934766;0.6876464;-0.865253;-9.663131
814987227;814987159;0.7518282;-0.87350917;-9.597278
815035252;815035186;1.2165238;-0.9178024;-9.877858
815083280;815083213;1.206915;-0.8878662;-9.183072
815135677;815135603;1.262744;-0.8679281;-9.6506405
815183693;815183624;1.3445282;-1.2377856;-9.584607
815232226;815232134;1.444097;-0.8880431;-9.771881
815284704;815284524;1.2931453;-0.6413565;-9.456633
815336982;815336914;0.8257949;-0.6617283;-10.161053
815385018;815384936;0.66946;-0.88712156;-9.822077
815437391;815437324;0.9310415;-0.9849357;-9.583368
815485414;815485348;0.97733665;-0.5346648;-9.4064
815533440;815533371;1.0322316;-0.7941117;-9.5764065
815581481;815581398;1.0469627;-0.8597442;-9.432382
815638222;815638156;1.0131555;-0.9730057;-9.626702
815686300;815686182;1.0696151;-0.9477998;-9.522549
815734275;815734206;1.0622809;-0.8436324;-9.632899
815786665;815786597;0.9460097;-1.2367021;-9.619254
815834728;815834623;1.1465418;-1.3936762;-9.756151
815882713;815882645;1.2664613;-1.1740954;-9.895045
815935101;815935036;1.4012182;-0.81803006;-9.498392
815987499;815987430;0.97745997;-0.7191084;-9.845243
816035524;816035454;0.8996576;-0.81219983;-9.824864
816083549;816083479;1.1909777;-0.80455863;-9.868996
816135950;816135872;1.3953317;-0.73129094;-9.352762
816183967;816183899;1.2285142;-0.7156263;-9.501217
816236359;816236290;1.1721634;-0.8274652;-9.726501
816284379;816284311;1.3661872;-1.2687027;-10.002632
816336775;816336699;1.202835;-0.96147513;-9.793925
816385342;816385211;1.1159469;-0.8566816;-9.204534
816433474;816433236;0.7729317;-0.40537116;-9.998656
816485715;816485630;0.60576695;-0.4892142;-10.541116
816533810;816533659;0.99688303;-0.9231396;-9.536973
816586142;816586057;1.216438;-0.87341875;-9.313666
816634166;816634084;1.1890326;-0.61667496;-9.705334
816686544;816686476;0.8222127;-0.75662965;-9.682939
816734588;816734502;0.8883173;-1.2842541;-9.923789
816782609;816782528;0.90145916;-1.2692498;-9.403402
816834987;816834919;1.2456754;-1.5050902;-9.755757
816887377;816887310;1.575955;-1.1380243;-9.313111
816935401;816935333;1.218013;-0.79055643;-9.46796
816983432;816983361;0.7829708;-0.6565691;-10.136588
817035819;817035753;0.91322744;-0.4499562;-9.630766
817083856;817083779;0.45362088;-0.7559872;-10.054732
817131872;817131806;0.7152261;-0.42650357;-9.639425
817188624;817188559;0.72137576;-0.80998445;-9.546022
817236649;817236581;0.7823454;-0.69210434;-9.420558
817284669;817284603;1.2462819;-0.74653006;-9.500278
817332697;817332630;1.1293042;-0.68097955;-9.768361
817385088;817385020;1.0902747;-1.0029277;-9.9734955
817433112;817433044;1.5115219;-1.1606462;-9.294222
817485498;817485431;1.2800659;-1.0260814;-9.268133
817538385;817538305;1.2272931;-0.96642756;-9.312415
817586486;817586322;0.86167544;-1.0963126;-10.376091
817634538;817634341;1.0207298;-0.7466142;-9.380484
817682455;817682361;0.7482097;-0.97801614;-10.15241
817734828;817734747;0.91148883;-0.93351066;-9.821644
817787208;817787135;0.8489201;-0.44614792;-9.821656
817835224;817835158;0.95467645;-0.6865494;-9.277519
817887616;817887548;0.9920657;-0.9324873;-9.3740015
817935639;817935573;0.7702691;-0.83381534;-10.439464
817983662;817983595;0.75921464;-0.7619154;-9.5648365
818031697;818031614;0.83928424;-0.8317036;-9.298821
818084068;818083999;0.94626963;-0.6122948;-9.229217
818136465;818136387;0.99752504;-0.72579217;-9.516728
818184484;818184413;1.0038916;-0.5242943;-9.291904
818236872;818236803;0.85029405;-0.7148037;-9.566606
818284902;818284825;1.0185457;-0.45503467;-9.095491
818332916;818332849;1.1110669;-0.9423471;-8.947673
818385308;818385243;0.6690717;-0.92249405;-9.752802
818437700;818437633;0.8838346;-1.1295992;-8.87849
818485725;818485656;1.6265732;-1.0679574;-9.232118
818533747;818533679;1.3326057;-0.75168055;-9.736423
818581784;818581704;0.630707;-0.74365246;-9.56142
818634163;818634096;1.0958154;-1.1275455;-9.46568
818682669;818682605;0.9400098;-0.890631;-8.895843
818735169;818734997;0.8742496;-0.97338694;-9.862889
818787456;818787389;0.86506814;-0.6215869;-9.270394
818835532;818835416;0.8843285;-1.131393;-9.9872055
818883588;818883438;1.2021856;-1.1280199;-10.346772
818935913;818935828;1.3298647;-1.2815353;-9.391147
818983933;818983852;1.4829848;-0.9786028;-10.523311
819036306;819036240;1.4409351;-1.024327;-8.778958
819084356;819084271;1.0964344;-1.2031556;-10.221823
819136737;819136665;0.8294539;-0.8991093;-9.440203
819184771;819184696;1.3162091;-1.1534435;-9.57766
819232810;819232720;1.2008606;-0.9144734;-8.994584
819285177;819285110;0.81694406;-0.8777444;-9.246451
819337632;819337504;1.421243;-1.158822;-9.316509
819385594;819385530;1.2184279;-1.0148916;-9.306978
819433617;819433550;0.9953353;-0.65115416;-8.56768
819486057;819485936;0.47702947;-0.4731388;-10.413528
819534029;819533961;1.0007946;-0.98158306;-10.38544
819582051;819581982;1.2209419;-1.2298112;-10.1368475
819634482;819634372;1.0134959;-0.98925024;-10.251432
819686830;819686761;0.79738766;-0.8666022;-8.99425
819734856;819734785;0.83701146;-0.6830774;-9.038058
819782927;819782808;0.7446078;-0.49164099;-10.094113
819836236;819836168;0.8882532;-0.77030903;-8.378612
819884335;819884190;1.3563647;-1.3107854;-10.188126
819932280;819932215;1.4061842;-1.1295868;-10.045338
819989038;819988969;1.0372481;-1.0635406;-9.66626
820037055;820036989;0.49673203;-0.38704327;-9.8843775
820085077;820085013;0.9625303;-0.7765102;-9.899812
820133108;820133040;1.3265195;-0.88227373;-9.404854
820185500;820185429;0.93759984;-0.8985667;-8.986527
820233519;820233450;0.8526484;-0.801299;-9.645665
820285909;820285840;0.91510373;-0.94860834;-8.991962
820338308;820338229;1.0632281;-1.0604787;-9.237654
820386329;820386248;1.1093147;-0.7127961;-9.474199
820434328;820434263;1.603012;-1.0661746;-8.764432
820482343;820482277;0.861112;-1.4101794;-9.812814
820534724;820534658;0.8253848;-1.0063955;-8.803048
820587116;820587038;1.0027771;-0.7121978;-9.34209
820635128;820635055;1.1035407;-0.70030904;-8.579866
820687504;820687439;0.7568727;-0.82025445;-9.683387
820735546;820735458;0.6555666;-0.8440502;-9.2928
820783593;820783479;0.8984971;-1.0220108;-8.95857
820831565;820831499;0.7563901;-0.35070723;-8.7165575
820883975;820883885;0.880922;-0.9470294;-9.65688
820936834;820936759;1.6089821;-1.1695383;-9.387285
820984847;820984782;1.3144156;-1.2324412;-10.553731
821037233;821037167;0.6409241;-0.78303075;-9.499555
821085265;821085190;0.12732063;-0.40371937;-8.9891405
821133277;821133211;0.7014112;-0.7052414;-9.639053
821185666;821185599;1.6761849;-1.0942479;-10.096999
821238050;821237980;1.2334012;-1.0247412;-9.223414
821286072;821286000;1.242323;-1.4920863;-8.451004
821334094;821334018;1.3685397;-1.0332898;-9.703924
821386486;821386403;0.80328643;-0.631471;-10.094598
821434496;821434426;0.77298385;-0.65236074;-9.424176
821486901;821486815;1.0459702;-0.81807286;-9.739306
821534901;821534836;1.4147853;-0.90574974;-10.10719
821587285;821587220;1.3349429;-0.84379447;-8.788092
821635315;821635243;0.81775403;-0.6082831;-9.687929
821683329;821683264;0.77904195;-0.63844;-10.546479
821735716;821735650;0.9271566;-1.1547434;-9.664162
821783759;821783673;1.1890473;-1.16823;-9.096184
821836246;821836059;1.187775;-1.5693995;-9.442891
821884167;821884078;1.3298978;-1.4367284;-10.056093
821936552;821936468;1.0406872;-0.69981766;-9.577952
821984639;821984490;0.9213176;-1.1226432;-9.268503
822032599;822032513;1.0963078;-1.3468025;-10.020027
822085454;822085388;1.2559674;-1.45304;-9.686124
822133481;822133412;1.2790884;-1.3839961;-8.946683
822185871;822185804;0.97273666;-1.3846997;-8.956935
822233895;822233827;0.91307545;-0.6958248;-9.303915
822286289;822286215;0.79788727;-0.52283466;-8.956478
822334301;822334236;0.9153799;-0.578673;-9.262561
822382324;822382258;0.52698827;-0.8357479;-9.628683
822434793;822434648;0.6636096;-0.87573534;-9.521501
822487117;822487038;0.84366405;-0.84410024;-9.334616
822535130;822535062;1.0243784;-1.2878467;-9.348067
822583250;822583086;1.0271249;-1.1739467;-9.458827
822635541;822635474;0.817443;-1.1530646;-8.9416685
822683568;822683500;0.93728375;-0.8638295;-9.642475
822735954;822735889;0.85319495;-0.9107686;-9.206174
822788353;822788279;0.8085143;-1.0786189;-9.050867
822836373;822836302;0.96591914;-0.9670976;-9.465047
822884392;822884328;0.8733432;-1.3035953;-9.081494
822932416;822932349;0.638309;-0.6799344;-10.447862
822984817;822984738;0.56004846;-0.7098079;-9.81955
823037305;823037127;0.8581221;-0.82515264;-9.247171
823085285;823085152;0.705161;-1.0604439;-9.620602
823137620;823137540;0.9566299;-1.2225559;-9.681321
823185719;823185567;0.9348652;-1.0707644;-9.436688
823234140;823234075;1.1640497;-1.0564866;-9.890709
823282163;823282098;0.994894;-1.21271;-9.775853
823334578;823334490;1.1943346;-0.8632159;-9.665422
823386944;823386878;1.0803121;-0.18899503;-9.059863
823434967;823434901;1.1960515;-0.5802764;-9.093011
823487424;823487293;0.6068402;-1.4010321;-9.9342575
823535382;823535316;0.6946625;-3.011204;-9.131783
823583412;823583344;0.95671415;-2.8865602;-9.339342
823631439;823631370;1.3024246;-2.5738473;-8.987103
823688198;823688129;1.0543911;-2.6070228;-9.187516
823736229;823736158;0.88852835;-3.2186937;-8.8412285
823784345;823784182;0.7243826;-3.4524837;-9.074915
823836640;823836573;0.9082564;-2.7435248;-8.962158
823884683;823884597;0.8432755;-3.2792501;-9.152326
823932720;823932621;0.38481483;-4.083946;-9.547511
823985078;823985012;1.03816;-2.7277508;-10.123227
824037470;824037403;1.7529203;-1.5109054;-8.822567
824085495;824085426;2.0642576;-0.57078564;-9.457585
824133518;824133452;1.2530538;-0.34311485;-9.054051
824181541;824181474;0.42811638;0.38458964;-9.85876
824233924;824233860;0.7661852;0.6664503;-9.190008
824286401;824286249;0.19563359;1.3268377;-10.137799
824334380;824334275;0.59280896;0.88318425;-10.216571
824387213;824387149;0.6359225;1.1165198;-9.793724
824435238;824435172;0.72226447;0.51921;-10.041711
824483259;824483193;0.71608484;0.80572647;-10.035693
824535645;824535577;0.94758683;0.90742445;-9.637486
824583663;824583598;0.6988092;1.58356;-9.930999
824636054;824635989;0.75549096;1.2534947;-9.461401
824684095;824684010;0.44823912;1.8644254;-9.888356
824736456;824736391;0.78884494;2.2882438;-9.143328
824784483;824784413;0.773309;2.1417649;-9.123936
824832500;824832433;0.62514997;1.8795232;-9.390307
824884894;824884823;0.76776385;1.3646528;-9.243614
824937280;824937204;0.8938982;1.2058386;-10.06557
824985300;824985218;1.1897385;1.3959467;-9.521638
825033298;825033232;0.8499504;1.3118377;-9.852128
825085678;825085613;0.94070095;0.08087574;-9.675995
825133725;825133629;1.0308659;-0.0611412;-9.581437
825186106;825186009;1.4608301;0.38465488;-9.194855
825238477;825238392;1.0696769;1.2055155;-10.344767
825286578;825286408;1.0504482;0.5619135;-10.018824
825334583;825334428;0.83734185;0.18353453;-9.36622
825382542;825382451;0.43645102;-0.24513191;-10.34778
825434926;825434842;0.98608285;-0.32012436;-9.612082
825482946;825482863;1.1705078;0.06925466;-10.057562
825535800;825535734;1.3286966;0.28307015;-9.388036
825583822;825583748;0.72373754;0.13571243;-10.4463005
825636210;825636133;0.6830421;0.014010441;-9.609067
825684219;825684152;0.57122755;-0.1268727;-10.312713
825732254;825732176;1.1194255;-0.31684813;-8.813005
825784642;825784561;1.0091579;-0.20795771;-9.560833
825837005;825836939;0.8053299;0.13450237;-9.371966
825885022;825884957;1.0421987;0.09877282;-9.406302
825937403;825937338;0.88123554;0.053558137;-9.176106
825985429;825985353;0.6526232;0.50559485;-9.787669
826033439;826033373;0.3088417;-0.017109143;-9.959144
826081458;826081393;0.54264325;0.02559398;-9.138872
826138312;826138140;0.9657052;-0.22270899;-9.728456
826186298;826186156;0.97482455;-0.22334176;-10.033545
826234279;826234176;1.1553519;-0.44452336;-9.171692
826286640;826286560;0.84063727;-0.35951394;-9.420831
826334743;826334581;1.0317767;-0.4564838;-9.940494
826382769;826382602;1.1398602;-0.43730316;-9.506377
826435065;826434988;1.1294343;-0.07272156;-10.177783
826487444;826487378;0.88863313;0.3890372;-9.585736
826535476;826535401;0.35175353;0.09542931;-10.3807125
826583510;826583422;0.3821851;-0.12316538;-9.657647
826635874;826635807;0.38056356;-0.4478007;-10.466207
826684382;826684314;0.79491985;-0.25659698;-9.851003
826736774;826736703;1.0086842;-0.18511194;-9.744372
826784784;826784719;0.9696632;-0.21719311;-10.07595
826837172;826837104;1.1198587;-0.5945639;-9.197477
826885215;826885124;0.78334624;-0.37458682;-9.527451
826933221;826933145;0.7544762;-0.6864727;-9.576939
826985601;826985532;0.39644116;-0.21001092;-9.873327
827033652;827033550;0.54496586;0.19900918;-10.318256
827086011;827085937;0.8797587;0.27359974;-10.118665
827134026;827133960;0.66365373;0.18601355;-10.301884
827186487;827186346;1.1391894;-0.875856;-9.360227
827234466;827234364;0.7966108;-0.89420915;-10.079749
827282490;827282383;0.7227797;-0.20220539;-9.588901
827334845;827334767;0.903831;3.0431347;-9.280831
827387228;827387152;0.8647467;3.8133354;-8.883691
827435257;827435173;1.5803374;4.8107834;-9.492488
827483277;827483194;1.1682649;4.4834433;-9.203247
827535656;827535581;0.8289147;2.9877415;-8.534866
827583668;827583601;0.9776628;1.4309622;-9.795112
827636052;827635986;1.2923753;0.6785574;-9.7491
827688447;827688379;0.98165095;0.7723461;-9.856852
827736475;827736406;1.0831051;0.8501173;-9.767533
827784497;827784430;1.3418951;0.40035248;-9.195638
827833077;827832939;0.9611243;0.47178286;-9.409331
827885399;827885332;0.7214534;0.20273116;-9.68347
827933440;827933358;0.58192307;-0.023767315;-9.629767
827985814;827985749;0.6615128;-0.28249034;-10.343623
828038214;828038136;1.0702016;-0.20679516;-9.683154
828086311;828086155;1.1333678;-0.17211103;-9.637
828134242;828134176;0.89910126;-0.50062835;-9.525344
828182267;828182200;0.9692351;-0.5592636;-9.939631
828234733;828234589;0.698234;-0.72994673;-9.68701
828287059;828286980;0.914601;-0.1187822;-9.494202
828335125;828335004;0.9236454;0.022287602;-9.420862
828387470;828387390;0.5918051;2.2229042;-9.846747
828435593;828435414;0.8422461;1.4685133;-9.199006
828483578;828483439;0.39923823;2.4055197;-9.456942
828531585;828531462;0.7835452;2.8076994;-9.449527
828583935;828583852;0.9341445;4.0170603;-9.453792
828636311;828636243;1.3032353;3.7475522;-9.527552
828684334;828684267;0.77475893;1.5271604;-9.859691
828736814;828736656;1.3158853;-1.2481761;-9.218445
828784751;828784684;0.81574637;-2.2402182;-10.299446
828832804;828832709;1.106203;-2.7229288;-9.637009
828885245;828885099;1.2166492;-1.7932016;-9.528076
828937556;828937489;1.4774112;-0.14458446;-9.3148775
828986063;828985995;1.0883324;0.47169185;-8.923129
829034094;829034017;-0.1364809;0.057676256;-9.041608
829082103;829082037;-4.1427884;-1.175028;-10.844862
829134506;829134430;-4.4356523;-1.5135121;-10.641641
829182524;829182454;-3.3673747;-1.3091742;-10.2498865
829234926;829234845;-0.67409027;-1.2926261;-9.592312
829287352;829287236;1.5131222;0.3110307;-8.510829
829335334;829335259;1.3647432;-0.07884641;-8.382818
829383344;829383279;2.560081;-2.4488034;-7.9012017
829435779;829435664;2.2572508;-4.464737;-8.012118
829483757;829483683;1.6530001;-8.1175785;-9.109044
829536230;829536070;-0.20961332;-5.753393;-8.13018
829584167;829584085;-0.0023380478;-3.9460256;-8.034199
829636538;829636470;-0.123206414;0.024181088;-9.569779
829684568;829684489;0.75707227;1.3441486;-10.313402
829732684;829732508;0.522779;0.84499586;-10.258804
829784959;829784890;0.7142293;-0.19115035;-9.442476
829837341;829837276;1.5416137;-2.6286144;-8.611051
829885366;829885298;1.3895898;-3.1493604;-9.402581
829933390;829933324;1.0255002;-2.0824938;-8.889887
829985783;829985714;1.1139898;-0.9212732;-9.93744
830033805;830033737;0.5282575;0.0453758;-9.65092
830086276;830086123;0.5982831;0.43465298;-9.366314
830134705;830134629;0.56052756;-0.6098992;-9.882811
830187088;830187017;0.88593674;-0.6392031;-9.933121
830235110;830235044;0.70320284;-0.8551259;-10.06633
830283150;830283071;0.8539755;-0.44829315;-9.322979
830335548;830335463;1.0819271;-0.5649566;-9.271723
830383551;830383486;1.085658;-0.33279872;-9.180755
830435957;830435877;0.90009797;-0.4350764;-9.683163
830488351;830488267;0.89250404;-0.050795652;-9.064283
830536371;830536289;0.95775473;-0.3751928;-10.330513
830584421;830584313;1.0958908;0.15770777;-9.833637
830632407;830632337;0.7020732;-0.31047353;-10.616279
830684904;830684726;0.9590443;0.09349656;-9.998943
830737183;830737115;0.983527;-0.18689683;-10.256472
830785224;830785141;1.2311032;-0.35577145;-9.773907
830837601;830837532;2.0246594;-0.6573222;-10.418934
830885626;830885557;2.2718046;-0.7167732;-9.344342
830933650;830933581;2.7260966;-1.1544458;-10.040092
830981702;830981603;2.458614;-1.1369426;-9.406415
831034063;831033997;1.8965191;-0.7412075;-8.530384
831086456;831086390;1.5125151;-0.3983964;-9.458257
831134491;831134422;1.0692626;-1.0171982;-9.899589
831186876;831186810;1.3707767;1.089436;-9.723361
831235873;831235806;0.4882797;0.1435362;-9.665163
831283904;831283838;-0.18899098;-0.31033507;-10.021196
831331929;831331864;0.15444154;0.4696112;-10.028849
831388726;831388621;-0.23350897;0.02668578;-9.873353
831436713;831436648;-1.3616171;-0.14021735;-10.010504
831484740;831484675;-0.9489893;-0.5671693;-10.551663
831537157;831537068;-0.10961401;-1.2589209;-9.139378
831585159;831585092;0.49646655;-2.066998;-8.663989
831633184;831633116;1.1029629;-2.050236;-9.051964
831685583;831685507;0.014783061;-0.62701845;-9.139814
831737961;831737894;-0.7126571;-0.19515604;-9.518
831785985;831785919;-0.8036867;-0.4832273;-10.360507
831834011;831833939;-0.5752403;-1.1081394;-10.729498
831886388;831886323;1.7207114;-1.6718401;-8.771383
831934417;831934350;4.0499763;-1.4483483;-7.9882097
831982443;831982377;5.412763;-1.2942995;-8.185318
832034833;832034767;5.448075;-1.4439143;-7.1277833
832087221;832087156;4.9413157;-1.007385;-8.357951
832135244;832135178;4.001122;-1.6994973;-8.731483
832183268;832183203;3.7129743;-1.0844055;-9.089183
832235662;832235590;4.22757;-1.1160176;-8.268576
832283679;832283610;3.9445572;-1.072136;-8.761682
832336066;832335994;3.661696;-0.99142253;-9.045472
832384566;832384502;2.8118937;-1.5293617;-9.345551
832436959;832436890;2.561603;-1.7126266;-8.696639
832484981;832484913;2.4331248;-1.7288216;-9.383447
832533007;832532938;2.6563888;-1.4978048;-9.633318
832581097;832580962;1.4535664;-1.9390671;-9.219625
832633416;832633350;0.55495167;-2.2358036;-8.806166
832685808;832685739;-0.6511394;-1.402482;-10.024737
832733830;832733762;-0.8162108;-0.6958824;-10.486107
832786214;832786149;-0.91835827;0.00022366756;-10.5685835
832834237;832834170;-0.5563492;-0.55195326;-9.223351
832882263;832882195;0.029863201;-2.1938257;-9.134754
832934653;832934585;-1.0445482;-2.1841674;-8.656449
832987037;832986971;-1.2759255;-1.6455961;-10.118974
833035059;833034994;-1.0672714;-1.3722581;-9.556112
833083085;833083020;-1.7801789;-1.3134339;-10.000577
833135487;833135410;-2.9983318;-0.7338658;-9.186229
833183506;833183438;-3.321512;-0.97235566;-9.334326
833235895;833235830;-3.1945283;-0.5115072;-9.124694
833288290;833288224;-3.3233361;-0.5709124;-9.836886
833336311;833336247;-3.5690317;-1.2364446;-9.940742
833384335;833384267;-3.2205174;-0.80984646;-10.137051
833432351;833432284;-3.0902872;-1.1792585;-9.722966
833484748;833484672;-2.9339876;-1.5540899;-7.987384
833533244;833533177;-2.8159747;-1.5481038;-9.792357
833585635;833585566;-2.7767463;-1.4381917;-8.764707
833638027;833637955;-3.0083747;-0.73328197;-9.554234
833686045;833685979;-3.203228;-1.2516559;-9.453412
833734070;833734002;-3.216832;-0.83679104;-9.130998
833782121;833782028;-3.0019932;-1.8401086;-9.476993
833834490;833834421;-2.5853882;-0.96920025;-9.026704
833886880;833886816;-3.4260142;-1.3270247;-9.793126
833934910;833934840;-3.022198;-0.87353665;-9.558014
833987300;833987226;-2.8885927;-1.2886215;-9.663868
834035314;834035249;-2.9101439;-1.3953651;-9.438169
834083334;834083267;-2.565865;-1.2766658;-10.16557
834135742;834135655;-1.2206933;-0.044402376;-9.567429
834188114;834188049;0.046724133;-0.4901703;-10.158368
834236141;834236077;0.8012801;-0.9737291;-9.751963
834284175;834284102;1.2506005;-2.2986882;-8.829685
834336562;834336496;0.84324634;-2.500418;-9.060296
834384587;834384519;0.90112865;-2.0957115;-9.226881
834436973;834436908;1.1095531;-1.7360444;-9.483476
834485012;834484934;1.3161923;-0.47552297;-9.6319475
834537394;834537325;1.7761747;-0.22644353;-9.97825
834585415;834585348;1.7037487;-0.66437507;-9.916799
834633436;834633370;2.550371;-0.48230997;-9.341966
834686309;834686244;3.4261355;-0.8318631;-9.588032
834734333;834734266;4.7936144;-1.190792;-8.5338
834786729;834786662;5.0838795;-1.9838058;-7.494688
834834754;834834689;4.8536325;-2.1430464;-7.9880724
834887159;834887083;4.543876;-1.7502003;-8.048947
834935173;834935109;4.2996793;-1.4000938;-8.265657
834983194;834983128;3.3678277;-0.97503024;-8.683082
835035584;835035516;3.3634727;-0.85034025;-8.49486
835083603;835083538;2.8367176;-0.70178246;-9.056835
835135987;835135922;2.6683624;-0.62224776;-9.345251
835184012;835183946;2.7580342;-1.2176349;-9.682665
835236399;835236334;2.8033733;-1.0994837;-8.841427
835284420;835284353;2.9003859;-0.8346917;-8.692236
835332443;835332377;2.8052013;-0.93804455;-9.179455
835384832;835384766;2.136103;-1.8540702;-9.544215
835437223;835437155;2.376262;-1.6081876;-8.395409
835485328;835485177;1.3254286;-1.6953187;-8.558363
835533266;835533201;-0.027281351;-2.6448336;-8.178053
835585652;835585586;-1.2099249;-4.3426833;-9.282362
835633762;835633604;-1.4277958;-6.430346;-9.181384
835686057;835685992;-0.18642278;-4.6758432;-9.615484
835738445;835738380;1.3623062;-3.9322937;-8.928615
835786486;835786404;0.30291873;-3.416217;-9.395923
835834980;835834914;-0.16223617;-3.3477454;-9.35879
835883005;835882938;0.33009017;-3.2690804;-8.916333
835935392;835935327;-0.22501674;-3.9760845;-8.709192
835983417;835983353;-0.08512378;-3.8473303;-9.554739
836035810;836035745;0.354227;-3.9146664;-9.11619
836088218;836088139;-0.069163084;-3.9916635;-9.27531
836136236;836136170;-0.39452904;-4.398164;-8.856835
836184267;836184197;-0.11996585;-3.8672476;-8.959712
836232301;836232226;-0.3573294;-2.7032397;-9.742253
836284684;836284619;-0.30400857;-0.7344667;-9.858612
836337074;836337008;-0.06340021;0.49604654;-9.97142
836385093;836385029;-0.29096118;2.0968978;-10.107964
836433118;836433052;0.40754128;0.62458795;-9.319972
836485512;836485444;0.5958587;-2.7762978;-7.6179414
836533539;836533473;1.6831031;-11.452401;-11.338762
836581576;836581497;0.34563008;-5.206365;-12.241341
836633952;836633885;1.9633092;-1.6480938;-8.759535
836686357;836686272;1.5574992;0.43629828;-8.728175
836734360;836734295;0.16200504;1.056684;-10.140521
836786764;836786683;-0.17874555;0.2573214;-10.550682
836834784;836834705;0.020094018;-2.1461582;-10.06869
836882793;836882727;2.035164;-4.6817217;-8.65578
836935179;836935113;2.1893313;-6.0783057;-8.484241
836988058;836987983;2.2727077;-4.329372;-7.8475733
837036068;837036003;1.8288801;-3.8052197;-7.9639254
837084091;837084023;1.1075827;-3.4292707;-8.166502
837136486;837136409;-0.045811445;-3.8498793;-9.2449665
837184497;837184429;-0.37205818;-4.983285;-9.288151
837236886;837236816;0.4287277;-4.2405133;-9.35736
837284917;837284841;1.3879104;-2.1291375;-7.9936967
837337293;837337228;2.5251598;0.79649967;-8.955562
837385320;837385252;2.0511384;1.0013949;-9.173982
837433352;837433277;0.17955734;0.02965073;-9.234693
837485733;837485666;-0.91261065;0.15986507;-9.269157
837533756;837533688;-2.560736;-1.0463792;-9.739546
837586137;837586072;-4.819779;-0.35806242;-9.6426935
837634161;837634095;-5.6518273;-1.2360538;-9.898761
837686548;837686481;-5.530643;-1.0037962;-8.568816
837734568;837734500;-3.9054604;1.6166291;-8.187038
837782582;837782516;-2.6405594;5.0884676;-7.3084154
837834969;837834902;-1.7753459;11.996257;-3.59606
837887428;837887286;-0.004822737;2.301873;-7.1619225
837935364;837935300;0.686197;1.4772063;-7.9219484
837983410;837983317;0.53681767;2.7193239;-8.91617
838035828;838035695;-1.1179532;3.831502;-9.289994
838083775;838083708;-2.8564513;6.137551;-9.147916
838132294;838132207;-1.6341181;3.5265384;-8.836198
838184654;838184586;-1.0174055;3.4795578;-8.760312
838237041;838236973;-0.07135855;3.0721586;-9.179233
838285069;838285001;-0.11297047;4.7534127;-9.328356
838333097;838333029;0.45282406;5.0104604;-8.890953
838385493;838385422;0.058394115;3.5713952;-8.59267
838433518;838433450;-0.73099536;3.060599;-9.048088
838485916;838485843;-1.4063774;2.9981935;-7.748748
838538299;838538233;-3.3515074;3.0770774;-8.03981
838586318;838586252;-4.686448;2.7483795;-8.720283
838634346;838634274;-5.580866;2.5037754;-8.574935
838682360;838682293;-5.5089707;2.446918;-8.896278
838734747;838734675;-5.045439;3.2822337;-8.879773
838787202;838787061;-4.3915696;3.3623867;-7.702441
838835146;838835080;-4.4374037;3.2401512;-8.177623
838887558;838887474;-3.860666;3.792613;-8.90562
838935559;838935491;-3.8001335;3.2199147;-8.068863
838983588;838983511;-4.553532;2.9136875;-8.420293
839035963;839035896;-4.6886716;3.2190297;-8.7423
839083984;839083919;-4.4973183;2.8414168;-8.731321
839136367;839136302;-4.192099;3.2285051;-8.424329
839184386;839184321;-4.466014;2.4689515;-8.826377
839236837;839236704;-3.8375463;1.4613622;-8.074673
839285767;839285695;-4.6286507;1.88145;-8.692051
839333783;839333715;-4.7136946;2.5378344;-9.193225
839381802;839381735;-5.9634657;2.6746228;-9.375391
839434192;839434124;-5.7882595;2.526285;-9.50378
839486584;839486510;-3.3008034;10.763602;-9.445693
839534601;839534534;-0.101683766;1.534132;-8.272676
839586987;839586920;1.3743702;6.762502;-7.1810145
839635016;839634940;3.0304675;3.8469405;-7.989367
839683033;839682964;4.5427127;3.5100951;-7.9089313
839735423;839735353;5.1529326;4.5598392;-6.863046
839787813;839787744;5.4268637;2.8210785;-7.307226
839835836;839835765;5.9995003;3.6019979;-6.630178
839883855;839883789;6.3698416;3.1951606;-6.97383
839936239;839936173;7.546044;4.8216105;-6.355165
839984257;839984192;6.8501363;5.139187;-5.882794
840036653;840036583;4.606927;2.2719433;-6.6794667
840084675;840084607;2.0445619;1.7636656;-7.3846073
840137062;840136997;-0.7741995;-0.6445427;-7.77592
840185085;840185019;-3.4975991;-1.9862363;-10.763723
840233108;840233040;-5.1430817;-4.230365;-10.733329
840285498;840285428;-4.7739654;-2.2085915;-11.206395
840333526;840333455;-3.541831;-2.080576;-11.191471
840385919;840385840;0.07843413;-0.22202136;-8.477013
840434414;840434348;3.693894;3.4903579;-8.262319
840486801;840486732;5.999028;2.1240964;-8.018915
840534818;840534749;4.940854;0.57712865;-7.662141
840582836;840582768;2.536712;-0.16831753;-9.364603
840635216;840635150;-0.08260822;-0.8511115;-9.960308
840687614;840687536;-2.0520992;-1.1840754;-9.855033
840735629;840735559;-1.0708848;-2.0085225;-10.602054
840783652;840783583;0.0071667074;-1.0554948;-9.412849
840836049;840835974;0.8492471;-0.21655224;-10.291185
840884066;840883999;0.3385523;0.20568943;-10.432188
840932090;840932021;0.23527163;-0.97059447;-9.482206
840988842;840988774;0.5624759;-0.874994;-9.343986
841036862;841036795;0.5845936;-0.50550973;-10.614706
841084880;841084814;-0.035799447;-0.13044883;-10.461939
841132912;841132834;0.35075638;-0.7864613;-8.916456
841185285;841185217;0.2735774;0.8025947;-9.254859
841233303;841233237;-0.8515974;0.6838029;-8.6728325
841285687;841285619;-1.960057;-3.788818;-8.944456
841338067;841338001;-3.9353836;-4.352221;-8.953356
841386082;841386016;-4.505202;-4.0592427;-10.684278
841434104;841434037;-4.791132;-4.3340254;-9.612436
841482125;841482056;-4.7366843;-5.071041;-9.3038645
841535007;841534941;-3.7597976;-3.3482664;-7.468797
841583012;841582943;-2.4153147;-1.1244376;-9.535333
841635394;841635328;-0.48239127;0.16855331;-8.72858
841687783;841687715;0.55539143;-1.1479181;-9.17176
841735806;841735737;-0.23597306;-2.0045767;-8.24565
841783826;841783757;-2.3552651;-1.954315;-9.990819
841831853;841831778;-1.5633336;-0.4018179;-10.89712
841884228;841884162;-0.47449255;0.08128115;-9.194976
841936618;841936549;1.7761656;-0.54105544;-9.984879
841984639;841984571;0.9038839;-1.5615034;-8.371554
842037031;842036956;-0.6190583;-0.46067217;-9.979239
842085042;842084975;0.447085;-0.93457663;-9.775779
842133068;842132999;3.226586;-1.0829294;-8.538618
842185468;842185391;5.0687447;-0.81779736;-7.8028727
842237850;842237784;5.0324807;-0.35760826;-8.513879
842285873;842285807;3.7894464;-0.42164984;-8.301461
842333907;842333833;2.5781305;-0.55228955;-9.874818
842386292;842386222;2.938513;-0.45846966;-8.540812
842434310;842434243;3.1061459;-0.8682841;-9.027371
842486702;842486631;3.1096177;-0.35881826;-9.5956745
842534718;842534651;4.527545;-0.8963725;-8.189207
842587099;842587034;5.185123;-0.4377645;-8.193411
842635121;842635055;3.9545953;-0.30544585;-9.037129
842683629;842683561;1.4316758;-0.61888033;-9.1587
842736026;842735943;-0.7884258;-0.26851037;-10.392285
842788394;842788328;-1.8474095;-0.9739564;-9.813704
842836412;842836347;-1.3591816;-0.6224258;-11.211654
842884457;842884362;-0.3173062;-1.0864967;-10.043952
842936818;842936747;0.78124017;-1.4389639;-9.658642
842984827;842984759;2.0003226;-1.1382322;-9.467039
843032880;843032775;2.4050603;-0.8663515;-8.717775
843085228;843085159;1.9950691;-0.7112783;-8.953705
843137620;843137545;1.2153288;-0.4877574;-9.652122
843185637;843185567;1.036149;-0.5909165;-9.277018
843233658;843233589;0.30904594;-1.0724916;-10.103911
843286066;843285973;0.037744313;-1.0335612;-10.1191225
843334061;843333992;-0.29257682;-0.60017663;-10.178316
843382092;843382012;-0.374155;-0.34134164;-9.976841
843434466;843434397;-0.1608279;-0.5349117;-9.957503
843486848;843486782;0.3107057;-0.30470657;-9.583279
843534871;843534803;0.9721545;-0.7743048;-9.710401
843582894;843582828;1.6611847;-1.0293548;-9.135726
843635285;843635219;1.2395456;-1.7038337;-9.640867
843683309;843683244;1.1337494;-0.9478785;-9.378216
843735714;843735634;0.8386338;-0.28359032;-9.373879
843788088;843788022;0.81702787;1.4248786;-9.777436
843836597;843836530;-0.081482396;1.2194067;-9.721544
843884621;843884553;0.055929366;1.6526283;-9.652761
843932648;843932580;-0.045912676;2.4158475;-9.409335
843985036;843984968;0.2003778;1.9833193;-9.547384
844033056;844032991;0.45900115;1.3737433;-9.128876
844085484;844085376;0.94029874;0.3276596;-9.933643
844137831;844137763;1.3344753;0.101498984;-9.446744
844185848;844185782;1.2762902;0.14805397;-9.119074
844233906;844233804;0.78387296;0.6901986;-8.866496
844281892;844281826;0.5353375;1.5139499;-9.456342
844334284;844334219;0.17728058;2.0125868;-9.764592
844386675;844386608;-0.023234077;2.3803082;-8.952113
844434697;844434630;-0.16287385;3.004987;-9.867691
844487083;844487015;0.32659426;2.209672;-9.50423
844535103;844535036;0.41424352;2.2337046;-9.686777
844583122;844583056;0.5875012;1.4151707;-9.304349
844635515;844635445;0.95505774;1.3658353;-8.814654
844687902;844687835;0.64550054;1.4023923;-9.934238
844735920;844735855;0.5551841;1.6205046;-9.595374
844783945;844783879;0.9035832;2.5430512;-9.507005
844836329;844836262;0.7688926;3.0468812;-8.71581
844884368;844884281;0.80019444;2.951701;-8.98266
844936732;844936665;0.53709936;3.3676808;-9.614034
844985238;844985171;0.8730223;3.1243806;-9.898805
845037635;845037563;0.5880143;2.5263684;-9.229983
845085654;845085586;0.5503833;2.4743187;-9.775136
845133684;845133610;0.64507717;2.2681143;-9.452604
845181705;845181632;0.77482885;2.5231621;-9.52497
845234083;845234016;0.87901926;2.8842812;-8.894142
845286525;845286405;0.28354585;3.2977834;-9.298061
845334497;845334428;0.36947408;3.8159142;-9.5846195
845386878;845386812;0.31946832;3.3692312;-9.023106
845434949;845434834;0.21608372;3.6773844;-8.94726
845482927;845482859;0.51687527;3.4830112;-8.706825
845535316;845535248;0.40439555;3.162265;-9.256585
845587708;845587636;0.60142815;3.216909;-9.102066
845635725;845635656;0.4704972;3.6294577;-9.123772
845683744;845683675;0.8004533;4.745636;-10.162885
845736123;845736058;0.89006543;3.3940914;-7.998548
845784147;845784072;0.67232037;3.2357352;-8.507958
845832154;845832089;0.9530168;3.2814965;-8.297318
845884534;845884465;0.8057994;5.66534;-8.825503
845936935;845936846;0.90732795;3.3966796;-9.06563
845984996;845984862;0.42950344;3.2666106;-8.933393
846032944;846032878;0.63807285;3.732118;-8.97335
846085326;846085261;0.9646224;5.279048;-9.032439
846133835;846133766;0.9401762;3.5544143;-8.724433
846186228;846186153;0.49724716;3.8429465;-9.298874
846238606;846238537;0.8545331;4.1638303;-8.212689
846286628;846286557;0.7005027;3.6961858;-8.676126
846334648;846334579;0.6835072;4.632574;-8.642542
846382667;846382599;0.6487982;5.105995;-8.310661
846435064;846434988;1.040231;5.9739733;-8.825885
846483070;846483004;0.9497381;4.9331975;-8.693297
846535454;846535389;1.1694517;1.7147915;-8.598295
846587845;846587777;1.3216746;-1.348525;-8.546736
846635965;846635799;0.61568123;-5.422181;-9.398627
846683890;846683821;-0.20529786;-4.4043956;-9.146659
846731908;846731842;-0.06683855;-3.889808;-9.273695
846784386;846784226;0.023400204;-2.782893;-9.97903
846836673;846836605;-0.065414734;-1.8975646;-9.91991
846884711;846884624;0.24682055;-1.6631569;-9.60149
846937076;846937011;0.5196333;-1.5866107;-9.319622
846985111;846985032;0.51887196;-2.169571;-9.4201565
847033124;847033054;0.53682333;-2.744344;-9.476638
847085510;847085442;0.8065467;-3.791582;-9.395723
847137893;847137828;1.2601931;-3.3840296;-8.850408
847185917;847185851;1.2002721;-3.733609;-8.945851
847233941;847233877;1.293858;-3.299322;-8.969013
847286821;847286752;1.5152535;-2.7335846;-8.962546
847334851;847334778;1.4044679;-2.569231;-8.87865
847382871;847382804;0.9513306;-2.5431664;-9.361211
847435259;847435194;1.1519159;-2.2856264;-9.1461
847487654;847487584;0.3723416;-2.377111;-9.372871
847535674;847535606;0.25667796;-2.2646124;-9.649269
847583698;847583629;0.4525402;-2.5783262;-9.189777
847636085;847636020;0.5203373;-2.4990625;-9.149848
847684115;847684045;0.93622875;-3.1610541;-9.099247
847736501;847736435;1.4375322;-3.8244095;-8.518245
847784567;847784460;1.8513064;-4.0549865;-8.291104
847836989;847836856;1.8477557;-3.8499167;-8.952028
847884950;847884883;1.9762896;-3.2744315;-8.967119
847932972;847932905;1.9574579;-2.2421627;-9.154862
847985424;847985294;1.5613762;-2.2028549;-9.682387
848033383;848033316;1.3190659;-1.5053593;-9.502756
848085772;848085706;1.402317;-0.74309707;-9.48673
848133842;848133725;0.9271107;0.34004405;-9.348868
848186177;848186109;0.40517053;0.60127807;-9.78719
848234248;848234129;-1.3146539;0.52036375;-10.137168
848282268;848282155;-0.8991795;0.5365143;-10.56444
848334610;848334545;-0.5928754;0.43141666;-10.110647
848386998;848386932;-0.32917565;-0.024168545;-10.015328
848435521;848435434;0.42384556;-0.86942536;-9.013892
848483517;848483449;1.1165222;-1.2123835;-9.441734
848535896;848535830;1.523948;-1.2852535;-9.107476
848583928;848583848;1.7725487;-1.334636;-9.400727
848636305;848636238;1.0364436;-0.9340497;-9.937145
848688700;848688628;0.7607158;-0.8012404;-9.430269
848736719;848736650;-0.12866902;-0.22157376;-9.830057
848784739;848784672;-0.040181305;0.014959787;-9.87959
848832758;848832691;-0.8475027;0.38604218;-10.33904
848885143;848885077;-0.101347156;-0.17397436;-9.989269
848933161;848933093;0.36493984;-0.43561152;-9.418783
848985545;848985478;0.48192564;-1.0428637;-10.358222
849038032;849037862;1.093113;-1.1564771;-9.540122
849085943;849085876;1.1897676;-0.9301413;-9.217289
849133973;849133893;1.2415981;-0.9956581;-9.773753
849181978;849181913;1.0222185;-0.7779307;-9.308603
849234363;849234298;0.36314675;-0.8872583;-10.102522
849286760;849286682;0.3225416;-0.55182487;-10.194733
849334790;849334700;0.45542544;-0.097308554;-9.951594
849387151;849387085;-0.2454606;-0.57352513;-9.95564
849435168;849435103;0.16387652;-0.18783659;-10.283828
849483197;849483120;0.24110593;-0.56704676;-10.334746
849535574;849535506;0.9087395;-0.7106031;-9.163871
849584082;849584015;0.8043588;-0.7225824;-9.479637
849636470;849636404;1.3209772;-1.124354;-9.763474
849684497;849684430;0.9797628;-0.82422864;-9.420244
849736887;849736821;0.57538295;-1.3744364;-10.213578
849784916;849784844;0.8829019;-0.80806166;-9.398707
849832935;849832868;0.24328123;-0.8267423;-10.052552
849885320;849885255;0.3713908;-0.053972073;-9.5623045
849937713;849937646;0.33173907;-0.16586664;-9.735001
849985738;849985670;0.24478135;-0.32205063;-9.868907
850033779;850033694;0.21686064;-0.2488043;-10.162715
850086147;850086082;0.28997985;-0.5944908;-9.838785
850134169;850134104;0.49951425;-0.7499489;-9.757783
850186558;850186492;0.36113992;-0.8872501;-10.289806
850234578;850234512;0.8777867;-1.0623115;-9.58959
850286962;850286896;0.43770868;-0.7723214;-9.84806
850334980;850334915;0.9683579;-0.59333724;-9.488307
850383001;850382935;0.51081735;-0.8810156;-10.510828
850435385;850435318;0.6820052;-0.67760134;-9.410992
850483402;850483337;0.13192031;-0.7453853;-10.213104
850535806;850535721;0.4204585;-0.3410963;-9.566007
850583804;850583737;0.2660762;-0.25952706;-9.716785
850636199;850636119;0.35556942;-0.3765079;-10.3090725
850684208;850684135;0.48682663;-0.08577059;-9.623386
850733190;850733121;0.37803409;-0.6068506;-9.629475
850785572;850785502;0.8869947;-1.0276339;-9.60948
850833588;850833519;0.65004104;-0.82958674;-9.52529
850885989;850885909;0.89101046;-0.6704498;-9.174668
850933999;850933934;0.89292175;-0.7213459;-9.558449
850986392;850986326;0.43855336;-0.8364247;-9.550139
851034411;851034346;0.8372836;-0.96946585;-9.324703
851082433;851082366;0.29595047;-0.7161865;-9.918552
851134822;851134756;0.61108375;-0.49489972;-9.801082
851187211;851187145;0.5201617;-1.0858039;-9.374408
851235233;851235168;0.2371299;-2.0242422;-10.284672
851283258;851283192;0.7287987;-2.168306;-9.843528
851335650;851335581;0.3740511;-2.3278468;-9.85425
851383670;851383604;0.67569846;-2.571881;-9.472001
851436053;851435988;0.53428394;-3.3397408;-8.933394
851488438;851488372;0.46447217;-3.39255;-9.849881
851536551;851536390;0.45351884;-2.3211277;-9.442988
851584490;851584408;1.0367789;-0.9351108;-9.117743
851632496;851632425;0.5130985;0.2524309;-9.961008
851684884;851684808;0.27949852;0.8711644;-10.156123
851732897;851732831;-0.09227347;0.62985986;-9.724464
851785293;851785219;-0.122475505;-0.41350758;-10.170639
851838160;851838092;-0.0076792724;-1.2708265;-9.915215
851886178;851886112;0.09847787;-0.010033543;-9.628387
851934198;851934132;1.6462587;1.7665095;-9.620264
851982219;851982152;0.74474853;3.2976637;-9.98337
852034602;852034534;0.6506884;4.0014505;-9.425355
852086988;852086922;0.47696736;3.6221278;-9.0887165
852135028;852134946;0.2587446;2.763927;-9.082146
852187396;852187332;0.111996315;1.3585984;-9.861947
852235416;852235351;0.5028738;0.7803229;-9.511258
852283439;852283372;0.6669058;0.34613225;-9.067417
852331457;852331392;0.51493555;1.0475869;-9.576771
852388214;852388143;0.81353045;1.7714597;-9.157553
852436229;852436161;0.78537506;2.2853348;-9.357208
852484251;852484176;0.68722254;2.4794557;-9.485803
852536637;852536560;0.5467979;2.892739;-9.470441
852584652;852584584;0.17607948;3.4453728;-9.429682
852632675;852632606;0.38719738;3.8674045;-9.6988125
852685057;852684989;0.24287283;2.838702;-9.935939
852737444;852737370;0.50104034;1.5330626;-9.876089
852785452;852785385;0.083063155;-0.35075694;-10.3693905
852833478;852833404;0.043123085;-2.003741;-10.038559
852885862;852885788;0.6108349;-2.9376462;-9.199897
852933873;852933808;1.1009848;-2.9120095;-8.96877
852982390;852982315;0.8503345;-1.6138157;-9.669372
853034774;853034705;1.0871247;-0.27615315;-9.034133
853087160;853087094;0.3301031;0.5523101;-9.480005
853135184;853135118;0.4343863;0.28152776;-9.947683
853183233;853183144;-0.13286974;0.23120694;-9.779701
853235600;853235533;-0.6137282;-0.8044922;-10.144679
853283623;853283556;-0.10942285;-1.375308;-9.608061
853336014;853335947;0.38590136;-1.4769713;-9.448499
853384038;853383971;0.60508597;-1.6215672;-9.944359
853436430;853436361;1.3216051;-1.4360654;-8.992178
853484449;853484382;1.0454601;-0.9935344;-9.570036
853532481;853532406;1.4634473;-0.4756682;-9.253103
853584854;853584789;0.8445836;-0.83778757;-9.529196
853637241;853637175;0.41667652;-0.49106863;-9.281559
853685263;853685197;-0.1295917;-0.56216854;-9.827951
853733285;853733219;-0.8104875;-0.95840037;-10.945834
853785674;853785609;-0.16204388;-0.9343284;-10.078474
853833702;853833633;0.6557827;-0.93152314;-9.604357
853886094;853886027;2.1965752;-0.6963916;-9.271477
853934123;853934057;2.542336;-1.4728808;-9.226793
853986514;853986448;2.8973403;-1.3883297;-9.536954
854034537;854034468;2.8076446;-1.2777987;-8.828024
854082554;854082486;2.7389925;-1.0463256;-9.145807
854135425;854135355;2.4235992;-0.9075292;-9.214754
854187809;854187737;1.404826;-1.235089;-9.76942
854235827;854235756;0.9602285;-0.9370174;-9.435931
854288205;854288139;-1.3207556;-0.7590022;-10.440457
854336224;854336157;-0.7186497;-0.33065078;-10.728646
854384242;854384176;-0.821235;-0.3065702;-10.017603
854432260;854432194;-0.6331465;-0.0933073;-9.561154
854484649;854484577;0.60241413;-0.17110282;-9.303879
854537027;854536963;0.680012;-0.42543775;-9.527667
854585046;854584981;1.4060655;-1.1274717;-9.365179
854637451;854637362;1.4825273;-1.2122998;-9.156268
854685447;854685380;1.0026227;-1.6408963;-9.966054
854733466;854733398;0.95931846;-1.0432192;-9.804189
854781492;854781420;0.29934692;-1.2720174;-10.200545
854833873;854833808;0.37588778;-0.33258435;-9.742337
854886256;854886191;-0.12733279;0.09911121;-9.2088175
854934307;854934212;-0.18837214;-0.16573812;-10.316647
854986665;854986600;0.04853839;-0.06115237;-9.564416
855034687;855034622;-0.2791014;-0.23073868;-10.601608
855087075;855087008;0.6549651;-1.0298452;-9.19064
855135094;855135030;0.6016826;-1.120291;-9.162527
855187487;855187419;0.8576019;-1.3747032;-10.108821
855235514;855235446;1.1931341;-1.4834882;-9.140351
855284024;855283958;0.90206957;-1.5734668;-9.882531
855332051;855331984;0.953761;-1.1526875;-9.589021
855384544;855384374;0.7381675;-0.49557254;-9.562192
855432485;855432403;-0.060097124;-0.2931958;-9.71557
855484859;855484794;-0.19528039;-0.11208625;-10.279396
855537248;855537181;-0.39398977;-0.4194176;-10.167288
855585272;855585207;-0.11638216;-0.19797368;-9.717449
855633298;855633231;-0.027015867;-0.04280574;-10.13006
855685687;855685620;0.38542262;-0.967133;-9.498154
855733714;855733646;1.1036133;-1.353945;-9.408168
855786105;855786039;1.1313119;-1.6241939;-9.930109
855834133;855834066;1.2158332;-1.7513126;-9.542347
855886527;855886459;1.5708;-1.4219564;-9.953661
855934550;855934485;1.0950785;-1.3188914;-9.487321
855982576;855982507;0.76224744;-0.88452953;-9.512766
856034959;856034893;0.5016527;-0.5530041;-9.28154
856087347;856087280;-0.19510044;-0.25972193;-9.941219
856135367;856135303;-0.30197623;-0.14847629;-9.184192
856183389;856183324;-0.7358375;0.20367461;-10.720074
856235778;856235711;-0.2504;-0.1461412;-10.081697
856283798;856283731;0.120569184;-0.6108087;-8.987799
856336183;856336118;0.7117841;-1.142632;-9.7099085
856388574;856388507;0.6845627;-1.4300594;-9.889873
856437135;856437012;1.2070893;-1.2806312;-8.928083
856485099;856485033;0.71287054;-1.081613;-9.995068
856533134;856533052;0.6053457;-1.0658739;-9.699541
856585566;856585437;0.5016324;-0.20922408;-9.460341
856633525;856633455;-0.1720733;-0.099850275;-10.686818
856685908;856685841;-0.05926285;-0.14584574;-9.772707
856738291;856738226;0.21142082;-0.4769792;-9.13395
856786310;856786246;-0.08511738;-0.7842529;-9.767268
856834331;856834265;0.5348132;-1.190589;-9.502058
856882419;856882282;1.0266173;-1.0526818;-9.100887
856934732;856934665;0.55772257;-1.7268561;-10.061696
856987115;856987050;0.81857663;-1.3946205;-9.451646
857035135;857035070;0.31823912;-1.4579647;-10.215464
857087527;857087458;1.0861304;-1.1133294;-8.807831
857135544;857135477;0.7958865;-0.10440753;-9.424348
857183563;857183497;0.4776178;1.288535;-9.536912
857231598;857231517;-0.034099534;1.2018547;-9.660962
857283967;857283903;-0.29335245;1.7010049;-9.599764
857336361;857336290;-0.40617564;1.9316546;-10.399787
857384377;857384312;-0.8873571;1.8843297;-10.209026
857432401;857432336;-0.37333044;2.0215244;-9.608119
857484791;857484726;0.061248213;0.94076276;-9.745657
857532815;857532749;0.9462457;0.05097297;-9.293335
857585684;857585615;1.2307997;-0.27791327;-9.501059
857638161;857638000;1.1699287;-0.23070468;-9.694813
857686085;857686020;1.071571;-0.089381404;-9.726047
857734128;857734043;1.0550444;0.077545576;-9.315612
857786596;857786433;0.5127673;1.6866095;-9.37952
857834530;857834461;-0.12726435;1.9853141;-9.644839
857882556;857882487;-0.22366087;2.7157006;-9.488313
857935013;857934884;-0.7736125;2.5558844;-10.109063
857987345;857987278;-0.6599526;1.7956964;-9.192912
858035372;858035304;-0.3413988;1.7690439;-10.100285
858083445;858083328;0.69978285;1.3789601;-9.512115
858135785;858135717;1.0602971;1.6420738;-9.09184
858183811;858183746;1.2840081;1.1382654;-9.295343
858236209;858236142;1.1317849;0.9654849;-9.308345
858284245;858284174;0.9373435;0.8126685;-9.8044195
858336638;858336573;0.43798488;0.5824783;-9.83015
858384669;858384604;0.2076232;1.1844077;-9.787551
858432709;858432636;-0.13359016;1.3349311;-9.553899
858485100;858485035;-0.3533496;2.377718;-9.203456
858537502;858537436;0.06835139;3.3772879;-9.094613
858585627;858585470;-0.110596865;3.8406177;-9.49213
858633569;858633500;0.38290203;3.8167408;-9.293967
858685961;858685895;0.73811716;3.072586;-9.408278
858734483;858734410;0.81213176;2.551884;-8.599628
858782512;858782444;1.0682682;3.3046062;-9.010055
858834909;858834841;0.8830924;3.8376698;-8.903062
858887309;858887238;0.910996;4.6730886;-9.412551
858935331;858935267;0.5634343;4.03093;-8.110105
858983361;858983294;0.18144624;3.793498;-8.826717
859035761;859035684;0.33627108;3.5874488;-8.877203
859083779;859083711;0.23646936;6.1365733;-8.688757
859136167;859136102;0.58203804;3.2561052;-9.520916
859188583;859188498;0.91232777;4.8629994;-8.669183
859236594;859236525;0.84660906;3.698594;-9.554247
859284622;859284552;0.82332444;3.8187284;-8.710087
859332716;859332577;0.5005093;4.4452033;-9.051025
859385033;859384966;0.5736288;4.194022;-8.757947
859433056;859432990;0.36547846;3.8166208;-8.591404
859485442;859485378;0.535128;4.030401;-8.990062
859537833;859537767;0.43381295;3.9270425;-9.255825
859585856;859585790;0.6773304;4.365542;-9.135316
859633886;859633820;0.7037153;3.7970374;-8.421858
859681913;859681847;0.7637592;3.744892;-8.773849
859738675;859738608;0.6956037;4.4263926;-8.645626
859786703;859786638;0.8156935;4.115113;-9.02445
859834742;859834663;0.7772234;4.686413;-9.277377
859887611;859887542;0.7597509;3.7651184;-8.526256
859935637;859935568;0.51662076;4.4561067;-8.903599
859983664;859983596;0.52235645;4.4951735;-9.071076
860036066;860035996;0.7242736;4.104236;-9.086708
860084089;860084024;0.805692;3.8400345;-8.924379
860136486;860136417;0.9085834;3.9603298;-8.721068
860184516;860184447;0.53829765;3.9883385;-8.773574
860236908;860236842;0.78240985;4.264734;-8.961624
860284936;860284870;0.77863723;4.566723;-8.733551
860332966;860332897;0.67361987;4.4372907;-8.778536
860385354;860385288;0.45303288;4.1376743;-9.423404
860437744;860437678;0.60541254;3.8957236;-8.4516735
860485772;860485706;0.7386772;3.5988607;-8.616103
860533799;860533732;0.5510344;4.483724;-9.211753
860586192;860586126;0.54287386;4.2858977;-9.121809
860634219;860634152;1.1569405;4.490791;-9.114126
860686608;860686543;1.2537006;5.0571666;-9.22299
860734631;860734566;1.2868686;4.262674;-8.696013
860787021;860786955;1.3278352;2.5474532;-8.561584
860835043;860834977;0.9815899;0.9185457;-9.434231
860883072;860883005;0.6120476;-0.8258825;-9.253714
860931098;860931031;-0.06130185;-2.3226485;-9.240079
860983490;860983422;-0.5653806;-3.9988725;-10.390584
861036363;861036298;-1.1079545;-3.427871;-9.331154
861084393;861084324;-0.49566215;-1.645262;-9.61498
861136785;861136717;0.1895908;-0.9829479;-9.469105
861184815;861184747;0.53120655;-0.8196116;-9.400345
861232846;861232778;0.6951509;0.0023484556;-9.65264
861285243;861285173;1.0919846;0.03408129;-9.458168
861337727;861337575;0.6718525;-0.8248619;-9.262227
861385673;861385605;0.81582195;-0.4643917;-9.193272
861433702;861433634;0.27984902;0.89527106;-8.936172
861486145;861486027;0.248499;1.8675141;-9.163058
861534120;861534053;0.25668085;4.5444303;-9.020467
861582150;861582083;-0.44970366;5.5314183;-8.418233
861634574;861634482;-0.4116753;5.7185535;-9.041134
861686945;861686879;-0.7243854;4.621234;-9.108531
861734971;861734906;-0.44611377;3.2986922;-8.1066885
861783003;861782932;-0.19599567;2.6662533;-10.264977
861835392;861835325;0.33684853;1.7141829;-9.278102
861883418;861883350;0.20857938;0.35057727;-8.979857
861935809;861935741;1.1232766;-0.5120481;-8.664176
861988204;861988131;0.48340377;-1.6668917;-9.496409
862036223;862036158;0.81207395;-1.3609526;-9.747562
862084251;862084186;0.8338846;-2.0128033;-9.584823
862132303;862132214;0.28235567;-2.0674028;-9.889183
862185643;862185575;-0.22324759;-2.4395587;-9.397227
862233667;862233600;-0.06833133;-2.345204;-9.425134
862286060;862285994;0.09885613;-2.5465198;-9.199471
862338474;862338396;0.60641825;-2.232432;-9.055248
862386510;862386427;0.7976963;-2.6652412;-8.954807
862434518;862434452;1.1896614;-2.9757369;-9.524069
862482545;862482476;1.539341;-3.0503845;-9.069428
862534939;862534865;1.0819492;-4.043747;-9.079565
862582952;862582888;1.1563913;-4.2784534;-8.857703
862635395;862635278;0.7045618;-3.9113724;-9.132713
862687747;862687666;0.7132527;-2.3310795;-9.72121
862735844;862735690;0.9090489;-0.24116546;-9.597332
862783879;862783714;-0.20090254;1.1768174;-9.977702
862831885;862831736;0.09638578;0.738924;-10.303366
862884204;862884123;-0.6455774;1.5931902;-10.048784
862936576;862936511;-0.87341934;0.54033166;-9.329413
862984623;862984534;-0.23529722;0.3692424;-9.732542
863036988;863036921;0.09917127;0.07516314;-10.611431
863085011;863084944;0.6524473;0.6487711;-9.497995
863133035;863132967;1.1823125;0.97620994;-9.621672
863185431;863185362;1.0659202;2.1502042;-9.454824
863237820;863237755;0.48847026;1.5631658;-8.900285
863286332;863286268;-0.7190604;0.09959754;-9.034353
863334369;863334291;-0.9683671;-1.0399108;-9.866759
863386748;863386682;-0.13483451;-1.4933257;-9.936441
863434771;863434705;0.35251516;-0.8351025;-9.65651
863482811;863482729;0.6877273;-0.7640158;-9.2379875
863535187;863535120;0.72918075;-0.8585793;-8.995383
863587705;863587508;0.25839382;-0.56760675;-10.095811
863635596;863635531;0.26274917;-0.8836594;-9.10626
863683641;863683552;-0.23263642;-0.53743035;-10.277211
863736160;863735941;0.0092574805;-0.6867408;-9.534978
863784033;863783968;-0.2274434;-0.44620436;-10.5928135
863836513;863836359;0.27297753;-0.77801746;-9.6761675
863884604;863884384;0.22542012;-0.6789231;-10.195332
863936852;863936772;0.5232474;-0.7599774;-9.86412
863984969;863984797;0.6062061;-0.970664;-9.678752
864033018;864032821;0.4813541;-0.5857711;-9.888698
864085291;864085208;0.28441703;-0.56639653;-9.43611
864137661;864137593;0.35001618;-0.73684;-9.360875
864185681;864185615;0.023777671;-0.49775925;-9.879072
864233708;864233639;-0.023964543;-0.6447757;-10.266092
864286098;864286029;-0.24717955;-0.93853533;-10.183075
864334119;864334051;0.21891394;-0.6540697;-9.857054
864382143;864382071;0.79094684;0.29228178;-9.515782
864435023;864434943;1.8504148;-0.48753533;-8.935442
864487394;864487328;1.4367834;-1.342639;-9.04601
864535412;864535347;0.8957414;-0.9973636;-10.062254
864583440;864583367;1.7342107;-1.201332;-9.601622
864635816;864635751;1.5963703;-0.39923152;-10.2267065
864683835;864683768;1.9087288;-0.1691724;-9.482242
864736242;864736154;1.9233649;-0.40791225;-9.803051
864788671;864788538;1.5379485;-0.35678786;-10.126773
864836698;864836559;1.3735583;-1.1829495;-9.895033
864884689;864884579;1.5749536;-0.8863842;-9.510522
864932670;864932602;2.479536;-0.92243344;-9.519114
864985158;864984991;3.140549;-0.55762756;-8.851687
865033175;865033011;3.0027716;-0.66314554;-9.572209
865085531;865085401;2.8281977;-0.92981786;-9.280009
865137860;865137791;2.5668256;-1.1605619;-9.246259
865185879;865185812;2.5390844;-1.1567956;-10.06848
865233957;865233835;2.2016804;-0.3190972;-9.306315
865281944;865281863;2.4095635;-0.22143243;-8.794745
865334319;865334252;2.025373;-0.13345712;-9.379502
865386709;865386641;1.9433907;-0.15581214;-9.186503
865434731;865434662;3.3248231;-0.667693;-8.918389
865487118;865487051;3.8427022;-0.72461635;-8.38214
865535140;865535073;3.5267084;-0.92585164;-8.474369
865583657;865583581;1.8548228;-0.98264414;-9.14958
865631684;865631601;-0.1256861;-0.47699106;-9.443416
865684059;865683987;-1.6527513;-0.6143462;-10.452264
865736436;865736367;-1.6763581;-0.037498474;-10.223409
865784485;865784382;-1.045884;-0.40811184;-10.182277
865836888;865836765;-0.093407296;-0.5630388;-9.990561
865884856;865884783;0.7081007;-0.5170543;-9.900964
865932890;865932800;1.4173318;-0.5862735;-9.148008
865985266;865985186;0.6899379;-0.45515916;-9.364408
866037640;866037572;0.25226328;-0.13450328;-9.688538
866085669;866085589;-0.05593585;0.37623054;-9.637133
866133694;866133610;-0.24758916;1.0843381;-9.966957
866186067;866185999;-0.10068979;0.77077156;-9.673983
866234082;866234017;0.054628465;0.87235457;-10.295209
866286545;866286399;0.36323678;0.3800433;-10.037199
866334488;866334416;0.4880393;0.26997188;-9.576858
866386865;866386800;0.32541683;0.38873246;-9.603837
866434968;866434820;0.22497626;0.13972758;-10.026776
866482906;866482839;0.59746134;0.62936413;-9.426975
866535289;866535220;0.22017343;0.7856727;-9.595769
866587676;866587607;0.361846;1.4969945;-9.277682
866635700;866635631;0.23764302;1.4448704;-9.849651
866683719;866683654;0.18928155;1.488031;-9.306266
866736606;866736528;0.3796742;1.3938116;-9.437577
866784614;866784547;0.38479364;2.1466522;-9.702398
866832660;866832569;0.469738;2.0077372;-9.671677
866885094;866884956;-0.013559879;2.3367531;-9.760775
866937407;866937341;0.11484504;2.4589727;-9.871742
866985532;866985362;0.3931653;2.3057473;-9.318377
867033523;867033384;0.57610303;1.9691706;-9.3994055
867085855;867085774;0.34297973;2.1345294;-8.874841
867133881;867133799;0.22415534;2.381951;-9.468398
867181960;867181817;0.005981136;2.3401682;-9.859989
867238635;867238566;0.29601207;2.1482532;-9.966873
867286653;867286587;0.3182953;1.9478552;-8.790434
867334672;867334606;0.18513736;2.7777102;-8.953168
867382692;867382625;0.5153825;2.9975646;-9.120922
867435074;867435006;0.97212666;4.1336727;-9.718576
867483089;867483023;0.42288238;3.9051688;-9.233661
867535479;867535408;0.3561539;3.9908302;-9.911699
867583497;867583430;0.20010602;3.6640735;-9.770543
867635894;867635818;0.18276885;3.6817675;-8.76074
867683909;867683841;0.2862934;3.4105778;-9.160001
867731928;867731862;0.33735877;3.0207655;-9.131836
867784325;867784249;0.6225868;3.0093846;-8.897987
867836704;867836637;0.36096412;3.637007;-9.088918
867885244;867885140;0.4685244;4.4559283;-8.795895
867937607;867937523;0.4890116;4.421566;-9.551677
867985715;867985541;0.30190647;3.6380732;-8.567143
868033700;868033557;0.53355443;2.6593597;-8.763559
868081683;868081571;0.3829717;1.9448128;-9.077027
868134029;868133949;0.40367407;1.5508131;-9.916452
868186414;868186326;0.5767606;1.9991356;-8.865778
868234413;868234344;0.30627722;2.824685;-9.256042
868286793;868286728;0.24551666;2.864027;-9.206406
868334841;868334746;0.06987465;2.7802072;-9.597485
868382829;868382762;0.28945726;2.59297;-8.70121
868435210;868435145;0.28961417;2.2464087;-9.744066
868487592;868487526;0.2734738;2.6558306;-9.202447
868535608;868535540;0.15040715;2.3456316;-8.712689
868583617;868583550;0.18955529;3.4393566;-9.65679
868636003;868635935;0.23989105;3.9549296;-9.209046
868684023;868683954;0.21937536;4.7953215;-9.458673
868736408;868736340;0.5217679;4.1038;-9.506919
868784423;868784354;0.77425265;3.1582735;-9.042253
868836803;868836735;0.59002745;3.823487;-9.468939
868884826;868884756;0.4274861;5.380771;-8.30719
868932847;868932779;0.19020253;2.7762394;-8.966995
868985231;868985165;0.34459513;4.9485774;-8.911211
869033745;869033666;0.0025492494;4.0628524;-9.485012
869086117;869086050;0.30504358;4.175825;-8.762232
869134135;869134068;0.3054468;3.6869144;-9.033248
869186529;869186455;0.5459603;4.1384106;-8.967527
869234541;869234471;0.7033207;5.426508;-8.572232
869282558;869282491;0.843942;5.558224;-8.955618
869334939;869334874;0.6905326;3.2852945;-8.854783
869387331;869387257;0.8706755;0.4866559;-8.967908
869435343;869435278;0.6702572;-1.6206114;-8.432003
869483366;869483299;0.23346674;-2.2944217;-10.40878
869535760;869535686;-0.22974439;-1.9865373;-10.554239
869583773;869583706;-0.03108246;-1.3045602;-8.918736
869636159;869636094;-0.25929478;0.08567117;-10.215023
869688551;869688484;0.31412023;0.5128196;-9.432618
869736575;869736506;0.6287148;0.4645536;-9.675031
869784595;869784528;0.6308524;-0.48052856;-9.338636
869832627;869832551;0.6113401;-1.1535208;-10.4829645
869885006;869884939;0.2674445;-1.0985748;-9.490582
869933026;869932960;-0.24651682;-1.1189517;-9.964964
869985412;869985345;0.018943774;-0.6704533;-9.761936
870037794;870037728;0.34326595;0.04302776;-9.357038
870085813;870085746;0.16970368;-0.31376824;-10.399923
870133831;870133764;0.6525389;-0.5846685;-9.39248
870182817;870182749;0.28828508;-0.96637785;-9.485669
870235201;870235128;0.25173074;-0.9118796;-10.446058
870283211;870283143;0.0972815;-0.41929737;-9.542503
870335589;870335522;0.16711631;-1.0066355;-9.582471
870387975;870387903;0.37645018;-1.4154352;-9.365564
870435983;870435915;0.5488422;-0.24110503;-10.455001
870483999;870483931;0.4778833;0.26724356;-9.578439
870532013;870531948;0.22508326;1.7311133;-9.450127
870584405;870584335;-0.22709702;0.0029437894;-9.822627
870636826;870636712;0.29391977;-0.18714857;-9.542233
870684878;870684727;0.41549775;-0.6312998;-9.671942
870737196;870737108;0.8329021;-0.4281777;-8.807989
870785205;870785125;0.30233622;0.19091333;-10.199609
870833318;870833147;0.6748318;0.15228501;-9.809938
870885597;870885530;0.49131843;0.5082941;-9.213977
870937996;870937915;0.09230845;1.0406328;-9.472768
870986004;870985935;-0.09598333;1.1085795;-9.760092
871034019;871033952;0.21604969;1.1516546;-9.534244
871086403;871086337;-0.075796716;1.2465236;-10.521385
871134426;871134357;0.16386385;1.5334378;-9.175242
871182439;871182372;0.41814846;1.5865098;-9.253031
871234822;871234753;0.043525446;1.3582262;-9.423067
871287212;871287137;0.23073147;1.7180271;-9.368852
871335716;871335639;0.28150976;1.4570049;-9.857507
871383790;871383653;0.12972608;1.648563;-9.22411
871436165;871436034;0.06688194;1.6316247;-9.692934
871484139;871484052;0.21545778;1.2919594;-9.590735
871536551;871536434;0.16270524;1.0609187;-10.175833
871584537;871584450;0.25373212;1.0185966;-9.829799
871636920;871636835;0.15092044;1.4882394;-10.183803
871684934;871684854;0.24625446;1.3194714;-9.391376
871733031;871732874;0.37777022;1.6876497;-9.088521
871785322;871785255;-0.17954835;1.6340024;-9.85225
871833338;871833273;0.0985911;1.5934206;-10.009054
871885726;871885657;0.06929488;1.582885;-10.092325
871933749;871933679;-0.122409195;1.1921092;-9.7973175
871986160;871986063;0.4895593;1.3199984;-9.820332
872034148;872034080;0.55230016;1.0720965;-9.48613
872082165;872082097;0.10819034;1.4013112;-9.7924595
872134588;872134482;0.3536188;1.3147576;-9.676394
872186934;872186866;0.28892413;1.7877945;-9.571904
872234960;872234883;0.21985425;1.2862295;-9.73808
872283020;872282900;0.34643298;1.3713886;-9.792554
872335350;872335282;0.40826932;1.6820004;-9.846101
872383368;872383302;0.13688838;1.6693851;-9.477797
872431444;872431324;-0.026978724;1.5303156;-9.409985
872488647;872488558;0.40809965;0.8609295;-9.513151
872536662;872536574;0.28817415;0.33724862;-10.100147
872584678;872584592;0.45778522;0.08506561;-9.926669
872632744;872632611;0.60346687;-0.10527801;-9.058051
872685081;872684998;0.81631356;-0.08348672;-9.394242
872733104;872733024;0.63849473;0.7252609;-9.867041
872785482;872785411;0.5304616;0.7530959;-9.148704
872837867;872837800;-0.19670014;0.35997456;-9.551793
872885887;872885821;-0.47937602;-0.37705964;-10.355129
872933908;872933842;0.2288299;-1.0811025;-9.580237
872981929;872981863;0.19958891;-1.5140907;-9.873902
873034310;873034246;0.6454593;-0.9796015;-9.729122
873086703;873086631;0.7918003;-0.54857767;-9.449036
873134716;873134649;0.8211738;0.03546589;-9.627229
873187188;873187030;0.9976724;-0.37224716;-9.629785
873235117;873235047;0.40723515;0.07631604;-9.604311
873283128;873283063;0.40537897;-0.43343928;-9.454887
873335524;873335446;0.51452786;-0.63887274;-9.319861
873387893;873387828;-0.38098305;-0.19080144;-10.607838
873435911;873435847;-0.00011481436;0.15293798;-9.587855
873483941;873483865;-0.054110955;-0.16311735;-9.944747
873536317;873536251;0.19499993;-0.60582197;-10.011989
873584835;873584754;0.52044106;-0.7268225;-9.191641
873632855;873632774;0.2450538;-1.0589428;-10.201364
873685224;873685159;0.3635433;-0.70562667;-10.054208
873737612;873737546;0.44795907;-0.9558678;-9.610212
873785632;873785564;0.011351966;-0.71525306;-10.273517
873833651;873833584;0.40551358;-0.5291419;-9.63179
873886038;873885967;0.21000822;-0.19557965;-9.512451
873934050;873933985;-0.27036855;0.31081203;-10.069844
873986436;873986367;-0.19920154;0.35412264;-10.045859
874034467;874034382;0.05454354;0.024346288;-9.469862
874086827;874086760;-0.034526654;-0.10617929;-9.686937
874134841;874134776;-0.06046098;0.054528534;-9.93843
874182890;874182791;0.580934;-0.15358631;-9.132597
874235244;874235174;0.87571317;-0.10999787;-9.042765
874287620;874287553;0.60492915;0.013149519;-9.950288
874335638;874335570;0.16960014;-0.86573064;-10.479443
874383651;874383583;0.117236204;-0.772424;-9.746242
874436030;874435963;0.23646717;-0.771858;-9.8324
874484044;874483977;0.5452837;-0.7824778;-9.502084
874532061;874531993;0.32659292;-0.15076764;-9.721071
874584437;874584370;0.58744764;-0.22505906;-9.547829
874636835;874636750;0.36703876;0.12106861;-9.201814
874684841;874684768;0.28932953;-0.16666417;-9.47016
874733336;874733270;-0.1226934;-0.3131995;-10.027803
874785722;874785655;-0.026912125;-0.96230775;-9.628134
874833744;874833674;-0.045643996;-0.89781564;-10.366127
874886129;874886060;0.5804365;-0.92898947;-9.193144
874938531;874938446;0.29972315;-1.2290987;-10.039744
874986535;874986466;0.51664084;-0.6051272;-9.555252
875034569;875034485;0.3187559;-0.2916013;-10.064121
875082565;875082497;0.51192147;-0.068225;-9.526035
875134947;875134879;0.40203276;-0.21532814;-9.327977
875182965;875182897;0.30408528;-0.9120899;-9.882032
875235354;875235278;0.59933895;-1.097217;-9.737436
875287730;875287661;0.47952864;-0.950861;-9.433945
875335750;875335678;0.4246581;-0.9170545;-9.642315
875383772;875383692;0.05451531;-0.6773331;-9.744135
875431777;875431709;0.11011967;-0.42292568;-10.079852
875484152;875484087;0.3189364;-0.04080034;-9.073944
875536536;875536465;0.19126911;-0.17613766;-9.426873
875584548;875584477;-0.29084584;-0.41301972;-10.489609
875636927;875636860;0.04626223;-0.5215851;-9.588747
875684942;875684875;0.19793394;-0.41197217;-10.146384
875732955;875732890;0.58623886;-0.62266445;-9.596656
875785330;875785264;0.6784512;-1.0020927;-9.830238
875837719;875837643;0.89500326;-0.466974;-9.748753
875886208;875886142;0.61046857;-0.6967677;-9.707916
875934229;875934154;0.55478406;-0.6476906;-9.38584
875986599;875986529;0.08255252;-0.60942894;-10.227586
876034609;876034539;0.23302639;-0.14403579;-9.215249
876082631;876082551;-0.009703772;-0.19841965;-9.609093
876134993;876134924;-0.05047958;-0.32370022;-10.396418
876187366;876187301;0.30674967;-0.93037677;-10.355144
876235377;876235311;0.25435442;-0.66651005;-10.166377
876283391;876283322;0.6706252;-0.9260462;-9.779677
876335769;876335700;0.6345196;-0.87637484;-9.434383
876383783;876383716;0.6435088;-0.7601993;-9.29603
876436161;876436096;0.79728514;-0.93079627;-9.474758
876484180;876484114;0.086185016;-0.50627124;-10.476678
876536572;876536497;0.47025925;-0.45669842;-9.582001
876584579;876584513;0.5583728;-0.5444848;-9.529082
876632600;876632533;0.17964482;-0.2716673;-9.821688
876684994;876684919;0.03860501;-0.17388123;-9.9134035
876737369;876737304;0.37364826;-0.42672643;-9.252645
876785391;876785326;0.3247939;-0.8308631;-10.169659
876833425;876833346;0.8045779;-0.8785082;-9.1554575
876885794;876885727;0.5210324;-0.6062539;-10.066843
876933811;876933744;0.49209306;-0.9436679;-9.691802
876986195;876986125;0.16361633;-0.2344605;-9.889719
877034707;877034628;0.27818277;-0.6175713;-9.801754
877087123;877087004;0.342694;-0.6817972;-9.205092
877135085;877135018;0.16284017;-0.7554799;-9.850141
877183097;877183031;0.08220775;-0.0347888;-9.812415
877235553;877235405;0.15241165;-0.19775873;-10.41446
877283489;877283414;0.6235738;-0.40019363;-9.713027
877335861;877335795;0.5909118;-0.7328191;-9.560331
877388240;877388176;0.097926036;-0.86375296;-9.9287
877436260;877436193;0.7846909;-0.9924291;-8.916698
877484277;877484208;0.41521847;-0.9997461;-9.925759
877532301;877532225;0.07818087;-0.21006283;-9.582531
877584672;877584605;-0.22070901;-0.022105534;-10.461862
877637053;877636986;0.1559718;-0.11149567;-9.586295
877685065;877685001;0.29995725;-0.08624748;-9.109504
877737448;877737383;0.032681577;0.107137255;-9.866421
877785465;877785399;0.37412104;-0.89645576;-9.512216
877833484;877833413;0.044479337;-0.5493881;-9.780298
877885865;877885790;0.48464534;-0.8561949;-9.790235
877933870;877933804;0.63802123;-0.8512304;-9.806652
877986349;877986187;0.3556216;-0.586133;-10.240734
878034274;878034208;0.31918585;-0.3271502;-9.954198
878086663;878086598;0.71095943;-0.26713672;-9.686252
878134774;878134618;0.049340166;-0.22110526;-10.202459
878183192;878183119;0.003187504;-0.63728046;-9.578505
878235570;878235503;-0.110098094;-0.8867675;-9.620794
878287956;878287880;-0.07188383;-0.64821595;-10.534863
878335962;878335894;0.64577925;-1.1920491;-9.447748
878383976;878383910;0.42637065;-0.906359;-9.594837
878436352;878436287;0.78205884;-0.50721776;-9.286724
878484370;878484302;0.38343725;-0.91745156;-9.839371
878532385;878532318;0.4156036;-1.0763485;-9.619781
878584763;878584698;0.44711053;-0.35117146;-9.714443
878637146;878637080;0.3100693;-0.59544814;-9.582885
878685190;878685096;0.20349874;-0.6241643;-9.706325
878733179;878733113;0.49765408;-0.48017484;-9.835563
878785575;878785498;0.24519171;-0.73566747;-10.000083
878833619;878833518;0.39311224;-0.4252303;-9.487844
878885982;878885902;0.26574373;-0.3046715;-9.496292
878934004;878933918;-0.074399605;-0.7393286;-10.518086
878986365;878986300;0.494297;-0.69496894;-9.689212
879034382;879034316;0.71052974;-0.34641305;-9.586148
879082396;879082330;0.4794596;-0.856327;-10.011964
879134779;879134713;0.6636841;-0.8871105;-9.626583
879187206;879187094;0.44215792;-0.9659505;-9.905983
879235189;879235112;0.27860585;-0.59740454;-9.492233
879283195;879283129;0.08119512;-0.2213998;-9.94559
879336066;879335998;0.073739484;-0.34762463;-10.422183
879384081;879384015;-0.046730276;-0.7822112;-10.139527
879432098;879432029;0.10007919;-0.7020937;-10.356672
879484477;879484408;-0.07553118;-0.9024167;-10.272916
879536858;879536790;0.3590082;-0.24218217;-9.596627
879584873;879584807;0.116985664;-0.020128697;-9.539214
879632893;879632825;-0.044761453;-0.10463156;-9.979191
879685287;879685213;0.07798467;-0.62600154;-9.852119
879733298;879733233;0.117256105;-0.9720949;-9.43478
879785685;879785617;0.4364494;-1.0363171;-8.964874
879838080;879838001;0.5641859;-1.0075226;-9.46542
879886093;879886021;0.7933977;-0.68446594;-10.543315
879934107;879934041;0.30115196;-0.773914;-10.044946
879982145;879982060;0.48129314;-0.38688153;-10.136245
880034522;880034445;0.038401183;-0.5132027;-9.425394
880086924;880086834;0.27633178;-0.28413585;-10.202118
880134948;880134855;0.29242262;-0.18348385;-10.083627
880187388;880187239;0.13863462;-0.7083849;-9.158809
880235360;880235259;0.21990086;-0.49893615;-9.193537
880283395;880283279;0.2972912;-0.45702505;-9.789676
880335746;880335663;0.06411256;-0.22767724;-10.9257965
880388120;880388052;0.4876355;-0.7590032;-9.447001
880436157;880436073;0.8401222;-0.61707854;-8.804238
880484645;880484576;0.40329418;-0.42116463;-9.996796
880532665;880532596;0.30602458;-0.7195774;-9.222365
880585068;880584983;-0.38346836;-0.5904298;-10.404161
880633065;880632999;-0.19484805;-0.5949571;-10.3700285
880685470;880685386;-0.17504057;-0.31165966;-10.176677
880737835;880737768;0.59330887;-0.36273637;-9.624603
880785852;880785786;0.8674593;-0.9161285;-9.031087
880833882;880833803;0.7250603;-0.7237659;-9.8272295
880886272;880886187;0.15288973;-0.8735761;-10.2228365
880934276;880934209;0.3180477;-0.7105371;-10.047707
880986666;880986599;0.53112924;-0.2707272;-9.155191
881034688;881034622;0.33451608;-0.3890727;-9.278511
881087134;881087009;0.121619485;-0.7463803;-9.724384
881135097;881135032;-0.011627283;-0.29547155;-10.413285
881183117;881183051;0.18341856;-0.7481427;-9.452038
881235605;881235435;0.47693697;-0.5754177;-9.748016
881283537;881283455;0.31137213;-0.60246104;-10.074059
881335916;881335836;0.29887146;-1.5432682;-9.05726
881384027;881383853;0.3682383;-1.8405128;-9.317187
881436301;881436235;0.5290176;-1.2875953;-10.273158
881484335;881484251;0.86641556;-0.87392354;-9.68236
881532344;881532263;0.42160794;-1.4273849;-9.606153
881584707;881584641;-0.37717503;-3.3362203;-9.047259
881638074;881637993;-0.23360701;-4.3330374;-10.518608
881686078;881686010;0.3936004;-3.3711793;-8.966193
881734139;881734025;0.8585767;-1.9474617;-8.433637
881786480;881786405;0.630183;-0.2700429;-8.889261
881834491;881834422;-0.046549015;0.196625;-10.581783
881882573;881882444;-0.7867071;-0.8218656;-10.548611
881934899;881934830;-0.3826771;-1.5057236;-9.963535
881987281;881987216;0.13205083;0.28985867;-9.667471
882035299;882035235;0.91324884;0.88682795;-9.964431
882083319;882083253;0.4473661;2.8354397;-9.719573
882135700;882135633;0.38840497;2.6552398;-9.450955
882183712;882183646;0.016999492;2.4265602;-9.802854
882236093;882236028;0.3141937;2.940671;-9.953447
882284108;882284044;0.3945947;2.772112;-9.472458
882336513;882336427;0.20143507;2.720583;-9.85479
882384517;882384442;0.43342024;2.907686;-9.399763
882432528;882432456;0.46892825;3.2755165;-9.5225935
882484936;882484840;0.208884;3.4500122;-8.997438
882537290;882537222;0.029594371;3.2391477;-9.407166
882585303;882585238;0.13210168;3.168531;-9.001186
882637686;882637619;0.28353956;2.4785237;-9.720716
882685702;882685637;0.24176559;2.234535;-9.433787
882734202;882734137;0.50398487;2.654142;-9.1668625
882782235;882782154;0.6433105;2.8707516;-8.7062845
882834601;882834534;-0.070634805;3.2967887;-9.349294
882886978;882886913;0.40190378;3.6606948;-9.707555
882935001;882934927;0.23673427;3.1746638;-9.187284
882987371;882987303;0.4102048;3.5148783;-9.893264
883035380;883035315;0.55404186;3.3186543;-9.129427
883083395;883083329;0.3713743;3.5310774;-8.977629
883131411;883131344;0.25906312;3.2460454;-8.919615
883188156;883188091;0.63785225;3.4838326;-8.980173
883236171;883236106;0.491135;3.424423;-9.152998
883284189;883284123;0.35122123;3.1194484;-8.886923
883336584;883336506;0.5096262;3.6269214;-9.363928
883384600;883384526;0.43684578;3.8858888;-8.7166195
883432612;883432544;0.41929966;4.0493283;-8.759882
883484992;883484927;0.3258852;3.1742938;-8.832708
883537389;883537310;0.21011293;3.666778;-8.813669
883585410;883585329;0.33926544;4.2561727;-8.9879675
883633412;883633346;0.63580287;3.8678112;-9.202617
883685797;883685729;0.28977084;3.5358944;-8.5743885
883733815;883733742;0.29795486;3.134672;-8.971027
883786265;883786122;0.5245924;4.0414724;-8.885008
883834247;883834137;0.6065654;4.1761937;-8.678003
883887072;883887003;0.6311816;3.8545587;-8.823704
883935083;883935018;0.3676987;4.128069;-9.051244
883983102;883983033;0.36820132;3.1937966;-9.288549
884035480;884035411;0.43506265;3.7779422;-9.404876
884083491;884083424;0.15102592;3.5584352;-9.175479
884135884;884135806;0.26416823;3.6025643;-8.841578
884183885;884183819;0.3616911;3.8619785;-8.92144
884236273;884236201;0.3201448;3.6094139;-8.553203
884284290;884284225;0.36329654;3.791499;-8.905159
884332310;884332244;0.31605834;3.396187;-9.148654
884384706;884384625;0.5145464;3.7135563;-9.431813
884437101;884437005;0.42348313;4.02631;-9.5767765
884485119;884485020;0.5066535;3.280692;-9.231922
884533113;884533039;0.598216;3.5927808;-8.860652
884585520;884585423;0.71934223;3.2410204;-9.232517
884633555;884633442;0.48475742;3.1242514;-8.93613
884685986;884685820;0.3519262;3.0565505;-8.660102
884738270;884738205;0.45750555;3.0744479;-9.0868225
884786306;884786226;0.531035;2.947069;-9.300121
884834326;884834242;0.6374342;3.4221618;-9.439805
884882425;884882257;0.5751429;2.573884;-9.309667
884934712;884934640;0.63709563;3.335288;-9.1601095
884987178;884987017;0.21166055;2.8506699;-9.380963
885035578;885035511;0.6044381;3.1296048;-9.3485365
885087959;885087892;0.2236977;3.1243224;-9.717838
885135972;885135907;0.2823772;3.4387324;-9.1721945
885183988;885183923;0.41258383;2.8879874;-8.718441
885232107;885231940;0.057622924;3.139703;-9.563014
885284384;885284320;0.47223642;2.7430382;-9.422727
885336815;885336703;0.60141104;3.7089248;-9.666006
885384801;885384720;0.14309134;2.891063;-9.669515
885437184;885437103;0.51764816;1.459906;-8.572161
885485242;885485118;0.38632816;0.527823;-9.763444
885533223;885533138;0.33169273;-1.3753229;-8.988806
885585711;885585524;0.46904808;-1.8994552;-9.236935
885637972;885637906;0.17987671;-2.1641169;-9.486229
885686040;885685919;-0.06547014;-1.2773916;-10.218813
885734003;885733934;0.12414046;-0.62798834;-9.5186205
885782037;885781954;0.08461629;-0.2428848;-9.75091
885834470;885834339;0.23506722;0.41566652;-9.44646
885882425;885882358;0.29518518;-0.42486852;-9.66369
885934811;885934743;0.72877985;-0.8106086;-9.275159
885987196;885987131;0.11630528;-1.0985354;-10.146296
886035217;886035150;0.25065523;-1.2226268;-9.952923
886083237;886083171;0.26191947;-1.0554925;-9.799569
886135627;886135554;0.045851875;-1.0676969;-9.981516
886184125;886184059;0.22292173;-0.014777957;-9.888645
886236546;886236444;0.007018852;-0.5861609;-10.147829
886284540;886284465;0.41535497;0.09422774;-9.310153
886336924;886336848;0.06517636;-0.621161;-9.913746
886384994;886384871;0.6647314;-0.8028074;-9.12833
886432997;886432890;0.23355873;-1.4228084;-9.601198
886485421;886485280;0.22035562;-0.96554357;-9.494182
886537750;886537666;-0.011313928;-0.6059476;-10.22509
886585764;886585685;0.15487693;-0.029613048;-9.878324
886633787;886633699;-0.07296847;-0.33279142;-9.597534
886686149;886686081;0.36516494;-0.02043395;-9.472411
886734190;886734101;0.362478;-0.29045698;-9.719661
886782207;886782124;-0.32307717;-0.76042837;-10.200127
886834581;886834508;0.43574363;-0.6327779;-9.434113
886887055;886886892;0.17034504;-0.8283327;-9.966891
886934986;886934909;0.6696967;-0.48415947;-9.609731
886982996;886982926;0.9532058;-0.8180369;-9.115453
887035394;887035310;0.4703775;-0.58300436;-9.838353
887083390;887083323;0.35882387;-0.80146074;-9.50991
887135780;887135705;-0.14092337;-0.9087259;-9.883724
887188156;887188088;0.06563456;-0.30800387;-9.780699
887236178;887236105;-0.2379563;-0.6649357;-9.853219
887284184;887284118;-0.28123227;-0.44210488;-10.078084
887332695;887332620;0.12270484;-0.16610049;-10.016001
887385145;887385004;0.25072584;-0.35966837;-9.573061
887433123;887433019;-0.010372316;-0.6128181;-10.147292
887485481;887485399;0.8970415;-0.84046507;-9.217615
887537857;887537781;0.64017063;-0.95863163;-9.913168
887585899;887585799;0.80436796;-0.9139956;-9.487313
887633904;887633817;0.7787045;-0.9296567;-9.578789
887681913;887681832;0.40351093;-0.56167;-9.763819
887734325;887734214;0.19651195;-0.6296089;-9.496384
887786668;887786599;0.20504323;-0.058600254;-9.930693
887834682;887834613;0.109107755;-0.47141942;-9.863902
887887058;887886994;-0.13939112;0.125265;-9.991488
887935077;887935011;0.27482376;0.15179391;-9.521669
887983092;887983028;-0.07352944;-0.5856134;-10.364961
888035485;888035411;0.44472003;-0.82087946;-9.136048
888087860;888087793;0.5938209;-0.56245464;-9.793102
888135875;888135808;0.9996148;-0.7787154;-9.564254
888183887;888183822;0.50006527;-0.98126227;-10.282837
888236273;888236207;0.52316207;-0.78728676;-9.632267
888284298;888284229;0.06006182;-0.111385606;-9.694415
888336701;888336614;-0.260345;0.053962294;-10.298944
888384701;888384634;-0.26063526;0.36864015;-9.884826
888437077;888437013;-0.36525455;-0.5130512;-10.056012
888485582;888485513;-0.105288394;-0.60943365;-9.807851
888533622;888533526;0.5961092;-0.7636533;-9.282461
888585977;888585910;0.53074217;-0.8350278;-9.864455
888633996;888633929;0.6415846;-0.7002148;-9.412161
888686374;888686309;0.44744086;-0.40098515;-9.706573
888734393;888734329;0.6633362;-0.667494;-9.331609
888786787;888786712;0.19429922;-0.44490987;-9.774706
888834797;888834730;0.090432964;-0.06774191;-9.627852
888882815;888882746;-0.35080186;-0.26198053;-10.310866
888935208;888935125;-0.32712692;-0.28219432;-9.435373
888987573;888987507;-0.29285637;0.009755309;-9.703851
889035591;889035525;-0.3069369;-0.5008639;-9.522389
889083610;889083542;-0.27192092;-0.5377275;-10.047222
889135989;889135924;0.7564131;-0.94254965;-9.471602
889184007;889183940;0.5594453;-1.0114322;-9.648594
889232028;889231960;1.1992533;-0.78695935;-9.024056
889284412;889284346;0.68620497;-1.0319637;-9.6784115
889336797;889336731;0.5677306;-0.70081174;-9.556957
889384819;889384750;0.7774;-0.8144045;-8.970318
889432832;889432767;0.21066949;-0.6969532;-10.025436
889485214;889485147;0.115519196;-0.82925195;-9.593753
889533230;889533162;-0.58769166;-0.46543953;-10.203217
889585610;889585545;-0.23707065;-0.16736473;-10.197155
889638481;889638412;0.46049094;-0.27862135;-9.197501
889686499;889686431;0.25646463;-0.62885904;-10.126346
889734514;889734447;0.67948323;-0.53974396;-9.242087
889782540;889782461;0.41774788;-1.1668366;-9.704829
889834911;889834843;0.22504972;-0.8146333;-9.929626
889882928;889882863;0.10031588;-0.6890377;-10.186136
889935305;889935238;0.6318218;-0.73182124;-9.641642
889987684;889987617;0.60523456;-0.6039327;-9.477054
890035704;890035635;-0.038491644;-0.47029063;-9.983909
890083723;890083656;0.23518999;-0.17555863;-9.325147
890131740;890131674;-0.08776028;-0.39376372;-10.206193
890184123;890184056;-0.2195508;-0.36707008;-9.958604
890236570;890236438;0.22183166;-0.5142096;-9.411628
890284527;890284457;0.25117338;-0.95331055;-9.939583
890336911;890336844;0.7334053;-0.96103626;-9.1663885
890384995;890384863;0.5270728;-0.44816393;-9.469962
890432951;890432883;0.6680872;-0.803955;-9.306069
890485334;890485270;0.3286934;-0.5886151;-9.863887
890537720;890537651;0.28583404;-0.57591385;-9.261732
890585738;890585669;0.34804496;-0.29037902;-9.559077
890633752;890633685;0.332223;-0.80250454;-9.795928
890686131;890686065;-0.040858515;-0.41453052;-10.365091
890734149;890734082;-0.056344997;-0.11427909;-10.01537
890782652;890782583;0.07031247;-0.3415666;-9.574919
890835030;890834962;0.4829395;-0.61418766;-9.336126
890887410;890887345;0.40393332;-0.6544367;-9.662445
890935425;890935361;0.29714122;-0.8884363;-9.725524
890983447;890983379;0.4392443;-0.7324555;-9.520719
891035832;891035763;0.31326452;-0.74930626;-9.408491
891083848;891083781;0.1644247;-0.7499752;-9.672104
891136232;891136165;0.08569656;-0.37476128;-10.297789
891184249;891184184;0.17731673;-0.54464734;-9.784204
891236645;891236569;0.19391815;-0.3342356;-9.911568
891284653;891284585;0.041406766;-0.4418768;-9.784858
891332673;891332603;0.1404782;-0.8261927;-10.174687
891385051;891384985;0.2640321;-0.92502373;-9.772563
891437448;891437372;0.43419552;-0.77744764;-9.927262
891485460;891485391;0.49310902;-0.7743904;-9.971814
891533484;891533410;0.30083174;-0.6339291;-9.347507
891585873;891585796;0.12015954;-0.37005252;-9.471938
891633885;891633816;-0.16192062;0.1516918;-10.389671
891681892;891681827;-0.13542746;-0.44030482;-9.90766
891738641;891738575;0.050453007;-0.5759214;-10.388298
891786661;891786594;0.34022924;-0.3602201;-9.57986
891834681;891834613;0.33102196;-0.7983137;-9.681729
891882695;891882628;0.2539683;-0.95806456;-9.709987
891935566;891935498;0.017619206;-0.73819625;-10.06157
891983579;891983512;0.4089585;-0.4111041;-9.53321
892035959;892035891;0.4694727;-0.3053299;-9.226923
892088336;892088270;0.40176105;-0.36397073;-9.351769
892136443;892136287;0.15203236;-0.20260935;-9.896678
892184372;892184305;-0.02142164;-0.42264056;-10.416915
892232393;892232325;0.027057657;-0.17364226;-9.506495
892284869;892284710;0.16759112;-0.7315309;-9.462693
892337161;892337095;0.28071564;-0.49219725;-9.34787
892385182;892385117;0.29668686;-0.44562012;-9.664823
892437567;892437501;0.34725404;-0.48660505;-9.946824
892485587;892485521;0.20915048;-1.0817047;-9.763323
892533610;892533540;0.10542324;-0.6778042;-9.324423
892581721;892581562;0.22855756;-0.07424593;-9.814214
892634024;892633946;-0.13412444;-0.41801202;-9.412404
892686423;892686330;0.21450664;-0.7142455;-8.937836
892734411;892734346;0.17551884;-0.71814483;-9.446872
892782431;892782364;0.40247092;-0.27653447;-10.204291
892834816;892834748;0.45838973;-0.63102967;-9.2699
892882836;892882769;0.48544315;-0.9128645;-10.445112
892935219;892935154;0.26730838;-0.9463581;-9.3448925
892987630;892987540;0.062072616;-0.49007064;-9.111024
893036117;893036048;0.18211152;-0.3472216;-9.490342
893084138;893084070;0.4002444;-0.2724371;-9.873653
893136526;893136454;0.29806504;-0.47326493;-9.284161
893184543;893184475;0.03737329;-0.26256865;-9.680691
893232557;893232490;0.1966497;-0.7531505;-9.629106
893284939;893284869;0.26759315;-0.66828126;-9.638637
893337324;893337250;0.3910356;-0.97225106;-9.215714
893385328;893385263;0.49904677;-0.31253508;-9.757033
893433351;893433284;0.23127049;-0.76915485;-9.935085
893485750;893485670;0.19999616;-0.64567316;-10.027838
893533766;893533688;-0.12623012;-0.6638342;-10.029413
893586138;893586073;-0.15893456;-0.039269533;-10.621066
893634172;893634096;0.10183282;-0.21579498;-10.111667
893686554;893686486;0.38973927;-0.61517346;-9.872641
893734578;893734510;0.45973656;-0.8038554;-10.135179
893782613;893782536;0.5953973;-0.89134544;-9.465271
893834994;893834929;0.30859962;-0.6882648;-9.554381
893887378;893887312;0.27023265;-0.77682936;-9.202286
893935392;893935327;0.43254045;-0.64947534;-9.755945
893983410;893983344;0.003002588;-0.6911403;-10.274673
894035795;894035729;0.35706553;-0.91054684;-9.76473
894083821;894083752;0.33414477;-0.6738724;-9.469142
894136206;894136137;0.28684077;-0.7223132;-9.435977
894189075;894189009;0.23913975;-0.57059276;-9.6559
894237093;894237028;0.44682056;-0.5456052;-9.665863
894285113;894285048;0.009031034;-1.0938401;-9.855432
894333168;894333072;0.12546594;-0.662781;-9.74612
894385528;894385458;0.3591182;-0.8163377;-9.529275
894433560;894433479;0.34614152;-0.90012336;-9.272869
894485932;894485866;0.40799555;-0.7415492;-9.622137
894538318;894538253;0.13847688;-0.36702314;-9.958833
894586342;894586275;-0.07202575;-0.41015786;-10.25587
894634364;894634299;0.2624439;-0.36297733;-9.393341
894682400;894682319;-0.06462374;-0.43460616;-10.337169
894734772;894734703;0.44120032;-0.53958505;-9.610739
894787150;894787084;0.5354718;-0.5141942;-9.700224
894835166;894835102;0.041573565;-0.38605043;-10.18682
894887555;894887489;-0.28605995;-0.53366494;-10.276469
894935577;894935509;0.13172868;-0.5065135;-9.558389
894983598;894983530;-0.20544133;-0.77811295;-10.365373
895031616;895031551;0.07760193;-0.4140893;-9.732942
895088373;895088304;0.4889008;-0.64227957;-9.333302
895136387;895136323;0.26750475;-0.59832937;-10.121982
895184409;895184344;0.5305939;-0.5253133;-9.502395
895236795;895236728;0.1484698;-0.3272558;-10.015523
895284829;895284748;0.36695263;-0.5390464;-9.929025
895333332;895333252;-0.038052414;-0.5950057;-10.196421
895385775;895385634;0.2998398;-1.0338957;-9.948267
895438080;895438013;0.89208263;-0.9314092;-9.056916
895486097;895486032;0.32968915;-0.56490505;-9.789124
895534197;895534048;0.64891243;-0.37232676;-9.220642
895586505;895586435;0.012285165;-0.08759098;-9.766001
895634519;895634451;-0.00788136;-0.46913737;-10.157182
895682630;895682469;0.061913643;-0.5292701;-9.884759
895734919;895734851;-0.23508161;-0.88739955;-10.2462
895787301;895787236;0.47014117;-0.60438293;-9.243698
895835320;895835254;0.21498096;-0.8532122;-9.969795
895883341;895883274;0.7326238;-0.6243406;-9.538931
895935726;895935657;0.23853026;-0.8991557;-9.874759
895983745;895983676;0.5970547;-0.92886496;-9.250425
896036125;896036061;0.38188803;-0.5999522;-9.437623
896084148;896084082;0.48316404;-0.8201119;-9.519233
896136577;896136471;-0.012922046;-0.5946108;-9.708644
896184567;896184491;-0.271128;-0.6588488;-10.370202
896232598;896232514;-0.047909874;-0.2673163;-9.779514
896284990;896284901;0.112798244;-0.41992313;-10.046073
896337349;896337284;0.5285753;-0.81444776;-9.713758
896385367;896385302;0.510972;-0.5612374;-9.300572
896433450;896433323;0.4101872;-2.373337;-9.399869
896486257;896486193;0.19494925;-2.295303;-9.333451
896534279;896534212;0.6293984;-0.6557069;-9.399856
896582303;896582234;0.9432146;2.3045223;-8.510266
896634690;896634623;1.4773092;13.130118;-15.996072
896687081;896687011;1.2503507;5.06032;-12.914691
896735108;896735034;0.13649184;-1.1360556;-8.654026
896783118;896783053;-0.47200468;-0.74295515;-9.618377
896835514;896835436;-0.18270898;2.140911;-7.258349
896883533;896883455;-0.9680611;13.620033;-2.1862233
896935902;896935837;1.3123717;2.2312505;-8.38167
896988285;896988220;1.5032983;-0.09216816;-9.323493
897036304;897036239;1.1643958;1.1272068;-8.97703
897084326;897084259;-0.0381403;16.273424;-6.7862787
897132349;897132280;0.35219422;1.9317122;-8.399899
897184746;897184663;0.3388425;2.5503104;-8.8520355
897237118;897237052;0.6362559;4.076679;-9.631709
897285137;897285071;0.64405936;4.765805;-9.156904
897337607;897337462;1.1988456;4.9123096;-9.388727
897385550;897385484;1.780445;2.7082512;-8.810074
897433571;897433504;1.3487695;1.9343591;-10.000061
897481594;897481520;1.2154748;1.0428661;-9.505865
897533967;897533901;0.12842815;0.29888526;-9.285087
897586435;897586282;-0.5040363;-0.05741286;-10.024695
897634852;897634784;-0.41746294;-0.53243685;-10.2897625
897687229;897687164;-1.0966756;0.55334795;-10.545627
897735245;897735179;-0.67449033;1.0411905;-9.8932905
897783270;897783195;-0.037412398;1.9701681;-9.667263
897835636;897835570;0.56752264;3.133648;-9.761646
897888016;897887950;0.86164135;2.0724623;-9.404834
897936033;897935967;1.3776234;2.1897595;-9.2147
897984060;897983979;1.2699004;1.1481224;-9.28277
898036433;898036360;0.6573721;1.3981924;-9.685757
898084466;898084374;0.495365;0.36458448;-9.030722
898132456;898132388;0.019314561;0.77954465;-9.648593
898184865;898184768;-0.5986925;0.99178505;-9.733886
898237220;898237143;-0.76690763;1.3785203;-10.036918
898285257;898285153;-0.46442708;1.3672482;-10.216648
898333287;898333169;-0.0727566;1.5789284;-10.386727
898385685;898385547;0.90516585;1.3773535;-9.616219
898433682;898433562;0.815881;1.173893;-9.257705
898486032;898485943;0.8987032;0.9138288;-9.986116
898534144;898533965;0.44168565;0.90219086;-9.9571495
898586414;898586338;0.5219311;1.0573674;-9.704116
898634425;898634354;0.03625122;1.2180048;-10.09343
898682438;898682368;0.079205275;0.81514597;-9.859343
898734812;898734747;0.35906437;1.1577172;-9.506544
898787678;898787606;0.12933435;0.8743732;-9.677107
898835684;898835618;0.49266014;1.0158039;-9.392653
898883716;898883629;0.40960765;1.3636981;-10.012998
898936072;898936006;0.4367618;1.1731787;-9.907354
898984082;898984015;0.4288922;1.4201317;-9.928362
899032156;899032021;0.07032043;0.9410174;-9.98753
899084467;899084397;-0.06909653;0.73734033;-9.669931
899136850;899136769;-0.13257857;0.122122645;-9.693948
899184859;899184778;-0.090729356;0.5445212;-9.715059
899232921;899232789;-0.34877607;0.8704159;-10.254725
899285250;899285164;-0.059239224;0.6935477;-9.875554
899333256;899333177;0.53523403;0.5811256;-9.337412
899385623;899385553;0.30222562;1.3027015;-9.87916
899437998;899437930;0.3554597;1.4927433;-9.453875
899486076;899485941;0.18666485;0.37152627;-9.671764
899534022;899533953;0.2599749;1.2335801;-10.487066
899582035;899581965;0.2466413;0.70800704;-9.852626
899634506;899634341;0.09498114;0.5323809;-10.448954
899686799;899686718;0.44349635;0.51911247;-9.479024
899734807;899734737;0.2772587;0.71731645;-9.472825
899787184;899787116;0.08774883;0.62534106;-10.308003
899835196;899835130;0.11481435;0.6978765;-9.639255
899883218;899883144;-0.1690542;0.5337757;-9.921712
899931710;899931645;-0.049617514;0.18194644;-10.255809
899984189;899984024;0.25600308;0.60502404;-9.739289
900036518;900036402;0.22693327;0.34250572;-10.435448
900084489;900084417;0.59570026;0.43331888;-9.487312
900136859;900136794;0.16984378;0.5944691;-10.259153
900184927;900184808;0.5681862;0.3908122;-9.37184
900232896;900232829;0.25776482;0.91195744;-9.562283
900285281;900285215;0.28684235;0.8238105;-9.396089
900337666;900337601;-0.10500168;0.85026973;-10.140953
900385688;900385622;0.0772248;0.9064749;-9.683001
900433706;900433640;0.025732832;0.6548685;-9.782188
900486092;900486024;0.28708845;0.7877663;-9.66015
900534111;900534045;0.19804193;0.65442526;-9.660317
900586497;900586429;0.17641489;1.0157101;-9.653338
900634515;900634449;0.016405685;0.76882535;-9.764777
900682536;900682468;0.035789315;1.106064;-9.814112
900734923;900734855;-0.08523548;0.69491035;-9.800603
900782949;900782880;-0.106529705;0.7857451;-9.87232
900835338;900835271;-0.13003094;0.54983187;-9.597184
900887729;900887659;-0.06503318;1.3455751;-10.102482
900935756;900935679;-0.056799438;1.1364353;-9.505789
900983768;900983700;-0.024287099;0.9674056;-9.919322
901036151;901036084;0.18126234;1.2887203;-9.936683
901085143;901085077;0.10530333;1.2784976;-9.644298
901133163;901133097;0.3564554;1.2385117;-9.376625
901185583;901185486;-0.041559942;0.9456553;-10.309891
901233566;901233501;0.17623016;0.9307692;-9.7407675
901285949;901285883;-0.040065326;0.8078697;-10.220518
901333994;901333901;0.2098509;0.77987725;-10.149111
901386356;901386289;0.18678345;0.735153;-9.853701
901434375;901434310;0.18751849;0.9788925;-10.095015
901482442;901482329;0.42087922;1.3241478;-9.583553
901534787;901534712;0.05382325;1.5432796;-10.3443985
901582793;901582728;0.068828516;2.3987358;-9.21839
901635178;901635113;-0.23175533;2.3699195;-9.564444
901683194;901683128;-0.079135396;0.0057984823;-9.571361
901735638;901735507;0.53908515;-0.310681;-9.736625
901783626;901783520;0.9195987;-2.758265;-10.039856
901835982;901835900;0.3322604;-2.1230924;-9.613384
901888345;901888280;0.4097304;-1.0520772;-9.683245
901936375;901936297;0.33897477;-0.66754395;-9.6608925
901984396;901984309;0.13058777;0.33841842;-10.1438875
902032406;902032326;-0.089864396;0.1801245;-10.0508375
902084796;902084704;0.36897504;0.15024327;-9.417459
902137150;902137082;-0.13519602;-0.42231992;-9.688655
902185161;902185095;0.42805958;-1.2326918;-9.586114
902238035;902237957;0.73176634;-1.6218784;-10.002996
902286051;902285971;0.8475931;-1.0393617;-9.283671
902334048;902333984;0.464079;-0.6930309;-9.701582
902382059;902381994;0.59955794;-0.9045174;-9.653525
902434468;902434372;0.23178671;-0.7683914;-10.036098
902486851;902486748;0.36446103;-1.0099866;-9.625878
902534893;902534761;0.058751892;-1.3525823;-10.378859
902587224;902587143;0.12270505;-1.6762472;-10.139014
902635240;902635159;0.2510949;-1.3688743;-9.576664
902683348;902683176;0.7041249;-1.1792158;-9.153069
902735628;902735561;0.76549226;-1.7192051;-9.212488
902788018;902787950;0.31865185;-1.6415259;-9.989651
902836034;902835965;0.4005135;-1.7477487;-9.733503
902884049;902883983;0.09973919;-1.4867069;-9.717267
902936437;902936368;0.6621649;-1.7950624;-9.136254
902984452;902984384;0.4290198;-2.209421;-9.073443
903032475;903032401;0.044422988;-1.7129675;-9.912793
903084851;903084781;0.21522988;-1.7830957;-10.181008
903137242;903137163;0.2703627;-1.4915979;-9.159511
903185245;903185178;-0.061008807;-1.730964;-10.017347
903233260;903233192;0.3816574;-2.5994387;-9.135763
903285639;903285570;0.16145268;-2.8149128;-10.091493
903334156;903334069;0.60972375;-2.3378751;-9.28216
903386559;903386446;0.9001018;-2.809195;-9.056958
903434608;903434458;1.093225;-2.3936915;-9.22588
903486904;903486835;0.8655042;-2.836027;-9.102074
903534934;903534851;0.48176655;-2.8456955;-9.566387
903582945;903582862;0.59752417;-2.1804864;-8.986603
903635306;903635239;0.1423749;-2.7865343;-9.37571
903687698;903687619;0.19661494;-2.05589;-9.686009
903735709;903735639;0.587239;-2.3184922;-8.972744
903783726;903783658;0.25882262;-2.6825848;-9.541372
903836117;903836044;0.7159735;-3.25708;-9.462948
903884129;903884063;0.58937305;-2.8406103;-9.117225
903932148;903932082;0.7263053;-2.7951317;-9.227151
903984545;903984468;0.9648002;-3.0292444;-8.942037
904036916;904036851;1.0889118;-1.9607289;-9.165481
904084950;904084873;0.4263373;-2.3585258;-9.258092
904132966;904132892;0.31517088;-2.8349547;-9.422687
904185347;904185279;0.44281864;-2.4827216;-8.821964
904233363;904233297;-0.0113885;-2.8311515;-9.397026
904285745;904285679;0.18687128;-2.6119368;-9.546808
904338129;904338061;0.44109142;-2.7955894;-10.012224
904386146;904386078;0.8352937;-3.0423925;-8.873008
904434161;904434095;0.74369437;-3.1262128;-9.153532
904482784;904482599;0.9845522;-2.9170096;-9.689286
904535101;904534978;0.9903812;-3.148968;-9.432021
904583061;904582995;1.0019766;-2.7693567;-9.078729
904635442;904635376;0.81667715;-2.3252373;-9.028412
904687826;904687759;0.53546655;-3.058753;-9.441026
904735850;904735781;0.7210469;-2.49726;-9.146499
904783867;904783801;0.11511163;-3.149257;-9.607059
904831935;904831823;0.36632398;-2.8406718;-9.623311
904884275;904884207;0.53406084;-3.1221595;-9.236643
904936660;904936595;0.6395598;-3.2813046;-9.356011
904984680;904984614;0.83159304;-3.0022447;-9.177835
905037065;905036998;0.8865093;-3.8736382;-9.23193
905085088;905085019;0.7377;-4.2663183;-9.014986
905133104;905133035;1.5830754;-2.7765725;-8.462295
905185490;905185422;1.6248716;-0.34237182;-9.120878
905237879;905237811;0.76067406;0.5668191;-9.55403
905285899;905285832;-0.83987945;2.4421043;-9.453888
905333918;905333850;-1.0660764;0.55255634;-10.316027
905386302;905386237;-1.3587793;0.7096979;-10.454213
905434322;905434256;-1.7157786;-0.12486599;-10.049265
905486714;905486643;-1.1800673;0.00063686026;-9.714724
905534732;905534663;0.27288064;0.53011787;-9.294134
905587114;905587048;2.4767551;0.8057635;-9.491486
905635615;905635549;5.002258;1.2639602;-8.311523
905683633;905683566;6.85366;0.5142303;-6.624791
905736117;905735949;7.444851;0.08643196;-7.154956
905784035;905783969;6.09658;-0.14143364;-7.8864985
905836422;905836352;4.6816993;-0.53104955;-8.255773
905884446;905884370;3.472495;-0.5789459;-8.511757
905936822;905936755;2.7155845;0.073264666;-8.949832
905984841;905984775;1.8550166;0.27699456;-10.402031
906032971;906032801;1.3160901;0.65782756;-9.960428
906085258;906085190;0.94852376;0.593929;-10.178933
906137644;906137577;2.1300104;-0.7921871;-9.925007
906185668;906185602;2.7982485;-0.91469884;-8.8179655
906233694;906233628;2.888218;-1.1445082;-8.988467
906286084;906286015;2.7650292;-1.276768;-9.417075
906334103;906334035;2.5254889;-1.3487247;-9.702176
906382126;906382060;2.8181787;-0.40464526;-8.962726
906434519;906434450;2.9463363;-0.26791844;-8.89155
906486907;906486841;2.1916432;-0.15845028;-9.430184
906534947;906534868;1.2516717;-1.0047448;-9.113528
906582960;906582890;-0.40623683;-1.3469546;-9.281306
906635353;906635275;-1.5222205;-1.0762618;-10.525125
906683354;906683289;-1.858127;-0.47402644;-10.060906
906735744;906735672;-1.5037467;0.05908087;-10.699746
906788711;906788544;-0.11394322;0.15746757;-9.786362
906836629;906836562;0.5730635;-0.13204996;-9.140436
906884649;906884581;0.18916877;-1.3451246;-9.666735
906932666;906932598;1.1889374;-1.6782322;-9.449419
906985051;906984982;0.80782455;-2.1515949;-9.2024765
907033071;907033002;0.5924945;-0.010148048;-9.430203
907085462;907085385;0.351152;2.8837063;-9.154202
907137842;907137774;0.38108295;4.559204;-9.441961
907185862;907185793;-0.19468132;4.8970957;-9.712636
907233891;907233815;0.1765868;3.788092;-9.432458
907281905;907281836;0.35679007;0.97095335;-8.751337
907334294;907334225;-0.38144976;-1.4491721;-9.274695
907386682;907386614;-2.2012248;-3.3708236;-9.582614
907434706;907434638;-2.1629503;-3.8391654;-9.491737
907487126;907487032;-2.7969308;-1.2509784;-9.156088
907535117;907535051;-3.4838471;-0.32125524;-9.434673
907583141;907583074;-4.0449677;1.9818205;-10.0969
907635529;907635461;-3.5160804;1.1416817;-10.081708
907687929;907687846;-3.7564402;0.10860837;-10.326253
907735927;907735862;-3.288008;-0.2788059;-9.946607
907783946;907783879;-2.214159;-1.3520348;-8.630331
907836356;907836262;-2.1352766;-1.4491805;-9.348786
907884350;907884278;-1.5267321;-1.4095768;-8.8442545
907932849;907932782;-2.7094603;-1.3779365;-9.482337
907985227;907985162;-3.627598;-0.8297426;-8.824021
908037619;908037546;-4.556083;-0.05640798;-9.031201
908085635;908085566;-5.053518;0.034320053;-8.815288
908133657;908133587;-5.830671;0.34125605;-10.150381
908181678;908181608;-5.0024214;-0.20607504;-8.387819
908234063;908233996;-4.8810596;-0.16307625;-9.368472
908286454;908286382;-4.0652223;-0.82137;-9.092465
908334475;908334404;-4.0129814;-0.9195599;-9.109791
908386865;908386796;-3.0511572;-0.44420668;-10.617466
908434899;908434826;-0.61392254;-0.09641251;-10.012738
908482925;908482858;1.08434;-0.6303749;-9.038454
908535321;908535253;2.8584006;-1.1647458;-8.761461
908587714;908587646;3.911577;-1.6975201;-8.465767
908635740;908635672;2.9545941;-1.1879208;-8.87099
908683766;908683696;1.9104606;-1.308957;-9.708797
908736156;908736090;1.4950598;-0.72758263;-10.055205
908784182;908784115;1.1655244;-0.51863164;-9.574904
908836603;908836508;1.5174172;0.058679696;-9.802702
908884601;908884532;1.8322482;-0.15433644;-9.6519375
908936995;908936928;2.0716157;-0.75455177;-9.634227
908985018;908984951;2.581496;-0.9371701;-9.310533
909033039;909032972;2.5083134;-1.7186822;-9.627195
909085917;909085848;3.2707224;-1.4313513;-8.749396
909133944;909133874;3.5872746;-0.9624959;-8.798608
909181978;909181902;4.6192427;-0.56302714;-8.991932
909238729;909238659;4.6378627;-1.0918968;-8.159783
909286754;909286684;4.202326;-2.1763535;-7.442227
909334774;909334705;2.5059745;-1.687712;-8.365508
909382794;909382724;0.7099216;-0.8359776;-9.333906
909435180;909435112;-1.5187991;1.8456484;-9.870656
909483198;909483131;-1.7780292;4.0665226;-11.210487
909535581;909535516;-1.3461144;6.917174;-9.791282
909587969;909587902;-0.57168597;6.1900244;-9.396998
909636041;909635923;-0.4289644;3.9728293;-9.115232
909684013;909683946;0.823702;2.572288;-9.572564
909732038;909731969;1.4775792;1.1725023;-8.474873
909784467;909784360;2.0345464;-0.10431713;-9.073396
909836821;909836751;0.98880625;-2.9935296;-8.763144
909884840;909884773;-0.30927074;-4.20833;-8.634555
909937225;909937160;-0.9618195;-5.2011046;-9.09676
909985247;909985182;-0.8120623;-6.421552;-9.215163
910033269;910033202;-0.22160016;-6.9395437;-8.97394
910085658;910085589;-0.7649739;-5.386641;-7.73645
910138039;910137975;-0.17692143;-1.6952701;-9.662752
910186060;910185994;0.34292853;0.8077421;-9.10741
910234573;910234498;1.2875725;3.258999;-9.365426
910286951;910286882;1.6038679;1.4081013;-9.202548
910334969;910334902;1.1792756;-0.65361243;-9.374942
910382994;910382918;0.62316406;-3.234698;-9.47046
910435364;910435299;0.04358437;-1.3411319;-8.822776
910487748;910487679;0.025331467;1.367249;-9.779886
910535765;910535696;0.014404269;3.7621014;-11.198635
910583776;910583708;-1.3089198;5.089758;-10.568137
910636152;910636084;-1.0634872;3.758918;-10.665738
910684164;910684097;-0.6062364;0.12020205;-8.751738
910736542;910736474;3.3342445;-3.5057235;-8.322824
910784562;910784494;6.2313066;-2.97414;-6.5886216
910836949;910836877;8.02574;-2.5188122;-6.33504
910884958;910884893;7.918713;-0.38846308;-6.64001
910932980;910932911;7.025983;0.42928046;-6.1965446
910985373;910985299;4.52909;0.0037243057;-7.0147123
911033397;911033320;0.46322423;-0.10614046;-8.483793
911085771;911085705;-3.4847379;-2.1834533;-9.800601
911133797;911133724;-4.7458076;-0.7432085;-11.328667
911186181;911186112;-3.2754767;-0.293679;-10.489464
911234200;911234135;-1.7806004;-0.51659644;-9.351687
911282227;911282154;-0.09084487;-0.28256097;-10.157947
911334604;911334536;0.7726291;-0.9208284;-9.358859
911387490;911387405;0.57684773;-1.3947761;-9.208759
911435490;911435421;0.25229123;-1.8065281;-8.986943
911483510;911483440;-0.85630476;-1.4549986;-9.884736
911535911;911535825;-1.6069354;-1.4770925;-9.473686
911583910;911583843;-2.2277489;-0.44966245;-10.163063
911631930;911631864;-2.1624558;-0.035890497;-9.817709
911688679;911688612;-2.428229;0.19964883;-9.648097
911736703;911736629;-2.8406203;-0.09412686;-10.088384
911784717;911784648;-2.789012;-0.32445523;-9.684111
911832770;911832666;-2.2874424;-0.19075066;-9.008222
911885115;911885047;-2.4977481;-0.33470342;-9.704771
911933133;911933067;-1.9568071;-1.432228;-8.91245
911985529;911985455;-1.5615454;-3.035249;-8.681998
912037912;912037844;-1.5730617;-3.8222466;-9.287699
912085931;912085863;-1.4948539;-3.5848112;-9.250891
912133952;912133883;-1.2769688;-3.2143385;-9.270177
912181969;912181901;-0.99983543;-3.27501;-8.866245
912234353;912234288;-1.4395853;-3.956545;-9.24736
912286737;912286670;-0.14883655;-3.2630634;-9.057737
912334756;912334689;0.33821577;-1.809926;-9.614912
912382775;912382707;0.06405662;-1.2890525;-8.615784
912435159;912435092;-0.35398126;-1.1758168;-8.627832
912483176;912483111;-1.352757;0.64345807;-9.558183
912532255;912532099;-2.2962189;2.9688678;-9.350168
912584546;912584478;-3.5313046;3.2292643;-9.438529
912636926;912636861;-4.7022786;1.6714458;-9.422967
912684982;912684879;-6.077239;-0.52219445;-9.804067
912737331;912737262;-6.1355915;-2.0493999;-10.204213
912785359;912785280;-4.072901;-1.5649847;-9.170706
912833414;912833296;-1.4043696;-0.22699651;-8.40708
912885752;912885681;0.82098615;2.8671455;-8.550659
912938137;912938069;1.3824357;4.1057835;-8.324435
912986157;912986088;0.24877009;3.4940078;-9.589683
913034173;913034107;-1.6409525;3.420756;-9.43174
913086567;913086493;-3.53216;3.0925682;-9.802629
913134576;913134510;-5.2677703;2.6991262;-9.980416
913182596;913182528;-4.9937577;2.0780165;-9.63371
913234979;913234910;-3.683316;2.8207593;-9.086217
913287358;913287292;-0.122469455;3.3315716;-9.300931
913335378;913335311;2.4207501;3.6206923;-8.582424
913383396;913383329;2.8494532;3.8819954;-7.4840145
913435787;913435712;1.1148367;2.9842317;-7.9474626
913483796;913483729;-1.8702588;1.4801997;-9.161912
913536179;913536114;-4.4629045;-0.38197073;-10.343583
913584213;913584133;-5.3571153;-2.8628023;-10.666453
913637063;913636997;-4.6098566;-2.5478456;-10.60969
913685077;913685011;-2.4044833;-2.1947386;-9.5631075
913733097;913733029;0.22833775;-1.9143845;-8.328491
913785487;913785415;4.097052;-1.3259426;-8.098717
913833517;913833434;6.2150884;0.05063473;-8.727291
913885887;913885813;8.120737;0.9676711;-5.9830194
913933890;913933824;9.165255;1.2434512;-6.345684
913986265;913986200;6.514114;2.7118485;-6.9264045
914034291;914034211;2.7717524;2.812946;-8.04962
914082295;914082228;0.02861816;2.2135818;-9.9505005
914134677;914134611;-2.1871834;0.43941104;-10.274135
914187060;914186994;-2.6620035;-1.8127809;-9.3455515
914235081;914235013;-3.0524662;-2.3126132;-10.41888
914283093;914283027;-3.1292996;-4.9294667;-9.344667
914335480;914335411;-2.733455;-7.3577385;-9.164605
914383498;914383431;-1.6846501;-6.6291904;-8.686486
914435885;914435818;-1.7280186;-3.0839415;-8.585382
914488279;914488202;0.29329818;0.48543146;-8.262297
914536292;914536225;3.4554121;3.7885957;-8.077921
914584318;914584249;6.5197363;2.1346734;-6.2339063
914632338;914632269;7.8127427;0.80529577;-6.7901177
914684717;914684648;7.5449243;-2.33692;-7.189151
914737095;914737030;4.7204394;-5.7934847;-7.5130486
914785601;914785534;0.299183;-5.840096;-7.7622538
914837986;914837918;-1.0538522;0.95660806;-9.578146
914886002;914885936;-1.0884469;3.3635552;-9.832863
914934023;914933955;-0.57928085;6.6247206;-9.984806
914982037;914981972;-0.27994865;8.29244;-9.546015
915034425;915034357;-0.54214984;3.9470072;-9.051338
915086811;915086743;0.09950287;-0.2168196;-10.217141
915134830;915134762;-0.22105843;-1.8726394;-10.199714
915187227;915187143;0.2515717;-0.95758975;-10.591282
915235229;915235161;2.472666;0.45398793;-8.520556
915283254;915283181;4.859094;2.9124203;-7.3316894
915335653;915335557;7.1879983;1.2247399;-7.325658
915388006;915387938;6.453244;3.5309088;-7.8505416
915436021;915435955;4.5700097;4.9063635;-7.741909
915484081;915483971;1.9215691;4.1050177;-6.975565
915536413;915536347;-1.9199399;2.7211318;-9.03795
915584435;915584363;-4.9823065;1.2864956;-10.738968
915632508;915632382;-5.872789;3.180586;-11.221526
915684836;915684767;-4.68013;4.334154;-9.892551
915737222;915737154;-1.6099634;3.0360506;-9.595116
915785242;915785175;1.6208476;1.3011519;-9.383686
915833263;915833197;3.4033957;-0.58406043;-8.048709
915885652;915885584;4.91086;-3.812433;-6.1279674
915934166;915934089;3.1635857;-5.677916;-7.3295565
915986542;915986476;0.9177158;-9.461748;-9.929834
916034559;916034493;-1.5509127;-4.941151;-9.520896
916086946;916086877;-2.1691093;-3.9874847;-9.217867
916134964;916134896;-3.756265;-1.9815361;-9.712159
916182980;916182914;-2.3923552;-2.279167;-10.476646
916235362;916235295;-0.06566402;-1.9894501;-9.349904
916283375;916283310;1.3286687;-1.8337916;-8.094977
916335759;916335689;2.2301059;-1.223173;-8.498242
916383785;916383710;2.2155442;-0.7601166;-8.59795
916436159;916436094;1.5680931;0.0027201101;-9.3867445
916484184;916484116;1.0586565;-0.3119622;-9.050976
916532200;916532134;-0.124825604;-0.7511786;-8.989212
916584590;916584522;-1.9170212;-0.94089335;-9.884958
916636979;916636912;-3.3773983;-1.1187147;-10.24649
916685006;916684931;-3.6404994;-1.629426;-9.918049
916733018;916732952;-2.8950167;-2.217201;-9.665313
916785399;916785334;-1.6531318;-3.6910803;-9.3283205
916833423;916833351;-1.0796604;-3.7122688;-8.844726
916885801;916885736;-0.14682505;-3.891354;-8.568265
916938187;916938122;-0.18507749;-3.6803327;-8.996267
916986202;916986138;-0.7378322;-4.0677276;-8.780871
917034219;917034154;-0.777941;-4.275074;-9.291692
917082728;917082656;-0.43133742;-3.091656;-8.94349
917135100;917135034;-0.45591766;-1.4717816;-8.548033
917183114;917183047;-0.97702277;-0.4386308;-9.335457
917235528;917235423;-2.558688;-0.070083216;-8.84268
917287869;917287802;-4.25664;0.23808736;-9.453464
917335884;917335818;-5.250649;-0.3812073;-9.421161
917383950;917383828;-5.275828;0.5380221;-9.782958
917431922;917431843;-5.0525336;1.5414563;-9.912647
917484285;917484220;-3.7552075;1.8616073;-10.1139965
917536668;917536599;-2.5575235;1.1002417;-8.883954
917584688;917584619;-2.8211007;0.8716665;-8.961837
917632702;917632634;-2.0230062;0.6687771;-8.936081
917685083;917685014;-2.0872462;0.25432497;-9.849105
917733094;917733029;-2.1052268;0.4512221;-9.900169
917785479;917785411;-2.4610782;0.89381254;-9.5276575
917837894;917837795;-2.7563226;0.6309282;-10.015445
917885893;917885815;-2.1455817;0.6129868;-10.285215
917933901;917933835;-1.025988;-0.24463119;-8.841265
917986348;917986218;0.15520121;-0.82098275;-9.146321
918034301;918034234;1.3947682;-1.2871901;-9.7010765
918086675;918086610;1.9083343;-1.3384;-9.424289
918134751;918134627;1.8374238;-1.452716;-9.259312
918187071;918187006;1.4900278;-1.2940073;-9.186456
918235572;918235504;0.26712626;-0.5059832;-9.967632
918283586;918283517;-0.05153166;-0.37899792;-10.087129
918335962;918335896;-0.14983958;-0.10669921;-9.954691
918383981;918383914;-0.19367357;-0.1392011;-9.92934
918436369;918436294;0.011497647;-0.5368798;-10.051631
918484374;918484310;0.5528548;-0.774012;-9.315335
918536757;918536692;0.47911662;-0.8732357;-10.152545
918584777;918584710;1.2090056;-1.0600717;-9.358441
918632795;918632728;1.2791966;-0.9492259;-9.260124
918685179;918685114;0.98595744;-0.80901504;-9.59315
918737567;918737501;0.893713;-0.5967635;-9.430147
918785587;918785520;-0.10542902;-0.09401634;-10.298844
918833612;918833541;-0.35672033;0.21891676;-10.180563
918885994;918885926;-0.38168892;0.041682187;-9.560582
918934010;918933944;0.06384909;-0.078875;-9.835146
918982026;918981961;-0.009035519;-0.82614857;-9.738756
919038790;919038706;0.5094026;-1.1637013;-9.47431
919086788;919086724;0.7188675;-1.3536665;-9.393831
919134805;919134739;0.7815715;-1.0587286;-9.542515
919182839;919182758;0.78921765;-0.81682664;-9.350831
919235201;919235135;0.5468009;-0.40662655;-9.939831
919283214;919283149;0.4058133;-0.055623304;-9.944354
919335603;919335527;0.3925544;0.09795781;-9.8848295
919388485;919388394;0.7972459;-0.03772011;-9.682033
919436486;919436410;0.91920686;-0.7534498;-9.787543
919484501;919484433;0.65500593;-0.84742874;-9.858421
919532515;919532448;0.24800359;-0.8723315;-9.823706
919584896;919584828;0.23683119;-1.5529195;-9.819055
919632914;919632847;-0.040938165;-0.6888458;-9.911257
919685294;919685229;0.30069983;-0.80311924;-9.486775
919737767;919737607;0.5117468;-0.4385127;-9.860305
919785692;919785624;0.22897516;0.11430187;-10.070589
919833706;919833638;0.5138492;0.024001379;-9.619025
919881721;919881653;0.6162422;0.26649216;-9.563823
919934100;919934035;0.6839365;0.03909546;-9.762263
919986494;919986412;1.233344;0.5743019;-9.592797
920034501;920034425;1.2804222;0.029089814;-9.841829
920086879;920086804;0.8993353;-0.07091918;-10.023102
920134920;920134816;0.8861392;-0.15000953;-9.65015
920182901;920182826;0.51643145;-0.44899473;-9.892345
920235314;920235203;0.6310857;-0.18054001;-9.958638
920287668;920287583;0.17059425;0.27986538;-9.629725
920335689;920335597;0.07666375;-0.07483921;-10.201945
920383790;920383612;0.29344657;-0.5734461;-9.446602
920436058;920435990;0.39210656;-0.8847742;-9.678875
920484089;920484003;-0.2978399;-0.7620614;-9.710991
920536934;920536864;-1.1761148;4.931259;-8.878055
920585050;920584878;-1.4648983;6.242126;-9.258532
920637319;920637254;1.8957343;14.1042795;-6.8116426
920685338;920685271;2.4204688;5.707882;-7.990461
920733360;920733287;1.645207;0.04642159;-7.6076384
920785732;920785664;1.2672135;-0.1880024;-9.519185
920833760;920833678;-0.16699634;1.3453287;-10.240968
920886125;920886061;-0.8624047;2.072801;-10.39878
920934147;920934082;-1.2611529;2.4385908;-10.339754
920986593;920986463;-0.05640923;2.9226239;-8.80976
921034580;921034477;3.925529;2.0771673;-6.613776
921082566;921082492;6.571818;2.8572273;-4.5279703
921135032;921134870;16.857061;0.7971991;-1.4127189
921187417;921187249;2.8899148;5.121739;-4.660804
921235330;921235262;1.3384832;5.6495433;-7.5488195
921283356;921283275;6.520683;1.6418284;-6.107239
921335729;921335652;4.708457;-0.5863003;-7.0706925
921383733;921383664;6.565429;-4.8870573;-6.2495284
921436105;921436039;5.2820444;-7.321595;-7.1493917
921488489;921488416;2.37847;-5.613358;-9.243444
921536498;921536431;1.1182876;-3.9312701;-9.219395
921584515;921584446;-1.0228455;-2.9845042;-9.827526
921632541;921632460;-3.1920176;-2.3007717;-10.573255
921685406;921685320;-5.0157943;-0.5478504;-11.102257
921733404;921733333;-3.3981564;1.3437873;-10.240242
921785791;921785712;-1.853883;3.4006886;-9.245
921838173;921838093;0.7806432;4.627457;-8.522529
921886259;921886110;2.081028;4.8591146;-7.8804603
921934295;921934129;3.3612647;4.8307753;-8.21265
921982284;921982146;3.3581529;4.5374928;-7.6902146
922034693;922034525;2.9078672;2.7084968;-8.022253
922086971;922086906;1.6313715;1.0351892;-8.467529
922134987;922134922;0.019886708;-0.29371226;-8.927805
922187367;922187297;-1.9020699;-1.7667896;-10.355808
922235374;922235308;-2.3528385;-1.391336;-10.87781
922283383;922283316;-2.1799934;-1.5021639;-10.68737
922331399;922331323;-1.6414359;0.4019631;-9.426881
922388132;922388064;0.22148162;1.5904343;-10.487695
922436141;922436074;1.281901;2.3595722;-8.9481945
922484157;922484087;1.4649057;2.6478066;-9.243377
922536528;922536460;2.019746;1.8908429;-9.126863
922584543;922584471;1.3960347;1.1980802;-9.738134
922632547;922632479;0.70691305;0.8334235;-9.305218
922684920;922684852;-0.41839427;-0.22694948;-10.418801
922737289;922737224;-0.78971946;0.24010292;-10.849318
922785785;922785718;-1.0194414;-0.10947202;-10.482434
922833793;922833728;-0.48005396;0.17938615;-9.949979
922886174;922886105;0.096946865;0.8811096;-10.437642
922934182;922934115;0.48391318;1.2944077;-9.445577
922986557;922986491;0.49738485;1.2539967;-9.8528805
923034571;923034503;0.9076732;1.1313493;-9.096382
923086945;923086876;0.34799758;0.8231185;-9.733944
923134955;923134887;0.26448435;0.34044605;-10.068359
923182968;923182899;0.14445949;-0.053158544;-10.247629
923235345;923235275;-0.1315677;0.26647153;-10.2471075
923287719;923287651;-0.031231914;0.86664605;-10.297473
923335744;923335662;-0.04631524;0.97266656;-9.321666
923383741;923383672;0.09519447;0.58089435;-9.838839
923436116;923436050;0.30474773;0.6477538;-9.458256
923484131;923484061;0.56648034;-0.08738215;-8.942452
923532142;923532073;0.35377356;-0.05719163;-9.993321
923584518;923584450;0.42104787;0.13222817;-9.115699
923636912;923636828;0.4195704;0.21183659;-9.992094
923684905;923684840;0.4999759;0.03290501;-9.342558
923732933;923732853;0.356012;0.77789414;-9.890556
923785300;923785233;0.10103012;0.8162537;-9.929389
923833314;923833248;0.006577482;-0.15490119;-9.833067
923885694;923885627;-0.68986064;-0.37229168;-9.965609
923938558;923938489;-0.30786425;-3.5134568;-9.2339325
923986572;923986504;0.32705528;-2.3245494;-8.415657
924034595;924034517;-0.0020494957;-2.9105215;-9.589859
924082601;924082534;1.2592188;-3.6185105;-8.763312
924134975;924134909;1.348875;-3.9900692;-9.430367
924182989;924182921;1.3220052;-4.1840096;-8.705746
924235364;924235297;0.98694247;-3.5221786;-8.893923
924287743;924287674;0.032732643;-4.346596;-9.6764
924335756;924335687;0.23662049;-3.8004532;-9.252735
924383797;924383700;0.702878;-3.56812;-9.489686
924431780;924431713;1.0353055;-2.8045435;-8.949348
924484168;924484090;1.7346256;-3.2226694;-8.756236
924536535;924536466;1.9941903;-3.3222578;-9.974583
924584546;924584478;3.487428;-3.1036913;-7.9622283
924636917;924636850;5.3701606;-3.465017;-7.275615
924684930;924684863;6.0063496;-1.6685972;-6.8223095
924732944;924732878;6.173343;0.7548151;-7.264192
924785317;924785253;4.989941;1.5541642;-8.351728
924837691;924837625;1.8145233;0.23973015;-8.654117
924885717;924885634;0.08028581;-0.11998048;-9.852878
924933712;924933646;-1.3888153;1.2191489;-11.08932
924986094;924986025;-2.2798147;2.195664;-10.333196
925034146;925034037;-1.7832412;2.3643432;-10.000329
925082612;925082540;-1.6954461;2.358478;-9.824648
925134988;925134922;-1.1705079;0.7106647;-9.8736925
925187380;925187306;-0.113703504;0.0073042833;-10.138275
925235389;925235322;1.0369358;-1.9359965;-8.200323
925283407;925283339;1.4721456;-2.7255592;-9.134042
925335799;925335721;2.1925702;-1.3819394;-9.481778
925383804;925383738;1.6127077;-0.79141414;-8.028032
925436192;925436125;1.2318333;-0.05060096;-10.089791
925484209;925484145;0.419374;-0.45356977;-10.018079
925536602;925536533;0.46105406;2.0296435;-9.027894
925584627;925584558;-1.810727;1.3696144;-10.173481
925632674;925632583;-1.9165106;1.8926893;-9.394228
925685037;925684971;-1.8957331;1.6107444;-9.389037
925737418;925737353;-1.6546364;0.6050359;-10.5260315
925785439;925785374;-0.4067951;0.23864749;-9.268321
925833460;925833392;-0.38003385;-0.78144425;-10.039589
925885861;925885777;0.45012793;-1.389296;-9.979096
925933867;925933801;1.1079284;-1.5648496;-8.649531
925981890;925981824;1.1693172;-1.2889066;-9.449383
926038640;926038574;0.83334124;-0.8240553;-10.046729
926086744;926086592;0.20020488;0.8771894;-9.534961
926134677;926134612;0.2876256;0.41454548;-10.086309
926182703;926182637;-0.40839228;0.72509724;-10.628261
926235581;926235512;-1.5355589;0.4161705;-9.708497
926283608;926283535;-1.8173639;-0.37625486;-10.384778
926335991;926335924;-1.7098902;-1.5136185;-9.854352
926388377;926388311;-1.1502006;-2.5780487;-9.959988
926436398;926436333;-0.87781477;-3.3257177;-9.554978
926484421;926484356;1.6433436;-4.4660525;-8.421194
926532438;926532372;2.8658154;-5.936925;-8.329043
926584818;926584751;2.9142363;-3.761909;-8.628171
926637199;926637130;2.3373077;-1.8079153;-8.725534
926685209;926685144;2.48464;-0.21890013;-8.911838
926737594;926737527;0.31767848;1.2202945;-9.802497
926785622;926785544;-1.3669935;1.0337611;-10.490236
926833630;926833561;-3.713509;2.2026198;-10.40332
926881641;926881576;-5.8045487;0.9534246;-10.865195
926938392;926938324;-5.6392813;0.8803031;-11.204421
926986407;926986342;-4.2837834;0.37743872;-10.310298
927034422;927034357;-3.1108074;0.10630382;-9.470926
927086806;927086740;-1.9743387;-1.295831;-9.962144
927134822;927134755;-0.7346644;-3.4190922;-9.011035
927182845;927182773;-0.80564123;-3.1733344;-9.061694
927235236;927235158;-0.44453338;-1.365001;-9.05478
927287629;927287542;0.068594456;1.0050446;-9.395028
927335626;927335560;-0.36558887;1.6730818;-8.547848
927384138;927384064;-1.9792312;3.1203423;-10.140382
927436516;927436448;-2.331307;3.6067724;-9.716702
927484531;927484463;-4.973619;2.3441095;-10.77797
927532553;927532478;-4.934674;0.61193496;-10.453988
927584924;927584858;-3.9286337;-0.13770209;-9.340802
927637306;927637241;-1.5296322;-1.0263666;-9.623763
927685327;927685261;0.6462148;-2.613361;-8.764672
927733344;927733278;1.0817484;-1.9198375;-9.717615
927785730;927785663;-0.03791669;-0.81834316;-8.754978
927833750;927833684;-1.797332;-0.7811243;-9.296295
927886136;927886072;-4.9141417;2.9151635;-10.046944
927934159;927934094;-5.3327713;2.5104668;-10.184335
927986650;927986477;-3.4429286;2.0404003;-10.086933
928034570;928034495;-3.756963;0.050620183;-9.858338
928082598;928082513;-1.4209526;-3.1692448;-8.671843
928135041;928134897;0.5532558;-4.392515;-8.613745
928187350;928187285;2.1099355;-4.25675;-8.049883
928235372;928235307;3.130036;-3.0145485;-8.122904
928283502;928283329;2.4095936;-1.5927802;-9.922725
928335815;928335711;1.8075866;-0.8403713;-9.295244
928383794;928383728;0.21960197;-1.8817528;-9.857706
928436255;928436112;-1.3634441;-3.3841226;-11.333566
928488582;928488498;-0.13293587;-2.0150995;-9.917376
928537068;928537003;1.0574043;-0.18931687;-9.768701
928585088;928585020;1.5599637;0.3555811;-10.242217
928633108;928633043;1.0786927;0.44784048;-9.16677
928685501;928685433;0.3169225;0.019480517;-10.439797
928733519;928733450;0.78266037;-0.38800275;-10.102896
928785899;928785834;-0.6081004;-0.81105274;-9.213209
928838280;928838215;-0.81954294;0.19664894;-10.06404
928886303;928886238;-0.54146206;0.32467163;-10.1471405
928934321;928934256;-0.4690428;0.27199224;-10.482343
928982344;928982276;-0.23941089;0.72946525;-9.929131
929034749;929034667;-0.073351584;0.037884235;-10.007986
929087123;929087059;0.031719305;-0.3894977;-9.993828
929135161;929135083;0.35546976;-0.30496454;-9.1808195
929187550;929187473;0.22556369;-0.6183356;-9.372781
929235562;929235494;0.13853303;-0.17362043;-9.305959
929283581;929283515;-0.2970094;0.2318049;-9.765301
929331601;929331535;-0.25662717;-0.22138895;-9.478185
929383984;929383918;-0.48515776;0.6066457;-9.48664
929436435;929436306;-0.55954623;0.5829116;-9.455102
929484530;929484331;-0.68834215;0.50856847;-9.942114
929536802;929536719;-0.4185992;0.62372583;-10.117334
929584874;929584740;-0.6071446;-0.16744949;-9.655487
929633027;929632759;-0.25327623;-0.120506875;-9.421014
929685704;929685633;-0.14261372;-0.3025267;-8.972292
929738085;929738020;-0.377482;0.02675366;-9.572849
929786102;929786036;-0.4543647;-0.048854966;-10.419356
929834123;929834057;-0.42067;-0.10905541;-9.585904
929882147;929882076;-0.18986507;-0.34501788;-9.67342
929934529;929934460;-0.3421821;0.039342117;-9.654492
929982550;929982482;-0.77471614;-0.02681856;-10.010673
930034931;930034866;-0.24075182;0.12910818;-9.3490715
930087321;930087251;-0.5560997;0.28365317;-9.986251
930135334;930135269;-0.3563408;0.076613374;-9.380946
930183365;930183288;-0.76365626;0.15856063;-10.21201
930235752;930235673;-0.5763329;0.2801037;-9.442037
930283754;930283689;-0.4802449;-0.03436339;-9.649405
930336155;930336070;-0.44060752;-0.08791599;-9.910698
930384179;930384090;-0.3005138;-0.111888885;-9.438465
930436623;930436480;-0.25628656;-0.18310869;-9.825152
930484594;930484504;0.005292465;0.24656858;-9.703415
930532631;930532525;-0.17834927;0.14410025;-10.0604
930584986;930584907;-0.4872856;-0.083849646;-10.041666
930637354;930637286;-0.39904976;0.059955154;-10.188279
930685382;930685303;-0.483971;0.2796452;-9.874542
930733405;930733323;-0.4134455;0.4718538;-9.809297
930785774;930785706;-0.30108112;0.10397499;-9.518746
930834294;930834211;-0.23552273;-0.11951502;-9.806302
930882293;930882227;-0.21689056;-0.37669283;-9.876212
930934689;930934609;-0.3313479;-0.647234;-9.823674
930987058;930986992;-0.21386665;-0.039195504;-10.195038
931035077;931035012;-0.3339779;-0.20399539;-9.89823
931083098;931083031;0.05505147;-0.13995476;-9.7096615
931135498;931135416;-0.07041942;0.24293393;-9.458028
931183503;931183436;-0.22889294;0.11151753;-9.5202875
931235974;931235823;-0.3755549;0.15187375;-9.824834
931288351;931288211;-0.60403734;0.053463154;-9.811046
931336336;931336230;-0.5303394;-0.20462766;-9.883655
931384409;931384251;-0.20006655;-0.43995425;-9.885076
931432345;931432272;-0.5403776;-0.13984768;-10.093828
931484741;931484659;-0.6983958;-0.28454646;-10.206349
931537114;931537048;-0.17536424;-0.23177117;-9.658351
931585150;931585071;-0.049370468;0.26109055;-9.828673
931637529;931637457;0.1911099;-0.2780246;-9.738842
931685548;931685478;0.1493198;-0.06144576;-9.637605
931733583;931733502;0.17312923;-0.07135336;-9.112624
931781688;931781524;-0.008426029;0.2417453;-9.427865
931833980;931833911;-0.51489705;-0.32473293;-10.356466
931886365;931886299;-0.38146386;-0.33997327;-9.946824
931934388;931934321;-0.083836086;-0.08325246;-9.429653
931987743;931987678;-0.4670991;-0.43522775;-10.080433
932035767;932035702;-0.060117748;0.028903771;-9.65434
932083794;932083727;-0.28401175;-0.06892331;-9.513916
932131815;932131747;-0.32118353;-0.5698518;-9.653403
932184203;932184135;-0.59286577;-0.35813802;-10.039271
932236593;932236528;-0.31626737;-0.42323107;-9.599375
932284617;932284552;-0.036814313;-0.03668408;-9.527087
932337009;932336942;-0.21527465;-0.35034287;-9.628007
932385030;932384965;-0.3028734;-0.06921999;-9.63453
932433055;932432987;-0.4466231;-0.19908719;-9.632272
932485444;932485378;-0.40751365;-0.2595878;-9.748763
932537853;932537769;-0.30975333;0.10120522;-9.739959
932585856;932585791;-0.30926296;0.48040953;-9.387304
932633892;932633811;-0.5273035;-0.22130719;-9.873153
932686268;932686199;-0.56398076;-0.18903193;-9.882318
932734287;932734220;-0.29155415;-0.23368223;-9.678496
932786675;932786608;-0.6620344;-0.72930396;-9.699225
932834698;932834627;-0.2786864;-0.50100625;-9.779789
932887090;932887015;0.24290878;-0.99862534;-9.455079
932935106;932935040;0.24487199;-0.48272178;-9.249791
932983130;932983064;-0.07866199;-0.44655946;-9.519723
933035524;933035449;0.13118705;-0.2090576;-9.711745
933084026;933083961;-0.057215706;0.17920834;-9.364012
933136419;933136354;-0.18268731;0.10105987;-9.325368
933184442;933184376;-0.09848965;-0.24010025;-9.396595
933236837;933236770;-0.40439713;-0.41029727;-9.88049
933284863;933284795;-0.15135151;-0.43110052;-9.352741
933332887;933332820;-0.2560779;-0.5137653;-9.662679
933385277;933385210;0.01216945;-0.32408908;-9.683423
933437663;933437596;-0.092461176;-0.3958065;-9.563609
933485694;933485616;-0.21720804;-0.03903998;-9.571321
933533704;933533637;-0.47071838;0.029330876;-9.972634
933586092;933586024;-0.13731913;0.26751786;-9.822224
933634126;933634047;-0.11868198;0.10483166;-9.571771
933686503;933686434;-0.32382125;-0.19841546;-10.01877
933734526;933734456;-0.031900655;-0.22352956;-9.458407
933786916;933786848;-0.2567067;-0.762302;-10.041795
933834941;933834873;-0.26646543;-0.49318084;-9.6874895
933882968;933882899;-0.55077523;-0.17693982;-10.238876
933935360;933935295;-0.5927744;0.47421113;-10.287118
933983389;933983322;-0.34818012;0.27383628;-9.987409
934035786;934035718;-0.40930185;-0.21383671;-10.004268
934088226;934088112;-0.2890452;-0.25146598;-10.026891
934136228;934136140;-0.2886217;-0.4111394;-10.2427
934184228;934184163;-0.027837178;-0.8387374;-9.734198
934232739;934232673;-0.2792687;-0.6277971;-9.94689
934285132;934285066;-0.15408206;-0.16369213;-10.029532
934333162;934333095;-0.2254136;-0.04391296;-9.734771
934385559;934385493;-0.52599174;-0.12017167;-10.2679405
934437955;934437887;-0.54929394;0.4386141;-10.134112
934485981;934485913;-0.45119166;0.7261164;-9.599102
934534005;934533937;-0.5716143;0.3636509;-9.940848
934582026;934581958;-0.40894645;-0.23168299;-9.8093
934634413;934634349;0.12950413;-0.8226689;-9.69197
934686872;934686740;0.5237776;-1.0039697;-9.384172
934734833;934734765;0.5013998;-0.82963914;-9.815969
934787218;934787152;0.47575852;-0.47406784;-9.479843
934835295;934835170;-0.22265364;-0.5617803;-10.050364
934883257;934883190;-0.026411647;-0.08735365;-9.183642
934935645;934935576;-0.48607025;0.31364846;-10.251025
934988027;934987962;-1.0056034;0.28609684;-9.873499
935036051;935035984;-0.72944504;-0.07037194;-9.477515
935084075;935084010;-0.4916919;-0.28785107;-9.481678
935132155;935132033;-0.50334764;-0.24542652;-10.076416
935184501;935184427;-0.065646335;-0.21310088;-9.992098
935232517;935232449;0.2778596;-0.5481366;-9.400513
935284905;935284840;0.21832843;-0.77558184;-10.150314
935337309;935337230;0.038973864;-0.2713286;-10.079309
935385807;935385741;-0.031230327;-0.08153489;-9.058993
935433842;935433767;-0.4930373;0.08261568;-9.767433
935486223;935486155;-0.47637177;0.27492028;-10.055633
935534247;935534178;-0.07072085;-0.1276363;-9.246421
935586633;935586564;-0.40217695;-0.4154236;-10.129946
935634659;935634589;-0.29149517;-0.5412322;-9.934511
935687051;935686980;0.25272334;-0.55517167;-9.161855
935735067;935735002;-0.014904591;-0.327586;-10.1998205
935783093;935783022;-0.013648277;-0.499197;-9.655018
935835488;935835410;-0.14225312;-0.3118469;-9.876451
935883501;935883435;-0.22819579;-0.046631176;-9.2721815
935935895;935935829;-0.6483606;-0.0054357825;-10.453429
935983924;935983856;-0.9130927;0.11070199;-10.284213
936036320;936036251;-0.44499433;-0.1582819;-9.746359
936084347;936084280;-0.37110862;-0.36214206;-9.846919
936132373;936132308;-0.19211105;-0.569703;-9.711894
936184772;936184706;0.11270493;-0.80384654;-9.835388
936237168;936237102;0.14316192;-0.7313082;-9.647566
936285196;936285131;-0.10986177;-0.65440756;-10.239056
936333227;936333161;0.07540087;-0.6516932;-9.521878
936385638;936385557;-0.19571818;-0.1374838;-9.656278
936433655;936433586;-0.27128813;0.08725681;-9.986571
936486050;936485982;-0.12206828;-0.20451954;-9.590963
936534559;936534492;-0.5882863;0.061890405;-10.182927
936586947;936586882;-0.69001037;0.1315151;-10.562621
936634979;936634905;-0.36293346;0.025358116;-9.703636
936682996;936682928;-0.55176294;-0.03059884;-9.872738
936735381;936735316;0.23009336;-0.45151034;-9.240066
936783409;936783339;-0.038630616;-0.6849775;-9.917885
936835793;936835726;0.06698622;-0.5691851;-10.106984
936888181;936888112;-0.0736037;-0.3457267;-9.404359
936936213;936936135;-0.3480541;-0.16554894;-9.895282
936984224;936984155;-0.042491697;-0.18811032;-9.308538
937032246;937032175;-0.108585246;-0.26752806;-9.6215315
937084629;937084564;0.0827273;-0.2891276;-9.445363
937137029;937136953;-0.25327694;-0.43600088;-9.726449
937185042;937184975;-0.02698116;-0.37583464;-9.198503
937237432;937237363;-0.17936042;-0.104703404;-9.806769
937285457;937285383;-0.6119622;-0.146913;-10.095436
937333476;937333405;-0.23571047;-0.581222;-9.57097
937385861;937385792;-0.11389354;-0.52054924;-10.181532
937438252;937438180;0.06548012;-0.16502056;-9.412024
937486269;937486202;-0.23127088;-0.7883806;-9.924066
937534303;937534225;0.039355427;-0.3180892;-9.537538
937586680;937586614;-0.2289869;0.24570978;-9.88497
937634697;937634631;-0.65131515;0.39173657;-9.748096
937683202;937683130;-0.63286287;0.15440333;-9.58245
937735581;937735512;-0.29857033;-0.39003307;-9.779995
937787962;937787896;-0.08810767;-0.39185402;-9.675194
937836006;937835913;-0.13430448;-1.0513239;-10.297746
937884003;937883935;0.095474385;-0.6786532;-9.729766
937936389;937936324;0.08523944;-0.084014036;-9.346754
937984434;937984350;-0.14268798;-0.06845666;-9.668042
938032443;938032376;0.16950595;-0.43948796;-9.597077
938084832;938084767;-0.015490548;-0.45474464;-9.861456
938137220;938137155;-0.36635596;-0.629616;-9.631891
938185247;938185180;-0.3976718;-0.29536167;-9.539054
938233274;938233209;-0.36951092;-0.14718586;-10.011806
938285669;938285602;-0.28456432;-0.24569516;-10.495075
938333705;938333627;0.05673745;-0.42406133;-9.999388
938386098;938386019;-0.09286644;-0.42863825;-9.961383
938434109;938434043;0.31821272;-0.43685552;-9.437177
938486509;938486433;0.6621293;-0.51338756;-9.075446
938534530;938534461;-0.086287566;-0.12956704;-9.843376
938582558;938582489;0.0029686375;0.030789867;-9.105975
938635039;938634885;-0.14348081;-0.10048717;-9.590257
938687344;938687279;-0.6891974;-0.41641203;-9.975537
938735369;938735304;-0.8910464;-0.34072217;-10.325495
938783468;938783326;-0.4511312;-0.19425471;-9.943415
938836270;938836204;-0.10468554;-0.09685877;-9.491821
938884301;938884232;0.15677923;-0.5825064;-9.405736
938932326;938932259;0.13179445;-0.30144808;-9.253381
938984717;938984649;-0.2252118;-0.7593626;-9.934857
939037108;939037041;-0.3836499;-0.34222677;-10.314617
939085143;939085067;0.015383281;-0.33429152;-9.348788
939133160;939133092;-0.50313777;-0.02404154;-10.118588
939185548;939185481;-0.70782477;-0.21270475;-10.136865
939233581;939233506;-0.5403567;-0.16394979;-9.526453
939285962;939285895;-0.5059853;-0.1165909;-10.1458
939333984;939333919;0.012422807;-0.3118536;-9.346489
939386375;939386309;0.30809274;-0.4669041;-9.228263
939434406;939434337;0.03151057;-0.5891651;-9.974811
939482431;939482361;0.0451264;-0.5013366;-9.460659
939534817;939534749;-0.0046043554;-0.14738175;-9.598577
939587212;939587138;-0.38084117;0.024676057;-9.385305
939635225;939635160;-0.43251655;-0.27340502;-9.9786415
939687637;939687547;0.10917351;-0.3162098;-9.519469
939735640;939735574;0.057228245;-0.50215673;-9.68796
939783666;939783599;-0.2666586;-0.29502112;-9.624354
939831688;939831621;-0.22635022;-0.074584045;-9.402949
939884081;939884013;-0.66926724;-0.15815794;-10.352123
939936469;939936403;-0.28203344;-0.03272871;-9.95206
939984980;939984913;0.3309667;-0.4420222;-8.931776
940037370;940037303;-0.010022296;-0.8848357;-9.539407
940085395;940085328;-0.1868949;-0.7501874;-9.902939
940133423;940133352;0.020038014;-0.7761891;-9.954449
940181444;940181373;-0.02765209;-0.78211445;-9.917398
940238197;940238127;-0.2281386;-0.26918325;-9.64451
940286302;940286148;-0.3477684;-0.06587925;-9.420808
940334239;940334172;-0.32791132;-0.02190497;-9.61344
940386628;940386562;0.16667289;-0.30132094;-9.370616
940434720;940434586;-0.24360438;-0.55375123;-10.186732
940482672;940482606;0.13986138;-0.46080416;-9.461701
940535057;940534991;-0.28700617;-0.44382116;-10.080882
940587464;940587377;-0.53307676;-0.31771454;-9.89168
940635481;940635401;0.04778392;-0.40862042;-9.217573
940683496;940683427;0.081249036;-0.5840326;-9.652589
940731573;940731455;-0.12482882;-0.6338686;-9.166815
940783914;940783846;-0.30220944;-0.7105709;-9.629666
940836302;940836237;-0.17372483;-0.7648042;-9.5422
940884334;940884265;-0.11463472;-0.42872536;-9.541096
940936729;940936660;-0.1359503;-0.5943188;-9.655202
940984756;940984687;-0.39921963;-0.27556112;-10.40895
941032783;941032715;-0.049811512;-0.44809493;-9.47449
941085189;941085109;-0.2326605;0.05254446;-9.407497
941133688;941133622;-0.58577454;-0.24292877;-10.011691
941186088;941186019;0.4216928;-0.1307577;-9.442973
941234116;941234050;0.112988696;0.004524868;-9.760972
941286509;941286443;-0.068135165;-0.08921481;-10.08969
941334542;941334474;-0.119911514;-0.1813192;-9.16526
941382565;941382499;-0.69202906;-0.41095427;-10.2373
941434959;941434892;-0.1479875;-0.43865684;-9.365879
941487344;941487278;-0.42721665;-0.76041126;-10.378002
941535367;941535302;0.14029509;-0.7628607;-9.442503
941583391;941583326;0.28039056;-1.2224884;-9.310924
941635784;941635717;-0.09564444;-0.6792883;-9.882416
941683810;941683742;-0.1164967;0.051307485;-9.205499
941736214;941736129;-0.15506195;2.16345;-9.871023
941788583;941788515;-0.25424293;3.3949895;-9.673641
941836603;941836534;-0.24987201;3.5681481;-9.771181
941884622;941884553;-0.33248916;2.5319803;-8.869928
941932641;941932573;0.05209485;1.9737046;-9.808363
941985024;941984956;-0.44143876;0.89070874;-9.9642
942033041;942032976;0.12124412;0.53327364;-9.3880005
942085428;942085363;0.6675937;2.0559256;-9.651422
942137834;942137751;0.9979891;2.7639828;-8.58194
942185841;942185775;0.49941888;2.240792;-8.189385
942233864;942233798;-1.230378;1.0218499;-8.98337
942282371;942282304;-3.2779965;-0.51603997;-9.838977
942334760;942334692;-4.521929;-1.2354807;-9.9555025
942387148;942387080;-5.4097137;-1.46503;-10.330238
942435174;942435108;-4.3924875;-1.115268;-9.66266
942483202;942483136;-2.9924805;0.3776253;-9.285787
942535599;942535529;-1.966708;0.96509814;-8.7957115
942583626;942583557;-1.3767534;0.8486521;-9.120445
942631653;942631584;-1.6304173;-0.54736316;-9.019995
942684044;942683976;-2.1571383;-1.9400609;-9.454143
942736444;942736372;-2.688761;-4.320367;-8.265435
942784470;942784401;-4.4664917;-5.4556794;-8.438934
942836856;942836790;-3.8634176;-5.4696956;-9.769356
942884889;942884816;-4.72681;-3.190892;-10.698667
942932907;942932839;-4.7535977;-2.1853297;-9.4636345
942985288;942985224;-3.9751246;-2.1041155;-9.338921
943037674;943037608;-3.926559;-5.0478024;-9.360008
943085706;943085630;-1.3445491;-5.203341;-8.21271
943133717;943133651;0.1814343;-3.3373868;-7.949314
943186101;943186037;0.3240996;-8.380097;-7.4536047
943234123;943234056;0.95260936;-4.2104297;-8.551358
943286510;943286442;2.6939864;-4.2067423;-8.32291
943334531;943334462;2.3595436;-3.7001848;-8.279098
943387903;943387819;2.685321;-1.5923576;-7.691713
943435929;943435840;2.7639904;-1.3773625;-9.407514
943484026;943483864;2.0382655;-0.8612385;-9.276069
943536319;943536253;0.72476494;0.11603266;-8.979051
943584355;943584272;-1.2202548;3.1447382;-9.720331
943636726;943636657;-1.67601;5.448167;-9.637767
943684746;943684678;-1.0772843;6.1226645;-9.396662
943737226;943737068;-1.0647535;5.6632047;-9.082734
943785168;943785101;-1.3360873;4.6696997;-9.932696
943833215;943833135;-0.8114261;3.6280143;-9.58552
943885656;943885533;-1.8169967;1.0606567;-8.964889
943933631;943933562;-3.0851455;-1.9525967;-9.549873
943986025;943985955;-3.8395007;-3.0494533;-9.370437
944034081;944033982;-3.4215045;-3.2316108;-9.30642
944086441;944086376;-3.0032744;-1.5125159;-9.357658
944134475;944134403;-2.4711812;0.17532718;-9.487819
944182508;944182430;-2.3267674;1.2753688;-10.456388
944234892;944234823;-2.2889755;1.1099846;-10.376934
944287279;944287214;-2.1075213;0.38082978;-9.897
944335305;944335240;-0.6267063;-0.8025482;-9.873091
944383331;944383265;-0.18980199;-3.145927;-9.231147
944435723;944435654;0.8337156;-4.092991;-9.553525
944483753;944483679;1.1124026;-4.1596575;-8.775752
944532257;944532190;1.2316742;-2.6028495;-9.578542
944584673;944584580;1.8861437;-0.6679359;-10.017867
944637053;944636970;1.2615585;0.2691565;-9.694082
944685131;944684994;0.971237;0.835094;-9.896696
944733158;944733023;0.72193915;1.8564483;-9.886414
944785507;944785419;0.4457519;1.6753602;-10.284341
944833600;944833447;-0.40026388;1.8183786;-10.022097
944885937;944885836;-0.5777672;2.200487;-10.016639
944938293;944938228;-0.73302907;2.890322;-9.480044
944986321;944986254;-1.2122093;2.7159388;-10.317978
945034347;945034282;-1.1771871;1.0164962;-10.535291
945082385;945082305;-0.99996215;0.03604481;-11.535656
945134776;945134699;1.0780458;-1.4137648;-9.708655
945187160;945187095;4.3242664;-1.615307;-8.5300255
945235189;945235125;6.380383;-0.903903;-8.111144
945287587;945287518;5.3589044;-0.5118854;-7.226051
945335620;945335545;3.1519582;-0.81970406;-8.271984
945383642;945383573;0.17345543;-0.37802187;-9.000852
945431683;945431604;-2.7181158;-0.6851091;-9.281248
945484068;945484003;-4.532936;0.4045406;-11.476413
945536475;945536399;-3.904486;-1.6049013;-10.650166
945584502;945584433;-3.3560085;-1.0035846;-10.325593
945636893;945636827;-0.41758794;-2.0463128;-8.517633
945685426;945685343;0.57739305;-1.9392269;-9.052309
945733446;945733372;2.0208871;-4.1838245;-8.282118
945781481;945781399;2.8013778;-5.4392323;-8.150589
945833876;945833792;1.5147585;-4.6991816;-8.504353
945886273;945886191;0.7603943;-1.8872063;-8.921194
945934287;945934221;1.0599238;0.9451599;-8.972014
945982315;945982250;-1.7967769;4.420726;-9.869312
946034709;946034643;-2.0843036;5.6999707;-10.266129
946082741;946082676;-0.99957407;5.501766;-10.606317
946135222;946135071;-1.535683;2.483936;-8.302768
946187527;946187458;-0.33744976;-1.3331689;-8.096097
946235620;946235483;1.7014066;-5.4830427;-9.832574
946283648;946283511;1.7002139;-3.7649918;-8.524095
946335984;946335904;1.623359;-2.3894901;-9.643255
946384120;946383934;0.965593;-0.7137611;-8.676215
946436393;946436328;0.315406;0.36496073;-10.445894
946484449;946484359;-1.213662;2.3803778;-9.743934
946536819;946536753;-3.3710818;0.8149367;-10.316035
946584855;946584781;-2.5649016;-1.1091748;-10.543312
946632891;946632808;-0.72879106;-2.0658677;-9.67408
946685269;946685203;0.11942749;-2.4420214;-9.262217
946737668;946737600;1.9316059;-1.2563998;-8.914013
946785691;946785625;2.7706559;-1.0664985;-9.440439
946834200;946834135;2.1842184;-0.95466536;-9.458054
946886601;946886529;1.3972325;-0.48334146;-8.762197
946934625;946934558;-0.63319856;-0.72271544;-9.429447
946982657;946982584;-3.408377;-1.0537043;-9.753825
947035044;947034979;-5.352288;-0.81571144;-10.760715
947087467;947087372;-4.8125157;-1.3941355;-9.79179
947135469;947135402;-2.4825156;-0.42324775;-8.776671
947183500;947183433;0.41313967;3.079142;-8.793578
947235890;947235824;2.7381508;4.0869236;-9.029932
947283915;947283849;3.3762953;3.8245363;-8.219897
947331940;947331875;2.324463;2.3321238;-8.196741
947388803;947388630;0.4910343;0.44024932;-8.989811
947436876;947436656;-1.8329422;-1.6784844;-10.066562
947484795;947484677;-2.4665895;-3.202138;-10.199615
947532766;947532701;-2.06673;-1.9168096;-10.575262
947585268;947585095;-0.9767054;-1.3718256;-10.184226
947633216;947633122;-0.07952334;-0.11362177;-8.748908
947685600;947685518;0.74136424;1.3833133;-9.395624
947737974;947737910;0.791596;1.1171888;-9.671878
947786023;947785939;1.0111952;0.24055679;-8.801917
947834043;947833963;0.61252725;-0.47632116;-10.019312
947882071;947881986;0.09403816;-1.9332006;-8.983019
947934447;947934379;-1.0349563;-1.7059487;-10.048637
947982955;947982890;-1.0247885;-1.9935282;-10.310116
948035445;948035278;-1.3671321;-0.7099488;-10.732214
948087732;948087667;-0.86077416;-0.041695643;-9.795369
948135759;948135692;-0.33681628;0.40166065;-9.675377
948183874;948183719;-0.12650487;1.1628222;-9.806451
948231810;948231745;0.6532279;0.633933;-9.314083
948284203;948284137;0.89868003;0.080220126;-9.804697
948336597;948336531;1.2779423;0.21807308;-9.596201
948384627;948384559;0.55245346;0.083763845;-9.701679
948437017;948436952;0.18978381;-0.020247728;-9.880884
948485046;948484982;-0.20448014;-0.8874467;-10.033038
948533073;948533008;-0.20359154;-0.71733344;-9.720202
948585469;948585401;-0.4544744;-1.8536185;-9.640776
948637911;948637796;-0.11910809;-2.369648;-9.402492
948685901;948685826;-1.8356487;-1.0108545;-9.127693
948733931;948733854;-2.63473;0.2192436;-9.673325
948781960;948781884;-1.392683;3.6823416;-10.482843
948834382;948834279;-0.26220667;4.495233;-9.190076
948882373;948882308;0.71033126;4.073147;-9.424332
948934759;948934695;1.4976537;0.37767807;-9.374299
948987166;948987087;2.909605;-2.2440186;-7.7519255
949035276;949035112;0.32354024;-2.0035048;-8.052595
949083259;949083137;-2.0455012;-1.5938451;-9.320206
949136079;949136013;-5.703887;-1.3609833;-9.651429
949184108;949184040;-7.095933;-0.5641665;-9.47738
949236503;949236435;-7.4956255;-0.043954615;-9.326639
949284544;949284466;-8.113421;1.7399404;-9.764819
949336929;949336859;-5.51561;2.8172603;-7.848624
949385010;949384885;-2.940919;3.2698064;-7.15669
949432985;949432909;1.922161;3.1630793;-7.621484
949485384;949485300;4.175064;2.2194;-7.258236
949533390;949533324;5.3289347;2.3435538;-7.066436
949585796;949585711;6.323007;2.324668;-8.002136
949633800;949633732;6.3453026;0.83076584;-7.6817026
949686186;949686121;6.2242093;0.81032985;-7.6052256
949734209;949734145;4.7582235;2.612552;-7.538528
949782234;949782167;2.4159045;3.2826967;-9.129047
949834618;949834549;1.0355486;1.7437371;-8.750606
949887096;949886941;0.35643777;-0.5724661;-9.073582
949935041;949934963;-1.0950347;-1.743339;-9.733791
949983050;949982984;1.3695723;-3.190602;-10.384735
950035563;950035373;1.3654937;-3.7503264;-9.761688
950083475;950083395;-0.6259417;-2.1752098;-9.512074
950135928;950135781;0.13729145;-0.8947531;-9.767015
950188233;950188167;0.7375821;0.2505604;-9.631756
950236258;950236192;1.3694236;1.1348481;-10.129973
950284771;950284704;2.3187952;2.056511;-9.054567
950332793;950332727;1.341582;1.6091138;-9.424591
950385183;950385117;1.4222606;1.1573329;-9.2426815
950433198;950433132;0.76630986;0.604375;-9.333444
950485590;950485512;0.83819795;-0.4978215;-10.251712
950537966;950537895;-0.41529647;-0.69128466;-10.008263
950585984;950585915;0.5453253;-1.3974903;-9.872303
950634007;950633934;0.030432194;-1.1402005;-9.604602
950682042;950681952;0.717097;-0.60025215;-9.860354
950734404;950734336;0.31540665;-0.617446;-9.467201
950786790;950786725;-0.024104653;0.3482285;-9.229685
950834815;950834748;-1.1139815;-0.18094967;-10.538632
950887202;950887137;-2.4149234;-1.055916;-10.457201
950935228;950935163;-2.670658;-0.09385941;-9.80229
950983258;950983189;-2.73186;0.848558;-9.549871
951035648;951035581;-2.1678467;2.9605887;-9.825708
951088203;951087967;-1.3319736;4.4320583;-9.242934
951136148;951135988;-0.1546886;5.0234056;-8.922179
951184074;951184008;-0.65613186;2.4935565;-8.57871
951236533;951236392;-1.2766061;-0.27171826;-9.000398
951284577;951284413;-1.9974197;-4.003567;-8.718321
951332563;951332433;-3.434734;-4.512756;-9.686616
951384954;951384826;-3.4725187;-2.5982208;-10.47729
951437769;951437703;-3.2921762;0.9146708;-9.361837
951485792;951485726;-4.0913825;4.8319545;-9.32942
951533821;951533754;-2.2837627;6.5198603;-9.625869
951586208;951586142;-0.18217206;6.9956236;-8.469143
951634282;951634169;0.27782467;5.4616947;-7.363255
951686630;951686556;0.72987485;0.9650778;-7.9653497
951734660;951734579;1.2243901;-2.0498736;-8.465042
951787031;951786965;0.62665856;-3.3502975;-9.020587
951835075;951834985;-0.43232003;-5.054841;-9.800192
951883075;951883007;-0.5923555;-5.149846;-10.229242
951935483;951935391;0.30067286;-2.6565456;-9.669081
951983491;951983409;1.7463311;0.20404072;-7.808432
952035866;952035798;1.16781;3.101107;-9.121338
952083886;952083821;0.93258697;2.2143598;-9.761433
952136286;952136208;-1.4700285;2.0521317;-9.851461
952184292;952184226;-1.7228377;0.64458483;-10.157311
952232345;952232248;-1.9585016;-0.955674;-10.626288
952284755;952284632;-0.070137575;-2.4455798;-9.99236
952337101;952337019;0.7029041;-2.3133626;-9.117144
952385125;952385041;2.5310638;-0.2409879;-8.341721
952433149;952433066;2.4346907;3.8473077;-8.473108
952485529;952485461;2.36025;3.5721452;-8.1182995
952533583;952533486;-1.0109433;5.8203464;-7.966285
952582062;952581998;-4.8201957;6.836999;-7.619824
952634492;952634395;-7.9543834;4.339776;-9.302075
952686857;952686783;-7.8951173;2.52015;-8.277663
952734872;952734807;-6.819233;1.8408659;-8.920844
952782901;952782833;-4.9138064;0.06443763;-7.521745
952835296;952835221;-2.6537654;-3.4270444;-8.293254
952883311;952883244;1.2209793;-3.6231413;-7.61151
952935695;952935629;3.345739;-4.0651026;-7.523304
952983713;952983649;5.364633;-12.248976;-5.089865
953036210;953036037;2.0332317;-4.5404277;-7.7062073
953084131;953084064;0.8044077;-2.7701466;-8.724589
953132171;953132092;0.97588867;-1.0211723;-10.35007
953184627;953184481;0.2106208;0.527556;-9.649635
953236963;953236873;-1.5379602;2.3121226;-9.473223
953284963;953284897;-1.6399786;2.5482082;-10.943712
953337427;953337285;-3.1788573;0.8929719;-9.952964
953385444;953385307;-3.2676084;-1.1454995;-10.851427
953433393;953433327;-1.1739109;-2.258221;-10.147096
953481487;953481348;0.43744168;-1.0068864;-9.134504
953538170;953538104;3.086848;4.4425497;-9.0468025
953586207;953586127;3.138269;3.69424;-9.561568
953634333;953634155;0.80027384;1.3962629;-9.261153
953687091;953687026;-1.5949557;0.8640011;-9.4495535
953735114;953735048;-2.4396813;-0.16719656;-10.026111
953783143;953783070;-3.4101439;-0.18579064;-11.4570465
953835531;953835464;-2.751958;-0.2483752;-10.08318
953883596;953883487;-2.3000605;0.9754832;-10.08957
953935941;953935876;-1.8185904;0.27920273;-9.998237
953983969;953983902;-1.0588537;-0.8848839;-9.008914
954036358;954036292;1.107467;-2.733388;-9.009715
954084387;954084318;1.3128564;-3.158104;-9.061533
954136773;954136702;0.9570988;-1.6515642;-9.991463
954184785;954184720;0.92853373;-0.38375592;-10.306747
954237249;954237107;0.8707276;-0.03271687;-9.636577
954285202;954285130;-0.036513418;2.9195855;-9.5073395
954333218;954333153;-1.3413327;1.3064;-10.886268
954385686;954385543;-1.7455189;1.0375063;-10.726125
954433634;954433567;-1.6518042;-1.4390613;-9.727608
954486061;954485961;-1.313936;-2.7747893;-10.383981
954534146;954533986;0.032981787;-3.1366556;-9.693282
954586474;954586378;0.58989865;-0.76520234;-9.18176
954634499;954634401;1.8224287;0.8068478;-9.326266
954682606;954682426;-1.0310991;1.7439283;-9.491069
954734895;954734815;-0.32797524;0.59250104;-9.262741
954787270;954787201;-0.8974015;0.22734113;-10.928037
954835784;954835708;-0.91271794;-0.11518725;-8.62213
954883799;954883732;-0.7825627;-0.28588447;-10.30259
954936185;954936120;-0.39982438;-0.81780314;-10.131681
954984308;954984145;-0.56792605;-1.1933619;-10.182597
955032235;955032168;-0.6445262;-1.1367308;-9.67621
955084629;955084555;-1.5955224;1.5901374;-10.068228
955137035;955136943;-2.403171;4.6303697;-8.322677
955185033;955184968;-1.8496659;7.0438995;-9.319944
955233113;955232992;-1.3358682;7.3899736;-8.915456
955285445;955285379;-0.7385227;4.485143;-9.579855
955333489;955333406;-0.0012885686;1.6112013;-8.877095
955385867;955385801;1.5091943;-1.4434447;-9.353939
955438378;955438193;0.80155957;-2.5046628;-8.702883
955486286;955486220;-0.012702366;-2.4524708;-9.618127
955534319;955534253;-1.9363775;-0.82450193;-10.422625
955582348;955582280;-2.086844;-0.43623397;-10.145453
955634741;955634670;-1.3488039;-0.9073525;-9.238384
955687216;955687057;-1.1762769;-1.1102766;-9.946153
955735213;955735081;-1.8303221;0.48033136;-8.343129
955787555;955787473;-2.525575;4.553904;-7.746543
955835641;955835501;-2.1572108;7.876976;-8.342361
955883648;955883528;-2.493094;4.958719;-8.648934
955931646;955931555;-3.0140052;3.651943;-9.863691
955984497;955984430;-2.9767823;2.1987548;-9.532616
956036902;956036822;-2.5023422;3.0906315;-9.594218
956084915;956084848;-0.6919358;3.045781;-9.383003
956137309;956137243;1.1572527;2.2478614;-8.341887
956185344;956185271;2.23298;0.8525319;-8.929309
956233373;956233297;2.433514;-0.1877751;-9.87184
956281387;956281323;2.353737;-0.42501476;-9.906357
956338167;956338089;3.0767684;0.24453795;-9.248716
956386202;956386126;3.8644807;-0.7839933;-8.84242
956434216;956434150;3.770703;-1.259608;-8.136721
956482240;956482174;2.3127432;-1.4444629;-8.268073
956534634;956534567;0.7307159;-1.2476045;-9.029966
956582728;956582592;-1.1810448;-1.5342234;-9.755227
956635065;956634987;-3.018634;-2.540152;-9.138241
956687514;956687381;-5.2445006;-2.5702016;-9.567562
956735483;956735409;-5.492463;-1.1243657;-9.94332
956783525;956783442;-6.1098313;3.702587;-9.614219
956835941;956835834;-3.3571174;4.597625;-8.707475
956883926;956883862;-0.16939709;5.461112;-8.258312
956936328;956936253;2.9876838;8.646422;-5.853518
956984430;956984281;4.275695;4.236075;-7.9956055
957036792;957036676;3.797694;4.5913324;-7.731372
957084769;957084703;4.3453217;2.527859;-7.2583933
957133285;957133217;3.6108642;0.73111904;-8.928068
957185678;957185610;1.1079297;1.9026326;-9.17858
957233707;957233637;-0.9500055;2.6944506;-9.954807
957286168;957286026;-1.3009341;1.5016149;-10.547307
957334114;957334048;-0.035859145;-0.68915486;-10.009036
957386505;957386437;0.48768803;-1.517263;-8.454383
957434594;957434458;0.13300103;-2.1117213;-9.684125
957482547;957482477;-0.17850365;-1.5471752;-9.410479
957534933;957534868;-1.5009336;-0.97964543;-10.025144
957587324;957587260;-1.4110869;1.033933;-9.723676
957635350;957635286;-0.07318223;0.9476641;-9.616542
957683382;957683312;-0.44396314;0.3764518;-10.00733
957735776;957735703;-0.16217521;-0.3995705;-10.097269
957783792;957783725;-0.13361712;-1.0004715;-9.909336
957836179;957836115;0.90994805;-2.2137997;-9.99676
957888597;957888507;0.46704838;-0.7205011;-10.228284
957936599;957936533;0.9189455;-1.1140636;-9.958109
957984623;957984558;0.75405324;-0.9828172;-9.818129
958032651;958032582;0.32119566;-0.9460703;-10.045606
958085052;958084974;0.028422685;-0.3845478;-10.605754
958133063;958132998;0.1250227;-0.38609067;-9.8425045
958185516;958185389;-1.0507312;0.2587655;-9.120912
958233488;958233410;-0.99528575;0.50976187;-9.784093
958286349;958286284;-0.8415484;0.089398295;-10.143048
958334375;958334307;-0.09335338;0.13150613;-10.541953
958382401;958382329;-0.3218348;0.22780485;-9.781274
958434786;958434719;0.32311073;0.80615556;-9.472943
958487195;958487109;-1.0329921;-1.0061574;-10.47367
958535197;958535133;-1.0822263;-3.7989326;-10.024262
958587589;958587521;-2.1464186;-5.0750217;-9.448631
958635640;958635544;-0.38935268;-4.3989496;-9.846595
958683633;958683567;1.1810714;-2.2042778;-8.862176
958731655;958731590;1.8284941;-0.106802836;-8.277692
958788414;958788346;1.6767558;0.6925703;-9.313746
958836430;958836365;-0.0677055;1.2416039;-8.912905
958884452;958884387;-3.2935808;-0.5903065;-8.794799
958936840;958936775;-5.792668;0.030973228;-10.695189
958984877;958984798;-5.71691;0.62838006;-10.941564
959032888;959032822;-3.864118;1.3337524;-10.227981
959085295;959085213;-1.9435668;0.5855318;-9.920489
959137676;959137603;0.36293817;-1.0082548;-9.369519
959185691;959185625;2.1834044;-1.1502821;-8.864256
959233713;959233647;2.8290923;0.65635574;-8.703688
959286109;959286037;1.6560501;1.725547;-8.406153
959334127;959334062;-2.7227185;1.6185532;-9.755602
959386519;959386454;-3.7348776;1.8157197;-10.930402
959435032;959434966;-3.9506075;0.36375827;-10.959318
959487426;959487361;-2.6402392;1.073197;-9.760409
959535453;959535387;-1.49306;0.37242672;-8.967982
959583484;959583415;-0.44666874;-0.3126919;-9.557373
959635873;959635809;0.17992555;-1.6308331;-9.346124
959683905;959683840;0.74693143;-2.6435664;-9.9486885
959736308;959736234;0.3976056;-2.7594576;-8.82804
959784328;959784263;0.12083446;-1.7861798;-8.961818
959836721;959836656;0.2988359;0.04993181;-9.765875
959884755;959884681;0.89728856;4.9884176;-8.675546
959932774;959932707;-0.44393414;5.4124475;-8.39087
959985181;959985095;-2.9115393;2.9523304;-10.542209
960037558;960037479;-3.279362;1.3375194;-10.4815855
960085566;960085498;-1.7456882;0.20664787;-9.866743
960133583;960133517;0.68555033;-0.47792408;-9.072584
960185971;960185906;3.365353;-3.9635618;-9.373951
960233999;960233931;3.8737252;-1.4515655;-8.763232
960282018;960281951;1.0245197;-0.5031307;-9.4638195
960334412;960334335;-0.27886328;-0.74842274;-10.939578
960386786;960386721;-1.8943814;1.5127746;-9.751838
960434805;960434739;-2.0140324;1.4986922;-9.634129
960482822;960482757;-2.3696713;1.8862835;-10.547607
960535203;960535138;-1.3950279;0.88700205;-9.783048
960583735;960583640;-0.5132032;0.4504264;-9.674609
960636085;960636020;-0.19112155;-0.7895681;-9.617044
960688469;960688403;0.060805924;-1.1941764;-9.953992
960736489;960736421;-1.0934519;-0.25022689;-9.763531
960784507;960784442;-0.6560569;0.730496;-9.957497
960832532;960832463;-0.5826524;0.3694563;-9.948271
960884918;960884851;-0.40560806;0.007428286;-9.606905
960932938;960932873;-0.4492979;0.05424512;-8.969767
960985320;960985255;-0.55163616;0.477776;-9.723923
961033342;961033276;-1.0536201;1.0911069;-9.401233
961085726;961085659;0.08767906;0.8899619;-9.591149
961133743;961133677;0.18368751;0.097437106;-9.664815
961181763;961181697;-0.13774674;-0.46332255;-10.135201
961234144;961234079;-1.238512;0.037955757;-10.100059
961286532;961286462;-1.5723644;1.2178183;-9.155725
961334547;961334477;-2.2633417;1.3246821;-9.743008
961386923;961386858;-1.2029873;1.7229158;-10.612806
961434943;961434877;0.1814108;0.014504484;-10.125066
961482997;961482900;0.43511027;-0.49738726;-9.695933
961535377;961535278;0.96518636;-1.0347452;-9.2829895
961587736;961587657;0.8079286;-0.21690111;-9.213359
961635797;961635676;-0.85597587;-0.9976439;-10.2990885
961683799;961683693;-0.8579131;-2.7044508;-9.999894
961736631;961736565;-1.4974279;0.6945694;-9.842345
961784766;961784587;0.34834883;2.3834782;-9.149736
961837053;961836972;-0.4060243;4.2514586;-9.284945
961885055;961884990;-2.5318158;3.0804944;-9.974983
961937441;961937370;-3.0769622;0.36582202;-9.804719
961985467;961985396;-2.885793;-1.4593424;-10.643939
962033491;962033422;-0.9650031;-1.9763104;-10.015441
962085896;962085817;0.527188;-2.4823823;-9.643078
962133909;962133835;1.4011666;-2.3406034;-8.823665
962186289;962186224;1.5526721;-1.9650656;-8.6100235
962234318;962234251;1.4285501;-0.6217765;-9.997316
962286711;962286644;0.41837028;4.0846205;-8.81531
962334734;962334670;-0.5700414;4.1062303;-9.907384
962382764;962382698;-1.8608439;2.6100476;-10.213979
962435156;962435091;-1.7152568;0.1134005;-9.265676
962487580;962487488;-1.1710588;-2.1409073;-9.470556
962535629;962535515;-0.8103185;-2.323019;-9.181545
962583603;962583537;0.9811083;-2.2533236;-9.16638
962636002;962635922;1.14367;-1.2056987;-9.3785
962684063;962683943;0.55164963;-1.0684943;-8.489317
962732032;962731967;0.13340954;-0.17948756;-9.699557
962784438;962784355;-0.9649616;0.016210437;-10.1818285
962836827;962836745;-1.1806684;-0.1541134;-10.474311
962885812;962885742;-0.5790882;-0.7550888;-10.2634945
962933832;962933766;0.061747883;-3.0140693;-9.782038
962986221;962986156;1.04255;-4.9124823;-9.08313
963034248;963034180;1.284865;-3.4066055;-9.089522
963082266;963082201;1.5481837;-2.13745;-8.097877
963134653;963134584;0.8890191;-0.69929475;-9.329272
963187034;963186969;-0.27007785;-0.16513568;-9.276079
963235054;963234989;-1.4370248;0.44315326;-10.318466
963283072;963283007;-2.9015987;1.3205848;-11.284328
963335457;963335388;-2.566488;1.0899038;-9.741791
963383479;963383402;-1.9525607;0.5389004;-10.010826
963435870;963435785;-0.48134857;-0.9123186;-10.058101
963488246;963488167;0.013356036;-2.7950761;-9.261283
963536252;963536187;1.0065835;-1.7341179;-9.818864
963584287;963584211;0.93366313;-1.1551657;-10.136752
963632303;963632236;0.3192966;-1.0798897;-8.929893
963684698;963684628;-0.63033754;-0.21828999;-10.697414
963737084;963737016;-0.99039453;0.24172218;-9.671297
963785100;963785036;-1.2085692;0.21981163;-9.41345
963837495;963837424;-1.0467505;0.4739371;-10.269065
963885513;963885445;-0.8158793;-0.53792256;-9.044145
963933549;963933466;-0.17980178;-1.416714;-8.673475
963981569;963981486;0.266716;-1.1156106;-8.948245
964034426;964034356;0.18962438;-1.0728611;-9.594996
964086808;964086739;0.1987501;-0.6337004;-8.784394
964134849;964134760;-0.17398101;-0.6304376;-9.929282
964187218;964187151;-1.6391262;-1.4389225;-9.465653
964235241;964235176;-1.9456924;-1.0647589;-9.760443
964283276;964283202;-1.0302315;-0.96963197;-9.57374
964335666;964335592;-0.021618491;-1.9407609;-8.890569
964388044;964387978;0.74391997;-2.933328;-9.494617
964436065;964436000;0.7346303;-3.5165706;-9.512335
964484091;964484022;1.3312286;-1.0711088;-9.498673
964536478;964536409;1.8080803;-0.44964343;-10.122842
964584497;964584430;0.3518943;-0.20111097;-10.695602
964632519;964632450;0.7746743;-0.7871726;-9.764076
964684903;964684839;1.1789616;0.1106551;-9.673116
964737291;964737226;1.6455781;1.8263961;-9.513457
964785320;964785246;1.5486351;2.7730317;-10.15384
964833337;964833271;1.1022513;3.3170478;-8.857319
964885724;964885659;0.17278588;2.2653866;-9.545847
964933755;964933681;-0.42359346;0.89393216;-10.220968
964986137;964986071;-1.4366132;0.16355848;-9.8425455
965034164;965034098;-1.0307174;1.0938563;-9.811735
965086557;965086489;-0.7252134;3.0662127;-8.720571
965135066;965135001;-0.41798872;5.802296;-8.9647045
965183093;965183026;-0.35690448;7.898781;-8.2372055
965235485;965235414;0.056131717;5.161423;-8.229085
965283507;965283439;-0.3862375;2.7339034;-9.555945
965335889;965335824;-0.97657955;-0.62466305;-8.317206
965383913;965383846;-0.16568531;-3.816848;-9.539189
965436300;965436234;-0.10392915;-2.3496118;-9.084143
965484323;965484258;0.4818565;-1.2527089;-8.824789
965532357;965532280;0.2801197;-0.087389275;-9.832343
965584736;965584668;0.08840217;0.22717765;-9.369023
965637123;965637054;-0.44025305;0.7813673;-9.088737
965685143;965685074;-2.2159927;0.024242098;-8.792699
965733164;965733098;-4.6628633;-0.3141691;-10.724653
965785556;965785487;-4.7815795;-0.6659129;-10.542498
965833576;965833509;-2.6937237;-0.35136452;-9.065246
965885966;965885900;-1.0491657;0.028954908;-8.929435
965938358;965938292;0.32593706;-0.28423458;-9.5845995
965986522;965986318;0.40616694;-1.1167907;-9.5579195
966034409;966034344;-0.078173846;-1.4497703;-9.6712055
966082437;966082369;-0.56759274;-1.9092467;-9.870316
966134909;966134758;-0.88232785;-0.053573005;-9.1538
966187216;966187150;-0.6063134;4.4522867;-10.038672
966235239;966235172;-0.7916339;4.465165;-9.7377405
966288130;966288049;-0.97319597;1.8560487;-9.933202
966336143;966336075;-0.80036724;0.023005774;-9.535342
966384168;966384100;-1.034647;-2.8299968;-9.594576
966432190;966432119;-1.0061346;-1.7466089;-9.913238
966484566;966484502;-0.32663226;-0.7982422;-9.4491005
966536955;966536887;0.03480097;-0.19437498;-9.504834
966584987;966584907;-0.62733895;1.5476456;-10.585797
966637359;966637294;-1.4024463;-0.40588456;-9.325146
966685376;966685309;-1.4525995;-2.9391277;-9.8503685
966733422;966733323;-1.0446835;-5.296122;-9.621633
966781407;966781343;-0.46016803;-2.9949763;-8.801491
966838171;966838092;0.39632317;-0.72102314;-9.556034
966886190;966886106;-0.100259244;0.77672756;-10.139139
966934186;966934121;-0.654204;1.513708;-9.88497
966986570;966986500;-1.5138278;0.7805824;-9.912914
967034598;967034517;-1.2871265;-0.2704159;-9.893624
967082606;967082537;-0.81991196;-1.8063534;-10.105315
967134986;967134921;-0.8617002;-0.55165046;-10.003652
967187378;967187305;-0.07377665;-0.5381899;-9.231385
967235392;967235327;-0.24577408;0.1077436;-9.735724
967283412;967283347;-0.5309349;0.05509238;-9.78279
967335804;967335730;-1.3215576;-0.09964993;-10.300274
967383818;967383750;-1.1660864;-0.4119567;-10.390016
967436700;967436626;-0.9847948;-0.67387646;-10.141048
967484719;967484650;-0.4657212;-0.64477444;-9.531993
967537102;967537036;-0.56823987;-0.4538207;-10.06438
967585121;967585055;-0.28306544;-0.62851065;-9.471238
967633142;967633074;-0.4235626;-0.21498339;-9.70639
967685533;967685462;-0.79177445;-0.19717227;-10.131313
967733551;967733483;-0.67909074;-0.019526955;-10.044957
967785936;967785870;-0.9554598;-0.2541626;-9.590077
967833956;967833887;-0.7776156;-0.52594846;-9.523026
967886346;967886271;-0.64278996;-0.59334284;-9.995582
967934356;967934290;-0.6546476;-0.03523335;-10.025824
967982378;967982312;-0.82050717;-0.6772725;-10.109928
968034779;968034697;-0.73769444;-0.40577838;-9.369944
968087148;968087083;-1.1407868;0.12174427;-10.243524
968135168;968135102;-0.7312938;-0.33929747;-9.8305435
968183202;968183123;-0.7606526;-0.4126827;-10.297497
968235577;968235509;-0.22972712;-0.13760465;-9.394586
968283594;968283527;-0.18987083;0.21068896;-9.499729
968335988;968335912;-0.16476412;0.072553895;-10.009339
968388379;968388299;0.81356466;-0.030470056;-9.031144
968436384;968436319;-0.082621306;0.0447537;-9.449321
968484406;968484340;-0.82889503;-0.43363035;-10.123077
968532429;968532364;-0.056256928;-1.0965284;-10.265212
968585309;968585240;-0.41217414;-0.8552075;-9.767511
968633338;968633265;-1.2383966;-0.7484223;-10.513664
968685721;968685654;-0.94246787;-1.1695545;-9.891738
968738100;968738036;-0.6533129;-0.7890402;-9.82806
968786121;968786053;-0.49558046;-0.19416085;-9.271623
968834135;968834070;-0.331682;-0.23803844;-9.270239
968882156;968882088;-0.051237877;-0.33251563;-9.759143
968934540;968934473;-0.016451212;-0.47051904;-9.686474
968986930;968986865;-0.10851001;-0.518352;-9.470873
969034957;969034886;-0.2773534;-1.6614449;-9.421014
969087370;969087272;-0.4063838;-0.78970945;-8.858864
969135371;969135298;0.6652536;-1.5198838;-9.088455
969183390;969183324;0.3594248;-0.8162128;-9.302264
969231415;969231350;0.07466912;-1.2970722;-9.763985
969288174;969288106;0.17905292;-1.2463584;-10.332489
969336227;969336132;-0.18103628;-0.66759884;-10.852443
969384225;969384157;0.1540733;-0.6532139;-10.2523575
969436609;969436542;0.14696279;-0.5901043;-10.746404
969484628;969484561;-0.26503864;-0.48055023;-10.310173
969532666;969532583;-0.14078012;-0.90697503;-9.968826
969585034;969584966;-0.20937791;-1.307618;-8.879342
969637416;969637350;-0.029600179;-1.3192217;-10.238185
969685438;969685373;-0.17821187;-0.7563006;-10.523864
969733943;969733876;-0.5598333;-0.29194766;-10.046132
969786325;969786260;-0.75367576;-0.4830417;-9.544965
969834355;969834280;-0.6706229;-0.6046987;-9.8551
969886730;969886662;-0.050978065;-0.70574504;-9.95845
969934748;969934682;-0.02087255;-1.3746742;-9.119444
969987131;969987066;-0.05058268;-1.2266387;-9.784793
970035149;970035083;-0.17707448;-0.779175;-10.462371
970083174;970083107;-0.6641129;-0.8737394;-9.717388
970135558;970135492;-0.7648741;-0.3758278;-9.726377
970187949;970187879;-0.6411885;-0.5606822;-9.5298605
970235969;970235903;-0.4377664;-0.5780307;-10.106366
970283987;970283921;-0.57389516;-1.0675827;-10.093974
970336370;970336305;-0.27636567;-0.8801279;-9.075584
970384392;970384320;-0.29112437;-1.2499601;-9.700414
970432401;970432335;-0.39597243;-0.95663536;-10.460474
970484784;970484717;-0.8835432;-0.19350758;-9.456717
970537163;970537098;-0.52771664;-0.43542323;-9.992853
970585247;970585113;-0.31717604;-0.80706203;-10.813576
970633196;970633129;-0.37807965;-0.6775521;-10.0137825
970685576;970685509;-0.6382816;-0.5078444;-8.9599495
970733694;970733527;-0.14651205;-0.5233142;-9.723143
970785982;970785915;-0.79901624;-0.76941866;-9.756265
970838417;970838295;-0.6819472;-0.30421317;-10.457268
970886867;970886800;-0.27045017;-0.39412132;-10.261702
970934885;970934817;-0.052340362;-0.36608958;-9.879896
970982904;970982838;-0.4389914;-0.1539833;-10.252465
971035288;971035223;-0.24623147;-0.6129923;-9.494365
971083304;971083238;-0.35261625;-0.5281446;-9.332986
971135688;971135621;-0.3512863;-0.29551038;-10.473242
971188073;971188004;-0.26171523;-0.98745346;-9.113937
971236089;971236020;-0.58474773;-0.58740497;-9.6760235
971284098;971284032;-0.4143909;-0.2994794;-9.598375
971332117;971332052;-0.2431364;-0.33729464;-9.643981
971384502;971384434;-0.09720152;-0.8176649;-9.25827
971436890;971436822;-0.6721792;-0.680401;-9.339207
971484908;971484840;-0.2857082;-0.75914794;-10.440497
971537293;971537227;-0.08394728;-0.8388897;-10.359346
971585316;971585252;0.046637528;-0.6747624;-9.569249
971633356;971633274;-0.17706674;-0.53465444;-10.513141
971685738;971685659;-0.22060135;-0.6741121;-9.807506
971738147;971738045;-0.1499701;-0.5819684;-9.808661
971786140;971786067;-0.0756159;-0.92246073;-10.204262
971834155;971834089;0.31516218;-0.6599701;-9.508381
971886579;971886474;0.22978619;-1.0248127;-9.274314
971934622;971934495;-0.0049640364;-1.9142426;-9.919403
971982606;971982518;0.2355918;-2.4596703;-9.072846
972035462;972035393;-0.50951535;-0.49360397;-9.981486
972087849;972087783;-0.23261034;1.3682625;-8.854694
972135882;972135807;-0.51916105;4.348376;-9.273641
972183898;972183831;-0.044449337;7.385932;-9.334842
972236289;972236223;0.7519698;4.0589714;-8.885768
972284316;972284249;0.77359676;3.1888108;-9.722522
972336715;972336636;0.7414706;3.258766;-9.326079
972384723;972384657;0.34592518;3.3013036;-8.96121
972437112;972437045;0.8612829;3.645444;-9.195613
972485196;972485065;0.3910057;4.084017;-9.400948
972533150;972533084;0.32519275;5.032709;-9.42255
972585537;972585469;0.8247753;4.664537;-8.711269
972633557;972633491;1.6407622;3.103804;-8.633187
972685948;972685882;2.8296177;0.9731205;-8.099382
972733974;972733903;2.2221625;0.20334312;-8.353858
972786357;972786291;1.3031176;-0.15105072;-9.616963
972834382;972834317;0.40820247;-0.8848161;-9.354231
972882407;972882340;-0.33531255;-1.4206469;-10.649492
972934791;972934727;-0.7099403;-1.9094728;-10.107249
972987259;972987116;-0.34475496;-1.5303429;-9.589408
973035234;973035136;-1.6617701;-2.1250737;-9.744694
973083220;973083155;-0.8047297;-1.159385;-9.833969
973135709;973135541;0.2765117;-0.8839927;-10.024792
973184120;973184051;0.6438432;0.5481446;-9.864909
973232202;973232074;0.8215442;0.019702997;-9.2829685
973284533;973284464;1.8397325;1.0113137;-8.503125
973336953;973336855;1.7548994;-0.8253302;-9.65607
973385003;973384879;1.5507964;-1.6411784;-9.448314
973432969;973432901;-0.21992806;-0.30658296;-10.635809
973485359;973485293;0.25897512;0.7248304;-11.350665
973533385;973533319;-0.027747693;1.0495508;-10.748911
973585801;973585708;0.68286824;2.0476513;-9.253455
973638168;973638094;2.4371111;1.6828173;-9.051007
973686187;973686120;3.1081412;0.68920916;-8.4819145
973734214;973734149;2.2188282;-0.2515421;-9.2767725
973782244;973782174;0.8949528;-0.655225;-9.146576
973834633;973834566;0.50592643;-0.657824;-10.059559
973887022;973886952;-0.45248646;-1.9769757;-9.349217
973935042;973934972;-0.6528796;-1.8382885;-10.251288
973987436;973987356;-0.9430835;-0.8128663;-9.540566
974035438;974035373;-0.44709504;0.85763943;-11.105372
974083469;974083394;1.9537814;1.6666548;-9.635091
974131519;974131410;3.1385365;0.42587885;-9.454863
974188233;974188155;3.7394097;-2.7424207;-8.948459
974236252;974236167;1.0057017;-2.938902;-9.097704
974285217;974285149;-0.46471465;-1.0810761;-9.755282
974333229;974333164;-1.0854464;0.20394874;-10.434009
974385612;974385543;-0.33493307;-0.19059311;-10.071789
974433627;974433557;0.22385004;-0.46266562;-9.2875595
974481646;974481577;0.24367478;0.56563336;-10.587165
974534029;974533962;0.16797327;1.2859935;-10.472025
974586414;974586349;1.2037977;1.3496674;-9.325397
974634433;974634368;1.2064829;0.85719293;-9.352558
974686817;974686750;0.27139154;0.20296727;-10.17661
974734836;974734770;-0.23795813;-0.25474676;-9.764844
974782854;974782788;-0.10465704;-1.1653886;-10.42739
974835235;974835170;0.92518395;-0.512982;-8.4885845
974887622;974887556;1.7570095;2.3111782;-9.692763
974935639;974935573;1.7782794;2.91854;-9.766817
974983653;974983587;-0.080826916;5.4641013;-8.746053
975036037;975035972;-1.0499161;5.24851;-9.311594
975084058;975083993;-0.63038707;3.761923;-8.652958
975136447;975136381;0.013261333;0.07554425;-9.287079
975184477;975184406;0.033847567;-1.2513584;-9.807367
975232497;975232431;1.2154427;-2.1339858;-9.777428
975284884;975284818;1.4793031;-0.744258;-10.020558
975332910;975332843;0.8626314;0.05050064;-8.909527
975385300;975385232;0.0724754;0.9242454;-10.6451645
975433875;975433738;0.24506961;0.6473557;-10.3296585
975486187;975486120;0.30548984;-0.036699776;-9.706884
975534200;975534135;0.4557458;-0.6488937;-9.940295
975586584;975586517;0.6007372;-0.3015562;-9.010262
975634603;975634534;0.47776616;-0.069394074;-10.368118
975682624;975682554;0.5282222;-0.08171847;-9.207478
975735007;975734939;0.0537147;-0.067847304;-8.911985
975787394;975787329;0.22725157;0.22224079;-9.832143
975835414;975835349;0.067576416;-0.87945306;-9.186089
975883429;975883362;0.633399;-0.7640169;-9.095158
975935811;975935743;0.24031805;-1.6424527;-9.2389345
975983826;975983758;0.68954855;-0.4914196;-9.792987
976036247;976036138;1.4944404;6.1037307;-8.527148
976084219;976084153;1.0896993;5.239184;-9.292582
976136600;976136532;-0.268272;2.198302;-9.426091
976184671;976184548;-0.3983139;-0.34154412;-10.183902
976232627;976232560;-0.40787438;-6.1823344;-9.896717
976285006;976284940;0.27688897;-4.0289145;-9.0989485
976333114;976332960;0.5684483;-0.19929735;-9.027157
976385423;976385346;2.1587791;2.3064678;-9.306325
976437801;976437735;0.8566506;1.7297925;-10.44528
976485822;976485755;0.74780303;0.26196998;-9.887989
976533921;976533772;0.18287946;1.6880387;-9.717967
976582344;976582277;-0.22690967;3.2152877;-10.320981
976634744;976634665;-0.3866977;3.1965578;-9.717183
976687117;976687051;-0.12930998;3.5034933;-9.771364
976735138;976735073;-0.49179795;4.278842;-9.539554
976787529;976787457;-0.7407985;1.0930966;-9.767329
976835541;976835474;-1.090349;-1.3932314;-10.346913
976883556;976883489;0.35544965;-2.1632936;-9.622695
976931576;976931510;-0.0033827364;-2.414639;-8.334518
976983960;976983894;0.49064052;-0.5472924;-10.276809
977036348;977036279;0.20526934;-0.33918342;-9.988487
977084362;977084296;-0.49765018;-0.18908504;-10.140413
977136751;977136685;-1.0791645;-0.008139652;-10.003518
977184777;977184711;-1.0200012;-0.43244097;-9.840265
977232801;977232734;-0.37440094;-0.7007109;-10.153614
977285186;977285122;0.13351281;-0.5979917;-9.412271
977337573;977337506;-0.4905829;-0.667817;-9.426092
977385600;977385522;-0.2832599;-0.6929589;-8.484103
977433674;977433541;-0.5866828;-1.0501691;-8.695294
977485994;977485927;-0.56584984;-0.4912758;-10.086754
977534019;977533947;-0.36851725;-0.5145333;-10.652928
977586399;977586332;-1.1008093;-0.5247976;-8.791581
977634422;977634356;-0.9035353;-0.09041463;-9.583309
977686816;977686746;-2.0164864;-1.1993561;-10.564759
977735318;977735254;-1.045559;-1.6847805;-9.438356
977783342;977783276;-0.27135667;-0.3548964;-8.698043
977831360;977831295;2.938328;1.031081;-9.237901
977883750;977883681;2.3026042;-0.4670717;-9.378419
977936130;977936064;1.7678457;-1.8531637;-9.921437
977984147;977984082;1.9009165;-1.3592383;-10.461883
978036534;978036465;1.9107252;-0.115626134;-9.427885
978084549;978084482;1.7156475;0.065121055;-8.501354
978132578;978132499;3.0823126;0.90595806;-8.621415
978184945;978184880;2.8446808;0.05465907;-8.607112
978237328;978237263;0.86447513;-1.0607158;-8.843783
978285364;978285283;-1.0535405;-1.6921716;-8.884668
978333396;978333302;-0.5409585;0.5380641;-9.048085
978385752;978385687;-1.7144195;1.3224818;-10.155031
978433775;978433706;-2.6171865;1.7813504;-10.871245
978486157;978486092;-2.291016;3.9493093;-8.67754
978538594;978538473;-1.8552319;3.7986565;-9.006371
978586565;978586487;-1.0691304;3.4663827;-8.983147
978634570;978634503;-1.7333949;2.6458185;-8.841281
978682586;978682521;-2.502809;1.7208092;-9.041123
978734969;978734905;-3.651909;-0.11959008;-8.687689
978787452;978787291;-4.351767;-0.3854534;-9.38447
978835430;978835307;-4.383883;0.3015391;-9.505916
978888242;978888176;-4.191734;0.47695243;-8.411113
978936261;978936194;-3.9454722;1.3404357;-9.668773
978984282;978984216;-3.7021358;1.4446332;-8.355341
979032307;979032239;-4.501492;1.1463962;-8.628658
979084698;979084627;-6.1636825;-0.87998027;-8.271992
979137131;979137013;-5.3285866;-1.0430069;-8.794892
979185104;979185036;-4.980231;-2.0959923;-9.777651
979237489;979237421;-4.9960165;-2.5585127;-7.8032866
979285558;979285437;-4.5596247;-3.7134488;-7.52912
979333525;979333455;-4.2316422;-4.8429084;-8.532867
979381539;979381473;-3.3054748;-5.250831;-9.933316
979433986;979433855;-0.9028658;-3.8065135;-8.005946
979486305;979486237;0.18356939;-5.703404;-8.441684
979534321;979534256;1.0534793;-6.11313;-8.014452
979586708;979586641;1.6315057;-4.928319;-7.11017
979634740;979634660;2.8039083;-1.8473918;-7.863666
979682746;979682681;3.0469627;0.2829955;-8.664808
979735132;979735068;1.6817354;1.5410975;-10.046339
979787606;979787457;-1.6418947;3.520106;-9.32063
979835595;979835476;-2.250525;1.5818962;-9.959902
979883585;979883492;-1.9042275;2.8549886;-10.071937
979936070;979935882;-2.5648065;1.9563893;-10.309638
979984024;979983904;-0.60520935;1.8807119;-9.394827
980032478;980032409;-0.029949155;1.8297712;-9.765778
980084895;980084802;-0.0129400175;0.6009649;-9.879523
980137255;980137190;0.2732992;-1.1666796;-9.911946
980185277;980185211;1.3191053;-0.7815209;-9.690748
980233298;980233232;1.1316293;0.15037957;-8.885441
980285686;980285620;1.2941743;-0.3315121;-8.977081
980333714;980333647;0.71401364;0.18804534;-8.7739935
980386120;980386041;-0.06950057;1.0003043;-9.579176
980434143;980434065;-0.74077106;1.1647843;-9.064467
980486591;980486456;-0.9530063;2.645122;-10.380926
980534551;980534484;-1.5303181;2.4075356;-9.639822
980582573;980582507;-1.2423204;1.6764758;-9.214192
980635009;980634895;-0.7845542;0.9019851;-10.228768
980687357;980687290;-0.13532117;0.68301153;-9.162735
980735382;980735316;0.55792546;-0.019660246;-10.394144
980783439;980783344;0.7482754;-0.33307984;-9.84686
980835819;980835734;0.8969424;0.023141852;-10.698663
980883822;980883756;0.4980241;0.014103039;-9.717684
980936231;980936147;0.6572749;0.41961876;-10.525825
980988623;980988541;0.5285178;0.45415863;-9.435617
981036653;981036570;-0.6938558;1.7495383;-9.318901
981084704;981084601;-1.2284688;2.1093712;-9.283549
981132695;981132630;-0.6184991;1.9550148;-10.198479
981185572;981185505;-0.10653456;1.3375267;-9.807106
981233682;981233532;-0.11974821;0.42123336;-8.996746
981285986;981285921;0.15671028;0.83722466;-10.089906
981334012;981333947;0.52382547;0.27288234;-10.41857
981386406;981386339;0.80886;0.486538;-9.8734865
981434437;981434367;0.49131313;0.5018345;-8.978751
981482459;981482390;0.6724073;0.18652992;-8.921328
981534846;981534779;0.20491342;0.73508555;-10.160751
981587233;981587166;0.6881124;1.1320455;-9.298716
981635255;981635190;0.19744438;0.6901572;-9.778049
981687646;981687581;0.3846621;0.14125991;-10.339617
981735693;981735604;0.45544103;0.8135194;-9.953649
981783707;981783627;0.54078996;0.6814461;-10.449404
981831717;981831652;0.09848318;1.226706;-9.589108
981884123;981884044;0.1691787;1.0063736;-10.18385
981936497;981936431;0.62169355;0.71436906;-10.718965
981984527;981984459;0.7283512;0.63839823;-8.986837
982036916;982036850;0.34507242;0.12140258;-10.150811
982084967;982084879;0.13413714;0.5614111;-8.972138
982132974;982132909;0.6203852;0.3919719;-8.563243
982185396;982185303;0.48758155;0.52333546;-8.908967
982237830;982237696;0.13077673;0.8507097;-10.157701
982285818;982285720;0.3019566;0.32391864;-10.184426
982334785;982334716;0.4267847;0.2160058;-10.202362
982387173;982387106;1.0147215;-0.43011653;-9.5804
982435200;982435136;0.46464157;-2.6592925;-8.494051
982483234;982483166;0.55229247;-1.0144305;-9.850811
982535629;982535562;1.2551546;-0.32649413;-10.53357
982588068;982587959;0.8200617;1.912544;-9.509929
982636057;982635989;-0.14266948;0.8740539;-9.194308
982684097;982684019;0.19690007;0.76528245;-9.961198
982732115;982732048;0.05504354;0.79375285;-10.357185
982784508;982784440;0.54993355;0.63649565;-9.23943
982832535;982832466;0.43083724;1.0739223;-9.458347
982884923;982884856;0.37083232;0.024814121;-10.20273
982937314;982937247;0.4766609;-2.401631;-8.375824
982985338;982985273;1.3854766;-1.0395576;-10.002247
983033375;983033298;1.3529181;-0.38162354;-9.016583
983085760;983085691;0.594;-1.3000287;-8.776839
983133786;983133716;0.50578785;-0.22060515;-9.798455
983186178;983186110;0.5314519;-0.61391604;-10.865332
983234203;983234136;0.43934518;-0.052848406;-9.236109
983286605;983286536;0.47523513;-0.031374916;-9.089539
983334628;983334560;0.7155418;-0.32320374;-10.447533
983382658;983382589;0.5222297;-0.64560324;-10.09831
983435048;983434984;0.7954547;-0.5053154;-9.35007
983483583;983483498;0.67844343;-0.36549437;-9.507821
983535962;983535894;0.7655034;-0.35914025;-8.86372
983583987;983583922;0.51207405;-0.111292854;-10.370588
983636384;983636317;0.36932176;0.19859144;-10.133059
983684407;983684341;0.41615343;-0.3728734;-10.5262985
983732431;983732362;0.6675075;-0.6519891;-9.394455
983784822;983784752;0.7484299;-1.0025642;-10.540956
983837215;983837142;0.67151827;-0.4552476;-9.583281
983885234;983885169;0.96949464;-0.40359446;-9.8485
983933274;983933194;0.81088895;-0.82930726;-9.814802
983985658;983985580;0.62788224;-0.61384755;-8.723363
984033684;984033604;0.76033443;-0.51276535;-9.405655
984086062;984085997;0.703015;-0.44429013;-9.991935
984138453;984138388;0.32204172;-0.4051568;-9.537819
984186477;984186408;0.3613132;-0.14545123;-9.739328
984234498;984234429;0.61460966;-0.27595836;-8.469768
984282615;984282449;0.22500406;-0.5408618;-9.470199
984334901;984334834;0.40861917;0.16417255;-10.318411
984382935;984382854;0.17781933;-0.645526;-9.526659
984435308;984435242;0.11250316;-0.09350919;-10.109941
984487704;984487637;0.33243302;-0.7635809;-10.060858
984535729;984535664;0.5871898;-0.7121964;-9.688
984584271;984584179;0.53561425;-0.53757375;-10.092043
984632274;984632207;0.54413736;-0.6972669;-10.435121
984684667;984684598;0.87690014;-0.32427558;-9.940361
984737054;984736987;0.56044894;-0.21119931;-9.675967
984785077;984785011;0.67585677;-0.26716587;-8.920553
984837470;984837403;0.40115836;-0.64195156;-9.845945
984885499;984885433;0.097394824;-0.2840793;-11.095239
984933531;984933462;0.61076766;-0.09875471;-10.513691
984981558;984981489;0.34607193;-0.00913624;-9.766974
985033950;985033880;0.44580638;-0.44653514;-9.52512
985086338;985086271;0.6129751;-0.4856391;-8.3276825
985134362;985134297;0.5970551;-0.54487485;-8.843178
985186780;985186693;0.3631785;0.076153144;-10.094198
985234805;985234720;0.1314642;-0.27544123;-11.122804
985282817;985282749;0.3542396;-0.6273227;-10.096571
985335215;985335149;0.48261026;-0.18693356;-9.651225
985387615;985387546;0.4946573;3.092741;-8.65015
985435642;985435577;-0.23091778;0.7637934;-9.896325
985483670;985483604;0.31465334;-0.14138779;-8.903689
985536080;985535995;0.57928073;-0.59036183;-9.829578
985584085;985584019;-0.051267873;0.30488637;-9.212059
985636480;985636408;-0.37965044;-0.09684432;-9.674382
985684501;985684434;-0.7195018;1.2421565;-10.277863
985737374;985737309;-0.90400904;0.08115602;-9.56667
985785436;985785331;-0.7996487;0.043302193;-10.334611
985833423;985833354;-0.21354303;0.5050061;-9.213809
985885805;985885739;-0.33111042;0.65222406;-9.717139
985933863;985933760;-1.1802722;0.16931315;-9.403873
985986210;985986144;-1.3778511;-0.004576505;-9.913478
986034233;986034165;-1.5849487;-0.31963804;-10.089236
986086629;986086559;-1.862884;-0.12762442;-10.507354
986134656;986134590;-0.8984631;-0.08783796;-8.714763
986182684;986182618;-1.3327839;0.5331355;-9.601867
986235077;986235008;-1.4286975;0.2732406;-9.313074
986287478;986287400;-1.4551455;0.5777071;-9.469772
986335514;986335426;-1.6059648;0.28875256;-10.395418
986383518;986383449;-1.1548475;0.30795142;-8.887185
986435914;986435837;-1.8292365;0.6249289;-9.968965
986483930;986483860;-1.8264966;-0.2648219;-9.875241
986531952;986531884;-1.3298435;-0.37201986;-8.933666
986588710;986588636;-1.539422;-0.13542444;-9.148125
986636728;986636659;-1.4224178;0.18937574;-9.543894
986684751;986684684;-1.7026894;1.047158;-10.069147
986732782;986732706;-0.852492;0.90303546;-9.526056
986785161;986785094;-0.44418588;1.1519867;-9.791838
986833209;986833122;-0.18687534;1.8324046;-9.589424
986886067;986885998;-0.38461775;1.242932;-9.710751
986938456;986938392;-0.32396716;1.3021998;-9.08605
986986489;986986422;-0.5200735;0.49861366;-10.314652
987034516;987034450;-0.81069034;1.1303961;-10.03523
987082550;987082482;-0.7074117;0.8820072;-9.362529
987134947;987134880;-0.886681;0.5881339;-10.21168
987182984;987182908;-0.6746784;1.0634449;-9.520912
987235369;987235303;-0.40933222;0.6557775;-9.113498
987287765;987287697;-0.68436295;1.0694772;-9.796224
987335788;987335721;-0.8878585;1.2718381;-10.062697
987383811;987383745;-0.5460529;0.90430593;-9.40735
987436203;987436135;-1.2272497;0.5243891;-10.20901
987484235;987484159;-1.0369163;0.7076459;-9.752342
987536614;987536548;-0.4381619;0.6912796;-9.180637
987584638;987584570;-0.607167;0.90808076;-9.523063
987637065;987636956;-0.6365559;0.9821932;-9.902277
987685047;987684978;-0.78212804;1.2450733;-10.29401
987733074;987733005;-0.34312537;0.9434533;-9.282805
987785498;987785397;-0.6089334;1.0238647;-9.552976
987837854;987837786;-0.8364825;1.3021265;-9.965679
987885880;987885813;-0.96319634;0.8122652;-10.232076
987933921;987933839;-0.4578163;0.8093303;-10.026815
987986310;987986232;-0.12447298;0.97656894;-9.089353
988034812;988034744;-0.38715392;0.67620635;-9.515734
988082852;988082768;-0.2509753;0.61178285;-9.210724
988135226;988135158;-0.59871584;1.2551829;-9.766935
988187617;988187549;-0.6412673;1.0481436;-10.299987
988235720;988235577;0.044708148;1.402989;-9.817979
988283670;988283603;-0.26513782;1.3277833;-9.907714
988331701;988331629;-0.027614836;1.4114703;-9.803891
988384149;988384021;-0.048233394;1.1883589;-9.269419
988436489;988436416;-0.7072153;0.8343698;-10.067199
988484516;988484446;-0.5587652;1.0171409;-10.262645
988536914;988536843;0.1326271;0.77523553;-9.199173
988584944;988584876;-0.30939162;0.8999074;-9.545199
988632970;988632902;-0.44161347;0.84596604;-9.897423
988685360;988685293;-0.34944424;0.6484947;-10.014213
988733380;988733315;-0.31168342;0.80442226;-9.316246
988785777;988785708;-0.1766641;0.87278336;-9.32993
988833806;988833737;0.15203348;1.0511364;-9.615953
988886206;988886130;-0.41919583;1.0893592;-10.28761
988934226;988934158;-0.20951939;0.727835;-9.62975
988982252;988982186;-0.6180745;0.7363571;-9.942889
989034656;989034579;-0.44941053;1.2005259;-9.779197
989087035;989086970;-0.5511947;1.1546941;-9.81554
989135060;989134995;-0.5165995;1.199728;-10.189457
989183632;989183507;-0.50353783;0.9273697;-10.145857
989235995;989235900;0.044398982;0.84627694;-9.645956
989284010;989283927;-0.4763304;0.6537138;-9.642889
989332041;989331952;-0.64728796;1.0935663;-9.689709
989384430;989384342;-0.603688;1.1419827;-9.997537
989436799;989436731;-0.6148518;0.92048407;-10.201173
989484835;989484754;-0.67213804;1.3548372;-10.275856
989532849;989532779;-0.3354851;0.85928625;-9.59606
989585233;989585167;-0.41634765;0.7320859;-9.88081
989633267;989633188;-0.6680253;0.8675484;-10.18712
989685660;989685578;-0.42120385;0.7696104;-9.888744
989738030;989737964;-0.4978635;0.89123493;-9.829528
989786055;989785986;-0.66067225;1.1354208;-10.414698
989834076;989834010;-0.19096997;0.7064833;-9.195169
989882102;989882031;-0.58959126;0.7607453;-9.787912
989934503;989934420;-0.46363893;0.984008;-9.936885
989986878;989986809;-0.65528834;1.5080932;-10.037728
990034900;990034832;-0.57476413;0.82326275;-10.0149145
990087354;990087225;-0.31428117;0.93364716;-9.273713
990135321;990135252;-1.0890489;1.0774783;-10.670544
990183344;990183277;-0.52006435;0.79866564;-10.013811
990235784;990235669;-0.41669056;1.0348383;-9.469082
990288126;990288059;-0.2187645;1.1103293;-9.982594
990336648;990336569;0.046841368;0.9928369;-9.148307
990384769;990384593;-0.7600389;1.3325219;-10.137674
990437046;990436978;-0.46763226;0.98607785;-9.969506
990485085;990485001;-0.34464705;0.89714134;-9.429243
990533106;990533024;-0.32653978;1.028405;-9.767696
990585478;990585409;-0.6060084;1.2175351;-10.076455
990637862;990637794;-0.632517;1.2849901;-9.920048
990685889;990685813;-0.6533311;1.2969179;-10.157056
990733902;990733833;-0.44181484;0.42185864;-8.977636
990786281;990786215;-0.6728906;0.623801;-9.781683
990834315;990834240;0.0812476;0.52699864;-9.101788
990886704;990886631;-0.65178955;0.7390498;-9.204268
990934723;990934655;-0.56721365;1.3650862;-10.076366
990987108;990987043;-0.52866685;0.86860615;-9.860704
991035131;991035066;-0.3018824;1.6674916;-10.115684
991083156;991083091;-0.22557487;1.0634466;-9.381501
991135565;991135484;-0.648361;1.0665729;-10.434851
991183576;991183510;-0.30832514;0.542238;-9.13946
991235974;991235905;-0.55174774;0.7631416;-9.751641
991284002;991283933;0.16439286;0.5801973;-9.656982
991336394;991336327;-0.24354759;0.77756;-9.808747
991384421;991384353;-0.79470766;1.4067141;-9.863469
991432443;991432377;-0.4737667;1.2461746;-9.649712
991485423;991485258;-0.66855985;1.366243;-9.777934
991537720;991537653;-0.29600793;0.96349686;-9.170893
991585746;991585681;-0.1176986;0.9522246;-9.275082
991633861;991633711;-0.6098667;0.76516646;-10.202047
991686179;991686110;-0.6086865;0.6239128;-10.192881
991734224;991734143;-0.58508694;0.77063584;-9.526594
991782338;991782171;-0.1530803;0.5704893;-9.4667
991834631;991834565;-0.6426284;1.1047724;-10.343046
991887034;991886957;0.056984358;1.0901355;-9.508426
991935054;991934986;-0.57326543;1.0505705;-9.8307295
991983085;991983016;-0.29084176;0.78911966;-9.376397
992035495;992035413;0.049677588;0.8759081;-9.203131
992083511;992083442;-0.20408443;0.7077153;-9.083694
992135903;992135834;-0.73700917;0.8256941;-9.531082
992188288;992188223;-2.0280707;1.2152305;-10.635094
992236311;992236245;-2.3872192;0.8405899;-10.02767
992284337;992284269;-1.9743612;0.94982195;-9.71653
992332359;992332293;-1.332272;1.2064794;-9.450561
992384753;992384682;-1.8895855;0.76603585;-9.730086
992437139;992437070;-2.0617805;0.3683919;-9.824725
992485162;992485095;-2.7469292;-0.17769593;-9.772887
992537639;992537489;-2.4520612;1.302575;-8.883828
992585582;992585515;-2.0581765;3.3252666;-8.768734
992634159;992634030;-2.511685;7.7464194;-11.591063
992682125;992682058;-1.0972968;3.4387238;-8.597942
992734540;992734454;-0.13119726;1.8569005;-8.123258
992787013;992786850;-0.13902803;2.5351565;-8.718863
992834998;992834878;-0.24011685;3.6308053;-8.773375
992887356;992887274;-1.7947555;3.3676448;-8.601132
992935383;992935303;-3.405796;1.8811715;-9.26129
992983436;992983329;-3.7256384;0.8609613;-8.765226
993031437;993031358;-5.2308784;-0.21248883;-9.276165
993088184;993088118;-6.0114517;-0.5299811;-9.378041
993136307;993136145;-5.9906616;-0.001147238;-8.557279
993184258;993184176;-5.883012;0.008820823;-9.476708
993236640;993236573;-4.850384;0.9588671;-8.93455
993284732;993284602;-3.9302776;1.8868445;-7.6122136
993332700;993332632;-4.379587;2.6905332;-8.040834
993385093;993385027;-4.1585255;3.7820883;-8.913756
993437496;993437423;-5.1235714;5.3724537;-6.3804026
993485518;993485451;-5.3840647;2.2251475;-8.326873
993533547;993533480;-4.22229;4.1821594;-9.782924
993585944;993585876;-2.5020218;6.511865;-8.242319
993633969;993633903;0.3973074;2.8008642;-8.2297735
993686364;993686297;0.5858715;5.0872364;-7.8902135
993734391;993734325;0.1902478;4.18267;-8.774706
993787757;993787688;-0.40750125;4.391923;-9.411873
993835791;993835713;-0.22955945;3.957097;-8.95073
993883808;993883741;0.31416455;3.8227339;-10.181847
993936201;993936133;0.9981057;2.3073933;-9.307685
993984226;993984159;1.7553161;1.5036473;-9.013043
994036626;994036554;2.4846373;0.2755343;-9.252494
994084652;994084585;3.186963;0.55155593;-9.38291
994137049;994136982;3.0582275;1.4034019;-9.236751
994185089;994185012;2.8684397;1.9787048;-8.855858
994233110;994233041;2.1335912;2.3978262;-9.983321
994285501;994285435;2.6702754;2.1915793;-9.388573
994333606;994333462;3.7357912;2.2308462;-8.610664
994385923;994385856;3.798843;1.1144804;-8.333382
994433949;994433883;3.3245623;0.1156109;-8.812765
994486342;994486277;2.4958935;-2.2180765;-8.986185
994534371;994534304;1.414901;-3.3441684;-9.212296
994582396;994582331;0.42783424;-3.7321672;-9.935188
994634793;994634724;-0.010171357;-2.3495681;-9.750753
994687190;994687115;-0.17543167;-1.696419;-9.990658
994735202;994735137;-0.39817032;-1.9204981;-10.1403055
994783229;994783163;-0.9718737;-1.8361948;-10.324669
994835636;994835555;-0.98729515;-2.487694;-10.517763
994883646;994883581;-0.15436555;-1.8604416;-9.328413
994932174;994932094;0.17654234;-1.9206927;-9.073978
994984554;994984485;0.04477255;-2.2437549;-9.1220255
995036941;995036875;-0.37881035;-1.1903086;-10.098682
995084965;995084896;-0.43790257;-0.8111475;-8.944253
995132993;995132924;-1.373598;1.098585;-9.876757
995185384;995185317;-3.3370225;2.0915768;-10.173467
995233409;995233342;-4.095139;1.8567276;-8.970261
995285801;995285733;-4.428335;2.0482068;-9.506657
995338190;995338124;-4.231893;1.6967075;-9.440118
995386218;995386152;-3.8147585;1.3480331;-9.636886
995434245;995434179;-3.5727594;0.742043;-9.745285
995482267;995482200;-2.3838062;-0.10687207;-9.226539
995534656;995534588;-2.0664601;-1.4867604;-9.533958
995587042;995586973;-1.0842266;-1.443017;-9.796996
995635055;995634990;-0.6472649;-0.64760345;-8.841133
995687441;995687374;-0.7998829;0.8215951;-8.735448
995735462;995735394;-1.3312092;3.1332402;-8.892711
995783488;995783414;-2.2087228;3.8350496;-8.191338
995831500;995831434;-3.2039697;5.493692;-9.9008875
995883887;995883820;-3.0898345;5.799695;-8.878831
995936270;995936206;-3.8939047;4.0836687;-11.259731
995984291;995984227;-1.6962181;4.0556736;-8.669036
996037165;996037099;-0.9042799;4.377242;-8.780153
996085188;996085123;-0.3195492;3.2234943;-8.163304
996133286;996133142;-1.4275398;0.92122966;-9.778746
996185596;996185527;-0.6571207;-0.13610819;-10.121946
996238006;996237913;0.22698675;-0.23385637;-9.953635
996286000;996285935;0.5381155;-0.61197656;-10.009436
996334025;996333958;0.13016309;-1.0993956;-10.342076
996386410;996386345;-0.20369573;-1.1102554;-9.941879
996434439;996434369;0.08661861;-0.5209738;-9.21951
996482460;996482391;-0.46693152;1.0311482;-10.42568
996534843;996534777;-0.26188114;1.8842629;-8.958142
996587230;996587166;-1.00303;1.5959464;-9.57376
996635259;996635194;-1.4839984;-0.08953688;-9.887179
996683283;996683218;-1.987826;-1.2548441;-10.986129
996735675;996735610;-0.29021463;-0.9214111;-9.88068
996783702;996783634;0.37772423;0.820422;-9.841744
996836093;996836026;1.0841951;0.4804272;-8.8555
996884136;996884050;-0.75545484;-0.5060281;-9.229905
996932143;996932075;-0.2049689;-1.0140214;-9.539946
996984532;996984462;0.19638377;0.37667763;-8.673727
997032554;997032488;-0.069535606;1.1999668;-9.231613
997084946;997084880;-0.96944606;-1.3658041;-9.852929
997137335;997137270;-1.4641997;-1.9323035;-10.343262
997185879;997185778;-0.23235059;-1.1593032;-8.789715
997233869;997233801;0.1233936;0.37304375;-9.299565
997286257;997286191;-0.6144157;-1.8754189;-10.031892
997334310;997334212;-0.90079576;-3.599823;-9.869027
997382304;997382238;0.06720896;-2.5255475;-8.910775
997434698;997434630;1.0734087;-0.17784478;-8.747654
997487084;997487019;0.21981232;0.49908027;-9.601191
997535110;997535046;-1.0666236;-0.9878206;-8.922469
997583134;997583068;-1.2378092;-2.8188891;-9.583207
997635528;997635458;-0.88631403;-1.7613491;-8.902169
997683550;997683481;-0.18527944;-0.4937145;-9.42169
997735937;997735871;-0.12036879;-0.65365434;-10.036991
997788325;997788260;-1.1721672;-2.090433;-10.787169
997836356;997836282;-1.0499303;-2.0707693;-10.239933
997884372;997884306;0.26490948;-0.9180699;-8.97349
997932394;997932328;0.8720383;-0.15498339;-9.730376
997984789;997984715;-0.546274;-0.2795343;-8.558018
998037212;998037104;-1.643053;-3.2621129;-9.942506
998085191;998085126;-2.1379838;-2.7574444;-9.111664
998137577;998137512;-1.3345071;-2.4032881;-10.180045
998185601;998185536;-0.25482422;-2.040142;-10.284747
998233629;998233558;0.7592004;-0.56423235;-9.354106
998286031;998285947;0.7988029;0.88367444;-9.209061
998334531;998334462;0.47855526;1.5153118;-9.573048
998386916;998386851;-0.92304754;0.19818425;-9.780974
998434945;998434879;-2.7646456;-2.3747754;-10.20024
998487338;998487273;-2.0106077;-2.3249776;-11.196738
998535369;998535304;-0.37527442;-3.0741549;-9.3490305
998583397;998583329;0.68847495;-3.2908676;-9.5021
998631420;998631355;1.3459605;-2.1598105;-8.6085005
998688171;998688106;1.6546644;-0.46796668;-7.547613
998736191;998736123;0.4815186;0.94984925;-9.944607
998784208;998784142;-0.1626733;1.0865784;-10.34557
998832228;998832162;-1.5979569;1.6378242;-9.730742
998884619;998884551;-3.0434186;1.8307599;-9.444456
998932640;998932574;-3.7409778;2.6660376;-9.561215
998985031;998984965;-4.0854716;2.7399244;-10.062168
999037515;999037353;-3.7801232;2.3030586;-9.676342
999085442;999085377;-3.602346;1.0223783;-9.97207
999133468;999133400;-3.6870575;-0.69946957;-10.3539715
999185943;999185791;-2.3871775;-0.7330201;-9.0404415
999233877;999233811;-0.6864676;0.15480325;-9.370119
999286263;999286198;0.44010356;0.42124897;-10.05817
999334365;999334219;0.25030264;0.03641915;-9.680845
999386744;999386610;0.524875;0.031499483;-9.859098
999434703;999434636;0.6792744;0.25268847;-10.175133
999483220;999483152;1.3081442;1.1360143;-10.245981
999535613;999535547;1.1931862;1.5460786;-9.430443
999583643;999583577;1.1087389;0.66695046;-9.003653
999636043;999635968;1.2097759;0.59400207;-9.765908
999684058;999683993;1.5119549;0.8120154;-9.326832
999736447;999736382;1.9220072;0.72719425;-10.253522
999784475;999784398;2.3047333;0.46856213;-9.39396
999832486;999832417;2.5010595;0.09201209;-9.705057
999884868;999884803;2.3342073;0.054968305;-9.465757
999937258;999937192;2.1015244;0.4227185;-9.320461
999985286;999985220;2.3286803;0.6357412;-9.047856
1000033309;1000033244;2.2069662;0.91545933;-9.004621
1000085701;1000085634;1.7715701;0.8526872;-10.152024
1000133727;1000133658;1.7786806;0.9850365;-9.520987
1000186110;1000186045;1.7462238;1.1739641;-9.5014105
1000238537;1000238429;1.5208489;1.2145848;-8.967089
1000286520;1000286453;1.634335;0.48818892;-8.879588
1000334541;1000334474;1.1962805;-0.22064997;-9.483423
1000382562;1000382494;0.29357526;-0.61634856;-9.476576
1000434950;1000434884;-0.9231647;1.0572381;-9.715282
1000487339;1000487272;-1.0019572;2.3272312;-9.902085
1000535395;1000535296;-1.7655641;3.8485055;-9.996963
1000587748;1000587682;-1.991895;4.1210675;-8.77151
1000636250;1000636185;-2.3941975;4.365452;-9.8581505
1000684269;1000684204;-1.9128227;3.4893463;-8.7371435
1000732290;1000732220;-1.8692241;3.9084647;-9.643711
1000784666;1000784598;-1.2600217;2.9552271;-9.4800205
1000837050;1000836975;-0.92392635;2.489357;-9.187875
1000885059;1000884992;-0.14759503;2.457728;-9.0121
1000937448;1000937374;-0.16128145;2.5516438;-9.637134
1000985469;1000985387;0.082072884;2.851829;-8.936718
1001033468;1001033398;-0.46790144;3.6259391;-8.471917
1001081488;1001081412;-0.8925942;4.2002344;-9.28572
1001138222;1001138155;-1.06214;4.077541;-8.9072
1001186240;1001186174;-1.6805183;3.414194;-9.780221
1001234258;1001234191;-0.784708;3.4083161;-9.447288
1001286643;1001286578;-0.24793132;3.8526516;-9.168957
1001334668;1001334600;-0.61749226;6.615294;-8.509762
1001382690;1001382623;-0.8453661;3.360635;-9.536828
1001435081;1001435014;-0.34247655;4.066727;-8.987433
1001487469;1001487401;-0.6563591;4.9478445;-8.488939
1001535493;1001535424;-1.0682951;3.5522647;-8.301606
1001583515;1001583450;-1.6112622;1.9284818;-9.735291
1001635907;1001635842;-1.4874687;0.3339488;-9.964193
1001683940;1001683866;-0.24449138;-1.2321957;-8.983575
1001736425;1001736257;0.58836615;-0.6374259;-8.9256315
1001784833;1001784768;0.7057505;-0.018558362;-9.208538
1001837240;1001837162;0.39271015;0.09141171;-8.831897
1001885250;1001885183;-0.5279908;0.5060073;-9.593135
1001933270;1001933204;-1.1148232;1.3339438;-10.223097
1001985659;1001985591;-1.3830416;1.5811961;-10.422647
1002038086;1002037980;-1.4557418;1.6591517;-9.802975
1002086069;1002086004;-1.4271357;1.2357694;-10.36526
1002134089;1002134025;-1.2775378;1.5439879;-10.077603
1002186495;1002186415;-0.4527509;0.75630534;-9.425544
1002234504;1002234438;-0.5383902;0.65718925;-10.094812
1002282528;1002282461;-0.12870863;-0.35793677;-9.770345
1002334934;1002334852;-0.47347233;-0.015983015;-10.058741
1002387310;1002387242;0.10220491;-0.13839555;-9.994783
1002435333;1002435268;0.07877473;0.68767345;-9.417863
1002483365;1002483292;-0.080864094;1.1870768;-9.276245
1002535774;1002535680;-0.8888236;1.0067258;-9.544597
1002583772;1002583705;-2.1048918;0.9049913;-9.202747
1002636162;1002636097;-2.8121538;1.1688554;-8.879787
1002688565;1002688485;-3.4246535;1.6628278;-9.109496
1002736575;1002736506;-4.0274816;1.9036419;-9.938864
1002784593;1002784524;-3.5217898;1.7991011;-9.179251
1002832614;1002832546;-3.713931;1.6221652;-9.594536
1002884996;1002884930;-3.6790123;0.81459403;-9.768689
1002933504;1002933437;-3.5818753;0.42604572;-9.185759
1002985889;1002985823;-2.9584646;0.8865781;-9.382391
1003038270;1003038206;-2.6211302;0.8484588;-9.332508
1003086292;1003086226;-2.3738575;0.58893496;-8.756711
1003134312;1003134245;-3.3397875;0.41496453;-9.6071
1003182344;1003182266;-3.3922193;0.84878224;-9.098618
1003234714;1003234647;-3.8618138;1.1811973;-9.9336195
1003287095;1003287030;-4.182296;1.3927681;-10.081285
1003335117;1003335052;-3.7878726;0.5134085;-8.36024
1003387522;1003387437;-4.1001;0.8620972;-8.91534
1003435528;1003435457;-5.109697;0.5864881;-10.360018
1003483545;1003483476;-5.0333686;0.5458702;-10.125287
1003531561;1003531495;-4.3230524;1.0060079;-9.224497
1003583943;1003583877;-2.6450412;1.6267741;-9.149699
1003636344;1003636263;-0.69603294;1.9255012;-9.350072
1003684366;1003684278;1.0727372;0.9307518;-9.947335
1003736728;1003736657;3.3107545;-0.0398231;-8.563833
1003784744;1003784676;4.503407;-0.24632573;-7.901661
1003832758;1003832689;4.3363843;-0.46484762;-8.377752
1003885141;1003885069;3.2264092;-0.57243025;-8.247216
1003937516;1003937448;1.8445892;-0.3011279;-8.696456
1003985533;1003985465;1.3586907;0.812657;-9.692124
1004033548;1004033480;1.1575296;1.4004477;-10.255152
1004086505;1004086348;1.3134454;2.101324;-9.904294
1004134433;1004134366;1.5594817;2.038311;-9.856665
1004182446;1004182380;1.4699699;0.8487618;-9.762319
1004234839;1004234761;1.472451;0.4211346;-9.986026
1004287209;1004287141;2.5837967;0.08924743;-8.742476
1004335223;1004335157;2.646113;0.40463963;-9.047699
1004383248;1004383175;2.1666536;0.15384069;-8.473088
1004435624;1004435558;-0.18323539;-1.4170327;-10.403736
1004483639;1004483570;-0.7184501;-1.8038661;-8.690837
1004536008;1004535942;-1.6016461;-1.0127051;-9.621678
1004584032;1004583954;-1.9408774;-0.6449752;-10.48355
1004636397;1004636332;-1.9620918;-0.22803329;-10.736569
1004684412;1004684346;-1.300152;-0.9395586;-9.473983
1004732430;1004732360;-1.2227006;-1.0130823;-9.886122
1004784805;1004784740;-0.97819996;-1.8312424;-9.272435
1004837214;1004837120;-0.1266089;-2.5265105;-8.972636
1004885205;1004885135;0.12918226;-2.3825774;-9.410261
1004933216;1004933151;-0.1667446;-2.49865;-9.769654
1004985679;1004985531;-0.3397734;-2.036755;-9.550699
1005033641;1005033545;-0.29039696;-1.436372;-9.171102
1005086002;1005085924;-0.8916497;-1.4178302;-9.510873
1005138370;1005138302;-1.2866544;0.8944471;-9.783688
1005187353;1005187287;-0.7583698;0.85747355;-9.768411
1005235367;1005235302;-1.2948412;1.9728262;-10.4075775
1005283381;1005283316;-1.7893406;1.0944843;-9.964413
1005335776;1005335696;-2.0756574;1.5713824;-10.311543
1005383779;1005383712;-0.9776435;2.1418715;-8.860583
1005436157;1005436091;-0.5686356;3.2620814;-9.376485
1005488541;1005488471;-0.2951344;3.0378215;-10.069036
1005536553;1005536486;-0.73296344;2.4476054;-10.08741
1005584572;1005584502;-1.1348672;0.7876011;-10.060981
1005632649;1005632522;-0.91005194;0.08139686;-9.6196785
1005684979;1005684906;-0.5127073;0.059615724;-10.082127
1005732990;1005732925;0.013783159;-0.48727342;-9.348994
1005785377;1005785312;-0.016829023;0.37800476;-10.088245
1005837765;1005837700;-0.16196264;0.48705947;-9.74193
1005885787;1005885721;-0.6006881;0.8837613;-10.055122
1005933804;1005933738;-1.1926309;1.1764586;-9.670066
1005981823;1005981756;-1.379451;1.735846;-10.231869
1006034208;1006034143;-1.0065277;1.8024647;-9.999271
1006086597;1006086529;-1.2666297;1.70362;-10.267737
1006134664;1006134548;-1.17081;0.74660164;-10.104139
1006182632;1006182564;-0.57170904;0.50452715;-9.137859
1006235010;1006234943;-0.5918952;0.17380993;-9.708934
1006283023;1006282958;-0.4933315;0.12399261;-9.588312
1006331530;1006331461;-0.30733103;-0.2995723;-9.507026
1006383912;1006383844;-0.2867635;0.19007002;-9.508757
1006436296;1006436229;-0.408053;0.2743948;-9.59951
1006484322;1006484250;-1.0971392;1.2235755;-9.523986
1006536797;1006536633;-0.93008196;1.3531046;-9.4611225
1006584733;1006584652;-1.147227;1.266169;-10.064365
1006632740;1006632673;-0.7613331;1.2596779;-9.5590725
1006685218;1006685059;-0.8445378;1.0593444;-9.799864
1006737517;1006737449;-0.6351139;0.3337345;-9.759111
1006785539;1006785469;-0.7665604;0.626511;-10.315939
1006833648;1006833491;-0.237102;-0.033762105;-9.214994
1006885942;1006885876;-0.29630873;0.58347994;-9.541977
1006933981;1006933895;-0.8352022;0.7300627;-10.3107815
1006986371;1006986281;-0.9100175;0.9878251;-9.88193
1007034380;1007034297;-0.5920941;0.6574301;-9.553517
1007086750;1007086683;-1.0213872;1.0306212;-9.8033085
1007134768;1007134702;-1.0438756;1.5143114;-9.856217
1007182797;1007182723;-1.0708529;0.93065053;-10.067247
1007235190;1007235105;-0.71194273;0.5722003;-9.987813
1007287590;1007287484;-0.6942258;0.5654507;-10.121131
1007335568;1007335502;-0.41839835;0.51122326;-9.265096
1007383588;1007383522;-0.66898465;0.31562847;-9.643899
1007436062;1007435915;-0.53562176;0.2635829;-9.556605
1007484487;1007484419;-1.1005982;0.31249607;-9.524574
1007532514;1007532447;-1.9659265;0.5550866;-9.65295
1007584904;1007584839;-2.8152108;0.8856743;-10.446447
1007637297;1007637233;-3.096416;1.3760736;-10.039135
1007685332;1007685254;-2.334231;1.7080392;-9.797969
1007733344;1007733277;-2.701323;1.8553044;-10.597967
1007785734;1007785666;-1.4046398;1.3697261;-9.960409
1007833759;1007833693;-0.8910568;1.0027364;-9.167389
1007881784;1007881718;-0.5788497;0.12594756;-10.478735
1007938541;1007938474;-0.37067118;-0.020889046;-9.947101
1007986567;1007986500;0.105018005;-0.5101312;-9.351059
1008034671;1008034529;-0.3933049;0.3675635;-10.143392
1008082621;1008082552;-0.2098932;0.2957551;-9.390042
1008135010;1008134943;-0.6574707;0.9445097;-9.70747
1008183114;1008182966;-0.95984125;1.2820377;-9.929697
1008235423;1008235357;-1.198418;1.3487235;-10.413934
1008287813;1008287746;-0.73236907;0.8195395;-9.586488
1008335837;1008335769;-0.68115187;0.9847718;-9.892808
1008383930;1008383788;-0.41239935;0.5810343;-9.874365
1008431875;1008431810;-0.58919924;0.45167068;-9.761819
1008484262;1008484197;-0.83701026;0.5776091;-10.204832
1008536652;1008536586;-0.13343471;0.4321343;-9.908377
1008584674;1008584608;-0.06746947;0.4591442;-9.337936
1008637550;1008637482;-0.72069675;0.7045294;-9.13278
1008685576;1008685507;-1.8638964;0.8246325;-10.082807
1008733596;1008733528;-2.0840263;0.5118359;-10.064728
1008781625;1008781549;-2.692913;0.9030816;-9.686918
1008834014;1008833936;-3.0999298;1.3162647;-10.178214
1008886384;1008886319;-2.586909;0.93313223;-9.007296
1008934405;1008934340;-2.8506618;1.2887847;-9.881514
1008986793;1008986726;-3.0610476;0.9309035;-9.709502
1009034817;1009034750;-2.1179485;0.7006635;-9.307143
1009082844;1009082773;-1.9854681;0.21477996;-9.2790165
1009135222;1009135158;-1.6167196;0.007959182;-8.827262
1009187607;1009187539;-2.4119701;0.79002625;-9.9144335
1009235691;1009235554;-2.1516142;0.767487;-9.778807
1009283641;1009283566;-2.5018687;0.5899573;-9.850589
1009336024;1009335946;-2.6695368;0.87647724;-9.982673
1009384120;1009383963;-2.871817;1.3557549;-9.858685
1009436408;1009436342;-2.4299462;0.82042295;-9.195493
1009484447;1009484360;-2.079996;0.68794256;-9.209169
1009536830;1009536747;-2.584629;0.81022435;-10.041234
1009584835;1009584771;-2.287992;0.54452467;-9.224025
1009632864;1009632796;-2.21643;0.18875936;-9.365701
1009685270;1009685183;-2.3087125;0.37983146;-9.491071
1009737723;1009737569;-2.2320025;0.37134412;-9.265496
1009786138;1009786073;-2.281901;0.7293928;-9.555676
1009834157;1009834091;-2.4752617;0.80840963;-9.867048
1009886547;1009886480;-3.0270548;0.8379568;-10.123995
1009934567;1009934501;-2.6844666;0.82899743;-9.192566
1009982591;1009982524;-2.849263;0.68186986;-9.29141
1010034979;1010034914;-2.8433928;0.81723726;-9.613059
1010087367;1010087302;-2.7683415;1.3672968;-10.5946245
1010135389;1010135322;-1.0871438;1.2036811;-9.474
1010183412;1010183345;-0.059384815;0.46043155;-9.612993
1010235801;1010235735;0.5413085;-0.000905301;-9.192737
1010283826;1010283759;0.48355108;0.15894341;-9.29017
1010336216;1010336145;-0.010656134;-0.04145236;-10.239597
1010388591;1010388526;-0.67971253;0.05655824;-9.771855
1010436628;1010436539;-0.40521732;0.61466855;-9.8028755
1010484620;1010484554;-0.7121396;0.74528486;-10.148709
1010532640;1010532574;-0.84903514;1.392197;-10.026657
1010585048;1010584957;-1.0603974;1.5420977;-10.036431
1010633041;1010632978;-0.7746628;0.8701047;-10.032605
1010685429;1010685364;-0.39375657;0.5162777;-9.140551
1010737848;1010737753;-0.70000994;0.34651673;-10.138022
1010785844;1010785777;-0.56896937;0.21234836;-9.844291
1010833871;1010833798;-0.80234045;0.10561927;-10.221332
1010881900;1010881824;-0.3258338;0.30133566;-9.177256
1010934757;1010934691;-0.25733462;0.35104337;-9.455771
1010987147;1010987081;-0.86782104;1.0010047;-10.086972
1011035167;1011035100;-0.7941698;0.8986805;-9.882896
1011087547;1011087480;-0.9482069;0.8447055;-9.990743
1011135565;1011135500;-0.9347398;0.9478776;-10.008857
1011183586;1011183518;-0.7819429;1.0661731;-9.865401
1011231600;1011231534;-0.8175117;0.80488837;-9.752346
1011283984;1011283915;-0.56098074;0.7185718;-9.503844
1011336364;1011336298;-0.8511447;0.7297021;-10.029335
1011384378;1011384313;-0.78735834;0.8424995;-9.765425
1011436756;1011436690;-1.0074899;0.4790305;-10.2195425
1011484772;1011484705;-0.8194996;0.45690534;-10.092712
1011532786;1011532721;-0.7001124;0.5876704;-9.88298
1011585174;1011585108;-0.6394721;0.4228761;-9.54889
1011637586;1011637492;-0.52696455;0.4343119;-9.358651
1011685571;1011685507;-0.8075316;0.6753924;-9.57064
1011733586;1011733519;-0.9149741;0.8729728;-10.167461
1011786042;1011785897;-0.99146724;0.9662256;-9.912903
1011834001;1011833912;-0.8814755;1.0875313;-10.072024
1011886371;1011886292;-0.72756535;1.04652;-9.961586
1011934384;1011934305;-0.8070788;0.9622983;-10.013251
1011986754;1011986685;-0.76716864;1.065856;-9.691692
1012034803;1012034700;-0.6936199;0.9768884;-9.635424
1012083265;1012083199;-0.8129142;0.6624342;-9.901205
1012135649;1012135574;-0.6885162;0.50617355;-9.622677
1012183654;1012183588;-0.78770834;0.5563077;-9.882759
1012236032;1012235966;-0.8373598;0.46552697;-10.0671215
1012284043;1012283977;-0.6366019;0.6489842;-10.009294
1012336433;1012336357;-0.81211054;0.7247314;-9.873037
1012384437;1012384371;-0.47545576;0.65016997;-9.454016
1012432477;1012432388;-1.0143236;0.61583024;-10.094372
1012484855;1012484773;-0.81851405;0.88909465;-9.702173
1012537292;1012537157;-0.9588146;1.0099953;-9.947102
1012585307;1012585176;-0.867851;0.743239;-9.935717
1012633265;1012633196;-0.8402173;1.1439075;-9.497502
1012685753;1012685576;-1.1523964;1.1148204;-9.819767
1012733750;1012733590;-0.96385646;1.2074726;-9.760087
1012786060;1012785971;-0.7850347;1.7045544;-9.690191
1012838424;1012838352;-0.63447326;2.2346327;-9.313285
1012886441;1012886368;-0.70317197;2.569754;-9.166507
1012934453;1012934384;-0.5395338;3.048386;-8.861414
1012982495;1012982397;0.25242037;16.306334;-6.944568
1013034844;1013034775;-1.9808856;2.8109026;-9.7864
1013087234;1013087153;-0.5812511;2.8997283;-9.586503
1013135238;1013135167;0.30669788;1.9149393;-9.886831
1013183259;1013183186;1.069368;2.4004939;-9.305245
1013236619;1013236542;1.3083833;2.7151942;-9.096569
1013284629;1013284557;2.132032;2.7085748;-8.650481
1013332648;1013332572;1.8940374;7.5928655;-5.6844254
1013385025;1013384956;3.717215;2.8245025;-8.174766
