timestamp;timestamp_sample;time_last_fuse;device_id;observation;observation_variance;innovation;innovation_filtered;innovation_variance;test_ratio;test_ratio_filtered;estimator_instance;innovation_rejected;fused
431738634;431561387;431567099;0;-0.9560528;12.25;-0.45826554;-0.3228903;12.46305;0.00067401584;-0.00039288204;0;0;1
432260505;432080190;432088902;0;-1.1225195;12.25;-0.29030716;-0.338648;12.463558;0.00027047892;-0.00040074904;0;0;1
432773365;432598808;432601803;0;-1.2044315;12.25;-0.20772183;-0.33282024;12.463392;0.0001384803;-0.0003822115;0;0;1
433241233;433060821;433069622;0;-1.1832924;12.25;-0.2319938;-0.3299297;12.463959;0.0001727256;-0.00037829726;0;0;1
433754051;433579457;433582475;0;-1.0379648;12.25;-0.3879727;-0.31123382;12.463637;0.00048307833;-0.0003414662;0;0;1
434221976;434041587;434050342;0;-1.1436577;12.25;-0.2879337;-0.30676937;12.464001;0.0002660649;-0.0003221367;0;0;1
434734771;434560393;434563195;0;-1.2044315;12.25;-0.23028982;-0.31827974;12.463379;0.00017020553;-0.00034599865;0;0;1
435256695;435078930;435085047;0;-1.059104;12.25;-0.37386823;-0.34891644;12.463191;0.0004486089;-0.00043069353;0;0;1
435769525;435597467;435597901;0;-1.2255707;12.25;-0.21021056;-0.31341505;12.462427;0.00014182946;-0.00036160124;0;0;1
436228310;436056725;436056770;0;-1.2678471;12.25;-0.17318046;-0.2976509;12.461962;9.6265656e-05;-0.0003246453;0;0;1
436750254;436575587;436578623;0;-1.1436577;12.25;-0.31599355;-0.2881504;12.461916;0.00032050262;-0.00028755958;0;0;1
437272082;437094125;437100520;0;-1.1436577;12.25;-0.32983732;-0.29153997;12.461877;0.00034920152;-0.00029775754;0;0;1
437731023;437556065;437559342;0;-1.2255707;12.25;-0.25825882;-0.29165864;12.46158;0.0002140904;-0.00030003654;0;0;1
438252839;438074736;438081194;0;-1.2678471;12.25;-0.24191248;-0.28908083;12.461702;0.0001878448;-0.00030024047;0;0;1
438765691;438593439;438594048;0;-1.2467079;12.25;-0.28214562;-0.30606368;12.461248;0.00025553186;-0.00031979242;0;0;1
439233301;439055361;439061915;0;-1.1013803;12.25;-0.43806827;-0.31234178;12.461603;0.0006159844;-0.00035677355;0;0;1
439746370;439574148;439574817;0;-1.059104;12.25;-0.501295;-0.346617;12.46127;0.0008066485;-0.00042876898;0;0;1
440268030;440092745;440096621;0;-1.3497591;12.25;-0.22247005;-0.35937777;12.46148;0.00015886691;-0.0004483809;0;0;1
440726899;440551952;440555491;0;-1.1832924;12.25;-0.4197718;-0.34671542;12.46119;0.0005656229;-0.00042594247;0;0;1
441248811;441070719;441077343;0;-1.2678471;12.25;-0.34169114;-0.4134608;12.460779;0.000374785;-0.00058178266;0;0;1
441761835;441589478;441590198;0;-1.1832924;12.25;-0.44142878;-0.4232656;12.4597025;0.0006255667;-0.00059668993;0;0;1
442229750;442051443;442058065;0;-1.2255707;12.25;-0.38242257;-0.46189234;12.4598875;0.00046949706;-0.00071232807;0;0;1
442742502;442570058;442570920;0;-1.0379648;12.25;-0.5527309;-0.46527845;12.45962;0.0009808051;-0.0007180519;0;0;1
443264364;443088689;443092772;0;-1.2044315;12.25;-0.37196696;-0.40718624;12.460198;0.00044416438;-0.00057350815;0;0;1
443723212;443550613;443551642;0;-1.2678471;12.25;-0.29915786;-0.34957126;12.460596;0.00028729098;-0.00043675496;0;0;1
444244954;444069352;444073541;0;-1.3708982;12.25;-0.17897284;-0.3161255;12.461507;0.00010281672;-0.00035442674;0;0;1
444766925;444588227;444595346;0;-1.3101244;12.25;-0.22269809;-0.28778508;12.462404;0.00015918096;-0.0002995584;0;0;1
445226053;445047560;445054216;0;-1.3708982;12.25;-0.15244651;-0.21495432;12.462902;7.4589174e-05;-0.00019806044;0;0;1
445738741;445566233;445567071;0;-1.1832924;12.25;-0.32751834;-0.23262031;12.463146;0.0003442735;-0.00021319637;0;0;1
446260549;446085007;446088923;0;-1.2889853;12.25;-0.20524943;-0.19470447;12.463885;0.00013519806;-0.00014832595;0;0;1
446719709;446547232;446547840;0;-1.4765911;12.25;-0.0003939867;-0.15158634;12.464207;4.981481e-10;-0.00010082402;0;0;1
447241502;447066254;447069646;0;-1.3497591;12.25;-0.10862589;-0.1508165;12.464847;3.7865157e-05;-9.621037e-05;0;0;1
447763467;447584871;447591499;0;-1.2467079;12.25;-0.18861163;-0.16638826;12.465491;0.00011415306;-0.00011559567;0;0;1
448221968;448046805;448050368;0;-1.3920355;12.25;-0.026645064;-0.1277896;12.465695;2.2781223e-06;-8.721707e-05;0;0;1
448743797;448565501;448572268;0;-1.3312635;12.25;-0.06434715;-0.1268192;12.466246;1.3285654e-05;-8.625348e-05;0;0;1
449256930;449084187;449085076;0;-1.1225195;12.25;-0.2364887;-0.17928113;12.466231;0.00017945087;-0.00015102095;0;0;1
449715585;449543624;449543946;0;-1.2889853;12.25;-0.040028572;-0.12458355;12.46645;5.1411157e-06;-0.00011210046;0;0;1
450237473;450062430;450065798;0;-1.2044315;12.25;-0.09732139;-0.11099468;12.467018;3.0388832e-05;-7.700076e-05;0;0;1
450759185;450581063;450587651;0;-1.2678471;12.25;-0.014858842;-0.048484035;12.467679;7.083441e-07;-3.4387933e-05;0;0;1
451272142;451099789;451100506;0;-1.4765911;12.25;0.20758164;-0.0023890962;12.467705;0.00013824561;-4.0033574e-06;0;0;1
451739984;451561869;451568374;0;-1.3497591;12.25;0.08889961;0.021441715;12.468567;2.5353807e-05;1.0604084e-05;0;0;1
452252836;452080671;452081276;0;-1.2255707;12.25;-0.012416601;-0.02726487;12.4687;4.945888e-07;-1.1981691e-05;0;0;1
452774968;452599416;452603081;0;-1.3497591;12.25;0.12329531;0.004314669;12.469446;4.876474e-05;8.417919e-06;0;0;1
453233563;453061381;453061951;0;-1.1225195;12.25;-0.09643912;-0.0060339086;12.469786;2.9833729e-05;4.979789e-06;0;0;1
453755403;453580084;453583804;0;-1.3312635;12.25;0.123782516;0.0061787837;12.470595;4.9146365e-05;4.536521e-06;0;0;1
454214268;454039436;454042674;0;-1.2044315;12.25;-0.005096197;0.035764407;12.471038;8.3300925e-08;1.5962216e-05;0;0;1
454736178;454558217;454564526;0;-1.1013803;12.25;-0.1264739;0.091035984;12.471895;5.1301417e-05;6.135536e-05;0;0;1
455248919;455076872;455077381;0;-1.059104;12.25;-0.17130744;0.047499374;12.472147;9.4117684e-05;2.3107827e-05;0;0;1
455770956;455595585;455599234;0;-1.1225195;12.25;-0.110016584;0.042446706;12.473079;3.8815273e-05;2.0927322e-05;0;0;1
456229579;456057652;456058104;0;-1.4131746;12.25;0.18802309;0.08019095;12.473572;0.00011336827;5.2168925e-05;0;0;1
456751574;456576646;456580004;0;-1.3497591;12.25;0.11099291;0.037662152;12.474815;3.950175e-05;2.642071e-05;0;0;1
457273443;457095461;457101809;0;-1.2255707;12.25;-0.023729682;-0.0132682575;12.476006;1.8053785e-06;-2.7946996e-06;0;0;1
457732292;457557358;457560679;0;-0.9983301;12.25;-0.26188385;-0.037248336;12.476615;0.00021987743;-2.954409e-05;0;0;1
458254134;458075934;458082531;0;-1.3101244;12.25;0.04331374;-0.023510152;12.477815;6.0141306e-06;-1.8570301e-05;0;0;1
458766934;458594598;458595386;0;-1.1647968;12.25;-0.11778939;-0.03799882;12.478278;4.4475175e-05;-2.4959902e-05;0;0;1
459225718;459053980;459054304;0;-1.0802431;12.25;-0.21706975;-0.036747903;12.478769;0.00015103821;-2.2248083e-05;0;0;1
459747701;459572718;459576109;0;-1.4765911;12.25;0.17522955;-0.006091357;12.479824;9.841611e-05;2.4637495e-06;0;0;1
460269603;460091345;460097961;0;-1.3101244;12.25;-0.012643337;-0.0010902213;12.480905;5.1231535e-07;-9.446163e-06;0;0;1
460728504;460553397;460556831;0;-1.2889853;12.25;-0.04014337;-0.04544667;12.481474;5.164423e-06;-3.6332713e-05;0;0;1
461250170;461072019;461078730;0;-1.2255707;12.25;-0.097100854;-0.093930215;12.482587;3.0213532e-05;-4.8680366e-05;0;0;1
461763131;461590726;461591539;0;-1.1013803;12.25;-0.2122531;-0.14467692;12.483035;0.00014436034;-9.175101e-05;0;0;1
462231020;462052548;462059406;0;-1.4343128;12.25;0.1161474;-0.08594571;12.484402;4.3222633e-05;-4.922298e-05;0;0;1
462743858;462571379;462572260;0;-1.2889853;12.25;-0.05948901;-0.062795594;12.48502;1.1338204e-05;-3.2825967e-05;0;0;1
463265704;463089937;463094113;0;-1.3312635;12.25;-0.046951056;-0.024487529;12.486129;7.0619217e-06;-9.6579115e-06;0;0;1
463724620;463549357;463553030;0;-1.3312635;12.25;-0.06829476;-0.043474555;12.486449;1.4941557e-05;-1.9311992e-05;0;0;1
464246226;464067960;464074835;0;-1.4765911;12.25;0.07508588;-0.10542953;12.487091;1.8059896e-05;-8.640529e-05;0;0;1
464759321;464586618;464587736;0;-1.2044315;12.25;-0.21373081;-0.15869309;12.486868;0.00014633249;-0.00012208486;0;0;1
465227279;465048644;465055557;0;-1.2044315;12.25;-0.2222879;-0.19336861;12.487379;0.00015827791;-0.00016836323;0;0;1
465740008;465567284;465568411;0;-1.2678471;12.25;-0.15104747;-0.2515667;12.486789;7.3086325e-05;-0.00024322933;0;0;1
466261887;466086125;466090263;0;-1.1436577;12.25;-0.28510332;-0.22695954;12.486767;0.00026038417;-0.00019099379;0;0;1
466720718;466548099;466549133;0;-1.1832924;12.25;-0.2534281;-0.22615497;12.486365;0.000205747;-0.00018824635;0;0;1
468736136;468563349;468564561;0;-1.0379648;12.25;-0.37530303;-0.29954457;12.485273;0.0004512592;-0.00032639704;0;0;1
469258066;469082208;469086462;0;-0.87149906;12.25;-0.54073405;-0.30296254;12.4849825;0.0009367841;-0.00037518988;0;0;1
469716920;469544053;469545283;0;-1.059104;12.25;-0.33529818;-0.31498608;12.484362;0.00036021025;-0.00036737134;0;0;1
470238565;470062641;470067135;0;-1.1832924;12.25;-0.20123482;-0.29957342;12.48409;0.0001297506;-0.00031553072;0;0;1
470760539;470581403;470588986;0;-0.9983301;12.25;-0.37897766;-0.32384312;12.483938;0.00046018834;-0.00037462317;0;0;1
471273437;471100195;471101841;0;-1.0802431;12.25;-0.28664708;-0.29768223;12.483103;0.00026328888;-0.00032835544;0;0;1
471741283;471561948;471569708;0;-1.0379648;12.25;-0.33652675;-0.24430524;12.483324;0.00036288492;-0.00024249198;0;0;1
472254159;472080721;472082562;0;-1.2044315;12.25;-0.16322923;-0.24668917;12.482571;8.537915e-05;-0.00023650953;0;0;1
472713001;472539970;472541433;0;-1.2044315;12.25;-0.14899886;-0.25625855;12.482218;7.114332e-05;-0.0002690232;0;0;1
473234889;473058748;473063283;0;-1.2467079;12.25;-0.10013819;-0.25294757;12.4824505;3.2133616e-05;-0.00026744165;0;0;1
473756742;473577356;473585181;0;-1.1436577;12.25;-0.23171592;-0.2252344;12.482574;0.00017205511;-0.00019345063;0;0;1
474269574;474096171;474097988;0;-1.3101244;12.25;-0.08693385;-0.23432977;12.482024;2.421881e-05;-0.00021698797;0;0;1
474737754;474558021;474565855;0;-1.2467079;12.25;-0.1759597;-0.24313325;12.482362;9.921782e-05;-0.00022010459;0;0;1
475250296;475076890;475078709;0;-1.1436577;12.25;-0.27633357;-0.30086425;12.481848;0.00024470812;-0.00032631747;0;0;1
475772188;475595454;475600561;0;-1.1832924;12.25;-0.2148062;-0.33479166;12.482149;0.0001478646;-0.0003866919;0;0;1
476231318;476057357;476059477;0;-0.789588;12.25;-0.59262526;-0.3573055;12.482272;0.0011254512;-0.00045533912;0;0;1
476753111;476576158;476581281;0;-1.0802431;12.25;-0.27694356;-0.3202732;12.483148;0.0002457641;-0.0003657743;0;0;1
477275052;477094729;477103133;0;-1.1832924;12.25;-0.14149117;-0.2889929;12.484402;6.414325e-05;-0.00030243592;0;0;1
477733647;477554144;477562002;0;-1.1832924;12.25;-0.1167984;-0.23816001;12.48542;4.3704953e-05;-0.00022040529;0;0;1
478246655;478072864;478074855;0;-1.0379648;12.25;-0.21698415;-0.2231668;12.486605;0.00015082442;-0.00019790344;0;0;1
478768539;478591514;478596706;0;-1.1647968;12.25;-0.017441511;-0.17493865;12.489005;9.743171e-07;-0.00013693012;0;0;1
479227180;479053362;479055577;0;-1.0168266;12.25;-0.07756758;-0.14757335;12.49108;1.9267281e-05;-0.000106694024;0;0;1
479749010;479572164;479577427;0;-1.1013803;12.25;0.12596154;-0.047235213;12.494161;5.0795923e-05;-3.967096e-05;0;0;1
480271144;480090858;480099280;0;-0.89263725;12.25;0.041378498;0.079424545;12.497605;5.480026e-06;4.7487203e-05;0;0;1
480729786;480552750;480558194;0;-1.0379648;12.25;0.2964955;0.21179931;12.500192;0.00028130633;0.00022151953;0;0;1
481251606;481071599;481079998;0;-0.89263725;12.25;0.28409255;0.28870025;12.503404;0.00025819713;0.0003244195;0;0;1
481764755;481590140;481592898;0;-0.8503599;12.25;0.37233412;0.3574923;12.505653;0.0004434241;0.00046694532;0;0;1
482223325;482049348;482051723;0;-1.0168266;12.25;0.62708014;0.5539359;12.507735;0.0012575563;0.0011080883;0;0;1
482744974;482568120;482573571;0;-1.3312635;12.25;1.0596685;0.67013514;12.5104685;0.0035902648;0.0015642213;0;0;1
483267050;483086726;483095422;0;-1.1436577;12.25;0.9775045;0.78812796;12.512998;0.003054472;0.002079959;0;0;1
483725866;483548657;483554291;0;-1.1647968;12.25;1.0891213;0.8722709;12.514381;0.0037914307;0.0025122643;0;0;1
484247753;484067434;484076141;0;-0.93491554;12.25;0.96661913;0.9650507;12.515747;0.0029861664;0.0030455026;0;0;1
484760530;484586230;484588995;0;-0.93491554;12.25;1.0648922;1.0593798;12.515002;0.0036244348;0.0036410096;0;0;1
485228530;485048131;485056908;0;-1.0379648;12.25;1.2225935;1.191581;12.514491;0.0047776136;0.004623714;0;0;1
485741325;485566930;485569713;0;-1.1225195;12.25;1.3429048;1.2979482;12.511563;0.005765525;0.00545615;0;0;1
486263009;486085698;486091611;0;-1.0168266;12.25;1.2729297;1.3203349;12.508813;0.005181466;0.0056195427;0;0;1
486721912;486544963;486550433;0;-1.1647968;12.25;1.4431298;1.3475003;12.505435;0.006661499;0.005830506;0;0;1
487243828;487063617;487072284;0;-0.9771919;12.25;1.2660583;1.3687755;12.501873;0.005128524;0.0060290475;0;0;1
487756785;487582400;487585136;0;-1.1832924;12.25;1.4747341;1.411131;12.497521;0.00696087;0.0063986583;0;0;1
488224624;488044473;488053002;0;-1.0379648;12.25;1.3384838;1.360216;12.49459;0.005735407;0.005962835;0;0;1
488737318;488563138;488565902;0;-1.2255707;12.25;1.5233836;1.395924;12.49035;0.0074319695;0.0062728547;0;0;1
489259350;489081852;489087705;0;-0.87149906;12.25;1.1765049;1.3251687;12.487074;0.0044339085;0.0056686164;0;0;1
489772172;489600468;489600605;0;-1.0168266;12.25;1.3306627;1.3333504;12.483362;0.0056736744;0.0057328083;0;0;1
490239857;490062871;490068423;0;-0.9983301;12.25;1.3187002;1.3212018;12.481016;0.005573169;0.0056180973;0;0;1
490761744;490581828;490590320;0;-0.89263725;12.25;1.2087862;1.3260497;12.478258;0.0046838727;0.0056697503;0;0;1
491274726;491100593;491103126;0;-0.93491554;12.25;1.2369012;1.3209786;12.47528;0.0049054595;0.0056177843;0;0;1
491733603;491559860;491561994;0;-1.2255707;12.25;1.5074892;1.3554285;12.473273;0.007287658;0.005918676;0;0;1
492255465;492078376;492083844;0;-0.8503599;12.25;1.1175921;1.2736601;12.471816;0.004005871;0.005267292;0;0;1
492714176;492540436;492542712;0;-0.93491554;12.25;1.1876103;1.2536398;12.470457;0.0045240307;0.0050903144;0;0;1
493236223;493059254;493064609;0;-0.8503599;12.25;1.074458;1.2713305;12.469529;0.0037032994;0.005240548;0;0;1
493757855;493578154;493586411;0;-1.0168266;12.25;1.2094457;1.2803425;12.468611;0.004692612;0.005289175;0;0;1
494270850;494096840;494099311;0;-0.9137764;12.25;1.0730921;1.2071369;12.467265;0.0036945606;0.004716153;0;0;1
494738606;494558729;494567129;0;-0.9560528;12.25;1.0830492;1.1597266;12.466867;0.0037635614;0.0043463735;0;0;1
495251534;495077439;495079981;0;-0.87149906;12.25;0.9518372;1.1120806;12.465645;0.002907171;0.00400512;0;0;1
495773485;495596125;495601831;0;-1.059104;12.25;1.0771918;1.1230098;12.465084;0.0037234959;0.0040820846;0;0;1
496232343;496055410;496060698;0;-1.2255707;12.25;1.190439;1.0657665;12.464318;0.004547846;0.003690623;0;0;1
496754025;496574198;496582547;0;-1.1832924;12.25;1.0761333;1.0111543;12.463879;0.0037165408;0.003347012;0;0;1
497266958;497093007;497095399;0;-1.0802431;12.25;0.90637755;0.95162547;12.462969;0.002636676;0.002956973;0;0;1
497734955;497555029;497563312;0;-0.9560528;12.25;0.6827246;0.84007597;12.462954;0.0014959949;0.0023268347;0;0;1
498247547;498073589;498076116;0;-1.1436577;12.25;0.75238085;0.85469866;12.462203;0.0018169401;0.0023854848;0;0;1
498769457;498592206;498598013;0;-1.0379648;12.25;0.5347629;0.7263098;12.462018;0.0009178975;0.0017586685;0;0;1
499228272;499054124;499056833;0;-1.1436577;12.25;0.5625562;0.5516164;12.461562;0.001015826;0.0011112444;0;0;1
499750279;499572847;499578682;0;-0.8107252;12.25;0.13209474;0.41831285;12.461411;5.6009776e-05;0.0006775946;0;0;1
500272052;500091635;500100531;0;-0.93491554;12.25;0.16235739;0.33770373;12.461331;8.461349e-05;0.00044744817;0;0;1
500730922;500550916;500559398;0;-1.1832924;12.25;0.3252464;0.28783497;12.460958;0.0003395733;0.00032462023;0;0;1
501243840;501069548;501072297;0;-0.789588;12.25;-0.16767442;0.14721087;12.460422;9.025285e-05;0.00015212587;0;0;1
501765556;501588374;501594099;0;-0.8107252;12.25;-0.24094522;0.060531404;12.460428;0.0001863647;5.702246e-05;0;0;1
502224508;502050270;502052966;0;-1.1832924;12.25;0.042461753;0.038532436;12.460088;5.7880825e-06;2.5150324e-05;0;0;1
502746277;502568846;502574814;0;-1.0379648;12.25;-0.19369936;-0.059013326;12.46004;0.000120447265;-2.881525e-05;0;0;1
503259242;503087626;503087666;0;-1.059104;12.25;-0.25766468;-0.12960966;12.45946;0.00021314273;-8.719247e-05;0;0;1
503727409;503549781;503555530;0;-1.0802431;12.25;-0.3008474;-0.23287916;12.459669;0.00029056682;-0.00022418778;0;0;1
504249257;504068606;504077379;0;-1.1013803;12.25;-0.3544209;-0.30368105;12.459669;0.00040326652;-0.0003558627;0;0;1
504761928;504587204;504590230;0;-0.89263725;12.25;-0.626305;-0.40088156;12.459171;0.0012593388;-0.00057543634;0;0;1
505221015;505046361;505049097;0;-1.1436577;12.25;-0.4201529;-0.43871182;12.458875;0.00056675577;-0.00066957355;0;0;1
505742804;505564923;505570992;0;-1.1013803;12.25;-0.5137423;-0.51424736;12.458915;0.00084736495;-0.00090960524;0;0;1
506255212;506083511;506083796;0;-1.1436577;12.25;-0.5112885;-0.5697275;12.458493;0.00083931803;-0.0010875796;0;0;1
506723115;506545622;506551660;0;-1.0379648;12.25;-0.64759636;-0.62931716;12.458835;0.0013464536;-0.0013098601;0;0;1
507236402;507064484;507064511;0;-1.0379648;12.25;-0.6917167;-0.65404016;12.458446;0.0015362172;-0.0014132995;0;0;1
507758226;507583284;507586359;0;-0.93491554;12.25;-0.847422;-0.7009628;12.458608;0.0023056318;-0.0016144518;0;0;1
508216713;508044959;508045273;0;-0.9771919;12.25;-0.83542645;-0.7613293;12.458475;0.0022408436;-0.001914864;0;0;1
508738478;508563608;508567074;0;-0.93491554;12.25;-0.9187243;-0.78299654;12.4587;0.0027099275;-0.0019989072;0;0;1
509260708;509082351;509088922;0;-0.93491554;12.25;-0.9605099;-0.8380678;12.459002;0.0029619685;-0.0022838407;0;0;1
509773163;509601077;509601772;0;-1.0379648;12.25;-0.9146764;-0.86376286;12.458755;0.0026860884;-0.002441567;0;0;1
510232470;510060332;510060639;0;-1.0168266;12.25;-0.9699495;-0.88494265;12.458711;0.0030205436;-0.002556086;0;0;1
510754418;510579162;510582486;0;-0.9137764;12.25;-1.0989623;-0.9488561;12.458985;0.0038774204;-0.0029367397;0;0;1
511213016;511041269;511041353;0;-0.9137764;12.25;-1.1173437;-0.98303044;12.458891;0.0040082443;-0.0031358812;0;0;1
511734849;511560119;511563200;0;-1.059104;12.25;-1.0024207;-0.95675045;12.459127;0.0032260595;-0.0029673676;0;0;1
512256727;512079057;512085048;0;-1.0802431;12.25;-0.99701357;-1.0004034;12.459318;0.0031913018;-0.003242486;0;0;1
512769616;512597694;512597898;0;-1.0379648;12.25;-1.0498555;-1.0070362;12.458997;0.0035386363;-0.0033001667;0;0;1
513237380;513059728;513065762;0;-1.0379648;12.25;-1.0631907;-1.0579369;12.459449;0.003628971;-0.003644006;0;0;1
513750254;513578371;513578659;0;-0.9771919;12.25;-1.1426842;-1.091878;12.459211;0.004192006;-0.003880819;0;0;1
514271857;514097142;514100459;0;-1.0168266;12.25;-1.1041214;-1.1074121;12.459565;0.0039137295;-0.0039701755;0;0;1
514730896;514556441;514559325;0;-1.2044315;12.25;-0.9293921;-1.0680791;12.459592;0.002773027;-0.003704324;0;0;1
515252830;515075206;515081172;0;-1.2889853;12.25;-0.8619442;-1.0579771;12.460005;0.0023850643;-0.0036273822;0;0;1
515765621;515593755;515594023;0;-1.2044315;12.25;-0.9667218;-1.077395;12.4599905;0.003000166;-0.003768908;0;0;1
516233559;516055754;516061886;0;-1.1832924;12.25;-1.0162075;-1.087087;12.460813;0.0033149607;-0.0038365307;0;0;1
516746360;516574427;516574735;0;-1.3497591;12.25;-0.8569751;-1.0961201;12.460789;0.0023574955;-0.0039015554;0;0;1
517268031;517093245;517096583;0;-1.0168266;12.25;-1.1841853;-1.1259297;12.461187;0.00450132;-0.0041449326;0;0;1
517727054;517555143;517555448;0;-1.2044315;12.25;-0.9634831;-1.1365017;12.461103;0.0029798313;-0.004201216;0;0;1
518248861;518073867;518077343;0;-0.9560528;12.25;-1.1772618;-1.1725336;12.461331;0.0044487873;-0.0044410904;0;0;1
518770721;518592612;518599142;0;-0.9771919;12.25;-1.128885;-1.1120071;12.46162;0.00409058;-0.004012178;0;0;1
519229585;519052157;519058008;0;-1.3497591;12.25;-0.7291846;-1.0233927;12.46161;0.0017067143;-0.0034278;0;0;1
519742489;519570846;519570857;0;-1.3101244;12.25;-0.7569611;-0.94152796;12.461431;0.0018392435;-0.002898933;0;0;1
520264329;520089538;520092704;0;-1.2467079;12.25;-0.80675054;-0.8919396;12.461943;0.002089069;-0.0026125626;0;0;1
520732047;520551765;520560567;0;-1.1832924;12.25;-0.8593581;-0.8551737;12.46266;0.0023702686;-0.0023837795;0;0;1
521244963;521070395;521073417;0;-1.1647968;12.25;-0.85601497;-0.8470066;12.4627;0.0023518552;-0.002321592;0;0;1
521766908;521589249;521595263;0;-1.059104;12.25;-0.9451201;-0.8003197;12.463347;0.0028668125;-0.0020912571;0;0;1
522225732;522051207;522054128;0;-1.1225195;12.25;-0.8485241;-0.82803273;12.463657;0.002310696;-0.0022438196;0;0;1
522747540;522569945;522576022;0;-1.1647968;12.25;-0.7686225;-0.82028365;12.464489;0.0018958838;-0.0022057237;0;0;1
523260486;523088541;523088825;0;-1.0802431;12.25;-0.8109087;-0.8176023;12.464746;0.0021101846;-0.0021718303;0;0;1
523728152;523547791;523556687;0;-1.0802431;12.25;-0.77792823;-0.7734307;12.465886;0.001941851;-0.0019479014;0;0;1
524241153;524066524;524069536;0;-1.2255707;12.25;-0.5976912;-0.7059473;12.466387;0.0011462335;-0.0016280684;0;0;1
524762820;524585266;524591383;0;-1.2255707;12.25;-0.5728674;-0.6749893;12.467549;0.0010529;-0.0014833516;0;0;1
525221671;525047188;525050295;0;-1.059104;12.25;-0.71986914;-0.67172486;12.468325;0.0016624898;-0.0014601243;0;0;1
525743542;525565970;525572094;0;-1.0379648;12.25;-0.7133657;-0.6498035;12.469749;0.0016324002;-0.0013995368;0;0;1
526256453;526084628;526084990;0;-1.2467079;12.25;-0.5033492;-0.6579198;12.470646;0.00081266166;-0.0014260936;0;0;1
526724232;526546633;526552806;0;-1.2044315;12.25;-0.56569207;-0.6072496;12.47219;0.0010263073;-0.0012069681;0;0;1
527237116;527065380;527065655;0;-1.2467079;12.25;-0.5240247;-0.6127485;12.4730835;0.00088062236;-0.0012388045;0;0;1
527758966;527584149;527587501;0;-1.2044315;12.25;-0.5499675;-0.62801313;12.474561;0.0009698595;-0.0012964722;0;0;1
528217795;528043354;528046366;0;-1.1647968;12.25;-0.5811385;-0.62021494;12.475427;0.0010828389;-0.001265645;0;0;1
528739731;528562039;528568212;0;-1.2678471;12.25;-0.46829545;-0.60475796;12.476882;0.0007030623;-0.0012036498;0;0;1
529252631;529080782;529081061;0;-1.3101244;12.25;-0.41547704;-0.60505515;12.477582;0.00055338023;-0.001214755;0;0;1
529774358;529599327;529602907;0;-0.93491554;12.25;-0.79290926;-0.581924;12.478781;0.0020152773;-0.0011436042;0;0;1
530233223;530061439;530061772;0;-1.0379648;12.25;-0.6598799;-0.6402191;12.479347;0.0013957189;-0.0013698187;0;0;1
530755132;530580232;530583665;0;-1.1013803;12.25;-0.57936394;-0.5952254;12.480254;0.0010758197;-0.0011720416;0;0;1
531213998;531042124;531042483;0;-0.9137764;12.25;-0.75905037;-0.58052135;12.480557;0.001846576;-0.0011153086;0;0;1
531735769;531560783;531564329;0;-1.3101244;12.25;-0.34173524;-0.5505522;12.480962;0.00037427558;-0.0010084899;0;0;1
532257817;532079717;532086175;0;-1.1225195;12.25;-0.49948132;-0.52886516;12.481139;0.00079954753;-0.0009430192;0;0;1
532770591;532598636;532599023;0;-1.0168266;12.25;-0.5744047;-0.534721;12.480445;0.0010574649;-0.0009445472;0;0;1
533238811;533058127;533066885;0;-1.2467079;12.25;-0.31639457;-0.4797375;12.480621;0.00032083507;-0.0007661851;0;0;1
533751305;533576718;533579734;0;-1.2255707;12.25;-0.29678178;-0.4658774;12.479635;0.0002823141;-0.000751454;0;0;1
534273162;534095394;534101579;0;-1.1225195;12.25;-0.3595004;-0.42254415;12.479229;0.00041425813;-0.00061094254;0;0;1
534732124;534557436;534560445;0;-1.0168266;12.25;-0.4286288;-0.41106445;12.478616;0.00058891997;-0.00057760393;0;0;1
535254046;535076049;535082337;0;-1.1647968;12.25;-0.2714342;-0.36600918;12.478384;0.00023617328;-0.0004914653;0;0;1
535766763;535594886;535595138;0;-1.1013803;12.25;-0.30588555;-0.32890603;12.477287;0.00029995613;-0.00038817394;0;0;1
536234588;536056929;536063000;0;-0.9771919;12.25;-0.394374;-0.32241017;12.477214;0.00049860764;-0.00037405582;0;0;1
536747822;536575585;536575848;0;-1.1225195;12.25;-0.2113545;-0.27328873;12.476262;0.00014321829;-0.0003009238;0;0;1
537269290;537094344;537097693;0;-1.2044315;12.25;-0.10275507;-0.21228233;12.4761;3.385226e-05;-0.0001811935;0;0;1
537727985;537553551;537556605;0;-0.9560528;12.25;-0.31580174;-0.1999882;12.475772;0.00031975814;-0.00019672168;0;0;1
538250220;538072154;538078403;0;-1.1647968;12.25;-0.08901727;-0.09240038;12.475841;2.5406142e-05;-8.34156e-05;0;0;1
538762915;538590821;538591298;0;-0.89263725;12.25;-0.33222103;-0.09834794;12.475464;0.00035388125;-8.9931265e-05;0;0;1
539230571;539053054;539059113;0;-1.1832924;12.25;0.00015318394;-0.0916318;12.476128;7.5232695e-11;-7.0258044e-05;0;0;1
539752595;539572027;539581005;0;-1.1436577;12.25;-0.014003396;-0.037601374;12.47671;6.2867565e-07;-2.6676442e-05;0;0;1
540265685;540090849;540093806;0;-0.9983301;12.25;-0.12904763;-0.03198471;12.476848;5.338942e-05;-1.5735308e-05;0;0;1
540733160;540552951;540561667;0;-1.0168266;12.25;-0.06952238;-0.03825259;12.478047;1.5493968e-05;-1.6007218e-05;0;0;1
541246151;541071780;541074516;0;-1.1647968;12.25;0.13108516;0.0468421;12.478637;5.5080756e-05;2.5355108e-05;0;0;1
541767939;541590509;541596360;0;-0.9771919;12.25;-0.015714705;0.07389782;12.479972;7.915144e-07;5.3326978e-05;0;0;1
542226805;542049756;542055271;0;-1.0168266;12.25;0.068152964;0.08062589;12.480968;1.488611e-05;5.1487506e-05;0;0;1
542748533;542568344;542577069;0;-1.2044315;12.25;0.29712975;0.15370186;12.482654;0.00028290806;0.00011107158;0;0;1
543261586;543086968;543089964;0;-1.2255707;12.25;0.35588646;0.19904228;12.483744;0.00040582434;0.00016431074;0;0;1
543729397;543549011;543557778;0;-1.1225195;12.25;0.2703535;0.2734606;12.485941;0.0002341546;0.00027869325;0;0;1
544242234;544067627;544070625;0;-1.0168266;12.25;0.15491402;0.32501718;12.487317;7.687273e-05;0.00040372025;0;0;1
544764107;544586443;544592470;0;-1.2255707;12.25;0.3566901;0.27436236;12.489454;0.0004074728;0.0003049014;0;0;1
545222776;545048317;545051334;0;-0.9560528;12.25;0.07995385;0.23662347;12.491206;2.047078e-05;0.00022622557;0;0;1
545744769;545567137;545573179;0;-1.1436577;12.25;0.2532068;0.2144675;12.493737;0.0002052666;0.00017621373;0;0;1
546257767;546085755;546086026;0;-0.789588;12.25;-0.12076855;0.13119483;12.495615;4.6688514e-05;0.000102091115;0;0;1
546725459;546545167;546553934;0;-0.9137764;12.25;0.0126030445;0.10140112;12.498444;5.083408e-07;6.832856e-05;0;0;1
547238367;547063756;547066734;0;-1.1225195;12.25;0.23484755;0.10970368;12.500501;0.00017648372;6.4554464e-05;0;0;1
547760092;547582436;547588626;0;-1.059104;12.25;0.19862765;0.14337023;12.503416;0.00012621493;8.786996e-05;0;0;1
548272992;548101159;548101426;0;-1.2044315;12.25;0.37110925;0.19566408;12.505753;0.00044050792;0.00015501349;0;0;1
548740876;548563110;548569287;0;-1.059104;12.25;0.24108946;0.21721002;12.5087185;0.00018586758;0.00017316046;0;0;1
549253764;549081926;549082135;0;-0.9560528;12.25;0.1585021;0.281093;12.510155;8.032807e-05;0.00028929094;0;0;1
549721468;549543873;549549995;0;-1.1832924;12.25;0.44976342;0.29078954;12.512224;0.0006466864;0.0003034587;0;0;1
550234400;550062539;550062889;0;-1.1832924;12.25;0.50628716;0.32208052;12.512796;0.00081940653;0.00037439546;0;0;1
550756290;550581290;550584687;0;-0.9137764;12.25;0.27639627;0.33626935;12.513449;0.00024420096;0.00039166113;0;0;1
551215164;551040714;551043550;0;-0.9771919;12.25;0.36428416;0.39244756;12.513175;0.00042420233;0.00051918696;0;0;1
551736975;551559308;551565395;0;-1.0802431;12.25;0.47741973;0.45535332;12.513049;0.0007286141;0.0006851826;0;0;1
552249826;552077931;552078241;0;-1.0379648;12.25;0.43911904;0.48690397;12.511681;0.00061646564;0.0007916721;0;0;1
552771671;552596733;552600086;0;-1.1647968;12.25;0.5676757;0.50236547;12.510892;0.0010303204;0.00083919626;0;0;1
553230377;553058633;553058949;0;-1.1436577;12.25;0.55025816;0.5074103;12.509701;0.0009681576;0.00084734726;0;0;1
553752406;553577457;553580793;0;-1.2044315;12.25;0.619471;0.4827334;12.508904;0.0012271077;0.0007754543;0;0;1
554274172;554096174;554102637;0;-1.1225195;12.25;0.527893;0.4791956;12.507771;0.0008911932;0.00076303264;0;0;1
554733071;554558191;554561548;0;-1.1013803;12.25;0.48096913;0.4715995;12.506156;0.0007398958;0.0007381869;0;0;1
555255000;555077185;555083344;0;-0.9983301;12.25;0.35427386;0.43184212;12.504759;0.00040147905;0.00063553324;0;0;1
555767701;555595640;555596238;0;-0.93491554;12.25;0.27231187;0.37892807;12.502527;0.00023724405;0.00049492106;0;0;1
556226687;556054929;556055054;0;-0.9137764;12.25;0.20805168;0.38160414;12.5007925;0.00013850484;0.00049845007;0;0;1
556748455;556573587;556576898;0;-0.9771919;12.25;0.21829909;0.3581889;12.499399;0.00015250171;0.00044079332;0;0;1
557270203;557092236;557098742;0;-1.0168266;12.25;0.20366871;0.3411729;12.498018;0.00013276006;0.00039751918;0;0;1
557729171;557554251;557557606;0;-1.1013803;12.25;0.23741466;0.2433301;12.496528;0.00018042044;0.00024458376;0;0;1
558251082;558072837;558079449;0;-1.1647968;12.25;0.21729589;0.20725119;12.495305;0.00015115278;0.0001735952;0;0;1
558763914;558591481;558592296;0;-1.1225195;12.25;0.0681448;0.1851101;12.4934025;1.4867731e-05;0.00014096108;0;0;1
559231811;559053569;559060203;0;-1.1647968;12.25;0.021544814;0.08895187;12.492775;1.486232e-06;6.2694344e-05;0;0;1
559744613;559572382;559573002;0;-0.9983301;12.25;-0.23870099;-0.061154738;12.491166;0.00018245907;-3.6602836e-05;0;0;1
560266543;560091193;560094893;0;-1.1225195;12.25;-0.19822383;-0.20543462;12.490409;0.00012583315;-0.00021544257;0;0;1
560725317;560550402;560553709;0;-0.8107252;12.25;-0.589587;-0.28839847;12.489388;0.001113306;-0.0003826594;0;0;1
561247079;561068998;561075552;0;-1.059104;12.25;-0.4324156;-0.34729543;12.488773;0.0005988843;-0.00045576243;0;0;1
561760063;561587774;561588399;0;-1.1013803;12.25;-0.49271452;-0.3952439;12.487471;0.0007776358;-0.0005436239;0;0;1
562227986;562049699;562056259;0;-1.059104;12.25;-0.628971;-0.5162737;12.487442;0.0012672076;-0.0009219905;0;0;1
562740704;562568462;562569152;0;-1.2889853;12.25;-0.48346865;-0.60682714;12.486517;0.00074878184;-0.0012489449;0;0;1
563262608;563087021;563090949;0;-1.1013803;12.25;-0.7665541;-0.69232774;12.486353;0.001882392;-0.0016056062;0;0;1
563721665;563549199;563549811;0;-0.9983301;12.25;-0.94112897;-0.79515797;12.485783;0.0028375434;-0.0020850555;0;0;1
564243095;564067729;564071655;0;-1.1647968;12.25;-0.8443854;-0.8400399;12.485804;0.0022841517;-0.002296218;0;0;1
564765138;564586349;564593546;0;-0.9983301;12.25;-1.1034875;-0.9375692;12.485833;0.0039010118;-0.0028840636;0;0;1
565223998;565045991;565052361;0;-1.059104;12.25;-1.1324313;-1.0181545;12.485447;0.0041084653;-0.0033803536;0;0;1
565736778;565564589;565565207;0;-0.9771919;12.25;-1.2641225;-1.1282111;12.484859;0.005119819;-0.0041374075;0;0;1
566258745;566083415;566087050;0;-1.2255707;12.25;-1.053576;-1.1307846;12.4849825;0.0035563442;-0.004129865;0;0;1
566717669;566545263;566545913;0;-1.1013803;12.25;-1.19611;-1.1720606;12.484684;0.00458379;-0.0044399807;0;0;1
567239507;567063834;567067803;0;-0.9771919;12.25;-1.3750074;-1.2308757;12.484928;0.006057369;-0.00488976;0;0;1
567761519;567582426;567589600;0;-0.9771919;12.25;-1.4454901;-1.297863;12.485214;0.0066941315;-0.005440802;0;0;1
568274015;568101243;568102493;0;-0.9983301;12.25;-1.4563029;-1.3167009;12.484679;0.0067949463;-0.005587714;0;0;1
568741889;568563194;568570305;0;-1.1436577;12.25;-1.3517783;-1.4120581;12.485082;0.005854361;-0.0064344737;0;0;1
569254947;569081938;569083151;0;-0.9983301;12.25;-1.5497992;-1.4574106;12.484676;0.007695442;-0.006833016;0;0;1
569713592;569541148;569542061;0;-1.2467079;12.25;-1.3458519;-1.4548986;12.484545;0.005803391;-0.0068124756;0;0;1
570235382;570059850;570063857;0;-0.87149906;12.25;-1.778697;-1.5303566;12.484984;0.010136218;-0.00757864;0;0;1
570757371;570578540;570585700;0;-1.1225195;12.25;-1.5697052;-1.5605283;12.485492;0.00789388;-0.007838947;0;0;1
571270401;571097332;571098546;0;-1.1225195;12.25;-1.5905015;-1.6575649;12.485436;0.008104467;-0.008859245;0;0;1
571738067;571559360;571566452;0;-0.9771919;12.25;-1.7680161;-1.6696908;12.486479;0.010013651;-0.008983932;0;0;1
572250687;572078024;572079251;0;-1.1436577;12.25;-1.6119344;-1.7082502;12.486628;0.008323569;-0.00940594;0;0;1
572772694;572596847;572601142;0;-1.1436577;12.25;-1.6373773;-1.7110364;12.487698;0.008587666;-0.009428141;0;0;1
573231576;573058895;573059957;0;-0.93491554;12.25;-1.8610005;-1.7323619;12.488362;0.011092962;-0.009661266;0;0;1
573753337;573577448;573581801;0;-1.2255707;12.25;-1.5832524;-1.717006;12.489694;0.008028022;-0.009478795;0;0;1
574275250;574096128;574103643;0;-1.2044315;12.25;-1.610616;-1.7269833;12.491166;0.008306939;-0.009575888;0;0;1
574733923;574555393;574562505;0;-1.4343128;12.25;-1.3728619;-1.6799241;12.492206;0.006034962;-0.009096113;0;0;1
575246828;575074134;575075398;0;-1.2255707;12.25;-1.6053746;-1.6493115;12.493339;0.008251525;-0.008745387;0;0;1
575768881;575592810;575597194;0;-1.2044315;12.25;-1.5991559;-1.6710722;12.495439;0.008186346;-0.008976652;0;0;1
576227614;576054872;576056056;0;-0.9983301;12.25;-1.7507398;-1.6981438;12.496993;0.009810648;-0.009261738;0;0;1
576749479;576573551;576577899;0;-1.1647968;12.25;-1.5060859;-1.5725864;12.499551;0.0072588036;-0.00797245;0;0;1
577271323;577092225;577099789;0;-1.1647968;12.25;-1.4475672;-1.5343122;12.502388;0.0067041623;-0.007569215;0;0;1
577730220;577554335;577558604;0;-0.9983301;12.25;-1.5606844;-1.491632;12.504513;0.007791542;-0.0071513327;0;0;1
578251990;578073127;578080447;0;-0.9560528;12.25;-1.5112205;-1.4937873;12.507465;0.007303757;-0.007169406;0;0;1
578764787;578591818;578593292;0;-0.9771919;12.25;-1.3947866;-1.3998644;12.509822;0.0062204874;-0.006310812;0;0;1
579223829;579051187;579052154;0;-0.9983301;12.25;-1.2730837;-1.328655;12.51232;0.0051812683;-0.0057107047;0;0;1
579745676;579569780;579574044;0;-1.1225195;12.25;-1.0258572;-1.1967007;12.515988;0.0033633239;-0.0046475846;0;0;1
580267432;580088246;580095840;0;-0.9983301;12.25;-1.0504837;-1.1064779;12.520118;0.0035255773;-0.0039771656;0;0;1
580726101;580550243;580554702;0;-1.2044315;12.25;-0.75709426;-0.97490585;12.523082;0.0018308327;-0.0031339088;0;0;1
581247982;581069198;581076545;0;-1.1832924;12.25;-0.6735002;-0.86474234;12.527227;0.0014483731;-0.002473753;0;0;1
581761003;581588064;581589390;0;-1.0379648;12.25;-0.7090496;-0.7601925;12.530404;0.0016049005;-0.0019264811;0;0;1
582228727;582050322;582057250;0;-0.9983301;12.25;-0.6490365;-0.66734385;12.534438;0.0013442913;-0.0014939512;0;0;1
582741533;582569055;582570095;0;-0.9771919;12.25;-0.5401964;-0.58314806;12.537465;0.0009310086;-0.0011668318;0;0;1
583263579;583087755;583091938;0;-1.059104;12.25;-0.32332337;-0.46776503;12.541495;0.0003334148;-0.0007619708;0;0;1
583722318;583547127;583550800;0;-0.89263725;12.25;-0.37719977;-0.35071033;12.544227;0.00045368975;-0.0005032202;0;0;1
584244153;584065730;584072689;0;-1.1832924;12.25;0.052634954;-0.14670777;12.548393;8.831213e-06;-0.00019667717;0;0;1
584757060;584584426;584585488;0;-1.0379648;12.25;0.012795329;0.04292478;12.551199;5.217683e-07;1.2827361e-05;0;0;1
585224961;585046497;585053347;0;-1.1647968;12.25;0.24932939;0.12587559;12.554884;0.00019805884;8.744233e-05;0;0;1
585737824;585565099;585566192;0;-1.0379648;12.25;0.23636705;0.23403461;12.557052;0.00017796973;0.00022009002;0;0;1
586259684;586083814;586088035;0;-1.3312635;12.25;0.6300479;0.40868244;12.560038;0.0012642012;0.00062524754;0;0;1
586718352;586545948;586546944;0;-1.4765911;12.25;0.8709025;0.5656649;12.562088;0.0024151118;0.0011754801;0;0;1
587240243;587064596;587068739;0;-1.2678471;12.25;0.78208184;0.6279779;12.565061;0.0019471517;0.0013508537;0;0;1
587762234;587583232;587590582;0;-1.2044315;12.25;0.81963503;0.71130574;12.567987;0.0021381357;0.0016734359;0;0;1
588274864;588102119;588103427;0;-1.1647968;12.25;0.8553402;0.828777;12.569422;0.0023282117;0.0022678534;0;0;1
588733846;588561254;588562288;0;-1.1832924;12.25;0.94273067;0.9230009;12.570543;0.0028280118;0.0027715107;0;0;1
589255836;589080078;589084131;0;-1.1832924;12.25;1.0369902;0.9897617;12.571845;0.0034214505;0.0031674688;0;0;1
589714522;589542130;589542994;0;-1.1832924;12.25;1.1174233;1.0243952;12.57142;0.0039729318;0.0033809333;0;0;1
590236322;590060897;590064835;0;-1.1013803;12.25;1.1227394;1.1074171;12.570963;0.00401097;0.003960506;0;0;1
590758280;590579545;590586677;0;-1.1832924;12.25;1.2596987;1.2448024;12.569632;0.0050497614;0.0049963617;0;0;1
591271150;591098298;591099523;0;-1.1832924;12.25;1.2876511;1.3243152;12.566089;0.0052778404;0.005633447;0;0;1
591739280;591560258;591567381;0;-1.2467079;12.25;1.3810092;1.3437107;12.563635;0.006072085;0.0057812915;0;0;1
592251835;592079015;592080273;0;-1.2678471;12.25;1.4005764;1.3835621;12.558628;0.0062478613;0.0061184303;0;0;1
592773498;592597785;592602068;0;-1.059104;12.25;1.2012208;1.3542101;12.5542345;0.004597433;0.00589144;0;0;1
593232917;593056873;593060930;0;-1.2044315;12.25;1.335019;1.395755;12.549256;0.0056808963;0.0062600356;0;0;1
593754339;593575557;593582772;0;-1.2044315;12.25;1.3367227;1.3398501;12.544173;0.0056977137;0.0057605505;0;0;1
594267207;594094173;594095617;0;-1.2255707;12.25;1.355391;1.3097676;12.537889;0.005860907;0.0054997564;0;0;1
594735377;594556227;594563476;0;-0.9983301;12.25;1.1158117;1.2831587;12.5335045;0.003973464;0.0052823373;0;0;1
595247910;595074878;595076321;0;-1.1647968;12.25;1.2608815;1.269819;12.527146;0.005076407;0.0051704943;0;0;1
595769797;595593566;595598163;0;-1.2678471;12.25;1.3364916;1.2653208;12.521793;0.005705923;0.005144949;0;0;1
596228915;596055672;596057024;0;-1.2044315;12.25;1.2399107;1.2335542;12.516652;0.0049130665;0.004887621;0;0;1
596750759;596574351;596578913;0;-1.1647968;12.25;1.1522009;1.2100912;12.511565;0.0042442875;0.0046955654;0;0;1
597272520;597093099;597100708;0;-1.0802431;12.25;1.0183289;1.1661814;12.506645;0.0033166166;0.004376049;0;0;1
597731128;597552336;597559569;0;-1.2678471;12.25;1.1508782;1.1650224;12.502147;0.004237738;0.0043574697;0;0;1
598244317;598071126;598072414;0;-1.1647968;12.25;0.99712;1.0524602;12.497023;0.0031823528;0.0035934497;0;0;1
598766113;598589597;598594256;0;-1.2889853;12.25;1.0562555;1.0446104;12.492901;0.0035721906;0.0035160037;0;0;1
599224793;599051662;599053164;0;-1.0802431;12.25;0.7943012;0.9549131;12.489143;0.002020681;0.0029791659;0;0;1
599746608;599570420;599574959;0;-1.1225195;12.25;0.7885411;0.8680254;12.4856;0.0019920452;0.002461776;0;0;1
600268515;600089032;600096801;0;-1.2678471;12.25;0.8810725;0.83124006;12.482345;0.0024876378;0.0022563394;0;0;1
600727088;600551122;600555662;0;-1.2678471;12.25;0.8342426;0.79576707;12.479342;0.0022307609;0.0020641645;0;0;1
601249065;601070110;601077551;0;-1.1225195;12.25;0.6446013;0.682368;12.476693;0.0013321184;0.0015565275;0;0;1
601762024;601589027;601590348;0;-1.2678471;12.25;0.73337704;0.6560477;12.473735;0.0017247179;0.0014187763;0;0;1
602220872;602048240;602049209;0;-1.1436577;12.25;0.5544662;0.6223012;12.471555;0.0009860286;0.0012928606;0;0;1
602742733;602567125;602571051;0;-1.2255707;12.25;0.591498;0.55839354;12.469811;0.0011222941;0.0010408508;0;0;1
603264509;603085891;603092893;0;-1.1832924;12.25;0.50560844;0.47096884;12.46831;0.0008201268;0.00075944;0;0;1
603723393;603547742;603551801;0;-0.9983301;12.25;0.2634142;0.47091746;12.466912;0.00022262782;0.0007606222;0;0;1
604245207;604066618;604073596;0;-1.1436577;12.25;0.36409646;0.40038332;12.466022;0.0004253682;0.0005483734;0;0;1
604758053;604585264;604586487;0;-1.2889853;12.25;0.4611888;0.35249406;12.464811;0.0006825458;0.00043923807;0;0;1
605225892;605047177;605054298;0;-1.0802431;12.25;0.20865297;0.28805533;12.464769;0.00013970917;0.00029884712;0;0;1
605738540;605565920;605567143;0;-1.3920355;12.25;0.46351838;0.30836597;12.464179;0.0006894936;0.00034985016;0;0;1
606260687;606084585;606088984;0;-1.1436577;12.25;0.161812;0.24841769;12.464437;8.4025065e-05;0.00022961062;0;0;1
606719510;606543795;606547845;0;-1.3708982;12.25;0.35458362;0.19342124;12.464592;0.00040347743;0.00016796445;0;0;1
607241307;607062465;607069690;0;-1.059104;12.25;0.00670135;0.095001265;12.465458;1.4410412e-07;8.0526675e-05;0;0;1
607754139;607581142;607582530;0;-1.1225195;12.25;0.0393306;0.07996077;12.466073;4.9635396e-06;5.0573966e-05;0;0;1
608221910;608043302;608050435;0;-1.2044315;12.25;0.099115014;0.052303582;12.4677105;3.151753e-05;2.6573189e-05;0;0;1
608734657;608561950;608563233;0;-1.2467079;12.25;0.117129326;0.04413041;12.468949;4.401102e-05;1.8567456e-05;0;0;1
609256525;609080662;609085121;0;-1.3312635;12.25;0.17044938;0.05228374;12.471246;9.318392e-05;2.1104366e-05;0;0;1
609715414;609542729;609543935;0;-1.3101244;12.25;0.11788666;0.038953982;12.473182;4.4566867e-05;2.2336746e-05;0;0;1
610237328;610061532;610065777;0;-0.9771919;12.25;-0.23069847;-0.07664009;12.476067;0.00017063641;-5.2798452e-05;0;0;1
610759089;610580077;610587618;0;-1.1436577;12.25;-0.074095726;-0.099434294;12.479278;1.759774e-05;-6.4061445e-05;0;0;1
611271915;611098791;611100462;0;-1.0802431;12.25;-0.13408852;-0.1217904;12.482153;5.76174e-05;-0.000104589875;0;0;1
611730972;611558146;611559369;0;-1.0168266;12.25;-0.20282531;-0.07158061;12.485277;0.00013179718;-7.364889e-05;0;0;1
612252800;612077006;612081164;0;-1.2467079;12.25;0.03184545;-0.05989064;12.489459;3.2479636e-06;-4.5936093e-05;0;0;1
612774443;612595582;612603005;0;-1.3312635;12.25;0.11805093;-0.029382765;12.493969;4.46168e-05;-2.1805434e-05;0;0;1
613233310;613057637;613061865;0;-1.1647968;12.25;-0.029216051;-0.056998555;12.497802;2.7319288e-06;-3.5208184e-05;0;0;1
613755145;613576337;613583754;0;-1.1647968;12.25;-0.014301181;-0.0062941792;12.5028305;6.543279e-07;-3.4043276e-06;0;0;1
614268161;614095088;614096551;0;-1.1436577;12.25;0.0018862486;-0.0587652;12.506837;1.1379163e-08;-3.0431736e-05;0;0;1
614735998;614557153;614564409;0;-1.0802431;12.25;-0.016536117;-0.09017847;12.511734;8.741975e-07;-4.4100678e-05;0;0;1
615248883;615075732;615077252;0;-1.059104;12.25;0.009002805;-0.06167352;12.515753;2.5903512e-07;-3.2512857e-05;0;0;1
615770716;615594523;615599093;0;-1.0379648;12.25;0.034181237;0.024065465;12.520473;3.732629e-06;1.9069466e-05;0;0;1
616229642;616053730;616058001;0;-1.3101244;12.25;0.40019113;0.09645243;12.524056;0.000511505;7.715677e-05;0;0;1
616751366;616572434;616579795;0;-1.1013803;12.25;0.2811944;0.16567701;12.529079;0.00025243766;0.00013579881;0;0;1
617264094;617091246;617092686;0;-0.9983301;12.25;0.2427463;0.2173646;12.532349;0.00018807572;0.00018941816;0;0;1
617732113;617553164;617560497;0;-0.8107252;12.25;0.11859453;0.27441326;12.536555;4.4875684e-05;0.00031323178;0;0;1
618244919;618071823;618073340;0;-0.9771919;12.25;0.3741954;0.2972203;12.5393;0.00044666667;0.00032769307;0;0;1
618766693;618590524;618595181;0;-0.7473097;12.25;0.24232167;0.35231024;12.542895;0.00018726072;0.00044647956;0;0;1
619225530;619052746;619054042;0;-1.1013803;12.25;0.6494981;0.45704854;12.545326;0.0013450357;0.0007249589;0;0;1
619747366;619571440;619575883;0;-0.93491554;12.25;0.5048158;0.4910725;12.548942;0.0008123044;0.00082297873;0;0;1
620269156;620090229;620097723;0;-0.93491554;12.25;0.4723667;0.5519747;12.552136;0.00071105117;0.0010203546;0;0;1
620728475;620549795;620556631;0;-1.1013803;12.25;0.5931002;0.511833;12.553725;0.0011208396;0.0008940971;0;0;1
621240991;621068580;621069427;0;-1.1013803;12.25;0.55573225;0.4755134;12.554609;0.0009839839;0.00075555267;0;0;1
621762980;621587403;621591315;0;-1.059104;12.25;0.4606731;0.45307684;12.556054;0.0006760713;0.000687776;0;0;1
622221887;622049504;622050128;0;-1.0379648;12.25;0.41082597;0.4199899;12.555941;0.0005376832;0.00058305374;0;0;1
622743804;622568111;622571969;0;-1.0802431;12.25;0.44339925;0.4343795;12.555966;0.00062632497;0.0006322422;0;0;1
623265308;623086819;623093810;0;-1.1013803;12.25;0.47859818;0.42158258;12.555526;0.0007297383;0.0005915845;0;0;1
623724171;623548715;623552670;0;-1.0379648;12.25;0.43705505;0.42201844;12.553851;0.00060863275;0.00060245895;0;0;1
624246391;624067399;624074511;0;-0.8503599;12.25;0.28232515;0.3731207;12.552472;0.00025399774;0.000472905;0;0;1
624758940;624586103;624587354;0;-0.93491554;12.25;0.38437855;0.41138306;12.549645;0.00047091965;0.0005738985;0;0;1
625217797;625045386;625046214;0;-0.93491554;12.25;0.36595428;0.43923467;12.547293;0.00042693684;0.0006766876;0;0;1
625739935;625564141;625568055;0;-0.9560528;12.25;0.38146544;0.39547423;12.545561;0.00046395973;0.0005411416;0;0;1
626261689;626082933;626089943;0;-0.8107252;12.25;0.25310314;0.33644316;12.543945;0.00020427766;0.00040888952;0;0;1
626774341;626601559;626602739;0;-0.789588;12.25;0.29542983;0.3402995;12.541706;0.00027836335;0.0004077835;0;0;1
627242100;627063637;627070596;0;-0.7684488;12.25;0.35698962;0.37821102;12.541109;0.00040647626;0.0005033138;0;0;1
627755221;627582258;627583440;0;-0.87149906;12.25;0.5355205;0.4659658;12.539277;0.0009148285;0.0007366266;0;0;1
628222737;628044399;628051297;0;-0.9560528;12.25;0.67435527;0.5696808;12.538806;0.0014507124;0.0011006728;0;0;1
628735711;628562936;628564187;0;-1.0168266;12.25;0.80330384;0.63223225;12.537123;0.0020588362;0.0013400319;0;0;1
629257601;629081699;629085981;0;-0.7473097;12.25;0.5882147;0.70780766;12.536373;0.0011039765;0.0016511118;0;0;1
629716442;629540850;629544840;0;-0.9983301;12.25;0.91633034;0.750918;12.535266;0.0026793568;0.001855247;0;0;1
630238244;630059700;630066681;0;-0.8292227;12.25;0.8155238;0.8194588;12.534822;0.0021223405;0.0021815037;0;0;1
630751138;630578342;630579524;0;-0.9137764;12.25;0.96788037;0.89177376;12.533279;0.0029897762;0.0025821556;0;0;1
631272852;631097146;631101365;0;-0.8107252;12.25;0.92991364;0.9598168;12.532964;0.0027598878;0.0029714054;0;0;1
631731882;631559139;631560225;0;-0.9560528;12.25;1.1356931;1.0145801;12.53229;0.0041167215;0.0033196807;0;0;1
632253695;632077844;632082065;0;-0.9983301;12.25;1.2332742;1.1137829;12.5320635;0.0048546367;0.0040085656;0;0;1
632712455;632540010;632540925;0;-0.7684488;12.25;1.046271;1.1342661;12.531353;0.0034942213;0.004141724;0;0;1
633234374;633058811;633062812;0;-0.70503235;12.25;1.043545;1.1366435;12.531249;0.0034760658;0.0041483254;0;0;1
633756218;633577407;633584606;0;-0.789588;12.25;1.1865878;1.1843488;12.5310545;0.004494404;0.0045010243;0;0;1
634269064;634096153;634097496;0;-0.7684488;12.25;1.1997815;1.2438334;12.529873;0.00459534;0.004969184;0;0;1
634727805;634555423;634556309;0;-1.0802431;12.25;1.5579727;1.3015085;12.529288;0.007749135;0.0054650307;0;0;1
635249814;635074071;635078149;0;-0.7261715;12.25;1.2254375;1.3619633;12.529246;0.0047942135;0.0059730774;0;0;1
636230253;636054501;636058849;0;-1.1647968;12.25;1.6953931;1.4537717;12.528679;0.009176889;0.0068173576;0;0;1
636752365;636573207;636580689;0;-0.87149906;12.25;1.4262915;1.4398324;12.528652;0.0064948956;0.0066601117;0;0;1
637264961;637092093;637093533;0;-1.1647968;12.25;1.7191823;1.5291044;12.527605;0.0094370395;0.007515859;0;0;1
637733013;637554188;637561437;0;-0.9137764;12.25;1.4610245;1.5481249;12.527992;0.006815435;0.0076835924;0;0;1
638245877;638072991;638074232;0;-1.1013803;12.25;1.6435809;1.5514967;12.5268755;0.008625801;0.007711329;0;0;1
638767686;638591515;638596120;0;-0.89263725;12.25;1.451545;1.4726185;12.52668;0.0067279856;0.00695432;0;0;1
639226611;639050829;639054932;0;-0.9137764;12.25;1.4756824;1.4834529;12.526013;0.006953972;0.0070496625;0;0;1
639748392;639569563;639576772;0;-0.93491554;12.25;1.4854007;1.5353988;12.525913;0.007045922;0.0075582485;0;0;1
640261205;640088345;640089615;0;-0.93491554;12.25;1.4797384;1.5003483;12.524817;0.006992918;0.0072122486;0;0;1
640729118;640550275;640557473;0;-0.9137764;12.25;1.4445596;1.5258005;12.5251045;0.0066642235;0.0074767563;0;0;1
641241881;641069005;641070362;0;-0.8503599;12.25;1.3617027;1.4922607;12.5239;0.0059222262;0.0071564373;0;0;1
641763715;641587637;641592155;0;-0.9771919;12.25;1.4820759;1.4721124;12.523675;0.0070156693;0.0069525135;0;0;1
642222640;642049554;642051014;0;-1.3101244;12.25;1.7869266;1.5283757;12.523002;0.010199174;0.00751674;0;0;1
642744485;642568252;642572855;0;-1.2044315;12.25;1.6505541;1.5112946;12.522715;0.008702039;0.0073347627;0;0;1
643266311;643087090;643094742;0;-1.059104;12.25;1.4595087;1.5137631;12.522426;0.006804323;0.007347216;0;0;1
643725179;643546559;643553556;0;-0.9771919;12.25;1.3428686;1.4709475;12.521729;0.0057605333;0.0069402056;0;0;1
644238012;644065432;644066397;0;-1.1225195;12.25;1.4326252;1.488203;12.520399;0.006557027;0.007114935;0;0;1
644759743;644584056;644588237;0;-1.2255707;12.25;1.4940394;1.4367096;12.519959;0.007131505;0.0066338843;0;0;1
645218524;645046234;645047096;0;-1.0802431;12.25;1.3182706;1.3797077;12.519233;0.0055525363;0.006118988;0;0;1
645740358;645565027;645568983;0;-1.1013803;12.25;1.2895606;1.3723549;12.518836;0.005313486;0.006051289;0;0;1
646262344;646083884;646090776;0;-1.0379648;12.25;1.1714814;1.3268328;12.518423;0.0043851165;0.0056811096;0;0;1
646721103;646545965;646549636;0;-1.4343128;12.25;1.5326169;1.2949568;12.517634;0.007505937;0.0054278295;0;0;1
647243119;647064579;647071475;0;-1.0379648;12.25;1.0835978;1.2189943;12.517351;0.003752181;0.0048072315;0;0;1
647755773;647583313;647584318;0;-1.1225195;12.25;1.118177;1.1872844;12.516033;0.0039958986;0.004556624;0;0;1
648214873;648042556;648043224;0;-1.2255707;12.25;1.1793619;1.1720774;12.5152645;0.0044454336;0.004418713;0;0;1
648736609;648561431;648565017;0;-1.0168266;12.25;0.9334015;1.086381;12.515006;0.00278462;0.003811337;0;0;1
649258303;649080309;649086858;0;-1.3312635;12.25;1.2053847;1.0919871;12.514735;0.0046439734;0.0038449496;0;0;1
649771273;649599214;649599700;0;-1.1832924;12.25;1.0058889;1.0593879;12.513578;0.003234287;0.0036109255;0;0;1
650239285;650061166;650067603;0;-1.0168266;12.25;0.7889257;1.0075506;12.513748;0.001989504;0.003278498;0;0;1
650751897;650579996;650580399;0;-1.1832924;12.25;0.90621996;0.9370336;12.512659;0.0026252922;0.0028492582;0;0;1
651273849;651098677;651102286;0;-1.2467079;12.25;0.8899381;0.9225523;12.512457;0.0025318444;0.0027479935;0;0;1
651733023;651560687;651561098;0;-1.1013803;12.25;0.67802674;0.8171121;12.511943;0.0014697006;0.0021889997;0;0;1
652254527;652079266;652082938;0;-1.0168266;12.25;0.53126585;0.7414101;12.512226;0.00090229633;0.0018066501;0;0;1
652713428;652538642;652541844;0;-1.1832924;12.25;0.6422363;0.69761044;12.512208;0.0013186081;0.0016073626;0;0;1
653235311;653057360;653063637;0;-1.0802431;12.25;0.50421005;0.65458214;12.512866;0.0008126924;0.0014090865;0;0;1
653747970;653576023;653576526;0;-1.1436577;12.25;0.54352415;0.6080292;12.5123825;0.00094440364;0.0012101277;0;0;1
654269810;654094770;654098319;0;-1.059104;12.25;0.44533116;0.5646911;12.512443;0.0006339924;0.0010495218;0;0;1
654729045;654556848;654557178;0;-1.4131746;12.25;0.7979073;0.56802946;12.511744;0.002035387;0.0010830776;0;0;1
655250775;655075573;655079018;0;-1.1436577;12.25;0.5192799;0.57474923;12.511214;0.00086211174;0.0010878801;0;0;1
655772768;655594235;655600904;0;-1.1436577;12.25;0.53158444;0.5613025;12.510345;0.0009035147;0.0010828646;0;0;1
656231171;656056171;656059716;0;-1.1647968;12.25;0.57158846;0.5654684;12.508952;0.0010447345;0.0010689636;0;0;1
656752985;656574801;656581556;0;-1.0802431;12.25;0.511857;0.5649476;12.5079565;0.0008378588;0.001058244;0;0;1
657266166;657093448;657094398;0;-1.2255707;12.25;0.65807575;0.62508494;12.506251;0.0013851111;0.001294307;0;0;1
657724725;657552898;657553257;0;-1.2255707;12.25;0.65808815;0.61149704;12.505063;0.001385295;0.001227052;0;0;1
658246737;658071780;658075144;0;-1.1832924;12.25;0.61826724;0.60736537;12.504473;0.0012227765;0.0012170117;0;0;1
658768425;658590398;658596936;0;-1.2889853;12.25;0.7037621;0.6115907;12.503845;0.0015844122;0.001221372;0;0;1
659227278;659052433;659055795;0;-1.1832924;12.25;0.5721184;0.56291556;12.502984;0.0010471722;0.0010424459;0;0;1
659749108;659571167;659577635;0;-1.0379648;12.25;0.4266674;0.49001488;12.502763;0.0005824155;0.00080834574;0;0;1
660262067;660089787;660090477;0;-0.9983301;12.25;0.3639167;0.47064242;12.502044;0.0004237239;0.0007426585;0;0;1
660729839;660551982;660558333;0;-0.9771919;12.25;0.35611337;0.44161054;12.502108;0.00040574512;0.00067987037;0;0;1
661242616;661070601;661071176;0;-1.0802431;12.25;0.4561121;0.46889633;12.500982;0.00066567;0.0007556464;0;0;1
661764663;661589130;661593015;0;-0.93491554;12.25;0.3047008;0.4551235;12.500681;0.00029708003;0.00069926615;0;0;1
662223516;662048508;662051873;0;-1.3101244;12.25;0.6757808;0.48499915;12.4998865;0.0014613881;0.0008179588;0;0;1
662745321;662567143;662573760;0;-1.1647968;12.25;0.5144849;0.45116785;12.499356;0.0008470666;0.000718527;0;0;1
663258164;663086180;663086555;0;-0.9983301;12.25;0.34314692;0.37468165;12.497987;0.0003768601;0.00050050445;0;0;1
663726061;663548022;663554411;0;-1.0802431;12.25;0.418791;0.37442362;12.497655;0.0005613402;0.00048421285;0;0;1
664238697;664066771;664067253;0;-0.8503599;12.25;0.17689502;0.37026155;12.496061;0.00010016549;0.0004772981;0;0;1
664760695;664585269;664589092;0;-1.0168266;12.25;0.34779996;0.40732583;12.495271;0.0003872339;0.0005682474;0;0;1
665219572;665047258;665047998;0;-1.0802431;12.25;0.42619872;0.40855685;12.494042;0.00058154226;0.0005858783;0;0;1
665741179;665565838;665569790;0;-1.2889853;12.25;0.63243556;0.51328367;12.49324;0.0012806117;0.0009018525;0;0;1
666263127;666084711;666091630;0;-1.1832924;12.25;0.5150031;0.5236255;12.492492;0.0008492403;0.00090704527;0;0;1
666721981;666543984;666550488;0;-1.0802431;12.25;0.39793968;0.5019592;12.491537;0.0005070825;0.0008419836;0;0;1
667234989;667062740;667063330;0;-0.9560528;12.25;0.26385444;0.43298376;12.490386;0.00022295283;0.0006805974;0;0;1
667756607;667581514;667585169;0;-1.2255707;12.25;0.49674612;0.47132012;12.490179;0.00079024234;0.000752579;0;0;1
668215497;668043576;668044028;0;-1.2889853;12.25;0.520814;0.4701183;12.489761;0.0008687028;0.0007552817;0;0;1
668737346;668562465;668565867;0;-1.3708982;12.25;0.55681765;0.43055764;12.489927;0.000992947;0.0006495825;0;0;1
669259155;669080857;669087707;0;-1.2044315;12.25;0.34663224;0.43791384;12.490082;0.00038479784;0.00065816974;0;0;1
669772199;669599632;669600548;0;-1.5400057;12.25;0.5917876;0.4340103;12.490064;0.0011215718;0.0006709925;0;0;1
670239836;670061686;670068404;0;-1.2467079;12.25;0.24300075;0.38721672;12.490587;0.00018910036;0.0005366754;0;0;1
670752730;670580369;670581295;0;-1.3497591;12.25;0.3064059;0.32297614;12.490541;0.00030065814;0.00038576542;0;0;1
671211731;671039746;671040104;0;-1.3312635;12.25;0.27669573;0.21302488;12.490792;0.00024517428;0.00022393247;0;0;1
671733433;671558615;671561943;0;-1.1436577;12.25;0.06775236;0.2022594;12.4915085;1.4699209e-05;0.00018404436;0;0;1
672255215;672077181;672083782;0;-1.2255707;12.25;0.13322616;0.14508507;12.49231;5.6832432e-05;0.00010202637;0;0;1
672768021;672595790;672596623;0;-1.0802431;12.25;-0.00863719;0.039644923;12.49204;2.388755e-07;3.308458e-05;0;0;1
673236115;673057743;673064479;0;-1.3497591;12.25;0.25558448;0.07257939;12.49267;0.00020915762;5.2242427e-05;0;0;1
673748805;673576341;673577321;0;-1.2678471;12.25;0.17541707;0.0439974;12.492225;9.8528966e-05;2.7366863e-05;0;0;1
674270677;674094951;674099159;0;-1.059104;12.25;-0.036450982;0.050853647;12.492505;4.2543084e-06;3.279358e-05;0;0;1
674729666;674557000;674558018;0;-1.1647968;12.25;0.08013725;0.044456955;12.492326;2.0562959e-05;2.5462547e-05;0;0;1
675251464;675075946;675079904;0;-1.0379648;12.25;-0.046351075;0.030181987;12.49264;6.879002e-06;1.9535713e-05;0;0;1
675773173;675594639;675601695;0;-1.2678471;12.25;0.1680119;0.052715335;12.492951;9.038056e-05;3.0217125e-05;0;0;1
676231960;676053936;676060553;0;-1.1832924;12.25;0.07729256;0.08441006;12.492584;1.9128596e-05;5.062465e-05;0;0;1
676744873;676572672;676573395;0;-1.3101244;12.25;0.20881999;0.10335727;12.491974;0.00013962817;7.680925e-05;0;0;1
677266675;677091195;677095235;0;-1.0802431;12.25;-0.044089317;0.07129302;12.491692;6.2245144e-06;4.634014e-05;0;0;1
677725695;677553396;677554139;0;-1.1225195;12.25;-0.023737907;0.06894059;12.490895;1.8044767e-06;3.506535e-05;0;0;1
678247471;678072226;678075931;0;-1.2255707;12.25;0.062132835;0.042575102;12.49032;1.236314e-05;2.2783875e-05;0;0;1
678769475;678590950;678597770;0;-1.2678471;12.25;0.083848596;0.04165311;12.489655;2.2516515e-05;2.4070121e-05;0;0;1
679228522;679052996;679056628;0;-1.0802431;12.25;-0.11500621;0.0071143718;12.488602;4.23632e-05;5.543529e-06;0;0;1
679749932;679571824;679578513;0;-1.2255707;12.25;0.028420568;0.033607997;12.4877615;2.587265e-06;1.4544506e-05;0;0;1
680262749;680090442;680091308;0;-1.1832924;12.25;-0.014008045;0.023112698;12.486356;6.286072e-07;1.055868e-05;0;0;1
680721733;680549831;680550166;0;-1.2678471;12.25;0.06307876;0.044557564;12.485154;1.2747716e-05;1.910072e-05;0;0;1
681243639;681068745;681072004;0;-1.1436577;12.25;-0.052257657;-0.022817608;12.484157;8.749851e-06;-5.7851416e-06;0;0;1
681765243;681587529;681593843;0;-1.3312635;12.25;0.1273396;0.056025278;12.483053;5.1959643e-05;2.404839e-05;0;0;1
682224372;682049657;682052748;0;-1.0802431;12.25;-0.1158334;0.021342734;12.481738;4.2998425e-05;9.494381e-06;0;0;1
682746349;682568401;682574539;0;-1.0379648;12.25;-0.13423777;0.018508278;12.480574;5.7753045e-05;2.4364413e-06;0;0;1
683258837;683087089;683087428;0;-1.2889853;12.25;0.12503755;0.08934183;12.478806;5.0115017e-05;7.716493e-05;0;0;1
683726874;683548978;683555236;0;-1.3708982;12.25;0.21176028;0.13433427;12.478184;0.00014374663;9.503596e-05;0;0;1
684239778;684067777;684068077;0;-1.2044315;12.25;0.042283654;0.1355981;12.476538;5.7320626e-06;9.796057e-05;0;0;1
684761755;684586389;684589915;0;-1.2467079;12.25;0.09433818;0.1141055;12.475571;2.8534778e-05;7.6117605e-05;0;0;1
685220204;685045722;685048773;0;-1.2255707;12.25;0.070545435;0.14713106;12.474414;1.5957972e-05;0.00010321703;0;0;1
685742062;685564356;685570612;0;-1.3708982;12.25;0.21274018;0.17661604;12.473618;0.00014513313;0.00013809273;0;0;1
686255210;686083185;686083452;0;-1.3920355;12.25;0.2503314;0.10765631;12.47228;0.0002009763;7.978515e-05;0;0;1
686722759;686545210;686551355;0;-1.0802431;12.25;-0.048176646;0.069868796;12.471935;7.443879e-06;4.917886e-05;0;0;1
687235613;687063903;687064149;0;-1.2467079;12.25;0.1270169;0.10845824;12.470752;5.1747622e-05;5.8077014e-05;0;0;1
687757429;687582675;687586034;0;-1.2889853;12.25;0.16097867;0.16585074;12.470345;8.312243e-05;0.00013953765;0;0;1
688216485;688044517;688044845;0;-1.3312635;12.25;0.20526862;0.14846627;12.469688;0.0001351604;0.00010916581;0;0;1
688738107;688563329;688566683;0;-1.3312635;12.25;0.20555782;0.1357849;12.469479;0.00013554381;9.510241e-05;0;0;1
689260101;689082174;689088521;0;-1.1832924;12.25;0.045059085;0.13974956;12.469372;6.5129866e-06;0.00010073209;0;0;1
689772798;689600749;689601362;0;-1.1436577;12.25;-0.0038528442;0.11124091;12.468759;4.762113e-08;7.798648e-05;0;0;1
690231855;690059942;690060267;0;-1.2467079;12.25;0.102354884;0.074735664;12.468509;3.3609544e-05;5.559799e-05;0;0;1
690753706;690578686;690582058;0;-1.2467079;12.25;0.10881853;0.04603153;12.468712;3.7987797e-05;2.3256374e-05;0;0;1
691212499;691040833;691040916;0;-1.1436577;12.25;0.010737538;0.046766035;12.468673;3.698701e-07;1.70416e-05;0;0;1
691734382;691559441;691562754;0;-1.2467079;12.25;0.109696984;0.024416802;12.469024;3.8602633e-05;-8.4201965e-06;0;0;1
692256043;692078193;692084639;0;-1.1013803;12.25;-0.04383111;0.00954382;12.469662;6.162689e-06;-3.3764246e-07;0;0;1
692768873;692596882;692597433;0;-1.2467079;12.25;0.10951543;-0.020239303;12.469762;3.847268e-05;-2.0119347e-05;0;0;1
693236780;693058768;693065288;0;-1.1013803;12.25;-0.041352272;-0.0028096016;12.470744;5.4848706e-06;-3.8695084e-06;0;0;1
693749719;693577521;693578128;0;-1.2044315;12.25;0.04737091;0.030547569;12.4710655;7.1974705e-06;1.1340057e-05;0;0;1
694271426;694096334;694099966;0;-1.0168266;12.25;-0.15680623;0.04154447;12.472083;7.885834e-05;2.940908e-05;0;0;1
694730479;694555546;694558871;0;-1.1647968;12.25;-0.014170527;0.04652624;12.472688;6.439794e-07;2.782356e-05;0;0;1
695252253;695074213;695080662;0;-1.2255707;12.25;0.043536305;0.06943944;12.473808;6.078047e-06;3.806758e-05;0;0;1
695764963;695592907;695593550;0;-1.059104;12.25;-0.10049975;0.020358102;12.474264;3.238732e-05;1.5620708e-05;0;0;1
696233035;696055031;696061357;0;-1.2044315;12.25;0.07124555;0.046022896;12.47541;1.6274988e-05;3.328766e-05;0;0;1
696745601;696573702;696574198;0;-1.2044315;12.25;0.10706842;0.08811836;12.475722;3.6755056e-05;5.1882187e-05;0;0;1
697267501;697092434;697096036;0;-1.0802431;12.25;0.047962666;0.062323354;12.476582;7.375152e-06;3.245074e-05;0;0;1
697726326;697554527;697554893;0;-0.9771919;12.25;0.012793779;0.109330095;12.476868;5.247496e-07;8.080175e-05;0;0;1
698248316;698073359;698076731;0;-1.1013803;12.25;0.21123546;0.2013383;12.477489;0.00014304295;0.00018074212;0;0;1
698770037;698591950;698598569;0;-1.0802431;12.25;0.26150662;0.30442086;12.477912;0.00021922166;0.00035038995;0;0;1
699228886;699051219;699057474;0;-1.1436577;12.25;0.39266932;0.38410518;12.477702;0.0004942871;0.00051538675;0;0;1
699741688;699569960;699570267;0;-1.3101244;12.25;0.6386736;0.4827972;12.477115;0.0013076869;0.0008120178;0;0;1
700263593;700088599;700092151;0;-1.2467079;12.25;0.64462125;0.5554635;12.477052;0.0013321626;0.0010603657;0;0;1
700722550;700550624;700550962;0;-1.1225195;12.25;0.57525176;0.61109465;12.476561;0.0010609161;0.0012469868;0;0;1
701244199;701069255;701072799;0;-1.2255707;12.25;0.7633392;0.64922476;12.476121;0.0018681666;0.0013832252;0;0;1
701766238;701588029;701594637;0;-1.1225195;12.25;0.730152;0.7246844;12.4754925;0.0017093417;0.0017256098;0;0;1
702225064;702050035;702053494;0;-1.2678471;12.25;0.927472;0.79976463;12.474511;0.002758278;0.0020980486;0;0;1
702746974;702568778;702575332;0;-1.0802431;12.25;0.8012613;0.8372378;12.473756;0.0020587854;0.0022730564;0;0;1
703259655;703087595;703088172;0;-1.1436577;12.25;0.91583407;0.88882506;12.472303;0.0026899667;0.002560105;0;0;1
703718450;703546727;703547030;0;-1.2889853;12.25;1.0740539;0.90127116;12.471173;0.0037000265;0.0026316473;0;0;1
704240294;704065567;704068867;0;-1.2467079;12.25;1.059566;0.94343835;12.470305;0.0036011315;0.002889798;0;0;1
704762139;704584326;704590751;0;-1.4765911;12.25;1.328673;1.0199759;12.469457;0.0056630275;0.0034134956;0;0;1
705221014;705046232;705049564;0;-1.0802431;12.25;0.9469938;1.0391679;12.468419;0.00287702;0.0035072572;0;0;1
705743014;705564855;705571399;0;-1.0168266;12.25;0.90499604;1.0545871;12.467654;0.0026276566;0.003621789;0;0;1
706255866;706083907;706084239;0;-1.3101244;12.25;1.2194219;1.0721326;12.4664135;0.004771187;0.0037290235;0;0;1
706723952;706545980;706552093;0;-1.2467079;12.25;1.1727225;1.0844663;12.466236;0.004412809;0.0037972815;0;0;1
707236444;707064581;707064980;0;-1.2044315;12.25;1.1207054;1.0857826;12.465415;0.0040302887;0.0038025784;0;0;1
707758421;707583336;707586770;0;-0.93491554;12.25;0.84917283;1.1066191;12.465323;0.0023139215;0.0039768307;0;0;1
708217032;708042564;708045627;0;-1.2044315;12.25;1.1401438;1.1145271;12.4650345;0.0041714376;0.0040135533;0;0;1
708738936;708561146;708567464;0;-1.1832924;12.25;1.1229217;1.1375023;12.465348;0.0040462674;0.0041749184;0;0;1
709251889;709079832;709080305;0;-1.1832924;12.25;1.1105642;1.1341748;12.465357;0.003957698;0.0041408683;0;0;1
709773612;709598534;709602142;0;-1.0379648;12.25;0.9513145;1.1179677;12.466228;0.0029038433;0.004043112;0;0;1
710232470;710060539;710060999;0;-1.2467079;12.25;1.1318498;1.1381238;12.46685;0.004110369;0.004177713;0;0;1
710754465;710579247;710582836;0;-1.455452;12.25;1.2827364;1.1721182;12.468187;0.005278755;0.0044219885;0;0;1
711213412;711041364;711041693;0;-1.2044315;12.25;0.9813793;1.0884485;12.469264;0.0030895337;0.0038392956;0;0;1
711735280;711560130;711563577;0;-1.2255707;12.25;0.90107477;1.1018904;12.470942;0.0026042485;0.0039356337;0;0;1
712257138;712078772;712085367;0;-1.3920355;12.25;0.99811924;0.98567253;12.472803;0.0031949258;0.0031755592;0;0;1
712769702;712597416;712598254;0;-1.2678471;12.25;0.7503796;0.91391176;12.474063;0.0018055692;0.0027427797;0;0;1
713228811;713056784;713057064;0;-1.059104;12.25;0.46908927;0.7663412;12.4756;0.00070552033;0.0019900969;0;0;1
713750595;713575438;713578901;0;-1.1832924;12.25;0.46376354;0.6747322;12.477408;0.0006894913;0.0015414767;0;0;1
714272657;714094150;714100737;0;-1.1832924;12.25;0.35457367;0.5340039;12.479282;0.00040297984;0.0010037867;0;0;1
714731300;714556254;714559594;0;-1.3920355;12.25;0.4726103;0.43865922;12.480352;0.0007158788;0.0006852186;0;0;1
715253091;715074856;715081432;0;-1.2889853;12.25;0.2694155;0.32800817;12.481899;0.0002326079;0.00041975165;0;0;1
715766044;715593638;715594271;0;-1.3312635;12.25;0.21115255;0.20738883;12.48248;0.00014287353;0.00020219514;0;0;1
716233780;716055517;716062172;0;-1.1832924;12.25;-0.065975666;0.1342958;12.483836;1.3946958e-05;0.00011697212;0;0;1
716746392;716574325;716574965;0;-1.2044315;12.25;-0.14229405;-0.020336188;12.484288;6.487386e-05;2.9272735e-06;0;0;1
717268280;717093025;717096849;0;-1.2467079;12.25;-0.22258806;-0.082411945;12.485401;0.00015873079;-4.49827e-05;0;0;1
717727257;717552436;717555658;0;-1.2678471;12.25;-0.3026452;-0.16928774;12.48589;0.00029343241;-0.00013431927;0;0;1
718249040;718071185;718077495;0;-1.2467079;12.25;-0.43019402;-0.33337253;12.486957;0.0005928326;-0.00043203554;0;0;1
718762023;718589767;718590335;0;-1.1436577;12.25;-0.6289377;-0.47685525;12.487374;0.0012670803;-0.0008090097;0;0;1
719229756;719051563;719058188;0;-1.2255707;12.25;-0.6407112;-0.5587139;12.48881;0.0013148118;-0.0010775856;0;0;1
719742507;719570379;719571075;0;-1.2255707;12.25;-0.74814475;-0.66603124;12.489526;0.0017926078;-0.0014778605;0;0;1
720264259;720089123;720092865;0;-1.1647968;12.25;-0.9140787;-0.82781565;12.49113;0.0026756262;-0.002313203;0;0;1
720723122;720551131;720551721;0;-1.1647968;12.25;-1.0118811;-0.92498773;12.492148;0.0032785502;-0.0028245759;0;0;1
721244981;721070051;721073558;0;-1.1647968;12.25;-1.11168;-1.0619739;12.493989;0.0039565666;-0.0037108518;0;0;1
721766832;721588723;721595442;0;-1.1436577;12.25;-1.2491517;-1.147642;12.49613;0.004994762;-0.00427645;0;0;1
722225949;722047911;722054251;0;-1.0379648;12.25;-1.4830616;-1.1986183;12.497791;0.0070395526;-0.004663748;0;0;1
722738617;722566772;722567091;0;-1.059104;12.25;-1.5826528;-1.3743507;12.499542;0.008015621;-0.006156819;0;0;1
723260583;723085552;723088927;0;-1.1225195;12.25;-1.6269453;-1.5008689;12.502325;0.008468668;-0.0073163738;0;0;1
723719242;723547386;723547784;0;-1.2678471;12.25;-1.5969529;-1.5812995;12.504561;0.00815785;-0.008079304;0;0;1
724241089;724066119;724069667;0;-1.1436577;12.25;-1.8260725;-1.6840454;12.508087;0.01066363;-0.0091326125;0;0;1
724762890;724584815;724591457;0;-1.2255707;12.25;-1.6570704;-1.7213271;12.512466;0.008778069;-0.009511954;0;0;1
725221845;725046781;725050313;0;-0.9771919;12.25;-1.8116262;-1.7259729;12.515882;0.01048904;-0.009555094;0;0;1
725743768;725565500;725572150;0;-1.2467079;12.25;-1.4094093;-1.6054873;12.520269;0.0063463;-0.008308049;0;0;1
726256421;726084281;726084989;0;-1.0379648;12.25;-1.4566038;-1.486884;12.524059;0.00677638;-0.007132633;0;0;1
726715300;726543528;726543893;0;-1.1013803;12.25;-1.2471364;-1.3342688;12.527727;0.0049661016;-0.0057831714;0;0;1
727237303;727062277;727065682;0;-1.2467079;12.25;-0.9309764;-1.1278673;12.532435;0.0027663165;-0.004232074;0;0;1
727759180;727580949;727587518;0;-1.2889853;12.25;-0.7092978;-0.9570043;12.537031;0.0016051753;-0.00306026;0;0;1
728271939;728099659;728100358;0;-1.3920355;12.25;-0.4106878;-0.754796;12.540686;0.0005379753;-0.002004069;0;0;1
728739840;728561799;728568258;0;-1.1225195;12.25;-0.52133167;-0.6256151;12.54537;0.0008665722;-0.0013911297;0;0;1
729252521;729080508;729081050;0;-1.0379648;12.25;-0.41683435;-0.47333518;12.548631;0.0005538481;-0.00082699873;0;0;1
729720476;729542346;729548904;0;-1.1225195;12.25;-0.16794598;-0.32659996;12.552791;8.987915e-05;-0.0004416145;0;0;1
730233179;730061123;730061743;0;-0.93491554;12.25;-0.17898059;-0.18135555;12.555377;0.00010205683;-0.00019375567;0;0;1
730755184;730579929;730583579;0;-1.2678471;12.25;0.31289417;0.03489381;12.559387;0.00031180744;1.0565022e-05;0;0;1
731213939;731039161;731042482;0;-1.1436577;12.25;0.30243236;0.15376112;12.561475;0.00029125667;0.00013625434;0;0;1
731735852;731558007;731564272;0;-1.1436577;12.25;0.41184664;0.28498942;12.564131;0.00054000603;0.00033768464;0;0;1
732248688;732076700;732077158;0;-1.1647968;12.25;0.52257705;0.3784003;12.564733;0.0008693755;0.00051408657;0;0;1
732770570;732595336;732598947;0;-1.0379648;12.25;0.46244514;0.46147376;12.566017;0.0006807424;0.0007341795;0;0;1
733229240;733057454;733057803;0;-1.3101244;12.25;0.7764381;0.57231325;12.565947;0.0019190155;0.0011176037;0;0;1
733751216;733576072;733579640;0;-1.2255707;12.25;0.7480931;0.6100859;12.566688;0.0017813552;0.0012329095;0;0;1
734273132;734094868;734101523;0;-1.2044315;12.25;0.7680671;0.65984493;12.567025;0.0018776983;0.0014415948;0;0;1
734731925;734556805;734560332;0;-1.1647968;12.25;0.73207545;0.71353;12.566111;0.0017059676;0.0016755961;0;0;1
735253747;735075417;735082168;0;-1.1013803;12.25;0.6635001;0.7354997;12.565842;0.001401362;0.001755008;0;0;1
735766681;735594141;735595007;0;-1.1647968;12.25;0.7442751;0.77079016;12.564244;0.0017635614;0.0019171059;0;0;1
736225540;736053517;736053863;0;-1.1013803;12.25;0.6964631;0.78496534;12.562686;0.0015444496;0.0019914883;0;0;1
736747284;736572364;736575746;0;-1.2889853;12.25;0.9103889;0.8175884;12.561255;0.002639252;0.0021679488;0;0;1
737268979;737090998;737097535;0;-0.89263725;12.25;0.55533564;0.7700498;12.559749;0.0009821779;0.0019374044;0;0;1
737727810;737553040;737556391;0;-1.1647968;12.25;0.86586326;0.8048037;12.557657;0.0023880862;0.0021022172;0;0;1
738249668;738071622;738078227;0;-1.1832924;12.25;0.9248843;0.8496365;12.556316;0.0027250382;0.0023347978;0;0;1
738762534;738590431;738591066;0;-1.1013803;12.25;0.84092546;0.8937505;12.553928;0.0022531773;0.0025832087;0;0;1
739230804;739052568;739058919;0;-1.1647968;12.25;0.9042953;0.89555013;12.553114;0.002605728;0.0025770657;0;0;1
739743372;739571163;739571758;0;-1.1225195;12.25;0.8414408;0.91808766;12.550389;0.0022565757;0.002731411;0;0;1
740265038;740089804;740093594;0;-1.1436577;12.25;0.78926075;0.8991052;12.548947;0.0019856088;0.0026219676;0;0;1
740724239;740549093;740552450;0;-1.2044315;12.25;0.77453077;0.8727803;12.547376;0.0019124252;0.0025101402;0;0;1
741246270;741067860;741074333;0;-1.3497591;12.25;0.9092324;0.8225109;12.545248;0.0026359097;0.0022101207;0;0;1
741758652;741586519;741587125;0;-1.1647968;12.25;0.7193568;0.78796476;12.542479;0.0016503092;0.0020205888;0;0;1
742226385;742048513;742054978;0;-1.2255707;12.25;0.794806;0.76617545;12.541559;0.0020147946;0.0019334625;0;0;1
742739736;742567152;742567817;0;-1.1832924;12.25;0.7819394;0.7753098;12.538709;0.0019505334;0.0019480449;0;0;1
743261337;743085725;743089653;0;-1.1647968;12.25;0.7917061;0.77377534;12.536987;0.0019998378;0.0019337616;0;0;1
743720118;743547785;743548556;0;-0.8503599;12.25;0.4897062;0.78693336;12.534995;0.00076525647;0.0020403017;0;0;1
744241816;744066213;744070345;0;-1.1225195;12.25;0.77250075;0.8479243;12.5335045;0.0019045189;0.0023369107;0;0;1
744763635;744584851;744592181;0;-1.1436577;12.25;0.78742063;0.86727947;12.532342;0.0019789794;0.0024318837;0;0;1
745222697;745044282;745051037;0;-1.3312635;12.25;0.962626;0.85181886;12.530954;0.0029579513;0.0023789734;0;0;1
745735437;745563020;745563876;0;-1.1832924;12.25;0.7700944;0.86999196;12.529027;0.0018933484;0.0024818438;0;0;1
746257191;746081960;746085712;0;-1.0379648;12.25;0.5976317;0.824748;12.528103;0.0011403598;0.0022345097;0;0;1
746716024;746544271;746544568;0;-1.3312635;12.25;0.8751043;0.78795904;12.526551;0.00244539;0.0020283414;0;0;1
747238022;747062846;747066404;0;-1.2044315;12.25;0.7161319;0.74469185;12.525365;0.0016377803;0.0018455201;0;0;1
747759877;747581633;747588240;0;-1.0168266;12.25;0.4992031;0.6852326;12.523997;0.0007959239;0.0015608292;0;0;1
748272985;748100244;748101079;0;-1.1436577;12.25;0.59780717;0.6896492;12.521527;0.0011416288;0.001551888;0;0;1
748740507;748562334;748568932;0;-1.2678471;12.25;0.7237032;0.6197685;12.520585;0.0016732328;0.0012700345;0;0;1
749253210;749081072;749081818;0;-1.3101244;12.25;0.76542854;0.6380522;12.518024;0.0018721193;0.00134076;0;0;1
749775176;749599665;749603607;0;-1.2678471;12.25;0.64743876;0.6260128;12.517038;0.0013395404;0.001282968;0;0;1
750233896;750059133;750062463;0;-1.455452;12.25;0.8297252;0.6745423;12.514465;0.002200474;0.0014911251;0;0;1
750755976;750577808;750584299;0;-1.1013803;12.25;0.4629596;0.59480226;12.512806;0.0006851591;0.0011657526;0;0;1
751268753;751096529;751097138;0;-1.2467079;12.25;0.6248949;0.5818162;12.510279;0.001248553;0.0011239004;0;0;1
751736476;751558639;751564991;0;-1.2255707;12.25;0.64114577;0.6111216;12.509308;0.0013144385;0.0012237255;0;0;1
752249254;752077283;752077830;0;-1.2467079;12.25;0.64335454;0.58868605;12.507388;0.0013237138;0.0011339225;0;0;1
752771136;752595974;752599666;0;-1.2889853;12.25;0.6696233;0.5974579;12.506143;0.0014341604;0.001164837;0;0;1
753229957;753057975;753058522;0;-1.2678471;12.25;0.6649358;0.61493224;12.504515;0.0014143361;0.0012566962;0;0;1
753751803;753576798;753580405;0;-1.0168266;12.25;0.4807877;0.5868681;12.503351;0.00073950354;0.0011360268;0;0;1
754210720;754035967;754039213;0;-1.1013803;12.25;0.6115439;0.57054484;12.502353;0.0011965298;0.0010665283;0;0;1
754732485;754554734;754561049;0;-1.1436577;12.25;0.70399034;0.62873256;12.501947;0.0015856806;0.0013025639;0;0;1
755245513;755073506;755073888;0;-1.3101244;12.25;0.8733287;0.71495336;12.500703;0.0024405124;0.0016792062;0;0;1
755767348;755592164;755595725;0;-1.2255707;12.25;0.7877101;0.7131159;12.500291;0.0019855127;0.0016646219;0;0;1
756226098;756054298;756054628;0;-1.2678471;12.25;0.83039117;0.68813366;12.499608;0.0022066275;0.0015631574;0;0;1
756747847;756573116;756576416;0;-1.1013803;12.25;0.66266215;0.6747592;12.499557;0.0014052375;0.0014803428;0;0;1
757269737;757091856;757098252;0;-1.1225195;12.25;0.7058445;0.64779246;12.499546;0.0015943507;0.0013824676;0;0;1
757728542;757553602;757557108;0;-1.2889853;12.25;0.88813865;0.6434007;12.498956;0.0025243396;0.0013967834;0;0;1
758250526;758072334;758078992;0;-0.8503599;12.25;0.44538048;0.6521369;12.498875;0.0006348212;0.0014159479;0;0;1
758763256;758590942;758591783;0;-0.8292227;12.25;0.41362008;0.66084063;12.497986;0.0005475493;0.0014546573;0;0;1
759222223;759050592;759050640;0;-0.9983301;12.25;0.5771576;0.6434302;12.497387;0.0010661779;0.0013604647;0;0;1
759744098;759569502;759572476;0;-0.9560528;12.25;0.5332645;0.5850477;12.49716;0.0009101942;0.0011272087;0;0;1
760265976;760088361;760094312;0;-0.9137764;12.25;0.49521083;0.54021794;12.497022;0.0007849351;0.00095878134;0;0;1
760724616;760550463;760553215;0;-1.059104;12.25;0.64150333;0.55031484;12.496571;0.0013172462;0.0010001564;0;0;1
761246404;761069265;761075004;0;-0.93491554;12.25;0.49850684;0.5227038;12.496329;0.00079546263;0.00090323866;0;0;1
761768283;761587913;761596840;0;-0.87149906;12.25;0.39892283;0.53966343;12.496261;0.0005093985;0.0009648235;0;0;1
762227154;762049939;762055696;0;-1.0168266;12.25;0.5267506;0.5178979;12.495691;0.00088819803;0.00088220247;0;0;1
762748976;762568542;762577579;0;-1.2044315;12.25;0.69806355;0.5358502;12.495446;0.001559905;0.0009738648;0;0;1
763261847;763087376;763090371;0;-1.1647968;12.25;0.6224339;0.5826128;12.494557;0.0012402968;0.001144559;0;0;1
763720805;763546760;763549227;0;-1.1225195;12.25;0.55136395;0.5670318;12.49372;0.00097329606;0.0010831694;0;0;1
764242684;764065341;764071063;0;-1.2467079;12.25;0.6279711;0.59446096;12.493277;0.0012625919;0.0011635139;0;0;1
764755452;764583846;764583902;0;-1.4131746;12.25;0.74775636;0.5886924;12.492186;0.0017903659;0.0011470143;0;0;1
765223403;765045719;765051802;0;-1.2255707;12.25;0.50589824;0.5636369;12.492104;0.0008195034;0.0010586658;0;0;1
765736168;765564250;765564594;0;-1.2678471;12.25;0.5047869;0.49624196;12.490934;0.0008159833;0.00082860823;0;0;1
766258008;766082859;766086477;0;-1.2467079;12.25;0.44045258;0.43412763;12.4906645;0.0006212591;0.0006454208;0;0;1
766716919;766544928;766545286;0;-1.2467079;12.25;0.42049766;0.36915755;12.490062;0.0005662687;0.0004780207;0;0;1
767238720;767063523;767067123;0;-1.1436577;12.25;0.28171843;0.34716934;12.489818;0.00025417592;0.0004271826;0;0;1
767760579;767582306;767588959;0;-1.1225195;12.25;0.23820269;0.27407247;12.489751;0.00018171867;0.00028800257;0;0;1
768219678;768041779;768047815;0;-1.1225195;12.25;0.21464795;0.30825198;12.489081;0.00014756488;0.00035425217;0;0;1
768732270;768560572;768560701;0;-1.2044315;12.25;0.25796705;0.3319471;12.488142;0.0002131526;0.00041604313;0;0;1
769253896;769079331;769082490;0;-1.1647968;12.25;0.18101203;0.35679528;12.488102;0.00010494903;0.0004678292;0;0;1
769712999;769541314;769541346;0;-1.2255707;12.25;0.21244073;0.31354645;12.487273;0.0001445666;0.0003605098;0;0;1
770234951;770059853;770063182;0;-1.3101244;12.25;0.28666902;0.2836865;12.487238;0.00026324196;0.00030177913;0;0;1
770756908;770578433;770585066;0;-1.3497591;12.25;0.32486403;0.24521245;12.486581;0.0003380802;0.0002468938;0;0;1
771269469;771097226;771097858;0;-1.3312635;12.25;0.28849792;0.27409995;12.48512;0.0002666568;0.00028099242;0;0;1
771737332;771559277;771565711;0;-1.2467079;12.25;0.19379187;0.25878128;12.484454;0.00012032657;0.00024213885;0;0;1
772250437;772077812;772078550;0;-1.3312635;12.25;0.27538955;0.24980825;12.482564;0.0002430251;0.00025356092;0;0;1
772772253;772596686;772600386;0;-1.3497591;12.25;0.31493866;0.24650913;12.481334;0.00031787102;0.00022628465;0;0;1
773230871;773055926;773059289;0;-1.2678471;12.25;0.24693811;0.23921219;12.479986;0.0001954439;0.00021175;0;0;1
773752662;773574760;773581078;0;-1.3708982;12.25;0.36275184;0.26580825;12.478975;0.00042179387;0.00027045078;0;0;1
774265816;774093510;774093965;0;-1.2255707;12.25;0.23108655;0.24973129;12.477264;0.00017119455;0.00023902881;0;0;1
774733381;774555625;774561771;0;-1.4977283;12.25;0.51060313;0.28323755;12.476507;0.0008358607;0.00030184793;0;0;1
775246089;775074403;775074610;0;-1.3101244;12.25;0.3257661;0.28341144;12.474876;0.00034027925;0.0002870576;0;0;1
775768104;775593373;775596446;0;-1.3497591;12.25;0.34062862;0.36870593;12.4741955;0.00037205723;0.0004907874;0;0;1
776235887;776055449;776064300;0;-1.455452;12.25;0.41765153;0.4055644;12.473982;0.0005593492;0.0005647453;0;0;1
776748774;776574127;776577139;0;-1.4765911;12.25;0.42039216;0.41232523;12.472895;0.00056676357;0.00057843246;0;0;1
777270403;777092838;777098975;0;-1.5400057;12.25;0.47077823;0.43158287;12.472448;0.0007107895;0.00063288026;0;0;1
777729443;777552156;777557880;0;-1.5400057;12.25;0.46948862;0.4019083;12.47176;0.0007069397;0.0005469725;0;0;1
778251073;778070866;778079668;0;-1.2678471;12.25;0.18550217;0.34721684;12.471413;0.000110367786;0.00042699964;0;0;1
778764120;778589596;778592554;0;-1.4131746;12.25;0.26742446;0.3468296;12.470556;0.00022939102;0.00041745955;0;0;1
779231821;779051648;779060361;0;-1.3920355;12.25;0.21916234;0.31661135;12.470678;0.00015406423;0.0003652859;0;0;1
780266700;780089024;780095036;0;-1.4765911;12.25;0.29585516;0.21054976;12.469928;0.00028077236;0.0002014244;0;0;1
780725541;780551150;780553892;0;-1.5188675;12.25;0.3240658;0.25032306;12.469665;0.00033687722;0.00024203649;0;0;1
781247352;781069753;781075729;0;-1.5188675;12.25;0.29845226;0.31786877;12.46987;0.00028572473;0.00036531876;0;0;1
781759997;781588557;781588570;0;-1.6007795;12.25;0.3820716;0.3406185;12.469563;0.00046827213;0.00040097375;0;0;1
782228023;782047749;782056468;0;-1.4343128;12.25;0.2302804;0.31574818;12.470083;0.00017010012;0.00034761397;0;0;1
782740891;782566585;782569260;0;-1.5188675;12.25;0.33910632;0.34199104;12.469738;0.00036887094;0.00039817858;0;0;1
783262559;783085400;783091144;0;-1.6641951;12.25;0.5307375;0.3510854;12.4700985;0.0009035448;0.00043895614;0;0;1
783721427;783547231;783549953;0;-1.4765911;12.25;0.375489;0.4026543;12.470112;0.0004522557;0.00057793385;0;0;1
784243230;784065969;784071789;0;-1.5585022;12.25;0.50968015;0.44834712;12.470532;0.0008332406;0.00070384954;0;0;1
784765237;784584630;784593626;0;-1.4977283;12.25;0.49960053;0.5154379;12.471098;0.0008005733;0.00090340467;0;0;1
785224086;785046744;785052482;0;-1.5400057;12.25;0.5977477;0.55559057;12.471242;0.0011460038;0.0010258813;0;0;1
785746021;785565418;785574318;0;-1.3708982;12.25;0.51050645;0.5484682;12.4719;0.00083585293;0.000980874;0;0;1
786258729;786084129;786087158;0;-1.6007795;12.25;0.81182283;0.69387865;12.472008;0.0021137137;0.0016115407;0;0;1
786717556;786543348;786546014;0;-1.4343128;12.25;0.70577323;0.7720261;12.472472;0.0015974889;0.00198338;0;0;1
787239489;787062134;787067851;0;-1.6219187;12.25;0.97516805;0.86374325;12.473441;0.003049528;0.0024490538;0;0;1
787761296;787580938;787589734;0;-1.5585022;12.25;0.9915626;0.9620464;12.474582;0.0031526394;0.0030224596;0;0;1
788274243;788099730;788102526;0;-1.6007795;12.25;1.1086546;1.0686165;12.47513;0.003941009;0.003719724;0;0;1
788741956;788561659;788570380;0;-1.6007795;12.25;1.1876712;1.1331904;12.476597;0.004522268;0.0041557043;0;0;1
789254860;789080297;789083219;0;-1.4765911;12.25;1.1632305;1.153666;12.477403;0.004337779;0.0042918134;0;0;1
789722703;789542518;789551073;0;-1.3920355;12.25;1.173244;1.2087733;12.479109;0.0044121784;0.0047428994;0;0;1
790235487;790061259;790063959;0;-1.5585022;12.25;1.4484484;1.2837698;12.480173;0.0067242747;0.005343736;0;0;1
790757354;790580043;790585749;0;-1.5188675;12.25;1.5200334;1.3843815;12.481941;0.0074043013;0.006193116;0;0;1
791216167;791039331;791044605;0;-1.5188675;12.25;1.6104641;1.4888772;12.483235;0.008310649;0.0071615893;0;0;1
791738031;791558070;791566442;0;-1.6007795;12.25;1.7898318;1.6347741;12.485286;0.0102632735;0.008630813;0;0;1
792250905;792076939;792079281;0;-1.5188675;12.25;1.7925258;1.7489359;12.486603;0.0102931075;0.009864325;0;0;1
792772734;792595715;792601117;0;-1.6641951;12.25;2.0178647;1.8917762;12.488667;0.013041513;0.011547867;0;0;1
793231605;793057825;793059974;0;-1.5400057;12.25;1.9638134;1.9509455;12.4902315;0.012350653;0.012246887;0;0;1
793753440;793576618;793581810;0;-1.7064724;12.25;2.2121906;2.0430226;12.492424;0.015669616;0.013421355;0;0;1
794212278;794038525;794040667;0;-1.7883835;12.25;2.355688;2.1281915;12.493976;0.017766215;0.014564615;0;0;1
794734068;794557340;794562550;0;-1.5188675;12.25;2.156161;2.1815538;12.496245;0.014881369;0.015274392;0;0;1
795255812;795076056;795084340;0;-1.5796404;12.25;2.2918472;2.2308288;12.498441;0.016810302;0.015966913;0;0;1
795768820;795594635;795597226;0;-1.5796404;12.25;2.3548527;2.2890735;12.499784;0.017745366;0.016798923;0;0;1
796227671;796053958;796056036;0;-1.7461071;12.25;2.5767474;2.3609595;12.501228;0.021244721;0.017903535;0;0;1
796749357;796572667;796577872;0;-1.6219187;12.25;2.51048;2.4168365;12.503354;0.02016262;0.018741218;0;0;1
797271316;797091432;797099709;0;-1.4765911;12.25;2.442108;2.4753406;12.505323;0.019076327;0.019656405;0;0;1
797730505;797553380;797558565;0;-1.6641951;12.25;2.7427144;2.5797637;12.506668;0.024059111;0.021385934;0;0;1
798252350;798072210;798080402;0;-1.5188675;12.25;2.7207441;2.711789;12.508876;0.023671027;0.023593932;0;0;1
798764860;798591013;798593241;0;-1.4977283;12.25;2.8148317;2.8027372;12.510606;0.025332995;0.025173001;0;0;1
799232522;799052825;799061142;0;-1.5188675;12.25;2.9004693;2.8936543;12.513065;0.026892604;0.026819501;0;0;1
799745708;799571727;799573935;0;-1.5400057;12.25;2.8997278;2.8925483;12.514036;0.02687677;0.02678146;0;0;1
800267492;800090176;800095818;0;-1.3920355;12.25;2.6610007;2.8681996;12.515461;0.022630967;0.026339939;0;0;1
800726291;800549566;800554628;0;-1.5796404;12.25;2.7182717;2.7808158;12.516048;0.023614487;0.024764689;0;0;1
801247879;801068237;801076464;0;-1.5400057;12.25;2.4744368;2.6392887;12.516938;0.019566564;0.02233436;0;0;1
801760756;801586965;801589304;0;-1.8306608;12.25;2.5284603;2.472451;12.516868;0.020430386;0.019635743;0;0;1
802228634;802049103;802057157;0;-1.7672462;12.25;2.3676963;2.3744338;12.518041;0.0179133;0.018113548;0;0;1
802741568;802567670;802570044;0;-1.4131746;12.25;1.9138329;2.2110295;12.517727;0.011704222;0.015745232;0;0;1
803263747;803086425;803091834;0;-1.5400057;12.25;1.9683998;2.1352913;12.518057;0.012380827;0.014638276;0;0;1
803722166;803548455;803550690;0;-1.4977283;12.25;1.8749585;2.058626;12.517674;0.0112336185;0.013615341;0;0;1
804244132;804067292;804072527;0;-1.6007795;12.25;1.9405456;2.0028055;12.517607;0.012033345;0.012867015;0;0;1
804766019;804586222;804594411;0;-1.6430559;12.25;1.9578094;1.9754454;12.517366;0.012248639;0.0125039825;0;0;1
805224873;805045530;805053220;0;-1.5188675;12.25;1.8225514;1.9184394;12.516543;0.01061537;0.011796597;0;0;1
805737599;805564416;805566060;0;-1.455452;12.25;1.7560097;1.917619;12.515171;0.009855463;0.011779102;0;0;1
806259349;806083124;806087896;0;-1.3497591;12.25;1.6779778;1.8412309;12.514785;0.008999306;0.0108650485;0;0;1
806718260;806545133;806546753;0;-1.5796404;12.25;1.9017155;1.9107782;12.513981;0.011559941;0.011709005;0;0;1
807240065;807064007;807068637;0;-1.7461071;12.25;2.0156808;1.9008241;12.513351;0.012987629;0.011573012;0;0;1
807762119;807582619;807590426;0;-1.6641951;12.25;1.874042;1.8481063;12.512813;0.011227;0.010963623;0;0;1
808220801;808044721;808049283;0;-1.3708982;12.25;1.5974427;1.8030416;12.511967;0.008158025;0.010455604;0;0;1
808742730;808563339;808571119;0;-1.6007795;12.25;1.8750002;1.8236278;12.511632;0.011239544;0.010669768;0;0;1
809255524;809082204;809083959;0;-1.8306608;12.25;2.1455548;1.9029462;12.510479;0.01471856;0.011636894;0;0;1
809714375;809541469;809542863;0;-1.724968;12.25;2.070831;1.9324166;12.509681;0.013712073;0.012009735;0;0;1
810236038;810060130;810064653;0;-1.4765911;12.25;1.8736619;1.9160554;12.509367;0.011225537;0.0117870495;0;0;1
810758082;810578846;810586489;0;-1.6641951;12.25;2.115524;1.9730188;12.509111;0.014310983;0.012485163;0;0;1
811270977;811097550;811099329;0;-1.4977283;12.25;1.9951036;2.0101397;12.507955;0.012729303;0.012953948;0;0;1
811738756;811559640;811567230;0;-1.6430559;12.25;2.1882873;2.074765;12.5080595;0.01531365;0.013797283;0;0;1
812251644;812078245;812080023;0;-1.5585022;12.25;2.1546516;2.0947971;12.507015;0.014847743;0.014059917;0;0;1
812773463;812597017;812601906;0;-1.5585022;12.25;2.1950452;2.183553;12.506712;0.015410041;0.015300084;0;0;1
813232340;813058953;813060716;0;-1.4765911;12.25;2.14738;2.203103;12.5060835;0.014748794;0.015549174;0;0;1
813754119;813577727;813582553;0;-1.4343128;12.25;2.165004;2.1809866;12.505934;0.014992059;0.015240487;0;0;1
814212860;814037144;814041456;0;-1.7461071;12.25;2.5007203;2.3217607;12.505377;0.020002922;0.017312236;0;0;1
814734787;814555805;814563246;0;-1.6853333;12.25;2.4750135;2.3538382;12.505259;0.01959397;0.017788505;0;0;1
815247709;815074687;815076133;0;-1.7461071;12.25;2.5707455;2.3726807;12.504403;0.021140497;0.018054157;0;0;1
815769659;815593625;815597923;0;-1.7064724;12.25;2.5636883;2.4074602;12.504366;0.021024648;0.018571997;0;0;1
816228356;816055818;816056779;0;-1.5796404;12.25;2.453175;2.4364197;12.503907;0.0192518;0.01901611;0;0;1
816750243;816574469;816578616;0;-1.5796404;12.25;2.478918;2.4664547;12.503894;0.019657988;0.01949886;0;0;1
817272117;817093147;817100500;0;-1.6430559;12.25;2.561946;2.525614;12.50402;0.020996662;0.020477634;0;0;1
817730988;817555254;817559309;0;-1.5188675;12.25;2.4236574;2.5927289;12.503696;0.018791612;0.021569546;0;0;1
818252716;818073922;818081146;0;-1.724968;12.25;2.6450052;2.5500507;12.503835;0.022380503;0.020848874;0;0;1
818765435;818592755;818593986;0;-1.8095226;12.25;2.7144768;2.596963;12.503188;0.023572817;0.021611096;0;0;1
819224308;819051940;819052843;0;-1.8729382;12.25;2.7673712;2.630378;12.502998;0.024500823;0.022167671;0;0;1
819746183;819570535;819574727;0;-1.8518;12.25;2.7560568;2.58252;12.503324;0.024300255;0.021380473;0;0;1
820267995;820089409;820096517;0;-1.6430559;12.25;2.5416913;2.5591767;12.503539;0.020666772;0.0209871;0;0;1
820726857;820551426;820555373;0;-1.7672462;12.25;2.6561856;2.5857887;12.503368;0.022570949;0.021438193;0;0;1
821248749;821070103;821077210;0;-1.7064724;12.25;2.5719087;2.5929778;12.503606;0.021160983;0.021547336;0;0;1
821761443;821588835;821590050;0;-1.8729382;12.25;2.7130923;2.5842597;12.503027;0.02354908;0.021423852;0;0;1
822229358;822050985;822057904;0;-1.4977283;12.25;2.333233;2.4912868;12.50358;0.017415738;0.01990832;0;0;1
822742318;822569470;822570743;0;-1.7064724;12.25;2.52629;2.4881382;12.502919;0.020418083;0.01984219;0;0;1
823264021;823088054;823092580;0;-1.7883835;12.25;2.5811048;2.4994714;12.503037;0.021313546;0.020032795;0;0;1
823722872;823547521;823551437;0;-1.6219187;12.25;2.4019892;2.4411483;12.502644;0.018458663;0.01910107;0;0;1
824244902;824066373;824073321;0;-1.5400057;12.25;2.3379407;2.4121084;12.502698;0.01748732;0.018640438;0;0;1
824757561;824585048;824586114;0;-1.6430559;12.25;2.415555;2.393005;12.501967;0.018668761;0.018356595;0;0;1
825225900;825046951;825053967;0;-1.455452;12.25;2.1844077;2.3440015;12.502186;0.015266568;0.01762231;0;0;1
825738436;825565726;825566807;0;-1.4343128;12.25;2.1424866;2.2513168;12.501332;0.014687231;0.016281271;0;0;1
826260041;826084678;826088644;0;-1.455452;12.25;2.152707;2.2212036;12.501185;0.014827866;0.015824148;0;0;1
826719176;826546761;826547548;0;-1.4765911;12.25;2.1455543;2.2536783;12.500539;0.014730255;0.016280994;0;0;1
827240985;827065692;827069337;0;-1.3708982;12.25;2.0096996;2.2418828;12.500343;0.0129241;0.016121473;0;0;1
827762927;827584464;827591175;0;-1.6007795;12.25;2.1828895;2.2376742;12.500181;0.0152478;0.01605775;0;0;1
828221652;828043970;828050031;0;-1.6430559;12.25;2.1868687;2.1924531;12.499461;0.015304321;0.0154294735;0;0;1
828734693;828562403;828562871;0;-1.6007795;12.25;2.0967329;2.1252513;12.498376;0.014069952;0.014486233;0;0;1
829256456;829081145;829084708;0;-1.2255707;12.25;1.6941085;2.0740218;12.498013;0.009185472;0.013868903;0;0;1
829714953;829543241;829543564;0;-1.5400057;12.25;2.008086;2.0327308;12.497332;0.012906465;0.01331427;0;0;1
830237033;830061940;830065401;0;-1.724968;12.25;2.1560624;2.0869482;12.497068;0.0148790255;0.013997913;0;0;1
830759180;830580550;830587238;0;-1.5796404;12.25;1.9674796;2.0430052;12.496754;0.012390341;0.013403825;0;0;1
831271598;831099443;831100078;0;-1.7064724;12.25;2.0527737;1.9739047;12.495655;0.013489105;0.012528555;0;0;1
831739324;831561325;831567931;0;-1.6641951;12.25;1.997099;1.9159788;12.495547;0.0127674425;0.011809535;0;0;1
832252648;832080123;832080818;0;-1.5400057;12.25;1.8540928;1.8987311;12.494379;0.011005462;0.011571923;0;0;1
832774298;832598946;832602608;0;-1.724968;12.25;2.04821;1.939496;12.49403;0.013430939;0.01206715;0;0;1
833233097;833058156;833061465;0;-1.5400057;12.25;1.8733411;1.941094;12.493473;0.011235969;0.0120836655;0;0;1
833754790;833576794;833583301;0;-1.3708982;12.25;1.7043537;1.8722361;12.493225;0.009300469;0.011269823;0;0;1
834267928;834095518;834096141;0;-1.4977283;12.25;1.7823436;1.8526044;12.4921875;0.010171954;0.011019345;0;0;1
834735624;834557484;834563995;0;-1.5585022;12.25;1.8005766;1.8190914;12.492351;0.010380995;0.010637619;0;0;1
835248438;835076428;835076835;0;-1.5400057;12.25;1.7410332;1.8068521;12.491344;0.00970655;0.010485918;0;0;1
835770198;835594924;835598672;0;-1.6219187;12.25;1.8443696;1.8193265;12.49113;0.010893167;0.010617882;0;0;1
836229151;836056995;836057528;0;-1.3920355;12.25;1.6699377;1.7694219;12.490693;0.008930463;0.010053182;0;0;1
836750893;836575945;836579412;0;-1.7461071;12.25;2.0534935;1.8817648;12.490597;0.013504032;0.011426786;0;0;1
837272812;837094583;837101202;0;-1.5796404;12.25;1.9140813;1.9163059;12.490718;0.0117325755;0.011805482;0;0;1
837731674;837554040;837560058;0;-1.4977283;12.25;1.8263189;1.9100162;12.490591;0.01068145;0.011710896;0;0;1
838244369;838072567;838072898;0;-1.4977283;12.25;1.7020855;1.9019054;12.489949;0.009278164;0.011624081;0;0;1
838766140;838591372;838594735;0;-1.4765911;12.25;1.5504645;1.8092294;12.490026;0.007698751;0.010537069;0;0;1
839225020;839053284;839053638;0;-1.5400057;12.25;1.4608059;1.6522276;12.489596;0.0068343407;0.00883416;0;0;1
839746859;839572123;839575428;0;-1.8940763;12.25;1.6068939;1.4586737;12.48941;0.008269751;0.0069603613;0;0;1
840268820;840090919;840097265;0;-1.4765911;12.25;1.0675201;1.3403783;12.4894285;0.003649804;0.005873116;0;0;1
840727728;840552766;840556121;0;-1.6430559;12.25;1.1641107;1.2629343;12.489071;0.0043402864;0.0052022277;0;0;1
841249467;841071501;841078005;0;-1.6641951;12.25;1.1249995;1.1557237;12.48907;0.004053541;0.004349363;0;0;1
841762266;841590172;841590798;0;-1.5188675;12.25;0.95403916;1.0305545;12.4882555;0.0029153493;0.0034950145;0;0;1
842221045;842049529;842049654;0;-1.6853333;12.25;1.048079;1.0313016;12.487726;0.0035185576;0.0034568475;0;0;1
842742934;842568256;842571491;0;-1.8095226;12.25;1.1419531;1.0335441;12.487562;0.004177138;0.0034766335;0;0;1
843264929;843087240;843093328;0;-1.5188675;12.25;0.8413478;0.9548371;12.487308;0.002267474;0.00297235;0;0;1
843723755;843549291;843552231;0;-1.455452;12.25;0.7639549;0.9398636;12.486618;0.001869608;0.0028733502;0;0;1
844245614;844068059;844074021;0;-1.3920355;12.25;0.6885425;0.8838883;12.48621;0.0015187659;0.0025558115;0;0;1
844758503;844586807;844586908;0;-1.7672462;12.25;1.0413604;0.89195615;12.485099;0.0034743221;0.002595449;0;0;1
845226321;845048720;845054714;0;-1.5400057;12.25;0.7904342;0.83122694;12.485071;0.0020017065;0.0022520227;0;0;1
845739187;845567475;845567553;0;-1.6219187;12.25;0.83090574;0.8177077;12.484087;0.00221211;0.0021640249;0;0;1
846261014;846086303;846089390;0;-1.5400057;12.25;0.6955377;0.7823003;12.483841;0.0015500764;0.002000016;0;0;1
846719673;846545640;846548247;0;-1.2255707;12.25;0.3392241;0.69311255;12.483374;0.000368724;0.0016129451;0;0;1
847241706;847064594;847070083;0;-1.7883835;12.25;0.93575245;0.74381125;12.483377;0.0028057555;0.001848123;0;0;1
847763456;847583071;847591920;0;-1.6007795;12.25;0.78580755;0.74978447;12.483263;0.0019786286;0.001832814;0;0;1
848222336;848045094;848050824;0;-1.6007795;12.25;0.82481205;0.794525;12.482703;0.0021800243;0.0020450559;0;0;1
848744097;848563932;848572613;0;-1.7461071;12.25;0.9964012;0.8600793;12.482393;0.00318149;0.0024083813;0;0;1
849257078;849082731;849085500;0;-1.5585022;12.25;0.84558386;0.84610105;12.481424;0.0022914438;0.0023230598;0;0;1
849724776;849544669;849553306;0;-1.4977283;12.25;0.8284317;0.8590267;12.481594;0.0021993958;0.0023986711;0;0;1
850237574;850063350;850066146;0;-1.4977283;12.25;0.8718362;0.8860397;12.480721;0.0024360719;0.0025349217;0;0;1
850759470;850581973;850587982;0;-1.6641951;12.25;1.0863733;0.9192172;12.480621;0.0037825264;0.00275693;0;0;1
851272399;851100683;851100822;0;-1.4977283;12.25;0.9617918;0.9388185;12.479856;0.002964917;0.0028687778;0;0;1
851740299;851559919;851568675;0;-1.4977283;12.25;0.9968648;1.0346808;12.480194;0.0031850128;0.0035082265;0;0;1
852253145;852078575;852081515;0;-1.6853333;12.25;1.2076164;1.0999949;12.479631;0.004674297;0.0039430805;0;0;1
852721197;852540528;852549419;0;-1.6641951;12.25;1.1649287;1.1573429;12.479995;0.004349549;0.004350775;0;0;1
853233870;853059240;853062208;0;-1.5188675;12.25;1.0293665;1.1039665;12.479576;0.0033962543;0.003940576;0;0;1
853755726;853578060;853584092;0;-1.3497591;12.25;0.87254345;1.1211597;12.479898;0.0024401867;0.0040847845;0;0;1
854268452;854096833;854096884;0;-1.7672462;12.25;1.3027128;1.1719786;12.479493;0.0054395176;0.004456778;0;0;1
854736603;854558722;854564737;0;-1.6853333;12.25;1.2465739;1.188685;12.4801235;0.0049805488;0.0045665773;0;0;1
855249059;855077307;855077577;0;-1.5796404;12.25;1.1461425;1.207199;12.479816;0.004210455;0.0047076964;0;0;1
855770969;855596051;855599414;0;-1.6641951;12.25;1.2462705;1.213914;12.480161;0.0049781096;0.004742597;0;0;1
856230196;856055236;856058317;0;-1.7461071;12.25;1.3472798;1.2150847;12.480077;0.005817794;0.0047596614;0;0;1
856752025;856574208;856580106;0;-1.7672462;12.25;1.3827035;1.204894;12.48044;0.006127569;0.004701178;0;0;1
857264385;857092924;857092993;0;-1.6430559;12.25;1.2578484;1.2156162;12.480172;0.005071028;0.0047599114;0;0;1
857732426;857554928;857560799;0;-1.5188675;12.25;1.1184474;1.2137457;12.48084;0.004009104;0.004749798;0;0;1
858254560;858073643;858082683;0;-1.6853333;12.25;1.2496302;1.2326266;12.481199;0.0050045694;0.0048926375;0;0;1
858767078;858592208;858595475;0;-1.6007795;12.25;1.1212937;1.192621;12.48091;0.004029512;0.004593685;0;0;1
859225897;859054158;859054332;0;-1.4977283;12.25;0.9405686;1.1434739;12.480789;0.0028352996;0.0042281155;0;0;1
859748058;859572828;859576168;0;-1.6007795;12.25;0.96408105;1.0277109;12.48113;0.002978744;0.0034513709;0;0;1
860269851;860091368;860098005;0;-1.5585022;12.25;0.8408406;0.9290231;12.481461;0.002265802;0.0028341513;0;0;1
860728512;860550596;860556908;0;-1.6641951;12.25;0.8767287;0.85731274;12.481518;0.0024633326;0.002411603;0;0;1
861241418;861069327;861069700;0;-1.5585022;12.25;0.7250098;0.81346244;12.481266;0.0016845702;0.0021550674;0;0;1
861763346;861587951;861591584;0;-1.6853333;12.25;0.8185016;0.7656892;12.481865;0.0021469384;0.0019162787;0;0;1
862222007;862049953;862050394;0;-1.4765911;12.25;0.552528;0.7051626;12.481702;0.0009783512;0.001629315;0;0;1
862743771;862568777;862572230;0;-1.4343128;12.25;0.5208714;0.65822864;12.481842;0.00086944544;0.0014244203;0;0;1
863265728;863087439;863094066;0;-1.5400057;12.25;0.6119361;0.68640506;12.481826;0.0012000353;0.0015512718;0;0;1
863724525;863549467;863552923;0;-1.7883835;12.25;0.8569245;0.64902234;12.481183;0.0023533653;0.0014239165;0;0;1
864246222;864068049;864074759;0;-1.4765911;12.25;0.53415734;0.64284647;12.480829;0.0009144395;0.001368263;0;0;1
864759173;864586871;864587599;0;-1.6219187;12.25;0.6812265;0.65877724;12.479734;0.0014874341;0.0014665468;0;0;1
865218068;865046000;865046455;0;-1.6007795;12.25;0.6742782;0.66001594;12.478982;0.0014573339;0.0014435533;0;0;1
865739987;865564656;865568292;0;-1.5400057;12.25;0.66397434;0.63835037;12.478418;0.0014131982;0.0013433412;0;0;1
866261559;866083554;866090175;0;-1.7064724;12.25;0.87179476;0.6881812;12.47801;0.0024363694;0.0015591431;0;0;1
866720616;866545693;866548984;0;-1.3920355;12.25;0.5731369;0.6704581;12.477257;0.001053071;0.0014829537;0;0;1
867242228;867064289;867070821;0;-1.7064724;12.25;0.8896742;0.73371273;12.4769535;0.0025375432;0.0017733657;0;0;1
867755126;867583183;867583660;0;-1.455452;12.25;0.613428;0.7174495;12.476173;0.0012064402;0.0016862609;0;0;1
868222946;868045040;868051514;0;-1.5400057;12.25;0.6628699;0.69847846;12.476437;0.0014087242;0.0015910036;0;0;1
868735976;868563737;868564400;0;-1.5400057;12.25;0.6281655;0.6595957;12.475918;0.0012651313;0.0014234772;0;0;1
869257633;869082406;869086190;0;-1.4343128;12.25;0.46959156;0.58940846;12.47625;0.00070699526;0.0011846412;0;0;1
869716521;869541754;869545046;0;-1.4977283;12.25;0.49856222;0.54408896;12.476161;0.00079692557;0.0009911148;0;0;1
870238387;870060374;870066883;0;-1.8095226;12.25;0.79695547;0.58010256;12.476521;0.0020362665;0.001124661;0;0;1
870751132;870579252;870579722;0;-1.455452;12.25;0.42375302;0.55161345;12.4759445;0.0005757211;0.001026517;0;0;1
871273014;871098276;871101559;0;-1.6430559;12.25;0.590456;0.5678042;12.475951;0.0011177931;0.0011059395;0;0;1
871740950;871560432;871569412;0;-1.4977283;12.25;0.40874863;0.55340946;12.476199;0.00053566135;0.0010409877;0;0;1
872253769;872079229;872082251;0;-1.6641951;12.25;0.54153764;0.5144319;12.475538;0.0009402817;0.0008939544;0;0;1
872775712;872598028;872604088;0;-1.6641951;12.25;0.50286734;0.49086446;12.475485;0.000810792;0.0008124186;0;0;1
873234567;873060172;873062991;0;-1.455452;12.25;0.27397645;0.43815175;12.475057;0.00024068219;0.0006682726;0;0;1
873756250;873578780;873584781;0;-1.455452;12.25;0.2687819;0.39783525;12.474924;0.00023164458;0.00053707964;0;0;1
874269096;874097546;874097667;0;-1.5796404;12.25;0.38795567;0.39863372;12.474021;0.00048263377;0.0005373509;0;0;1
874737081;874556768;874565473;0;-1.6007795;12.25;0.411062;0.38337275;12.474064;0.00054183457;0.000498569;0;0;1
875249906;875075418;875078313;0;-1.5796404;12.25;0.3807031;0.41829315;12.47309;0.00046479213;0.000603989;0;0;1
875771584;875594218;875600149;0;-1.5796404;12.25;0.38016474;0.42105332;12.472702;0.0004634929;0.00059211435;0;0;1
876230558;876056271;876059006;0;-1.6641951;12.25;0.45161915;0.47567105;12.4720745;0.0006541329;0.00074664433;0;0;1
876752350;876575184;876580842;0;-1.724968;12.25;0.50689805;0.47568285;12.4718;0.0008240852;0.00075511134;0;0;1
877211324;877037242;877039699;0;-1.7461071;12.25;0.51733255;0.50546217;12.471249;0.0008583999;0.00084187544;0;0;1
877733183;877555925;877561582;0;-1.6430559;12.25;0.41668367;0.47681165;12.471094;0.00055688876;0.0007602689;0;0;1
878255007;878074583;878083372;0;-1.6641951;12.25;0.4455769;0.44564745;12.470971;0.0006368029;0.00065638346;0;0;1
878767786;878593351;878596258;0;-1.6007795;12.25;0.39229167;0.45249385;12.470373;0.00049362675;0.0006729771;0;0;1
879226568;879052644;879055067;0;-1.6853333;12.25;0.48843586;0.46547976;12.470072;0.0007652549;0.00070975587;0;0;1
879748304;879571602;879576903;0;-1.7461071;12.25;0.5734999;0.46299428;12.470207;0.0010550014;0.000716266;0;0;1
880270167;880090346;880098740;0;-1.8095226;12.25;0.6589438;0.48359668;12.470461;0.0013927533;0.00079404627;0;0;1
880729063;880552399;880557596;0;-1.6853333;12.25;0.54484296;0.5303041;12.470397;0.00095218734;0.00094214233;0;0;1
881250912;881071043;881079433;0;-1.6007795;12.25;0.47486472;0.55256975;12.470748;0.00072328135;0.001026272;0;0;1
881763887;881589744;881592272;0;-1.6853333;12.25;0.59010935;0.55688655;12.470552;0.0011169643;0.0010282133;0;0;1
882231892;882051770;882060173;0;-1.8095226;12.25;0.74185026;0.5803416;12.47135;0.0017651394;0.001120502;0;0;1
882744584;882570550;882572965;0;-1.6641951;12.25;0.5747974;0.60305214;12.471254;0.0010596914;0.0011984486;0;0;1
883266370;883089318;883094848;0;-1.6219187;12.25;0.49818635;0.5777156;12.471704;0.00079600874;0.0011331711;0;0;1
883725588;883548650;883553657;0;-1.5796404;12.25;0.4190004;0.513322;12.471733;0.00056306954;0.00089195644;0;0;1
884247290;884067645;884075494;0;-1.8306608;12.25;0.6109959;0.53081405;12.47209;0.0011972844;0.0009458733;0;0;1
884759963;884586195;884588333;0;-1.7883835;12.25;0.5051795;0.48875907;12.471873;0.00081850204;0.0008073206;0;0;1
885227666;885048283;885056187;0;-1.7064724;12.25;0.36545205;0.4320993;12.472443;0.00042832093;0.0006287775;0;0;1
885740740;885566993;885569073;0;-1.8940763;12.25;0.5150471;0.36906525;12.472123;0.0008507725;0.0004883023;0;0;1
886262491;886085786;886090862;0;-1.6430559;12.25;0.2508217;0.31940234;12.472608;0.00020175905;0.0003644972;0;0;1
886721176;886547656;886549718;0;-1.6853333;12.25;0.2881856;0.32645974;12.47253;0.0002663483;0.00038152008;0;0;1
887243446;887066666;887071555;0;-1.6430559;12.25;0.24502385;0.31305683;12.472756;0.00019253703;0.00035985128;0;0;1
887765294;887585320;887593439;0;-1.6641951;12.25;0.27025497;0.31259462;12.4729595;0.0002342275;0.00034615045;0;0;1
888223832;888044743;888052248;0;-1.8518;12.25;0.45720613;0.35619524;12.472718;0.0006703829;0.00043988516;0;0;1
888736760;888563579;888565087;0;-1.8729382;12.25;0.4840219;0.33942357;12.472134;0.00075136207;0.00040604718;0;0;1
889258705;889082413;889086923;0;-1.6853333;12.25;0.29808307;0.33138546;12.472178;0.0002849655;0.00039230485;0;0;1
889717284;889544509;889545779;0;-1.8095226;12.25;0.43196762;0.34775513;12.471829;0.00059845595;0.00041212287;0;0;1
890239219;890063127;890067663;0;-1.7883835;12.25;0.41716766;0.3660476;12.471853;0.0005581492;0.00044459166;0;0;1
890760922;890581949;890589452;0;-1.7461071;12.25;0.37275124;0.41459635;12.471832;0.0004456233;0.00058108923;0;0;1
891219886;891044119;891048308;0;-1.6853333;12.25;0.32053077;0.3996708;12.471489;0.0003295195;0.00053433975;0;0;1
891741763;891562877;891570145;0;-1.8940763;12.25;0.53658533;0.44828704;12.471547;0.00092345825;0.0006672256;0;0;1
892254579;892081749;892082984;0;-1.6641951;12.25;0.3216169;0.41464478;12.470996;0.00033176955;0.0005696203;0;0;1
892713405;892540938;892541887;0;-1.7461071;12.25;0.4209622;0.42900136;12.470728;0.0005684005;0.00060517126;0;0;1
893235162;893059725;893063676;0;-1.8518;12.25;0.53149533;0.49676257;12.470935;0.00090606615;0.0008439636;0;0;1
893757002;893578367;893585513;0;-1.6641951;12.25;0.36028123;0.48095897;12.471125;0.00041632997;0.0007726147;0;0;1
894269783;894097128;894098352;0;-1.9125738;12.25;0.62008893;0.525686;12.470745;0.0012333194;0.0009401391;0;0;1
894737878;894559148;894566253;0;-1.9759884;12.25;0.6991186;0.5446899;12.471302;0.0015676529;0.0009865472;0;0;1
895250630;895077975;895079045;0;-1.7672462;12.25;0.5070931;0.5214977;12.470981;0.00082477357;0.0008960716;0;0;1
895772450;895596780;895600928;0;-1.8518;12.25;0.6162746;0.5341779;12.471375;0.0012181315;0.00093590026;0;0;1
896231212;896058842;896059737;0;-1.8306608;12.25;0.6078987;0.57953835;12.471383;0.0011852442;0.0011116406;0;0;1
896753145;896577934;896581573;0;-2.0182667;12.25;0.8123566;0.6307153;12.471915;0.0021165097;0.0013156759;0;0;1
897274952;897096567;897103410;0;-1.8095226;12.25;0.55435526;0.64408547;12.472408;0.0009855666;0.0013671761;0;0;1
897733874;897555921;897562266;0;-1.9125738;12.25;0.6228821;0.604167;12.472325;0.0012442977;0.0012022904;0;0;1
898246724;898074583;898075152;0;-1.7672462;12.25;0.45873058;0.5134912;12.472058;0.0006748966;0.00088631;0;0;1
898768496;898593394;898596942;0;-1.724968;12.25;0.39740002;0.4708498;12.472437;0.00050648255;0.0007479704;0;0;1
899227362;899055494;899055798;0;-1.7883835;12.25;0.4587022;0.40146723;12.472379;0.00067479577;0.0005716805;0;0;1
899749309;899574253;899577634;0;-1.9759884;12.25;0.62260413;0.45594102;12.472713;0.0012431486;0.00071017904;0;0;1
900271105;900093026;900099517;0;-1.8729382;12.25;0.4926684;0.46116602;12.473027;0.00077839044;0.0007241061;0;0;1
900729910;900554945;900558326;0;-1.8518;12.25;0.45145643;0.45452738;12.472914;0.00065361767;0.00069503265;0;0;1
901251719;901073521;901080162;0;-1.9548502;12.25;0.52779436;0.44294208;12.47315;0.0008933329;0.0006651068;0;0;1
901764494;901592279;901593002;0;-1.5585022;12.25;0.10635936;0.35652754;12.472768;3.627844e-05;0.00047215706;0;0;1
902223503;902051563;902051858;0;-1.7672462;12.25;0.31628346;0.3268729;12.47257;0.0003208167;0.0003940657;0;0;1
902745328;902570221;902573741;0;-1.7064724;12.25;0.27030003;0.29097235;12.4727;0.00023431047;0.00030827;0;0;1
903267118;903088931;903095530;0;-1.8518;12.25;0.44884408;0.29973793;12.472765;0.0006460829;0.0003260665;0;0;1
903725815;903550985;903554386;0;-1.8518;12.25;0.48423743;0.3635419;12.472378;0.00075201667;0.00049098494;0;0;1
904247883;904069631;904076223;0;-1.8095226;12.25;0.49770772;0.40524012;12.472324;0.0007944405;0.00056902244;0;0;1
904760670;904588433;904589062;0;-1.7064724;12.25;0.46335256;0.45957804;12.471593;0.0006885908;0.00073435676;0;0;1
905228505;905050492;905056915;0;-1.7672462;12.25;0.59035885;0.5481375;12.471821;0.0011177954;0.0010155671;0;0;1
905741186;905569124;905569754;0;-1.8729382;12.25;0.7261251;0.67528224;12.471378;0.0016910968;0.0015392635;0;0;1
906263244;906087796;906091590;0;-1.6430559;12.25;0.56218505;0.66319275;12.471544;0.0010136741;0.0014557495;0;0;1
906722063;906547129;906550446;0;-1.724968;12.25;0.7189801;0.7015543;12.471438;0.001657972;0.0016073389;0;0;1
907243732;907065964;907072329;0;-1.7672462;12.25;0.8423016;0.70244896;12.471979;0.0022754113;0.0016061723;0;0;1
907756586;907584693;907585121;0;-1.6007795;12.25;0.7397358;0.7306785;12.471799;0.0017550283;0.0017472446;0;0;1
908224403;908046679;908052974;0;-1.8095226;12.25;0.96968925;0.79382324;12.472518;0.003015581;0.0020674479;0;0;1
908737389;908565331;908565813;0;-1.8095226;12.25;0.9139905;0.8365025;12.472349;0.0026791382;0.0022832637;0;0;1
909259254;909084057;909087649;0;-1.6007795;12.25;0.71405214;0.79832375;12.472757;0.0016351491;0.002091848;0;0;1
909718003;909546234;909546552;0;-1.7064724;12.25;0.8486652;0.8234445;12.472956;0.0023097417;0.00219827;0;0;1
910239811;910064997;910068342;0;-1.5796404;12.25;0.7346332;0.785417;12.473326;0.0017306884;0.0020210426;0;0;1
910761699;910583751;910590178;0;-1.8940763;12.25;1.0543265;0.846413;12.473981;0.003564554;0.002379949;0;0;1
911274445;911102414;911103017;0;-1.6853333;12.25;0.8480522;0.9087022;12.473816;0.0023062471;0.0026970932;0;0;1
911733263;911561544;911561873;0;-1.6641951;12.25;0.84272766;0.8388896;12.473965;0.002277351;0.0022988012;0;0;1
912255366;912080188;912083709;0;-1.5796404;12.25;0.7543665;0.8228303;12.474449;0.0018247502;0.0022011492;0;0;1
912714267;912542252;912542565;0;-1.6007795;12.25;0.7819465;0.80701196;12.474627;0.0019605886;0.002104612;0;0;1
913236238;913061063;913064401;0;-1.6853333;12.25;0.7931184;0.84561;12.475104;0.002016935;0.0023337074;0;0;1
913757699;913579655;913586237;0;-1.6853333;12.25;0.6916107;0.7979218;12.475486;0.0015336488;0.002081576;0;0;1
914270707;914098457;914099076;0;-1.455452;12.25;0.3702135;0.78301126;12.475232;0.00043945646;0.0020719145;0;0;1
914738681;914560456;914566929;0;-1.9971275;12.25;0.8952483;0.7162865;12.475874;0.0025696622;0.0017507222;0;0;1
915251242;915079134;915079815;0;-1.8095226;12.25;0.6565064;0.69712484;12.475711;0.0013818874;0.001602416;0;0;1
915773000;915597804;915601605;0;-1.5585022;12.25;0.37501037;0.60378146;12.475953;0.0004508923;0.001227373;0;0;1
916232125;916057120;916060460;0;-1.7461071;12.25;0.5468111;0.54582167;12.475685;0.00095867243;0.0010049092;0;0;1
916754157;916575877;916582296;0;-1.6219187;12.25;0.40890968;0.5371555;12.476068;0.0005360892;0.0009625783;0;0;1
917266732;917094466;917095135;0;-1.7672462;12.25;0.56341183;0.4955786;12.475759;0.001017759;0.0008169921;0;0;1
917734433;917556588;917562988;0;-1.7883835;12.25;0.5521847;0.496737;12.476407;0.0009775505;0.00081365247;0;0;1
918247730;918075250;918075827;0;-1.933711;12.25;0.617707;0.48887053;12.476016;0.0012233456;0.0007961201;0;0;1
918769606;918593972;918597663;0;-1.8518;12.25;0.50468767;0.43200514;12.476365;0.0008166149;0.00063520233;0;0;1
919228167;919056003;919056519;0;-1.5585022;12.25;0.18837059;0.38388723;12.476333;0.000113762515;0.0005176312;0;0;1
919749940;919574721;919578402;0;-1.6430559;12.25;0.254228;0.3634036;12.47663;0.00020720939;0.00046230218;0;0;1
920271791;920093332;920100192;0;-1.5585022;12.25;0.12554634;0.35276505;12.476937;5.0531253e-05;0.00045562134;0;0;1
920730621;920552742;920559047;0;-1.933711;12.25;0.44638658;0.32246462;12.476814;0.00063882006;0.00037695977;0;0;1
921243355;921071447;921071886;0;-1.7883835;12.25;0.21202183;0.2267103;12.4762125;0.0001441247;0.00021133071;0;0;1
921765172;921590159;921593722;0;-1.7672462;12.25;0.13008666;0.1670445;12.476683;5.425333e-05;0.00012897735;0;0;1
922224223;922052189;922052625;0;-1.9759884;12.25;0.22502553;0.13203646;12.47639;0.00016234341;0.00010307279;0;0;1
922746059;922570825;922574414;0;-1.8306608;12.25;-0.04169309;0.022302028;12.47658;5.573046e-06;2.5169811e-05;0;0;1
923267959;923089644;923096250;0;-1.6430559;12.25;-0.32812023;-0.1509592;12.476636;0.0003451664;-0.00014396927;0;0;1
923726724;923551592;923555106;0;-1.724968;12.25;-0.3120432;-0.26049298;12.476183;0.00031218186;-0.0003074855;0;0;1
924248591;924070239;924076989;0;-1.6219187;12.25;-0.47054744;-0.36973402;12.475945;0.0007098937;-0.00051252445;0;0;1
924761346;924588963;924589781;0;-1.8729382;12.25;-0.24846053;-0.37685415;12.474758;0.00019794414;-0.0005194456;0;0;1
925220057;925048343;925048637;0;-1.6853333;12.25;-0.4348619;-0.36410385;12.474058;0.0006063941;-0.0004698444;0;0;1
925742006;925567431;925570473;0;-1.6641951;12.25;-0.452703;-0.40790528;12.473331;0.0006572102;-0.00056339544;0;0;1
926263744;926086039;926092309;0;-1.6641951;12.25;-0.4310894;-0.41763473;12.472447;0.0005959955;-0.0005948127;0;0;1
926722633;926548090;926551212;0;-1.7064724;12.25;-0.3251524;-0.434058;12.471182;0.00033909886;-0.0006299355;0;0;1
927244671;927066684;927073001;0;-1.7883835;12.25;-0.18627167;-0.3472867;12.47021;0.00011129607;-0.00043209115;0;0;1
927757271;927585233;927585887;0;-1.8729382;12.25;-0.08939338;-0.26244563;12.468613;2.5636135e-05;-0.0002703666;0;0;1
928225154;928047128;928053692;0;-1.6430559;12.25;-0.3221215;-0.26334846;12.468099;0.00033288883;-0.00025883297;0;0;1
928738118;928565922;928566531;0;-1.5796404;12.25;-0.3824867;-0.233734;12.466847;0.00046939237;-0.00021938318;0;0;1
929259940;929084655;929088367;0;-1.724968;12.25;-0.22455668;-0.23215318;12.466376;0.00016179748;-0.00021388062;0;0;1
929718676;929543978;929547223;0;-1.7064724;12.25;-0.23349607;-0.2383641;12.4659195;0.0001749423;-0.00021983939;0;0;1
930240716;930062734;930069059;0;-1.7672462;12.25;-0.15762532;-0.26743427;12.465979;7.972335e-05;-0.00026494788;0;0;1
930753461;930581339;930581898;0;-1.6007795;12.25;-0.3211074;-0.2639226;12.465727;0.00033085904;-0.0002542229;0;0;1
931221420;931043435;931049798;0;-1.4765911;12.25;-0.4383136;-0.2754291;12.466472;0.0006164336;-0.00027602148;0;0;1
931734174;931562227;931562589;0;-1.7461071;12.25;-0.15830588;-0.25214455;12.466534;8.040969e-05;-0.00023016284;0;0;1
932256039;932080864;932084473;0;-1.6219187;12.25;-0.27690017;-0.2561071;12.467356;0.0002459983;-0.0002403507;0;0;1
932714900;932542907;932543281;0;-1.7064724;12.25;-0.18772602;-0.25232956;12.46778;0.00011306283;-0.00022800805;0;0;1
933236657;933061566;933065117;0;-1.6219187;12.25;-0.2778293;-0.23739521;12.468739;0.00024762444;-0.00020777818;0;0;1
933758528;933580332;933586953;0;-1.7064724;12.25;-0.18945944;-0.25305665;12.46977;0.00011514208;-0.0002369104;0;0;1
934271224;934099101;934099792;0;-1.4977283;12.25;-0.399606;-0.26435813;12.470171;0.00051221414;-0.00025432126;0;0;1
934730253;934558329;934558695;0;-1.3920355;12.25;-0.5003294;-0.284056;12.470696;0.0008029367;-0.00031304624;0;0;1
935251893;935077136;935080484;0;-1.6219187;12.25;-0.26064098;-0.26469028;12.471597;0.000217883;-0.00026397803;0;0;1
935773901;935595876;935602319;0;-1.6007795;12.25;-0.2728653;-0.2815268;12.472514;0.00023878255;-0.0002899195;0;0;1
936232609;936057964;936061175;0;-1.6853333;12.25;-0.17908442;-0.26756924;12.472913;0.00010285081;-0.00026542897;0;0;1
936754642;936576618;936583058;0;-1.5400057;12.25;-0.3169738;-0.27565417;12.4736395;0.0003221911;-0.00027144427;0;0;1
937267311;937095520;937095850;0;-1.5400057;12.25;-0.3012824;-0.2945118;12.473662;0.0002910808;-0.00030127357;0;0;1
937735240;937557463;937563703;0;-1.6853333;12.25;-0.15472138;-0.22426246;12.474514;7.6760356e-05;-0.00019257028;0;0;1
938248204;938076166;938076542;0;-1.455452;12.25;-0.37359715;-0.26759034;12.474436;0.00044755475;-0.00026358152;0;0;1
938769814;938594938;938598378;0;-1.4765911;12.25;-0.34017122;-0.2472874;12.475033;0.00037103376;-0.00022616952;0;0;1
939228701;939054171;939057280;0;-1.5585022;12.25;-0.23452723;-0.27243197;12.475068;0.00017636143;-0.0002626634;0;0;1
939750541;939572811;939579069;0;-1.7064724;12.25;-0.08171809;-0.18907322;12.475508;2.1411059e-05;-0.00015431365;0;0;1
940263517;940091644;940091955;0;-1.5796404;12.25;-0.19752502;-0.19959457;12.475306;0.00012509877;-0.00014944469;0;0;1
940731683;940553763;940559761;0;-1.6853333;12.25;-0.071449876;-0.21741651;12.475959;1.6367752e-05;-0.00019265713;0;0;1
941244177;941072299;941072600;0;-1.4765911;12.25;-0.2704202;-0.20608573;12.475646;0.00023446348;-0.00017301893;0;0;1
941766044;941591016;941594436;0;-1.6219187;12.25;-0.11012328;-0.16600992;12.475951;3.888164e-05;-0.00012046289;0;0;1
942224888;942052920;942053291;0;-1.8306608;12.25;0.10185075;-0.1147009;12.475883;3.325961e-05;-8.51939e-05;0;0;1
942746802;942571607;942575127;0;-1.5188675;12.25;-0.1986798;-0.13984612;12.476034;0.00012655837;-9.201242e-05;0;0;1
943268399;943090269;943096963;0;-1.5188675;12.25;-0.18683219;-0.1839059;12.476372;0.0001119116;-0.00013302811;0;0;1
943727576;943549676;943555866;0;-1.724968;12.25;0.023134708;-0.12287515;12.476459;1.7159188e-06;-9.001529e-05;0;0;1
944240082;944068354;944068658;0;-1.6219187;12.25;-0.06635606;-0.102041095;12.475895;1.411723e-05;-6.3065054e-05;0;0;1
944762068;944587316;944590541;0;-1.6007795;12.25;-0.11362028;-0.092451;12.4764185;4.13887e-05;-5.361801e-05;0;0;1
945221068;945049229;945049349;0;-1.3920355;12.25;-0.32620025;-0.104890116;12.476243;0.0003411495;-7.493433e-05;0;0;1
945742928;945567906;945571185;0;-1.2678471;12.25;-0.43344057;-0.11862155;12.476523;0.00060231757;-0.00010404291;0;0;1
946264889;946086672;946093021;0;-1.6007795;12.25;-0.09217548;-0.0665152;12.477155;2.7238004e-05;-4.6798414e-05;0;0;1
946723368;946548552;946551877;0;-1.5188675;12.25;-0.16121054;-0.10324804;12.477153;8.331656e-05;-5.523309e-05;0;0;1
947245215;947067153;947073713;0;-1.5400057;12.25;-0.113741875;-0.09350346;12.4776;4.1473406e-05;-5.0221326e-05;0;0;1
947758195;947585986;947586554;0;-1.6641951;12.25;0.008667231;-0.046226725;12.4775715;2.4081893e-07;-2.6221951e-05;0;0;1
948216944;948045305;948045408;0;-1.6007795;12.25;-0.042750955;-0.068319924;12.477733;5.8588976e-06;-3.4079425e-05;0;0;1
948738730;948563931;948567243;0;-1.7672462;12.25;0.13591194;-0.044041127;12.478289;5.9213424e-05;-1.2409635e-05;0;0;1
949260648;949082934;949089127;0;-1.6641951;12.25;0.043006063;-0.022309676;12.479167;5.928349e-06;-4.2713887e-06;0;0;1
949773679;949601863;949601918;0;-1.7883835;12.25;0.11124885;-0.011496794;12.479387;3.9669598e-05;-2.037993e-06;0;0;1
950241210;950063740;950069771;0;-1.5585022;12.25;-0.110784054;-0.07073966;12.480072;3.9336654e-05;-3.717216e-05;0;0;1
950754240;950582393;950582610;0;-1.5585022;12.25;-0.12186718;-0.07101373;12.479858;4.760185e-05;-4.66571e-05;0;0;1
951221938;951044256;951050463;0;-1.7672462;12.25;0.08106291;-0.04684318;12.480592;2.1060527e-05;-3.212514e-05;0;0;1
951734809;951562956;951563349;0;-1.4765911;12.25;-0.23126292;-0.09904302;12.480367;0.00017141337;-5.3965498e-05;0;0;1
952256539;952081582;952085138;0;-1.7672462;12.25;0.022030473;-0.05572256;12.480702;1.555495e-06;-3.9322425e-05;0;0;1
952715397;952540930;952543993;0;-1.724968;12.25;-0.015603781;-0.08222424;12.480851;7.803249e-07;-5.8089856e-05;0;0;1
953237306;953059562;953065829;0;-1.5585022;12.25;-0.22799718;-0.11801584;12.481062;0.00016659709;-7.547638e-05;0;0;1
953750154;953578361;953578668;0;-1.724968;12.25;-0.08129752;-0.10191526;12.481064;2.1181802e-05;-6.813577e-05;0;0;1
954271985;954097109;954100504;0;-1.5188675;12.25;-0.29443932;-0.21041074;12.481448;0.0002778348;-0.00019623559;0;0;1
954730869;954559036;954559360;0;-1.8306608;12.25;0.0063328743;-0.14383194;12.481783;1.2852425e-07;-0.00010680365;0;0;1
955252683;955077633;955081195;0;-1.7883835;12.25;-0.053361654;-0.14049797;12.482678;9.124536e-06;-9.5856056e-05;0;0;1
955774508;955596346;955603032;0;-1.3101244;12.25;-0.5527569;-0.22046155;12.484088;0.0009789749;-0.00023161898;0;0;1
956233419;956058470;956061934;0;-1.4977283;12.25;-0.37330985;-0.28308776;12.485247;0.00044647977;-0.0003097223;0;0;1
956755160;956577126;956583723;0;-1.5796404;12.25;-0.29889834;-0.2698387;12.4865675;0.00028619624;-0.00026098939;0;0;1
957268023;957095664;957096609;0;-1.455452;12.25;-0.44506538;-0.25368378;12.487935;0.00063447864;-0.0002494885;0;0;1
957726887;957555190;957555418;0;-1.5585022;12.25;-0.34354484;-0.27029356;12.488653;0.00037801694;-0.0002694694;0;0;1
958248710;958073932;958077254;0;-1.5188675;12.25;-0.3839929;-0.30548766;12.4900055;0.00047221937;-0.00033919362;0;0;1
958770561;958592594;958599090;0;-1.8518;12.25;-0.039746284;-0.2317311;12.491348;5.0587564e-06;-0.00024038085;0;0;1
959229444;959054559;959057946;0;-1.5400057;12.25;-0.32116497;-0.2846058;12.491977;0.0003302822;-0.00031106532;0;0;1
959751313;959573379;959579781;0;-1.7064724;12.25;-0.15309465;-0.21830358;12.493344;7.504146e-05;-0.00020416465;0;0;1
960264015;960092086;960092620;0;-1.8095226;12.25;-0.05280614;-0.19603916;12.494122;8.927361e-06;-0.00016329954;0;0;1
960732061;960554055;960560520;0;-1.8306608;12.25;-0.030555487;-0.18121608;12.496124;2.9885675e-06;-0.00015348814;0;0;1
961244807;961072783;961073312;0;-1.8729382;12.25;0.006460309;-0.1884182;12.496938;1.3358662e-07;-0.00017399009;0;0;1
961766755;961591547;961595195;0;-1.724968;12.25;-0.15251088;-0.18319514;12.498882;7.443728e-05;-0.00015531888;0;0;1
962225479;962050774;962054003;0;-1.5188675;12.25;-0.3463062;-0.21921243;12.4999895;0.0003837699;-0.00020010909;0;0;1
962747424;962569567;962575839;0;-1.5188675;12.25;-0.33302653;-0.23029459;12.501431;0.00035486068;-0.00020275585;0;0;1
963260328;963088347;963088678;0;-1.6219187;12.25;-0.2090522;-0.20469274;12.501801;0.0001398289;-0.00015581085;0;0;1
963728014;963550228;963556531;0;-1.6430559;12.25;-0.1641208;-0.1635949;12.503155;8.617229e-05;-0.00011637694;0;0;1
964240936;964068893;964069417;0;-1.6007795;12.25;-0.18097961;-0.1408114;12.503067;0.00010478588;-8.647844e-05;0;0;1
964762629;964587674;964591206;0;-1.6007795;12.25;-0.1710056;-0.10350819;12.503747;9.354929e-05;-8.946157e-05;0;0;1
965221457;965049594;965050061;0;-1.7461071;12.25;0.009627581;-0.08140401;12.503821;2.9651835e-07;-7.511839e-05;0;0;1
965743363;965568381;965571897;0;-1.5400057;12.25;-0.18636262;-0.053812128;12.504697;0.000111097535;-4.5176075e-05;0;0;1
966265208;966087142;966093780;0;-1.6430559;12.25;-0.06270802;-0.043196093;12.5054865;1.2577825e-05;-2.2928005e-05;0;0;1
966724057;966546444;966552589;0;-1.6641951;12.25;-0.036474824;-0.03478933;12.505517;4.2554425e-06;-2.3062707e-05;0;0;1
967237059;967065226;967065427;0;-1.7461071;12.25;0.06783247;-0.04208404;12.505465;1.4717546e-05;-1.9357458e-05;0;0;1
967758733;967584194;967587264;0;-1.7461071;12.25;0.055944443;0.035888474;12.505845;1.0010618e-05;1.3706924e-05;0;0;1
968217544;968046100;968046119;0;-1.8306608;12.25;0.14225256;0.045547474;12.505685;6.47251e-05;1.9117404e-05;0;0;1
968739556;968565062;968568002;0;-1.8306608;12.25;0.15147686;0.006235345;12.5060625;7.338917e-05;-3.961699e-06;0;0;1
969261208;969083675;969089791;0;-1.7883835;12.25;0.12641692;-0.012036549;12.506229;5.111449e-05;-5.8262685e-06;0;0;1
969774083;969602356;969602677;0;-1.6853333;12.25;0.040448308;0.016036186;12.505461;5.2331243e-06;4.4368207e-06;0;0;1
970242199;970064386;970070482;0;-1.8306608;12.25;0.209993;0.038961742;12.50564;0.00014104696;1.9134122e-05;0;0;1
970754808;970583027;970583321;0;-1.724968;12.25;0.12366724;0.046154913;12.504398;4.8922262e-05;2.1625901e-05;0;0;1
971214036;971042167;971042224;0;-1.8306608;12.25;0.24201584;0.09499083;12.503827;0.00018737197;4.9673083e-05;0;0;1
971735451;971560961;971564013;0;-1.6219187;12.25;0.03882003;0.13075128;12.503505;4.821031e-06;0.00010023555;0;0;1
972257293;972079814;972085848;0;-1.9125738;12.25;0.3573252;0.14401451;12.503333;0.00040847127;0.000123907;0;0;1
972770079;972598339;972598687;0;-1.6007795;12.25;0.029319167;0.1789465;12.502007;2.750322e-06;0.00015191933;0;0;1
973238273;973060247;973066587;0;-1.7064724;12.25;0.1558404;0.11848975;12.501461;7.770685e-05;8.179547e-05;0;0;1
973750887;973578995;973579379;0;-1.8518;12.25;0.29267943;0.19238362;12.500121;0.00027411335;0.00016210815;0;0;1
974272849;974097642;974101261;0;-1.5188675;12.25;-0.04448402;0.15655322;12.499287;6.33261e-06;0.00013224174;0;0;1
974731977;974559456;974560070;0;-1.6853333;12.25;0.13942266;0.094728135;12.498043;6.2213505e-05;8.096178e-05;0;0;1
975253673;975078323;975081906;0;-1.6853333;12.25;0.14832652;0.1294694;12.497215;7.041811e-05;9.025475e-05;0;0;1
975712222;975537733;975540809;0;-1.724968;12.25;0.19086349;0.13813046;12.495991;0.000116609786;8.2982726e-05;0;0;1
976234017;976056342;976062597;0;-1.9125738;12.25;0.38207328;0.20534512;12.495272;0.00046731276;0.00017575493;0;0;1
976747174;976575043;976575483;0;-1.724968;12.25;0.20516169;0.18980947;12.493659;0.00013476059;0.0001515442;0;0;1
977268963;977093639;977097272;0;-1.5796404;12.25;0.07403636;0.16212477;12.492571;1.7550854e-05;0.00011582945;0;0;1
977727533;977555471;977556128;0;-1.8095226;12.25;0.31811738;0.19785188;12.491294;0.00032406143;0.00017092966;0;0;1
978249520;978074035;978077963;0;-1.6219187;12.25;0.10869217;0.2579203;12.490378;3.7833885e-05;0.00026185563;0;0;1
978771310;978592864;978599846;0;-1.6641951;12.25;0.18277931;0.23485945;12.4896;0.00010699551;0.00022892393;0;0;1
979230305;979054609;979058655;0;-1.4765911;12.25;0.0031932592;0.18560816;12.488565;3.265997e-08;0.00016451493;0;0;1
979751930;979573335;979580490;0;-1.7461071;12.25;0.21794164;0.20904164;12.488505;0.00015213528;0.00019519347;0;0;1
980264785;980092209;980093329;0;-1.8518;12.25;0.30926275;0.17659773;12.48765;0.00030636173;0.0001592865;0;0;1
980723617;980551426;980552185;0;-1.6641951;12.25;0.107197165;0.18114467;12.487481;3.6808808e-05;0.00015042337;0;0;1
981245534;981070173;981074068;0;-1.6641951;12.25;0.10092187;0.16494541;12.488063;3.2623873e-05;0.0001478056;0;0;1
981767249;981588953;981595856;0;-1.5400057;12.25;-0.017240644;0.17033905;12.48905;9.5200124e-07;0.00015059;0;0;1
982226138;982051030;982054712;0;-1.6219187;12.25;0.09213102;0.13750926;12.489382;2.718509e-05;0.00010068222;0;0;1
982748127;982569631;982576548;0;-1.8306608;12.25;0.32483685;0.21028727;12.490129;0.00033792757;0.00017662456;0;0;1
983260840;983088436;983089386;0;-1.8306608;12.25;0.35590863;0.23692559;12.490063;0.0004056696;0.00020439405;0;0;1
983728778;983550369;983557239;0;-1.7883835;12.25;0.34895253;0.25844526;12.490948;0.00038993958;0.00024094849;0;0;1
984241657;984069142;984070077;0;-1.6430559;12.25;0.24760067;0.27757958;12.490829;0.00019632351;0.0002673507;0;0;1
984763554;984587841;984591913;0;-1.7064724;12.25;0.36816406;0.3171078;12.491312;0.00043404495;0.00035893708;0;0;1
985222208;985047125;985050769;0;-1.7883835;12.25;0.49059987;0.38295066;12.491185;0.00077074586;0.00051178026;0;0;1
985744184;985565904;985572652;0;-1.724968;12.25;0.47079885;0.44414842;12.4916525;0.00070975896;0.0006812002;0;0;1
986256951;986084579;986085443;0;-1.6641951;12.25;0.4578098;0.45853612;12.491323;0.0006711533;0.0007360236;0;0;1
986724722;986546564;986553296;0;-1.7672462;12.25;0.58316755;0.50863135;12.4920635;0.0010889615;0.0008659623;0;0;1
987237762;987065275;987066135;0;-1.8940763;12.25;0.7166605;0.5461804;12.491806;0.0016446052;0.0009888415;0;0;1
987759593;987583917;987587970;0;-1.6430559;12.25;0.46352303;0.54615706;12.492292;0.0006879557;0.0009894571;0;0;1
988218482;988046158;988046873;0;-1.7064724;12.25;0.5234567;0.5413248;12.49227;0.0008773646;0.000978734;0;0;1
988740055;988564723;988568661;0;-1.8095226;12.25;0.6247126;0.5338749;12.492681;0.0012495823;0.0009497552;0;0;1
989262075;989083470;989090497;0;-1.724968;12.25;0.53605044;0.5313222;12.493139;0.0009200251;0.00093802635;0;0;1
989720821;989542747;989549353;0;-1.5796404;12.25;0.39119518;0.50399023;12.493113;0.0004899777;0.00084048224;0;0;1
990233624;990061589;990062191;0;-1.6641951;12.25;0.47784483;0.501038;12.492739;0.0007310988;0.00084505166;0;0;1
990755657;990580375;990584027;0;-1.6219187;12.25;0.43446505;0.49079224;12.493186;0.00060436106;0.0007963177;0;0;1
991214531;991042527;991042882;0;-1.7064724;12.25;0.51489246;0.4844032;12.493032;0.00084883877;0.000767646;0;0;1
991736331;991561131;991564718;0;-1.5188675;12.25;0.3152647;0.48696175;12.493353;0.0003182231;0.0007851646;0;0;1
992258222;992079645;992086554;0;-1.5585022;12.25;0.3469211;0.4790238;12.493661;0.00038532898;0.00076421787;0;0;1
992771019;992598309;992599392;0;-1.4343128;12.25;0.22175884;0.44281355;12.493163;0.00015745246;0.00066501857;0;0;1
993238669;993060208;993067245;0;-1.7064724;12.25;0.48533225;0.4753062;12.493878;0.000754121;0.0007666355;0;0;1
993751552;993579018;993580130;0;-1.6853333;12.25;0.3974656;0.4081834;12.49359;0.0005057918;0.0005684059;0;0;1
994273560;994097968;994101919;0;-1.6641951;12.25;0.294186;0.4003996;12.494037;0.00027707746;0.000551419;0;0;1
994732305;994557142;994560774;0;-1.8306608;12.25;0.42426252;0.38292438;12.493877;0.00057627814;0.00049506116;0;0;1
995254102;995075777;995082610;0;-1.7672462;12.25;0.3339435;0.32049924;12.494016;0.00035702932;0.0003706913;0;0;1
995766985;995594536;995595448;0;-1.8306608;12.25;0.38201046;0.2717948;12.493625;0.00046722067;0.0002945956;0;0;1
996234835;996056565;996063301;0;-1.9759884;12.25;0.5001067;0.2940217;12.494401;0.0008007001;0.00034907556;0;0;1
996747730;996575366;996576139;0;-1.7883835;12.25;0.26507974;0.2585705;12.494146;0.00022496059;0.0002534912;0;0;1
997269415;997094015;997097975;0;-1.8518;12.25;0.30056715;0.21613958;12.494656;0.0002892136;0.00017898831;0;0;1
997728267;997556001;997556830;0;-1.6853333;12.25;0.12375879;0.1252618;12.4946575;4.9032922e-05;8.5614585e-05;0;0;1
998250103;998074728;998078713;0;-1.5585022;12.25;-0.017806292;0.12000104;12.49511;1.015002e-06;8.174068e-05;0;0;1
998772138;998593380;998600501;0;-1.7672462;12.25;0.19029593;0.13246267;12.495649;0.00011592048;9.763545e-05;0;0;1
999230853;999052712;999059357;0;-1.6853333;12.25;0.1258167;0.16219479;12.495662;5.0673083e-05;0.000121033205;0;0;1
999743866;999571475;999572196;0;-1.6430559;12.25;0.07177305;0.16283454;12.495601;1.649019e-05;0.00013234884;0;0;1
1000265432;1000090137;1000094031;0;-1.8940763;12.25;0.33972156;0.20243667;12.496061;0.00036943078;0.00016109178;0;0;1
1000724313;1000552235;1000552934;0;-1.6430559;12.25;0.14958167;0.14513147;12.49609;7.162137e-05;9.968141e-05;0;0;1
1001246191;1001071036;1001074722;0;-1.5585022;12.25;0.105695486;0.1921236;12.496775;3.575814e-05;0.00017473836;0;0;1
1001768163;1001589510;1001596558;0;-1.8729382;12.25;0.4443922;0.2639718;12.497633;0.0006320699;0.0002887699;0;0;1
1002227094;1002051239;1002055413;0;-1.6007795;12.25;0.18350768;0.24567516;12.497859;0.00010777867;0.0002257714;0;0;1
1002749148;1002569733;1002577296;0;-1.7064724;12.25;0.30040908;0.27998292;12.498637;0.00028881742;0.0002836831;0;0;1
1003261614;1003088445;1003090087;0;-1.5188675;12.25;0.10434449;0.28594565;12.498824;3.4844146e-05;0.0003050308;0;0;1
1003720620;1003547737;1003548942;0;-1.7883835;12.25;0.35129702;0.2743576;12.499418;0.0003949291;0.00028273373;0;0;1
1004242635;1004066588;1004070778;0;-1.5796404;12.25;0.09274149;0.2834905;12.500375;2.7522323e-05;0.00031276484;0;0;1
1004764306;1004585371;1004592614;0;-1.7672462;12.25;0.28364182;0.27560297;12.50127;0.00025742242;0.000280681;0;0;1
1005223058;1005047222;1005051516;0;-1.7883835;12.25;0.314669;0.1974867;12.50165;0.00031681123;0.00018022899;0;0;1
1005744892;1005565906;1005573305;0;-1.6641951;12.25;0.20181906;0.20856087;12.502588;0.00013031201;0.00016795678;0;0;1
1006257919;1006084773;1006086190;0;-1.5585022;12.25;0.106686115;0.19976117;12.5027485;3.641416e-05;0.00015288897;0;0;1
1006725424;1006546959;1006553995;0;-1.7461071;12.25;0.29906428;0.2387919;12.504007;0.0002861145;0.00020949109;0;0;1
1007238293;1007065633;1007066834;0;-1.6007795;12.25;0.15399909;0.23244573;12.504078;7.586555e-05;0.00019241517;0;0;1
1007760272;1007584333;1007588669;0;-1.6853333;12.25;0.254153;0.21857245;12.504924;0.00020661861;0.00018516205;0;0;1
1008219017;1008043361;1008047525;0;-1.6007795;12.25;0.15433335;0.24294199;12.5054035;7.618717e-05;0.00021871597;0;0;1
1008741031;1008562121;1008569360;0;-1.7064724;12.25;0.25559974;0.24497399;12.506221;0.00020895594;0.0002347397;0;0;1
1009253626;1009080840;1009082199;0;-1.6641951;12.25;0.21517265;0.22722414;12.506218;0.00014808399;0.00019425355;0;0;1
1009721513;1009542894;1009550098;0;-1.933711;12.25;0.45908213;0.28282428;12.50742;0.00067402044;0.00028672;0;0;1
1010234344;1010061539;1010062890;0;-1.7064724;12.25;0.20099509;0.22175038;12.507322;0.0001292012;0.00018358373;0;0;1
1010756251;1010580262;1010584774;0;-1.7883835;12.25;0.23690033;0.23136303;12.507845;0.000179477;0.00019880463;0;0;1
1011215234;1011042209;1011043581;0;-1.9125738;12.25;0.32946563;0.2166634;12.507794;0.00034713585;0.00018267582;0;0;1
1011737019;1011560874;1011565416;0;-1.5400057;12.25;-0.081997395;0.15642571;12.508111;2.1501479e-05;0.000117686504;0;0;1
1012258848;1012079544;1012087252;0;-1.455452;12.25;-0.18534887;0.094450295;12.508341;0.00010986014;5.5701465e-05;0;0;1
1012771709;1012598183;1012600090;0;-1.5400057;12.25;-0.106364965;0.041323412;12.507794;3.6180656e-05;2.3101547e-05;0;0;1
1013230374;1013057434;1013058993;0;-1.8306608;12.25;0.17347145;0.053847168;12.510896;9.621163e-05;2.6195428e-05;0;0;1
