timestamp;timestamp_sample;states[0];states[1];states[2];states[3];states[4];states[5];states[6];states[7];states[8];states[9];states[10];states[11];states[12];states[13];states[14];states[15];states[16];states[17];states[18];states[19];states[20];states[21];states[22];states[23];states[24];covariances[0];covariances[1];covariances[2];covariances[3];covariances[4];covariances[5];covariances[6];covariances[7];covariances[8];covariances[9];covariances[10];covariances[11];covariances[12];covariances[13];covariances[14];covariances[15];covariances[16];covariances[17];covariances[18];covariances[19];covariances[20];covariances[21];covariances[22];covariances[23];n_states
431638107;431449222;0.9464738;0.0013691969;0.00078216044;0.32277685;-2.245874;-0.2609621;-0.046696026;0.0;0.0;-1.247268;-0.0062594716;-0.0024651506;-0.00092847366;0.028703762;-0.014959361;-0.021375036;0.24971768;-0.0002776591;-0.1862611;0.1429037;-0.023200214;-0.19260848;0.0;0.0;-1.1472679;0.00015217811;0.00013889515;0.007032868;1.2960881;1.6484131;0.009723408;78.88618;99.316666;0.21437357;3.3114551e-07;3.215312e-07;3.827709e-07;0.0012771257;0.0015412633;1.8346154e-05;0.00051919895;5.6290155e-06;0.00039600537;0.0003497696;0.00062465644;0.0003900774;1.0;1.0;0.010000001;25
432132567;431943999;0.9471047;-0.0010843674;0.0010358468;0.3209212;-2.482489;-0.2735935;-0.045223903;0.0;0.0;-1.2442733;-0.0062993597;-0.0025288477;-0.00090123113;0.028963178;-0.015454639;-0.021376008;0.24807093;-0.00027174174;-0.18626228;0.14377566;-0.024752375;-0.19241549;0.0;0.0;-1.1442733;0.0001569584;0.00014274876;0.0070322715;1.3827833;1.7766422;0.009739804;87.96647;111.66274;0.21682613;3.3389006e-07;3.2398611e-07;3.8471734e-07;0.0012692853;0.0015398954;1.8233564e-05;0.00051690097;5.6215554e-06;0.00039460696;0.00034933057;0.000621147;0.00038861128;1.0;1.0;0.010000001;25
432627335;432438777;0.9467113;0.01899094;0.024381323;0.32059747;-2.6828802;-0.29582378;-0.04543679;0.0;0.0;-1.2379838;-0.0063334894;-0.002579196;-0.0008890351;0.02904854;-0.015846876;-0.021395242;0.24791783;-0.00027160603;-0.18644491;0.14426112;-0.024397017;-0.19213322;0.0;0.0;-1.1379838;0.0001617443;0.00014659269;0.007036166;1.4696339;1.9112629;0.009659555;97.654945;125.20236;0.21538956;3.362983e-07;3.2611564e-07;3.8658837e-07;0.0012604893;0.0015384349;1.8101233e-05;0.0005157087;5.611967e-06;0.00039407305;0.00034896308;0.0006187016;0.00038801914;1.0;1.0;0.010000001;25
433132229;432943450;0.9464566;0.018116735;0.023774453;0.32144427;-2.7843628;-0.32293412;-0.04369745;0.0;0.0;-1.2405362;-0.0063531417;-0.0026042634;-0.0008871852;0.028954012;-0.015929187;-0.02142175;0.2485124;-0.000272911;-0.18671852;0.14417851;-0.023501867;-0.19184276;0.0;0.0;-1.1405362;0.00016661579;0.00015050141;0.0070335916;1.5590438;2.0552168;0.009661739;108.23042;140.33704;0.21832946;3.3858527e-07;3.2815035e-07;3.8857445e-07;0.0012525286;0.0015369118;1.7988397e-05;0.0005142747;5.6025674e-06;0.00039351828;0.0003487088;0.00061543984;0.00038746832;1.0;1.0;0.010000001;25
433637201;433448123;0.94626766;0.0019900054;0.018768184;0.3228332;-2.9272113;-0.3319973;-0.0416033;0.0;0.0;-1.2430625;-0.00637534;-0.0026334466;-0.00088403013;0.02895652;-0.016157612;-0.021437267;0.24867955;-0.00027276578;-0.18699796;0.1441094;-0.023286564;-0.19152887;0.0;0.0;-1.1430625;0.00017154249;0.00015436839;0.0070445766;1.6532913;2.2066503;0.009576131;119.803696;156.89963;0.21731007;3.4104266e-07;3.3035118e-07;3.9074058e-07;0.001243939;0.0015355198;1.7859631e-05;0.00051368383;5.59532e-06;0.00039324263;0.00034848106;0.00061408547;0.00038718042;1.0;1.0;0.010000001;25
434131401;433942900;0.9461824;-0.011245775;0.032246314;0.32182688;-3.1218803;-0.34694466;-0.047561795;0.0;0.0;-1.2410796;-0.006404883;-0.0026687214;-0.00088048744;0.028932557;-0.016443728;-0.021459078;0.248476;-0.00027016283;-0.1872752;0.14384189;-0.02388414;-0.19120102;0.0;0.0;-1.1410795;0.00017641055;0.00015811175;0.007046227;1.7416664;2.361772;0.009474164;131.66026;174.56947;0.21557046;3.431183e-07;3.319717e-07;3.920327e-07;0.0012355439;0.0015341326;1.7732957e-05;0.00051303033;5.585969e-06;0.000392259;0.00034815507;0.00061213283;0.00038617896;1.0;1.0;0.010000001;25
434636211;434447573;0.9424762;-0.013493107;0.101103164;0.31833142;-3.118895;-0.35690987;-0.03117947;0.0;0.0;-1.2443231;-0.006398552;-0.0026693507;-0.00086949073;0.028749596;-0.016472202;-0.02149486;0.24791552;-0.0002697878;-0.18763788;0.14451964;-0.023923347;-0.19080359;0.0;0.0;-1.147484;0.00018126094;0.00016185276;0.007031786;1.815827;2.5251753;0.009313123;143.67845;194.16568;0.21436648;3.448383e-07;3.3297007e-07;3.93174e-07;0.0012272511;0.0015326438;1.7609473e-05;0.0005088704;5.5767214e-06;0.00038544228;0.0003430612;0.0006098264;0.00037964387;1.0;1.0;0.018078914;25
435131037;434942351;0.94427216;0.018508893;0.019762391;0.32805058;-3.2935674;-0.41398016;-0.047274843;0.0;0.0;-1.2412941;-0.0064161974;-0.002698507;-0.0008515182;0.029078873;-0.016779624;-0.021481859;0.24789451;-0.00026825332;-0.18785141;0.14482798;-0.023636473;-0.19055583;0.0;0.0;-1.147484;0.00018615306;0.00016549161;0.0070373206;1.9112736;2.695925;0.009307033;157.28352;215.08891;0.21610045;3.4700955e-07;3.3479384e-07;3.9497306e-07;0.0012204585;0.0015313441;1.750965e-05;0.0005070513;5.569418e-06;0.00038321465;0.0003413978;0.00060828094;0.0003774725;1.0;1.0;0.15289408;25
435635618;435447024;0.9459503;0.0058839824;0.0038218938;0.32423586;-3.4571245;-0.4108771;-0.021902682;0.0;0.0;-1.2336413;-0.006441494;-0.00273756;-0.00084174407;0.02922689;-0.017231412;-0.021487562;0.24759232;-0.0002648907;-0.18738435;0.14488178;-0.02417595;-0.19098803;0.0;0.0;-1.147484;0.0001912626;0.00016915015;0.007025204;2.0063584;2.8740046;0.009247595;172.20927;238.1822;0.21470553;3.4910812e-07;3.3647927e-07;3.9603728e-07;0.0012135018;0.0015300511;1.739996e-05;0.0005050637;5.5601895e-06;0.00038147357;0.00034106174;0.0006043895;0.00037564643;1.0;1.0;0.2921365;25
436130415;435941802;0.9468882;-0.012429192;-0.004251177;0.32129475;-3.693591;-0.4319495;-0.031230144;0.0;0.0;-1.23451;-0.00647392;-0.0027830843;-0.0008339284;0.029604279;-0.017764442;-0.021467812;0.24728167;-0.00026415248;-0.18668748;0.14534932;-0.02426888;-0.19161727;0.0;0.0;-1.147484;0.00019627246;0.00017267934;0.007029684;2.1078136;3.0578709;0.009289071;188.12607;262.6752;0.21648957;3.5116128e-07;3.3822062e-07;3.9737117e-07;0.0012077171;0.0015287837;1.7311058e-05;0.0005029443;5.5509045e-06;0.00038024518;0.00034055958;0.00060156727;0.0003743369;1.0;1.0;0.4304286;25
436634944;436446476;0.9470551;0.007047349;-0.0064984965;0.320928;-3.9010034;-0.45593926;-0.046592087;0.0;0.0;-1.2443502;-0.006501717;-0.0028112503;-0.0008407569;0.029946208;-0.018210512;-0.021440523;0.2465835;-0.00026587187;-0.18547937;0.14613903;-0.024618853;-0.19273663;0.0;0.0;-1.147484;0.00020148429;0.0001762674;0.007039503;2.2274735;3.2550597;0.009297056;206.21591;289.73926;0.21520473;3.5359335e-07;3.4054617e-07;3.994095e-07;0.0012018762;0.0015275896;1.7212924e-05;0.0004989496;5.5437167e-06;0.00037752552;0.00033863206;0.0005987104;0.00037152166;1.0;1.0;0.5735033;25
437129733;436941254;0.94641346;0.007414911;-0.038911838;0.3205193;-4.094731;-0.43743786;-0.018235447;0.0;0.0;-1.2493284;-0.0065310323;-0.0028485402;-0.0008452496;0.030255923;-0.01871678;-0.021415928;0.24593523;-0.00026652627;-0.18446353;0.1467791;-0.025054043;-0.19367203;0.0;0.0;-1.147484;0.00020657826;0.00017974278;0.007045841;2.334981;3.4523954;0.009263509;224.6786;318.3053;0.21336536;3.5564184e-07;3.4235438e-07;4.007637e-07;0.001196371;0.0015263652;1.7117713e-05;0.00049542496;5.5343967e-06;0.0003753021;0.00033732055;0.00059543503;0.00036920118;1.0;1.0;0.7154994;25
437634578;437445927;0.946348;-0.012043838;-0.00716644;0.32284537;-4.2513514;-0.4390012;-0.0053359326;0.0;0.0;-1.2577126;-0.006557293;-0.002880035;-0.00084988837;0.030468093;-0.019112047;-0.021404572;0.24563631;-0.00026729392;-0.18385705;0.1471372;-0.025224913;-0.19423363;0.0;0.0;-1.147484;0.00021179815;0.00018327696;0.0070506064;2.446866;3.6620479;0.009234225;244.65459;349.73083;0.21227464;3.5768304e-07;3.4416104e-07;4.0225225e-07;0.00119117;0.0015251208;1.7026734e-05;0.0004930089;5.5251294e-06;0.0003733297;0.00033611548;0.00059295207;0.00036714805;1.0;1.0;0.8625725;25
438139394;437950601;0.94585544;-0.016027562;0.029663093;0.32283252;-4.4935455;-0.4863008;-0.049643613;0.0;0.0;-1.2672229;-0.006586618;-0.0029029122;-0.00086065126;0.03081118;-0.019566253;-0.02138268;0.24489862;-0.0002698262;-0.18254898;0.14798877;-0.025577625;-0.19545233;0.0;0.0;-1.147484;0.00021698493;0.00018671052;0.0070582367;2.5726724;3.8837774;0.009348993;266.34067;383.44135;0.21495487;3.5971246e-07;3.4609616e-07;4.03816e-07;0.0011867138;0.0015238677;1.6952756e-05;0.0004883666;5.515827e-06;0.0003693829;0.00033315836;0.0005902013;0.00036311013;1.0;1.0;1.0118184;25
438633981;438445380;0.9449335;0.018874303;-0.048455875;0.32310468;-4.7090006;-0.52131385;-0.07448008;0.0;0.0;-1.2706789;-0.0066102385;-0.0029312517;-0.0008676351;0.03109909;-0.020001894;-0.02135823;0.24417134;-0.00027221552;-0.18147084;0.14891054;-0.025793012;-0.19644156;0.0;0.0;-1.147484;0.0002223831;0.00019025544;0.007059033;2.7034128;4.1133924;0.009355528;289.33878;419.3308;0.21330267;3.6204898e-07;3.4838573e-07;4.057374e-07;0.0011821283;0.001522782;1.686678e-05;0.00048451213;5.5084574e-06;0.00036481977;0.00032969192;0.0005883578;0.00035848145;1.0;1.0;1.1598114;25
439128758;438940158;0.9436152;0.014433777;-0.044634145;0.3277038;-4.802865;-0.4506352;0.032967582;0.0;0.0;-1.2800832;-0.0066264914;-0.002961182;-0.00087202917;0.03125588;-0.020418387;-0.021344595;0.24409175;-0.00027228202;-0.18118778;0.14901428;-0.025892628;-0.19670962;0.0;0.0;-1.147484;0.00022739975;0.00019352222;0.007044911;2.800961;4.334564;0.009266692;312.1261;457.34335;0.21170592;3.6374547e-07;3.4972896e-07;4.0680038e-07;0.0011774891;0.0015214928;1.6780878e-05;0.00048239928;5.49902e-06;0.00036156987;0.00032776134;0.0005856562;0.0003551933;1.0;1.0;1.3102165;25
439633806;439444832;0.9411425;-0.040175594;0.07279612;0.32762423;-5.0117707;-0.5289177;-0.026834369;0.0;0.0;-1.2918289;-0.0066452343;-0.0029824139;-0.0008834717;0.031360194;-0.020790508;-0.021345988;0.24335681;-0.00027565536;-0.1804192;0.14994584;-0.026072253;-0.19740614;0.0;0.0;-1.147484;0.00023318797;0.00019726444;0.0070279404;2.9251657;4.590764;0.009362465;337.2972;499.69525;0.21452458;3.6590265e-07;3.5160463e-07;4.081433e-07;0.0011735532;0.0015203969;1.6711741e-05;0.00047755512;5.4896136e-06;0.00035434216;0.00032215798;0.00058358524;0.00034797343;1.0;1.0;1.4664311;25
440127979;439939610;0.9427342;0.038585044;-0.03114738;0.32983822;-5.3256893;-0.6040987;-0.09400506;0.0;0.0;-1.2845559;-0.0066713477;-0.0030070597;-0.0008906563;0.03163991;-0.021217968;-0.021331249;0.24250099;-0.00027710845;-0.17931846;0.15075947;-0.026620926;-0.19841795;0.0;0.0;-1.147484;0.00023871147;0.0002007132;0.007018577;3.0701659;4.852778;0.009416663;364.7494;543.91455;0.21293797;3.6816988e-07;3.5392392e-07;4.0991966e-07;0.0011694446;0.0015192844;1.6630147e-05;0.00047294598;5.4821535e-06;0.00034813688;0.00031726022;0.0005817592;0.000341738;1.0;1.0;1.6212039;25
440632680;440444284;0.86100966;-0.23971859;0.2905809;0.34170192;-4.523695;-0.519727;-0.07081542;0.0;0.0;-1.3113406;-0.0066166203;-0.0029093558;-0.00093267654;0.030899117;-0.020437798;-0.021411132;0.23692484;-0.00031360134;-0.17602396;0.16010019;-0.02442677;-0.20119953;0.0;0.0;-1.147484;0.00024381992;0.00020410364;0.0065448787;3.0468957;5.1116257;0.009122413;379.78073;592.3286;0.2120165;3.6926556e-07;3.5317737e-07;4.0921682e-07;0.0011642801;0.0015176479;1.6541891e-05;0.00045710016;5.4717075e-06;0.0002900134;0.00027300228;0.0005768295;0.00028444215;1.0;1.0;1.7804936;25
441137594;440948958;0.70125866;-0.3422034;0.17639983;0.60001355;-4.6657805;-0.5465135;-0.0104451245;0.0;0.0;-1.302378;-0.0066235;-0.0028757125;-0.001025029;0.030316576;-0.020289052;-0.021480817;0.24223766;-0.00034926133;-0.17286974;0.16066384;-0.01578994;-0.20457682;0.0;0.0;-1.147484;0.00025049722;0.00020753902;0.0042684563;3.0841405;5.4112077;0.009248984;399.26816;645.35913;0.21426821;3.7232903e-07;3.544763e-07;3.966638e-07;0.001160349;0.0015168446;1.6475362e-05;0.00038886062;5.458566e-06;0.00023148498;0.00022844007;0.00041921728;0.00022059421;1.0;1.0;1.9316916;25
441632348;441443737;0.41216516;-0.37565675;0.014085483;0.82994187;-5.010896;-0.36635572;-0.01481249;0.0;0.0;-1.2923009;-0.006649246;-0.0029120776;-0.0009729846;0.030131431;-0.020119054;-0.021512797;0.24377313;-0.00029832407;-0.16847807;0.15329671;-0.022694496;-0.2093126;0.0;0.0;-1.147484;0.00025510727;0.00020894219;0.002219065;3.1924365;5.715718;0.009500708;425.77042;701.5373;0.21193963;3.756686e-07;3.5800855e-07;3.8800437e-07;0.0011578242;0.0015160434;1.6409758e-05;0.00022596998;5.4489087e-06;0.0002176195;0.00016432982;0.00019961754;0.0002027539;1.0;1.0;2.0826974;25
442136882;441948411;0.23730634;-0.009672649;0.08690036;0.9674919;-5.9010167;-0.5706311;0.026739161;0.0;0.0;-1.2570789;-0.006761545;-0.0030192528;-0.001046192;0.03065141;-0.020952394;-0.021470483;0.24646704;-0.0003197377;-0.17268226;0.1525796;-0.018696599;-0.20502841;0.0;0.0;-1.147484;0.00025351567;0.0002078019;0.00130678;3.249808;6.0184298;0.009792001;447.99564;762.01886;0.21047102;3.7801433e-07;3.60839e-07;3.8784893e-07;0.0011562579;0.0015145508;1.6375749e-05;9.414281e-05;5.4382417e-06;0.00018768177;8.6710366e-05;8.354115e-05;0.00017815325;1.0;1.0;2.2450686;25
442631665;442443190;0.2560101;-0.003964452;0.001923348;0.9666641;-6.966377;-0.5388714;0.022413827;0.0;0.0;-1.2344872;-0.0068999296;-0.003133232;-0.0010898474;0.03179081;-0.021886159;-0.021372598;0.25430292;-0.00032033597;-0.17865443;0.14742014;-0.011921065;-0.19936647;0.0;0.0;-1.147484;0.00024979239;0.00020606017;0.0009526766;3.3321989;6.3120236;0.009863713;474.31165;823.9489;0.21238607;3.8027315e-07;3.634855e-07;3.9069963e-07;0.0011550761;0.0015124272;1.6339878e-05;5.6217326e-05;5.429843e-06;0.00017228741;5.4345815e-05;5.296291e-05;0.00016578498;1.0;1.0;2.4173403;25
443136428;442947864;0.2661946;-0.024995252;-0.050862633;0.96225196;-7.744108;-0.4903305;0.0024215442;0.0;0.0;-1.2110376;-0.0069998084;-0.0032149504;-0.0011143346;0.03235286;-0.022393415;-0.021325827;0.25749993;-0.00031723393;-0.18172325;0.1452909;-0.009067931;-0.19637324;0.0;0.0;-1.147484;0.00024651567;0.00020469935;0.0007986728;3.4490814;6.6183796;0.0098237;506.31445;891.31934;0.21162614;3.8301775e-07;3.666909e-07;3.9451888e-07;0.0011543641;0.0015097363;1.6306161e-05;4.2575262e-05;5.424033e-06;0.0001655985;4.165948e-05;4.1178642e-05;0.0001603047;1.0;1.0;2.6088881;25
443631203;443442643;0.27104294;-0.025980243;-0.05360917;0.9607221;-8.561981;-0.40668762;0.028141264;0.0;0.0;-1.20068;-0.007110885;-0.0032954745;-0.0011365516;0.03287706;-0.023009567;-0.021258745;0.25950426;-0.00031399602;-0.18426299;0.14409396;-0.0070049423;-0.19381437;0.0;0.0;-1.147484;0.00024315725;0.00020332426;0.0006878836;3.5558662;6.9082193;0.009730629;539.0638;960.29175;0.21045229;3.8539466e-07;3.697309e-07;3.983376e-07;0.0011537856;0.0015063955;1.6279364e-05;3.3635843e-05;5.4165976e-06;0.0001606882;3.2963144e-05;3.320431e-05;0.00015623735;1.0;1.0;2.8130329;25
444135839;443947317;0.27951515;-0.0061968523;-0.014801114;0.9600072;-9.35036;-0.32849735;0.014445013;0.0;0.0;-1.1906139;-0.0072187916;-0.0033611767;-0.0011526184;0.03333506;-0.023608519;-0.021193253;0.26078105;-0.00031071244;-0.18628454;0.14333664;-0.0056140795;-0.19173644;0.0;0.0;-1.147484;0.00023999801;0.00020216235;0.0006159972;3.6721945;7.2095356;0.009726824;574.8396;1034.6396;0.2137022;3.8790583e-07;3.7301308e-07;4.0239877e-07;0.0011532396;0.0015029009;1.6266273e-05;2.814069e-05;5.409436e-06;0.00015730037;2.741659e-05;2.8209413e-05;0.0001533923;1.0;1.0;3.0389805;25
444630572;444442098;0.28716943;0.006261;0.02736984;0.9574683;-10.07152;-0.2942312;0.0016708138;0.0;0.0;-1.1842144;-0.0073149307;-0.0034022047;-0.0011645217;0.03379548;-0.024156857;-0.021127932;0.26140937;-0.0003075893;-0.18762906;0.14303133;-0.0047860984;-0.19030547;0.0;0.0;-1.147484;0.00023720483;0.00020122319;0.00057325716;3.796523;7.5102534;0.009658126;612.6371;1111.5197;0.21263057;3.905636e-07;3.763842e-07;4.0650838e-07;0.0011526648;0.0014986681;1.6250102e-05;2.4884434e-05;5.4040115e-06;0.00015526322;2.4108056e-05;2.5215108e-05;0.00015166028;1.0;1.0;3.2783933;25
445135845;444946771;0.29274845;0.01089871;0.027221994;0.95573986;-10.9126835;-0.2412389;0.013190995;0.0;0.0;-1.1884359;-0.007426473;-0.003439679;-0.0011724893;0.03426678;-0.024938382;-0.021040395;0.26181215;-0.00030445642;-0.18892671;0.14277656;-0.0042517125;-0.18889073;0.0;0.0;-1.147484;0.00023474611;0.00020054566;0.0005356626;3.9181762;7.821063;0.009620196;652.8038;1194.4208;0.21217556;3.9322254e-07;3.7990375e-07;4.1066414e-07;0.0011520175;0.001494086;1.6238426e-05;2.2103019e-05;5.3970443e-06;0.0001536505;2.123276e-05;2.2650613e-05;0.00015029816;1.0;1.0;3.5419624;25
445640085;445451446;0.29765946;0.0060932846;0.0064602597;0.95463085;-11.698924;-0.16982251;0.017572047;0.0;0.0;-1.1959076;-0.007532663;-0.0034668264;-0.0011783772;0.034647908;-0.025759296;-0.020955194;0.26201037;-0.00030185946;-0.1899989;0.14269239;-0.0038649726;-0.18769607;0.0;0.0;-1.147484;0.00023286144;0.00020030975;0.0005076849;4.04455;8.142802;0.009660426;695.3206;1282.8257;0.2153542;3.9603643e-07;3.8361773e-07;4.1485234e-07;0.0011513766;0.0014897767;1.6235099e-05;2.0019292e-05;5.3901385e-06;0.00015233908;1.9029862e-05;2.0739672e-05;0.00014918155;1.0;1.0;3.825826;25
446135182;445946224;0.29878592;-0.0034937656;-0.013578637;0.95421726;-12.483133;-0.056080952;0.02589369;0.0;0.0;-1.1970118;-0.007641202;-0.003485619;-0.0011832701;0.035024732;-0.026556445;-0.020878151;0.26216915;-0.00029929978;-0.19102015;0.14264011;-0.0035084488;-0.18654941;0.0;0.0;-1.147484;0.00023107677;0.00020011357;0.00048607442;4.16785;8.454002;0.0095886;738.946;1373.263;0.21407068;3.9871838e-07;3.8718593e-07;4.189178e-07;0.0011506289;0.0014847916;1.6226575e-05;1.8403489e-05;5.3831845e-06;0.00015134043;1.7294145e-05;1.9268271e-05;0.00014833335;1.0;1.0;4.124988;25
446629799;446441003;0.30294862;-0.014065627;-0.02340899;0.95261556;-13.135947;0.05675861;0.017139187;0.0;0.0;-1.2039382;-0.007734713;-0.0034931307;-0.0011842829;0.03531028;-0.027297828;-0.020806989;0.26224923;-0.000297308;-0.19178535;0.14261644;-0.0032815333;-0.18567531;0.0;0.0;-1.147484;0.00022961653;0.00020014396;0.00047226032;4.3025675;8.770426;0.009514952;785.4438;1468.5676;0.2127357;4.01631e-07;3.907935e-07;4.2305456e-07;0.0011498727;0.0014797321;1.6219179e-05;1.7284508e-05;5.377954e-06;0.00015068632;1.607885e-05;1.8257919e-05;0.0001477797;1.0;1.0;4.446663;25
447134252;446945678;0.31048772;-0.009560072;-0.023468582;0.95023954;-13.857803;0.2058605;0.016455442;0.0;0.0;-1.2056774;-0.007839776;-0.0034947782;-0.0011872353;0.03562583;-0.02811413;-0.02073447;0.26235658;-0.00029481045;-0.19264841;0.14259204;-0.0030008263;-0.18469262;0.0;0.0;-1.147484;0.00022841789;0.00020037797;0.00045875905;4.434781;9.093857;0.009540387;834.6872;1570.6356;0.21572202;4.0445835e-07;3.9446323e-07;4.2715777e-07;0.0011491367;0.0014751226;1.6218257e-05;1.6210533e-05;5.3711688e-06;0.00015006044;1.4896527e-05;1.730062e-05;0.00014724993;1.0;1.0;4.798742;25
447629309;447440457;0.31620088;0.00036258125;-0.007391012;0.9486635;-14.588274;0.36630383;0.0007777037;0.0;0.0;-1.2114347;-0.007946049;-0.0034867644;-0.0011889715;0.03596468;-0.028990079;-0.020656474;0.26236534;-0.00029247807;-0.19341657;0.1426665;-0.0027741054;-0.18379547;0.0;0.0;-1.147484;0.00022729479;0.00020061297;0.00044789974;4.5634494;9.407614;0.009478663;885.0273;1674.4883;0.21423298;4.0713735e-07;3.9791072e-07;4.31092e-07;0.0011483586;0.0014700065;1.6210657e-05;1.5322496e-05;5.364318e-06;0.000149461;1.3899748e-05;1.652366e-05;0.00014673696;1.0;1.0;5.168152;25
448133498;447945131;0.31831592;0.00012319347;-0.00203929;0.94798255;-15.225372;0.49389762;0.00061139424;0.0;0.0;-1.21528;-0.008037163;-0.003471776;-0.0011896364;0.03629003;-0.02972882;-0.020590171;0.2623246;-0.00029042384;-0.19397816;0.14276446;-0.0026286629;-0.18311933;0.0;0.0;-1.147484;0.00022654947;0.00020113027;0.00044144085;4.706688;9.735747;0.00945425;939.69714;1786.2896;0.21335597;4.1015937e-07;4.0146446e-07;4.3519427e-07;0.0011476502;0.0014650302;1.6203488e-05;1.4672912e-05;5.3592644e-06;0.00014908444;1.3170783e-05;1.5964957e-05;0.00014641731;1.0;1.0;5.5707235;25
448628413;448439910;0.3202236;0.006231592;0.00034689793;0.9473214;-15.971605;0.6568951;0.0075491746;0.0;0.0;-1.2210802;-0.008144438;-0.0034493408;-0.0011893439;0.03663816;-0.0306412;-0.020513417;0.2621963;-0.0002883135;-0.19455048;0.14293721;-0.0025266896;-0.18240836;0.0;0.0;-1.147484;0.00022633949;0.000202026;0.0004344772;4.8426356;10.069228;0.009517723;995.38226;1902.5015;0.21555577;4.1298958e-07;4.050287e-07;4.3906408e-07;0.0011470872;0.0014607387;1.6200269e-05;1.4020146e-05;5.3524595e-06;0.00014872341;1.2431836e-05;1.5412274e-05;0.00014610917;1.0;1.0;5.9917665;25
449133092;448944585;0.32354274;0.0010953858;-0.0060534235;0.94619364;-16.714905;0.83059996;0.009716535;0.0;0.0;-1.2128302;-0.008251881;-0.0034187098;-0.0011902112;0.0370386;-0.031391703;-0.020455014;0.26209602;-0.00028600523;-0.19512714;0.1430908;-0.0024058023;-0.18169905;0.0;0.0;-1.147484;0.00022604334;0.00020285168;0.00042899128;4.9818826;10.401504;0.009519843;1054.6493;2024.8408;0.21463622;4.158117e-07;4.084337e-07;4.4293597e-07;0.0011465033;0.0014560766;1.6190666e-05;1.345653e-05;5.345773e-06;0.00014838293;1.1783619e-05;1.4947132e-05;0.00014581812;1.0;1.0;6.4492083;25
449627875;449439364;0.3250057;-0.00185121;-0.008370438;0.9456733;-17.336664;0.9843549;0.013688203;0.0;0.0;-1.1936134;-0.008342938;-0.0033872966;-0.0011905538;0.037402395;-0.031913813;-0.020419423;0.26202607;-0.00028412716;-0.19560498;0.14321773;-0.0022858537;-0.18111268;0.0;0.0;-1.147484;0.00022593986;0.00020378342;0.00042608936;5.1269765;10.728575;0.009498424;1115.8931;2150.185;0.21306157;4.1875165e-07;4.1170387e-07;4.4678154e-07;0.0011459853;0.0014516439;1.6178445e-05;1.30341405e-05;5.3406734e-06;0.00014811846;1.1286879e-05;1.4606491e-05;0.00014559401;1.0;1.0;6.926929;25
450132365;449944039;0.32748955;-0.00016314587;-0.0046436405;0.9448434;-18.048372;1.1781294;0.011015885;0.0;0.0;-1.1985933;-0.008447462;-0.0033447226;-0.0011898672;0.037779227;-0.032840557;-0.020345777;0.26193526;-0.00028191294;-0.19607733;0.14335924;-0.0021900444;-0.18050875;0.0;0.0;-1.147484;0.00022629485;0.0002050619;0.00042279827;5.272551;11.07391;0.009597136;1180.8759;2285.0618;0.21594071;4.2160505e-07;4.15063e-07;4.5052863e-07;0.001145554;0.001447878;1.617163e-05;1.2600583e-05;5.3340254e-06;0.00014788863;1.0774785e-05;1.4264432e-05;0.00014539932;1.0;1.0;7.4443913;25
450637506;450448714;0.33209482;0.00034609516;-0.008514155;0.94320756;-18.748686;1.3760725;0.013780178;0.0;0.0;-1.1981429;-0.008550846;-0.0032976079;-0.0011898895;0.038145922;-0.03371085;-0.020280937;0.2618214;-0.00027982373;-0.19651683;0.14353524;-0.0020943112;-0.17993984;0.0;0.0;-1.147484;0.00022680376;0.0002064426;0.00042037055;5.419172;11.41825;0.009611571;1248.6758;2425.375;0.21507525;4.244142e-07;4.1828002e-07;4.5417602e-07;0.0011451435;0.0014439438;1.6156515e-05;1.2220692e-05;5.3273984e-06;0.00014765393;1.0314756e-05;1.3973727e-05;0.00014519875;1.0;1.0;7.99293;25
451132018;450943493;0.33694628;-0.0028689348;-0.009988271;0.9414665;-19.349161;1.544825;0.01569032;0.0;0.0;-1.1999995;-0.008638834;-0.0032507393;-0.0011892376;0.038488723;-0.034452174;-0.0202238;0.26172927;-0.00027789842;-0.1968521;0.14366549;-0.0020383005;-0.17949535;0.0;0.0;-1.147484;0.00022739804;0.00020782383;0.00041977956;5.570779;11.754829;0.009621514;1318.4717;2568.114;0.2136051;4.27327e-07;4.2130964e-07;4.5779944e-07;0.0011447293;0.0014402699;1.6138156e-05;1.193141e-05;5.3223466e-06;0.00014748938;9.9610825e-06;1.3760066e-05;0.00014505927;1.0;1.0;8.561948;25
451636671;451448171;0.33934566;-0.0044688727;-0.011644552;0.9405791;-20.01812;1.7710658;0.010319784;0.0;0.0;-1.2128569;-0.008739243;-0.0031905493;-0.0011901491;0.03888114;-0.03537865;-0.020148117;0.26165858;-0.0002754469;-0.19722572;0.14378719;-0.0019597316;-0.1789989;0.0;0.0;-1.147484;0.00022822383;0.0002093659;0.00041870127;5.7203984;12.098553;0.009648942;1392.1522;2719.433;0.21283187;4.3005127e-07;4.2424125e-07;4.6123458e-07;0.001144291;0.0014368452;1.6118123e-05;1.163254e-05;5.315755e-06;0.00014732384;9.588366e-06;1.3546322e-05;0.00014491896;1.0;1.0;9.174735;25
452131272;451942947;0.34061128;-0.0030082283;-0.013263514;0.94010586;-20.69139;1.9772054;0.0017249447;0.0;0.0;-1.208798;-0.008838564;-0.0031297146;-0.0011919439;0.03922694;-0.036181636;-0.020098206;0.26155284;-0.00027313942;-0.19755259;0.14393267;-0.0019090773;-0.17855316;0.0;0.0;-1.147484;0.00022957676;0.00021128246;0.00041815737;5.871873;12.4529705;0.009757025;1467.7483;2876.4768;0.21522275;4.327158e-07;4.2720788e-07;4.6450097e-07;0.0011438977;0.0014340521;1.6102402e-05;1.1366067e-05;5.3090876e-06;0.00014718641;9.251888e-06;1.3362629e-05;0.00014480145;1.0;1.0;9.807896;25
452636437;452447621;0.34224233;-0.0036058552;-0.013670042;0.93950546;-21.367085;2.219051;0.0021201682;0.0;0.0;-1.2079141;-0.008939869;-0.0030594221;-0.0011940382;0.03962208;-0.03697266;-0.020045526;0.26143247;-0.00027074906;-0.19785953;0.1441024;-0.0018586891;-0.17812356;0.0;0.0;-1.147484;0.00023059445;0.00021292357;0.00041805778;6.023891;12.793361;0.009797531;1547.611;3039.0552;0.21454985;4.3533086e-07;4.298206e-07;4.6771737e-07;0.0011433349;0.0014311004;1.6077456e-05;1.1125014e-05;5.3025356e-06;0.00014704761;8.941755e-06;1.3204252e-05;0.00014468346;1.0;1.0;10.488267;25
453130869;452942400;0.3434386;-0.0022188562;-0.012522214;0.93908906;-21.953226;2.4214883;0.0076284306;0.0;0.0;-1.2110752;-0.009025674;-0.002993086;-0.0011960757;0.04000638;-0.037669495;-0.019995447;0.2613568;-0.00026856118;-0.19810435;0.1442168;-0.0018177778;-0.17777437;0.0;0.0;-1.147484;0.0002314803;0.000214368;0.000419166;6.1790967;13.120087;0.009919387;1629.3792;3203.1077;0.21707226;4.3805656e-07;4.322264e-07;4.709654e-07;0.0011426704;0.0014285806;1.6056863e-05;1.0935489e-05;5.29755e-06;0.00014694578;8.695273e-06;1.30853805e-05;0.00014459787;1.0;1.0;11.190828;25
453635622;453447075;0.344277;-0.0023255944;-0.016084429;0.9387275;-22.621916;2.673874;0.0087400405;0.0;0.0;-1.2107056;-0.009123203;-0.0029152397;-0.001200319;0.040415414;-0.03845421;-0.019946469;0.26125172;-0.000266126;-0.19836615;0.14437419;-0.0017699865;-0.17739314;0.0;0.0;-1.147484;0.00023243541;0.00021588555;0.00041969333;6.3311143;13.447602;0.0099648135;1715.4253;3375.1208;0.2165362;4.4054016e-07;4.3441716e-07;4.7395267e-07;0.001141858;0.0014260154;1.6027076e-05;1.073474e-05;5.291035e-06;0.00014682511;8.428404e-06;1.296499e-05;0.00014449592;1.0;1.0;11.944263;25
454130696;453941854;0.34664094;0.004751626;-0.0040547145;0.9379771;-23.291378;2.921921;0.0031271214;0.0;0.0;-1.2129666;-0.009219868;-0.0028321159;-0.0012067792;0.040844772;-0.039258454;-0.019895548;0.26115206;-0.00026357887;-0.19861922;0.14452657;-0.0017256673;-0.17702052;0.0;0.0;-1.147484;0.00023350636;0.00021746854;0.0004203926;6.4808125;13.768828;0.010008326;1803.0065;3549.5159;0.21538833;4.428936e-07;4.3643232e-07;4.7672495e-07;0.0011409265;0.0014236853;1.5993975e-05;1.0552863e-05;5.2844393e-06;0.00014669797;8.181496e-06;1.2861674e-05;0.00014438675;1.0;1.0;12.7201605;25
454635082;454446529;0.34748012;0.00068155525;-0.00848836;0.9376488;-23.858898;3.1443636;0.0004289292;0.0;0.0;-1.2367601;-0.009302483;-0.002753063;-0.0012100337;0.041336197;-0.04004073;-0.019823186;0.26108012;-0.00026129684;-0.19879416;0.14463481;-0.001709124;-0.17673917;0.0;0.0;-1.147484;0.00023457035;0.00021901912;0.00042244451;6.6431856;14.093565;0.010076418;1896.3385;3733.1152;0.21494436;4.455802e-07;4.384556e-07;4.797615e-07;0.0011398122;0.0014215406;1.5959367e-05;1.0408361e-05;5.279599e-06;0.00014661875;7.983987e-06;1.278403e-05;0.00014432192;1.0;1.0;13.549941;25
455129784;454941308;0.34991482;-7.718343e-05;-0.008587664;0.9367421;-24.513863;3.384707;0.0015618218;0.0;0.0;-1.244768;-0.009394389;-0.002665592;-0.0012182081;0.04177538;-0.040854886;-0.01977214;0.26100582;-0.00025885258;-0.19901761;0.14476565;-0.0016612258;-0.1764011;0.0;0.0;-1.147484;0.00023620398;0.00022097166;0.00042377278;6.798416;14.429316;0.010218695;1991.0753;3922.6404;0.21772715;4.478769e-07;4.404593e-07;4.8231186e-07;0.0011387111;0.001419799;1.5931004e-05;1.0258544e-05;5.273042e-06;0.00014651234;7.767961e-06;1.2707416e-05;0.0001442327;1.0;1.0;14.401404;25
455634480;455445983;0.35043055;-0.00075461855;-0.010058719;0.9365344;-25.174707;3.6302624;0.005421487;0.0;0.0;-1.2430596;-0.00948665;-0.0025751905;-0.0012250803;0.042159438;-0.041587677;-0.019740066;0.26091537;-0.00025646834;-0.19918068;0.14490072;-0.001636378;-0.17612615;0.0;0.0;-1.147484;0.00023757498;0.00022272712;0.00042536197;6.955848;14.753569;0.010279224;2090.9177;4118.5864;0.2173787;4.5015867e-07;4.4216299e-07;4.848019e-07;0.0011372884;0.0014180054;1.58926e-05;1.012017e-05;5.266603e-06;0.00014643613;7.568402e-06;1.2641483e-05;0.00014417134;1.0;1.0;15.31027;25
456139021;455950658;0.3375784;-0.02871102;-0.10720377;0.9347321;-25.920864;3.876839;0.030406497;0.0;0.0;-1.2562029;-0.009582311;-0.0024804263;-0.0012634757;0.042314112;-0.042083655;-0.019715171;0.26051685;-0.00025071777;-0.1990735;0.1452146;-0.0019020106;-0.17610095;0.0;0.0;-1.147484;0.00024025679;0.00022560659;0.00042821444;7.13929;15.129848;0.010364901;2196.9043;4331.9077;0.21707739;4.5304517e-07;4.4453134e-07;4.874614e-07;0.0011364523;0.0014171227;1.589052e-05;9.990918e-06;5.2618e-06;0.00014449416;7.4226596e-06;1.25803535e-05;0.0001422142;1.0;1.0;16.262966;25
456633768;456445437;0.33581465;-0.022326997;-0.057070814;0.93993247;-26.723652;4.1667423;0.0091863135;0.0;0.0;-1.2615376;-0.009696088;-0.0023620382;-0.0013170007;0.04255581;-0.043065406;-0.019684648;0.26001567;-0.00024406535;-0.1990595;0.14559937;-0.002240456;-0.17594989;0.0;0.0;-1.147484;0.00024447858;0.00022980037;0.00043069123;7.3332944;15.561909;0.010553001;2306.2476;4561.63;0.22026089;4.5577454e-07;4.4742035e-07;4.898095e-07;0.0011351963;0.0014162502;1.5859086e-05;9.840465e-06;5.255241e-06;0.00014217015;7.2672424e-06;1.2514052e-05;0.00013986089;1.0;1.0;17.2562;25
457128687;456940216;0.35521227;-0.006405785;-0.024812983;0.93443435;-27.44734;4.425586;0.0048705237;0.0;0.0;-1.2640413;-0.009792012;-0.0022586833;-0.0013300563;0.042888705;-0.043877956;-0.019658836;0.25983894;-0.00024184659;-0.19919538;0.14578971;-0.0022910254;-0.17569573;0.0;0.0;-1.147484;0.00024633334;0.00023197172;0.00043279296;7.4973226;15.89348;0.010619692;2415.8232;4775.9707;0.21949258;4.578727e-07;4.4882486e-07;4.9196547e-07;0.0011332907;0.0014147781;1.5815096e-05;9.724252e-06;5.2486907e-06;0.00014193643;7.1053832e-06;1.247006e-05;0.00013963059;1.0;1.0;18.29999;25
457633725;457444891;0.35337514;-0.019918814;-0.060107917;0.9333361;-28.071186;4.588845;0.009802626;0.0;0.0;-1.2594916;-0.009873213;-0.002170679;-0.0013372727;0.043126702;-0.044513576;-0.0196485;0.25969195;-0.00024008907;-0.19925693;0.1459395;-0.0023473825;-0.17553897;0.0;0.0;-1.147484;0.00024845984;0.00023431318;0.00043613536;7.676505;16.239826;0.010735295;2532.3264;5003.3286;0.2194214;4.6036513e-07;4.5045493e-07;4.944435e-07;0.0011312256;0.0014133183;1.5770605e-05;9.634714e-06;5.243885e-06;0.00014184018;6.9766925e-06;1.2439303e-05;0.00013953625;1.0;1.0;19.411695;25
458138214;457949565;0.35759208;-0.0039977697;-0.030057551;0.93338555;-28.80432;4.876777;0.011027364;0.0;0.0;-1.2536752;-0.009966179;-0.002056923;-0.001354266;0.043455042;-0.04524301;-0.019641055;0.25948542;-0.00023745597;-0.19931507;0.14612874;-0.0024561337;-0.17536074;0.0;0.0;-1.147484;0.0002500033;0.00023598074;0.00043864347;7.8420053;16.552933;0.01094138;2651.461;5230.512;0.22338185;4.6236366e-07;4.5134928e-07;4.964064e-07;0.0011291091;0.0014117791;1.5734135e-05;9.531693e-06;5.237454e-06;0.0001416142;6.8370714e-06;1.2407605e-05;0.00013930621;1.0;1.0;20.577581;25
458632821;458444344;0.36205298;0.025112748;0.049235106;0.93051755;-29.360155;5.067114;0.015853293;0.0;0.0;-1.254051;-0.010031827;-0.00196044;-0.0013662238;0.043806545;-0.04575139;-0.01962762;0.25947535;-0.00023654698;-0.1994244;0.1462102;-0.002384382;-0.17516555;0.0;0.0;-1.147484;0.0002513137;0.00023762486;0.00044073103;7.997282;16.85141;0.010973914;2770.8452;5457.501;0.22265609;4.640089e-07;4.521381e-07;4.979561e-07;0.0011266655;0.0014100969;1.5686304e-05;9.451983e-06;5.2309415e-06;0.00014109896;6.6834277e-06;1.2380411e-05;0.00013882222;1.0;1.0;21.767778;25
459137636;458949019;0.36714083;0.025206417;0.06926887;0.9272401;-29.66883;5.185923;-0.0058455803;0.0;0.0;-1.2539891;-0.010067993;-0.0018850217;-0.0013882475;0.04401748;-0.04602615;-0.019619647;0.2596245;-0.00023556588;-0.19915082;0.14621799;-0.0021824928;-0.17538972;0.0;0.0;-1.147484;0.00025347015;0.00024010576;0.0004428112;8.163483;17.196426;0.010872963;2896.4614;5705.278;0.22252631;4.6560794e-07;4.535229e-07;4.991061e-07;0.0011241813;0.0014085731;1.563946e-05;9.394831e-06;5.224556e-06;0.00013885618;6.514126e-06;1.2348622e-05;0.00013664927;1.0;1.0;23.014277;25
459632302;459443798;0.36620158;-0.014621488;-0.0077741942;0.9303882;-30.365294;5.3123484;0.020805568;0.0;0.0;-1.2480005;-0.010141491;-0.0017859398;-0.0014026824;0.044312976;-0.04660985;-0.019616054;0.25947508;-0.00023309344;-0.19907477;0.14635104;-0.0022833608;-0.17536774;0.0;0.0;-1.147484;0.00025591432;0.00024252186;0.0004463984;8.342348;17.543587;0.011179373;3026.4941;5956.1167;0.22573054;4.6778868e-07;4.548526e-07;5.009473e-07;0.0011218106;0.0014073187;1.5602058e-05;9.32888e-06;5.219725e-06;0.00013873512;6.4161422e-06;1.2332598e-05;0.00013652508;1.0;1.0;24.273018;25
460127099;459938577;0.37125877;0.019952945;-0.008450014;0.92827666;-30.997005;5.5554366;0.03348755;0.0;0.0;-1.262491;-0.010216829;-0.001680638;-0.0014199022;0.0447996;-0.04737159;-0.01957106;0.25937858;-0.00023116724;-0.19916084;0.14646354;-0.0023261663;-0.17517936;0.0;0.0;-1.147484;0.0002580513;0.00024486863;0.00044902012;8.50917;17.864595;0.011228544;3159.217;6208.5728;0.22488312;4.6943268e-07;4.557683e-07;5.021528e-07;0.0011190472;0.001406034;1.5555457e-05;9.262955e-06;5.2132887e-06;0.00013865251;6.297637e-06;1.2318332e-05;0.00013645401;1.0;1.0;25.584301;25
460632163;460443252;0.37092194;0.002471177;-3.3160064e-05;0.92866075;-31.598103;5.739202;0.027227608;0.0;0.0;-1.2558477;-0.010283525;-0.0015762094;-0.0014406827;0.045106735;-0.047902394;-0.019571073;0.25929362;-0.00022948864;-0.19935553;0.14655517;-0.0023577535;-0.17489822;0.0;0.0;-1.147484;0.0002594856;0.00024660805;0.0004516808;8.673494;18.161753;0.011344491;3297.7815;6466.002;0.224776;4.709375e-07;4.562858e-07;5.032529e-07;0.0011160827;0.0014047113;1.5510052e-05;9.20226e-06;5.206969e-06;0.00013849918;6.1772457e-06;1.2305766e-05;0.00013631936;1.0;1.0;26.968561;25
461136399;460947926;0.37486267;0.0068479725;-0.009900831;0.92700225;-32.16413;5.872178;0.042151786;0.0;0.0;-1.2451338;-0.010343421;-0.0014885585;-0.0014572951;0.045354176;-0.048421074;-0.019568063;0.25921404;-0.00022783903;-0.19936958;0.1466407;-0.0024003459;-0.17480634;0.0;0.0;-1.147484;0.00026169236;0.00024882058;0.00045548577;8.856103;18.4943;0.01152206;3442.4812;6740.037;0.22888216;4.729071e-07;4.5736653e-07;5.0480816e-07;0.0011133747;0.0014036658;1.547557e-05;9.152497e-06;5.2022797e-06;0.00013846923;6.086135e-06;1.2296205e-05;0.00013629725;1.0;1.0;28.40383;25
461631220;461442705;0.4163776;0.042345963;-0.035926994;0.9074942;-32.690422;5.965634;0.033472277;0.0;0.0;-1.2200627;-0.01039228;-0.001394433;-0.0014944985;0.045614168;-0.048885398;-0.019577324;0.25910914;-0.00022624998;-0.19993187;0.14670895;-0.0024604911;-0.17417186;0.0;0.0;-1.147484;0.000263189;0.00025069626;0.00045810503;9.014326;18.78177;0.011666668;3586.8555;7005.9604;0.22806782;4.741848e-07;4.5783636e-07;5.053913e-07;0.0011102238;0.0014025462;1.543158e-05;9.105456e-06;5.195898e-06;0.00013782528;5.962934e-06;1.2285606e-05;0.00013568347;1.0;1.0;29.858114;25
462135710;461947380;0.48552936;0.07120052;-0.04375809;0.8702166;-33.105053;6.008841;0.049271755;0.0;0.0;-1.2041247;-0.010414831;-0.0013128937;-0.0015481674;0.04595883;-0.04923985;-0.019575296;0.25900537;-0.00022369534;-0.20070663;0.14668359;-0.0026147338;-0.17333847;0.0;0.0;-1.147484;0.0002647709;0.00025249124;0.0004609191;9.168862;19.064737;0.0118275285;3738.217;7282.572;0.22807823;4.753878e-07;4.5816154e-07;5.0515786e-07;0.0011069045;0.0014014527;1.5389014e-05;9.072496e-06;5.1896295e-06;0.00013690355;5.8505534e-06;1.2263168e-05;0.00013478765;1.0;1.0;31.380867;25
462630666;462442158;0.56665623;0.006960363;-0.012590066;0.8238288;-33.411606;6.0209603;0.00038152796;0.0;0.0;-1.2173078;-0.010422453;-0.0012317719;-0.0016104616;0.046365973;-0.049442172;-0.019565005;0.25888023;-0.00021962935;-0.20136431;0.14659196;-0.0028994665;-0.1726357;0.0;0.0;-1.147484;0.00026675686;0.00025426666;0.00046423962;9.328729;19.360888;0.0121714305;3891.6194;7565.6353;0.23179716;4.7683372e-07;4.586858e-07;5.0434284e-07;0.0011037643;0.001400501;1.535527e-05;9.049401e-06;5.184877e-06;0.00013620184;5.773117e-06;1.2214347e-05;0.00013409641;1.0;1.0;32.901634;25
463135356;462946833;0.66774726;-0.039073687;0.032543913;0.7426492;-33.662617;6.11732;0.060446195;0.0;0.0;-1.2283559;-0.010419451;-0.0011469093;-0.0017098107;0.046544485;-0.04960341;-0.019571243;0.25874838;-0.00021004009;-0.2003186;0.14648788;-0.003386832;-0.17364642;0.0;0.0;-1.147484;0.00026846508;0.0002557402;0.000464646;9.467248;19.630772;0.0120220445;4047.4548;7856.38;0.23188354;4.775604e-07;4.5838135e-07;5.002282e-07;0.0011000053;0.0013995131;1.5312527e-05;9.027348e-06;5.1785937e-06;0.000135527;5.740953e-06;1.2097812e-05;0.00013342788;1.0;1.0;34.478073;25
463630002;463441613;0.79554164;-0.019417865;-0.009049347;0.60552;-33.660084;6.0229926;0.05782562;0.0;0.0;-1.2361442;-0.010375613;-0.0010850376;-0.0018302951;0.046747692;-0.04946555;-0.019578625;0.2584934;-0.00019979881;-0.19996494;0.14635028;-0.0040415716;-0.17399156;0.0;0.0;-1.147484;0.00026947417;0.0002569159;0.00046275425;9.582964;19.895185;0.012061064;4203.9463;8149.52;0.2309898;4.779641e-07;4.582565e-07;4.9249564e-07;0.0010961102;0.0013985608;1.52702e-05;8.957387e-06;5.172206e-06;0.00013537264;5.711561e-06;1.1825581e-05;0.00013328272;1.0;1.0;36.03015;25
464134810;463946286;0.83439445;-0.08914439;-0.079146504;0.5381219;-33.856915;5.9388423;0.053816635;0.0;0.0;-1.2128866;-0.010360861;-0.0010347492;-0.0019256521;0.04680177;-0.04958468;-0.019605175;0.25821012;-0.00019088105;-0.19926868;0.1463641;-0.004626049;-0.17468114;0.0;0.0;-1.147484;0.00027060005;0.00025815048;0.00046063474;9.713794;20.214647;0.012216184;4371.351;8470.823;0.23530728;4.7918957e-07;4.5907186e-07;4.845058e-07;0.0010926159;0.0013978175;1.5240144e-05;8.841144e-06;5.1675142e-06;0.00013474072;5.6809604e-06;1.1475546e-05;0.00013263887;1.0;1.0;37.61715;25
464629496;464441065;0.84199035;-0.028746143;-0.026236242;0.5380871;-33.955875;5.8453045;0.051945053;0.0;0.0;-1.2118999;-0.010341359;-0.0009875566;-0.002006768;0.046920292;-0.049584486;-0.019620676;0.25796708;-0.00018286363;-0.19849567;0.14637558;-0.005153882;-0.17545477;0.0;0.0;-1.147484;0.0002705923;0.00025886315;0.00045656168;9.81608;20.481823;0.012253522;4536.561;8782.331;0.2343064;4.7989244e-07;4.5947394e-07;4.7502397e-07;0.0010886148;0.001396974;1.5201353e-05;8.704362e-06;5.161124e-06;0.00013366928;5.645671e-06;1.1083222e-05;0.00013155215;1.0;1.0;39.19463;25
465134082;464945739;0.84684634;-0.012763745;-0.026796767;0.53100884;-34.04456;5.7294755;0.055052;0.0;0.0;-1.194895;-0.010317308;-0.00095255143;-0.0020725464;0.046981197;-0.04951672;-0.01964677;0.25778508;-0.00017698832;-0.1982452;0.1463373;-0.005579385;-0.17571533;0.0;0.0;-1.147484;0.00027026224;0.0002592934;0.00045327324;9.916904;20.750875;0.012252873;4708.846;9106.15;0.23395452;4.807664e-07;4.6010638e-07;4.6672872e-07;0.001084546;0.0013960814;1.5164638e-05;8.583518e-06;5.1548536e-06;0.00013334837;5.619361e-06;1.07324795e-05;0.00013122454;1.0;1.0;40.809418;25
465629014;465440518;0.8486344;0.019210473;-0.039313395;0.5271669;-34.17537;5.606184;0.057270035;0.0;0.0;-1.168653;-0.010300737;-0.00092579314;-0.002116151;0.047082745;-0.04954307;-0.019669015;0.25766957;-0.00017297438;-0.19808714;0.1463072;-0.005876874;-0.17587563;0.0;0.0;-1.147484;0.00026992656;0.00025941146;0.0004519178;10.026767;21.020844;0.012378339;4883.545;9433.325;0.2372138;4.8215435e-07;4.610507e-07;4.6097628e-07;0.0010808768;0.0013952244;1.5136741e-05;8.485136e-06;5.150111e-06;0.0001329558;5.5954592e-06;1.0457475e-05;0.00013082198;1.0;1.0;42.40141;25
466133670;465945192;0.84830946;0.046283145;-0.032162108;0.5264928;-34.33885;5.531636;0.062374767;0.0;0.0;-1.1500684;-0.010289468;-0.0008965701;-0.0021627813;0.04730978;-0.049695436;-0.019674147;0.25755143;-0.00016857887;-0.19782968;0.14629145;-0.0061955266;-0.17613211;0.0;0.0;-1.147484;0.00026935132;0.00025944572;0.00044953838;10.124299;21.281195;0.012350709;5064.434;9769.722;0.23668332;4.8332777e-07;4.6187859e-07;4.544637e-07;0.0010767508;0.0013943285;1.5102656e-05;8.378688e-06;5.1438833e-06;0.00013235843;5.5679684e-06;1.0168836e-05;0.00013020796;1.0;1.0;44.037888;25
466638469;466449866;0.8464402;0.074563704;-0.042207908;0.5255451;-34.563892;5.480743;0.054028805;0.0;0.0;-1.1360666;-0.010282645;-0.00086750736;-0.0022023695;0.047670867;-0.049946096;-0.01966451;0.25745872;-0.00016462729;-0.19754915;0.1462833;-0.006481525;-0.17640457;0.0;0.0;-1.147484;0.00026889564;0.00025941367;0.0004478096;10.222935;21.550045;0.012394208;5250.1753;10114.811;0.2360998;4.846859e-07;4.628576e-07;4.488817e-07;0.0010725659;0.001393459;1.5069718e-05;8.27807e-06;5.137681e-06;0.00013135596;5.5374517e-06;9.909825e-06;0.0001291819;1.0;1.0;45.68698;25
468637576;468448771;0.8126776;0.02289883;0.053998902;0.5797541;-35.57491;5.131896;0.03524382;0.0;0.0;-1.0460802;-0.010297391;-0.0007742368;-0.0023324327;0.048211336;-0.05048834;-0.019690735;0.2571471;-0.00014884445;-0.19479565;0.14638391;-0.0074162562;-0.17915705;0.0;0.0;-1.147484;0.00027252972;0.00026164026;0.00044351938;10.662188;22.84202;0.012558166;6029.226;11628.111;0.24109437;4.915261e-07;4.686672e-07;4.338053e-07;0.0010552484;0.0013907307;1.4957676e-05;8.0252685e-06;5.114454e-06;0.00012513908;5.4664247e-06;9.21293e-06;0.00012291859;1.0;1.0;52.393105;25
469132716;468943550;0.8169488;0.027492726;-0.039039165;0.5747303;-35.695156;5.0308747;0.042061;0.0;0.0;-1.027746;-0.010276547;-0.0007560517;-0.002355469;0.048472818;-0.050580498;-0.019680964;0.25712487;-0.00014643995;-0.19445606;0.14636208;-0.00757594;-0.17949514;0.0;0.0;-1.147484;0.0002732106;0.00026162885;0.00044372838;10.767682;23.15988;0.012453374;6231.082;12022.112;0.23909111;4.932771e-07;4.698535e-07;4.3179242e-07;0.0010503634;0.0013899921;1.4924971e-05;7.99137e-06;5.1098377e-06;0.0001246255;5.4601082e-06;9.10411e-06;0.00012241791;1.0;1.0;54.093983;25
469636717;469448224;0.81799865;0.021471076;-0.05776235;0.5719097;-35.76515;4.977224;0.10366685;0.0;0.0;-1.0074102;-0.010257482;-0.0007399023;-0.002383662;0.048687115;-0.05070532;-0.019673543;0.25709966;-0.00014391876;-0.19420283;0.14632912;-0.0077481894;-0.17975165;0.0;0.0;-1.147484;0.00027408663;0.0002615003;0.00044306432;10.861347;23.478804;0.012195821;6441.033;12434.754;0.23785798;4.9478314e-07;4.7092243e-07;4.2901507e-07;0.0010454932;0.0013892037;1.489359e-05;7.95352e-06;5.1037605e-06;0.00012432219;5.4546504e-06;8.984416e-06;0.00012212372;1.0;1.0;55.839798;25
470131474;469943002;0.82106245;-8.933456e-05;-0.01343645;0.57068026;-35.859303;4.8952127;0.11795029;0.0;0.0;-0.98905;-0.010241291;-0.00072387565;-0.0024060798;0.04883399;-0.050807644;-0.0196761;0.25708327;-0.00014173992;-0.19401014;0.14629585;-0.007898128;-0.17995173;0.0;0.0;-1.147484;0.00027537177;0.0002614117;0.00044261894;10.9578285;23.81813;0.012115498;6653.1826;12854.511;0.2404542;4.9630427e-07;4.7204534e-07;4.264465e-07;0.0010411856;0.0013884369;1.4869663e-05;7.916714e-06;5.0976105e-06;0.00012404427;5.448819e-06;8.87191e-06;0.000121850884;1.0;1.0;57.56437;25
470636158;470447676;0.8216755;-0.0032644866;0.01278132;0.5698031;-36.020916;4.803753;0.10349062;0.0;0.0;-0.98149925;-0.010224848;-0.00070273096;-0.0024190214;0.049144596;-0.05093483;-0.019665508;0.25708625;-0.00013995515;-0.19377637;0.14626902;-0.008021155;-0.18018226;0.0;0.0;-1.147484;0.00027675353;0.00026126162;0.0004435303;11.066468;24.180006;0.012102988;6874.633;13294.809;0.23912185;4.9826014e-07;4.7329075e-07;4.2515683e-07;0.0010364953;0.0013876866;1.4840562e-05;7.88497e-06;5.0931576e-06;0.00012382264;5.4434295e-06;8.780907e-06;0.0001216355;1.0;1.0;59.3359;25
471130974;470942454;0.8192238;0.005334821;0.022392359;0.5730118;-36.203106;4.673187;0.08377735;0.0;0.0;-0.9526591;-0.010210683;-0.0006877571;-0.0024311433;0.04923653;-0.0510117;-0.01967506;0.25708792;-0.0001382578;-0.19358972;0.14624219;-0.008130489;-0.1803795;0.0;0.0;-1.147484;0.00027884112;0.00026154311;0.00044352852;11.164207;24.57388;0.012060185;7095.9766;13746.485;0.23695943;4.9985834e-07;4.7465258e-07;4.2307914e-07;0.0010319205;0.001386996;1.4812774e-05;7.852677e-06;5.087058e-06;0.0001236638;5.4389966e-06;8.684953e-06;0.000121481346;1.0;1.0;61.08606;25
471635640;471447128;0.8207315;0.009480883;0.0068955366;0.57119375;-36.394966;4.5921407;0.07583688;0.0;0.0;-0.9509473;-0.010197935;-0.000672171;-0.0024398144;0.049698956;-0.051216222;-0.019636523;0.25710648;-0.00013670175;-0.19338079;0.14621851;-0.0082297325;-0.18058123;0.0;0.0;-1.147484;0.00028177205;0.0002622617;0.0004440044;11.269568;25.018831;0.012044775;7328.196;14230.924;0.23555835;5.016324e-07;4.7637877e-07;4.2134167e-07;0.0010274892;0.0013863697;1.4788038e-05;7.822502e-06;5.0810836e-06;0.00012352187;5.4350494e-06;8.596219e-06;0.00012134258;1.0;1.0;62.883503;25
472130399;471941906;0.82070816;0.007469755;-0.00727933;0.57125235;-36.544525;4.5254126;0.07821351;0.0;0.0;-0.9414969;-0.0101831425;-0.00065728737;-0.0024437564;0.050015077;-0.05136696;-0.019617384;0.25713158;-0.00013548633;-0.1932111;0.146193;-0.008307827;-0.18075018;0.0;0.0;-1.147484;0.0002843055;0.00026239923;0.00044530406;11.379799;25.43576;0.012088142;7562.08;14711.612;0.23794381;5.03635e-07;4.777738e-07;4.2049655e-07;0.0010235847;0.0013856842;1.4768653e-05;7.798284e-06;5.0765975e-06;0.00012343007;5.4320935e-06;8.525108e-06;0.00012125588;1.0;1.0;64.659294;25
472635026;472446580;0.812565;-0.05170331;-0.047523163;0.57862455;-36.924305;4.546904;0.054152366;0.0;0.0;-0.9214371;-0.010200957;-0.0006450039;-0.0024520843;0.050560568;-0.05175961;-0.01957328;0.25716287;-0.0001325099;-0.19219008;0.14623421;-0.008414264;-0.18174851;0.0;0.0;-1.147484;0.00028745353;0.0002625776;0.00044498904;11.489118;25.88941;0.012127933;7803.118;15216.571;0.23655483;5.0553325e-07;4.7906815e-07;4.18928e-07;0.0010193912;0.001385019;1.4744909e-05;7.768413e-06;5.0706662e-06;0.0001222026;5.4272e-06;8.452938e-06;0.00012001411;1.0;1.0;66.49151;25
473129703;472941358;0.80981284;0.040913258;0.021595038;0.58486146;-37.199165;4.4964037;0.11091643;0.0;0.0;-0.9001907;-0.01020336;-0.0006375459;-0.002456192;0.05094654;-0.05205532;-0.019541848;0.25720355;-0.00013029264;-0.19146493;0.14624687;-0.008493869;-0.18246455;0.0;0.0;-1.147484;0.00029181308;0.00026360754;0.00044529437;11.601792;26.38996;0.012219707;8047.5977;15744.779;0.23908441;5.07443e-07;4.80909e-07;4.1766128e-07;0.0010157825;0.0013844592;1.47296905e-05;7.744638e-06;5.064669e-06;0.00012135214;5.423997e-06;8.390287e-06;0.00011915188;1.0;1.0;68.32255;25
473634997;473446031;0.8083022;0.097383656;0.053805895;0.57816;-37.067062;4.35939;0.085575335;0.0;0.0;-0.9171369;-0.01013357;-0.0006173567;-0.002454215;0.050884567;-0.05196812;-0.019562662;0.25721222;-0.00012859519;-0.19100522;0.1462118;-0.008605104;-0.18293901;0.0;0.0;-1.147484;0.00029428935;0.0002633114;0.00044660614;11.6917305;26.84098;0.012122857;8298.452;16273.179;0.23765738;5.089723e-07;4.818651e-07;4.1664788e-07;0.0010116504;0.0013835321;1.4704432e-05;7.722522e-06;5.0588046e-06;0.00012073144;5.4175193e-06;8.319465e-06;0.00011856056;1.0;1.0;70.19537;25
474129201;473940809;0.8137867;0.08091677;0.033976056;0.5744992;-36.86227;4.218912;0.07121007;0.0;0.0;-0.9418364;-0.010048778;-0.00059823954;-0.002452611;0.05052288;-0.05168031;-0.01960967;0.25718668;-0.0001265096;-0.19029391;0.14619902;-0.0087262;-0.1836733;0.0;0.0;-1.147484;0.00029660063;0.00026301437;0.00044895982;11.782985;27.300272;0.011990725;8549.597;16808.809;0.2354353;5.107712e-07;4.829841e-07;4.1639117e-07;0.0010076269;0.0013825772;1.4679265e-05;7.702197e-06;5.05441e-06;0.00011965185;5.409966e-06;8.254779e-06;0.000117521355;1.0;1.0;72.0096;25
474634054;474445483;0.81836736;0.084380716;0.045180537;0.56666875;-36.58312;4.0498714;0.07850979;0.0;0.0;-0.9750069;-0.009947908;-0.00057896227;-0.0024464827;0.04998575;-0.051309716;-0.019676965;0.25716007;-0.00012425958;-0.18943907;0.14619257;-0.00884555;-0.18455875;0.0;0.0;-1.147484;0.00029872268;0.00026239475;0.00045047878;11.8622265;27.755558;0.011882957;8810.357;17362.725;0.23392597;5.1229637e-07;4.837974e-07;4.1542597e-07;0.0010035859;0.001381562;1.4653774e-05;7.678705e-06;5.0485874e-06;0.000118419855;5.401982e-06;8.181681e-06;0.00011633219;1.0;1.0;73.83893;25
475129146;474940261;0.82091695;0.107896976;0.009024439;0.56068903;-36.413666;3.8644474;0.06178671;0.0;0.0;-0.9914048;-0.009855556;-0.00056747615;-0.0024321692;0.04930938;-0.050865997;-0.019756347;0.25715548;-0.00012236208;-0.18870011;0.14615953;-0.008931221;-0.18533748;0.0;0.0;-1.147484;0.00030233964;0.000262858;0.00045285968;11.95266;28.295454;0.012042193;9075.557;17945.664;0.23618285;5.1397274e-07;4.855433e-07;4.147647e-07;0.001000061;0.0013808085;1.46376915e-05;7.654276e-06;5.042692e-06;0.00011685831;5.3916065e-06;8.110917e-06;0.00011480549;1.0;1.0;75.609795;25
475633421;475444934;0.823562;0.17203896;-0.052580994;0.5379439;-36.1645;3.7134624;0.07074846;0.0;0.0;-0.996086;-0.009760674;-0.00056093285;-0.0024039848;0.048469387;-0.050370134;-0.019857775;0.2571795;-0.000120191355;-0.187713;0.14610676;-0.009001241;-0.18636517;0.0;0.0;-1.147484;0.00030469627;0.0002621627;0.00045643531;12.037166;28.771627;0.012103781;9348.054;18532.623;0.23478743;5.1596885e-07;4.866645e-07;4.1519021e-07;0.0009960688;0.0013799944;1.4613815e-05;7.629695e-06;5.0384574e-06;0.00011418909;5.376286e-06;8.049631e-06;0.00011217459;1.0;1.0;77.396614;25
476138107;475949607;0.82001144;0.20013101;-0.0626804;0.5325413;-36.112164;3.5799332;0.018559733;0.0;0.0;-1.0068849;-0.009681097;-0.00055702083;-0.0023636403;0.047791913;-0.050007302;-0.019949375;0.25728142;-0.000118709024;-0.1870666;0.14598186;-0.009027844;-0.18705316;0.0;0.0;-1.147484;0.00030787286;0.00026162036;0.00046005272;12.11641;29.295841;0.012504468;9625.236;19141.354;0.23370539;5.177676e-07;4.8808994e-07;4.1562382e-07;0.0009919135;0.0013793079;1.4590568e-05;7.598136e-06;5.032715e-06;0.00010977974;5.3485887e-06;7.987617e-06;0.000107794665;1.0;1.0;79.16808;25
476632906;476444385;0.8182453;0.23038164;-0.020504598;0.52628756;-35.77033;3.4079733;0.016211145;0.0;0.0;-1.027183;-0.009562575;-0.0005549727;-0.0023178062;0.04634613;-0.049188588;-0.020116812;0.2573301;-0.00011539639;-0.18564934;0.14587729;-0.009103748;-0.18854006;0.0;0.0;-1.147484;0.00031090615;0.0002613098;0.00046402725;12.189409;29.810276;0.012940703;9903.046;19756.605;0.23671848;5.1949564e-07;4.89588e-07;4.1627717e-07;0.0009877728;0.001378656;1.457143e-05;7.571008e-06;5.026902e-06;0.00010519658;5.323941e-06;7.927933e-06;0.00010325136;1.0;1.0;80.8899;25
477137382;476949058;0.83466536;0.23002873;-0.011920745;0.50027853;-35.51626;3.2652743;0.002039478;0.0;0.0;-1.0634056;-0.0094522955;-0.00054954656;-0.0022850828;0.04513126;-0.048471693;-0.020256063;0.2573474;-0.00011212509;-0.18434677;0.14580646;-0.009186351;-0.18989468;0.0;0.0;-1.147484;0.00031387457;0.0002608812;0.00046881018;12.263711;30.353699;0.013400619;10189.886;20402.508;0.23633887;5.2166064e-07;4.9121473e-07;4.1755914e-07;0.0009827118;0.0013779673;1.4546219e-05;7.5465623e-06;5.0227363e-06;0.000101845886;5.30854e-06;7.8760995e-06;9.993719e-05;1.0;1.0;82.61389;25
477632367;477443836;0.8431544;0.24011467;0.006309061;0.48103625;-35.25302;3.1377912;0.013933317;0.0;0.0;-1.1040003;-0.009330191;-0.0005424114;-0.0022451663;0.04364787;-0.047663122;-0.020425478;0.25737262;-0.00010859206;-0.18296745;0.14572406;-0.00926176;-0.1913407;0.0;0.0;-1.147484;0.00031739846;0.00026080178;0.0004730918;12.320074;30.929352;0.013920111;10474.805;21063.787;0.23553352;5.234681e-07;4.9317356e-07;4.1824777e-07;0.0009768989;0.001377034;1.4519431e-05;7.515772e-06;5.0169715e-06;9.856947e-05;5.2955506e-06;7.815424e-06;9.669478e-05;1.0;1.0;84.27933;25
478136870;477948509;0.8627915;0.24074803;-0.0061775283;0.44451466;-34.889828;3.0011458;0.0008282063;0.0;0.0;-1.142312;-0.009196316;-0.00053685636;-0.0021993085;0.04178154;-0.046823356;-0.020630088;0.2573877;-0.00010420587;-0.18117686;0.14566056;-0.009345095;-0.19321035;0.0;0.0;-1.147484;0.00032031702;0.00026052672;0.00047741254;12.380265;31.492092;0.014583829;10772.149;21744.473;0.24052194;5.253799e-07;4.9491445e-07;4.1894586e-07;0.00097081077;0.0013755881;1.4496171e-05;7.481678e-06;5.011325e-06;9.539079e-05;5.286324e-06;7.751652e-06;9.354749e-05;1.0;1.0;85.948166;25
478631689;478443287;0.88779247;0.25818017;-0.0063132583;0.38095638;-34.71403;2.904117;-0.00013920077;0.0;0.0;-1.1665096;-0.009096211;-0.00053438684;-0.0021517638;0.040389363;-0.046426877;-0.020786254;0.25746438;-0.00010165127;-0.17998657;0.14557707;-0.009353121;-0.1944578;0.0;0.0;-1.147484;0.0003225162;0.00025960515;0.0004821215;12.426889;32.01542;0.015125291;11064.309;22417.588;0.24054682;5.27525e-07;4.9636094e-07;4.201537e-07;0.0009632209;0.0013731646;1.4463772e-05;7.444697e-06;5.0071235e-06;9.312373e-05;5.2810165e-06;7.692412e-06;9.130208e-05;1.0;1.0;87.56319;25
479136284;478947960;0.9225129;0.24689478;-0.02142174;0.2958957;-34.689884;2.8431764;-0.0011369283;0.0;0.0;-1.1751328;-0.009012746;-0.0005355131;-0.002090725;0.038903702;-0.04612674;-0.020943169;0.2576049;-9.9976016e-05;-0.17885609;0.14546385;-0.009294997;-0.1956599;0.0;0.0;-1.147484;0.00032653197;0.00025990314;0.0004871889;12.470502;32.683678;0.015796978;11367.29;23169.799;0.24186914;5.2968016e-07;4.993367e-07;4.2125234e-07;0.00095466065;0.0013695512;1.4435177e-05;7.3859155e-06;5.001535e-06;9.0594156e-05;5.2740024e-06;7.611346e-06;8.878598e-05;1.0;1.0;89.1996;25
479631218;479442737;0.9470567;0.2314358;-0.042032853;0.218528;-34.829735;2.8125112;0.0013730318;0.0;0.0;-1.1651652;-0.008959706;-0.00053772697;-0.002037047;0.038026888;-0.046385255;-0.021040425;0.25781316;-0.00010003498;-0.1780386;0.14538018;-0.009150381;-0.19651867;0.0;0.0;-1.147484;0.0003280071;0.00025884234;0.00049092097;12.504888;33.223125;0.01656993;11669.146;23879.842;0.24758074;5.316924e-07;5.010357e-07;4.2199852e-07;0.00094591425;0.0013646017;1.4406649e-05;7.3074925e-06;4.9958844e-06;8.879655e-05;5.261579e-06;7.5148937e-06;8.699128e-05;1.0;1.0;90.81086;25
480136511;479947410;0.9634293;0.2009068;-0.030874783;0.1746063;-35.14299;2.8212044;0.025139496;0.0;0.0;-1.148237;-0.008939244;-0.0005423338;-0.0019905043;0.037897587;-0.046871785;-0.021063374;0.25807637;-0.00010185277;-0.17732057;0.14536382;-0.008912208;-0.19725528;0.0;0.0;-1.147484;0.00032976788;0.0002579475;0.00049405004;12.530892;33.814857;0.017077174;11979.556;24638.055;0.24966335;5.3394973e-07;5.0326565e-07;4.2251145e-07;0.00093531027;0.0013571212;1.43736215e-05;7.2158823e-06;4.990369e-06;8.774675e-05;5.2412934e-06;7.40666e-06;8.594058e-05;1.0;1.0;92.47237;25
480631145;480442188;0.9728885;0.16044693;-0.025857277;0.16454856;-35.52295;2.7997735;0.033933178;0.0;0.0;-1.1162933;-0.008932893;-0.00054843654;-0.0019531226;0.038027965;-0.047505993;-0.021058358;0.25832203;-0.000104143204;-0.17672588;0.14538379;-0.008673651;-0.1978562;0.0;0.0;-1.147484;0.00033122083;0.00025698065;0.00049738126;12.559449;34.39171;0.017400872;12288.378;25393.408;0.2509368;5.3648336e-07;5.0534067e-07;4.2332704e-07;0.0009239277;0.0013472119;1.4340867e-05;7.1389163e-06;4.986289e-06;8.716089e-05;5.221808e-06;7.3152005e-06;8.5355074e-05;1.0;1.0;94.13092;25
481135327;480946860;0.97082394;0.17824839;-0.016630465;0.15953662;-35.91738;2.8388667;0.069061756;0.0;0.0;-1.0719706;-0.008927375;-0.00055823335;-0.0018990937;0.038327936;-0.04804544;-0.021037381;0.25862792;-0.00010800368;-0.1762824;0.145386;-0.0083557805;-0.1983084;0.0;0.0;-1.147484;0.00033317058;0.00025658554;0.00049954007;12.595258;35.003986;0.017711142;12613.421;26190.625;0.25828743;5.3893837e-07;5.076736e-07;4.2328114e-07;0.0009130059;0.0013361813;1.43163e-05;7.0539068e-06;4.9808514e-06;8.6885375e-05;5.199769e-06;7.2099388e-06;8.50798e-05;1.0;1.0;95.85626;25
481630375;481441638;0.96655935;0.20710687;-0.021960283;0.1496247;-36.26669;2.847578;0.07678574;0.0;0.0;-1.0148646;-0.008913892;-0.00056428206;-0.0018491319;0.038480956;-0.048779875;-0.02103164;0.25892296;-0.00011136893;-0.17567784;0.14539598;-0.008067415;-0.19891867;0.0;0.0;-1.147484;0.00033379925;0.00025532398;0.0005021495;12.612324;35.523224;0.017859811;12930.294;26951.373;0.25913462;5.4120324e-07;5.0903685e-07;4.2369012e-07;0.00090027746;0.0013213286;1.42822355e-05;6.978969e-06;4.975365e-06;8.6352746e-05;5.180792e-06;7.122191e-06;8.45486e-05;1.0;1.0;97.58093;25
482134809;481946311;0.96972555;0.21031843;-0.044344172;0.115896605;-36.58428;2.8632326;0.106293745;0.0;0.0;-0.97568625;-0.00890856;-0.0005680843;-0.0018159501;0.03910628;-0.04886675;-0.020990688;0.25914863;-0.000114068665;-0.17516279;0.14542791;-0.007846604;-0.19943495;0.0;0.0;-1.147484;0.00033535113;0.000254721;0.0005063081;12.6467;36.103092;0.018006938;13261.179;27766.37;0.26087746;5.4395855e-07;5.110261e-07;4.2500295e-07;0.0008875116;0.0013041797;1.42544295e-05;6.918988e-06;4.971493e-06;8.587248e-05;5.1635607e-06;7.0534793e-06;8.40682e-05;1.0;1.0;99.37157;25
482633239;482441088;0.9722125;0.21951012;-0.05190259;0.06264467;-37.030106;2.8474908;0.11803397;0.0;0.0;-0.9227221;-0.008925047;-0.000585022;-0.0018043704;0.040391065;-0.049066268;-0.020885278;0.25937626;-0.00011687287;-0.17451732;0.14554629;-0.0076080365;-0.20006314;0.0;0.0;-1.147484;0.00033626566;0.000254098;0.0005085406;12.685907;36.652973;0.018285725;13593.819;28571.574;0.2670035;5.463864e-07;5.126916e-07;4.2549286e-07;0.00087586476;0.0012868651;1.4232762e-05;6.8438885e-06;4.966084e-06;8.540352e-05;5.1353804e-06;6.9717275e-06;8.359368e-05;1.0;1.0;101.16258;25
483134250;482945760;0.97682995;0.20514959;-0.05757073;-0.020063473;-37.579304;2.7916486;0.13627835;0.0;0.0;-0.8689161;-0.008967048;-0.00061119057;-0.0018209688;0.04243027;-0.04882866;-0.020717118;0.259564;-0.00011928017;-0.1736844;0.14575472;-0.0073723397;-0.20085467;0.0;0.0;-1.147484;0.0003366424;0.0002533747;0.00051014783;12.725007;37.210545;0.01833821;13935.658;29409.887;0.26820555;5.489653e-07;5.144276e-07;4.2599254e-07;0.00086303346;0.0012654722;1.4209033e-05;6.7598007e-06;4.9608084e-06;8.487583e-05;5.0958524e-06;6.8859977e-06;8.305586e-05;1.0;1.0;103.03285;25
483638957;483450433;0.976556;0.17829907;0.0001736315;-0.12061437;-38.252052;2.711947;0.14852606;0.0;0.0;-0.81177115;-0.009029482;-0.00065255305;-0.0018531786;0.044984367;-0.048102982;-0.020501755;0.2597152;-0.00012211625;-0.17312634;0.14597706;-0.0071242424;-0.20135048;0.0;0.0;-1.147484;0.00033719884;0.00025344882;0.00051221286;12.785912;37.869858;0.018192261;14286.201;30311.074;0.26909992;5.5205254e-07;5.171512e-07;4.268192e-07;0.00085073395;0.0012425013;1.419325e-05;6.672054e-06;4.957023e-06;8.4606785e-05;5.0494314e-06;6.795002e-06;8.277623e-05;1.0;1.0;104.96256;25
484133605;483945210;0.9713759;0.11516059;-0.021310182;-0.20667097;-39.111626;2.472585;0.16423477;0.0;0.0;-0.72975653;-0.009121674;-0.00072535477;-0.001888987;0.0487493;-0.046753027;-0.020185225;0.26000518;-0.00012798411;-0.17277426;0.14620617;-0.0066695674;-0.20160773;0.0;0.0;-1.147484;0.00033590844;0.00025333252;0.0005113217;12.855448;38.485622;0.017940179;14638.461;31202.174;0.2741591;5.5492063e-07;5.194564e-07;4.264771e-07;0.0008399027;0.0012207101;1.4182767e-05;6.548971e-06;4.951711e-06;8.4525556e-05;4.9807986e-06;6.6642137e-06;8.268583e-05;1.0;1.0;106.92355;25
484632172;484439987;0.955197;0.011120091;-0.0039204694;-0.29573596;-40.14548;2.2529361;0.24139196;0.0;0.0;-0.63198686;-0.009204923;-0.0008700419;-0.0018585703;0.0539963;-0.044392988;-0.01974031;0.26043603;-0.00013943217;-0.1737374;0.14620368;-0.006111184;-0.20049253;0.0;0.0;-1.147484;0.00033212194;0.0002522133;0.00049934495;12.913349;38.98874;0.016786328;14997.958;32070.39;0.27211258;5.578045e-07;5.2085056e-07;4.2200656e-07;0.0008285779;0.001195277;1.4169744e-05;6.383258e-06;4.946407e-06;8.257128e-05;4.8535053e-06;6.4587166e-06;8.073962e-05;1.0;1.0;108.97459;25
485133007;484944663;0.91520834;0.002231983;0.024438975;-0.40223327;-41.200928;1.9487729;0.24794044;0.0;0.0;-0.55664593;-0.009279103;-0.0010071921;-0.001855357;0.059169166;-0.04095652;-0.019323077;0.26069757;-0.00014704939;-0.17416748;0.14622429;-0.0057463944;-0.19990025;0.0;0.0;-1.147484;0.00032755992;0.00025137234;0.00049079134;13.004615;39.575912;0.015790343;15374.715;32997.277;0.2699061;5.612006e-07;5.228962e-07;4.1947752e-07;0.0008183726;0.001170158;1.41637465e-05;6.235988e-06;4.9427e-06;8.104635e-05;4.7368885e-06;6.281845e-06;7.9218364e-05;1.0;1.0;111.177124;25
485637748;485449332;0.84283274;0.0091931475;0.014573975;-0.5378998;-42.53326;1.4734881;0.23633616;0.0;0.0;-0.45062444;-0.009369684;-0.0011973701;-0.0018912283;0.065579526;-0.036670838;-0.018795814;0.26093382;-0.00015401677;-0.17432295;0.14631526;-0.0053582336;-0.19952244;0.0;0.0;-1.147484;0.0003208873;0.0002500974;0.00047991535;13.111284;40.125317;0.01512821;15761.468;33923.79;0.27249172;5.645516e-07;5.2461115e-07;4.1643452e-07;0.00080982165;0.0011484685;1.4162151e-05;6.0552193e-06;4.9375926e-06;7.955323e-05;4.593996e-06;6.0737357e-06;7.772854e-05;1.0;1.0;113.4989;25
486132589;485944109;0.74086297;0.01641424;0.003276111;-0.67144763;-43.85384;0.8728407;0.28361684;0.0;0.0;-0.3594258;-0.009447569;-0.0014138188;-0.001964479;0.0725225;-0.031162582;-0.01822402;0.26099578;-0.00015802622;-0.17422803;0.14644992;-0.0051289145;-0.19935907;0.0;0.0;-1.147484;0.0003126611;0.0002483628;0.0004696254;13.221048;40.63101;0.014245464;16144.511;34844.383;0.26730663;5.67968e-07;5.2644083e-07;4.139529e-07;0.0008013156;0.0011257761;1.41585115e-05;5.8645473e-06;4.9324312e-06;7.8360135e-05;4.4443395e-06;5.8613628e-06;7.653897e-05;1.0;1.0;115.903366;25
486637651;486448781;0.648173;0.011709585;0.0029730948;-0.76139736;-45.184624;0.21078359;0.31621277;0.0;0.0;-0.2692342;-0.009494122;-0.0016365944;-0.002050695;0.07936589;-0.025016047;-0.017659988;0.26082113;-0.00015929482;-0.17393038;0.14661998;-0.0051497943;-0.19936678;0.0;0.0;-1.147484;0.00030306948;0.00024614236;0.00046038887;13.350055;41.12526;0.013464154;16542.701;35788.43;0.26259604;5.715891e-07;5.284688e-07;4.1205377e-07;0.0007938074;0.0011050972;1.4157536e-05;5.674195e-06;4.9273926e-06;7.742602e-05;4.297209e-06;5.655961e-06;7.560745e-05;1.0;1.0;118.4967;25
487132040;486943558;0.574879;0.010072532;0.026310576;-0.81775326;-46.294674;-0.39404055;0.31915995;0.0;0.0;-0.19025776;-0.009502036;-0.0018195495;-0.0021203812;0.085145496;-0.019522037;-0.017183669;0.26059067;-0.00015987596;-0.17367399;0.14675716;-0.005272548;-0.19935903;0.0;0.0;-1.147484;0.00029301734;0.00024357878;0.00045408803;13.493457;41.56513;0.01294474;16942.457;36705.574;0.26229;5.752527e-07;5.305537e-07;4.1130022e-07;0.00078790233;0.0010884533;1.4160678e-05;5.5190476e-06;4.923696e-06;7.6770695e-05;4.180559e-06;5.4912357e-06;7.495453e-05;1.0;1.0;121.179214;25
487636723;487448230;0.49711904;0.011018675;0.010934372;-0.8675436;-47.56483;-1.0636677;0.33061233;0.0;0.0;-0.114616044;-0.009480005;-0.0020146854;-0.0021900237;0.09143452;-0.013239873;-0.01666265;0.26022467;-0.00016024342;-0.17335354;0.14692923;-0.00552317;-0.19936767;0.0;0.0;-1.147484;0.00028308175;0.00024092823;0.00044657657;13.639008;42.007336;0.012405121;17355.516;37650.715;0.25697595;5.790297e-07;5.329108e-07;4.0997037e-07;0.00078208506;0.0010719899;1.4161796e-05;5.3498457e-06;4.918668e-06;7.612555e-05;4.0561827e-06;5.3180675e-06;7.430962e-05;1.0;1.0;124.05522;25
488131850;487943006;0.45677543;0.011432552;0.007580483;-0.8894763;-48.735657;-1.6860528;0.34665146;0.0;0.0;-0.05342532;-0.009431105;-0.002183263;-0.0022412443;0.097239934;-0.006902007;-0.01618109;0.25980136;-0.00016051417;-0.17316389;0.14706035;-0.0058692344;-0.19925888;0.0;0.0;-1.147484;0.00027500856;0.00023929718;0.00044070295;13.796542;42.55007;0.0118432995;17769.768;38652.56;0.25092095;5.830085e-07;5.360645e-07;4.0902788e-07;0.0007771167;0.0010581237;1.41657565e-05;5.1951365e-06;4.913535e-06;7.5684504e-05;3.945221e-06;5.161136e-06;7.386854e-05;1.0;1.0;127.01109;25
488636051;488447678;0.45726225;0.0120958425;0.01489812;-0.8891249;-49.724514;-2.2681456;0.34701368;0.0;0.0;-0.00069755875;-0.0093680415;-0.002313654;-0.0022828297;0.10226399;-0.001371017;-0.015752276;0.2594615;-0.00016124343;-0.17299207;0.14716515;-0.0061538625;-0.19917275;0.0;0.0;-1.147484;0.00026598165;0.00023694623;0.00043690435;13.95999;42.969097;0.011396579;18200.938;39623.965;0.2458408;5.870202e-07;5.3902954e-07;4.0908418e-07;0.0007728087;0.001046115;1.4168502e-05;5.0713716e-06;4.909922e-06;7.534634e-05;3.8603307e-06;5.037337e-06;7.3531526e-05;1.0;1.0;130.16623;25
489130961;488942455;0.4640513;0.008361361;0.0062013203;-0.88574713;-50.89324;-2.8904068;0.3585999;0.0;0.0;0.07497585;-0.009276442;-0.0024451767;-0.002324478;0.107487515;0.0041047563;-0.015299368;0.25904512;-0.00016229929;-0.17275839;0.14730887;-0.0065061585;-0.19910581;0.0;0.0;-1.147484;0.00025785624;0.00023515998;0.0004317742;14.124274;43.38896;0.011131353;18633.197;40600.883;0.24502893;5.909901e-07;5.4217907e-07;4.084802e-07;0.00076935755;0.0010369986;1.4173774e-05;4.9377986e-06;4.9047703e-06;7.4964366e-05;3.7717552e-06;4.9059604e-06;7.3150644e-05;1.0;1.0;133.39719;25
489635493;489447127;0.47532848;-0.01832287;0.049974915;-0.87819684;-52.0869;-3.5096128;0.33554468;0.0;0.0;0.13500442;-0.009159783;-0.0025617955;-0.0023600173;0.112731315;0.009511202;-0.014827658;0.25868076;-0.00016410377;-0.17259851;0.14742482;-0.006826409;-0.19896393;0.0;0.0;-1.147484;0.00025052915;0.00023404532;0.00042742532;14.299677;43.87204;0.010872418;19084.145;41641.96;0.240294;5.951182e-07;5.457796e-07;4.0816536e-07;0.0007660613;0.0010287075;1.4177095e-05;4.814556e-06;4.899703e-06;7.455604e-05;3.6925476e-06;4.7832473e-06;7.2745075e-05;1.0;1.0;136.84076;25
490130274;489941903;0.5122832;-0.026974982;0.014257278;-0.8582745;-53.065346;-4.202152;0.3599489;0.0;0.0;0.19383755;-0.009054562;-0.0026567967;-0.0024277905;0.11760376;0.014174391;-0.014379276;0.2586214;-0.00016871438;-0.17303473;0.14743626;-0.0068495977;-0.19830625;0.0;0.0;-1.147484;0.0002444167;0.00023416636;0.00042556913;14.489795;44.41991;0.010588024;19539.848;42741.203;0.23964003;5.993062e-07;5.496895e-07;4.0912164e-07;0.0007634419;0.001022872;1.4183975e-05;4.7164044e-06;4.8959714e-06;7.4013566e-05;3.6325569e-06;4.661642e-06;7.222161e-05;1.0;1.0;140.36433;25
490635079;490446575;0.51401216;-0.023949435;0.05970744;-0.8553671;-54.28395;-4.946208;0.3537957;0.0;0.0;0.2393138;-0.0088962;-0.0027490084;-0.0024726554;0.12288807;0.019076997;-0.01387267;0.2584599;-0.00017308928;-0.17318809;0.14749631;-0.0069822613;-0.19786876;0.0;0.0;-1.147484;0.00023751649;0.00023349102;0.00042154567;14.669893;44.834545;0.010375697;20011.1;43795.76;0.23523358;6.032731e-07;5.534016e-07;4.091344e-07;0.00076084357;0.0010174154;1.4183959e-05;4.608643e-06;4.8909133e-06;7.34446e-05;3.5690134e-06;4.540399e-06;7.166699e-05;1.0;1.0;144.12111;25
491140153;490951247;0.47297162;0.019061293;-0.03687191;-0.8800995;-55.499065;-5.564023;0.34083068;0.0;0.0;0.26653132;-0.008715644;-0.0028148096;-0.0024779427;0.12759075;0.02360049;-0.013393194;0.2581098;-0.00017566711;-0.17302325;0.14764775;-0.0072696833;-0.197721;0.0;0.0;-1.147484;0.00023122075;0.00023294074;0.00041755397;14.854087;45.24665;0.010290155;20489.31;44861.156;0.23120047;6.071132e-07;5.572493e-07;4.0882313e-07;0.0007586698;0.0010132581;1.418295e-05;4.50867e-06;4.885863e-06;7.28672e-05;3.5118226e-06;4.448211e-06;7.1086855e-05;1.0;1.0;148.04065;25
491635101;491446023;0.40827906;0.046522528;-0.06922163;-0.90903926;-56.48277;-6.089936;0.32472035;0.0;0.0;0.2687278;-0.008551137;-0.0028550092;-0.0024518245;0.13136081;0.027305607;-0.012971842;0.2576305;-0.00017668573;-0.17308466;0.14784448;-0.0076476545;-0.1973663;0.0;0.0;-1.147484;0.00022568296;0.00023240157;0.00041534385;15.042968;45.638477;0.0101182135;20963.25;45918.566;0.22702332;6.108741e-07;5.611464e-07;4.0901662e-07;0.00075686316;0.0010101475;1.4179887e-05;4.4284384e-06;4.8821375e-06;7.2239956e-05;3.466559e-06;4.3892674e-06;7.044569e-05;1.0;1.0;152.04498;25
492129879;491940799;0.38489345;0.050909467;-0.076133706;-0.9184057;-57.601757;-6.553338;0.3252277;0.0;0.0;0.2958462;-0.008362344;-0.0028774517;-0.0024017706;0.13496435;0.030727;-0.012564885;0.25702685;-0.00017720362;-0.173397;0.14807986;-0.008115878;-0.19672668;0.0;0.0;-1.147484;0.00022053818;0.00023173277;0.00041193384;15.229515;45.99509;0.01000386;21441.97;46976.902;0.22744463;6.144296e-07;5.650013e-07;4.0853118e-07;0.000755403;0.0010077977;1.4179214e-05;4.3410287e-06;4.8769516e-06;7.146382e-05;3.4171644e-06;4.333079e-06;6.9650996e-05;1.0;1.0;156.20581;25
492633984;492445471;0.36611673;0.052826762;-0.08674819;-0.9250096;-58.702778;-6.9940324;0.29053035;0.0;0.0;0.29875922;-0.008171181;-0.0028802522;-0.0023356173;0.13840024;0.033697106;-0.012145254;0.25643736;-0.00017730608;-0.17395522;0.14831464;-0.00855476;-0.19583972;0.0;0.0;-1.147484;0.00021588003;0.00023128683;0.00040899278;15.424344;46.371666;0.0098588895;21937.994;48076.84;0.22458555;6.1798914e-07;5.6897335e-07;4.0821172e-07;0.0007540151;0.0010057815;1.4173642e-05;4.2602105e-06;4.871837e-06;7.0558846e-05;3.3712163e-06;4.286485e-06;6.872532e-05;1.0;1.0;160.60829;25
493128617;492940247;0.42199066;0.003924561;0.032456696;-0.9060105;-59.61916;-7.5551214;0.28509235;0.0;0.0;0.2878721;-0.007990133;-0.0028825277;-0.0023286664;0.14151391;0.036246456;-0.011744158;0.25603232;-0.0001780448;-0.173973;0.14849019;-0.008893883;-0.19554704;0.0;0.0;-1.147484;0.00021285556;0.0002326618;0.00040888975;15.646311;46.92672;0.009737032;22445.31;49301.035;0.22543819;6.2175064e-07;5.7312093e-07;4.0911632e-07;0.00075298134;0.001004689;1.4174121e-05;4.195867e-06;4.8680436e-06;7.025901e-05;3.3349952e-06;4.2373977e-06;6.841708e-05;1.0;1.0;165.08337;25
493637122;493444918;0.45693448;-0.0060012587;0.005908778;-0.8894605;-60.822765;-8.258178;0.25506577;0.0;0.0;0.27027875;-0.007747144;-0.0028788147;-0.0023597493;0.14528632;0.038845606;-0.011257616;0.25572896;-0.00018134377;-0.17382102;0.14866091;-0.009162101;-0.19538946;0.0;0.0;-1.147484;0.00020899672;0.00023347663;0.00040741567;15.858643;47.356613;0.009639281;22973.416;50488.23;0.22284955;6.2517677e-07;5.7704864e-07;4.0972088e-07;0.0007518728;0.0010034367;1.4166934e-05;4.120115e-06;4.862888e-06;7.0063186e-05;3.2965393e-06;4.1656117e-06;6.82248e-05;1.0;1.0;169.82242;25
494138057;493949590;0.45800662;-0.005140901;0.0057038637;-0.8889157;-62.036392;-8.931001;0.24835844;0.0;0.0;0.24557117;-0.007490699;-0.002856023;-0.0023834035;0.14878012;0.041066974;-0.010788964;0.25545487;-0.00018483622;-0.17365426;0.1488364;-0.009394046;-0.19525148;0.0;0.0;-1.147484;0.00020502464;0.00023388656;0.0004057438;16.066328;47.69679;0.009533949;23509.988;51647.145;0.22042668;6.2834255e-07;5.80858e-07;4.1027047e-07;0.00075088965;0.0010022173;1.4157543e-05;4.0474583e-06;4.8577326e-06;6.9848604e-05;3.2615035e-06;4.0981195e-06;6.801336e-05;1.0;1.0;174.75203;25
494633140;494444366;0.45541063;-0.0026278435;0.0014721589;-0.89027643;-63.2624;-9.560435;0.23527418;0.0;0.0;0.21598269;-0.007222753;-0.0028187153;-0.0024029408;0.1520032;0.042912945;-0.010338211;0.2551684;-0.00018805036;-0.17343129;0.14902428;-0.009638235;-0.19516838;0.0;0.0;-1.147484;0.00020180541;0.00023480791;0.00040425695;16.278206;48.066837;0.009432973;24046.94;52827.17;0.21750978;6.312829e-07;5.8455686e-07;4.107494e-07;0.00075005647;0.0010013003;1.4146702e-05;3.9794213e-06;4.8524776e-06;6.965641e-05;3.229487e-06;4.035871e-06;6.7823436e-05;1.0;1.0;179.7745;25
495127613;494939141;0.44898862;0.0015644147;0.0014088417;-0.8935351;-64.3096;-10.098805;0.21029244;0.0;0.0;0.19371064;-0.0069840723;-0.0027797453;-0.002426699;0.15460214;0.044265877;-0.009954729;0.25494266;-0.00019119142;-0.17320818;0.14918385;-0.009829704;-0.19513641;0.0;0.0;-1.147484;0.0001992709;0.00023625807;0.00040434775;16.506996;48.49168;0.009430547;24595.99;54067.13;0.21866466;6.343603e-07;5.8836406e-07;4.1189278e-07;0.00074941426;0.0010006363;1.4140971e-05;3.924599e-06;4.84867e-06;6.952387e-05;3.204197e-06;3.9848824e-06;6.7692374e-05;1.0;1.0;184.99109;25
495632416;495443812;0.4400448;0.0046898136;0.0110252;-0.8978959;-65.52652;-10.728984;0.18328802;0.0;0.0;0.14130366;-0.0066961613;-0.002725042;-0.0024580075;0.15741123;0.045589544;-0.0095170345;0.25467098;-0.00019479895;-0.17287122;0.14937355;-0.010065012;-0.19517763;0.0;0.0;-1.147484;0.00019671056;0.00023732707;0.00040344408;16.731457;48.84824;0.00935424;25163.143;55304.27;0.21667224;6.370476e-07;5.9199607e-07;4.125129e-07;0.000748751;0.0009999059;1.41279115e-05;3.8627195e-06;4.8435104e-06;6.941467e-05;3.1765555e-06;3.9302968e-06;6.758483e-05;1.0;1.0;190.51488;25
496136984;495948484;0.43625557;0.0024610932;0.013942751;-0.8997115;-66.7652;-11.360798;0.16940832;0.0;0.0;0.08115883;-0.0063995575;-0.0026614482;-0.0024946353;0.16004525;0.046552725;-0.009090362;0.25440848;-0.00019873654;-0.1724888;0.14956883;-0.010293197;-0.19526394;0.0;0.0;-1.147484;0.00019433303;0.0002382079;0.00040261704;16.954542;49.167202;0.009292557;25739.418;56538.984;0.21479078;6.3951717e-07;5.9551473e-07;4.131306e-07;0.0007481429;0.0009991758;1.4112753e-05;3.8032842e-06;4.8383495e-06;6.932725e-05;3.1508596e-06;3.8786607e-06;6.749839e-05;1.0;1.0;196.24712;25
496631739;496443259;0.45844176;-0.008388282;-0.01158067;-0.8886094;-67.829895;-11.836424;0.14634848;0.0;0.0;0.028856574;-0.006136597;-0.002585973;-0.0025051846;0.16217732;0.047056355;-0.008724053;0.2542202;-0.00020195215;-0.17227487;0.14974266;-0.010439174;-0.19523017;0.0;0.0;-1.147484;0.00019248003;0.00023943337;0.00040266308;17.184586;49.509926;0.009325951;26317.027;57796.69;0.21619083;6.4202686e-07;5.991017e-07;4.1418326e-07;0.0007476638;0.0009985621;1.4102073e-05;3.7548064e-06;4.8345423e-06;6.914983e-05;3.1301306e-06;3.835292e-06;6.7321664e-05;1.0;1.0;202.07611;25
497136591;496947933;0.41350514;-0.10392169;-0.0847691;-0.900571;-69.15025;-12.334134;0.1832083;0.0;0.0;-0.023681374;-0.0058249333;-0.0024766233;-0.0024950018;0.16449136;0.047249485;-0.0083372565;0.25404206;-0.00020579202;-0.17229246;0.14994925;-0.010548946;-0.19493046;0.0;0.0;-1.147484;0.0001910136;0.00024090354;0.00040136575;17.41506;49.864197;0.009275531;26917.035;59104.168;0.21454223;6.441164e-07;6.025947e-07;4.1457957e-07;0.00074718875;0.0009980031;1.4084417e-05;3.7008992e-06;4.8293896e-06;6.868664e-05;3.1056807e-06;3.7869322e-06;6.6862354e-05;1.0;1.0;208.24472;25
497631297;497442706;0.27038926;0.004668413;0.06574844;-0.9604921;-70.35273;-12.557322;0.05172875;0.0;0.0;-0.11842636;-0.0055347607;-0.0023329118;-0.0024250427;0.16668177;0.047037117;-0.007964186;0.25397143;-0.00020868331;-0.17354393;0.15004735;-0.010547053;-0.19343372;0.0;0.0;-1.147484;0.0001909372;0.00024363009;0.00039981632;17.667326;50.393044;0.009267539;27518.695;60517.4;0.21250224;6.4624066e-07;6.06088e-07;4.1459393e-07;0.00074680784;0.000997794;1.4065715e-05;3.6529086e-06;4.8241545e-06;6.751141e-05;3.0762142e-06;3.7456546e-06;6.569588e-05;1.0;1.0;214.50447;25
498136004;497947377;0.12349892;0.001947953;0.0027910313;-0.9923389;-71.389755;-12.83841;0.019627469;0.0;0.0;-0.20302552;-0.005276441;-0.0022196567;-0.0024244569;0.16825315;0.04713796;-0.0076591284;0.25375664;-0.00020859808;-0.17329969;0.1501273;-0.010826441;-0.19344454;0.0;0.0;-1.147484;0.00019098356;0.00024490873;0.0003996009;17.906166;50.83439;0.009326268;28136.11;61918.09;0.21482709;6.484986e-07;6.0934826e-07;4.1462812e-07;0.00074642536;0.000997338;1.4051521e-05;3.6084357e-06;4.8190213e-06;6.741456e-05;3.0451158e-06;3.7198597e-06;6.55995e-05;1.0;1.0;221.09384;25
498630476;498442152;0.07111511;0.008115774;0.0069356775;-0.997411;-72.18998;-13.26623;0.025800051;0.0;0.0;-0.31396788;-0.005076874;-0.002129249;-0.002443196;0.1694995;0.047143616;-0.0073772883;0.25356513;-0.00020819531;-0.17283481;0.1501804;-0.01110683;-0.19371837;0.0;0.0;-1.147484;0.00019173668;0.00024617332;0.00040059877;18.148438;51.30085;0.009232821;28751.7;63334.953;0.21286047;6.511883e-07;6.1254997e-07;4.1508972e-07;0.00074603164;0.0009969417;1.4028039e-05;3.574376e-06;4.815236e-06;6.739517e-05;3.0166955e-06;3.7002417e-06;6.557681e-05;1.0;1.0;227.72868;25
499125393;498936927;0.05551746;0.006214067;0.0021816078;-0.998436;-73.08591;-13.385569;0.024135472;0.0;0.0;-0.38598073;-0.0048775133;-0.0019964955;-0.0024260704;0.17054479;0.04710036;-0.007163952;0.25336117;-0.00020642916;-0.17244573;0.1502431;-0.0114019625;-0.19392203;0.0;0.0;-1.147484;0.00019227834;0.00024647464;0.00040016408;18.369837;51.685207;0.009258646;29372.047;64717.785;0.21463014;6.5349286e-07;6.1542e-07;4.1465057e-07;0.0007456226;0.0009963389;1.4009043e-05;3.5360042e-06;4.8100123e-06;6.737661e-05;2.983023e-06;3.6831186e-06;6.555514e-05;1.0;1.0;234.52245;25
499630444;499441598;0.038463894;0.0020733469;-0.0005574594;-0.9992577;-73.966515;-13.429899;-0.011955386;0.0;0.0;-0.46572584;-0.0046972143;-0.0018500468;-0.002401239;0.17153446;0.046861466;-0.0069592563;0.25318837;-0.00020473084;-0.1721458;0.15030423;-0.011657267;-0.1940435;0.0;0.0;-1.147484;0.00019323721;0.00024704426;0.00039991245;18.601482;52.099686;0.009228403;30016.863;66161.375;0.2133584;6.560052e-07;6.182779e-07;4.1427185e-07;0.0007451886;0.0009957206;1.3981996e-05;3.5003984e-06;4.804892e-06;6.734479e-05;2.9498012e-06;3.6692777e-06;6.552059e-05;1.0;1.0;241.60951;25
500134762;499946269;0.03815848;0.002291106;0.007250264;-0.99924284;-74.704155;-13.46146;-0.016672969;0.0;0.0;-0.5485574;-0.004548449;-0.0017168534;-0.002385755;0.1723323;0.046597343;-0.0067865136;0.25304163;-0.00020362034;-0.17184073;0.15036395;-0.011868401;-0.19419746;0.0;0.0;-1.147484;0.00019478668;0.00024817648;0.0004010273;18.84715;52.557983;0.0092020035;30676.78;67668.13;0.2121479;6.589345e-07;6.2129305e-07;4.1470972e-07;0.0007447835;0.0009951504;1.3953915e-05;3.4720854e-06;4.8012216e-06;6.733061e-05;2.922263e-06;3.6580543e-06;6.550355e-05;1.0;1.0;248.85365;25
500629405;500441044;0.038978748;-0.016287345;0.05207314;-0.9977494;-75.56527;-13.484884;-0.06658134;0.0;0.0;-0.63412625;-0.004380971;-0.0015606574;-0.0023893407;0.17326935;0.04614597;-0.006606016;0.2529068;-0.00020374016;-0.17154603;0.15041669;-0.012084211;-0.19431716;0.0;0.0;-1.147484;0.00019754247;0.00025101507;0.00040149398;19.109383;53.159943;0.009195008;31342.623;69276.85;0.21040446;6.6182906e-07;6.238667e-07;4.1446748e-07;0.00074445887;0.0009948198;1.3925101e-05;3.4422542e-06;4.7960157e-06;6.729759e-05;2.8912284e-06;3.644237e-06;6.547226e-05;1.0;1.0;256.10925;25
501134159;500945714;0.0395895;-0.0049743764;0.042484023;-0.9983001;-76.50061;-13.5824175;-0.08166999;0.0;0.0;-0.72111213;-0.0041939183;-0.0014097163;-0.0024417578;0.17410424;0.04585931;-0.0064573702;0.25275132;-0.0002067402;-0.17118347;0.15047882;-0.012297703;-0.19450495;0.0;0.0;-1.147484;0.00019980158;0.00025262867;0.00040209727;19.359201;53.649834;0.009288454;32027.156;70862.39;0.21299504;6.6456096e-07;6.261757e-07;4.1444582e-07;0.000744091;0.0009942417;1.3902568e-05;3.411578e-06;4.790914e-06;6.7224995e-05;2.861384e-06;3.627576e-06;6.54013e-05;1.0;1.0;263.67343;25
501638903;501450385;-0.015960597;0.008554597;-0.10785236;-0.994002;-77.30735;-13.461816;-0.07903258;0.0;0.0;-0.8001733;-0.0040738247;-0.0012436468;-0.0024144948;0.17469467;0.045402624;-0.0063473023;0.25264242;-0.0002064951;-0.17103048;0.15055156;-0.012428221;-0.19451696;0.0;0.0;-1.147484;0.00020290702;0.00025510564;0.00040346477;19.626806;54.23151;0.009262233;32725.48;72536.62;0.21200506;6.676768e-07;6.289035e-07;4.1487962e-07;0.00074374303;0.0009936995;1.3871451e-05;3.388881e-06;4.787267e-06;6.709565e-05;2.8364504e-06;3.6212532e-06;6.526997e-05;1.0;1.0;271.4092;25
502133510;501945163;-0.11551558;0.019940244;-0.06567236;-0.9909318;-77.99012;-13.229834;-0.11091523;0.0;0.0;-0.8912598;-0.0039942996;-0.0010681703;-0.0023504605;0.17522232;0.044882253;-0.0062456215;0.25262174;-0.00020518538;-0.17141233;0.15056357;-0.012470528;-0.1940295;0.0;0.0;-1.147484;0.00020571235;0.0002562903;0.00040212116;19.862207;54.740124;0.009175985;33402.668;74154.914;0.21041082;6.7029225e-07;6.310225e-07;4.137314e-07;0.0007433119;0.0009929648;1.3837297e-05;3.3667184e-06;4.7821077e-06;6.629859e-05;2.8047639e-06;3.6203724e-06;6.446948e-05;1.0;1.0;279.12943;25
502628286;502439935;-0.13874839;-0.014529653;-0.058846284;-0.988471;-78.52175;-13.028623;-0.14163378;0.0;0.0;-0.9787078;-0.003935491;-0.00091851415;-0.0023127906;0.17567706;0.044450257;-0.006164187;0.25262716;-0.00020399144;-0.17169966;0.15053567;-0.012537111;-0.19366488;0.0;0.0;-1.147484;0.00020912546;0.00025802455;0.00040132075;20.103952;55.319843;0.009224821;34099.535;75857.06;0.2124119;6.7317757e-07;6.330609e-07;4.126111e-07;0.0007429698;0.0009923856;1.3812116e-05;3.34843e-06;4.7769677e-06;6.584644e-05;2.7718663e-06;3.6193953e-06;6.401778e-05;1.0;1.0;286.96118;25
503133816;502944605;-0.1268066;0.002221183;0.008620034;-0.9918875;-79.10083;-12.971481;-0.13678749;0.0;0.0;-1.066308;-0.0038593467;-0.000793452;-0.0023306957;0.17591538;0.044266284;-0.0061260317;0.25256857;-0.00020402836;-0.1713557;0.15054323;-0.012658583;-0.19392116;0.0;0.0;-1.147484;0.00021250972;0.0002593344;0.00040244067;20.353199;55.864685;0.009188437;34826.04;77581.29;0.21138747;6.7626337e-07;6.3523214e-07;4.126679e-07;0.0007426101;0.0009917464;1.3779689e-05;3.332257e-06;4.773368e-06;6.5806926e-05;2.7449948e-06;3.6151202e-06;6.397344e-05;1.0;1.0;295.0512;25
503637779;503449275;-0.13176729;-0.00026463516;0.009258464;-0.99123746;-79.754;-12.753142;-0.14454651;0.0;0.0;-1.1411362;-0.003778696;-0.0006356591;-0.0023497473;0.17611147;0.044107597;-0.0061170333;0.2525037;-0.00020417337;-0.17097479;0.1505537;-0.01279402;-0.19420482;0.0;0.0;-1.147484;0.00021547062;0.00025979945;0.00040235993;20.580069;56.31368;0.009184545;35557.95;79267.5;0.21040602;6.788228e-07;6.3674764e-07;4.1200005e-07;0.0007422151;0.000991029;1.3747242e-05;3.3125095e-06;4.7683484e-06;6.579435e-05;2.7144254e-06;3.6105807e-06;6.395699e-05;1.0;1.0;303.26343;25
504132520;503944050;-0.1355017;-0.0024193688;0.0039840327;-0.9907662;-80.37692;-12.522995;-0.15591407;0.0;0.0;-1.2207818;-0.0037141875;-0.00047926352;-0.0023638557;0.17629042;0.04389725;-0.00611262;0.25245476;-0.00020420799;-0.17062262;0.1505602;-0.012911903;-0.19446483;0.0;0.0;-1.147484;0.00021850133;0.00026021717;0.0004021566;20.799837;56.754257;0.009241979;36285.543;80947.86;0.21247646;6.8120346e-07;6.380498e-07;4.1126935e-07;0.0007418558;0.0009903834;1.3722731e-05;3.2937621e-06;4.76325e-06;6.578199e-05;2.6848131e-06;3.6068593e-06;6.394134e-05;1.0;1.0;311.4267;25
504627449;504438824;-0.12701505;-0.0034501187;0.000351621;-0.9918947;-80.90777;-12.289947;-0.17347214;0.0;0.0;-1.2785563;-0.0036668982;-0.00033763488;-0.0023710055;0.17637697;0.043730434;-0.0061506396;0.25241747;-0.00020421753;-0.17033084;0.15056966;-0.013002366;-0.19467519;0.0;0.0;-1.147484;0.00022197742;0.00026108188;0.00040318785;21.033607;57.236034;0.009213904;37027.867;82683.125;0.21094257;6.8381416e-07;6.397544e-07;4.1138156e-07;0.00074150244;0.0009897981;1.369099e-05;3.2789885e-06;4.759592e-06;6.577289e-05;2.6601936e-06;3.6043014e-06;6.392931e-05;1.0;1.0;319.69623;25
505132066;504943494;0.06219909;0.021588132;-0.010731366;-0.9977726;-81.711174;-11.792992;-0.14847049;0.0;0.0;-1.3392961;-0.0036448701;-0.00011868373;-0.002317762;0.17652051;0.04334888;-0.006192824;0.25234243;-0.00020265483;-0.17013219;0.15063971;-0.013079549;-0.19475192;0.0;0.0;-1.147484;0.00022611988;0.0002627243;0.00040354126;21.278067;57.760044;0.0091843335;37794.965;84513.016;0.2100788;6.8620835e-07;6.4096446e-07;4.1115197e-07;0.00074117526;0.000989295;1.3661084e-05;3.2600378e-06;4.754623e-06;6.568048e-05;2.6358507e-06;3.6024055e-06;6.383326e-05;1.0;1.0;328.2517;25
505626726;505438272;0.37313023;-0.013538186;-0.009980007;-0.9276266;-82.81609;-11.099711;-0.24465331;0.0;0.0;-1.4078326;-0.003590614;0.00019655844;-0.0022673071;0.17680028;0.04258316;-0.006225718;0.25225708;-0.00020426922;-0.17010354;0.15082294;-0.01303306;-0.1945989;0.0;0.0;-1.147484;0.00023022742;0.0002654799;0.00040433503;21.55729;58.33326;0.009283266;38574.32;86398.586;0.21224502;6.8830224e-07;6.418723e-07;4.115724e-07;0.00074093597;0.000988936;1.3639807e-05;3.2332791e-06;4.7495655e-06;6.555467e-05;2.6177388e-06;3.5831947e-06;6.37121e-05;1.0;1.0;336.80945;25
506131556;505942939;0.7277193;-0.034027953;-0.05796016;-0.6825741;-84.25252;-10.310837;-0.21460232;0.0;0.0;-1.4692078;-0.0034555318;0.0005866209;-0.0022288088;0.17745659;0.041257385;-0.006257607;0.2523827;-0.00021584795;-0.17165142;0.15115857;-0.012518628;-0.19286253;0.0;0.0;-1.147484;0.00023214759;0.00026789223;0.00040337545;21.850183;58.91538;0.0093459785;39383.406;88404.52;0.21145001;6.9028033e-07;6.4258444e-07;4.1164654e-07;0.0007407;0.0009886381;1.362809e-05;3.2011715e-06;4.744617e-06;6.467864e-05;2.6063542e-06;3.509774e-06;6.28535e-05;1.0;1.0;345.77597;25
506636000;506447608;0.94216305;-0.038133726;-0.04173354;-0.33035287;-85.840965;-9.595891;-0.17490736;0.0;0.0;-1.523575;-0.003345367;0.0009317218;-0.0021257198;0.17765905;0.03975705;-0.006357511;0.25249973;-0.00022325898;-0.17177226;0.15166804;-0.011943809;-0.19261043;0.0;0.0;-1.147484;0.00022986099;0.0002672969;0.0004019083;22.122997;59.472637;0.009232951;40206.594;90420.65;0.21065126;6.92393e-07;6.432291e-07;4.1096231e-07;0.000740406;0.000988166;1.3600269e-05;3.17711e-06;4.741124e-06;6.445767e-05;2.5933014e-06;3.4317943e-06;6.263129e-05;1.0;1.0;355.07587;25
507130932;506942383;0.9999259;0.011822232;0.0017300637;-0.0023371188;-87.17673;-8.806461;-0.16259043;0.0;0.0;-1.5797462;-0.0032774964;0.0012416492;-0.0019062194;0.17784521;0.037949286;-0.006456606;0.2526987;-0.00022878505;-0.1718537;0.15232845;-0.011170108;-0.19244199;0.0;0.0;-1.147484;0.0002246713;0.00026390006;0.0003965853;22.326664;59.926613;0.009219495;41017.613;92358.0;0.21280904;6.942112e-07;6.4367214e-07;4.07718e-07;0.00074007106;0.0009874988;1.357865e-05;3.1584673e-06;4.7361573e-06;6.421311e-05;2.567834e-06;3.3335195e-06;6.237967e-05;1.0;1.0;364.49478;25
507635556;507447052;0.9582369;0.049456928;-0.004049834;0.28163782;-87.96142;-8.289658;-0.23166357;0.0;0.0;-1.6081424;-0.0032552585;0.0014055934;-0.0017230364;0.17791922;0.036735035;-0.00657457;0.25281486;-0.00023006083;-0.17142886;0.15283398;-0.010719514;-0.19283572;0.0;0.0;-1.147484;0.00022009778;0.00026056674;0.00039138037;22.522917;60.498116;0.009181522;41855.863;94408.74;0.21188109;6.9718004e-07;6.453047e-07;4.0404643e-07;0.00073976815;0.000986874;1.3550093e-05;3.1503869e-06;4.731321e-06;6.3819185e-05;2.5336997e-06;3.251693e-06;6.196582e-05;1.0;1.0;374.29874;25
508130337;507941826;0.8644123;0.029443463;-0.086972356;0.49432802;-88.163246;-8.064918;-0.24134792;0.0;0.0;-1.6190423;-0.0032586232;0.0014594537;-0.001629558;0.17780674;0.036359537;-0.006701905;0.25288275;-0.00022939117;-0.1710757;0.1530537;-0.010556205;-0.19320662;0.0;0.0;-1.147484;0.00021668698;0.00025734183;0.00038866058;22.701244;61.03378;0.009157713;42687.805;96419.46;0.2103492;7.007424e-07;6.48107e-07;4.0169778e-07;0.00073942816;0.0009862441;1.3520068e-05;3.1481375e-06;4.7278118e-06;6.3582374e-05;2.5023803e-06;3.2018306e-06;6.171264e-05;1.0;1.0;383.9822;25
508635166;508446496;0.75742614;0.043580446;-0.09607765;0.6443413;-87.966385;-8.021239;-0.1565069;0.0;0.0;-1.6392362;-0.0032687464;0.0014661712;-0.0015935017;0.17764434;0.03634988;-0.0068232995;0.25294003;-0.00022798828;-0.1708512;0.15310512;-0.010538768;-0.1934695;0.0;0.0;-1.147484;0.00021524105;0.00025531295;0.00038574322;22.87505;61.613003;0.009219874;43552.613;98532.875;0.21308196;7.048743e-07;6.5147066e-07;3.9881095e-07;0.0007390853;0.0009856719;1.3498695e-05;3.1479583e-06;4.723024e-06;6.347124e-05;2.466497e-06;3.1657964e-06;6.159067e-05;1.0;1.0;393.86633;25
509129960;508941270;0.6894895;0.039688975;-0.0019293305;0.7232049;-87.80936;-8.111598;-0.1750234;0.0;0.0;-1.6554705;-0.0032735674;0.0014597883;-0.0016048822;0.17736666;0.036669943;-0.0069665946;0.2529866;-0.0002265369;-0.17072208;0.15304236;-0.010612143;-0.19364476;0.0;0.0;-1.147484;0.00021575917;0.00025470968;0.00038399737;23.068956;62.28778;0.009209991;44417.742;100684.5;0.21155995;7.0929275e-07;6.5520635e-07;3.964648e-07;0.00073870225;0.0009851828;1.3468325e-05;3.1479872e-06;4.7181607e-06;6.326686e-05;2.432348e-06;3.1440381e-06;6.137743e-05;1.0;1.0;403.54312;25
509634293;509445939;0.67115515;-0.02232075;0.07918193;0.73673797;-87.71594;-8.327008;-0.27175605;0.0;0.0;-1.6742386;-0.0032729835;0.0014571713;-0.0016213334;0.17711435;0.036909133;-0.0071166744;0.25303903;-0.00022516814;-0.17058565;0.1529615;-0.010699395;-0.19380799;0.0;0.0;-1.147484;0.00021725791;0.0002548533;0.0003843115;23.295855;63.046227;0.0092303725;45317.926;102942.35;0.21069714;7.1394317e-07;6.593959e-07;3.955655e-07;0.00073827937;0.0009847521;1.3438486e-05;3.1483542e-06;4.714805e-06;6.303054e-05;2.4050764e-06;3.128671e-06;6.113083e-05;1.0;1.0;413.3823;25
510129200;509940713;0.6551999;-0.0042815534;0.006353475;0.75541675;-87.731926;-8.43753;-0.2683128;0.0;0.0;-1.6924249;-0.0032813097;0.0014603466;-0.0016358943;0.1769883;0.036959533;-0.0072314055;0.2530941;-0.0002232351;-0.17026277;0.15289268;-0.010816239;-0.19415209;0.0;0.0;-1.147484;0.00021883601;0.0002548118;0.00038212218;23.492651;63.739864;0.00926596;46193.555;105146.43;0.21287854;7.183325e-07;6.6367613e-07;3.937474e-07;0.0007377831;0.0009842467;1.3415191e-05;3.1476636e-06;4.7099816e-06;6.269821e-05;2.378448e-06;3.1057562e-06;6.0786926e-05;1.0;1.0;422.9979;25
510633870;510445382;0.6723443;-0.0026782223;-0.021700699;0.73991567;-87.62635;-8.5239725;-0.1959275;0.0;0.0;-1.6915938;-0.0032935673;0.0014592174;-0.0016563374;0.17672054;0.037196185;-0.007370537;0.25314334;-0.0002215921;-0.1700624;0.15281393;-0.010921755;-0.19438934;0.0;0.0;-1.147484;0.00022063553;0.0002550056;0.0003804498;23.68749;64.41719;0.009216997;47104.133;107419.445;0.21200603;7.2269444e-07;6.6813493e-07;3.9221638e-07;0.0007371673;0.0009836997;1.3384348e-05;3.147439e-06;4.7052804e-06;6.2550636e-05;2.3538123e-06;3.0869378e-06;6.063128e-05;1.0;1.0;432.79706;25
511138663;510950052;0.6747335;-0.0057816766;-0.0173845;0.7378341;-87.53746;-8.526118;-0.18946657;0.0;0.0;-1.6846615;-0.0032997662;0.001460916;-0.001670351;0.17639239;0.037450213;-0.007523239;0.25319162;-0.00022000469;-0.16987427;0.15274416;-0.011018385;-0.19461209;0.0;0.0;-1.147484;0.000223219;0.00025625218;0.0003793006;23.903124;65.212654;0.009185585;48038.395;109810.984;0.21114363;7.271172e-07;6.7267086e-07;3.9084347e-07;0.0007365548;0.0009832686;1.3354294e-05;3.1480756e-06;4.700602e-06;6.248155e-05;2.3310547e-06;3.0693523e-06;6.0552273e-05;1.0;1.0;442.58536;25
511633220;511444825;0.6747981;-0.0021918651;-0.015636418;0.7378335;-87.45279;-8.5127735;-0.16902949;0.0;0.0;-1.6800834;-0.0033057344;0.0014626697;-0.0016766181;0.17608435;0.037659835;-0.0076615717;0.25323376;-0.00021863246;-0.16971515;0.15269302;-0.011095383;-0.19480206;0.0;0.0;-1.147484;0.00022534796;0.00025681488;0.00037913356;24.105791;65.88575;0.0091440575;48962.92;112094.91;0.20964026;7.3109493e-07;6.770978e-07;3.9036493e-07;0.00073586224;0.0009827317;1.3323078e-05;3.1485042e-06;4.6972245e-06;6.242895e-05;2.3128969e-06;3.0553033e-06;6.049076e-05;1.0;1.0;452.1667;25
512138074;511949494;0.6740124;-0.004094811;-0.0142298965;0.7385716;-87.38529;-8.510061;-0.14987369;0.0;0.0;-1.6790735;-0.0033152346;0.0014664113;-0.0016825184;0.17581162;0.037841894;-0.0077909967;0.25328028;-0.00021704446;-0.1695259;0.15263802;-0.011185157;-0.19502363;0.0;0.0;-1.147484;0.00022842796;0.0002584247;0.00037834523;24.320753;66.67874;0.00920548;49926.234;114546.59;0.21240221;7.350933e-07;6.816331e-07;3.8923977e-07;0.00073525216;0.0009823241;1.3301789e-05;3.1490904e-06;4.692588e-06;6.237598e-05;2.2932072e-06;3.0403078e-06;6.042667e-05;1.0;1.0;461.92587;25
512633132;512444268;0.6735026;0.0006436895;-0.006659989;0.7391546;-87.37278;-8.457943;-0.15921505;0.0;0.0;-1.66549;-0.0033252207;0.0014704482;-0.0016880512;0.17548251;0.038078845;-0.007931837;0.25332686;-0.00021547386;-0.16934997;0.15258116;-0.011273655;-0.19523668;0.0;0.0;-1.147484;0.0002310313;0.0002593515;0.00037744103;24.516083;67.36131;0.009172245;50878.008;116883.77;0.21088299;7.3850714e-07;6.859335e-07;3.8808832e-07;0.00073451217;0.0009817792;1.3271355e-05;3.1490408e-06;4.687876e-06;6.2335785e-05;2.2745976e-06;3.02698e-06;6.0375973e-05;1.0;1.0;471.48254;25
513127625;512939041;0.6714587;0.050423358;-0.050000116;0.7376318;-87.30319;-8.582511;-0.17059387;0.0;0.0;-1.6580236;-0.0033396077;0.0014708951;-0.0016909707;0.17524663;0.038231336;-0.008044929;0.2533676;-0.00021418564;-0.16923183;0.15253317;-0.011344992;-0.19538257;0.0;0.0;-1.147484;0.00023457411;0.00026128322;0.00037857165;24.738377;68.14929;0.009275403;51858.656;119351.37;0.21306492;7.421257e-07;6.903643e-07;3.878687e-07;0.00073387957;0.0009814018;1.32500245e-05;3.1499408e-06;4.684553e-06;6.215255e-05;2.2582824e-06;3.0183442e-06;6.0181737e-05;1.0;1.0;481.0265;25
513632053;513443710;0.673243;-0.007355594;0.0080662;0.7393408;-87.25723;-8.59842;-0.21413003;0.0;0.0;-1.645488;-0.0033534612;0.0014750151;-0.001693143;0.17485666;0.038498502;-0.008198682;0.25341278;-0.00021268272;-0.16906969;0.15247855;-0.011427592;-0.19558176;0.0;0.0;-1.147484;0.00023772873;0.00026254202;0.00037846036;24.942463;68.847305;0.009299379;52861.85;121792.8;0.21225643;7.4512656e-07;6.946161e-07;3.8697917e-07;0.00073307886;0.0009808623;1.3221001e-05;3.149949e-06;4.6799796e-06;6.203829e-05;2.2410502e-06;3.0082047e-06;6.00568e-05;1.0;1.0;490.74823;25
514137303;513948379;0.6726939;0.004485865;-0.007150047;0.7398728;-87.213394;-8.712873;-0.1658213;0.0;0.0;-1.6275374;-0.0033787098;0.0014682933;-0.0016935336;0.17460532;0.038623426;-0.008322627;0.25345892;-0.00021114107;-0.16890423;0.15243447;-0.01150948;-0.19578034;0.0;0.0;-1.147484;0.00024161283;0.00026455827;0.00037809016;25.150501;69.61346;0.00926866;53879.574;124338.57;0.21146704;7.479574e-07;6.9883447e-07;3.8618896e-07;0.0007322452;0.00098039;1.3192351e-05;3.1505087e-06;4.675426e-06;6.194827e-05;2.2261922e-06;2.996771e-06;5.9955513e-05;1.0;1.0;500.45682;25
514632541;514443152;0.67333865;0.019271828;-0.013194116;0.7389653;-87.112816;-8.846983;-0.12924537;0.0;0.0;-1.6167674;-0.0034007295;0.0014613043;-0.0016948888;0.1743382;0.038782883;-0.008434708;0.2534967;-0.00020988568;-0.16879524;0.15239187;-0.0115765;-0.1959205;0.0;0.0;-1.147484;0.00024542032;0.0002663933;0.00037895827;25.358713;70.32203;0.009258537;54894.18;126830.57;0.21008311;7.506129e-07;7.0287285e-07;3.8617137e-07;0.0007313501;0.0009798963;1.3162793e-05;3.151363e-06;4.6721552e-06;6.189923e-05;2.2137108e-06;2.9887528e-06;5.989766e-05;1.0;1.0;509.96625;25
515126667;514937926;0.6706345;0.07125304;-0.05680965;0.7361693;-87.039406;-8.908154;-0.18177359;0.0;0.0;-1.6127466;-0.003421206;0.0014594292;-0.0016877915;0.17407233;0.03893795;-0.008538721;0.25354064;-0.00020841225;-0.16863328;0.1523516;-0.011650654;-0.1961185;0.0;0.0;-1.147484;0.00025002667;0.00026897833;0.00037949622;25.576979;71.14134;0.009380088;55930.887;129437.125;0.2123762;7.529904e-07;7.069522e-07;3.8543374e-07;0.0007305175;0.0009795183;1.3141548e-05;3.1520217e-06;4.667544e-06;6.169527e-05;2.1992987e-06;2.9808073e-06;5.9682403e-05;1.0;1.0;519.4647;25
515630950;515442594;0.6707529;0.07263476;-0.06705365;0.7350637;-86.98329;-8.909779;-0.21824671;0.0;0.0;-1.6105834;-0.0034398506;0.0014581468;-0.0016792418;0.17372465;0.039114352;-0.008660238;0.25358725;-0.0002069275;-0.16845608;0.15230887;-0.011724011;-0.19633125;0.0;0.0;-1.147484;0.0002549708;0.00027170722;0.00038044032;25.799717;71.982185;0.009443236;57003.934;132127.95;0.21170548;7.551741e-07;7.1101346e-07;3.84889e-07;0.0007294986;0.0009791058;1.311278e-05;3.1527459e-06;4.6630507e-06;6.146244e-05;2.1856167e-06;2.973608e-06;5.9438265e-05;1.0;1.0;529.1381;25
516135878;515947263;0.6736723;-0.014802384;0.004835367;0.7388661;-86.901146;-8.912029;-0.19640948;0.0;0.0;-1.6218204;-0.0034557723;0.0014568275;-0.0016785883;0.17330602;0.03934892;-0.0087849265;0.25362307;-0.00020575906;-0.16834073;0.15226617;-0.011786132;-0.19648144;0.0;0.0;-1.147484;0.00025933652;0.00027365482;0.0003816109;26.01181;72.68415;0.00945856;58081.33;134731.16;0.21110594;7.5705725e-07;7.1459937e-07;3.851212e-07;0.00072830514;0.0009785668;1.3082962e-05;3.153656e-06;4.6599293e-06;6.1416504e-05;2.1753744e-06;2.9666887e-06;5.9383725e-05;1.0;1.0;538.79333;25
516630593;516442036;0.67080134;-0.07571715;0.07604327;0.7338324;-86.81874;-8.931906;-0.16561535;0.0;0.0;-1.6312795;-0.0034751375;0.0014491358;-0.0016708946;0.17300627;0.039465718;-0.008887958;0.2536645;-0.00020454779;-0.16825159;0.15223436;-0.011851108;-0.19660562;0.0;0.0;-1.147484;0.0002648036;0.00027668712;0.00038058357;26.228508;73.51933;0.009438624;59144.36;137450.53;0.21349667;7.5840575e-07;7.178932e-07;3.8447385e-07;0.00072712864;0.0009781609;1.306033e-05;3.1546954e-06;4.655375e-06;6.103662e-05;2.1659098e-06;2.955085e-06;5.8992202e-05;1.0;1.0;548.2441;25
517135063;516946704;0.67563164;-0.04114126;0.062406007;0.7334404;-86.69245;-8.947078;-0.12673618;0.0;0.0;-1.6255163;-0.0034880799;0.0014372914;-0.0016609268;0.17273745;0.03957008;-0.00898128;0.2537012;-0.00020358029;-0.16826965;0.15221232;-0.011906311;-0.19662713;0.0;0.0;-1.147484;0.00026923403;0.00027833425;0.00037878414;26.425802;74.154366;0.009327361;60220.223;140052.31;0.21265648;7.589534e-07;7.2030184e-07;3.840279e-07;0.00072564045;0.0009775374;1.3029212e-05;3.1553154e-06;4.6509376e-06;6.0301412e-05;2.1578383e-06;2.9422831e-06;5.8248836e-05;1.0;1.0;557.8657;25
517630024;517441477;0.68659955;0.07759045;0.0785593;0.71860236;-86.42528;-8.943821;-0.110165805;0.0;0.0;-1.5760369;-0.003459048;0.0014212398;-0.0016518197;0.17216143;0.039816134;-0.009118868;0.2537169;-0.00020269085;-0.16830815;0.15219797;-0.011947473;-0.19663692;0.0;0.0;-1.147484;0.00027370203;0.00028030106;0.0003792084;26.629782;74.81835;0.009264805;61311.59;142668.78;0.2110673;7.598768e-07;7.229482e-07;3.8431483e-07;0.00072421925;0.0009769831;1.2998178e-05;3.1569284e-06;4.6477667e-06;6.0077524e-05;2.1505111e-06;2.935102e-06;5.8026806e-05;1.0;1.0;567.267;25
518134572;517946145;0.69925874;0.050911177;0.047998264;0.7114362;-85.917404;-8.97004;-0.107615754;0.0;0.0;-1.5460064;-0.0033853224;0.0013950856;-0.0016449988;0.17158297;0.039983694;-0.009234345;0.25372046;-0.0002012995;-0.1682419;0.15218514;-0.011999109;-0.1967533;0.0;0.0;-1.147484;0.00027971558;0.00028400825;0.00037977827;26.85405;75.73641;0.0093457345;62461.035;145601.5;0.21375471;7.6082125e-07;7.262663e-07;3.839554e-07;0.00072303636;0.0009766662;1.297791e-05;3.159525e-06;4.643367e-06;5.980818e-05;2.1419646e-06;2.9288776e-06;5.7768302e-05;1.0;1.0;576.76434;25
518629533;518440918;0.7012548;-0.01066903;-0.019784585;0.7125563;-85.7611;-8.9742565;-0.06935068;0.0;0.0;-1.5149803;-0.00337752;0.0013758986;-0.0016257865;0.17124495;0.04006041;-0.009338627;0.2537539;-0.00020032458;-0.1682495;0.15217184;-0.012043498;-0.19678564;0.0;0.0;-1.147484;0.00028449367;0.00028604118;0.00037961375;27.045616;76.41013;0.009304306;63585.324;148280.0;0.21210669;7.608189e-07;7.2852737e-07;3.834739e-07;0.0007217881;0.0009762058;1.2949603e-05;3.160792e-06;4.6388873e-06;5.975991e-05;2.134505e-06;2.921177e-06;5.771694e-05;1.0;1.0;586.0017;25
519134336;518945587;0.6942493;-0.04319423;-0.058224637;0.7160741;-85.76612;-8.92983;-0.07446764;0.0;0.0;-1.4901189;-0.0034265306;0.0013644163;-0.0015940671;0.1710283;0.040088482;-0.009433833;0.2537941;-0.00019875857;-0.16790575;0.15216759;-0.0121110575;-0.19715098;0.0;0.0;-1.147484;0.0002907281;0.00028911853;0.00037969957;27.26563;77.242355;0.0092982575;64750.945;151181.56;0.21112017;7.6100855e-07;7.311515e-07;3.8316477e-07;0.0007207047;0.0009759093;1.2924327e-05;3.161747e-06;4.634524e-06;5.960194e-05;2.1279209e-06;2.911863e-06;5.7541645e-05;1.0;1.0;595.4054;25
519628706;519440359;0.6830524;-0.027378911;-0.03387337;0.7290696;-85.898125;-8.876252;-0.085035965;0.0;0.0;-1.4917402;-0.0034965288;0.0013626269;-0.001572118;0.17091334;0.04014626;-0.009495403;0.25382355;-0.00019692171;-0.16738053;0.15215784;-0.012191472;-0.19768576;0.0;0.0;-1.147484;0.00029544433;0.00029048623;0.0003800483;27.465445;77.818016;0.00935268;65890.17;153815.3;0.21324588;7.609333e-07;7.3263317e-07;3.835281e-07;0.0007197306;0.00097547774;1.2906077e-05;3.1619509e-06;4.6314126e-06;5.9347523e-05;2.1225942e-06;2.9034798e-06;5.726925e-05;1.0;1.0;604.64343;25
520133785;519945027;0.68258244;-0.027693275;-0.03810025;0.72928923;-85.954025;-8.856639;-0.07327511;0.0;0.0;-1.4873507;-0.0035636565;0.0013551782;-0.0015501189;0.17083447;0.04018128;-0.009556673;0.25386387;-0.00019517473;-0.1669763;0.15213779;-0.012270321;-0.19810565;0.0;0.0;-1.147484;0.00030148026;0.00029290895;0.00037999995;27.675037;78.54165;0.009360944;67075.91;156673.39;0.21234593;7.605113e-07;7.343065e-07;3.8333582e-07;0.00071876077;0.0009751515;1.2882338e-05;3.1623713e-06;4.627085e-06;5.9170892e-05;2.1167177e-06;2.8952954e-06;5.7075325e-05;1.0;1.0;614.07635;25
520628845;520439799;0.6838981;-0.006696519;-0.015089871;0.7293908;-85.863594;-8.856267;-0.058542676;0.0;0.0;-1.4866573;-0.0035976057;0.0013393444;-0.0015325529;0.17081894;0.040162478;-0.009600221;0.2539076;-0.00019393158;-0.16684096;0.15211423;-0.012330816;-0.19826692;0.0;0.0;-1.147484;0.00030750444;0.00029532317;0.00038000612;27.877039;79.24979;0.009381227;68256.695;159510.61;0.2108519;7.598339e-07;7.356539e-07;3.8310552e-07;0.0007178524;0.00097483804;1.28582615e-05;3.1632262e-06;4.622682e-06;5.9104972e-05;2.1111575e-06;2.8884674e-06;5.699889e-05;1.0;1.0;623.32587;25
521132934;520944467;0.6870717;0.017875472;0.0075590815;0.7263304;-85.683876;-8.846234;-0.06617333;0.0;0.0;-1.4795966;-0.0035999618;0.0013213815;-0.00151693;0.17073484;0.040182747;-0.009647357;0.25393897;-0.0001931199;-0.16686316;0.1520969;-0.012374159;-0.198278;0.0;0.0;-1.147484;0.00031394395;0.00029802974;0.00038134019;28.097658;80.01371;0.009499329;69484.664;162475.7;0.21371262;7.5983473e-07;7.372325e-07;3.8372835e-07;0.00071709184;0.00097455335;1.2842903e-05;3.165003e-06;4.6197188e-06;5.907712e-05;2.1065573e-06;2.8833824e-06;5.6966874e-05;1.0;1.0;632.73444;25
521637578;521449135;0.6906319;0.0007269988;-0.0034909078;0.7231977;-85.51572;-8.846058;-0.053383954;0.0;0.0;-1.4695946;-0.0036087227;0.00129996;-0.0015003649;0.17068025;0.040204275;-0.009693966;0.2539727;-0.00019224716;-0.16689613;0.1520775;-0.012420719;-0.19827898;0.0;0.0;-1.147484;0.00031968174;0.0002999894;0.00038156583;28.295311;80.66523;0.009543331;70718.77;165360.27;0.21294735;7.5878216e-07;7.377948e-07;3.8363663e-07;0.00071628107;0.0009741951;1.2820451e-05;3.1661964e-06;4.6154487e-06;5.9045098e-05;2.1015726e-06;2.8775248e-06;5.6931345e-05;1.0;1.0;642.1034;25
522132523;521943907;0.70324314;-0.023190979;-0.01931325;0.7103086;-85.402336;-8.81814;-0.044254705;0.0;0.0;-1.4547598;-0.0036310907;0.0012802304;-0.0014767937;0.17061198;0.040258046;-0.009748181;0.2540093;-0.00019127867;-0.16684662;0.1520626;-0.012468656;-0.19836287;0.0;0.0;-1.147484;0.00032540355;0.00030188728;0.00038165908;28.487953;81.30331;0.009566913;71941.94;168217.31;0.21156467;7.5757987e-07;7.381077e-07;3.8346573e-07;0.00071555417;0.000973856;1.2797713e-05;3.1672444e-06;4.6111e-06;5.900447e-05;2.0971552e-06;2.871352e-06;5.6884022e-05;1.0;1.0;651.26086;25
522636897;522448575;0.6956206;-0.006617775;0.00092473254;0.7183783;-85.33622;-8.757571;-0.037789274;0.0;0.0;-1.4370376;-0.0036561943;0.0012600449;-0.001452642;0.17056206;0.040290855;-0.009802286;0.2540409;-0.00019047575;-0.16678828;0.15205412;-0.01250684;-0.1984457;0.0;0.0;-1.147484;0.00033191688;0.00030433334;0.00038287736;28.703114;82.03665;0.009694479;73211.58;171246.02;0.21458246;7.5726234e-07;7.38925e-07;3.8415615e-07;0.00071497774;0.0009735773;1.2783879e-05;3.1689315e-06;4.608183e-06;5.894664e-05;2.0938587e-06;2.8657626e-06;5.6818382e-05;1.0;1.0;660.58905;25
523131817;522943347;0.669789;-0.0018285137;0.011250951;0.742464;-85.239944;-8.724236;-0.03422366;0.0;0.0;-1.4104742;-0.0036867112;0.0012441662;-0.0014337453;0.17052421;0.040296335;-0.0098646125;0.25408506;-0.00018935866;-0.16667563;0.15202844;-0.012561487;-0.19858092;0.0;0.0;-1.147484;0.00033928393;0.00030729323;0.00038339465;28.913752;82.83934;0.0097092865;74473.56;174325.95;0.21328014;7.562128e-07;7.396449e-07;3.840807e-07;0.0007144308;0.0009733614;1.2762729e-05;3.1700636e-06;4.6038695e-06;5.89101e-05;2.0897799e-06;2.8603013e-06;5.67727e-05;1.0;1.0;669.71173;25
523636389;523448015;0.6016667;-0.0021064184;-0.0024902348;0.79874057;-85.159485;-8.693134;-0.03707737;0.0;0.0;-1.3835125;-0.0037258132;0.0012253346;-0.0014143571;0.17051594;0.04032192;-0.009922671;0.2541338;-0.00018812636;-0.16657323;0.15198722;-0.01262418;-0.1987056;0.0;0.0;-1.147484;0.0003468031;0.00031006828;0.00038402982;29.131487;83.62711;0.009741127;75771.914;177461.67;0.21269149;7.549889e-07;7.3984177e-07;3.841659e-07;0.0007139311;0.0009731287;1.2742877e-05;3.1706468e-06;4.5996735e-06;5.8862744e-05;2.0852488e-06;2.8554164e-06;5.671717e-05;1.0;1.0;678.99225;25
524131157;523942787;0.4546614;0.0016246359;-0.016067624;0.89051795;-85.12691;-8.631593;-0.02046682;0.0;0.0;-1.3720099;-0.0037969397;0.0012048639;-0.0013926928;0.17056495;0.040425982;-0.009962261;0.25418097;-0.00018705401;-0.16654946;0.15191783;-0.012675851;-0.19873773;0.0;0.0;-1.147484;0.00035373;0.00031217837;0.00038548323;29.35931;84.32855;0.009934216;77056.32;180505.27;0.21525052;7.54127e-07;7.394797e-07;3.84878e-07;0.00071351527;0.00097287726;1.272951e-05;3.1695452e-06;4.5967063e-06;5.8833226e-05;2.0791692e-06;2.8515105e-06;5.6682347e-05;1.0;1.0;688.0779;25
524635935;524447455;0.3341936;-0.013653705;0.01671358;0.94225734;-85.25925;-8.493913;-0.0307432;0.0;0.0;-1.3719409;-0.0039352444;0.0012010123;-0.0013671283;0.17059928;0.04065208;-0.010017012;0.25424516;-0.00018603982;-0.16653;0.15180013;-0.012703569;-0.19873735;0.0;0.0;-1.147484;0.0003602881;0.000313993;0.00038642916;29.606274;85.07569;0.010081711;78377.55;183667.7;0.2148256;7.525561e-07;7.385142e-07;3.8499647e-07;0.0007131273;0.0009726484;1.2710638e-05;3.1637705e-06;4.592547e-06;5.881497e-05;2.0683235e-06;2.8449135e-06;5.6658904e-05;1.0;1.0;697.3583;25
525130691;524942227;0.23684879;-0.00931819;-0.0025177633;0.9714986;-85.575066;-8.309141;-0.032758664;0.0;0.0;-1.3780415;-0.004128546;0.0012148663;-0.0013374555;0.1706325;0.040944472;-0.010082754;0.2543083;-0.00018539453;-0.16652615;0.15166488;-0.0126957605;-0.19868886;0.0;0.0;-1.147484;0.0003662102;0.00031567545;0.0003873421;29.864529;85.856804;0.010227468;79687.29;186860.05;0.21386331;7.5115355e-07;7.375513e-07;3.8504965e-07;0.0007128086;0.0009724626;1.2691522e-05;3.1545746e-06;4.5883103e-06;5.8802263e-05;2.0548177e-06;2.8357795e-06;5.6641205e-05;1.0;1.0;706.4946;25
525635972;525446894;0.13778329;0.14056349;-0.04911125;0.97920674;-86.01759;-8.129243;-0.062777124;0.0;0.0;-1.3754387;-0.0043421206;0.0012598226;-0.0013345061;0.17085883;0.04104101;-0.010147721;0.25442713;-0.00018669847;-0.16711937;0.15152234;-0.012582456;-0.19803323;0.0;0.0;-1.147484;0.00036959344;0.0003160833;0.00038828733;30.128235;86.54106;0.01052215;81042.69;190047.23;0.2174756;7.50013e-07;7.358186e-07;3.8510836e-07;0.00071250956;0.00097221136;1.2680422e-05;3.1424045e-06;4.5841916e-06;5.8500278e-05;2.036877e-06;2.8200602e-06;5.6347875e-05;1.0;1.0;715.89655;25
526140084;525951562;0.054793086;0.007190684;0.016444849;0.9983365;-86.4722;-7.8582854;-0.05624502;0.0;0.0;-1.414637;-0.0045510815;0.0013193993;-0.0013225859;0.17099787;0.041144364;-0.010233577;0.25455156;-0.000188635;-0.1677511;0.15138663;-0.012430778;-0.19733346;0.0;0.0;-1.147484;0.00037243034;0.0003167132;0.0003902611;30.41239;87.29513;0.010758802;82421.55;193359.77;0.21754399;7.500454e-07;7.349171e-07;3.8593583e-07;0.00071224076;0.0009720222;1.2663082e-05;3.1308423e-06;4.581396e-06;5.827434e-05;2.0199361e-06;2.8056277e-06;5.612968e-05;1.0;1.0;725.3775;25
526634839;526446333;-0.029693134;-0.053796668;0.108054176;0.99224424;-87.24513;-7.559058;-0.0982034;0.0;0.0;-1.4741745;-0.0048403703;0.001402233;-0.0012687112;0.17095262;0.04147659;-0.010342689;0.25462165;-0.00019021828;-0.16799003;0.15124081;-0.01227987;-0.19697034;0.0;0.0;-1.147484;0.00037338576;0.0003164186;0.00039079582;30.691954;87.92996;0.010953924;83767.336;196547.92;0.21701933;7.495067e-07;7.3268313e-07;3.8606672e-07;0.0007119575;0.0009718021;1.2644923e-05;3.1132245e-06;4.577226e-06;5.8147973e-05;2.0001628e-06;2.7904493e-06;5.5999913e-05;1.0;1.0;734.8082;25
527130014;526941105;-0.07485642;-0.05867105;0.07019236;0.99298906;-88.07349;-7.2057405;-0.10849323;0.0;0.0;-1.5358936;-0.0051118317;0.0014598655;-0.0011676464;0.17085056;0.04186927;-0.010463961;0.25463486;-0.00019176464;-0.16840164;0.15107203;-0.0121579645;-0.19640537;0.0;0.0;-1.147484;0.00037205685;0.0003147571;0.00039079136;30.966671;88.38052;0.01126092;85102.09;199603.53;0.22052257;7.4906205e-07;7.292837e-07;3.8634732e-07;0.0007116281;0.00097151607;1.26335335e-05;3.0935369e-06;4.5730744e-06;5.7688474e-05;1.9803633e-06;2.7784188e-06;5.5525947e-05;1.0;1.0;744.3927;25
527634176;527445772;-0.16158158;-0.019980887;-0.061020635;0.9847684;-88.869644;-6.6325817;-0.10359434;0.0;0.0;-1.5863339;-0.0053307903;0.0015936492;-0.001140675;0.17070399;0.041972835;-0.010609506;0.25459862;-0.00019261448;-0.16833532;0.15103634;-0.012077095;-0.19631939;0.0;0.0;-1.147484;0.00037022453;0.0003134913;0.00039182705;31.257025;88.87348;0.011464956;86493.305;202819.53;0.22100164;7.497212e-07;7.2754386e-07;3.8720773e-07;0.00071134354;0.000971268;1.2617988e-05;3.07629e-06;4.5703223e-06;5.7611647e-05;1.963975e-06;2.763231e-06;5.544518e-05;1.0;1.0;754.3409;25
528128954;527940544;-0.3172155;0.023333764;-0.040367465;0.9472067;-89.99946;-5.776867;-0.15765831;0.0;0.0;-1.6438446;-0.0055614333;0.0018481569;-0.0011728153;0.17077123;0.04152536;-0.01078686;0.25463027;-0.00019581681;-0.16867758;0.15107323;-0.011875165;-0.19580005;0.0;0.0;-1.147484;0.00036784646;0.00031319822;0.00039175653;31.55648;89.5544;0.011608468;87887.484;206220.98;0.22080463;7.508077e-07;7.269827e-07;3.871547e-07;0.00071113283;0.000971091;1.2603507e-05;3.0530482e-06;4.5661923e-06;5.7339934e-05;1.9434394e-06;2.7324954e-06;5.5186327e-05;1.0;1.0;764.30194;25
528633582;528445211;-0.46508303;-0.030212963;0.077102885;0.8813853;-91.43511;-4.7325244;-0.19416624;0.0;0.0;-1.7213364;-0.0057974616;0.0021218923;-0.0011516286;0.17065217;0.041058112;-0.011000439;0.25462273;-0.00019981695;-0.16875488;0.15116715;-0.011605455;-0.19550025;0.0;0.0;-1.147484;0.0003615424;0.0003114417;0.00039155557;31.861712;90.109924;0.012031244;89330.55;209629.6;0.22553144;7.5222886e-07;7.256432e-07;3.8731832e-07;0.0007109482;0.00097085704;1.2597176e-05;3.026472e-06;4.5621805e-06;5.72473e-05;1.920869e-06;2.7018216e-06;5.509338e-05;1.0;1.0;774.71967;25
529138483;528949878;-0.5416686;-0.045007505;0.04132284;0.8383686;-92.69583;-3.6208284;-0.20471969;0.0;0.0;-1.7819963;-0.0059401398;0.0023590943;-0.0011327454;0.17043464;0.04055124;-0.011221693;0.2545383;-0.00020261887;-0.1685097;0.15131493;-0.011416048;-0.19552308;0.0;0.0;-1.147484;0.00035441382;0.00031004523;0.00039254077;32.18516;90.7153;0.012292046;90789.8;213146.33;0.22642176;7.545153e-07;7.2551063e-07;3.8818104e-07;0.00071079336;0.00097069424;1.2585878e-05;3.0035378e-06;4.559464e-06;5.7062734e-05;1.9021778e-06;2.6783114e-06;5.489664e-05;1.0;1.0;785.4444;25
529633214;529444650;-0.601802;0.0006836222;-0.0015608706;0.7986435;-94.291504;-2.5210245;-0.20414811;0.0;0.0;-1.8611224;-0.0060591903;0.0026836302;-0.0011719526;0.1704869;0.039420743;-0.011459524;0.25454414;-0.00020755292;-0.16865668;0.15154599;-0.011110361;-0.19515449;0.0;0.0;-1.147484;0.00034328885;0.00030664416;0.0003909228;32.448006;90.89551;0.012365841;92214.98;216279.42;0.22642843;7.560401e-07;7.241908e-07;3.880427e-07;0.00071055436;0.00097034156;1.2574922e-05;2.9754276e-06;4.5553734e-06;5.7017747e-05;1.8825618e-06;2.6424539e-06;5.4856504e-05;1.0;1.0;796.2864;25
530127984;529939421;-0.6043585;-0.0011049609;0.0030109575;0.79670614;-95.93446;-1.3091199;-0.19803457;0.0;0.0;-1.9197068;-0.006126771;0.0030060187;-0.0011980723;0.1705352;0.038026646;-0.011734811;0.25457352;-0.00021243133;-0.16872518;0.15178166;-0.010804524;-0.19485115;0.0;0.0;-1.147484;0.00033276613;0.00030396302;0.00038941365;32.720634;91.13522;0.012564277;93671.25;219515.81;0.23069662;7.580461e-07;7.2374155e-07;3.8795895e-07;0.0007103592;0.0009700088;1.2571503e-05;2.9485477e-06;4.5513e-06;5.69854e-05;1.8644228e-06;2.6069295e-06;5.482843e-05;1.0;1.0;807.4774;25
530632452;530444088;-0.5555325;0.011453098;0.009109914;0.831366;-97.27855;-0.07567427;-0.22024295;0.0;0.0;-1.9526027;-0.0061385636;0.0032745344;-0.0012079891;0.1704755;0.03680323;-0.0120061785;0.25457874;-0.00021601579;-0.16870043;0.15196796;-0.010590629;-0.19466768;0.0;0.0;-1.147484;0.00032340884;0.00030248662;0.0003892739;33.02366;91.41211;0.012655854;95182.84;222882.44;0.23145665;7.604595e-07;7.24239e-07;3.8872946e-07;0.00071020424;0.0009697395;1.2564934e-05;2.9273426e-06;4.5486177e-06;5.6949706e-05;1.8500427e-06;2.5792629e-06;5.4796074e-05;1.0;1.0;819.2565;25
531137378;530948755;-0.4711962;0.0066409893;0.005806156;0.8819843;-98.76177;1.2669502;-0.23158608;0.0;0.0;-1.9887433;-0.0061182748;0.0035644837;-0.0012056545;0.17036544;0.035461415;-0.012295074;0.25455177;-0.00021924834;-0.16866851;0.15213434;-0.010417156;-0.19445737;0.0;0.0;-1.147484;0.000315649;0.00030178198;0.0003882583;33.3245;91.63239;0.012737806;96711.46;226237.7;0.23214774;7.6270385e-07;7.2468276e-07;3.8891878e-07;0.0007100584;0.00096946687;1.2560086e-05;2.9039986e-06;4.544671e-06;5.6910867e-05;1.8347887e-06;2.5517593e-06;5.4761316e-05;1.0;1.0;831.3967;25
531632246;531443526;-0.4045573;-0.052172005;-0.018767502;0.9128304;-99.99694;2.517467;-0.2101551;0.0;0.0;-2.0200865;-0.006057181;0.0038344993;-0.0012278068;0.17017238;0.03432634;-0.012569325;0.25441292;-0.00022093687;-0.16849522;0.15228403;-0.010393475;-0.1943848;0.0;0.0;-1.147484;0.00030934947;0.00030108754;0.000387029;33.616146;91.74416;0.0127820745;98213.56;229469.16;0.23631245;7.6459423e-07;7.250965e-07;3.8893597e-07;0.00070988084;0.0009691747;1.2560992e-05;2.8821362e-06;4.540637e-06;5.6875713e-05;1.8220139e-06;2.5303566e-06;5.472832e-05;1.0;1.0;843.6264;25
532136912;531948193;-0.30845317;-0.052576367;0.13650794;0.9399245;-100.149345;3.8961067;-0.19450015;0.0;0.0;-2.0004923;-0.0059870086;0.004082903;-0.0011944243;0.16987048;0.033374067;-0.012850458;0.25420174;-0.00022211093;-0.16835625;0.15240921;-0.01042625;-0.1942627;0.0;0.0;-1.147484;0.00030414626;0.0003006165;0.0003859678;33.91617;91.746574;0.012775696;99747.97;232683.97;0.23645265;7.661347e-07;7.252465e-07;3.8921533e-07;0.0007096895;0.0009688879;1.2559123e-05;2.8623967e-06;4.536702e-06;5.6617904e-05;1.8102937e-06;2.517569e-06;5.4463282e-05;1.0;1.0;856.25037;25
532631467;532442964;-0.18159686;-0.021808252;0.12267556;0.9754474;-99.97251;4.992723;-0.1988992;0.0;0.0;-1.9914199;-0.0059579443;0.0042803288;-0.0010875148;0.16965105;0.03257196;-0.013081167;0.25411958;-0.00022312981;-0.16861057;0.1524253;-0.01039289;-0.19381523;0.0;0.0;-1.147484;0.00030056987;0.0003000612;0.00038607014;34.21094;91.65515;0.012709284;101274.92;235783.31;0.23567712;7.673282e-07;7.254735e-07;3.9027995e-07;0.00070951466;0.00096859416;1.25586e-05;2.8482898e-06;4.533947e-06;5.624517e-05;1.80012e-06;2.511725e-06;5.408454e-05;1.0;1.0;868.6372;25
533136295;532947631;-0.061485678;-0.011511552;0.1328781;0.9891565;-99.977684;6.2197175;-0.1829021;0.0;0.0;-1.9675574;-0.0059211194;0.0045044897;-0.0009779398;0.1694668;0.031584878;-0.013315296;0.25409266;-0.00022383769;-0.16894129;0.15241157;-0.010350979;-0.19330285;0.0;0.0;-1.147484;0.00029911712;0.00030016617;0.0003857109;34.506954;91.62232;0.012631045;102857.71;239038.61;0.23547728;7.6847067e-07;7.256747e-07;3.9096125e-07;0.0007093652;0.0009682887;1.2561614e-05;2.8349666e-06;4.530026e-06;5.5835022e-05;1.7892704e-06;2.5078562e-06;5.367159e-05;1.0;1.0;881.2861;25
533631267;533442402;0.03357268;0.020483721;0.1072328;0.9934558;-100.07962;7.285039;-0.16957042;0.0;0.0;-1.9484249;-0.0058902116;0.004704578;-0.0008975813;0.16940837;0.030603077;-0.013505763;0.25412592;-0.00022430178;-0.16940796;0.1523639;-0.010318108;-0.19270687;0.0;0.0;-1.147484;0.0002990828;0.00030028663;0.00038552098;34.78833;91.6418;0.012617387;104439.36;242321.42;0.23880221;7.694989e-07;7.2596384e-07;3.9153227e-07;0.00070923305;0.0009679296;1.2570774e-05;2.82455e-06;4.5260226e-06;5.5503016e-05;1.7789089e-06;2.5055967e-06;5.3343058e-05;1.0;1.0;893.7024;25
534135575;533947069;0.08829273;0.069075115;0.087189585;0.9898642;-99.97955;8.228262;-0.16550523;0.0;0.0;-1.9061714;-0.0058591748;0.004866783;-0.0008614516;0.16942523;0.02959678;-0.013681805;0.25419205;-0.00022463906;-0.16978562;0.15231137;-0.010291621;-0.19223182;0.0;0.0;-1.147484;0.00029895324;0.000300331;0.00038614098;35.06872;91.60511;0.012467602;106074.52;245646.89;0.23803674;7.703204e-07;7.263161e-07;3.9260783e-07;0.00070911006;0.0009674263;1.2579425e-05;2.8170289e-06;4.5234024e-06;5.5298806e-05;1.7700761e-06;2.5037946e-06;5.3146603e-05;1.0;1.0;906.386;25
534630391;534441840;0.15208994;0.11494547;-0.061420966;0.97973657;-99.98267;9.10362;-0.14163014;0.0;0.0;-1.8676167;-0.0058165467;0.005019859;-0.00087507255;0.16961218;0.028483976;-0.0138319945;0.25428477;-0.00022589233;-0.17067406;0.15223981;-0.010249517;-0.19126756;0.0;0.0;-1.147484;0.00029889785;0.0003005659;0.000385677;35.31998;91.57047;0.012307299;107703.43;248962.27;0.23635596;7.70838e-07;7.262705e-07;3.925692e-07;0.0007089922;0.0009667474;1.2590061e-05;2.8091945e-06;4.519435e-06;5.4885506e-05;1.7589671e-06;2.4998967e-06;5.2750685e-05;1.0;1.0;918.838;25
535134857;534946506;0.15713547;-0.13134722;-0.20543063;0.95700294;-100.0;10.076375;-0.15279923;0.0;0.0;-1.8682823;-0.0057522524;0.005188421;-0.0009241504;0.16979785;0.027503189;-0.013936456;0.25426704;-0.00022604561;-0.1711909;0.15220606;-0.010336552;-0.19063511;0.0;0.0;-1.147484;0.00030122732;0.00030215835;0.00038486932;35.6042;91.78505;0.012151197;109381.27;252613.0;0.23985085;7.7212303e-07;7.266028e-07;3.9201316e-07;0.00070891465;0.000966161;1.2610662e-05;2.8020127e-06;4.5155793e-06;5.3901713e-05;1.749086e-06;2.4899505e-06;5.1774503e-05;1.0;1.0;931.55365;25
535629840;535441277;0.1611422;-0.011280569;-0.030261055;0.98640275;-99.96835;10.959146;-0.17748085;0.0;0.0;-1.8369422;-0.005718947;0.0053651202;-0.00094146817;0.16970307;0.026500802;-0.01408584;0.25416732;-0.00022542542;-0.17110766;0.15222436;-0.010455794;-0.19059229;0.0;0.0;-1.147484;0.0003040456;0.00030438058;0.00038449027;35.91194;91.98531;0.011851955;111040.68;256219.61;0.23732191;7.735156e-07;7.2704523e-07;3.924663e-07;0.0007088335;0.0009653753;1.2625026e-05;2.7957217e-06;4.512895e-06;5.343309e-05;1.7426863e-06;2.4835435e-06;5.1300707e-05;1.0;1.0;944.047;25
536134440;535945943;0.22144972;-0.0057325084;-0.012461577;0.9750754;-99.982346;11.953837;-0.13188435;0.0;0.0;-1.7932982;-0.0057004234;0.0055584884;-0.00092946447;0.16960524;0.025318986;-0.014223831;0.25415754;-0.0002244012;-0.17079408;0.15220432;-0.010550584;-0.19078836;0.0;0.0;-1.147484;0.0003054498;0.00030488952;0.0003835755;36.176758;92.00534;0.011546418;112744.65;259772.75;0.23550195;7.7368543e-07;7.2675203e-07;3.9242872e-07;0.0007087025;0.0009644752;1.2641098e-05;2.788869e-06;4.5090596e-06;5.3346397e-05;1.7348807e-06;2.479973e-06;5.1211526e-05;1.0;1.0;956.81915;25
536639615;536450610;0.28764617;-0.013731874;-0.018597512;0.9574577;-99.99709;12.737005;-0.10763364;0.0;0.0;-1.7556018;-0.005705416;0.0057178414;-0.00091531593;0.16954698;0.024305256;-0.014343693;0.2541711;-0.00022329288;-0.17050023;0.15217482;-0.010639106;-0.19099596;0.0;0.0;-1.147484;0.00030662984;0.0003045138;0.000382646;36.42548;92.02003;0.011421812;114468.1;263366.62;0.23806608;7.7336415e-07;7.2637744e-07;3.9234962e-07;0.00070854655;0.0009636338;1.2660716e-05;2.7832814e-06;4.5052407e-06;5.3293457e-05;1.7271757e-06;2.4769613e-06;5.1155737e-05;1.0;1.0;969.6176;25
537134263;536945381;0.3105629;-0.00940448;-0.0071254047;0.9504797;-99.98821;13.346533;-0.08999809;0.0;0.0;-1.7210903;-0.005720752;0.0058331494;-0.0008993559;0.16953559;0.023491725;-0.014440932;0.2541865;-0.00022248007;-0.17029922;0.15215692;-0.010703974;-0.19113326;0.0;0.0;-1.147484;0.00030748956;0.00030435072;0.00038240294;36.672646;91.995476;0.011201288;116183.586;266888.0;0.23518163;7.7307084e-07;7.2632116e-07;3.9281613e-07;0.00070838945;0.0009627962;1.2676844e-05;2.779603e-06;4.502594e-06;5.3260588e-05;1.7206416e-06;2.4746157e-06;5.1121173e-05;1.0;1.0;982.18744;25
537629230;537440151;0.321047;-0.039921112;-0.08791661;0.94212836;-99.9898;14.205531;-0.06697165;0.0;0.0;-1.6660407;-0.005737911;0.0059683127;-0.00087508425;0.16947764;0.022652254;-0.014542015;0.2541997;-0.00022141974;-0.16999109;0.1521416;-0.010783401;-0.19137552;0.0;0.0;-1.147484;0.0003111115;0.00030686604;0.0003820087;36.962673;92.24038;0.011099885;117959.27;270682.62;0.2325139;7.740727e-07;7.265165e-07;3.927323e-07;0.000708305;0.00096217677;1.26937575e-05;2.7767403e-06;4.498705e-06;5.319067e-05;1.7136437e-06;2.47174e-06;5.1045565e-05;1.0;1.0;994.7809;25
538133463;537944817;0.3353278;-0.01510957;-0.017117428;0.9418248;-99.99675;14.834308;-0.0498217;0.0;0.0;-1.6397138;-0.005762106;0.00608975;-0.000859635;0.16946553;0.02200915;-0.014610001;0.25419328;-0.00022047963;-0.16970803;0.15213796;-0.01085962;-0.1915977;0.0;0.0;-1.147484;0.00031515362;0.00030921478;0.00038179776;37.261017;92.54524;0.011050687;119793.61;274639.8;0.23493215;7.7490057e-07;7.268069e-07;3.927562e-07;0.000708211;0.0009616846;1.2714465e-05;2.7740837e-06;4.494927e-06;5.3051317e-05;1.7068826e-06;2.468531e-06;5.0898616e-05;1.0;1.0;1007.65234;25
538638171;538449483;0.36514196;-0.006107601;-0.00892558;0.9308891;-100.042755;15.455753;-0.033053108;0.0;0.0;-1.5878463;-0.005794008;0.006192269;-0.00084415067;0.16946223;0.021394944;-0.014690484;0.2542213;-0.00021971627;-0.16953926;0.1521147;-0.010913239;-0.19172284;0.0;0.0;-1.147484;0.00031798633;0.00031094532;0.00038142665;37.54477;92.71712;0.010987442;121647.3;278515.66;0.23294264;7.749411e-07;7.26823e-07;3.9279496e-07;0.00070808287;0.00096120685;1.2731849e-05;2.7719611e-06;4.4911653e-06;5.3030257e-05;1.7002133e-06;2.4662943e-06;5.087276e-05;1.0;1.0;1020.5471;25
539132871;538944254;0.38490355;-0.013242536;-0.012377396;0.92277884;-99.99232;15.972193;-0.009084445;0.0;0.0;-1.534411;-0.0058252537;0.0062670056;-0.00083265104;0.16946699;0.020913787;-0.014762799;0.25425294;-0.00021898736;-0.16938818;0.15209033;-0.010958308;-0.19184339;0.0;0.0;-1.147484;0.0003199864;0.0003120459;0.00038162182;37.817684;92.816956;0.010940279;123482.664;282294.9;0.23031177;7.745409e-07;7.270898e-07;3.9335706e-07;0.00070793374;0.0009608004;1.2747872e-05;2.7706865e-06;4.4885683e-06;5.3010026e-05;1.6946052e-06;2.4642154e-06;5.084814e-05;1.0;1.0;1033.2101;25
539637419;539448920;0.40253332;0.02454131;0.074016325;0.91207796;-99.98339;16.32907;-0.0041765664;0.0;0.0;-1.48965;-0.005862826;0.006330117;-0.00083196076;0.16951661;0.020526715;-0.014821235;0.254297;-0.00021819441;-0.16931461;0.15204851;-0.011005626;-0.19189902;0.0;0.0;-1.147484;0.00032210277;0.00031290008;0.00038123038;38.08672;92.96559;0.011032258;125378.36;286239.72;0.23284937;7.736272e-07;7.269915e-07;3.9338792e-07;0.0007077736;0.0009604607;1.2767227e-05;2.7692843e-06;4.484837e-06;5.2974057e-05;1.6881929e-06;2.4619446e-06;5.0809314e-05;1.0;1.0;1046.1447;25
540132449;539943691;0.42030582;0.018896503;0.04451259;0.90609306;-100.01598;16.68218;0.0210888;0.0;0.0;-1.443431;-0.005892627;0.0063743093;-0.00083685596;0.16962849;0.02018815;-0.014867692;0.25435826;-0.0002176943;-0.16945617;0.15198961;-0.011040486;-0.19175087;0.0;0.0;-1.147484;0.0003242964;0.00031460111;0.00038091542;38.362072;93.111946;0.011053456;127280.016;290131.34;0.23055774;7.728786e-07;7.2701977e-07;3.9341919e-07;0.00070760807;0.00096020324;1.2782594e-05;2.768978e-06;4.4810254e-06;5.291734e-05;1.6820036e-06;2.4599804e-06;5.0755072e-05;1.0;1.0;1058.8394;25
540626979;540438461;0.43527105;0.015987916;0.04058676;0.899242;-99.99406;17.08212;0.04231731;0.0;0.0;-1.3736128;-0.005914166;0.006412681;-0.0008391423;0.16968319;0.019892603;-0.014924064;0.25441322;-0.00021711022;-0.16951136;0.15193923;-0.011076921;-0.19169167;0.0;0.0;-1.147484;0.00032634274;0.0003162696;0.0003814268;38.64513;93.25202;0.0110548865;129207.055;294056.16;0.22840235;7.721144e-07;7.2753386e-07;3.9403798e-07;0.000707448;0.0009599875;1.2797749e-05;2.7693252e-06;4.478471e-06;5.2905936e-05;1.6768882e-06;2.4580504e-06;5.0743394e-05;1.0;1.0;1071.5496;25
541131695;540943127;0.43793964;-0.04991551;-0.10651433;0.8912756;-99.99681;17.53185;0.056235548;0.0;0.0;-1.3171372;-0.0059671877;0.0064854953;-0.00083206774;0.16972974;0.019572929;-0.014963253;0.25443515;-0.00021572663;-0.16914795;0.15191883;-0.011154806;-0.19203237;0.0;0.0;-1.147484;0.00032999835;0.0003188066;0.00038114825;38.94589;93.53271;0.011230991;131194.5;298217.88;0.2315983;7.715018e-07;7.279836e-07;3.940105e-07;0.0007073249;0.0009598431;1.28171305e-05;2.7688852e-06;4.474788e-06;5.268205e-05;1.6715161e-06;2.4539113e-06;5.0507875e-05;1.0;1.0;1084.5327;25
541636295;541447793;0.44758442;-0.013632383;-0.0054467362;0.89412117;-99.994545;17.961525;0.08302452;0.0;0.0;-1.2642542;-0.006024708;0.0065557286;-0.0008290319;0.169802;0.019250821;-0.014995034;0.25444475;-0.00021441541;-0.16875169;0.1519097;-0.0112271365;-0.1923955;0.0;0.0;-1.147484;0.00033258164;0.00032080035;0.00038047732;39.236233;93.67451;0.011438834;133192.34;302301.56;0.23044318;7.699927e-07;7.281939e-07;3.9394217e-07;0.0007071741;0.00095968845;1.283294e-05;2.7680533e-06;4.4711182e-06;5.2418254e-05;1.6663122e-06;2.4496644e-06;5.022983e-05;1.0;1.0;1097.5336;25
542131064;541942563;0.4523287;-0.010625751;-0.010404939;0.8917273;-99.99727;18.274931;0.09837561;0.0;0.0;-1.1919211;-0.0060620895;0.006585766;-0.0008253132;0.16988173;0.019022457;-0.015030404;0.25448766;-0.00021355439;-0.16861704;0.15187758;-0.01126647;-0.19252239;0.0;0.0;-1.147484;0.00033468867;0.00032277;0.000380843;39.527256;93.79553;0.0115654105;135190.16;306323.34;0.22883925;7.6851705e-07;7.287719e-07;3.94542e-07;0.0007070152;0.0009595454;1.2847441e-05;2.7684455e-06;4.4686017e-06;5.239625e-05;1.6619173e-06;2.4472315e-06;5.0200302e-05;1.0;1.0;1110.2976;25
542635843;542447229;0.47412342;-0.0139199905;-0.01952156;0.88013196;-99.99864;18.462456;0.12072131;0.0;0.0;-1.1286677;-0.0061157136;0.0066107493;-0.00082019286;0.17003232;0.018742949;-0.015055486;0.2545404;-0.00021241889;-0.16841312;0.15184166;-0.0113149965;-0.19271536;0.0;0.0;-1.147484;0.00033654363;0.00032411542;0.00038038017;39.80329;93.924805;0.011866697;137236.14;310486.7;0.23253354;7.6610587e-07;7.2883284e-07;3.9456614e-07;0.00070684747;0.00095935684;1.2865137e-05;2.7681913e-06;4.464964e-06;5.2353655e-05;1.6570552e-06;2.4440726e-06;5.0148265e-05;1.0;1.0;1123.3289;25
543130322;542941999;0.5028569;-0.01724851;-0.023778636;0.8638704;-100.0;18.622044;0.13712302;0.0;0.0;-1.0683738;-0.0061722025;0.0066300514;-0.0008162174;0.17020406;0.01847954;-0.015072931;0.25459385;-0.00021130813;-0.16823189;0.1518071;-0.01136411;-0.1928901;0.0;0.0;-1.147484;0.00033718863;0.0003252177;0.00037953755;40.06523;93.93406;0.012085205;139262.86;314494.9;0.2313231;7.630655e-07;7.287142e-07;3.9443754e-07;0.00070665387;0.0009591328;1.287834e-05;2.7680815e-06;4.4612457e-06;5.2317737e-05;1.6523783e-06;2.440538e-06;5.0103456e-05;1.0;1.0;1136.1116;25
543635216;543446664;0.5379713;-0.0038108667;-0.016233006;0.8427982;-99.99588;18.59417;0.16658583;0.0;0.0;-1.0252515;-0.006228764;0.006630127;-0.000818061;0.17045106;0.01816283;-0.015071913;0.2546464;-0.00021027328;-0.1680811;0.15177488;-0.011409028;-0.19302912;0.0;0.0;-1.147484;0.00033660364;0.00032548662;0.00037943397;40.31931;93.871185;0.012324735;141342.27;318581.88;0.23105112;7.597223e-07;7.2886235e-07;3.9497692e-07;0.00070643384;0.00095881836;1.2891489e-05;2.7684785e-06;4.4588683e-06;5.2288895e-05;1.6484264e-06;2.4369576e-06;5.0067392e-05;1.0;1.0;1149.154;25
544129902;543941435;0.6012326;0.10934438;0.05745964;0.78946924;-99.80102;18.399097;0.16682118;0.0;0.0;-0.9862138;-0.0062356805;0.006569163;-0.0008317986;0.17063895;0.018012388;-0.015069993;0.25470078;-0.0002088324;-0.16806321;0.15171291;-0.011471525;-0.19306484;0.0;0.0;-1.147484;0.00033511088;0.00032530597;0.00037857253;40.542446;93.81987;0.012658134;143403.36;322653.06;0.23462638;7.5578157e-07;7.2856284e-07;3.947188e-07;0.00070618384;0.0009584193;1.2906368e-05;2.768836e-06;4.455182e-06;5.2199313e-05;1.6437183e-06;2.4325154e-06;4.998002e-05;1.0;1.0;1161.9253;25
544634667;544446100;0.70445293;0.11080064;0.038606603;0.69998497;-99.37794;18.15071;0.1575065;0.0;0.0;-0.94774437;-0.0061664768;0.006452218;-0.00085806026;0.1706197;0.018155942;-0.015078211;0.25472748;-0.00020676047;-0.16804533;0.1516231;-0.011559516;-0.19312328;0.0;0.0;-1.147484;0.0003312315;0.00032474575;0.0003775829;40.74971;93.68683;0.012828587;145533.31;326771.0;0.23475263;7.51684e-07;7.284605e-07;3.9431856e-07;0.00070585497;0.00095791055;1.2918872e-05;2.7695116e-06;4.4516087e-06;5.1967825e-05;1.6390163e-06;2.4259393e-06;4.9760365e-05;1.0;1.0;1174.8523;25
545129229;544940870;0.7723023;0.14173013;-0.04771322;0.61740196;-99.0169;17.95873;0.16232476;0.0;0.0;-0.91426504;-0.0061231726;0.0063444832;-0.0008464449;0.17059107;0.01823968;-0.015085042;0.25476888;-0.00020516173;-0.1679267;0.15156232;-0.011591001;-0.19327345;0.0;0.0;-1.147484;0.00032612472;0.00032409065;0.00037736385;40.948402;93.540474;0.013034282;147646.62;330846.1;0.2342172;7.4845076e-07;7.2903885e-07;3.943462e-07;0.0007055189;0.00095739757;1.293138e-05;2.7699184e-06;4.4491726e-06;5.174338e-05;1.6348893e-06;2.4185883e-06;4.9541286e-05;1.0;1.0;1187.4161;25
545633861;545445535;0.80584806;0.14497542;-0.036042746;0.57296777;-98.78916;17.84345;0.14229043;0.0;0.0;-0.88607615;-0.0060873358;0.0062469784;-0.0008169635;0.17058235;0.018252304;-0.01509932;0.254838;-0.00020362821;-0.16776583;0.15150858;-0.01160201;-0.19346835;0.0;0.0;-1.147484;0.00032116077;0.00032339286;0.0003766042;41.141235;93.49615;0.013556549;149822.3;335139.4;0.23920482;7.4550786e-07;7.298146e-07;3.9370016e-07;0.0007051649;0.0009569109;1.2948676e-05;2.7691783e-06;4.44563e-06;5.13636e-05;1.6298839e-06;2.4095207e-06;4.9160357e-05;1.0;1.0;1200.1495;25
546128794;545940305;0.8468315;0.16851693;-0.037209336;0.5030843;-98.29261;17.69713;0.115227014;0.0;0.0;-0.8827856;-0.0060270987;0.0061287167;-0.00077056396;0.17038284;0.018484056;-0.015112707;0.2548957;-0.00020143377;-0.16742417;0.15144075;-0.01161245;-0.19385861;0.0;0.0;-1.147484;0.0003144642;0.00032245502;0.00037557582;41.314827;93.31643;0.013823889;151963.66;339279.12;0.23897275;7.4244053e-07;7.3067156e-07;3.9294994e-07;0.0007046691;0.00095640065;1.2963058e-05;2.7677586e-06;4.4420062e-06;5.0834093e-05;1.6251944e-06;2.4005362e-06;4.863612e-05;1.0;1.0;1212.5388;25
546633845;546444971;0.9012207;0.1707667;-0.08324907;0.38949916;-98.03805;17.6959;0.09478376;0.0;0.0;-0.85633445;-0.0060013123;0.006048851;-0.0007195377;0.17030184;0.018475518;-0.015144048;0.2549822;-0.0001998556;-0.16701801;0.15141244;-0.011592922;-0.19429874;0.0;0.0;-1.147484;0.00030587582;0.00032015532;0.00037440794;41.470657;93.06822;0.014196911;154142.61;343513.8;0.23967862;7.3930187e-07;7.315058e-07;3.9228155e-07;0.00070404675;0.0009558927;1.2978713e-05;2.76454e-06;4.438498e-06;5.0275605e-05;1.6202969e-06;2.3897655e-06;4.80756e-05;1.0;1.0;1225.084;25
547128239;546939741;0.9475462;0.16003911;-0.0985549;0.25851658;-97.99103;17.686129;0.09201358;0.0;0.0;-0.85138;-0.006017674;0.0059994236;-0.0006788662;0.17041808;0.018212922;-0.015163039;0.25508597;-0.00019893018;-0.16652973;0.15142387;-0.011548978;-0.1947991;0.0;0.0;-1.147484;0.00029641457;0.00031704007;0.0003739848;41.624325;92.84674;0.014788783;156292.38;347764.38;0.24449672;7.371467e-07;7.326614e-07;3.9230721e-07;0.00070336467;0.00095546484;1.299727e-05;2.7602562e-06;4.436122e-06;4.9872462e-05;1.6157932e-06;2.3776106e-06;4.766413e-05;1.0;1.0;1237.3492;25
547632877;547444405;0.97220546;0.14801662;-0.1200898;0.13596357;-98.23351;17.769857;0.09146455;0.0;0.0;-0.841749;-0.006080607;0.005984617;-0.0006537773;0.17071825;0.017688062;-0.0151731605;0.25520107;-0.00019854131;-0.16578583;0.15149409;-0.011486383;-0.19552836;0.0;0.0;-1.147484;0.0002855606;0.00031402352;0.00037233642;41.782566;92.570564;0.015343545;158498.84;352100.62;0.24576804;7.3525206e-07;7.3410934e-07;3.917341e-07;0.0007024289;0.00095510064;1.3016645e-05;2.7527008e-06;4.4326503e-06;4.9401926e-05;1.6098924e-06;2.3609e-06;4.7177356e-05;1.0;1.0;1249.8784;25
548127765;547939175;0.9564928;0.275947;-0.060889114;0.07257639;-98.572914;17.969296;0.047193162;0.0;0.0;-0.83253336;-0.0061505223;0.0059817927;-0.0006234734;0.1710013;0.017161671;-0.015168371;0.25534135;-0.00019815772;-0.16470611;0.15158801;-0.011399362;-0.19659717;0.0;0.0;-1.147484;0.0002751209;0.00031212225;0.0003710561;41.95948;92.346275;0.015861707;160674.53;356428.44;0.24662317;7.342798e-07;7.361524e-07;3.9130703e-07;0.00070121355;0.0009548489;1.3038836e-05;2.7445378e-06;4.4291032e-06;4.865725e-05;1.6036656e-06;2.347165e-06;4.64194e-05;1.0;1.0;1262.2512;25
548633205;548443840;0.9899592;0.12811826;0.05515265;0.022908503;-98.81493;18.05094;0.033952687;0.0;0.0;-0.85097045;-0.006199951;0.0059621357;-0.00055988005;0.17128241;0.016730092;-0.015158491;0.25551972;-0.00019896425;-0.16405936;0.15164745;-0.011226862;-0.19724065;0.0;0.0;-1.147484;0.00026420574;0.00031015082;0.00037085946;42.146976;92.18284;0.016315294;162921.69;360968.6;0.253405;7.341866e-07;7.384734e-07;3.918319e-07;0.0006998306;0.0009545772;1.3065538e-05;2.737683e-06;4.426876e-06;4.817115e-05;1.598815e-06;2.3345713e-06;4.5938694e-05;1.0;1.0;1274.9338;25
549137143;548948505;0.9895742;-0.087411;0.11399472;-0.010372836;-99.07889;18.04658;0.12609395;0.0;0.0;-0.85113674;-0.0062710424;0.005902525;-0.00041851104;0.17220186;0.015905436;-0.01514913;0.255828;-0.00020672013;-0.16580299;0.15168445;-0.010731333;-0.195481;0.0;0.0;-1.147484;0.00025153122;0.0003068067;0.0003656249;42.288223;91.80187;0.016519245;165176.44;365409.47;0.25488317;7.3346854e-07;7.3992e-07;3.9096398e-07;0.0006980493;0.0009541243;1.3090813e-05;2.7267338e-06;4.4234675e-06;4.7678754e-05;1.5928233e-06;2.297478e-06;4.546026e-05;1.0;1.0;1287.6846;25
549631832;549443275;0.99937177;-0.0048010815;-0.008675826;-0.03402502;-99.57961;18.013737;0.18793601;0.0;0.0;-0.8080339;-0.0063587152;0.0058355513;-0.00027844022;0.17326826;0.0150058875;-0.0151344;0.25612697;-0.00021548595;-0.16762461;0.1517363;-0.010240716;-0.1936237;0.0;0.0;-1.147484;0.00024027047;0.0003046968;0.00036026994;42.444775;91.47445;0.016408173;167427.62;369846.22;0.25537017;7.3335195e-07;7.4140576e-07;3.900078e-07;0.0006962329;0.0009536625;1.3119067e-05;2.7163628e-06;4.4199933e-06;4.7189515e-05;1.5865704e-06;2.2606182e-06;4.4973825e-05;1.0;1.0;1300.2638;25
550136540;549947940;0.99878883;-0.0043294504;-0.00918451;-0.04814452;-99.98914;18.001982;0.17016608;0.0;0.0;-0.7540137;-0.0064504435;0.005776471;-0.00021135852;0.1740996;0.014377501;-0.015126193;0.25631204;-0.000219868;-0.1679409;0.15180816;-0.009985507;-0.19325063;0.0;0.0;-1.147484;0.00023005545;0.0003037656;0.00035782534;42.641655;91.2151;0.016323263;169770.25;374477.25;0.2564266;7.340339e-07;7.431151e-07;3.901079e-07;0.00069448806;0.00095322053;1.3151669e-05;2.7085496e-06;4.417837e-06;4.7093537e-05;1.581206e-06;2.2374484e-06;4.4868215e-05;1.0;1.0;1313.2473;25
550631029;550442710;0.99817246;0.011091781;-0.029041858;-0.051821116;-100.0;17.885693;0.19849126;0.0;0.0;-0.69731677;-0.006545062;0.0056890384;-0.00013623993;0.17509085;0.013694237;-0.0151221845;0.25652033;-0.00022488504;-0.1683626;0.1518855;-0.009702382;-0.19276316;0.0;0.0;-1.147484;0.0002209002;0.000302565;0.00035418046;42.817467;90.97354;0.016387234;172081.84;379078.88;0.26158884;7.3503475e-07;7.4444e-07;3.8945473e-07;0.0006929375;0.0009526928;1.3184878e-05;2.699245e-06;4.414416e-06;4.6977857e-05;1.5753019e-06;2.2122265e-06;4.4743705e-05;1.0;1.0;1326.0056;25
551135702;550947374;0.9984749;0.009859229;-0.015821416;-0.051965334;-100.0;17.619797;0.22271025;0.0;0.0;-0.6465559;-0.0066290433;0.0055782297;-6.907561e-05;0.17611882;0.0130365435;-0.015131306;0.25672182;-0.00022953193;-0.16874145;0.15195823;-0.009442386;-0.19231516;0.0;0.0;-1.147484;0.00021126002;0.0003007416;0.00035041175;42.976784;90.5928;0.016186986;174433.75;383697.12;0.2616825;7.3604565e-07;7.449394e-07;3.8889294e-07;0.0006912525;0.0009520342;1.3217971e-05;2.690171e-06;4.411117e-06;4.6887155e-05;1.5696511e-06;2.189571e-06;4.4645938e-05;1.0;1.0;1339.01;25
551630618;551442144;0.9984113;0.019687774;0.0009848387;-0.052786093;-99.98575;17.366154;0.23448986;0.0;0.0;-0.6063123;-0.0066954847;0.005465572;-1.7718812e-05;0.17708397;0.012568437;-0.01513798;0.25688243;-0.00023312712;-0.16900612;0.15201432;-0.009244029;-0.1919842;0.0;0.0;-1.147484;0.0002035286;0.0003000731;0.00034822218;43.163563;90.332664;0.016205788;176785.66;388350.66;0.26605716;7.377433e-07;7.45734e-07;3.8906558e-07;0.0006898524;0.00095147925;1.3253057e-05;2.6834955e-06;4.408924e-06;4.681634e-05;1.565016e-06;2.1718229e-06;4.456755e-05;1.0;1.0;1351.7482;25
552135327;551946808;0.99145573;0.11224416;-0.01979216;-0.06344308;-99.99118;16.926018;0.2299649;0.0;0.0;-0.56914026;-0.0067651267;0.0053315433;1.4188631e-05;0.17811368;0.012060309;-0.015152135;0.25705752;-0.00023587189;-0.16890536;0.15208684;-0.009055153;-0.1920071;0.0;0.0;-1.147484;0.00019530373;0.00029836988;0.00034535877;43.321457;89.92791;0.015842812;179164.45;392999.53;0.2651675;7.393415e-07;7.45538e-07;3.8864056e-07;0.00068834727;0.00095078495;1.3287353e-05;2.6754326e-06;4.4056715e-06;4.678846e-05;1.5599026e-06;2.157626e-06;4.4534914e-05;1.0;1.0;1364.7241;25
552630044;552441578;0.98546904;0.15186512;-0.023058062;-0.07250008;-99.98529;16.46925;0.23079363;0.0;0.0;-0.54467356;-0.00682896;0.005199145;1.3935953e-05;0.17905562;0.011647536;-0.015171927;0.25721294;-0.00023721559;-0.16848575;0.15216678;-0.00891504;-0.19235662;0.0;0.0;-1.147484;0.00018797362;0.00029692712;0.0003430739;43.479404;89.52695;0.015482191;181501.23;397581.5;0.26287916;7.4112876e-07;7.4511195e-07;3.8823302e-07;0.0006869579;0.00095009204;1.3321777e-05;2.6680466e-06;4.402347e-06;4.6589415e-05;1.5550353e-06;2.1489986e-06;4.4334825e-05;1.0;1.0;1377.4282;25
553134855;552946242;0.9929976;-0.07678054;-0.047422163;-0.07623479;-100.10143;16.06539;0.22286177;0.0;0.0;-0.52235425;-0.006883542;0.005055971;2.3291495e-05;0.1801576;0.011311284;-0.015161972;0.25735167;-0.0002390528;-0.16824868;0.15224575;-0.0087974975;-0.19251844;0.0;0.0;-1.147484;0.00018185917;0.0002969416;0.0003406079;43.674515;89.21074;0.015123976;183953.75;402368.88;0.26118994;7.432959e-07;7.4484586e-07;3.8792297e-07;0.00068575906;0.00094943406;1.33593885e-05;2.6612063e-06;4.3991386e-06;4.639243e-05;1.5502828e-06;2.137093e-06;4.413188e-05;1.0;1.0;1390.3671;25
553629347;553441011;0.99538857;0.0017848266;-0.057425372;-0.0768165;-100.0;15.839632;0.20813242;0.0;0.0;-0.483246;-0.006907642;0.004901364;7.7333905e-05;0.18121344;0.010918559;-0.01514881;0.25748384;-0.0002426586;-0.16858351;0.15229537;-0.008648828;-0.19210494;0.0;0.0;-1.147484;0.00017735454;0.00029810506;0.00033856623;43.90315;89.01503;0.014969675;186429.73;407194.56;0.26424006;7.458853e-07;7.449422e-07;3.8819982e-07;0.00068485015;0.0009488465;1.3398227e-05;2.6560472e-06;4.397015e-06;4.621797e-05;1.5462606e-06;2.122273e-06;4.3947566e-05;1.0;1.0;1403.0444;25
554134023;553945676;0.99438965;0.023276566;-0.04452804;-0.09308513;-100.0;15.410008;0.2589834;0.0;0.0;-0.47689247;-0.00692425;0.0047017746;0.00013346162;0.18237235;0.010564428;-0.015156489;0.25763682;-0.00024679865;-0.16913167;0.15234345;-0.008473574;-0.19148186;0.0;0.0;-1.147484;0.00017282352;0.0002993762;0.0003353998;44.12516;88.73624;0.014772033;188979.56;412081.34;0.262206;7.484021e-07;7.442242e-07;3.878861e-07;0.00068394013;0.00094816135;1.3437875e-05;2.6497362e-06;4.393841e-06;4.6072288e-05;1.541622e-06;2.1059732e-06;4.37942e-05;1.0;1.0;1415.9596;25
554629403;554440445;0.9935333;-0.031279054;0.022662116;-0.106769584;-100.08417;14.998706;0.21933234;0.0;0.0;-0.46417856;-0.006935976;0.0044926195;0.00016868139;0.18345039;0.010151591;-0.015167093;0.2577678;-0.00024976162;-0.16939649;0.15240009;-0.008339713;-0.1911289;0.0;0.0;-1.147484;0.00016931884;0.00030073174;0.00033263463;44.36177;88.55294;0.014672656;191512.27;416944.4;0.26453927;7.5108625e-07;7.4353e-07;3.8756482e-07;0.0006832352;0.0009475384;1.3477088e-05;2.6433995e-06;4.3905884e-06;4.59264e-05;1.5370804e-06;2.091535e-06;4.3638054e-05;1.0;1.0;1428.6045;25
555133584;554945110;0.98365617;-0.00024873603;-0.016508363;-0.17929831;-99.99587;14.42004;0.18978725;0.0;0.0;-0.4550776;-0.0069423867;0.0042794463;0.00018523514;0.1843807;0.009821359;-0.015194247;0.2578748;-0.00025166938;-0.16948159;0.15244812;-0.0082395105;-0.19095635;0.0;0.0;-1.147484;0.00016531307;0.0003008371;0.00033101148;44.59112;88.2541;0.014166748;194090.7;421803.47;0.26187432;7.539526e-07;7.4230917e-07;3.8803182e-07;0.0006825334;0.00094679603;1.351537e-05;2.6379446e-06;4.3886125e-06;4.5861347e-05;1.5331568e-06;2.0804976e-06;4.3565324e-05;1.0;1.0;1441.4855;25
555628372;555439879;0.9730455;0.02349687;-0.060378272;-0.22132517;-99.995636;13.788236;0.24761249;0.0;0.0;-0.45211163;-0.006932462;0.004005272;0.00019910299;0.18534783;0.009353782;-0.015246178;0.25802135;-0.00025444696;-0.16992694;0.15249002;-0.008076213;-0.19042127;0.0;0.0;-1.147484;0.00016119533;0.0003004088;0.00032813102;44.804775;87.91108;0.013870338;196633.55;426530.22;0.25813672;7.566261e-07;7.404338e-07;3.8771216e-07;0.00068190054;0.0009460468;1.3552336e-05;2.6300556e-06;4.3853975e-06;4.5779623e-05;1.5282025e-06;2.0666034e-06;4.3480217e-05;1.0;1.0;1454.0938;25
556133215;555944543;0.96796393;-0.0032493062;0.010281462;-0.25085777;-99.99446;13.165073;0.23489033;0.0;0.0;-0.47900197;-0.0069116945;0.0037157668;0.00019962422;0.1863618;0.008854839;-0.015290224;0.25816125;-0.00025665556;-0.17030898;0.15253444;-0.00792795;-0.1899377;0.0;0.0;-1.147484;0.00015771404;0.00030086678;0.00032557687;45.056973;87.63292;0.013667471;199277.4;431424.28;0.25536868;7.5946605e-07;7.388194e-07;3.875237e-07;0.00068138266;0.0009454162;1.359131e-05;2.6222845e-06;4.3822993e-06;4.5669385e-05;1.5232608e-06;2.0528194e-06;4.3364555e-05;1.0;1.0;1466.9332;25
556637547;556449207;0.95056725;-0.022509104;0.03246715;-0.3079956;-99.94364;12.694891;0.18152615;0.0;0.0;-0.4863917;-0.006888991;0.0034533504;0.0001731081;0.18715364;0.008303085;-0.015338515;0.25826654;-0.00025712932;-0.17024317;0.15258831;-0.007832553;-0.18989643;0.0;0.0;-1.147484;0.00015496658;0.00030137424;0.00032457887;45.3344;87.450806;0.013588932;201953.67;436401.34;0.25788558;7.6255037e-07;7.3793865e-07;3.8807295e-07;0.0006809972;0.0009448873;1.3630593e-05;2.6159123e-06;4.3803734e-06;4.5618523e-05;1.5190898e-06;2.0425882e-06;4.330598e-05;1.0;1.0;1479.7544;25
557132311;556943976;0.93283165;-0.11901087;0.042974044;-0.33736467;-100.0;12.198165;0.11706186;0.0;0.0;-0.5172732;-0.006820636;0.0031310564;0.00019575306;0.18842766;0.007594553;-0.015337039;0.25844073;-0.0002609585;-0.17133778;0.15261397;-0.007634047;-0.18869218;0.0;0.0;-1.147484;0.00015236063;0.00030331197;0.0003216829;45.634068;87.252335;0.013485541;204640.84;441289.0;0.25421745;7.654215e-07;7.365397e-07;3.878465e-07;0.00068064185;0.0009444869;1.3670647e-05;2.6078933e-06;4.377211e-06;4.5201537e-05;1.5141278e-06;2.0243074e-06;4.288704e-05;1.0;1.0;1492.3025;25
557627255;557438745;0.9452995;-0.004066284;-0.007858244;-0.32608384;-99.99684;11.612688;0.16267289;0.0;0.0;-0.544006;-0.006716141;0.002801601;0.000230807;0.18969809;0.006684284;-0.015334904;0.25863534;-0.0002656869;-0.17291585;0.15262625;-0.007397107;-0.18701231;0.0;0.0;-1.147484;0.00015038022;0.0003060889;0.0003189441;45.94036;87.06617;0.013220216;207376.25;446207.97;0.25077826;7.682552e-07;7.3524075e-07;3.8768187e-07;0.0006803593;0.00094421755;1.3711582e-05;2.6006269e-06;4.3740724e-06;4.4757995e-05;1.5093777e-06;2.005393e-06;4.2445856e-05;1.0;1.0;1504.8392;25
558132120;557943409;0.93829936;-0.043245427;0.017785313;-0.3426484;-99.98259;11.07813;0.1260276;0.0;0.0;-0.58635324;-0.006620749;0.0025015464;0.0002179364;0.19037232;0.0060460162;-0.01538355;0.2587409;-0.00026665896;-0.17340021;0.15264834;-0.0072832666;-0.18643871;0.0;0.0;-1.147484;0.00014863366;0.00030639354;0.0003181151;46.226833;86.86316;0.013260103;210134.47;451137.7;0.25320575;7.709747e-07;7.3431653e-07;3.8830308e-07;0.00068010075;0.0009438247;1.3750503e-05;2.5942732e-06;4.372196e-06;4.466576e-05;1.505569e-06;1.993325e-06;4.2353455e-05;1.0;1.0;1517.6132;25
558636611;558448074;0.9373345;-0.047222942;0.015306197;-0.34487662;-99.99079;10.390101;0.10154046;0.0;0.0;-0.6590203;-0.006483803;0.0021450024;0.00020998223;0.19112134;0.0052170907;-0.015431187;0.25884885;-0.00026743754;-0.17385992;0.1526686;-0.007173265;-0.18586133;0.0;0.0;-1.147484;0.00014694863;0.00030675827;0.00031618215;46.507385;86.59191;0.013097311;212921.17;455958.03;0.25051326;7.7320124e-07;7.327798e-07;3.8823535e-07;0.0006798616;0.0009434601;1.3789127e-05;2.5864013e-06;4.369192e-06;4.4559256e-05;1.5013783e-06;1.979632e-06;4.224618e-05;1.0;1.0;1530.3705;25
559131426;558942842;0.9388497;-0.033999305;0.008173165;-0.34254736;-99.99364;9.757434;0.08561933;0.0;0.0;-0.73837703;-0.006326727;0.0017898495;0.00020094411;0.19184072;0.0042880313;-0.015474774;0.2589584;-0.00026802733;-0.17433207;0.15269414;-0.0070670093;-0.18527523;0.0;0.0;-1.147484;0.00014571464;0.00030704273;0.00031426598;46.778793;86.305084;0.012936666;215676.77;460626.44;0.24711981;7.750518e-07;7.312724e-07;3.8809557e-07;0.00067964976;0.00094309775;1.3826543e-05;2.5787767e-06;4.3661066e-06;4.4463002e-05;1.4974753e-06;1.9663937e-06;4.2150234e-05;1.0;1.0;1542.8611;25
559636770;559447507;0.93701845;-0.040520523;0.0072836457;-0.346845;-100.17471;9.293004;0.06267956;0.0;0.0;-0.79748464;-0.006155488;0.0014452582;0.00019106857;0.19247627;0.0033319355;-0.015519336;0.25905892;-0.0002682245;-0.17471637;0.1527223;-0.0069734966;-0.1847769;0.0;0.0;-1.147484;0.00014536949;0.00030778252;0.0003128171;47.067497;86.10586;0.012957727;218525.9;465483.4;0.24968824;7.7675446e-07;7.3031083e-07;3.8808835e-07;0.00067948416;0.00094274455;1.38650885e-05;2.5716295e-06;4.363138e-06;4.4385768e-05;1.4938315e-06;1.9538738e-06;4.207312e-05;1.0;1.0;1555.5884;25
560130743;559942275;0.9356503;0.015274657;-0.02658685;-0.35159394;-99.99772;8.990339;0.03205553;0.0;0.0;-0.851609;-0.005997219;0.0011448145;0.00017071753;0.1929083;0.0025153547;-0.015570976;0.25913066;-0.00026758955;-0.17484008;0.15275371;-0.006911082;-0.18455297;0.0;0.0;-1.147484;0.00014500962;0.0003081723;0.00031231114;47.354706;85.82703;0.012826293;221336.16;470115.3;0.24650447;7.78359e-07;7.2959443e-07;3.886487e-07;0.00067933457;0.0009423316;1.3902016e-05;2.565939e-06;4.3612213e-06;4.434627e-05;1.4909107e-06;1.9443034e-06;4.2032007e-05;1.0;1.0;1568.0574;25
560635686;560446939;0.92494404;0.08350284;-0.054442164;-0.36679965;-99.99531;8.761531;0.03738621;0.0;0.0;-0.9218695;-0.005841204;0.000805985;0.00010279535;0.19322772;0.0017287241;-0.015639972;0.25917968;-0.00026497128;-0.17451493;0.15279877;-0.006863761;-0.18474896;0.0;0.0;-1.147484;0.00014522955;0.00030914156;0.00031117635;47.651764;85.572205;0.012639322;224230.9;474852.84;0.24426572;7.7938796e-07;7.288276e-07;3.8851013e-07;0.0006792267;0.00094188744;1.39398335e-05;2.5592833e-06;4.358282e-06;4.4320244e-05;1.4877147e-06;1.9364973e-06;4.2000353e-05;1.0;1.0;1580.7697;25
561130857;560941708;0.9191919;0.08171089;-0.029438103;-0.38411337;-100.17073;8.677052;0.010039279;0.0;0.0;-0.9902251;-0.0056920573;0.0004742116;1.2968358e-05;0.19339062;0.001085354;-0.01573065;0.2591947;-0.00026171346;-0.17408608;0.15284097;-0.006833481;-0.18504263;0.0;0.0;-1.147484;0.00014586932;0.0003096059;0.0003101224;47.942127;85.37436;0.0126140425;227072.66;479529.7;0.24610297;7.7990416e-07;7.282978e-07;3.882585e-07;0.0006791317;0.00094138645;1.3976398e-05;2.5523923e-06;4.3552577e-06;4.4242246e-05;1.4846746e-06;1.930062e-06;4.1915515e-05;1.0;1.0;1593.23;25
561634874;561446372;0.89689213;-7.2941504e-05;-0.024915522;-0.44154692;-99.99398;8.599282;-0.03828111;0.0;0.0;-1.0665292;-0.0055482923;0.0001770514;-6.390366e-05;0.19357164;0.0004575399;-0.015806746;0.25918654;-0.00025888282;-0.17369859;0.15287675;-0.006831777;-0.18529283;0.0;0.0;-1.147484;0.00014648252;0.00031030056;0.00031019203;48.26124;85.15383;0.012386021;230015.11;484273.0;0.24383876;7.807669e-07;7.283218e-07;3.8888237e-07;0.00067905535;0.00094086106;1.4013358e-05;2.5468212e-06;4.35347e-06;4.4190896e-05;1.4821962e-06;1.924025e-06;4.185654e-05;1.0;1.0;1605.9377;25
562129545;561941143;0.84543735;0.0033839948;-0.021722728;-0.53362185;-99.99587;8.530997;-0.03059554;0.0;0.0;-1.1534327;-0.0053266734;-0.00019357835;-0.00012258222;0.19400604;-0.0003470669;-0.01588442;0.2592554;-0.00025766453;-0.17404774;0.15288226;-0.0067574107;-0.18480696;0.0;0.0;-1.147484;0.00014663031;0.0003106382;0.0003089598;48.571003;84.92683;0.012421212;232935.89;488890.38;0.2409574;7.8089465e-07;7.279019e-07;3.88725e-07;0.00067897385;0.00094032247;1.404894e-05;2.538658e-06;4.350465e-06;4.4156786e-05;1.4791586e-06;1.9112374e-06;4.1823594e-05;1.0;1.0;1618.3951;25
562634285;562445804;0.77285874;0.07301016;0.0942006;-0.6232859;-100.004196;8.728149;-0.045096777;0.0;0.0;-1.2407345;-0.0051355967;-0.00057542534;-0.00024295348;0.19437864;-0.00095801376;-0.015982315;0.2593163;-0.00025564883;-0.17464171;0.1528342;-0.0066508595;-0.18404375;0.0;0.0;-1.147484;0.0001469622;0.0003124429;0.00030798075;48.9431;84.85979;0.012610377;235967.64;493884.47;0.24392769;7.814306e-07;7.282649e-07;3.8839397e-07;0.00067894877;0.00093995704;1.4087281e-05;2.5305094e-06;4.347573e-06;4.4018907e-05;1.4757713e-06;1.895835e-06;4.1690997e-05;1.0;1.0;1631.1014;25
563129037;562940573;0.6819786;0.06968059;0.08563676;-0.72299117;-99.95582;9.011186;-0.07446931;0.0;0.0;-1.3110214;-0.0049847187;-0.00090022234;-0.00039611466;0.19451931;-0.0013572599;-0.016105052;0.25931;-0.00025304334;-0.17509359;0.15278982;-0.0065740272;-0.18342155;0.0;0.0;-1.147484;0.00014601425;0.00031185895;0.00030774198;49.30283;84.717834;0.0125934305;238912.66;498609.2;0.24128745;7.816896e-07;7.28998e-07;3.8852926e-07;0.0006789023;0.0009394821;1.4122878e-05;2.5225652e-06;4.345719e-06;4.3905537e-05;1.4726238e-06;1.8814881e-06;4.158096e-05;1.0;1.0;1643.5646;25
563633750;563445236;0.6073324;0.069610864;0.016026681;-0.79122996;-99.98874;9.30218;-0.06341292;0.0;0.0;-1.3746142;-0.004798529;-0.0012697536;-0.00058020797;0.19468197;-0.0015987603;-0.016246554;0.25926164;-0.00025029515;-0.17576095;0.15271538;-0.0065092947;-0.18254589;0.0;0.0;-1.147484;0.00014441134;0.00031000265;0.0003065801;49.657944;84.58533;0.012593384;241908.78;503433.97;0.23960498;7.8135696e-07;7.2975394e-07;3.8787735e-07;0.0006788415;0.00093898666;1.4158514e-05;2.511953e-06;4.3428463e-06;4.372227e-05;1.4686822e-06;1.8620448e-06;4.1403524e-05;1.0;1.0;1656.283;25
564138223;563949900;0.5549072;-0.0049687433;-0.04262693;-0.83080465;-99.998436;9.485882;-0.109293275;0.0;0.0;-1.4469943;-0.00453413;-0.0015866872;-0.00066693686;0.19502556;-0.0020051163;-0.016336704;0.2591607;-0.00024789054;-0.17577967;0.15267365;-0.0065664984;-0.18229201;0.0;0.0;-1.147484;0.00014286966;0.00030831853;0.00030551534;50.036255;84.55492;0.012807255;244977.62;508439.22;0.24284878;7.813634e-07;7.312128e-07;3.8732452e-07;0.00067877566;0.0009385823;1.4194859e-05;2.5011952e-06;4.339978e-06;4.369149e-05;1.4646264e-06;1.8451714e-06;4.1372394e-05;1.0;1.0;1669.0061;25
564633196;564444668;0.5546617;0.0035288122;-0.010529896;-0.832002;-99.97737;9.660526;-0.09818054;0.0;0.0;-1.5185156;-0.004284901;-0.0018345258;-0.00072834926;0.19544071;-0.002291978;-0.016410718;0.25907892;-0.00024611285;-0.17583297;0.15263574;-0.006630204;-0.18204221;0.0;0.0;-1.147484;0.000141254;0.00030611383;0.00030535506;50.394802;84.4612;0.01277467;248004.6;513282.78;0.24074356;7.815044e-07;7.3313913e-07;3.8746688e-07;0.0006786734;0.00093815447;1.4229385e-05;2.4921605e-06;4.338137e-06;4.367079e-05;1.4612973e-06;1.8301274e-06;4.1353363e-05;1.0;1.0;1681.4834;25
565127994;564939437;0.55373067;0.039334625;0.056430135;-0.8298499;-99.98106;9.942801;-0.14846414;0.0;0.0;-1.6073658;-0.0039934544;-0.002086202;-0.00079944445;0.19604322;-0.0027259162;-0.01648663;0.25896958;-0.00024405181;-0.17574848;0.15260895;-0.0067162295;-0.18187484;0.0;0.0;-1.147484;0.00014032614;0.00030460884;0.00030429199;50.76099;84.406;0.012816023;251056.73;518200.06;0.23875523;7.813628e-07;7.351652e-07;3.8690834e-07;0.0006785449;0.0009377879;1.42639865e-05;2.4816377e-06;4.335177e-06;4.3651202e-05;1.4577757e-06;1.8142539e-06;4.1333755e-05;1.0;1.0;1693.9658;25
565632423;565444100;0.5466876;0.06372522;0.038884908;-0.8340022;-99.9976;10.335977;-0.18159153;0.0;0.0;-1.684862;-0.003730369;-0.0023208354;-0.0009213178;0.19663468;-0.003046353;-0.01658964;0.25885102;-0.00024232226;-0.17582108;0.15258169;-0.0067744465;-0.18154839;0.0;0.0;-1.147484;0.00014008173;0.0003026966;0.00030363208;51.122257;84.40455;0.013020556;254157.36;523347.2;0.24235713;7.813851e-07;7.374467e-07;3.8646778e-07;0.0006783921;0.00093742064;1.4299501e-05;2.4711992e-06;4.3323175e-06;4.3579344e-05;1.4546653e-06;1.7978318e-06;4.126305e-05;1.0;1.0;1706.7057;25
566137565;565948764;0.52748257;0.2122032;0.13941352;-0.81073785;-100.15355;10.904706;-0.13863869;0.0;0.0;-1.7423503;-0.0035393315;-0.0025679357;-0.001140604;0.19721876;-0.0030693982;-0.016724085;0.2587368;-0.00024257858;-0.176902;0.15250269;-0.006733144;-0.18022627;0.0;0.0;-1.147484;0.00014019226;0.00030061498;0.00030299823;51.46988;84.36437;0.013026016;257196.22;528485.9;0.24139328;7.813096e-07;7.3974724e-07;3.8601925e-07;0.00067816855;0.00093705975;1.4334361e-05;2.4610242e-06;4.3294585e-06;4.2886884e-05;1.4519369e-06;1.7777884e-06;4.0578547e-05;1.0;1.0;1719.4579;25
566631927;566443532;0.5122184;-0.08898712;-0.08188802;-0.8502987;-99.95034;11.406076;-0.08214684;0.0;0.0;-1.7449695;-0.0033381798;-0.0027188766;-0.0012355685;0.19809917;-0.0034028115;-0.016799752;0.25861764;-0.00024308458;-0.1772888;0.15250747;-0.0067633092;-0.17960383;0.0;0.0;-1.147484;0.00014067581;0.00029900664;0.00030323607;51.816734;84.346115;0.013135736;260260.3;533609.75;0.23947778;7.8164567e-07;7.423926e-07;3.8643205e-07;0.00067784893;0.00093674904;1.4368504e-05;2.4527412e-06;4.327626e-06;4.261278e-05;1.449572e-06;1.7653954e-06;4.0304134e-05;1.0;1.0;1731.9731;25
567136695;566948196;0.5102945;-0.0954288;-0.03841599;-0.85382503;-99.9728;11.633315;-0.16020346;0.0;0.0;-1.8101428;-0.0030077635;-0.0028090184;-0.0011849001;0.19987036;-0.004260226;-0.016783714;0.2585812;-0.0002442528;-0.17788056;0.15255424;-0.0068204957;-0.17877449;0.0;0.0;-1.147484;0.00014141097;0.00029781996;0.00030224267;52.175682;84.36535;0.013148394;263477.6;538908.0;0.23875335;7.8161474e-07;7.450201e-07;3.862934e-07;0.00067735725;0.0009364642;1.4403323e-05;2.4428805e-06;4.324775e-06;4.2323263e-05;1.446066e-06;1.7522822e-06;4.0018753e-05;1.0;1.0;1744.7489;25
567631890;567442964;0.5094677;0.012435113;0.008307037;-0.8603599;-100.162125;12.015362;-0.2735294;0.0;0.0;-1.907755;-0.0026805636;-0.0028788494;-0.0011524244;0.20165479;-0.0051607965;-0.016775219;0.25853276;-0.0002444891;-0.17812419;0.1526035;-0.0068915067;-0.17826603;0.0;0.0;-1.147484;0.0001429723;0.0002975841;0.00030146982;52.547062;84.45857;0.013338659;266674.72;544267.75;0.24196495;7.818078e-07;7.4771634e-07;3.8613527e-07;0.0006768653;0.00093626056;1.4438614e-05;2.4335984e-06;4.3218347e-06;4.213591e-05;1.4429227e-06;1.7405309e-06;3.9832656e-05;1.0;1.0;1757.2809;25
568136009;567947627;0.5146662;-0.048363514;-0.07608385;-0.85263765;-99.93995;12.470971;-0.21188466;0.0;0.0;-1.9512374;-0.0024299738;-0.0029691348;-0.0011965138;0.20310053;-0.00558572;-0.016817413;0.25845718;-0.0002442506;-0.1780908;0.1526228;-0.006963382;-0.17805499;0.0;0.0;-1.147484;0.00014458786;0.0002960764;0.00030213807;52.880222;84.48005;0.013201097;269883.0;549688.06;0.24104571;7.82121e-07;7.502875e-07;3.8674213e-07;0.0006763067;0.0009359937;1.4473212e-05;2.42544e-06;4.3201144e-06;4.2082233e-05;1.4407474e-06;1.7296594e-06;3.9779632e-05;1.0;1.0;1770.0768;25
568630906;568442395;0.5110599;-0.03468802;-0.031490304;-0.85826737;-99.99367;12.850191;-0.1877871;0.0;0.0;-2.03431;-0.0021134638;-0.0030333241;-0.0012020657;0.20504549;-0.00632838;-0.016821863;0.2584084;-0.00024416964;-0.17817776;0.15266559;-0.007040282;-0.17769343;0.0;0.0;-1.147484;0.00014686416;0.00029543022;0.0003017781;53.217808;84.55704;0.013212552;273095.84;555124.5;0.24419986;7.822356e-07;7.525503e-07;3.866362e-07;0.0006757691;0.00093578035;1.450789e-05;2.4161516e-06;4.317184e-06;4.201385e-05;1.438138e-06;1.717647e-06;3.971368e-05;1.0;1.0;1782.635;25
569135535;568947059;0.50866705;-0.034338836;-0.028158683;-0.8598174;-100.00154;13.420489;-0.30173865;0.0;0.0;-2.103873;-0.0017956898;-0.003064991;-0.001191019;0.20723523;-0.0071974467;-0.016828472;0.25838464;-0.00024411269;-0.17826058;0.1527239;-0.007101721;-0.17732744;0.0;0.0;-1.147484;0.00014950591;0.0002952665;0.00030151;53.578205;84.635544;0.013472775;276410.3;560692.8;0.24337003;7.822513e-07;7.5493483e-07;3.8666204e-07;0.0006751674;0.0009356005;1.4542908e-05;2.4072322e-06;4.3143586e-06;4.1915853e-05;1.4354584e-06;1.7064433e-06;3.9618262e-05;1.0;1.0;1795.4568;25
569630209;569441827;0.5013192;0.0033029488;0.02045421;-0.86501443;-99.98709;14.011695;-0.2655763;0.0;0.0;-2.1617718;-0.0015393831;-0.0030778376;-0.0011845365;0.20923302;-0.008038733;-0.016852753;0.25837246;-0.00024376727;-0.1781801;0.1527688;-0.0071564764;-0.17713717;0.0;0.0;-1.147484;0.00015227904;0.00029462614;0.00030215777;53.91097;84.70383;0.013293521;279663.38;566175.8;0.24176872;7.82525e-07;7.571259e-07;3.8728254e-07;0.00067460997;0.0009354055;1.45766935e-05;2.3997304e-06;4.312558e-06;4.1860294e-05;1.4332412e-06;1.6974097e-06;3.956367e-05;1.0;1.0;1808.0457;25
570135019;569946490;0.49698964;-0.0064470847;-0.027920565;-0.8672833;-99.96139;14.617883;-0.24633053;0.0;0.0;-2.2203634;-0.0012492721;-0.0031393913;-0.001255015;0.21118896;-0.008729361;-0.01689178;0.2584184;-0.000245119;-0.1789612;0.15276402;-0.007147746;-0.1760964;0.0;0.0;-1.147484;0.00015558714;0.0002955244;0.0003022383;54.27136;84.810234;0.013345748;283047.84;571894.06;0.24105778;7.827324e-07;7.5934287e-07;3.8723076e-07;0.00067417655;0.0009353152;1.4613417e-05;2.391978e-06;4.3097493e-06;4.153566e-05;1.4310467e-06;1.6819519e-06;3.9251394e-05;1.0;1.0;1820.8917;25
570629814;570441258;0.47832564;0.019197283;-0.060196;-0.87590665;-100.00447;15.249298;-0.25392768;0.0;0.0;-2.2916229;-0.0009495273;-0.0031576373;-0.0012678008;0.21320887;-0.009372535;-0.016918529;0.25833416;-0.00024432468;-0.17860161;0.1528228;-0.007245761;-0.17614715;0.0;0.0;-1.147484;0.00015929595;0.00029544544;0.0003021695;54.620487;84.918076;0.013600394;286364.12;577524.0;0.24436496;7.8292106e-07;7.608377e-07;3.8716718e-07;0.00067377597;0.0009351457;1.464783e-05;2.3836112e-06;4.3068526e-06;4.1498904e-05;1.4288778e-06;1.6733259e-06;3.921244e-05;1.0;1.0;1833.522;25
571134499;570945922;0.47101665;-0.07558497;0.13859564;-0.8678834;-100.025024;16.049225;-0.2972724;0.0;0.0;-2.3145711;-0.00066958135;-0.0031652763;-0.0012820219;0.21540937;-0.00997373;-0.016973205;0.25829998;-0.00024440433;-0.17874677;0.15286197;-0.007310079;-0.17572063;0.0;0.0;-1.147484;0.00016301569;0.0002956136;0.00030225253;54.98083;85.01508;0.013830263;289786.56;583268.1;0.2437659;7.8311433e-07;7.6219436e-07;3.8719543e-07;0.00067336677;0.000934985;1.4682422e-05;2.3757561e-06;4.304057e-06;4.131457e-05;1.4265082e-06;1.6625701e-06;3.903224e-05;1.0;1.0;1846.4332;25
571629019;571440690;0.47541362;-0.02881383;0.037927795;-0.87847215;-99.966675;16.846449;-0.30663612;0.0;0.0;-2.3544996;-0.00040935015;-0.0031590753;-0.0013013427;0.2173685;-0.010588997;-0.017034458;0.2582822;-0.00024437992;-0.17866565;0.15290509;-0.0073628845;-0.17553787;0.0;0.0;-1.147484;0.00016700603;0.0002955023;0.00030326896;55.33436;85.1291;0.014226751;293182.7;588983.7;0.24737048;7.83802e-07;7.63287e-07;3.8783824e-07;0.00067304756;0.0009348034;1.4716658e-05;2.3693851e-06;4.3022833e-06;4.1255094e-05;1.4245436e-06;1.6542234e-06;3.8974435e-05;1.0;1.0;1859.1198;25
572133971;571945353;0.47646248;-0.027835537;-0.034628723;-0.8780716;-99.997185;17.582317;-0.26716417;0.0;0.0;-2.3761356;-0.00010246468;-0.0031702209;-0.0013388622;0.21951394;-0.011114951;-0.01709931;0.25824952;-0.00024425043;-0.17850614;0.15294185;-0.0074401726;-0.17540129;0.0;0.0;-1.147484;0.00017107028;0.00029501427;0.00030357353;55.675446;85.194725;0.014286234;296648.75;594761.0;0.24695317;7.840482e-07;7.634255e-07;3.8786462e-07;0.00067273335;0.00093458674;1.475045e-05;2.3615478e-06;4.299505e-06;4.119868e-05;1.4224406e-06;1.6442956e-06;3.892091e-05;1.0;1.0;1872.093;25
572629335;572440121;0.4667442;0.0042940746;0.016437259;-0.8842291;-100.11033;18.423143;-0.23835996;0.0;0.0;-2.395591;0.00021040863;-0.0031702588;-0.0013615721;0.22167434;-0.011571002;-0.017157268;0.25821012;-0.00024397955;-0.17828147;0.15299031;-0.0075251544;-0.17533222;0.0;0.0;-1.147484;0.00017511785;0.00029450053;0.00030376262;56.011753;85.247765;0.014411235;300083.12;600439.56;0.24583933;7.8425217e-07;7.629511e-07;3.878179e-07;0.0006724542;0.0009343569;1.4783287e-05;2.3538498e-06;4.2966353e-06;4.1171745e-05;1.4202897e-06;1.6352163e-06;3.8896153e-05;1.0;1.0;1884.85;25
573133300;572944784;0.46134627;-0.0015691601;0.014578411;-0.8870991;-99.95377;19.281694;-0.24059796;0.0;0.0;-2.392854;0.00046529403;-0.0031417636;-0.0013675223;0.2235784;-0.012010468;-0.017240506;0.25818217;-0.00024373054;-0.17801656;0.15304446;-0.007590642;-0.17533183;0.0;0.0;-1.147484;0.0001790961;0.0002932536;0.00030491376;56.351494;85.290504;0.014698025;303606.6;606257.5;0.24570192;7.8494776e-07;7.619046e-07;3.8855168e-07;0.0006722107;0.0009340659;1.4816308e-05;2.3474659e-06;4.2949773e-06;4.1163654e-05;1.4182791e-06;1.6282463e-06;3.8888338e-05;1.0;1.0;1897.8999;25
573637957;573449447;0.45724496;-0.0038611204;0.007621535;-0.8892998;-99.9959;20.063532;-0.23175019;0.0;0.0;-2.4148436;0.0007718295;-0.00310762;-0.0013846158;0.22562651;-0.012535487;-0.017310048;0.2581395;-0.00024336182;-0.17768224;0.15310325;-0.007675578;-0.17536606;0.0;0.0;-1.147484;0.00018340585;0.0002921506;0.00030528544;56.69513;85.35937;0.015108795;307168.12;612172.9;0.25070673;7.8538073e-07;7.6008484e-07;3.88621e-07;0.00067200966;0.00093377003;1.4850031e-05;2.3399537e-06;4.292219e-06;4.1158677e-05;1.4161122e-06;1.6203524e-06;3.8884213e-05;1.0;1.0;1910.9865;25
574136422;573944215;0.4545612;-0.0021379096;0.002525312;-0.89070946;-100.00121;20.929272;-0.21254791;0.0;0.0;-2.4087808;0.00107904;-0.0030795638;-0.0014008916;0.22770518;-0.013028009;-0.01737972;0.25810584;-0.00024308742;-0.1773607;0.15316245;-0.007755591;-0.17538495;0.0;0.0;-1.147484;0.00018740777;0.00029132783;0.00030549947;57.034115;85.38458;0.015342225;310698.12;617936.2;0.24993473;7.8572117e-07;7.5761085e-07;3.885893e-07;0.00067181804;0.00093347614;1.4882513e-05;2.332682e-06;4.2893694e-06;4.1152518e-05;1.4139242e-06;1.6127063e-06;3.8879174e-05;1.0;1.0;1923.8602;25
574637412;574448878;0.4553406;-0.024471765;0.0016504733;-0.8899795;-99.9661;21.802465;-0.16682014;0.0;0.0;-2.3811107;0.001339492;-0.0030500211;-0.0014115772;0.22951238;-0.0134067815;-0.017461209;0.25807983;-0.00024287218;-0.17706813;0.15321471;-0.007823141;-0.17541109;0.0;0.0;-1.147484;0.00019128664;0.0002900852;0.0003067119;57.37726;85.39703;0.015557832;314328.88;623862.75;0.2501946;7.8655654e-07;7.5451936e-07;3.8931458e-07;0.0006716584;0.0009331419;1.4915663e-05;2.326825e-06;4.2877286e-06;4.1148156e-05;1.4119865e-06;1.6063206e-06;3.8875183e-05;1.0;1.0;1937.0354;25
575132132;574943646;0.47601178;-0.060486015;-0.022360008;-0.8770715;-99.97836;22.601624;-0.20717268;0.0;0.0;-2.4040496;0.001652237;-0.0029795829;-0.001391187;0.23167275;-0.0140642915;-0.017480476;0.2580764;-0.00024277315;-0.17698638;0.15330362;-0.007871484;-0.1752147;0.0;0.0;-1.147484;0.0001957954;0.00029019298;0.00030701797;57.748962;85.45676;0.016215261;317990.78;629797.5;0.25496212;7.870234e-07;7.515583e-07;3.8936383e-07;0.00067149766;0.0009328725;1.494981e-05;2.320503e-06;4.2848937e-06;4.1085994e-05;1.4096411e-06;1.598921e-06;3.8815866e-05;1.0;1.0;1949.9958;25
575626880;575438414;0.45157972;0.08275607;0.052927926;-0.8868066;-99.99723;23.609499;-0.13531128;0.0;0.0;-2.3774302;0.0019693687;-0.002984368;-0.0014396944;0.23346813;-0.014353866;-0.017559797;0.25800887;-0.00024252698;-0.17664653;0.153335;-0.007969953;-0.17524347;0.0;0.0;-1.147484;0.00019957846;0.0002894637;0.00030716768;58.096546;85.44696;0.016308455;321597.56;635679.2;0.25466454;7.8738964e-07;7.467903e-07;3.8929556e-07;0.0006713919;0.00093255;1.4982974e-05;2.3136274e-06;4.2820643e-06;4.0948773e-05;1.4079309e-06;1.5918692e-06;3.867914e-05;1.0;1.0;1963.0096;25
576131654;575943077;0.4142176;0.08077125;0.05394355;-0.9049807;-99.95901;24.710688;-0.081821084;0.0;0.0;-2.2975845;0.0022172336;-0.0029894027;-0.0014811256;0.23483907;-0.01445956;-0.017663633;0.25792098;-0.00024228568;-0.17627521;0.15335211;-0.008079519;-0.17534675;0.0;0.0;-1.147484;0.0002032078;0.00028880304;0.0003082706;58.464962;85.444626;0.016765874;325322.28;641759.4;0.2553838;7.883442e-07;7.418051e-07;3.8997652e-07;0.0006713213;0.0009322304;1.50175765e-05;2.308324e-06;4.2804368e-06;4.083865e-05;1.4063712e-06;1.5863042e-06;3.856752e-05;1.0;1.0;1976.3453;25
576636061;576447740;0.3949401;-0.077687666;0.18925847;-0.8956384;-99.87699;25.78164;-0.08827253;0.0;0.0;-2.2202723;0.0025072978;-0.0029897674;-0.0015268269;0.23655427;-0.014903316;-0.01771534;0.25788552;-0.0002431043;-0.17639446;0.15336472;-0.008167271;-0.1749586;0.0;0.0;-1.147484;0.00020731935;0.0002896306;0.00030891987;58.869007;85.50617;0.017631028;329160.1;648000.7;0.26185867;7.8907027e-07;7.3750056e-07;3.9006923e-07;0.0006712298;0.0009319924;1.5054461e-05;2.3029922e-06;4.2777115e-06;4.0579e-05;1.4042871e-06;1.5777288e-06;3.8313232e-05;1.0;1.0;1989.7415;25
577131005;576942508;0.41850138;-0.02133375;0.04054452;-0.9070599;-99.99428;26.683187;-0.015997268;0.0;0.0;-2.1406715;0.0028239668;-0.0029770785;-0.0015831374;0.23847902;-0.015351563;-0.017772304;0.25793839;-0.0002454866;-0.17707509;0.15336704;-0.008191605;-0.17405666;0.0;0.0;-1.147484;0.00020944324;0.00028896084;0.0003094934;59.220913;85.46457;0.017945388;332928.5;654032.2;0.2619318;7.8910006e-07;7.3071266e-07;3.8999943e-07;0.0006710976;0.000931627;1.5088868e-05;2.2976244e-06;4.2748998e-06;4.020548e-05;1.4019569e-06;1.5666892e-06;3.7953363e-05;1.0;1.0;2002.939;25
577636027;577447171;0.3826131;0.050748527;-0.09929669;-0.9171543;-100.07355;27.539404;0.04605732;0.0;0.0;-2.070349;0.0031078127;-0.002876417;-0.0015373501;0.24039604;-0.015823487;-0.017797863;0.25785428;-0.00024524474;-0.17673063;0.15347119;-0.008278837;-0.17409837;0.0;0.0;-1.147484;0.00021183913;0.00028827513;0.00030947514;59.59553;85.41622;0.018388307;336792.2;660233.94;0.26313633;7.8894846e-07;7.232069e-07;3.8998704e-07;0.00067097717;0.00093120424;1.51241775e-05;2.2916684e-06;4.2721967e-06;4.0158313e-05;1.399543e-06;1.5623118e-06;3.79041e-05;1.0;1.0;2016.4648;25
578130609;577941938;0.3381993;0.015948853;-0.038487904;-0.9401519;-99.9907;28.423317;0.053734124;0.0;0.0;-1.9787116;0.003278673;-0.0027634418;-0.0014539016;0.24193852;-0.016133782;-0.017821504;0.25775114;-0.00024439482;-0.17663692;0.15357004;-0.008339032;-0.17394139;0.0;0.0;-1.147484;0.0002143606;0.00028794786;0.00030969677;59.98647;85.41035;0.019138813;340613.1;666443.7;0.269357;7.89242e-07;7.1644604e-07;3.905749e-07;0.00067087304;0.00093080325;1.5159997e-05;2.2871159e-06;4.270496e-06;3.999556e-05;1.397202e-06;1.5604221e-06;3.773613e-05;1.0;1.0;2029.7847;25
578634923;578446601;0.34255025;-0.04040209;0.08020852;-0.93519706;-99.98356;29.343891;0.10201384;0.0;0.0;-1.8666859;0.0035680344;-0.0026855601;-0.00143886;0.24379964;-0.016490646;-0.017834742;0.25773278;-0.00024417602;-0.17659302;0.15361172;-0.008439692;-0.17373922;0.0;0.0;-1.147484;0.00021579405;0.00028796814;0.0003100614;60.38488;85.3546;0.019489342;344614.2;672781.75;0.27084476;7.891172e-07;7.0820545e-07;3.905354e-07;0.0006707556;0.0009303881;1.51971035e-05;2.2823842e-06;4.267797e-06;3.990733e-05;1.3943073e-06;1.5540262e-06;3.765159e-05;1.0;1.0;2043.434;25
579130127;578941369;0.35716975;-0.06639186;0.12936202;-0.92265236;-100.09715;30.255505;0.15788808;0.0;0.0;-1.7588729;0.0038779841;-0.0026102592;-0.0014747324;0.24571113;-0.016990747;-0.017859077;0.25777516;-0.00024566153;-0.17698525;0.15361777;-0.00850395;-0.1731185;0.0;0.0;-1.147484;0.00021610531;0.00028750426;0.00031048752;60.760006;85.267555;0.019966992;348555.9;679034.3;0.27120247;7.884432e-07;6.988724e-07;3.90359e-07;0.00067063514;0.00092993194;1.5233283e-05;2.277846e-06;4.26501e-06;3.96082e-05;1.3916135e-06;1.5449665e-06;3.7363894e-05;1.0;1.0;2056.8806;25
579624647;579436136;0.3663046;-0.10343108;0.22294167;-0.897452;-99.98809;31.140718;0.1933441;0.0;0.0;-1.629358;0.0041217892;-0.0025690496;-0.0015385302;0.24724625;-0.017354144;-0.01789006;0.2578567;-0.00024886476;-0.17814714;0.15358491;-0.008494512;-0.17181773;0.0;0.0;-1.147484;0.00021662559;0.0002876953;0.0003120033;61.151234;85.216576;0.020784292;352548.56;685420.75;0.27797264;7.882607e-07;6.908511e-07;3.9090347e-07;0.00067052775;0.0009294857;1.5270738e-05;2.2753165e-06;4.2633283e-06;3.8914495e-05;1.3895383e-06;1.5341125e-06;3.6689155e-05;1.0;1.0;2070.397;25
580129387;579940799;0.37335262;-0.01612638;-0.026942281;-0.927158;-99.99012;32.1168;0.23387623;0.0;0.0;-1.5213877;0.004415784;-0.002493046;-0.0015519727;0.24899983;-0.017815163;-0.017863097;0.2578841;-0.00025098986;-0.17867701;0.15361401;-0.008520687;-0.17108549;0.0;0.0;-1.147484;0.00021714356;0.0002890876;0.00031245936;61.583733;85.12726;0.021586753;356716.84;691913.9;0.27986842;7.876329e-07;6.820007e-07;3.9080552e-07;0.0006704292;0.0009289399;1.5309959e-05;2.2719787e-06;4.2606644e-06;3.852232e-05;1.3872711e-06;1.5257057e-06;3.6308895e-05;1.0;1.0;2084.253;25
580633944;580445462;0.34292045;-0.009743895;-0.011310207;-0.9392459;-99.99797;32.91174;0.26788965;0.0;0.0;-1.4165081;0.0046584425;-0.0023329963;-0.0014869533;0.2507034;-0.018177617;-0.017847756;0.2578371;-0.0002511186;-0.17842042;0.15370989;-0.008580686;-0.1710942;0.0;0.0;-1.147484;0.00021676019;0.0002890015;0.00031217022;61.99617;84.990585;0.02206623;360860.62;698414.25;0.28175756;7.858956e-07;6.7156435e-07;3.90548e-07;0.000670343;0.0009281425;1.5347638e-05;2.267351e-06;4.25801e-06;3.8508955e-05;1.3847084e-06;1.5215073e-06;3.629551e-05;1.0;1.0;2098.1833;25
581138491;580950125;0.33483845;-0.0074920054;-0.008032472;-0.9422115;-99.9793;33.652763;0.28840625;0.0;0.0;-1.3146336;0.0048569795;-0.002188307;-0.0014353308;0.25208715;-0.01850178;-0.017824484;0.25779715;-0.00025107936;-0.17819561;0.1537887;-0.008633375;-0.17111696;0.0;0.0;-1.147484;0.00021722906;0.00028974726;0.00031291178;62.433804;84.902824;0.022759374;365083.88;705043.9;0.29040197;7.849129e-07;6.6287373e-07;3.9100044e-07;0.00067028514;0.0009273402;1.538673e-05;2.264288e-06;4.256452e-06;3.850225e-05;1.3824159e-06;1.5181153e-06;3.628818e-05;1.0;1.0;2112.1743;25
581637053;581444893;0.33210006;-0.010705295;-0.0009144575;-0.943183;-99.98815;34.465576;0.34305617;0.0;0.0;-1.2069391;0.00509403;-0.0020327892;-0.0013702328;0.25366923;-0.018901933;-0.017761309;0.25774997;-0.00025066765;-0.1779345;0.15387852;-0.008700641;-0.17115141;0.0;0.0;-1.147484;0.00021659122;0.00029154037;0.0003125021;62.88402;84.75437;0.023126483;369298.53;711515.56;0.2911256;7.8323797e-07;6.529702e-07;3.906423e-07;0.00067022623;0.000926425;1.5426082e-05;2.2605159e-06;4.2537113e-06;3.8495982e-05;1.3798649e-06;1.5143552e-06;3.6281876e-05;1.0;1.0;2125.958;25
582138029;581949556;0.3295351;-0.018424792;0.027732052;-0.9435561;-99.99912;35.164536;0.37267798;0.0;0.0;-1.1153367;0.0053113224;-0.001842276;-0.0013199764;0.25520715;-0.01933824;-0.017722728;0.25770846;-0.000250516;-0.17767417;0.1539669;-0.008760106;-0.17118563;0.0;0.0;-1.147484;0.00021482167;0.00029205036;0.0003121264;63.31414;84.58461;0.023500867;373570.72;718186.0;0.2927008;7.8052295e-07;6.42003e-07;3.903319e-07;0.00067016674;0.00092539;1.546504e-05;2.256304e-06;4.2510746e-06;3.8487713e-05;1.3772669e-06;1.5103126e-06;3.6274345e-05;1.0;1.0;2140.0813;25
582632801;582444323;0.3252505;-0.032444336;0.036931206;-0.94434935;-99.98567;35.97516;0.4369919;0.0;0.0;-0.9903108;0.0054810937;-0.0016761593;-0.00127458;0.2564941;-0.019685123;-0.017695319;0.25767642;-0.00025029824;-0.17745519;0.15404063;-0.008805726;-0.17121133;0.0;0.0;-1.147484;0.00021380156;0.00029300697;0.00031261757;63.746185;84.46137;0.02443;377815.72;724854.1;0.3000361;7.783695e-07;6.3275274e-07;3.906386e-07;0.0006701227;0.0009244762;1.5504102e-05;2.2532886e-06;4.2494344e-06;3.848188e-05;1.3750528e-06;1.5069623e-06;3.6268382e-05;1.0;1.0;2153.9895;25
583127577;582939090;0.32096887;-0.011167437;-0.0022643523;-0.94702125;-99.98682;36.700863;0.4540674;0.0;0.0;-0.8737946;0.0057096346;-0.0015007191;-0.001238014;0.25796807;-0.020189868;-0.017622076;0.25764054;-0.0002501465;-0.17722127;0.15412094;-0.008868417;-0.17123237;0.0;0.0;-1.147484;0.00021186075;0.00029537783;0.00031218777;64.211914;84.29489;0.024655644;382151.5;731538.8;0.30019563;7.756444e-07;6.226547e-07;3.90232e-07;0.0006700787;0.000923569;1.5544783e-05;2.2498746e-06;4.246711e-06;3.844878e-05;1.3726335e-06;1.5027858e-06;3.623689e-05;1.0;1.0;2167.9614;25
583632853;583443753;0.31517395;-0.0073045427;-0.007326861;-0.9489776;-99.98915;37.327;0.4903515;0.0;0.0;-0.76828474;0.0058910684;-0.0012833106;-0.0011878718;0.2593785;-0.020621574;-0.01757576;0.25759366;-0.00024984722;-0.17695546;0.15421224;-0.008919767;-0.17128669;0.0;0.0;-1.147484;0.00020889526;0.00029621477;0.00031161873;64.64854;84.1204;0.024840746;386527.06;738445.75;0.30126435;7.716764e-07;6.1182226e-07;3.898545e-07;0.0006700281;0.0009226212;1.5584723e-05;2.2457696e-06;4.244092e-06;3.8444105e-05;1.3700892e-06;1.4990901e-06;3.6232537e-05;1.0;1.0;2182.282;25
584136987;583948416;0.2878912;0.047549546;-0.1219004;-0.9486823;-100.099335;37.972282;0.58273184;0.0;0.0;-0.6401689;0.0060990127;-0.0010873527;-0.0011495873;0.26078448;-0.021164658;-0.017488247;0.25755012;-0.00024967635;-0.17675276;0.15429884;-0.008968102;-0.17128234;0.0;0.0;-1.147484;0.00020773699;0.00029906078;0.00031134777;65.12702;84.00989;0.025273858;391023.7;745490.0;0.30997837;7.686743e-07;6.0347986e-07;3.89572e-07;0.0006699878;0.00092194276;1.5627218e-05;2.242571e-06;4.2414786e-06;3.835672e-05;1.3676824e-06;1.4954554e-06;3.6145626e-05;1.0;1.0;2196.661;25
584631510;584443183;0.24025719;-0.0019891064;-0.049667723;-0.96943575;-100.0;38.637856;0.5781431;0.0;0.0;-0.55270976;0.006229129;-0.0008876751;-0.0010983592;0.26197693;-0.021791436;-0.017400177;0.25751513;-0.0002493619;-0.17671292;0.15438098;-0.008997315;-0.17115945;0.0;0.0;-1.147484;0.00020483497;0.0003022021;0.00031126844;65.61775;83.86024;0.02565095;395495.0;752437.94;0.30971682;7.656406e-07;5.9425577e-07;3.897347e-07;0.00066995295;0.00092130224;1.566954e-05;2.2406114e-06;4.239858e-06;3.8298178e-05;1.3651262e-06;1.4928671e-06;3.608647e-05;1.0;1.0;2210.826;25
585136409;584947846;0.23818463;-0.012159047;-0.013314899;-0.97105247;-99.98937;39.273045;0.5951592;0.0;0.0;-0.46701804;0.006363821;-0.00064634014;-0.0010407104;0.26331228;-0.022338893;-0.01732269;0.25747147;-0.00024880236;-0.17654887;0.15447538;-0.0090382;-0.17113544;0.0;0.0;-1.147484;0.00020131897;0.00030449644;0.0003104735;66.091675;83.71982;0.02598431;400046.47;759618.2;0.3103102;7.6120716e-07;5.847035e-07;3.8928542e-07;0.0006699048;0.00092072453;1.5711817e-05;2.237465e-06;4.2372567e-06;3.828201e-05;1.3619683e-06;1.4901569e-06;3.6069985e-05;1.0;1.0;2225.3333;25
585631327;585442613;0.16095048;-0.0044095754;-0.0008565626;-0.98695225;-100.09235;39.810936;0.631317;0.0;0.0;-0.37896183;0.0064772097;-0.0003972069;-0.0010030945;0.26454586;-0.022723563;-0.017280614;0.25743392;-0.0002484397;-0.17631185;0.15455554;-0.009082693;-0.1711915;0.0;0.0;-1.147484;0.00019798776;0.000305138;0.0003096779;66.51492;83.61798;0.026364611;404473.94;766760.6;0.31696787;7.5620557e-07;5.761828e-07;3.8874882e-07;0.00066985015;0.0009202075;1.5751724e-05;2.2338795e-06;4.234564e-06;3.828018e-05;1.3583636e-06;1.4875504e-06;3.6067857e-05;1.0;1.0;2239.609;25
586135600;585947276;0.16659479;0.0014920101;-0.019474111;-0.98583204;-99.97809;40.23306;0.65169364;0.0;0.0;-0.31796005;0.0065161865;-0.00014840062;-0.0009703766;0.26556268;-0.023056367;-0.017265692;0.25741157;-0.0002482866;-0.17613582;0.15461981;-0.009104737;-0.17121586;0.0;0.0;-1.147484;0.00019290888;0.00030507418;0.00030945352;66.93246;83.493126;0.026240764;408994.06;774112.94;0.31652763;7.5090196e-07;5.6700827e-07;3.8883783e-07;0.00066979835;0.0009197077;1.5792037e-05;2.2311808e-06;4.233058e-06;3.8273676e-05;1.354718e-06;1.4854883e-06;3.6059762e-05;1.0;1.0;2254.215;25
586630384;586442043;0.289154;-0.0072584054;-0.017370518;-0.95709753;-99.98682;40.723732;0.6606851;0.0;0.0;-0.26082245;0.0065886346;0.00012241365;-0.00091598067;0.2668075;-0.023446135;-0.017198907;0.25737914;-0.00024774822;-0.1759861;0.15470552;-0.009126934;-0.17119078;0.0;0.0;-1.147484;0.00018876478;0.00030712172;0.00030844254;67.3912;83.38192;0.026103223;413550.72;781401.3;0.31462383;7.4556556e-07;5.5862836e-07;3.8826315e-07;0.00066974957;0.0009194182;1.583337e-05;2.2280913e-06;4.230378e-06;3.8266946e-05;1.351391e-06;1.4830565e-06;3.6052414e-05;1.0;1.0;2268.5825;25
587135181;586946705;0.63826376;-0.073800154;-0.0051411563;-0.7662549;-100.0;41.285515;0.72104985;0.0;0.0;-0.18682769;0.006689059;0.00043052697;-0.0008747986;0.26824558;-0.02373485;-0.017147107;0.257352;-0.00024825108;-0.17594676;0.1548293;-0.009080945;-0.1710218;0.0;0.0;-1.147484;0.00018530025;0.00030838262;0.00030800913;67.8426;83.285255;0.02664449;418212.47;788901.94;0.32194704;7.3966754e-07;5.515025e-07;3.8799237e-07;0.0006696926;0.00091911916;1.5874104e-05;2.2243034e-06;4.227803e-06;3.8226983e-05;1.3496726e-06;1.4771824e-06;3.6013826e-05;1.0;1.0;2283.2888;25
587629839;587441473;0.84922785;-0.032794118;0.008997754;-0.5269306;-99.98653;41.88853;0.7276253;0.0;0.0;-0.12661842;0.006821647;0.0007134029;-0.0008351826;0.26981756;-0.024394903;-0.017044673;0.2574105;-0.00024980344;-0.17606941;0.1550154;-0.008923682;-0.17072779;0.0;0.0;-1.147484;0.00017736228;0.00031056197;0.000307852;68.307434;83.12628;0.02697469;422928.0;796304.8;0.3201005;7.339234e-07;5.443653e-07;3.8807e-07;0.00066962553;0.00091895694;1.5915679e-05;2.2223867e-06;4.226218e-06;3.816902e-05;1.347483e-06;1.4664525e-06;3.595675e-05;1.0;1.0;2297.7715;25
588134609;587946135;0.978427;-0.028548883;0.027507775;-0.20275371;-99.98778;42.28119;0.7292953;0.0;0.0;-0.07078458;0.006903317;0.001000751;-0.00073729275;0.2715068;-0.025150727;-0.016949916;0.25753427;-0.0002515968;-0.17635179;0.1552916;-0.008648382;-0.17030856;0.0;0.0;-1.147484;0.00016522179;0.00031014555;0.00030596403;68.689354;82.95129;0.026968295;427727.22;803886.4;0.31938463;7.27138e-07;5.37596e-07;3.871488e-07;0.0006695043;0.00091874035;1.5956834e-05;2.2202819e-06;4.2236657e-06;3.8104943e-05;1.341503e-06;1.4504468e-06;3.5892383e-05;1.0;1.0;2312.598;25
588629412;588440902;0.9995626;-0.021647483;0.013094747;0.015314421;-99.993805;42.529507;0.74350053;0.0;0.0;-0.0031126554;0.0068657505;0.0012154115;-0.0006049716;0.27276012;-0.02577936;-0.016893035;0.2576764;-0.00025328386;-0.17682435;0.15556331;-0.008341764;-0.16978112;0.0;0.0;-1.147484;0.00015194937;0.0003077656;0.00030321843;68.985725;82.80247;0.02684121;432437.3;811360.3;0.3250985;7.215134e-07;5.3268457e-07;3.858131e-07;0.00066934805;0.0009185007;1.599672e-05;2.2193399e-06;4.2210318e-06;3.8048565e-05;1.331798e-06;1.4337458e-06;3.5836812e-05;1.0;1.0;2327.1624;25
589134120;588945564;0.9977481;-0.008226617;0.009452064;0.06589301;-100.0;42.687138;0.7478775;0.0;0.0;0.054847732;0.006768378;0.0013788607;-0.0005233603;0.2735318;-0.026181223;-0.016887713;0.25778615;-0.0002547205;-0.17707747;0.15573415;-0.0081329895;-0.1694958;0.0;0.0;-1.147484;0.0001375452;0.00030441422;0.00030127863;69.251785;82.64783;0.025898095;437242.97;819041.94;0.32284978;7.1633457e-07;5.2795707e-07;3.8516887e-07;0.00066921033;0.00091825594;1.6037404e-05;2.2193235e-06;4.2195834e-06;3.801466e-05;1.3221345e-06;1.4205514e-06;3.580184e-05;1.0;1.0;2342.034;25
589629055;589440332;0.99784344;-0.006727175;0.010642674;0.0644201;-99.981995;42.856304;0.74694526;0.0;0.0;0.10796829;0.0066861003;0.0015267904;-0.00044386758;0.27430508;-0.026636336;-0.01687168;0.25790024;-0.0002559848;-0.17723313;0.15590651;-0.007944927;-0.16931379;0.0;0.0;-1.147484;0.00012511323;0.0003021108;0.00029816522;69.519135;82.51257;0.024899432;442019.12;826605.94;0.31837562;7.116129e-07;5.2414765e-07;3.8370737e-07;0.00066907576;0.00091806;1.6078007e-05;2.2189638e-06;4.2169786e-06;3.7991107e-05;1.3115435e-06;1.4071333e-06;3.577643e-05;1.0;1.0;2356.6328;25
590133348;589944994;0.9980052;-0.009004362;0.004012676;0.062358245;-99.97908;42.972717;0.72684693;0.0;0.0;0.15923017;0.0066096904;0.0016632762;-0.00037513414;0.27506003;-0.027105853;-0.016855735;0.25801516;-0.0002572842;-0.17735471;0.15606576;-0.0077798916;-0.16916649;0.0;0.0;-1.147484;0.0001144384;0.0003003776;0.00029538473;69.80183;82.39692;0.023777623;446942.3;834364.8;0.31468064;7.077986e-07;5.213908e-07;3.824545e-07;0.00066896;0.0009178922;1.6120026e-05;2.218801e-06;4.2144866e-06;3.7969156e-05;1.301742e-06;1.3950527e-06;3.5752353e-05;1.0;1.0;2371.54;25
590628122;590439761;0.996588;-0.05133962;0.0038930383;0.06450946;-99.996895;43.131485;0.71424884;0.0;0.0;0.21560347;0.0065420032;0.001778533;-0.00032917532;0.27569973;-0.027517218;-0.016845498;0.25811303;-0.00025845264;-0.17741147;0.15618713;-0.0076584145;-0.16908014;0.0;0.0;-1.147484;0.00010623418;0.0002990251;0.0002940027;70.088844;82.31308;0.023053916;451817.53;842018.7;0.31706226;7.055005e-07;5.200737e-07;3.8206406e-07;0.00066887547;0.00091775146;1.6161628e-05;2.2191416e-06;4.212977e-06;3.7947408e-05;1.2938825e-06;1.3855315e-06;3.572746e-05;1.0;1.0;2386.1667;25
591132834;590944423;0.99759054;-0.026619535;0.0015006631;0.06404874;-99.97603;43.15985;0.7134301;0.0;0.0;0.22044644;0.0064637074;0.0019018293;-0.00027496187;0.27640712;-0.027984235;-0.01682928;0.2582248;-0.0002598666;-0.17753974;0.15631898;-0.0075194417;-0.16891937;0.0;0.0;-1.147484;9.8692064e-05;0.0002981116;0.0002915654;70.37425;82.22784;0.021772403;456822.5;849849.9;0.3119153;7.030731e-07;5.18799e-07;3.8102107e-07;0.00066878216;0.00091762084;1.620445e-05;2.219134e-06;4.210512e-06;3.7916634e-05;1.2852976e-06;1.3753307e-06;3.5695324e-05;1.0;1.0;2401.0938;25
591637437;591449085;0.99798733;-0.011302616;-0.0032377313;0.062315185;-99.96529;43.172695;0.6931407;0.0;0.0;0.23275173;0.0063962787;0.002008133;-0.00023184744;0.27706763;-0.028488327;-0.01681085;0.25833327;-0.00026104448;-0.17755002;0.15643698;-0.0074087786;-0.168871;0.0;0.0;-1.147484;9.264952e-05;0.00029758248;0.00028935733;70.66449;82.15942;0.020518199;461874.9;857715.8;0.3063148;7.013675e-07;5.181912e-07;3.800682e-07;0.0006687082;0.00091751013;1.6247675e-05;2.2191061e-06;4.2080615e-06;3.790247e-05;1.2772533e-06;1.3664022e-06;3.5678226e-05;1.0;1.0;2416.0269;25
592132449;591943852;0.99792814;-0.0124579985;0.0049979426;0.06292247;-100.001755;43.211685;0.64371175;0.0;0.0;0.2607839;0.006341076;0.002096046;-0.00019514388;0.27767846;-0.028996559;-0.016794993;0.25843662;-0.00026207115;-0.17753401;0.15654415;-0.0073175873;-0.16884904;0.0;0.0;-1.147484;8.8395325e-05;0.0002968787;0.00028736243;70.942024;82.11553;0.019623555;466849.06;865453.94;0.30657855;7.0083007e-07;5.18514e-07;3.7917684e-07;0.00066863984;0.0009173746;1.628978e-05;2.218895e-06;4.205527e-06;3.7888363e-05;1.2697562e-06;1.3582915e-06;3.5660745e-05;1.0;1.0;2430.6697;25
592636955;592448515;0.9979371;-0.011012463;0.0059542586;0.062966794;-99.97136;43.193058;0.6051896;0.0;0.0;0.2511905;0.0062762606;0.002185256;-0.00017565746;0.27823812;-0.029470777;-0.016788326;0.25853765;-0.00026316178;-0.17747925;0.15662433;-0.0072435536;-0.16885303;0.0;0.0;-1.147484;8.4723644e-05;0.0002954433;0.00028662264;71.2015;82.07212;0.018473806;471891.25;873390.0;0.3000001;7.0047673e-07;5.188548e-07;3.791634e-07;0.00066857325;0.00091719854;1.6332151e-05;2.2187999e-06;4.2041625e-06;3.7877104e-05;1.263657e-06;1.3518602e-06;3.564663e-05;1.0;1.0;2445.6042;25
593131794;592943281;0.997967;-0.012807951;-0.0008513103;0.06242686;-99.936386;43.135036;0.5902905;0.0;0.0;0.23140062;0.006219332;0.002264366;-0.00014876343;0.27883676;-0.030047134;-0.016766606;0.25864902;-0.00026424532;-0.17745523;0.1567158;-0.0071652615;-0.16882953;0.0;0.0;-1.147484;8.215681e-05;0.00029437707;0.00028483247;71.44496;82.03979;0.017313672;476870.06;881183.9;0.29210833;7.0060094e-07;5.19532e-07;3.7839084e-07;0.000668501;0.0009170201;1.6373691e-05;2.2182244e-06;4.2016545e-06;3.7867117e-05;1.256978e-06;1.3450979e-06;3.5635003e-05;1.0;1.0;2460.237;25
593636263;593447943;0.9978988;-0.014226021;-0.0028067087;0.06314944;-99.96841;43.11074;0.5643289;0.0;0.0;0.25135684;0.006177597;0.002325487;-0.00012619884;0.27938646;-0.030611645;-0.016751645;0.25875446;-0.00026514306;-0.17741144;0.1568012;-0.0071027474;-0.16882995;0.0;0.0;-1.147484;8.088108e-05;0.0002928367;0.0002834795;71.68118;82.02845;0.01652194;481959.53;889158.8;0.29215676;7.0178834e-07;5.2099625e-07;3.7784554e-07;0.0006684243;0.000916789;1.6415266e-05;2.2175584e-06;4.199259e-06;3.7856487e-05;1.2507227e-06;1.3389472e-06;3.5622415e-05;1.0;1.0;2475.1543;25
594131046;593942710;0.99774885;-0.0082251085;0.0014896088;0.06653941;-99.9471;43.05823;0.54114217;0.0;0.0;0.23980267;0.0061301105;0.0023826193;-0.00011703278;0.2798663;-0.031151535;-0.016724663;0.2588531;-0.000265985;-0.17734176;0.15686491;-0.0070554386;-0.16885468;0.0;0.0;-1.147484;8.013491e-05;0.0002917449;0.00028309948;71.91602;82.02073;0.015524721;486979.34;897025.56;0.28409272;7.0299484e-07;5.223747e-07;3.7796133e-07;0.0006683617;0.0009165899;1.645617e-05;2.217298e-06;4.197831e-06;3.78514e-05;1.245594e-06;1.3341969e-06;3.561562e-05;1.0;1.0;2489.7795;25
594636504;594447372;0.99740607;-0.0073785316;0.013989306;0.07022194;-99.89943;42.969658;0.5014885;0.0;0.0;0.21100482;0.0060868915;0.002435232;-0.00010310925;0.28039458;-0.031792443;-0.016684573;0.2589644;-0.00026685183;-0.17728077;0.15693946;-0.007004997;-0.168872;0.0;0.0;-1.147484;8.027326e-05;0.00029137084;0.0002819811;72.16386;82.0272;0.014634473;492168.97;905065.8;0.27719903;7.046997e-07;5.241112e-07;3.7752412e-07;0.00066830066;0.00091640174;1.6497914e-05;2.21684e-06;4.1954613e-06;3.7843663e-05;1.2399196e-06;1.3290924e-06;3.5605837e-05;1.0;1.0;2504.6892;25
595131110;594942139;0.9973471;-0.0072338814;0.004459748;0.07229473;-99.888084;42.903564;0.47070238;0.0;0.0;0.2161495;0.0060561732;0.0024705988;-9.114947e-05;0.28088516;-0.03243888;-0.016647326;0.25906882;-0.00026752384;-0.17721;0.15701039;-0.0069661005;-0.16890265;0.0;0.0;-1.147484;8.121098e-05;0.00029030413;0.00028095156;72.38333;82.047005;0.0140051395;497249.97;912962.25;0.2755838;7.068587e-07;5.261688e-07;3.7707983e-07;0.0006682274;0.0009161485;1.65375e-05;2.2160975e-06;4.193008e-06;3.783799e-05;1.2345389e-06;1.324527e-06;3.5598398e-05;1.0;1.0;2519.2825;25
595635129;595446802;0.99661076;0.030580442;0.008210857;0.07592408;-99.79751;42.80753;0.43481305;0.0;0.0;0.18983297;0.006020884;0.002508049;-8.599357e-05;0.28132606;-0.033060495;-0.016594255;0.25916603;-0.00026818857;-0.17713031;0.15706457;-0.006933056;-0.16893731;0.0;0.0;-1.147484;8.2701255e-05;0.00029020762;0.00028113875;72.630394;82.077644;0.013253892;502506.88;921080.44;0.2688619;7.092905e-07;5.2837737e-07;3.77476e-07;0.0006681754;0.00091594906;1.6577987e-05;2.2161435e-06;4.191712e-06;3.783418e-05;1.2301116e-06;1.3210329e-06;3.5592904e-05;1.0;1.0;2534.1472;25
596129962;595941568;0.99623936;0.0038204796;0.008385899;0.08615269;-99.71541;42.712616;0.3925553;0.0;0.0;0.15399145;0.0059903734;0.0025368412;-7.944555e-05;0.281793;-0.033753674;-0.01653042;0.259272;-0.0002688146;-0.17706014;0.15712757;-0.0069030486;-0.16896953;0.0;0.0;-1.147484;8.4720516e-05;0.00029049246;0.00028032254;72.86855;82.11736;0.012586518;507705.12;929041.5;0.26142365;7.1178937e-07;5.305708e-07;3.7712084e-07;0.00066811853;0.0009157375;1.6616843e-05;2.2157415e-06;4.1892836e-06;3.7825346e-05;1.2251442e-06;1.3172557e-06;3.5582343e-05;1.0;1.0;2548.6902;25
596634650;596446230;0.9954574;-0.0012611083;0.011373586;0.09451866;-99.64599;42.612083;0.37776425;0.0;0.0;0.13839763;0.0059658927;0.002556124;-7.624369e-05;0.2822164;-0.034417514;-0.016468087;0.25936982;-0.00026927236;-0.17698172;0.15718369;-0.0068826857;-0.16901301;0.0;0.0;-1.147484;8.741831e-05;0.00029060774;0.00027984052;73.10565;82.1725;0.012141553;513046.66;937185.4;0.26066422;7.145987e-07;5.331244e-07;3.7694946e-07;0.00066805753;0.0009154924;1.665549e-05;2.2154418e-06;4.186966e-06;3.7818405e-05;1.2203504e-06;1.3137878e-06;3.5572837e-05;1.0;1.0;2563.491;25
597129578;596940996;0.99518764;-0.011141026;0.0017401819;0.09733677;-99.50228;42.475643;0.35713494;0.0;0.0;0.080791794;0.0059409454;0.002579549;-7.701278e-05;0.28260726;-0.03505085;-0.016390983;0.25946182;-0.00026978552;-0.17691141;0.15722942;-0.006863934;-0.16904487;0.0;0.0;-1.147484;9.030605e-05;0.00029000646;0.00028027588;73.31145;82.230385;0.01158152;518243.28;945207.25;0.25367275;7.172988e-07;5.3555505e-07;3.774133e-07;0.0006679858;0.00091519824;1.6690756e-05;2.2151853e-06;4.185605e-06;3.781317e-05;1.2163849e-06;1.3110712e-06;3.5566412e-05;1.0;1.0;2577.9617;25
597634184;597445659;0.99506754;-0.01076146;0.0010114873;0.09860941;-99.40633;42.334618;0.3354663;0.0;0.0;0.032807197;0.0059160446;0.0025890914;-8.092366e-05;0.28300557;-0.035774115;-0.016304106;0.25955912;-0.00027011227;-0.17680803;0.15727805;-0.0068531055;-0.16911098;0.0;0.0;-1.147484;9.379289e-05;0.00028999653;0.0002799896;73.529655;82.301254;0.0111003155;523616.62;953397.4;0.24781898;7.2002615e-07;5.380639e-07;3.7731826e-07;0.0006679167;0.0009148952;1.6725504e-05;2.2146755e-06;4.1833123e-06;3.7807833e-05;1.2119802e-06;1.3082187e-06;3.555838e-05;1.0;1.0;2592.6843;25
598128912;597940425;0.99356097;-0.011189683;0.051049445;0.10052601;-99.29546;42.232628;0.32220548;0.0;0.0;-0.0017157224;0.0058989087;0.0025935138;-7.773938e-05;0.28335395;-0.03640623;-0.016216708;0.25964335;-0.00027046681;-0.17680246;0.15732676;-0.006837709;-0.1690954;0.0;0.0;-1.147484;9.787806e-05;0.0002918625;0.0002797686;73.796524;82.390625;0.010773544;529055.94;961475.44;0.24648482;7.230421e-07;5.4076355e-07;3.772035e-07;0.00066787435;0.0009146831;1.6760352e-05;2.215004e-06;4.1809344e-06;3.7797636e-05;1.2077518e-06;1.3056308e-06;3.5546953e-05;1.0;1.0;2607.0845;25
598633883;598445086;0.9835122;-0.005670043;0.15434635;0.09406866;-99.093346;42.10406;0.29742262;0.0;0.0;-0.056676816;0.0058890544;0.0026089828;-6.840512e-05;0.2836882;-0.037018906;-0.016106095;0.25972065;-0.00027082177;-0.17678462;0.15737669;-0.0068172263;-0.16909328;0.0;0.0;-1.147484;0.000102222686;0.00029296533;0.00027973924;74.039795;82.4869;0.010389701;534560.94;969730.2;0.24114946;7.258634e-07;5.433758e-07;3.772118e-07;0.00066779857;0.00091438595;1.679204e-05;2.2152467e-06;4.1786657e-06;3.770983e-05;1.203615e-06;1.3031641e-06;3.546373e-05;1.0;1.0;2621.7432;25
599138274;598949748;0.9941318;0.011340671;0.05217682;0.09407959;-99.180176;41.962353;0.27081853;0.0;0.0;-0.09724735;0.0058635008;0.0025958463;-7.394081e-05;0.28388336;-0.03760638;-0.01599883;0.25978792;-0.00027080937;-0.17662466;0.15741292;-0.0068177297;-0.16923292;0.0;0.0;-1.147484;0.000107006555;0.00029406266;0.00028071986;74.29231;82.598526;0.010100957;540113.0;978048.0;0.23610492;7.287917e-07;5.4620045e-07;3.779098e-07;0.00066775235;0.00091409276;1.682122e-05;2.2156155e-06;4.177443e-06;3.76651e-05;1.2003499e-06;1.3014117e-06;3.54162e-05;1.0;1.0;2636.3323;25
599633020;599444515;0.99464023;0.002783044;0.03250209;0.0981163;-99.23009;41.830914;0.23094669;0.0;0.0;-0.10916013;0.005842526;0.0025728743;-7.766306e-05;0.28412053;-0.038269542;-0.015902778;0.25986126;-0.00027075523;-0.17652334;0.1574528;-0.0068177353;-0.16931342;0.0;0.0;-1.147484;0.00011207832;0.0002946949;0.00028077132;74.52681;82.71451;0.009931572;545583.5;986180.4;0.23515376;7.310885e-07;5.487833e-07;3.7786384e-07;0.00066769513;0.0009137498;1.6848053e-05;2.2154493e-06;4.175098e-06;3.7647485e-05;1.1966812e-06;1.2996173e-06;3.5396435e-05;1.0;1.0;2650.6384;25
600127999;599939281;0.99392647;-0.010415119;-0.039067313;0.10234983;-99.26283;41.675503;0.20992298;0.0;0.0;-0.14173104;0.0058162143;0.0025417102;-8.695161e-05;0.2843189;-0.038973063;-0.015789747;0.25993538;-0.00027058358;-0.17636357;0.15749;-0.006824817;-0.16945106;0.0;0.0;-1.147484;0.000117218275;0.00029422456;0.00028088014;74.724174;82.829895;0.009685811;551003.1;994309.94;0.22997527;7.327409e-07;5.5117675e-07;3.7784807e-07;0.0006676194;0.00091331283;1.6868977e-05;2.214795e-06;4.1727644e-06;3.7619815e-05;1.1931443e-06;1.2979643e-06;3.5365963e-05;1.0;1.0;2664.9287;25
600632691;600443943;0.994241;-0.023257213;-0.032743774;0.09935728;-99.11152;41.523582;0.24884905;0.0;0.0;-0.18297186;0.0057967217;0.0025257133;-9.282289e-05;0.28449816;-0.03956784;-0.015662454;0.25999773;-0.00027065675;-0.17635545;0.15752038;-0.006822298;-0.16944814;0.0;0.0;-1.147484;0.00012261701;0.00029364513;0.00028217174;74.653564;76.22823;0.009475383;554873.44;911521.75;0.22583474;7.329676e-07;5.537745e-07;3.7851314e-07;0.000666433;0.00090805144;1.6883478e-05;2.2111394e-06;4.1715334e-06;3.760675e-05;1.1900783e-06;1.2967478e-06;3.5357883e-05;1.0;1.0;2679.4944;25
601137100;600948604;0.99532014;0.0025762047;0.011783484;0.09587719;-99.12304;41.38437;0.250973;0.0;0.0;-0.20298894;0.005768613;0.0024882003;-0.000101941136;0.28465438;-0.04020677;-0.015552422;0.26006377;-0.00027045928;-0.1762679;0.1575536;-0.006828461;-0.16952589;0.0;0.0;-1.147484;0.00012846298;0.00029313503;0.00028264325;74.863;76.36512;0.009423057;560486.0;919137.5;0.22616692;7.3405664e-07;5.562702e-07;3.78677e-07;0.00066635746;0.00090759824;1.6900594e-05;2.2108022e-06;4.1693183e-06;3.7589416e-05;1.1868112e-06;1.2954555e-06;3.5338868e-05;1.0;1.0;2694.0461;25
601631836;601443371;0.9945637;0.014361459;0.037452377;0.096094914;-99.21053;41.25567;0.20497896;0.0;0.0;-0.24439491;0.0057352195;0.002443842;-0.00011569685;0.28483155;-0.04097537;-0.015418422;0.26013744;-0.00027020663;-0.17613855;0.15758651;-0.006837805;-0.16963512;0.0;0.0;-1.147484;0.00013444912;0.00029274725;0.00028305146;75.07333;76.51053;0.009313684;566026.4;926624.0;0.22195508;7.3482204e-07;5.586011e-07;3.787736e-07;0.0006662864;0.00090711896;1.6910028e-05;2.2103543e-06;4.167017e-06;3.7574762e-05;1.1837087e-06;1.2943058e-06;3.532138e-05;1.0;1.0;2708.3052;25
602136443;601948032;0.995;0.0012086414;0.011658173;0.099185444;-99.23099;41.10869;0.17265315;0.0;0.0;-0.29098433;0.0057051578;0.0024062132;-0.00013032697;0.28496942;-0.041663226;-0.015273614;0.26020056;-0.000270019;-0.17604943;0.1576123;-0.0068454705;-0.16970925;0.0;0.0;-1.147484;0.00014120403;0.00029419767;0.0002846452;75.345474;76.68517;0.009250439;571856.75;934366.8;0.21874996;7.3664114e-07;5.614267e-07;3.7968098e-07;0.00066625344;0.00090673147;1.691754e-05;2.2111515e-06;4.1658477e-06;3.7569094e-05;1.1811582e-06;1.2934534e-06;3.5311914e-05;1.0;1.0;2722.8372;25
602631393;602442799;0.9949;-0.0065847402;-0.0026586605;0.10061572;-99.29466;40.987408;0.17897707;0.0;0.0;-0.30719593;0.0056691803;0.0023542945;-0.00014529412;0.2850868;-0.042291198;-0.015160859;0.2602622;-0.00026975572;-0.17600341;0.1576404;-0.006854366;-0.16975209;0.0;0.0;-1.147484;0.00014782352;0.0002945318;0.0002852869;75.579544;76.84983;0.009301719;577552.3;941916.25;0.21910296;7.3715637e-07;5.6375006e-07;3.7985046e-07;0.000666194;0.00090628286;1.6922628e-05;2.2111913e-06;4.1635653e-06;3.7567857e-05;1.1782482e-06;1.2925697e-06;3.5307952e-05;1.0;1.0;2737.0796;25
603135809;602947463;0.994902;-0.0064280764;-0.004695668;0.100532085;-99.365166;40.8272;0.16527326;0.0;0.0;-0.3476628;0.0056290873;0.002298747;-0.00016413881;0.28520182;-0.042992543;-0.015022192;0.26032746;-0.00026943348;-0.17591888;0.15766741;-0.006865507;-0.16982941;0.0;0.0;-1.147484;0.00015524364;0.0002965134;0.00028616484;75.864914;77.04313;0.009320639;583516.56;949693.56;0.21650779;7.384508e-07;5.6623696e-07;3.8015145e-07;0.00066616683;0.00090587814;1.6920827e-05;2.2117738e-06;4.1613916e-06;3.756759e-05;1.1754983e-06;1.2918364e-06;3.5302553e-05;1.0;1.0;2751.6104;25
603630547;603442226;0.99470294;-0.0066155316;-0.0050403005;0.10245483;-99.38672;40.676033;0.14743632;0.0;0.0;-0.39703482;0.005590194;0.0022499645;-0.0001814472;0.28529483;-0.043649517;-0.01486932;0.26038107;-0.0002691536;-0.17585905;0.15768693;-0.00687485;-0.16988005;0.0;0.0;-1.147484;0.00016282678;0.00029865632;0.0002878919;76.15952;77.24688;0.009370013;589430.7;957382.5;0.21362959;7.399275e-07;5.6889746e-07;3.810546e-07;0.00066614663;0.000905494;1.6912716e-05;2.2129052e-06;4.160151e-06;3.7568898e-05;1.1732196e-06;1.2912844e-06;3.529905e-05;1.0;1.0;2765.857;25
604135460;603946888;0.9950715;-0.010628761;-0.0049712732;0.09846444;-99.48618;40.551895;0.15284671;0.0;0.0;-0.41878018;0.0055396543;0.0021855598;-0.00020087545;0.28537995;-0.04428314;-0.014749307;0.26043996;-0.00026878167;-0.17580372;0.157711;-0.006886457;-0.1699358;0.0;0.0;-1.147484;0.00017069562;0.00030046384;0.0002889752;76.44951;77.45456;0.0095576905;595493.94;965209.8;0.21545018;7.406031e-07;5.712296e-07;3.8143128e-07;0.0006661152;0.00090509065;1.6905544e-05;2.2136164e-06;4.157996e-06;3.757014e-05;1.1706421e-06;1.2907076e-06;3.5295274e-05;1.0;1.0;2780.3872;25
604630073;604441654;0.9952496;-0.006663054;0.004580595;0.09702043;-99.60042;40.412544;0.15839249;0.0;0.0;-0.45812345;0.0054885987;0.002116973;-0.0002200857;0.28546512;-0.04495477;-0.014613654;0.26049975;-0.00026841427;-0.17574896;0.15773578;-0.0068970323;-0.16999073;0.0;0.0;-1.147484;0.00017886907;0.00030285303;0.0002900315;76.75181;77.67173;0.009690004;601527.25;972925.0;0.21320596;7.4146215e-07;5.734461e-07;3.8174989e-07;0.00066609547;0.00090468745;1.6886006e-05;2.2144586e-06;4.1557532e-06;3.7571706e-05;1.1681853e-06;1.2902134e-06;3.529121e-05;1.0;1.0;2794.646;25
605135083;604946315;0.99494016;-0.008141827;-0.005733279;0.09997507;-99.73981;40.274498;0.13973345;0.0;0.0;-0.49551973;0.0054303883;0.0020437818;-0.00024221283;0.2855296;-0.04561372;-0.014477925;0.26055545;-0.00026798213;-0.17568183;0.15775666;-0.0069091795;-0.170057;0.0;0.0;-1.147484;0.00018731481;0.0003049534;0.00029129986;77.05952;77.89846;0.009875472;607712.1;980813.9;0.21195622;7.419116e-07;5.756393e-07;3.8219525e-07;0.0006660708;0.00090426847;1.686058e-05;2.2153301e-06;4.153618e-06;3.7572194e-05;1.1658173e-06;1.2897907e-06;3.52857e-05;1.0;1.0;2809.197;25
605629400;605441082;0.9943292;-0.002154673;-0.0013932061;0.10631507;-99.797264;40.102818;0.13269466;0.0;0.0;-0.52896154;0.00538281;0.0019843255;-0.00026322284;0.28558022;-0.046147507;-0.014354264;0.26060182;-0.00026763673;-0.17564501;0.15777384;-0.0069194664;-0.1700989;0.0;0.0;-1.147484;0.0001961631;0.0003080258;0.0002933774;77.39382;78.143166;0.010205088;613897.7;988642.4;0.21411642;7.4333775e-07;5.7814896e-07;3.8322196e-07;0.0006660688;0.00090393744;1.683721e-05;2.2169752e-06;4.1524104e-06;3.757459e-05;1.163848e-06;1.289518e-06;3.5281995e-05;1.0;1.0;2823.4802;25
606134793;605945743;0.99386406;-0.0069506294;-0.011430416;0.109797254;-99.96489;40.022434;0.13990487;0.0;0.0;-0.5716732;0.005307008;0.0019092042;-0.000285086;0.28557962;-0.046697762;-0.014207363;0.26064718;-0.00026722258;-0.1756356;0.15779069;-0.0069305534;-0.17012617;0.0;0.0;-1.147484;0.00020427842;0.00030864697;0.00029471866;77.66564;78.356575;0.010499822;620078.44;996522.56;0.21357575;7.421011e-07;5.8004446e-07;3.836886e-07;0.0006660166;0.0009034564;1.67979e-05;2.2175634e-06;4.150293e-06;3.7574944e-05;1.1615597e-06;1.2892405e-06;3.527824e-05;1.0;1.0;2838.0613;25
606638759;606450404;0.9940108;-0.0064547034;-0.004920375;0.108980164;-100.0;39.9162;0.12642029;0.0;0.0;-0.61060625;0.0052331635;0.0018379614;-0.00031127076;0.2855969;-0.047222342;-0.014075445;0.26069432;-0.0002667955;-0.1756146;0.15780711;-0.0069427583;-0.17016429;0.0;0.0;-1.147484;0.00021256665;0.00031003103;0.00029617717;77.71559;72.359024;0.010844459;624618.5;913156.75;0.21342696;7.403006e-07;5.818948e-07;3.841506e-07;0.0006650527;0.0008987864;1.674852e-05;2.215179e-06;4.1481544e-06;3.757185e-05;1.1593041e-06;1.2890049e-06;3.5273668e-05;1.0;1.0;2852.6643;25
607133737;606945170;0.99364936;-0.004328403;0.00080450176;0.11243505;-99.98515;39.799072;0.1266811;0.0;0.0;-0.63471514;0.0051654084;0.0017740245;-0.000335646;0.2855915;-0.04762891;-0.013970445;0.2607344;-0.0002664124;-0.17559478;0.15782164;-0.0069539943;-0.17020585;0.0;0.0;-1.147484;0.00022116599;0.000311736;0.00029838903;78.01971;72.59195;0.011301866;630828.3;920316.0;0.21677367;7.400476e-07;5.841083e-07;3.8523214e-07;0.00066503003;0.00089841353;1.670737e-05;2.2165448e-06;4.1469693e-06;3.7572794e-05;1.1574818e-06;1.2888444e-06;3.526947e-05;1.0;1.0;2866.9697;25
607628401;607439936;0.9938238;0.0014120729;-0.0038720681;0.110892564;-99.99286;39.686295;0.13904367;0.0;0.0;-0.65388745;0.0050858725;0.0016994053;-0.0003629036;0.28559747;-0.048068997;-0.013878568;0.26077983;-0.00026599993;-0.17558934;0.15783764;-0.006964991;-0.17023197;0.0;0.0;-1.147484;0.0002297381;0.000313331;0.00029982365;78.313934;72.81234;0.01169814;637069.75;927447.5;0.21670091;7.3904255e-07;5.858564e-07;3.8569794e-07;0.00066500413;0.0008980039;1.664999e-05;2.2174538e-06;4.14478e-06;3.7573765e-05;1.1554115e-06;1.2887022e-06;3.526558e-05;1.0;1.0;2881.2644;25
608133177;607944597;0.99478173;-0.0011883571;-0.0016228714;0.10200668;-100.00315;39.580265;0.13803561;0.0;0.0;-0.68261015;0.0049975407;0.001621649;-0.00038944284;0.28559566;-0.048520565;-0.013772661;0.26082543;-0.0002656205;-0.17559704;0.157855;-0.0069737374;-0.17024949;0.0;0.0;-1.147484;0.00023823639;0.00031449753;0.00030140454;78.605286;73.02579;0.012194564;643441.75;934720.94;0.21769865;7.3737476e-07;5.875928e-07;3.8625953e-07;0.00066497334;0.00089759205;1.6587644e-05;2.2183197e-06;4.142698e-06;3.7573507e-05;1.1534162e-06;1.2886024e-06;3.5261175e-05;1.0;1.0;2895.8328;25
608637862;608449259;0.9947536;0.047245856;-0.0015513035;0.090724304;-99.98896;39.4295;0.13947648;0.0;0.0;-0.70473796;0.00492464;0.0015520445;-0.00040618444;0.28559014;-0.04890689;-0.013672337;0.2608593;-0.00026538645;-0.17565714;0.15787059;-0.006974705;-0.17021216;0.0;0.0;-1.147484;0.00024692048;0.00031603576;0.0003037369;78.91253;73.24218;0.012731722;649871.06;942048.3;0.21908133;7.362446e-07;5.8975684e-07;3.874075e-07;0.00066495547;0.0008972378;1.652096e-05;2.2197662e-06;4.1416324e-06;3.7561127e-05;1.1517901e-06;1.2885874e-06;3.5246412e-05;1.0;1.0;2910.3918;25
609132539;608944025;0.99500036;-0.034461726;-0.016893255;0.0922031;-99.99699;39.33581;0.1477421;0.0;0.0;-0.73357415;0.004820517;0.0014615004;-0.00042802066;0.2855514;-0.04932317;-0.013584902;0.26089668;-0.0002650807;-0.17569414;0.15788585;-0.006977413;-0.17019768;0.0;0.0;-1.147484;0.00025494624;0.00031680963;0.00030511626;79.1864;73.43161;0.013395351;656149.94;949180.3;0.22410488;7.336311e-07;5.912867e-07;3.8783887e-07;0.00066492293;0.00089688716;1.6461563e-05;2.2204017e-06;4.1394687e-06;3.754046e-05;1.1499536e-06;1.2885408e-06;3.5223482e-05;1.0;1.0;2924.6516;25
609637170;609448686;0.9917657;-0.08249953;-0.0060754516;0.097764075;-99.98979;39.25349;0.12962483;0.0;0.0;-0.77982;0.0047174087;0.0013555958;-0.00046048054;0.28545916;-0.049756657;-0.01351314;0.26094234;-0.00026423714;-0.17540972;0.15789868;-0.0070057604;-0.17049873;0.0;0.0;-1.147484;0.00026332797;0.000318213;0.00030702347;79.48435;73.61568;0.013950243;662643.6;956454.4;0.22621496;7.3147675e-07;5.9292125e-07;3.8860912e-07;0.00066489296;0.0008965575;1.638817e-05;2.2211666e-06;4.137411e-06;3.7483223e-05;1.1481317e-06;1.2881515e-06;3.515767e-05;1.0;1.0;2939.1936;25
610132066;609943452;0.98219794;-0.14494908;-0.020629536;0.11769289;-99.979225;39.117283;0.15049407;0.0;0.0;-0.7944688;0.004620608;0.0012616373;-0.00049324427;0.2853187;-0.050036076;-0.013494462;0.2609847;-0.00026322587;-0.17501515;0.15790842;-0.0070394115;-0.1709115;0.0;0.0;-1.147484;0.00027144057;0.00031966323;0.0003096207;79.77754;73.79698;0.014684049;669047.7;963631.56;0.23223056;7.2961546e-07;5.9486644e-07;3.8993923e-07;0.0006648651;0.00089627324;1.6325084e-05;2.2222862e-06;4.136269e-06;3.7390237e-05;1.1465893e-06;1.2877019e-06;3.5055775e-05;1.0;1.0;2953.4353;25
610636432;610448113;0.9896555;-0.040660456;-0.012879114;0.13697785;-99.98452;39.10658;0.1449785;0.0;0.0;-0.81530476;0.004519751;0.0011495538;-0.00053318316;0.28511003;-0.050327208;-0.013517304;0.2610388;-0.0002614946;-0.17427981;0.15791553;-0.007097488;-0.1716578;0.0;0.0;-1.147484;0.0002788065;0.00032060457;0.00031157176;80.0565;73.94174;0.014992144;675554.25;970878.44;0.23497699;7.263697e-07;5.9637944e-07;3.908903e-07;0.00066481426;0.000895916;1.6247785e-05;2.2227287e-06;4.134228e-06;3.7172158e-05;1.1447786e-06;1.2868676e-06;3.4826033e-05;1.0;1.0;2967.9531;25
611131343;610942878;0.9910886;0.014801194;-0.0033918729;0.13233587;-99.9971;38.78247;0.15441449;0.0;0.0;-0.8197265;0.004425509;0.0010791876;-0.00057077775;0.28508165;-0.05053645;-0.013509548;0.26107842;-0.00026118022;-0.17436367;0.15792672;-0.0071017286;-0.17160293;0.0;0.0;-1.147484;0.00028485633;0.00032108865;0.00031280532;80.29997;74.0427;0.016030878;681920.6;977971.5;0.23713975;7.2170155e-07;5.977274e-07;3.913158e-07;0.00066478574;0.00089552085;1.6168686e-05;2.2232696e-06;4.132098e-06;3.7155114e-05;1.1430284e-06;1.2868726e-06;3.480787e-05;1.0;1.0;2982.1587;25
611636637;611447539;0.99302846;-0.0027681522;-0.0065885247;0.11765791;-100.046524;38.723003;0.14771657;0.0;0.0;-0.8452616;0.0042991135;0.0010038827;-0.00060419535;0.2850039;-0.050757132;-0.013473056;0.2611098;-0.0002609162;-0.17447951;0.15793583;-0.007101671;-0.17152333;0.0;0.0;-1.147484;0.00028976516;0.00032060535;0.00031404;80.527626;74.106926;0.016731486;688378.44;985181.94;0.24035907;7.154389e-07;5.9905864e-07;3.9176876e-07;0.0006647444;0.0008950542;1.6090875e-05;2.223614e-06;4.130074e-06;3.7141686e-05;1.1413273e-06;1.286895e-06;3.4794833e-05;1.0;1.0;2996.6406;25
612131049;611942305;0.99331826;-0.0029153842;-0.0018666657;0.11535543;-99.986336;38.629242;0.1712536;0.0;0.0;-0.8550272;0.0041938964;0.00093271607;-0.0006322767;0.2849273;-0.05093659;-0.013463224;0.26113886;-0.00026067646;-0.17454772;0.1579462;-0.007101758;-0.17148547;0.0;0.0;-1.147484;0.00029444258;0.00032028795;0.00031593372;80.758514;74.17115;0.017455123;694763.1;992314.94;0.24768138;7.096448e-07;6.0076616e-07;3.9272982e-07;0.0006647095;0.00089462113;1.6027625e-05;2.2243532e-06;4.12896e-06;3.7133195e-05;1.1399203e-06;1.286922e-06;3.4786226e-05;1.0;1.0;3010.835;25
612635287;612446966;0.9934548;-0.0029098992;-0.009878357;0.1137609;-99.99568;38.501305;0.16558482;0.0;0.0;-0.8716661;0.0040757703;0.00084844447;-0.00066241424;0.28485098;-0.051146932;-0.013468384;0.26117396;-0.00026044346;-0.17463483;0.1579591;-0.007100143;-0.17142862;0.0;0.0;-1.147484;0.00029797608;0.00031971355;0.00031698568;80.97893;74.178185;0.018134931;701271.2;999519.9;0.25105503;7.0225695e-07;6.020697e-07;3.9310663e-07;0.0006646704;0.000894133;1.5955307e-05;2.2246115e-06;4.126951e-06;3.7121932e-05;1.1383165e-06;1.2869508e-06;3.4775538e-05;1.0;1.0;3025.3015;25
613130514;612941732;0.9941001;0.00038315958;-0.0060565793;0.10829781;-100.02807;38.353012;0.18207364;0.0;0.0;-0.8828481;0.003961524;0.00076292787;-0.0006922938;0.2847903;-0.051353965;-0.013497378;0.26121318;-0.00026021976;-0.17470488;0.15797403;-0.00709807;-0.17138402;0.0;0.0;-1.147484;0.00030022272;0.0003190437;0.00031775935;80.97495;68.44654;0.018649738;705945.94;915125.8;0.25331724;6.936455e-07;6.03196e-07;3.9332207e-07;0.0006638611;0.00088990206;1.5884056e-05;2.2220602e-06;4.1248286e-06;3.710809e-05;1.1367335e-06;1.286975e-06;3.4765293e-05;1.0;1.0;3039.4714;25
613634971;613446392;0.9941881;-0.0023516687;-0.0014457641;0.10762228;-99.9861;38.12994;0.20590656;0.0;0.0;-0.8837171;0.0038691692;0.0006902771;-0.00071758183;0.28475758;-0.051570725;-0.0135101285;0.2612479;-0.00026004712;-0.17476156;0.15798785;-0.007096034;-0.17134799;0.0;0.0;-1.147484;0.00030406122;0.0003198471;0.0003196589;81.2293;68.48107;0.019471044;712617.0;921846.06;0.26223654;6.8777933e-07;6.050746e-07;3.943054e-07;0.0006638496;0.0008895295;1.5834963e-05;2.2231288e-06;4.1238327e-06;3.7101672e-05;1.1354368e-06;1.2870072e-06;3.475858e-05;1.0;1.0;3053.9075;25
614129729;613941158;0.99408853;0.0038974357;-0.0014526563;0.108493745;-100.00242;37.97484;0.21900095;0.0;0.0;-0.87779385;0.0037483622;0.0006079232;-0.00074619544;0.28465244;-0.051626887;-0.013578026;0.26127744;-0.000259923;-0.17487761;0.15799826;-0.007090446;-0.17125781;0.0;0.0;-1.147484;0.00030419562;0.0003182734;0.00032008387;81.40862;68.39247;0.019938927;718989.8;928287.2;0.26414344;6.7777256e-07;6.0615554e-07;3.9436017e-07;0.0006637989;0.00088905805;1.5778864e-05;2.2230456e-06;4.121749e-06;3.7087542e-05;1.1339102e-06;1.287018e-06;3.4747405e-05;1.0;1.0;3068.0422;25
614634344;614445819;0.99421734;0.0049951067;-0.0006549576;0.10726886;-100.00817;37.7178;0.23405439;0.0;0.0;-0.85408473;0.0036439565;0.00052204786;-0.0007796373;0.28458714;-0.05171603;-0.013668863;0.2613153;-0.00025981487;-0.17494746;0.15801139;-0.0070865066;-0.17120239;0.0;0.0;-1.147484;0.0003045269;0.000317592;0.00032061207;81.61089;68.30444;0.02037355;725583.5;934898.8;0.26700887;6.684091e-07;6.0742514e-07;3.9450154e-07;0.0006637639;0.0008886561;1.5731604e-05;2.223197e-06;4.1197713e-06;3.7075733e-05;1.1324425e-06;1.2870337e-06;3.4737226e-05;1.0;1.0;3082.4404;25
615128906;614940584;0.9945974;-0.0006458844;-0.007697586;0.10352017;-99.97841;37.42766;0.25409603;0.0;0.0;-0.81601864;0.0035526413;0.00044728376;-0.00080448;0.28451943;-0.05176585;-0.013751215;0.26134712;-0.00025975102;-0.17502151;0.15802379;-0.007081885;-0.17114475;0.0;0.0;-1.147484;0.00030504112;0.0003172014;0.00032186523;81.82093;68.23969;0.021020345;732116.06;941452.44;0.27462256;6.6009596e-07;6.0909036e-07;3.9515e-07;0.0006637345;0.0008883323;1.5700381e-05;2.223838e-06;4.1186972e-06;3.70668e-05;1.1311937e-06;1.2870485e-06;3.4730005e-05;1.0;1.0;3096.5317;25
615633790;615445245;0.9915298;-0.001681403;0.07955502;0.102648996;-99.9494;37.188213;0.2638196;0.0;0.0;-0.7911622;0.0034505324;0.00037403364;-0.00083292124;0.28446978;-0.05183808;-0.013825247;0.26138207;-0.00025971181;-0.1751236;0.15803628;-0.00707614;-0.17105977;0.0;0.0;-1.147484;0.0003039793;0.0003167031;0.00032232632;82.02067;68.111305;0.021308092;738778.5;948074.3;0.27699184;6.5031304e-07;6.1035723e-07;3.9519645e-07;0.00066369603;0.0008880101;1.5668313e-05;2.224105e-06;4.1167345e-06;3.7046808e-05;1.129693e-06;1.2870433e-06;3.4713994e-05;1.0;1.0;3110.88;25
616138375;615949906;0.97230375;-0.013386679;0.21713099;0.08544156;-99.84739;36.938545;0.34372145;0.0;0.0;-0.72624254;0.0033808092;0.0003590363;-0.0008244703;0.28435963;-0.051769312;-0.013795706;0.26137426;-0.0002593728;-0.17522052;0.1580409;-0.0070715593;-0.17099988;0.0;0.0;-1.147484;0.0003018167;0.0003166081;0.00032326122;82.21982;67.96443;0.021653323;745473.8;954706.8;0.27910244;6.4077494e-07;6.1160716e-07;3.9520103e-07;0.0006636159;0.00088772405;1.5644491e-05;2.2250852e-06;4.114778e-06;3.682605e-05;1.1277258e-06;1.2867445e-06;3.4512705e-05;1.0;1.0;3125.1921;25
616633004;616444671;0.99448335;-0.000826844;-0.06315293;0.083749056;-99.935585;36.687885;0.37781915;0.0;0.0;-0.63676524;0.0032959713;0.00029886526;-0.0008104796;0.2841024;-0.051631697;-0.013824881;0.261362;-0.0002587658;-0.17516005;0.15804458;-0.0070722667;-0.17109434;0.0;0.0;-1.147484;0.00029949375;0.00031583075;0.00032444735;82.413414;67.8408;0.022146238;752029.44;961268.56;0.286362;6.3166897e-07;6.131864e-07;3.9559959e-07;0.00066353136;0.0008874693;1.5634057e-05;2.225949e-06;4.113719e-06;3.6613623e-05;1.126154e-06;1.2864118e-06;3.431396e-05;1.0;1.0;3139.1572;25
617127786;616939437;0.9941953;-0.012845667;-0.038058136;0.09981207;-100.0;36.4685;0.39711377;0.0;0.0;-0.59912413;0.0031742665;0.00019456395;-0.00083937676;0.28394145;-0.05165471;-0.013939301;0.26139602;-0.00025858948;-0.17512213;0.15806466;-0.0070663523;-0.17114778;0.0;0.0;-1.147484;0.00029645272;0.0003150758;0.0003240063;82.593124;67.648926;0.022379521;758593.1;967759.94;0.28650945;6.21323e-07;6.143322e-07;3.952259e-07;0.0006634668;0.00088724494;1.5624508e-05;2.2257084e-06;4.1116764e-06;3.6586127e-05;1.1248261e-06;1.2863784e-06;3.428707e-05;1.0;1.0;3153.1497;25
617633204;617444097;0.98787725;0.017199824;0.0064933524;0.15414493;-99.99978;36.29247;0.42316392;0.0;0.0;-0.5653615;0.0030620338;0.00011594306;-0.0008690577;0.2837959;-0.051662605;-0.014001754;0.26142555;-0.00025851457;-0.17516522;0.15807876;-0.0070631634;-0.17113213;0.0;0.0;-1.147484;0.00029378862;0.00031530455;0.00032377118;82.79275;67.47178;0.022557128;765396.3;974427.6;0.2875834;6.119127e-07;6.1565555e-07;3.9496132e-07;0.00066339463;0.00088707166;1.5623633e-05;2.2259376e-06;4.109739e-06;3.6562196e-05;1.123523e-06;1.2863179e-06;3.4264205e-05;1.0;1.0;3167.4067;25
618137682;617948758;0.9572849;0.017701514;-0.005017504;0.28856045;-99.99192;36.114338;0.40296173;0.0;0.0;-0.4885696;0.0029405784;6.413506e-05;-0.0009138984;0.28366518;-0.051545825;-0.014096089;0.2614712;-0.00025842903;-0.17513214;0.15808256;-0.0070713083;-0.17119695;0.0;0.0;-1.147484;0.00029080932;0.0003146165;0.00032344958;82.971855;67.33496;0.022837793;772206.5;981159.3;0.29517975;6.0275795e-07;6.168695e-07;3.9472113e-07;0.00066330226;0.00088685896;1.563134e-05;2.2260217e-06;4.107809e-06;3.653492e-05;1.1222825e-06;1.2858387e-06;3.423477e-05;1.0;1.0;3181.6497;25
618632058;618443524;0.8670392;0.0015312167;-0.04998512;0.4957238;-99.79887;36.11224;0.46905404;0.0;0.0;-0.41298157;0.002797677;7.1095936e-05;-0.000977308;0.28334486;-0.050993748;-0.01415388;0.2614896;-0.0002585904;-0.17527467;0.15804146;-0.0070530754;-0.1711115;0.0;0.0;-1.147484;0.0002841938;0.00031293547;0.0003233734;83.10051;67.128876;0.02306746;778859.56;987718.25;0.2944215;5.9262965e-07;6.18432e-07;3.948112e-07;0.0006631812;0.00088663824;1.5640288e-05;2.226455e-06;4.1067756e-06;3.6515405e-05;1.1209457e-06;1.2842511e-06;3.42159e-05;1.0;1.0;3195.5735;25
619136798;618948184;0.67965496;-0.006463134;0.025587961;0.7330571;-99.50225;36.16418;0.45827532;0.0;0.0;-0.3738308;0.0026098173;9.120693e-05;-0.0011094684;0.28278968;-0.05001696;-0.01426995;0.2615678;-0.00025921574;-0.17557855;0.15792398;-0.0069633694;-0.17088415;0.0;0.0;-1.147484;0.00027401018;0.00031040813;0.00032189157;83.24523;66.94567;0.023727207;785697.0;994450.56;0.2949875;5.830951e-07;6.198168e-07;3.940919e-07;0.0006630603;0.000886408;1.5654292e-05;2.2258905e-06;4.1048615e-06;3.6468726e-05;1.118469e-06;1.2782036e-06;3.416686e-05;1.0;1.0;3209.7292;25
619631718;619442949;0.49861506;0.02714465;-0.039498657;0.8654975;-99.28744;36.00434;0.40791643;0.0;0.0;-0.34864935;0.0024270664;5.515715e-05;-0.0012497213;0.2821965;-0.04913854;-0.014472801;0.26169732;-0.0002598506;-0.17601417;0.15774591;-0.0068240594;-0.17047468;0.0;0.0;-1.147484;0.00026157673;0.00030726672;0.00031978116;83.274956;61.73532;0.02475134;790897.3;910157.5;0.3017473;5.754203e-07;6.215299e-07;3.9294696e-07;0.00066234526;0.0008829402;1.5672227e-05;2.2222082e-06;4.1028434e-06;3.63932e-05;1.1146846e-06;1.2669841e-06;3.4087716e-05;1.0;1.0;3223.5447;25
620136075;619947610;0.3741645;0.0029032708;-0.023796566;0.92705244;-99.0917;35.941105;0.4426785;0.0;0.0;-0.36734483;0.0022563317;-3.5285038e-06;-0.0013547199;0.28144783;-0.048211075;-0.014694903;0.26180083;-0.0002598054;-0.17610921;0.15758121;-0.0066781784;-0.17039108;0.0;0.0;-1.147484;0.0002454496;0.00030229747;0.0003184103;83.47214;61.56551;0.024835821;797747.44;916435.4;0.30261448;5.6685684e-07;6.2414165e-07;3.9237676e-07;0.0006622307;0.0008827213;1.5695095e-05;2.2203012e-06;4.101935e-06;3.637791e-05;1.1107306e-06;1.2565259e-06;3.4070817e-05;1.0;1.0;3237.5608;25
620630887;620442375;0.3705656;-0.0002489109;-0.01178101;0.92873156;-98.94127;35.70073;0.38865086;0.0;0.0;-0.40514305;0.0020872692;-6.780028e-05;-0.0014922352;0.28078645;-0.047302283;-0.014988313;0.2619395;-0.00026015053;-0.17643341;0.15738954;-0.0064835493;-0.17004003;0.0;0.0;-1.147484;0.00023010657;0.0002979104;0.00031554428;83.69643;61.40103;0.024965703;804518.9;922620.56;0.30178422;5.590865e-07;6.269007e-07;3.9086356e-07;0.00066214125;0.00088252185;1.5720934e-05;2.2173465e-06;4.0999576e-06;3.6342728e-05;1.1061039e-06;1.2435461e-06;3.4032146e-05;1.0;1.0;3251.2507;25
621135658;620947035;0.422844;0.0068728225;-0.014554438;0.9060596;-98.738335;35.451317;0.36590844;0.0;0.0;-0.4334543;0.0019425709;-9.9996214e-05;-0.0016207069;0.28025633;-0.046477143;-0.015244519;0.26206708;-0.0002602973;-0.17669831;0.15722361;-0.006318963;-0.16975442;0.0;0.0;-1.147484;0.00021763178;0.00029429808;0.00031324255;83.93898;61.29496;0.025296625;811553.6;929040.06;0.3095063;5.5327524e-07;6.301987e-07;3.896604e-07;0.0006620729;0.000882334;1.5751883e-05;2.214898e-06;4.098091e-06;3.6312842e-05;1.1020111e-06;1.2320119e-06;3.3997843e-05;1.0;1.0;3265.1565;25
621630289;621441800;0.52438647;0.003031565;-0.009493779;0.85142213;-98.60318;35.30526;0.34477335;0.0;0.0;-0.47870642;0.0018054771;-0.000101107114;-0.0017227132;0.2797757;-0.045568224;-0.015466747;0.2621514;-0.00026030073;-0.17693533;0.15709858;-0.006205667;-0.16953352;0.0;0.0;-1.147484;0.00020568848;0.00028940782;0.00031162766;84.10748;61.12674;0.024975253;818333.9;935312.7;0.30751997;5.4625554e-07;6.336915e-07;3.890899e-07;0.0006619838;0.00088206475;1.5782507e-05;2.2131242e-06;4.0971145e-06;3.6289126e-05;1.0991907e-06;1.2238753e-06;3.397199e-05;1.0;1.0;3278.727;25
622134806;621946461;0.6601794;0.0027965964;-0.004398467;0.75108993;-98.2985;35.17539;0.32730535;0.0;0.0;-0.49707234;0.0016920622;-6.795332e-05;-0.0018570547;0.27938887;-0.04468471;-0.015640266;0.2622584;-0.00026012686;-0.1771439;0.15697096;-0.0061161756;-0.16936618;0.0;0.0;-1.147484;0.00019731044;0.00028593437;0.00030963845;84.280594;60.98217;0.024551744;825396.06;941767.56;0.306387;5.404099e-07;6.3727487e-07;3.8817282e-07;0.000661914;0.0008818137;1.58164e-05;2.2117317e-06;4.0952687e-06;3.6273002e-05;1.0968877e-06;1.2170221e-06;3.395262e-05;1.0;1.0;3292.502;25
622629618;622441226;0.79762274;0.0014781437;-0.0056649363;0.6031283;-97.92955;35.117355;0.33222628;0.0;0.0;-0.4895456;0.0016004462;-8.98781e-06;-0.0019817476;0.27912357;-0.043892965;-0.015734494;0.26233125;-0.00025982907;-0.17731465;0.15688774;-0.0060776016;-0.16926506;0.0;0.0;-1.147484;0.00019294949;0.00028312966;0.00030827653;84.43295;60.88131;0.02432136;832413.1;948174.1;0.31103522;5.3610813e-07;6.4071844e-07;3.8750213e-07;0.0006618534;0.0008815572;1.585084e-05;2.2112708e-06;4.093335e-06;3.6263926e-05;1.095607e-06;1.2131541e-06;3.394078e-05;1.0;1.0;3305.9167;25
623134766;622945886;0.9185178;0.010212306;0.0017417124;0.39524376;-97.64472;35.09292;0.34404817;0.0;0.0;-0.4704745;0.001519953;4.461675e-05;-0.0020686768;0.27897012;-0.043264627;-0.015795391;0.26236638;-0.00025946612;-0.1773941;0.15685885;-0.0060851662;-0.16926199;0.0;0.0;-1.147484;0.0001902257;0.0002803737;0.00030731317;84.572044;60.75305;0.023487559;839591.56;954713.06;0.30859068;5.315333e-07;6.440998e-07;3.8700225e-07;0.0006617867;0.00088127353;1.588665e-05;2.2113688e-06;4.091507e-06;3.6259546e-05;1.0948386e-06;1.2116939e-06;3.3934233e-05;1.0;1.0;3319.5159;25
623639017;623450546;0.95117646;0.007902312;-0.006963272;0.30846816;-97.45129;34.960617;0.3719731;0.0;0.0;-0.43837887;0.0014562564;5.9282338e-05;-0.0020881144;0.27891284;-0.0429523;-0.015836226;0.26237854;-0.00025923908;-0.17744836;0.15687183;-0.0060972553;-0.16925932;0.0;0.0;-1.147484;0.00018911774;0.0002787371;0.00030755444;84.74921;60.647945;0.022555104;846918.06;961310.1;0.30563816;5.27968e-07;6.4764214e-07;3.872335e-07;0.000661737;0.0008810334;1.592487e-05;2.2123081e-06;4.090658e-06;3.6256995e-05;1.094117e-06;1.2113367e-06;3.393e-05;1.0;1.0;3333.049;25
624133777;623945311;0.9529288;-0.055842005;-0.025175804;0.2969421;-97.27611;34.685043;0.3995461;0.0;0.0;-0.40726212;0.0013838328;6.207148e-05;-0.002094104;0.27886805;-0.042630173;-0.015933279;0.26240128;-0.00025898963;-0.17744474;0.15690097;-0.0061118808;-0.16931792;0.0;0.0;-1.147484;0.00018848237;0.0002761294;0.00030702748;84.88761;60.568947;0.02227556;854009.3;967829.0;0.30815583;5.2525104e-07;6.504648e-07;3.8678854e-07;0.0006616712;0.0008807131;1.595986e-05;2.2123202e-06;4.0887444e-06;3.6248653e-05;1.0932206e-06;1.211024e-06;3.392035e-05;1.0;1.0;3346.2664;25
624628799;624440076;0.9475591;-0.07355186;-0.03309314;0.30923566;-97.24229;34.47725;0.38931298;0.0;0.0;-0.40148994;0.0013024688;4.9210492e-05;-0.0021267745;0.2788392;-0.04243801;-0.016062044;0.2624511;-0.00025827822;-0.17697118;0.15693857;-0.006150352;-0.1698203;0.0;0.0;-1.147484;0.00018811945;0.0002745369;0.00030655143;85.05283;60.487556;0.021182586;861186.94;974354.4;0.30262092;5.227108e-07;6.5322075e-07;3.8647394e-07;0.0006616337;0.00088041497;1.5996575e-05;2.2122106e-06;4.0868385e-06;3.6155856e-05;1.0923814e-06;1.2105163e-06;3.3820645e-05;1.0;1.0;3359.4414;25
625133331;624944736;0.9309196;-0.15883805;-0.055965874;0.32407865;-97.217865;34.256332;0.37538722;0.0;0.0;-0.42575184;0.0012033451;3.288803e-05;-0.0021623264;0.2786776;-0.042124767;-0.016229294;0.26249734;-0.00025700152;-0.17610778;0.15697084;-0.0062068785;-0.17070746;0.0;0.0;-1.147484;0.00018794945;0.0002722343;0.00030705295;85.197815;60.423294;0.020342344;868434.25;981071.3;0.29825163;5.206617e-07;6.55891e-07;3.8700978e-07;0.00066158746;0.00088008656;1.6033227e-05;2.212145e-06;4.0860077e-06;3.593625e-05;1.0917212e-06;1.2098038e-06;3.359541e-05;1.0;1.0;3372.841;25
625628069;625439501;0.90305626;-0.2568415;-0.10399259;0.32818806;-97.142685;33.831696;0.32897088;0.0;0.0;-0.42936295;0.0011061677;-1.3872477e-05;-0.0022141847;0.27839807;-0.04200537;-0.016444746;0.2625736;-0.00025410848;-0.17420338;0.15700401;-0.0063200295;-0.17259273;0.0;0.0;-1.147484;0.00018918555;0.0002712824;0.00030672312;85.38393;60.407486;0.019892547;875625.7;987728.4;0.29983267;5.199038e-07;6.581378e-07;3.8715726e-07;0.0006615541;0.00087984547;1.6070193e-05;2.2115216e-06;4.0841173e-06;3.5364184e-05;1.0910195e-06;1.2083655e-06;3.3016033e-05;1.0;1.0;3385.933;25
626132632;625944162;0.92426777;-0.122957535;-0.0968284;0.34818792;-97.10244;33.49016;0.31743333;0.0;0.0;-0.4567397;0.0010113093;-7.851297e-05;-0.0022560766;0.27808893;-0.042003594;-0.016652599;0.2626454;-0.00025070086;-0.17214441;0.15703449;-0.006442156;-0.17461728;0.0;0.0;-1.147484;0.00019017239;0.0002700854;0.00030634578;85.56995;60.383953;0.019109974;882954.7;994559.8;0.29510155;5.190835e-07;6.6012655e-07;3.875458e-07;0.00066151907;0.0008796443;1.6107746e-05;2.2107272e-06;4.082334e-06;3.4685498e-05;1.0903693e-06;1.206774e-06;3.2332136e-05;1.0;1.0;3399.2336;25
626637177;626448821;0.93568534;0.046102308;-0.0012519432;0.34980872;-96.76007;32.960926;0.34532085;0.0;0.0;-0.41770113;0.0009630572;-7.687594e-05;-0.0022924196;0.27814502;-0.042018738;-0.016703153;0.26268202;-0.0002504507;-0.17207788;0.15705124;-0.0064586736;-0.17471163;0.0;0.0;-1.147484;0.0001918244;0.00026993675;0.00030698275;85.6556;55.79852;0.019206274;889227.3;910443.75;0.29096332;5.189978e-07;6.6243325e-07;3.8818197e-07;0.00066102843;0.000876863;1.614546e-05;2.210185e-06;4.0815135e-06;3.462822e-05;1.0899089e-06;1.2061989e-06;3.226856e-05;1.0;1.0;3412.4521;25
627131910;626943586;0.937944;0.099787645;0.017085578;0.33167997;-96.46825;32.68558;0.37491104;0.0;0.0;-0.3434188;0.00092029484;-6.395178e-05;-0.0023096043;0.27816764;-0.04194601;-0.016750531;0.2626971;-0.00025034856;-0.1721946;0.15706167;-0.006464695;-0.1746289;0.0;0.0;-1.147484;0.00019351019;0.00026919006;0.00030682818;85.846085;55.827538;0.01893406;896769.94;916683.4;0.2927635;5.192151e-07;6.6384376e-07;3.8806405e-07;0.00066099677;0.0008767188;1.6181564e-05;2.210798e-06;4.079646e-06;3.4576748e-05;1.0893515e-06;1.2056164e-06;3.2215343e-05;1.0;1.0;3425.301;25
627636811;627448246;0.9505411;0.0045381305;-0.0035652583;0.3105452;-96.034584;32.252228;0.40428185;0.0;0.0;-0.27650362;0.00087772566;-5.0115537e-05;-0.0022885238;0.27805388;-0.041825235;-0.016782263;0.26268494;-0.00024981727;-0.17217878;0.15706715;-0.0064711226;-0.17468683;0.0;0.0;-1.147484;0.00019481081;0.00026843563;0.00030658994;86.04075;55.85012;0.018966906;904513.2;923081.5;0.28907615;5.193482e-07;6.6514974e-07;3.878987e-07;0.0006609457;0.0008765516;1.6218348e-05;2.2117097e-06;4.0778814e-06;3.4419947e-05;1.0887447e-06;1.2049152e-06;3.2062544e-05;1.0;1.0;3438.2908;25
628131348;627943011;0.9487362;0.018985141;-0.003915574;0.315474;-95.9659;32.013306;0.40922073;0.0;0.0;-0.25333026;0.00080420444;-8.349e-05;-0.0023133135;0.2780742;-0.042036705;-0.0168809;0.26273417;-0.00024912815;-0.17176192;0.15709366;-0.0065032663;-0.17511259;0.0;0.0;-1.147484;0.00019671813;0.00026806464;0.00030766445;86.24793;55.88616;0.018217588;912154.94;929392.4;0.28441387;5.1973126e-07;6.665584e-07;3.8865664e-07;0.0006609428;0.00087638455;1.6254948e-05;2.212464e-06;4.0769887e-06;3.4315875e-05;1.0882101e-06;1.2045036e-06;3.1953547e-05;1.0;1.0;3450.9524;25
628636028;628447671;0.9520533;0.03497745;0.0038834638;0.30390128;-95.611694;31.626307;0.43240526;0.0;0.0;-0.20980208;0.00074524316;-8.436551e-05;-0.0023104597;0.27813947;-0.04219303;-0.016931579;0.26276156;-0.00024895012;-0.17184462;0.15711544;-0.006510475;-0.17506845;0.0;0.0;-1.147484;0.00019901544;0.00026827457;0.00030795552;86.46701;55.93338;0.018259631;920089.7;935863.94;0.28111133;5.204347e-07;6.6753205e-07;3.8870274e-07;0.0006609304;0.0008762111;1.6292555e-05;2.213376e-06;4.075237e-06;3.4291515e-05;1.0876125e-06;1.2041328e-06;3.1925956e-05;1.0;1.0;3463.7786;25
629130778;628942435;0.9529911;0.02082132;-0.0008509241;0.30228096;-95.40965;31.323439;0.4389175;0.0;0.0;-0.16393058;0.00067696086;-9.245359e-05;-0.002304425;0.278187;-0.04229168;-0.01701394;0.2627912;-0.00024876976;-0.17191774;0.15713917;-0.0065170177;-0.17503454;0.0;0.0;-1.147484;0.00020128205;0.00026780926;0.0003081667;86.658195;55.99269;0.018224325;927798.9;942242.25;0.2833174;5.2113586e-07;6.679129e-07;3.8865275e-07;0.0006609039;0.0008759885;1.632722e-05;2.2138865e-06;4.0733944e-06;3.4271434e-05;1.0870101e-06;1.2037984e-06;3.1903714e-05;1.0;1.0;3476.2737;25
629636096;629447095;0.95524853;0.01964294;0.005722893;0.29509625;-95.21094;31.045002;0.4757974;0.0;0.0;-0.11624249;0.00060192216;-9.8716955e-05;-0.0022934226;0.27820644;-0.042309925;-0.017111683;0.26281676;-0.00024860885;-0.17201522;0.15716237;-0.006522543;-0.17498475;0.0;0.0;-1.147484;0.00020300352;0.00026677697;0.00030844347;86.828995;56.039845;0.018022703;935626.25;948770.5;0.2801822;5.2146834e-07;6.679211e-07;3.8862873e-07;0.00066086696;0.00087572803;1.6361293e-05;2.2142876e-06;4.071656e-06;3.4253237e-05;1.0863937e-06;1.2034928e-06;3.1885116e-05;1.0;1.0;3488.9517;25
630130360;629941860;0.9595275;0.012560528;-0.012331789;0.2810644;-95.0222;30.780264;0.48050663;0.0;0.0;-0.060985997;0.00052492187;-0.00010573034;-0.0022850798;0.2782081;-0.042276353;-0.017215554;0.2628356;-0.00024852337;-0.17210466;0.15718223;-0.006525231;-0.17493689;0.0;0.0;-1.147484;0.00020503753;0.00026587452;0.0003095845;86.998726;56.106804;0.018052863;943331.44;955209.3;0.2826573;5.2209367e-07;6.681453e-07;3.891787e-07;0.0006608287;0.0008754859;1.6394528e-05;2.2150107e-06;4.0707855e-06;3.4238477e-05;1.0858413e-06;1.2032687e-06;3.1870466e-05;1.0;1.0;3501.3145;25
630635155;630446520;0.96482915;0.008249334;-0.009224553;0.26258653;-94.828445;30.493315;0.50981915;0.0;0.0;-0.013529135;0.00044418225;-0.00012263739;-0.0022757628;0.2782521;-0.04232431;-0.017316747;0.26286536;-0.00024841435;-0.17219125;0.15720715;-0.006527541;-0.17488977;0.0;0.0;-1.147484;0.00020712866;0.00026545956;0.00030998097;87.18154;56.16897;0.017904915;951271.7;961792.3;0.27984983;5.225894e-07;6.6789113e-07;3.8916207e-07;0.00066079793;0.0008752688;1.6428981e-05;2.2154568e-06;4.0690593e-06;3.4224377e-05;1.0851471e-06;1.2030494e-06;3.185528e-05;1.0;1.0;3513.8591;25
631130136;630941284;0.96981746;0.011528809;-5.7528923e-05;0.24355957;-94.660065;30.19289;0.5275952;0.0;0.0;0.014334179;0.00036486224;-0.0001496776;-0.0022633949;0.27833077;-0.04247908;-0.017398685;0.2628983;-0.00024827875;-0.1722639;0.15723293;-0.006526945;-0.17484781;0.0;0.0;-1.147484;0.00020974164;0.0002660739;0.00031037064;87.3911;56.242237;0.017743144;959205.4;968270.75;0.2762103;5.233484e-07;6.6770656e-07;3.8909337e-07;0.00066078315;0.0008751207;1.646474e-05;2.2160805e-06;4.0672417e-06;3.4213146e-05;1.0843901e-06;1.2028838e-06;3.184162e-05;1.0;1.0;3526.0996;25
631634488;631445944;0.97132355;0.013447664;-0.0029088366;0.2373633;-94.53933;29.878052;0.5231313;0.0;0.0;0.05135743;0.0002816168;-0.00018080103;-0.0022538418;0.27838436;-0.042555336;-0.017489666;0.2629249;-0.00024819968;-0.17231447;0.15725587;-0.00652478;-0.17482267;0.0;0.0;-1.147484;0.0002123977;0.00026659342;0.0003117719;87.60113;56.3278;0.017586289;967313.5;974910.56;0.27385947;5.241617e-07;6.678731e-07;3.897472e-07;0.0006607684;0.0008749835;1.650108e-05;2.217104e-06;4.066485e-06;3.4204808e-05;1.0837152e-06;1.2027746e-06;3.1831267e-05;1.0;1.0;3538.5234;25
632129063;631940709;0.9730999;0.017574685;0.0044619082;0.2296691;-94.39862;29.582132;0.5307433;0.0;0.0;0.09659083;0.00019419141;-0.00021489995;-0.0022415682;0.2784417;-0.042557165;-0.017599044;0.2629589;-0.00024810628;-0.17237923;0.15728089;-0.0065227007;-0.17478599;0.0;0.0;-1.147484;0.00021503669;0.00026685858;0.00031221606;87.79092;56.416;0.017633956;975225.7;981439.0;0.2766195;5.2478725e-07;6.6716433e-07;3.8965604e-07;0.00066074025;0.00087482284;1.6534983e-05;2.2174522e-06;4.06468e-06;3.419402e-05;1.0828911e-06;1.2026541e-06;3.181914e-05;1.0;1.0;3550.6519;25
632633855;632445368;0.97581846;0.0130860815;-0.005712968;0.2181157;-94.30335;29.3058;0.53633446;0.0;0.0;0.11975177;9.5963034e-05;-0.00025397842;-0.0022282284;0.2784875;-0.042505234;-0.017715877;0.26298776;-0.0002480383;-0.17244911;0.15730408;-0.006518319;-0.17474227;0.0;0.0;-1.147484;0.00021737552;0.00026705628;0.0003127461;87.97778;56.49926;0.017474016;983311.0;988113.8;0.27430677;5.251075e-07;6.6630207e-07;3.8960877e-07;0.00066071237;0.000874663;1.6569487e-05;2.2177903e-06;4.0629793e-06;3.418449e-05;1.082024e-06;1.2025605e-06;3.1808784e-05;1.0;1.0;3562.9705;25
633128605;632940133;0.975965;0.002980053;-0.012285359;0.2175607;-94.14503;28.984306;0.56136817;0.0;0.0;0.17650759;8.995342e-06;-0.00028900683;-0.0022125894;0.27850166;-0.04236754;-0.017826147;0.2630105;-0.00024797028;-0.17252414;0.15732186;-0.006513679;-0.17469354;0.0;0.0;-1.147484;0.00022000424;0.00026749278;0.00031411025;88.164696;56.596893;0.017630827;991295.8;994691.0;0.2773426;5.2567174e-07;6.6591537e-07;3.9013543e-07;0.00066068734;0.0008745094;1.6603644e-05;2.2185645e-06;4.062141e-06;3.4174744e-05;1.08125e-06;1.2024972e-06;3.179893e-05;1.0;1.0;3574.997;25
633633257;633444792;0.97679836;0.02945046;0.0074400855;0.21199633;-94.04706;28.706808;0.5608361;0.0;0.0;0.20684789;-9.7632765e-05;-0.0003254594;-0.0021936933;0.2784973;-0.042096544;-0.017967831;0.26303726;-0.00024788064;-0.17259054;0.1573426;-0.006510704;-0.17466277;0.0;0.0;-1.147484;0.00022164486;0.00026684243;0.00031451634;88.2193;52.476902;0.017574843;997977.4;910369.9;0.2751034;5.25324e-07;6.644868e-07;3.8998144e-07;0.00066022435;0.000871998;1.6633072e-05;2.217383e-06;4.060447e-06;3.4155288e-05;1.0803558e-06;1.2023959e-06;3.1780804e-05;1.0;1.0;3587.2246;25
634137980;633949452;0.97516483;0.04312908;0.006422025;0.21714546;-94.056786;28.479267;0.53449845;0.0;0.0;0.2148446;-0.00021408958;-0.00037685462;-0.0021827274;0.27852637;-0.041869514;-0.018110381;0.26307383;-0.0002478198;-0.1725673;0.1573679;-0.0065112133;-0.17471047;0.0;0.0;-1.147484;0.00022324389;0.00026565374;0.00031471875;81.41017;52.569183;0.017267358;914598.44;915412.7;0.27293155;5.248696e-07;6.63061e-07;3.8982353e-07;0.000657721;0.0008645507;1.665199e-05;2.1724175e-06;4.058659e-06;3.3978624e-05;1.0784595e-06;1.2022514e-06;3.1747255e-05;1.0;1.0;3599.4143;25
634632760;634444216;0.9802572;0.008537411;-0.039362956;0.19358061;-93.915405;28.243574;0.5813226;0.0;0.0;0.24199161;-0.00031657546;-0.00040757997;-0.0021540055;0.2784559;-0.04140304;-0.018241577;0.2630808;-0.00024770672;-0.17265645;0.15737733;-0.0065058884;-0.17466156;0.0;0.0;-1.147484;0.0002246837;0.00026519224;0.00031589466;81.55093;52.655876;0.017252916;921843.5;921449.44;0.26999825;5.243721e-07;6.621217e-07;3.9019858e-07;0.0006576787;0.00086429494;1.6683318e-05;2.1729495e-06;4.057837e-06;3.395028e-05;1.0776124e-06;1.2021774e-06;3.1721433e-05;1.0;1.0;3611.3232;25
635127481;634938981;0.98094046;0.026541816;0.04150081;0.18795998;-93.85509;27.9686;0.5667213;0.0;0.0;0.25521973;-0.0004303527;-0.00045896947;-0.0021373902;0.2784454;-0.041028593;-0.018387703;0.2631116;-0.00024763055;-0.1726494;0.15739845;-0.0065035634;-0.17469499;0.0;0.0;-1.147484;0.00022664692;0.00026504978;0.0003162007;81.701996;52.75876;0.017366208;929117.8;927508.3;0.27297774;5.239192e-07;6.607057e-07;3.8996183e-07;0.0006576408;0.00086400943;1.6714423e-05;2.17294e-06;4.056069e-06;3.3920125e-05;1.0766331e-06;1.2021118e-06;3.1691277e-05;1.0;1.0;3623.2104;25
636631537;636443064;0.9836865;0.017916018;-0.0042279474;0.17894708;-93.73084;27.183388;0.55213064;0.0;0.0;0.26949322;-0.0007718286;-0.0006485087;-0.0020867998;0.27847156;-0.03981686;-0.018776488;0.2632011;-0.0002475389;-0.17268328;0.15745144;-0.0064913416;-0.17471956;0.0;0.0;-1.147484;0.0002336288;0.00026709746;0.00031850702;82.216156;53.100674;0.017114343;951641.7;946027.1;0.27245793;5.2249754e-07;6.578013e-07;3.901269e-07;0.000657577;0.0008629027;1.681573e-05;2.1739452e-06;4.051945e-06;3.3881573e-05;1.0737064e-06;1.2020873e-06;3.164933e-05;1.0;1.0;3659.163;25
637136338;636947723;0.9837032;0.015788775;-0.00050420576;0.17910498;-93.696335;26.89857;0.5432534;0.0;0.0;0.26249304;-0.0008843768;-0.0007160479;-0.0020711813;0.27849236;-0.039342746;-0.018890413;0.2632319;-0.00024752322;-0.1727171;0.15746795;-0.0064885183;-0.17470935;0.0;0.0;-1.147484;0.00023632025;0.0002684921;0.00031911428;82.40369;53.224857;0.017022504;959323.8;952272.94;0.27065724;5.2187386e-07;6.56803e-07;3.9000673e-07;0.00065756653;0.0008624175;1.6851389e-05;2.1743156e-06;4.0502987e-06;3.3878077e-05;1.0726847e-06;1.2020989e-06;3.1643773e-05;1.0;1.0;3671.1655;25
637631329;637442488;0.9831943;0.020251667;0.0050104824;0.18136674;-93.70444;26.687704;0.5342912;0.0;0.0;0.22466736;-0.001007167;-0.00078146457;-0.0020524415;0.27849236;-0.03873528;-0.019015009;0.26326093;-0.0002474927;-0.17274322;0.15748356;-0.0064876517;-0.174713;0.0;0.0;-1.147484;0.0002384613;0.0002693516;0.00031948724;82.56901;53.340454;0.016854627;966817.5;958411.44;0.26781812;5.2073364e-07;6.555533e-07;3.8975097e-07;0.0006575484;0.000861849;1.6884762e-05;2.1744427e-06;4.048561e-06;3.3873308e-05;1.0716783e-06;1.2021104e-06;3.163752e-05;1.0;1.0;3682.915;25
638135620;637947149;0.98296946;0.015987528;0.003076901;0.1830467;-93.6628;26.432358;0.5127391;0.0;0.0;0.23819475;-0.001121558;-0.00084613246;-0.0020384337;0.2784612;-0.03818025;-0.019146571;0.2632871;-0.00024747677;-0.1727369;0.15749687;-0.006488593;-0.17474188;0.0;0.0;-1.147484;0.00024076534;0.00027001413;0.00032088;82.73616;53.474598;0.016924394;974488.06;964712.2;0.27197874;5.198095e-07;6.5498847e-07;3.9025292e-07;0.00065752916;0.0008612747;1.6917831e-05;2.175028e-06;4.0478726e-06;3.3868455e-05;1.0708281e-06;1.2021302e-06;3.1631564e-05;1.0;1.0;3694.8777;25
638630432;638441911;0.9829156;0.01066259;-0.008722909;0.183541;-93.63732;26.19843;0.5120532;0.0;0.0;0.22467595;-0.0012400106;-0.0009215989;-0.002026011;0.2784582;-0.037636135;-0.019270064;0.26332003;-0.00024746126;-0.17274153;0.15751243;-0.0064896806;-0.17475982;0.0;0.0;-1.147484;0.000243094;0.00027124974;0.00032127736;82.91126;53.599277;0.016735291;982083.6;970889.44;0.26916227;5.1851293e-07;6.538921e-07;3.9000417e-07;0.00065751903;0.00086061313;1.695201e-05;2.1752433e-06;4.0461464e-06;3.3865028e-05;1.0698386e-06;1.2021436e-06;3.1626096e-05;1.0;1.0;3706.582;25
639134941;638946571;0.983042;0.015622372;-0.0048462884;0.18264964;-93.57061;25.93699;0.50228596;0.0;0.0;0.22110286;-0.0013540856;-0.0009956665;-0.002013047;0.278464;-0.03711367;-0.01938422;0.2633527;-0.00024742595;-0.17275277;0.15752651;-0.006490941;-0.17476846;0.0;0.0;-1.147484;0.00024566325;0.0002727685;0.00032184276;83.09906;53.734737;0.016634263;989902.5;977214.5;0.2673441;5.172229e-07;6.5296155e-07;3.898539e-07;0.00065751193;0.00085991475;1.698751e-05;2.1756327e-06;4.0445248e-06;3.3862703e-05;1.0688661e-06;1.2021552e-06;3.162141e-05;1.0;1.0;3718.491;25
639629695;639441335;0.98351985;0.014860446;-0.008494686;0.17998788;-93.52001;25.705313;0.49454182;0.0;0.0;0.21775226;-0.0014680813;-0.0010582765;-0.001997342;0.27843708;-0.036513258;-0.0195035;0.26337895;-0.00024739702;-0.17276043;0.15753788;-0.006492711;-0.17478526;0.0;0.0;-1.147484;0.00024803268;0.00027384367;0.00032311928;83.27433;53.876083;0.016715854;997574.9;983450.25;0.2705051;5.1599875e-07;6.5252533e-07;3.9026216e-07;0.0006574992;0.0008592499;1.7020857e-05;2.1763099e-06;4.0437544e-06;3.385914e-05;1.0680283e-06;1.2021658e-06;3.161615e-05;1.0;1.0;3730.1392;25
640134333;639945994;0.9846053;0.013980095;-0.007866523;0.17405528;-93.50042;25.452065;0.4803342;0.0;0.0;0.20491737;-0.001585198;-0.0011418982;-0.0019889555;0.27843738;-0.036006603;-0.019614154;0.2634125;-0.00024738105;-0.1727429;0.15755214;-0.0064947824;-0.17481877;0.0;0.0;-1.147484;0.00025051468;0.00027509627;0.00032350136;76.9771;54.01967;0.01655296;914139.2;988878.25;0.26871735;5.14532e-07;6.517508e-07;3.9009544e-07;0.0006553232;0.0008519927;1.7043867e-05;2.1362525e-06;4.042051e-06;3.3715063e-05;1.0661131e-06;1.2020987e-06;3.1596817e-05;1.0;1.0;3741.9983;25
640629254;640440758;0.9870196;0.013472311;-0.008374605;0.15981424;-93.46906;25.198593;0.4810357;0.0;0.0;0.1797583;-0.0016995718;-0.0012300594;-0.0019730176;0.27845418;-0.035528626;-0.019716129;0.2634493;-0.00024730217;-0.17273898;0.1575653;-0.0064950865;-0.17483635;0.0;0.0;-1.147484;0.00025358054;0.0002775793;0.0003240149;77.19147;54.169273;0.016398339;921369.06;995146.25;0.26600048;5.132044e-07;6.5107565e-07;3.898843e-07;0.0006553316;0.00085127284;1.7081295e-05;2.13697e-06;4.0403497e-06;3.3715023e-05;1.0650757e-06;1.2021229e-06;3.1592506e-05;1.0;1.0;3753.5938;25
641134169;640945417;0.9868392;0.011485994;-0.012089756;0.16084313;-93.40296;24.931433;0.47636855;0.0;0.0;0.18567653;-0.0018097211;-0.0013117755;-0.0019566584;0.27842456;-0.03505258;-0.019830285;0.26347765;-0.00024723285;-0.17273389;0.15757434;-0.006494946;-0.1748535;0.0;0.0;-1.147484;0.0002562581;0.00027921115;0.00032545862;77.35034;50.470684;0.016497111;927927.7;910530.75;0.27008882;5.1184844e-07;6.509248e-07;3.9038153e-07;0.0006550087;0.00084893923;1.711377e-05;2.1374103e-06;4.039691e-06;3.371311e-05;1.0641562e-06;1.2021405e-06;3.1587166e-05;1.0;1.0;3765.3997;25
641629006;641440181;0.9857448;0.067920156;-0.0011029094;0.153925;-93.3758;24.658657;0.46903053;0.0;0.0;0.1690715;-0.0019183276;-0.0014035203;-0.0019380447;0.27842048;-0.03461465;-0.019928223;0.26351288;-0.00024708157;-0.17272174;0.15758531;-0.0064942427;-0.17487845;0.0;0.0;-1.147484;0.0002588479;0.00028126285;0.00032584238;77.56002;50.626472;0.016365876;935198.2;916283.75;0.26724753;5.1000194e-07;6.501833e-07;3.9011553e-07;0.0006550104;0.00084820314;1.7149869e-05;2.1380602e-06;4.0380014e-06;3.370568e-05;1.0631053e-06;1.2021358e-06;3.157584e-05;1.0;1.0;3776.9521;25
642133377;641944840;0.9872306;0.017108416;-0.012903174;0.15784973;-93.38491;24.420496;0.44447938;0.0;0.0;0.13068296;-0.0020449082;-0.0015049927;-0.0019219674;0.27839127;-0.034127686;-0.02005079;0.26354936;-0.00024698046;-0.17267098;0.15759744;-0.0064958297;-0.17494059;0.0;0.0;-1.147484;0.0002607332;0.00028245547;0.00032618234;77.75345;50.779247;0.016194163;942563.8;922174.4;0.26541865;5.0755517e-07;6.493296e-07;3.8988085e-07;0.00065500254;0.00084744295;1.7183907e-05;2.138519e-06;4.036416e-06;3.369314e-05;1.0620535e-06;1.202129e-06;3.1559935e-05;1.0;1.0;3788.706;25
642628063;642439604;0.98496854;0.011939491;-0.014507448;0.17170891;-93.30912;24.189632;0.45543903;0.0;0.0;0.118933044;-0.0021578432;-0.0015914947;-0.0019089351;0.27835536;-0.03368611;-0.020163996;0.26357973;-0.00024691634;-0.17263821;0.157607;-0.006499577;-0.17498612;0.0;0.0;-1.147484;0.00026300567;0.0002838515;0.0003273898;77.949844;50.942226;0.016263966;949864.44;927982.8;0.2684108;5.056777e-07;6.491826e-07;3.902735e-07;0.00065500033;0.0008467713;1.7217759e-05;2.1394699e-06;4.035677e-06;3.3691453e-05;1.0611978e-06;1.2021485e-06;3.155496e-05;1.0;1.0;3800.216;25
643132656;642944263;0.985155;0.013045308;-0.0104621;0.17085132;-93.29232;23.973244;0.4399303;0.0;0.0;0.06881775;-0.0022796479;-0.00168341;-0.0018944782;0.2783529;-0.033202842;-0.020268453;0.26361695;-0.00024682452;-0.17260858;0.15761882;-0.00650483;-0.17503293;0.0;0.0;-1.147484;0.00026522536;0.00028555913;0.00032782598;78.1588;51.1066;0.016141826;957377.3;933918.6;0.26658124;5.033175e-07;6.4857113e-07;3.900855e-07;0.0006550027;0.0008460347;1.7253313e-05;2.1401647e-06;4.034104e-06;3.369e-05;1.0602513e-06;1.2021528e-06;3.1549396e-05;1.0;1.0;3811.9368;25
643637243;643448923;0.9842209;-0.019625133;-0.022889752;0.17435636;-93.302956;23.693195;0.38213444;0.0;0.0;0.027510758;-0.0024073794;-0.0017884735;-0.0018914767;0.27834257;-0.03284913;-0.020385234;0.26366374;-0.00024674914;-0.17247303;0.15763697;-0.006513746;-0.17517902;0.0;0.0;-1.147484;0.00026737124;0.0002871636;0.00032812546;78.37055;51.276703;0.016037824;964922.44;939877.9;0.2647388;5.0080047e-07;6.480111e-07;3.898927e-07;0.00065500784;0.00084531633;1.7288603e-05;2.1407877e-06;4.032537e-06;3.367711e-05;1.0593553e-06;1.2021383e-06;3.153083e-05;1.0;1.0;3823.6345;25
644132306;643943687;0.9786913;-0.06198098;-0.02154776;0.19456995;-93.26128;23.51123;0.39346108;0.0;0.0;-0.009655704;-0.0025307592;-0.0019009606;-0.0018950931;0.27831188;-0.032562185;-0.020498902;0.2637079;-0.00024659798;-0.17230047;0.15765117;-0.0065326053;-0.17536321;0.0;0.0;-1.147484;0.0002696529;0.00028872627;0.00032849808;78.573296;51.44485;0.015955156;972352.1;945749.94;0.26758617;4.9852014e-07;6.473669e-07;3.8969085e-07;0.00065501017;0.0008446865;1.7322653e-05;2.141334e-06;4.0308796e-06;3.363664e-05;1.0584606e-06;1.2021001e-06;3.1486383e-05;1.0;1.0;3835.0857;25
644636686;644448346;0.9756816;-0.017339328;-0.01815573;0.21775022;-93.19799;23.400719;0.4061998;0.0;0.0;-0.05850159;-0.0026562319;-0.0019832249;-0.0018909907;0.2782855;-0.03215401;-0.02061369;0.26374412;-0.00024645618;-0.17219037;0.15766048;-0.0065485393;-0.17549084;0.0;0.0;-1.147484;0.0002706971;0.00028929132;0.00032961796;78.75421;51.601135;0.01573746;979890.8;951759.2;0.26552922;4.9546395e-07;6.473311e-07;3.9012608e-07;0.0006550038;0.0008440408;1.7354932e-05;2.1422334e-06;4.0302602e-06;3.3617325e-05;1.0577666e-06;1.2020631e-06;3.1464435e-05;1.0;1.0;3846.7483;25
645131488;644943109;0.97340024;0.013263447;-0.013801804;0.22831053;-93.064766;23.152765;0.38560522;0.0;0.0;-0.09055197;-0.002755803;-0.0020519719;-0.0018860229;0.2783444;-0.031879578;-0.020678572;0.26378468;-0.00024629937;-0.17216726;0.15767184;-0.006559872;-0.17553307;0.0;0.0;-1.147484;0.0002733603;0.000291887;0.00033003988;78.99295;51.78498;0.01572317;987567.44;957675.75;0.26269224;4.9331976e-07;6.4709246e-07;3.8993733e-07;0.00065501884;0.00084350456;1.739289e-05;2.143353e-06;4.028615e-06;3.3616496e-05;1.0570957e-06;1.2019582e-06;3.1457843e-05;1.0;1.0;3858.1497;25
645636113;645447769;0.9706267;-0.02208781;-0.025515081;0.23821203;-92.943214;22.951075;0.37833145;0.0;0.0;-0.11505554;-0.0028636458;-0.0021313585;-0.0018887478;0.2783879;-0.0317166;-0.020759325;0.263831;-0.0002461355;-0.17207342;0.15768425;-0.006575631;-0.17563927;0.0;0.0;-1.147484;0.00027612742;0.00029413807;0.0003306289;79.22787;51.981987;0.015786298;995400.1;963748.56;0.2665648;4.913819e-07;6.468631e-07;3.8987005e-07;0.0006550296;0.0008430696;1.7429951e-05;2.1444237e-06;4.0270734e-06;3.360976e-05;1.0564673e-06;1.2018359e-06;3.1445215e-05;1.0;1.0;3869.7349;25
646131029;645942532;0.9631948;-0.075513706;-0.042647183;0.25443056;-92.86802;22.774513;0.35899377;0.0;0.0;-0.1615328;-0.0029823708;-0.002220107;-0.0019021337;0.2783625;-0.031550836;-0.020845667;0.26387373;-0.00024583834;-0.17179854;0.15769334;-0.0066018044;-0.17592518;0.0;0.0;-1.147484;0.00027730587;0.000294938;0.00033146853;73.33861;52.139706;0.01559234;911880.75;969072.5;0.26370278;4.8855185e-07;6.4712526e-07;3.902799e-07;0.00065313745;0.00083682896;1.7450559e-05;2.1087103e-06;4.026292e-06;3.343034e-05;1.055076e-06;1.201557e-06;3.1376196e-05;1.0;1.0;3881.059;25
646635804;646447191;0.96060896;-0.08548201;-0.04679121;0.2602573;-92.77063;22.533112;0.34603837;0.0;0.0;-0.19871725;-0.0031049643;-0.0023258324;-0.0019251618;0.27832884;-0.03156535;-0.020939538;0.2639294;-0.00024535076;-0.17141882;0.15770526;-0.0066347076;-0.17630963;0.0;0.0;-1.147484;0.00027939354;0.0002969341;0.00033188018;73.564674;52.32384;0.0155298505;919094.2;975195.5;0.26183468;4.8590834e-07;6.470073e-07;3.9023345e-07;0.00065314735;0.00083651725;1.748715e-05;2.1097442e-06;4.0247637e-06;3.3355434e-05;1.0545201e-06;1.2012808e-06;3.1293486e-05;1.0;1.0;3892.5798;25
647130462;646941955;0.96243894;-0.057668902;-0.039903607;0.26228487;-92.66104;22.3337;0.3317929;0.0;0.0;-0.23855624;-0.0032250592;-0.0024239041;-0.00194741;0.27830833;-0.031640496;-0.02103225;0.2639841;-0.00024488993;-0.17109655;0.15771693;-0.0066628517;-0.17663518;0.0;0.0;-1.147484;0.0002813682;0.00029852043;0.00033219162;73.779175;52.51008;0.015621593;926175.75;981234.4;0.26462677;4.834855e-07;6.4677505e-07;3.9011695e-07;0.0006531532;0.00083629676;1.7521581e-05;2.110632e-06;4.023145e-06;3.329793e-05;1.0539936e-06;1.201033e-06;3.1228574e-05;1.0;1.0;3903.8408;25
647635075;647446614;0.96177614;-0.053607903;-0.035651237;0.26616174;-92.5259;22.160187;0.32468882;0.0;0.0;-0.2650936;-0.003335998;-0.0025016074;-0.0019589989;0.27828768;-0.031695012;-0.021125406;0.26402903;-0.00024456347;-0.17090939;0.15772596;-0.006682528;-0.1768318;0.0;0.0;-1.147484;0.0002822538;0.000299377;0.00033327282;73.98789;52.68285;0.0155277755;933400.06;987420.75;0.2627771;4.804292e-07;6.472079e-07;3.9062223e-07;0.00065315294;0.0008361278;1.755486e-05;2.1119522e-06;4.022559e-06;3.3268534e-05;1.053535e-06;1.2008655e-06;3.1193875e-05;1.0;1.0;3915.2874;25
648129893;647941378;0.9657173;-0.017521674;-0.022438781;0.25803024;-92.383194;22.04106;0.32801956;0.0;0.0;-0.31094214;-0.0034529804;-0.0025792082;-0.0019702811;0.27830625;-0.031860564;-0.021219121;0.2640837;-0.00024422188;-0.17074774;0.15773806;-0.0067010857;-0.17700148;0.0;0.0;-1.147484;0.00028285882;0.00030010613;0.00033334777;74.18854;52.84448;0.015382151;940511.2;993513.2;0.25997618;4.7708465e-07;6.4698446e-07;3.9038213e-07;0.0006531493;0.00083600066;1.758695e-05;2.1127696e-06;4.020953e-06;3.3247874e-05;1.0530194e-06;1.2006795e-06;3.1167438e-05;1.0;1.0;3926.4714;25
648634589;648446037;0.970028;-0.020048814;-0.019476892;0.24138053;-92.210396;21.848911;0.3134108;0.0;0.0;-0.32271636;-0.003554272;-0.0026478788;-0.00197423;0.27834034;-0.032079946;-0.021310057;0.2641352;-0.0002439392;-0.1706874;0.1577512;-0.0067126844;-0.17706878;0.0;0.0;-1.147484;0.0002837008;0.00030064146;0.00033359491;74.391556;53.023937;0.015486147;947781.44;999764.2;0.26376686;4.741973e-07;6.468576e-07;3.9021978e-07;0.00065314095;0.00083589135;1.7618577e-05;2.1136436e-06;4.0194514e-06;3.324245e-05;1.0524727e-06;1.200542e-06;3.1157535e-05;1.0;1.0;3937.8296;25
649129371;648940800;0.9710506;-0.048651386;-0.023767548;0.23265624;-92.04251;21.698547;0.29788372;0.0;0.0;-0.35642028;-0.0036495386;-0.002714856;-0.0019787382;0.27840468;-0.032364357;-0.02136612;0.26418066;-0.00024366273;-0.17060669;0.15776323;-0.0067227506;-0.17715274;0.0;0.0;-1.147484;0.00028519265;0.0003024921;0.00033469315;74.616615;49.647285;0.015326247;954555.7;914474.44;0.26117006;4.7165256e-07;6.476088e-07;3.9066882e-07;0.0006528808;0.00083462155;1.7651211e-05;2.1149056e-06;4.0187842e-06;3.323407e-05;1.0519551e-06;1.2004873e-06;3.1142918e-05;1.0;1.0;3948.918;25
649633786;649445463;0.969473;-0.05659283;-0.032607224;0.23633918;-91.91327;21.534698;0.29256642;0.0;0.0;-0.39074036;-0.0037563331;-0.0028001538;-0.0019884077;0.27845037;-0.03276595;-0.021443572;0.26423788;-0.00024325798;-0.17045751;0.15777926;-0.0067366627;-0.17730133;0.0;0.0;-1.147484;0.00028626996;0.00030383767;0.0003349723;74.84954;49.82778;0.015187134;961983.2;920210.75;0.2593936;4.6870286e-07;6.477697e-07;3.905527e-07;0.0006528777;0.00083452207;1.7685237e-05;2.1159594e-06;4.017296e-06;3.3213633e-05;1.0513581e-06;1.2004219e-06;3.111631e-05;1.0;1.0;3960.1875;25
650128687;649940223;0.9601842;-0.12473562;-0.048819233;0.24516116;-91.81005;21.310532;0.28600797;0.0;0.0;-0.4217503;-0.0038588783;-0.0028998556;-0.0020095727;0.27846092;-0.033242617;-0.02150619;0.26429692;-0.00024259824;-0.17012884;0.15779525;-0.0067601725;-0.17762437;0.0;0.0;-1.147484;0.0002886265;0.00030617786;0.00033539353;75.104256;50.031925;0.015248665;969384.8;925862.25;0.26234525;4.6675547e-07;6.480734e-07;3.905302e-07;0.0006528804;0.00083442347;1.772139e-05;2.1171054e-06;4.0157165e-06;3.313802e-05;1.0508036e-06;1.2002824e-06;3.1032367e-05;1.0;1.0;3971.1956;25
650633559;650444882;0.9416698;-0.2122824;-0.07157024;0.25114134;-91.77705;21.028255;0.28139096;0.0;0.0;-0.46346897;-0.003975234;-0.0030339907;-0.0020347983;0.27833596;-0.033810742;-0.021586623;0.26435804;-0.00024102538;-0.16931602;0.15780677;-0.0068146987;-0.17841557;0.0;0.0;-1.147484;0.0002909565;0.00030876658;0.00033580244;75.3747;50.23174;0.015244256;976963.7;931650.6;0.26070756;4.645482e-07;6.4860967e-07;3.9075658e-07;0.00065286574;0.0008342769;1.7759143e-05;2.118243e-06;4.0142418e-06;3.284562e-05;1.0502862e-06;1.1997699e-06;3.0730243e-05;1.0;1.0;3982.3933;25
651137866;650949541;0.9330948;-0.24220884;-0.0747337;0.2551155;-91.76455;20.7461;0.2452396;0.0;0.0;-0.5160661;-0.004090265;-0.0031716286;-0.0020462538;0.278134;-0.03437719;-0.021679027;0.2644049;-0.00023891816;-0.16835739;0.1578102;-0.006883298;-0.17934461;0.0;0.0;-1.147484;0.0002924446;0.00031028158;0.00033666275;75.63059;50.41895;0.015382181;984458.9;937467.44;0.25910994;4.6211275e-07;6.49615e-07;3.9167043e-07;0.00065282616;0.0008340043;1.7793696e-05;2.1194883e-06;4.013696e-06;3.2416134e-05;1.0498474e-06;1.1990095e-06;3.0293773e-05;1.0;1.0;3993.5793;25
651632694;651444304;0.93335927;-0.22209504;-0.082803495;0.26955155;-91.838684;20.46267;0.21505629;0.0;0.0;-0.57489383;-0.004204899;-0.003327563;-0.0020626653;0.27791762;-0.035052963;-0.02177247;0.26445907;-0.00023632425;-0.16729148;0.15781458;-0.006959847;-0.18037325;0.0;0.0;-1.147484;0.00029351888;0.0003114792;0.00033671595;75.870476;50.591084;0.015444805;991775.44;943196.8;0.2566532;4.5942923e-07;6.499984e-07;3.920211e-07;0.00065277686;0.0008335025;1.7826202e-05;2.120039e-06;4.0121363e-06;3.1946216e-05;1.0493748e-06;1.1981796e-06;2.981544e-05;1.0;1.0;4004.5388;25
652127690;651939068;0.9333101;-0.20762345;-0.082748264;0.28102928;-91.856224;20.135208;0.2060704;0.0;0.0;-0.6174235;-0.004320362;-0.003471466;-0.0020835486;0.2776763;-0.035643492;-0.021895153;0.2645123;-0.00023389005;-0.16636038;0.15781863;-0.007024554;-0.18127036;0.0;0.0;-1.147484;0.0002941072;0.00031170738;0.00033685565;76.07793;50.758533;0.01586527;999010.44;948955.44;0.2598731;4.568909e-07;6.502604e-07;3.9238404e-07;0.00065272703;0.00083273376;1.7854933e-05;2.1203398e-06;4.010584e-06;3.1576412e-05;1.0489553e-06;1.1975154e-06;2.9437382e-05;1.0;1.0;4015.4878;25
652632899;652443727;0.9568993;-0.024434218;-0.017308934;0.2888721;-91.769714;19.855492;0.1845979;0.0;0.0;-0.6664989;-0.0044013625;-0.003563034;-0.002098991;0.27762583;-0.03635774;-0.021937259;0.2645601;-0.00023234723;-0.16588052;0.15782559;-0.0070590363;-0.18173155;0.0;0.0;-1.147484;0.00029581593;0.00031357876;0.00033803083;70.581924;50.9237;0.016052945;915174.2;954426.4;0.2588674;4.5521614e-07;6.515842e-07;3.9340514e-07;0.00065106386;0.00082615163;1.7876719e-05;2.0882146e-06;4.009988e-06;3.1289474e-05;1.0478676e-06;1.1970504e-06;2.9239147e-05;1.0;1.0;4026.6511;25
653136762;652948386;0.95597696;0.020462912;-0.012380906;0.29246527;-91.48758;19.66278;0.19608685;0.0;0.0;-0.6837009;-0.0044638766;-0.0035935196;-0.0021068486;0.2777248;-0.037057362;-0.021965355;0.2646126;-0.00023200313;-0.16590586;0.15783897;-0.007065998;-0.18171196;0.0;0.0;-1.147484;0.0002967589;0.00031529888;0.00033813433;70.82048;51.100624;0.015892714;922113.0;960363.5;0.25803444;4.5302764e-07;6.5216375e-07;3.933312e-07;0.0006510481;0.00082427834;1.7909704e-05;2.0893053e-06;4.008546e-06;3.1260945e-05;1.0475236e-06;1.1966558e-06;2.9201028e-05;1.0;1.0;4037.754;25
653631614;653443149;0.95574224;0.013057015;-0.014392596;0.29356295;-91.22865;19.50098;0.20862152;0.0;0.0;-0.68079656;-0.0045175394;-0.0036121444;-0.0021084866;0.277805;-0.03764742;-0.022000272;0.26465794;-0.00023173726;-0.16595799;0.15785086;-0.0070721004;-0.18166795;0.0;0.0;-1.147484;0.00029763818;0.00031651382;0.00033792498;71.04242;51.281178;0.015729632;928885.25;966210.2;0.2616374;4.5111204e-07;6.526295e-07;3.9307704e-07;0.00065102614;0.00082216493;1.7940103e-05;2.090203e-06;4.007012e-06;3.121802e-05;1.047198e-06;1.1961416e-06;2.9150258e-05;1.0;1.0;4048.5652;25
654126444;653937914;0.9545987;0.01818919;-0.014813676;0.2969697;-90.94603;19.405598;0.21156074;0.0;0.0;-0.68407184;-0.004569896;-0.0036213167;-0.0021019666;0.27788568;-0.0383203;-0.0220296;0.2647013;-0.00023150179;-0.1659984;0.15786222;-0.0070803254;-0.18163826;0.0;0.0;-1.147484;0.0002975926;0.000317345;0.0003385504;71.25975;51.436874;0.0153346155;935607.7;972082.3;0.2594587;4.4876458e-07;6.5363423e-07;3.9340952e-07;0.0006509968;0.0008194224;1.7968654e-05;2.0913833e-06;4.006401e-06;3.11875e-05;1.0469033e-06;1.1957477e-06;2.9114499e-05;1.0;1.0;4059.3062;25
654630997;654442571;0.9540487;0.058543056;-0.0047620926;0.29383874;-90.63991;19.276953;0.20882796;0.0;0.0;-0.6758584;-0.0046194736;-0.0036273112;-0.0020929985;0.27796623;-0.038975798;-0.022059817;0.26474816;-0.00023119687;-0.16602872;0.15787475;-0.0070912894;-0.18162325;0.0;0.0;-1.147484;0.00029693235;0.0003173812;0.00033818447;71.45653;51.58212;0.015027324;942407.25;978096.9;0.25784203;4.4604786e-07;6.541226e-07;3.930985e-07;0.0006509547;0.0008164209;1.799447e-05;2.0920206e-06;4.0049767e-06;3.114117e-05;1.0465626e-06;1.1952296e-06;2.9063805e-05;1.0;1.0;4070.189;25
655135730;654947230;0.95442444;0.054315966;5.9208433e-05;0.29346856;-90.29075;19.095163;0.2150536;0.0;0.0;-0.6603018;-0.004655065;-0.0036264325;-0.0020815812;0.278072;-0.03967795;-0.022058612;0.2647882;-0.00023083935;-0.1660441;0.1578856;-0.0071032844;-0.1816213;0.0;0.0;-1.147484;0.00029827227;0.00031910714;0.0003381163;71.69416;51.775227;0.014965809;949403.94;984138.94;0.26165703;4.4467856e-07;6.54965e-07;3.9292897e-07;0.0006509266;0.0008137238;1.8026025e-05;2.093075e-06;4.003559e-06;3.1077572e-05;1.0462412e-06;1.1946402e-06;2.8994767e-05;1.0;1.0;4080.991;25
655630503;655441993;0.9523195;0.10805479;0.017670166;0.28477982;-89.88691;18.960564;0.22372648;0.0;0.0;-0.63551366;-0.0046792575;-0.0036093968;-0.0020406793;0.27809936;-0.040286236;-0.022064067;0.2648092;-0.00023006082;-0.16591679;0.15788962;-0.0071253804;-0.18176176;0.0;0.0;-1.147484;0.00029849808;0.00032033745;0.00033829783;71.92554;51.93771;0.014680662;956229.8;990088.4;0.2586954;4.4285295e-07;6.562524e-07;3.9311428e-07;0.0006508778;0.0008107663;1.8055418e-05;2.094405e-06;4.0029604e-06;3.092678e-05;1.0459463e-06;1.1938135e-06;2.8843864e-05;1.0;1.0;4091.4995;25
656135092;655946652;0.9499378;0.1433692;0.026600335;0.27632588;-89.72885;19.130762;0.33269873;0.0;0.0;-0.62692016;-0.0047143004;-0.0036038796;-0.0020207183;0.27821895;-0.041047696;-0.022050757;0.26484972;-0.0002295666;-0.16589274;0.1579005;-0.0071404227;-0.18179664;0.0;0.0;-1.147484;0.00029886374;0.000321557;0.00033805022;72.154465;52.103573;0.013795979;963241.75;996182.75;0.25637293;4.4093238e-07;6.571562e-07;3.9285706e-07;0.0006508414;0.00080834294;1.8085057e-05;2.0953694e-06;4.001552e-06;3.085394e-05;1.045583e-06;1.1932624e-06;2.8768574e-05;1.0;1.0;4102.1265;25
656629838;656441415;0.9632071;-0.0109438;-0.027132206;0.26716334;-89.09289;18.745113;0.280878;0.0;0.0;-0.5879173;-0.0047157635;-0.0035785297;-0.0019738977;0.2782951;-0.04156623;-0.022018235;0.26486734;-0.00022834617;-0.16560113;0.15790392;-0.007172836;-0.18209995;0.0;0.0;-1.147484;0.00030192916;0.0003255329;0.00033790898;72.44683;48.978237;0.014226456;970077.5;911079.75;0.25876948;4.4071467e-07;6.5848315e-07;3.9264998e-07;0.00065060967;0.00080599333;1.8122853e-05;2.0968166e-06;4.0000477e-06;3.064272e-05;1.045166e-06;1.1923262e-06;2.8556911e-05;1.0;1.0;4112.44;25
657134867;656946074;0.9386517;-0.21127968;-0.07100259;0.2631592;-88.856514;18.335337;0.38582063;0.0;0.0;-0.5788283;-0.004783956;-0.0036219982;-0.0019855457;0.27838847;-0.042116728;-0.022035062;0.26492113;-0.00022789833;-0.165409;0.15791956;-0.007190825;-0.18229504;0.0;0.0;-1.147484;0.00030337888;0.0003278344;0.000338142;72.69564;49.156258;0.014552504;977305.56;916669.3;0.25645167;4.392761e-07;6.5961166e-07;3.92616e-07;0.00065059896;0.0008042896;1.8157114e-05;2.0979526e-06;3.9986508e-06;3.0582072e-05;1.0447654e-06;1.1920355e-06;2.8487742e-05;1.0;1.0;4122.89;25
657629189;657440838;0.9537934;0.010973544;-0.016805973;0.29979232;-88.98266;18.449192;0.24836172;0.0;0.0;-0.60288507;-0.0048497473;-0.003682924;-0.0019931875;0.2784204;-0.042499352;-0.022035796;0.26496795;-0.00022707712;-0.16504912;0.15792924;-0.007220357;-0.18265136;0.0;0.0;-1.147484;0.00030663735;0.0003320952;0.00033938786;73.028656;49.394783;0.013809917;984619.56;922174.06;0.25320256;4.3882525e-07;6.614823e-07;3.9344502e-07;0.0006506144;0.0008033566;1.8198707e-05;2.0997616e-06;3.998073e-06;3.044366e-05;1.0444853e-06;1.1916632e-06;2.833438e-05;1.0;1.0;4133.1357;25
658134203;657945496;0.94489574;-0.12031014;-0.06393571;0.29767415;-88.6717;18.185604;0.26868996;0.0;0.0;-0.5879229;-0.0049077086;-0.0036999003;-0.0020050807;0.27848208;-0.04288919;-0.022060085;0.26501563;-0.00022687385;-0.16499756;0.1579421;-0.0072319973;-0.18271698;0.0;0.0;-1.147484;0.0003083421;0.00033423153;0.00033966167;73.288475;49.60426;0.014125704;991996.25;927812.44;0.25647256;4.3787085e-07;6.625406e-07;3.934251e-07;0.0006506005;0.00080217636;1.8231416e-05;2.1010399e-06;3.996688e-06;3.0424228e-05;1.0441956e-06;1.1913298e-06;2.830729e-05;1.0;1.0;4143.523;25
658638619;658450154;0.9241751;-0.21438509;-0.08904209;0.30333334;-88.75062;18.07272;0.24927989;0.0;0.0;-0.61077416;-0.005008449;-0.0037800833;-0.0020374157;0.27833188;-0.043086756;-0.022132091;0.2650638;-0.0002258573;-0.1643827;0.15794976;-0.0072706034;-0.18332508;0.0;0.0;-1.147484;0.00030852476;0.00033486262;0.000339699;73.52653;49.77643;0.013896834;999268.25;933470.25;0.25435182;4.3589407e-07;6.6342204e-07;3.935219e-07;0.0006505591;0.0008009767;1.825843e-05;2.1017638e-06;3.9953093e-06;3.0255887e-05;1.0438994e-06;1.1908585e-06;2.8124567e-05;1.0;1.0;4153.8887;25
659133317;658944917;0.92690164;-0.19697386;-0.08191557;0.30877924;-88.95692;17.939547;0.1495409;0.0;0.0;-0.63516986;-0.0050897463;-0.0038759753;-0.0020506517;0.27814612;-0.043271326;-0.02217851;0.26509032;-0.00022409066;-0.16359153;0.15794806;-0.0073292386;-0.18409668;0.0;0.0;-1.147484;0.00030971543;0.0003360175;0.0003403194;68.33062;49.93831;0.013606503;915060.5;938761.2;0.25153202;4.3468822e-07;6.649895e-07;3.9441412e-07;0.0006491153;0.0007953896;1.827585e-05;2.0723292e-06;3.9946945e-06;2.9820076e-05;1.0429685e-06;1.1899606e-06;2.7762691e-05;1.0;1.0;4164.067;25
659628139;659439680;0.9453167;-0.053770233;-0.053348083;0.3172369;-88.941734;17.693277;0.22444832;0.0;0.0;-0.63473445;-0.005156129;-0.0039340197;-0.002082047;0.2780922;-0.043408975;-0.022215432;0.2651319;-0.00022340027;-0.163289;0.15795586;-0.007349768;-0.18440124;0.0;0.0;-1.147484;0.00031145095;0.00033803564;0.0003406786;68.577705;50.140156;0.01375811;921769.9;944360.6;0.2540737;4.3386711e-07;6.660092e-07;3.9460338e-07;0.00064909953;0.00079444447;1.830726e-05;2.0734244e-06;3.9932283e-06;2.9740599e-05;1.0427159e-06;1.1896457e-06;2.7668404e-05;1.0;1.0;4174.255;25
660132941;659944339;0.94534194;0.03138197;-0.061712075;0.31864628;-88.81789;17.466167;0.10069388;0.0;0.0;-0.6467108;-0.0052258167;-0.0039427835;-0.0021109234;0.27816248;-0.04364967;-0.022260763;0.26518732;-0.00022351419;-0.16331032;0.15796867;-0.0073571308;-0.184392;0.0;0.0;-1.147484;0.00031236315;0.00033957144;0.00033972564;68.83928;50.34779;0.013901116;928594.4;950099.6;0.25242373;4.326186e-07;6.6715097e-07;3.9437407e-07;0.00064907933;0.00079334027;1.8337605e-05;2.0745886e-06;3.991867e-06;2.9622282e-05;1.0425773e-06;1.1888495e-06;2.753689e-05;1.0;1.0;4184.6226;25
660637519;660448997;0.95229346;-0.005765332;0.03576976;0.30302542;-88.37382;17.493748;0.21554343;0.0;0.0;-0.63802487;-0.005254812;-0.0039057422;-0.0020996467;0.27816212;-0.043756146;-0.022292182;0.26520512;-0.00022344184;-0.16329817;0.15798114;-0.007368144;-0.18443699;0.0;0.0;-1.147484;0.0003100608;0.00033817807;0.00034041924;69.02651;50.47113;0.013599309;935262.6;955854.8;0.250642;4.3038594e-07;6.682058e-07;3.9471814e-07;0.000649014;0.0007920681;1.8355904e-05;2.075767e-06;3.991416e-06;2.9573106e-05;1.0421923e-06;1.1885463e-06;2.7492983e-05;1.0;1.0;4194.9316;25
661132234;660943760;0.95866364;0.0103583075;-0.000410665;0.28435275;-88.16241;17.421078;0.19490564;0.0;0.0;-0.62791646;-0.0052975975;-0.0038953212;-0.0020902646;0.27824944;-0.044002533;-0.022327662;0.26525086;-0.0002231877;-0.16330396;0.1579952;-0.0073794364;-0.18444628;0.0;0.0;-1.147484;0.00030980632;0.000338227;0.00034015212;69.243546;50.65389;0.013578132;941939.56;961524.5;0.25303942;4.2902505e-07;6.690171e-07;3.9444168e-07;0.00064896676;0.0007910017;1.8378973e-05;2.0766952e-06;3.9899664e-06;2.9544763e-05;1.0418431e-06;1.18819e-06;2.746312e-05;1.0;1.0;4204.963;25
661636962;661448422;0.97497064;-0.0013286475;-0.012105883;0.22200018;-87.96857;17.333712;0.18781501;0.0;0.0;-0.6342052;-0.005351495;-0.0039006388;-0.0020852592;0.27833295;-0.044237938;-0.022370124;0.26529938;-0.0002229768;-0.16332628;0.15801126;-0.0073861955;-0.18443772;0.0;0.0;-1.147484;0.00030936877;0.0003385123;0.0003398646;69.47325;50.82237;0.013471033;948784.75;967332.9;0.25112543;4.2748383e-07;6.6999337e-07;3.941914e-07;0.0006489165;0.0007899004;1.8402843e-05;2.077678e-06;3.9886204e-06;2.9521156e-05;1.0414004e-06;1.187926e-06;2.7436725e-05;1.0;1.0;4215.1465;25
662131826;661943182;0.9967347;0.003540129;-0.015234983;0.07921759;-87.96491;17.226246;0.1837825;0.0;0.0;-0.6316549;-0.005406949;-0.0039377115;-0.0020796484;0.27838904;-0.04437876;-0.022422738;0.2653444;-0.00022274203;-0.16336004;0.15802892;-0.0073770117;-0.18440449;0.0;0.0;-1.147484;0.00030857435;0.00033847723;0.0003402607;69.713425;50.980217;0.013203937;955511.06;973049.4;0.24825957;4.2599962e-07;6.7131305e-07;3.944295e-07;0.0006488623;0.00078888494;1.8424773e-05;2.0787872e-06;3.988086e-06;2.950545e-05;1.0406096e-06;1.1877505e-06;2.7419006e-05;1.0;1.0;4225.1074;25
662636304;662447840;0.99407005;0.01736403;-0.014165564;-0.10640777;-88.28373;17.021255;0.16698796;0.0;0.0;-0.647134;-0.0054918085;-0.0040585003;-0.002081683;0.2783827;-0.04438192;-0.02251759;0.2654023;-0.00022257224;-0.16348192;0.15805225;-0.007316756;-0.18425874;0.0;0.0;-1.147484;0.00030784364;0.00033813753;0.00033983053;69.97896;51.16273;0.013063013;962421.6;978903.9;0.25115147;4.2493122e-07;6.7226813e-07;3.940873e-07;0.00064880535;0.00078804384;1.8447094e-05;2.0789707e-06;3.9867514e-06;2.9486595e-05;1.0385951e-06;1.1869005e-06;2.7398237e-05;1.0;1.0;4235.2886;25
663131067;662942603;0.9568794;0.027907971;-0.02640698;-0.2879337;-88.95197;16.740803;0.16715468;0.0;0.0;-0.6731197;-0.005603915;-0.0042665317;-0.002123244;0.27832106;-0.044247378;-0.022637537;0.26547548;-0.00022310422;-0.16376139;0.15808803;-0.0071748625;-0.18392885;0.0;0.0;-1.147484;0.00030491367;0.00033678263;0.0003387088;70.25772;51.30245;0.012601045;969180.6;984663.25;0.24779984;4.2348555e-07;6.732116e-07;3.9345838e-07;0.00064873596;0.00078722165;1.846694e-05;2.0779605e-06;3.985326e-06;2.9466872e-05;1.0350005e-06;1.1843716e-06;2.7377477e-05;1.0;1.0;4245.3667;25
663636402;663447261;0.93585974;0.028318865;-0.013567237;-0.3509709;-89.798485;16.38913;0.14774297;0.0;0.0;-0.70682895;-0.005726958;-0.0045226114;-0.0022092373;0.2782274;-0.044040143;-0.022760687;0.26554808;-0.000224382;-0.16412058;0.1581366;-0.0069717546;-0.18349382;0.0;0.0;-1.147484;0.00030175832;0.00033575174;0.0003375443;70.5886;51.46666;0.012164952;976184.2;990562.8;0.2450806;4.2279257e-07;6.7463833e-07;3.9291285e-07;0.00064867525;0.0007865726;1.8491286e-05;2.0763416e-06;3.9840056e-06;2.9446272e-05;1.0302932e-06;1.1801748e-06;2.7354097e-05;1.0;1.0;4255.799;25
664130978;663942024;0.9604375;0.014665299;-0.010064712;-0.27792707;-90.515785;16.078247;0.13902542;0.0;0.0;-0.7325607;-0.00581837;-0.004736703;-0.0022661244;0.2781458;-0.04387461;-0.022864169;0.2656103;-0.00022523204;-0.16438071;0.15816826;-0.006820014;-0.18317342;0.0;0.0;-1.147484;0.00029868796;0.00033357315;0.00033731156;70.89251;51.6281;0.011896015;983046.75;996366.44;0.24611032;4.222023e-07;6.764753e-07;3.9294605e-07;0.00064861245;0.0007859968;1.8509443e-05;2.075494e-06;3.983494e-06;2.942628e-05;1.0267325e-06;1.177101e-06;2.7333303e-05;1.0;1.0;4266.1963;25
664635005;664446682;0.987838;0.01541918;-0.007075064;-0.15455872;-91.23055;15.731288;0.13099214;0.0;0.0;-0.7548488;-0.0058855745;-0.004947949;-0.002285511;0.27810937;-0.04381277;-0.022957351;0.26568633;-0.00022545306;-0.16457571;0.15818682;-0.006703974;-0.18292293;0.0;0.0;-1.147484;0.00029692132;0.00033240762;0.00033650655;71.192825;48.611958;0.011558596;989923.75;911188.56;0.24287687;4.2162824e-07;6.781959e-07;3.9246893e-07;0.000648348;0.0007848321;1.852686e-05;2.0746502e-06;3.982181e-06;2.940864e-05;1.0236854e-06;1.1748932e-06;2.7314405e-05;1.0;1.0;4276.955;25
665130013;664941445;0.99971396;0.008004296;-0.014028728;0.01764022;-91.72109;15.422904;0.13056631;0.0;0.0;-0.763174;-0.005917029;-0.0050961245;-0.002263324;0.27814034;-0.043899223;-0.023005527;0.26574525;-0.00022497615;-0.16462135;0.15819804;-0.006656947;-0.18284327;0.0;0.0;-1.147484;0.0002981148;0.00033384663;0.00033629176;71.508675;48.83117;0.011268681;997086.4;916509.6;0.23897542;4.2194975e-07;6.8003067e-07;3.9214288e-07;0.0006483136;0.0007845338;1.855335e-05;2.0750913e-06;3.980783e-06;2.9399549e-05;1.0219668e-06;1.1742017e-06;2.7301745e-05;1.0;1.0;4287.6167;25
665634727;665446103;0.9770248;-0.05841272;-0.028673477;0.20294952;-91.83471;15.226205;0.14579274;0.0;0.0;-0.77306515;-0.005938377;-0.0051556183;-0.0022303436;0.2782102;-0.043991696;-0.023022031;0.26578465;-0.00022439858;-0.1646053;0.1582097;-0.0066556977;-0.18285668;0.0;0.0;-1.147484;0.00030023712;0.00033477112;0.0003374221;66.57526;49.044155;0.011240233;913171.1;921790.3;0.24066257;4.2277128e-07;6.8225603e-07;3.9266936e-07;0.0006471224;0.00078025827;1.8565766e-05;2.04886e-06;3.980346e-06;2.9306004e-05;1.0207411e-06;1.1740449e-06;2.728673e-05;1.0;1.0;4298.5522;25
666139258;665950761;0.9217202;-0.050172217;-0.04412307;0.38205743;-91.85036;15.092564;0.12582487;0.0;0.0;-0.7922279;-0.0059625637;-0.005179826;-0.002223912;0.27831125;-0.04411732;-0.023001412;0.2658253;-0.00022390368;-0.16452512;0.15822056;-0.006672273;-0.18295044;0.0;0.0;-1.147484;0.00030298423;0.00033772193;0.0003380354;66.8717;49.33215;0.011109071;920040.2;927266.25;0.23784022;4.238939e-07;6.8415727e-07;3.9271194e-07;0.0006471088;0.00078013755;1.8596813e-05;2.0505884e-06;3.979056e-06;2.9296221e-05;1.0204216e-06;1.1735434e-06;2.7266236e-05;1.0;1.0;4309.5063;25
666633992;666445526;0.84523684;-0.040612683;-0.053095154;0.53019464;-91.72327;14.980314;0.12155132;0.0;0.0;-0.8072946;-0.0060023535;-0.0051784287;-0.0022521697;0.27831215;-0.044041153;-0.023001285;0.26588213;-0.00022364127;-0.16441575;0.15821037;-0.0066872104;-0.18308976;0.0;0.0;-1.147484;0.00030339987;0.00033866402;0.00033800886;67.12182;49.59505;0.011069911;926740.56;932654.2;0.2345829;4.2447604e-07;6.8584467e-07;3.9254115e-07;0.0006470805;0.0007799602;1.8619961e-05;2.0518444e-06;3.977674e-06;2.9270801e-05;1.0199933e-06;1.1715337e-06;2.722892e-05;1.0;1.0;4320.217;25
667128757;666940287;0.7628779;-0.05477035;-0.075040504;0.6398331;-91.58547;14.830795;0.09538203;0.0;0.0;-0.8152628;-0.0060521234;-0.005181951;-0.0023002457;0.27822217;-0.043820884;-0.023025127;0.26594576;-0.00022353794;-0.16432558;0.15817784;-0.0066921376;-0.18320724;0.0;0.0;-1.147484;0.00030262722;0.00033857522;0.00033868497;67.37071;49.875217;0.0112108905;933460.56;938067.1;0.23619957;4.2538105e-07;6.8805184e-07;3.9301568e-07;0.0006470505;0.00077977707;1.86415e-05;2.0531436e-06;3.9771935e-06;2.9236866e-05;1.0192601e-06;1.1684284e-06;2.718361e-05;1.0;1.0;4330.895;25
667633389;667444945;0.6850415;-0.046278376;-0.07018951;0.72363657;-91.560844;14.595558;0.07744396;0.0;0.0;-0.8358884;-0.006112821;-0.0052070734;-0.0023659277;0.27807152;-0.043555662;-0.023046682;0.26602733;-0.00022329985;-0.16420758;0.15811785;-0.0066956957;-0.18335164;0.0;0.0;-1.147484;0.00030122997;0.00033897674;0.0003383104;67.636566;50.172558;0.011308267;940400.2;943613.7;0.2344224;4.264966e-07;6.903366e-07;3.9296896e-07;0.0006470228;0.0007796589;1.8666717e-05;2.05364e-06;3.975922e-06;2.9170342e-05;1.0178633e-06;1.1632195e-06;2.710063e-05;1.0;1.0;4341.76;25
668137945;667949603;0.6112274;-0.043486223;-0.12872322;0.77970535;-91.65547;14.318902;0.071388975;0.0;0.0;-0.862445;-0.006178287;-0.005244887;-0.002426763;0.27789047;-0.043289278;-0.023068216;0.26611498;-0.00022277373;-0.16401999;0.1580422;-0.006705633;-0.18355629;0.0;0.0;-1.147484;0.00029916488;0.00033923204;0.00033758892;67.91222;50.48111;0.011436783;947385.06;949187.1;0.23297757;4.2779607e-07;6.9299585e-07;3.929431e-07;0.000646993;0.00077956275;1.8692854e-05;2.053603e-06;3.9746583e-06;2.9051525e-05;1.015907e-06;1.1566565e-06;2.6962567e-05;1.0;1.0;4352.6104;25
668632858;668444365;0.5737333;0.05487726;0.03915691;0.816263;-91.309685;14.091208;0.07275532;0.0;0.0;-0.8866372;-0.0062135532;-0.0052250074;-0.0024887596;0.27782747;-0.04315334;-0.023048254;0.26619568;-0.00022298597;-0.16411214;0.15799488;-0.0066718804;-0.18349989;0.0;0.0;-1.147484;0.00029551165;0.00033825805;0.0003379594;68.168945;50.765205;0.011688513;954238.25;954676.5;0.23554467;4.290713e-07;6.959817e-07;3.9348635e-07;0.0006469595;0.00077940576;1.8714498e-05;2.053717e-06;3.974196e-06;2.9017363e-05;1.0139831e-06;1.1513492e-06;2.6926251e-05;1.0;1.0;4363.2266;25
669137734;668949023;0.5334752;0.040683623;0.021534834;0.84456223;-90.64861;14.1261015;0.14240082;0.0;0.0;-0.90670186;-0.0062368494;-0.0051575587;-0.0025832416;0.2777505;-0.043040194;-0.022987897;0.26628226;-0.00022344763;-0.16412257;0.15795998;-0.0066052284;-0.18354072;0.0;0.0;-1.147484;0.00029061647;0.0003373354;0.00033746765;68.42222;51.036324;0.011637091;961275.8;960296.8;0.23457983;4.3016323e-07;6.990879e-07;3.9345778e-07;0.0006469065;0.000779243;1.8736066e-05;2.0528591e-06;3.972946e-06;2.8909997e-05;1.0115281e-06;1.145495e-06;2.6831234e-05;1.0;1.0;4373.93;25
669632538;669443786;0.5126215;0.03857919;-0.019026306;0.85753655;-90.4268;13.531682;-0.051352873;0.0;0.0;-0.9307558;-0.0062762913;-0.0051371264;-0.0026454693;0.2778473;-0.042939853;-0.02299275;0.26638427;-0.00022425818;-0.16480026;0.15790053;-0.0065513053;-0.18289395;0.0;0.0;-1.147484;0.00028657322;0.00033667395;0.00033484338;68.69796;51.339176;0.01235738;968237.1;965833.2;0.23312287;4.3133485e-07;7.02562e-07;3.9316237e-07;0.00064687955;0.00077914406;1.8759236e-05;2.0514894e-06;3.971606e-06;2.8588978e-05;1.008882e-06;1.1377207e-06;2.6516678e-05;1.0;1.0;4384.322;25
670127292;669938549;0.43048695;-0.11406834;0.024385406;0.89502776;-90.4293;13.608462;0.1111164;0.0;0.0;-0.9938148;-0.006325716;-0.0051492034;-0.002677757;0.27764407;-0.042695284;-0.022986718;0.26646543;-0.0002233437;-0.16450228;0.15782656;-0.006554408;-0.183216;0.0;0.0;-1.147484;0.00028146894;0.0003337708;0.00033552782;68.92681;51.570034;0.011957882;975062.4;971389.9;0.2362673;4.321359e-07;7.060863e-07;3.9360992e-07;0.00064678007;0.00077886635;1.8772931e-05;2.0512052e-06;3.9711626e-06;2.8485167e-05;1.0062863e-06;1.1328357e-06;2.6404568e-05;1.0;1.0;4394.6646;25
670631572;670443206;0.31146848;-0.07461912;0.036006063;0.94663775;-90.56315;13.143694;0.09234545;0.0;0.0;-1.0136522;-0.0063933157;-0.0051786806;-0.0026993935;0.27739474;-0.042272206;-0.023057133;0.26651043;-0.00022260194;-0.16442376;0.1577549;-0.0065462003;-0.1832857;0.0;0.0;-1.147484;0.0002761309;0.0003323456;0.00033467473;69.20908;51.834;0.012321631;982181.8;977086.56;0.23579963;4.3327003e-07;7.0994713e-07;3.9350638e-07;0.0006467296;0.00077872555;1.8795175e-05;2.0495638e-06;3.969934e-06;2.8454637e-05;1.0027063e-06;1.1253662e-06;2.63619e-05;1.0;1.0;4405.231;25
671136442;670947864;0.16442406;-0.08074109;0.015168417;0.9829626;-90.95182;12.735114;0.10585222;0.0;0.0;-1.0406482;-0.0064779148;-0.005210688;-0.0027121631;0.27708957;-0.04173424;-0.023164278;0.26652923;-0.00022181845;-0.16438279;0.15768167;-0.0065222066;-0.18328416;0.0;0.0;-1.147484;0.00026951102;0.00033054588;0.00033356494;69.505516;52.083126;0.012542278;989331.3;982806.9;0.23542757;4.3445468e-07;7.1395846e-07;3.9336285e-07;0.00064668903;0.00077858125;1.8817738e-05;2.0471348e-06;3.96871e-06;2.8430524e-05;1.0000026e-06;1.1171576e-06;2.6326312e-05;1.0;1.0;4415.842;25
671631335;671442626;-0.025864093;0.029815754;-0.14980036;0.9879281;-91.53064;12.337672;0.07108588;0.0;0.0;-1.0555122;-0.0065696654;-0.005225484;-0.0027597859;0.2769277;-0.041289125;-0.023268735;0.26650992;-0.00022213867;-0.16469158;0.15765291;-0.006444967;-0.18289442;0.0;0.0;-1.147484;0.000262638;0.00032955184;0.00033176522;69.840324;52.352337;0.012822876;996454.06;988443.6;0.23883745;4.361791e-07;7.1814816e-07;3.9316396e-07;0.0006466735;0.0007785039;1.884619e-05;2.0436278e-06;3.9673896e-06;2.8305409e-05;1e-06;1.1076753e-06;2.6194686e-05;1.0;1.0;4426.347;25
672135639;671947284;-0.23408765;-0.018504184;-0.012085064;0.9719643;-92.282555;12.007378;0.070220485;0.0;0.0;-1.0957979;-0.006658694;-0.0052216994;-0.002791677;0.27671683;-0.040740162;-0.023408143;0.2664544;-0.00022272715;-0.16497211;0.15765014;-0.0063480507;-0.1825151;0.0;0.0;-1.147484;0.00025379955;0.0003269459;0.00033098404;65.14854;52.53739;0.012725385;912489.7;994095.3;0.2386428;4.3768367e-07;7.224549e-07;3.9360225e-07;0.00064568734;0.000774632;1.8858773e-05;2.0152077e-06;3.967028e-06;2.8185268e-05;1.0000052e-06;1.0994917e-06;2.614663e-05;1.0;1.0;4437.1904;25
672630566;672442046;-0.35375082;-0.0063740155;-0.010009295;0.93526447;-93.37053;11.614784;0.0681581;0.0;0.0;-1.1332226;-0.0067443997;-0.005188703;-0.0028359538;0.2765431;-0.040176127;-0.023582648;0.2663442;-0.00022379929;-0.16524515;0.15769528;-0.006223319;-0.1820938;0.0;0.0;-1.147484;0.00024444106;0.00032393317;0.00032886068;65.47544;52.719574;0.012611599;918960.7;999767.5;0.23723857;4.3904814e-07;7.265702e-07;3.9316006e-07;0.00064567354;0.0007744441;1.8879005e-05;2.0106074e-06;3.9657093e-06;2.8167487e-05;1.0000017e-06;1.0906069e-06;2.6127365e-05;1.0;1.0;4448.0303;25
673135332;672946704;-0.28479153;-0.016551137;-0.0092628645;0.9584019;-94.45925;11.17398;0.01715168;0.0;0.0;-1.1795561;-0.0068051196;-0.005124193;-0.0028983685;0.27644712;-0.039698154;-0.023748698;0.26622456;-0.00022534422;-0.16552442;0.15776445;-0.0060917237;-0.18166019;0.0;0.0;-1.147484;0.00023505311;0.0003203154;0.0003268211;65.80108;49.819805;0.012570784;925463.9;914165.75;0.23636118;4.4057938e-07;7.3077524e-07;3.9277575e-07;0.000645459;0.0007737244;1.8895107e-05;2.0059974e-06;3.9644724e-06;2.8147813e-05;1e-06;1.0824267e-06;2.6107396e-05;1.0;1.0;4459.3257;25
673629786;673441467;-0.05227619;-0.005861217;-0.016908104;0.99847233;-95.11425;10.780356;-0.0067426055;0.0;0.0;-1.2193933;-0.006834759;-0.005072605;-0.0028922504;0.27637157;-0.03941755;-0.02386643;0.26615793;-0.00022515364;-0.16562454;0.1577713;-0.006032297;-0.18143715;0.0;0.0;-1.147484;0.00022870713;0.00032020285;0.00032673022;66.16655;50.07135;0.0126639055;932161.2;919382.9;0.23924622;4.428851e-07;7.3515463e-07;3.932712e-07;0.0006454676;0.00077366305;1.892684e-05;2.00367e-06;3.964037e-06;2.8128901e-05;1.0000055e-06;1.0767818e-06;2.6083508e-05;1.0;1.0;4470.608;25
674134595;673946124;0.20901039;-0.0044324235;0.05165001;0.9765385;-95.66929;10.184493;0.010114117;0.0;0.0;-1.2564924;-0.006849806;-0.005002647;-0.0029245086;0.276295;-0.039165847;-0.023962084;0.26616782;-0.00022525937;-0.16579686;0.15774189;-0.0059752082;-0.18119921;0.0;0.0;-1.147484;0.0002230389;0.00031944952;0.00032559823;66.47569;50.2957;0.012781443;938983.8;924719.75;0.2383401;4.4499308e-07;7.3936116e-07;3.931438e-07;0.00064546836;0.000773538;1.8953897e-05;2.0008554e-06;3.9628135e-06;2.8117593e-05;1.0000005e-06;1.0712749e-06;2.6071446e-05;1.0;1.0;4482.2505;25
674629251;674440886;0.4525058;0.061907556;-0.03564685;0.8888956;-95.77867;9.742117;0.020645427;0.0;0.0;-1.2554023;-0.0068495846;-0.004953328;-0.0029807996;0.2762549;-0.039044224;-0.024000527;0.26623598;-0.00022551668;-0.16600208;0.15768152;-0.005956281;-0.1810042;0.0;0.0;-1.147484;0.00021991214;0.00031844917;0.00032449266;66.74367;50.521004;0.012802699;945709.6;929973.2;0.23667124;4.4711484e-07;7.432391e-07;3.928585e-07;0.0006454608;0.0007733868;1.8979466e-05;1.99929e-06;3.9614993e-06;2.808998e-05;1e-06;1.0674073e-06;2.6043308e-05;1.0;1.0;4493.7163;25
675134382;674945545;0.68094957;0.05137455;-0.081243336;0.72599447;-95.511444;9.301943;-0.0043345974;0.0;0.0;-1.2427648;-0.0068477686;-0.0049254163;-0.0030370976;0.2762615;-0.038928524;-0.024047751;0.2663109;-0.00022609236;-0.1662974;0.15762636;-0.005962076;-0.18074435;0.0;0.0;-1.147484;0.00021989441;0.00031724962;0.00032441362;67.01001;50.79558;0.013090855;952633.1;935362.94;0.24077573;4.4974055e-07;7.471605e-07;3.9330072e-07;0.00064545055;0.0007732262;1.90075e-05;1.9997299e-06;3.9611746e-06;2.801673e-05;1.0000034e-06;1.0651722e-06;2.5969131e-05;1.0;1.0;4505.3696;25
675638673;675450202;0.85562974;0.022439793;-0.04784933;0.5148833;-95.28622;8.809834;-0.08623893;0.0;0.0;-1.2333441;-0.0068449466;-0.004905444;-0.0030856337;0.27627248;-0.038823403;-0.024093965;0.26638445;-0.00022637342;-0.16647443;0.1575825;-0.005995549;-0.18061648;0.0;0.0;-1.147484;0.00022166345;0.00031496756;0.00032334364;67.256355;51.067703;0.013147617;959559.3;940769.56;0.24018748;4.5216527e-07;7.508044e-07;3.9288142e-07;0.00064542535;0.0007730021;1.9033116e-05;2.0005484e-06;3.9599704e-06;2.7923366e-05;1.0000024e-06;1.0636347e-06;2.5870337e-05;1.0;1.0;4516.96;25
676133578;675944964;0.9750462;0.0018405231;0.032933433;0.21953818;-95.00226;8.600244;0.020448593;0.0;0.0;-1.2203034;-0.0068394914;-0.0049097184;-0.003087133;0.27625448;-0.03877514;-0.024107832;0.266426;-0.00022604241;-0.16648568;0.15757784;-0.0060064476;-0.18064913;0.0;0.0;-1.147484;0.00022323302;0.00031159053;0.00032307618;67.47545;51.300926;0.012833923;966332.0;946087.94;0.2386138;4.5455616e-07;7.5419615e-07;3.9210667e-07;0.0006453899;0.0007727018;1.9054422e-05;2.0016691e-06;3.958675e-06;2.7906579e-05;1e-06;1.0623149e-06;2.5852642e-05;1.0;1.0;4528.258;25
676638299;676449621;0.9864798;-0.123749696;-0.008102601;-0.1071359;-95.33215;8.1883335;0.054683354;0.0;0.0;-1.2170839;-0.0068613985;-0.00491145;-0.0030299297;0.27630812;-0.038711775;-0.02420977;0.26647958;-0.00022559694;-0.16663021;0.15762766;-0.005942168;-0.18050046;0.0;0.0;-1.147484;0.00022398394;0.000308866;0.00032291206;67.754265;51.585926;0.012712875;973327.44;951545.6;0.24245647;4.5744954e-07;7.5793554e-07;3.9136643e-07;0.00064536027;0.0007724244;1.9080637e-05;2.0021907e-06;3.957482e-06;2.7877499e-05;1e-06;1.0600695e-06;2.5823776e-05;1.0;1.0;4539.749;25
677132709;676944383;0.93954396;0.0126911765;-0.025616128;-0.341233;-95.99595;8.003772;-0.0028576283;0.0;0.0;-1.2590102;-0.00689373;-0.0049171112;-0.0029982324;0.2764643;-0.038795736;-0.024315549;0.2665435;-0.00022583833;-0.1669158;0.15770553;-0.0058140093;-0.18017091;0.0;0.0;-1.147484;0.00022321059;0.00030801914;0.00032327411;68.116905;51.8897;0.012140219;980339.1;956918.94;0.2402589;4.6037056e-07;7.6199603e-07;3.9135105e-07;0.00064534927;0.0007722129;1.9115723e-05;2.0023997e-06;3.957079e-06;2.7831327e-05;1.0000042e-06;1.0571504e-06;2.5775478e-05;1.0;1.0;4551.132;25
677627749;677439145;0.8292097;0.017340984;-0.0076825973;-0.5586159;-97.06663;7.491709;0.015002182;0.0;0.0;-1.3227323;-0.006924509;-0.004924829;-0.0030455522;0.2766198;-0.038945045;-0.024438145;0.2665663;-0.00022706467;-0.16708004;0.15781446;-0.00564123;-0.17991161;0.0;0.0;-1.147484;0.00021979291;0.0003058616;0.0003223033;68.458244;52.134346;0.011834648;987264.2;962309.0;0.23767683;4.6333145e-07;7.6592363e-07;3.9061015e-07;0.0006453168;0.000771909;1.9142659e-05;2.00051e-06;3.9557995e-06;2.78282e-05;1.000001e-06;1.0529983e-06;2.577037e-05;1.0;1.0;4562.724;25
678132417;677943803;0.7285014;0.020401983;-0.0020793884;-0.6847374;-98.23048;6.8879037;0.0058117765;0.0;0.0;-1.3803239;-0.006930576;-0.004941786;-0.0031409757;0.27681947;-0.039265838;-0.024535429;0.2665288;-0.00022873865;-0.16718131;0.15791628;-0.0054774177;-0.17965917;0.0;0.0;-1.147484;0.00021578773;0.00030495657;0.0003215897;68.85102;52.427433;0.011700316;994437.94;967843.6;0.2403423;4.6684028e-07;7.702316e-07;3.9020154e-07;0.0006453007;0.00077168;1.9176125e-05;1.997924e-06;3.954617e-06;2.7828139e-05;1e-06;1.0481336e-06;2.5766345e-05;1.0;1.0;4574.804;25
678636821;678448461;0.748812;0.061759558;-0.043345857;-0.6584736;-99.27609;6.2888036;-0.0065929997;0.0;0.0;-1.4247229;-0.006914091;-0.004959092;-0.003222285;0.27696913;-0.03955749;-0.02461367;0.26647314;-0.00023011051;-0.16720548;0.15799513;-0.005354495;-0.17949905;0.0;0.0;-1.147484;0.00021156005;0.00030316736;0.0003217953;64.32844;52.645527;0.011454892;910568.1;973341.5;0.23814537;4.7025264e-07;7.745496e-07;3.9048473e-07;0.00064444944;0.00076794246;1.9192892e-05;1.9728827e-06;3.954298e-06;2.7750883e-05;1.0000055e-06;1.0440161e-06;2.5755053e-05;1.0;1.0;4587.1484;25
679131580;678943222;0.7633836;0.08207823;-0.055871766;-0.6382688;-99.99428;5.6152496;-0.013300163;0.0;0.0;-1.4613556;-0.0068715815;-0.0049822927;-0.003322676;0.27715093;-0.039974626;-0.02468946;0.2663534;-0.00023170043;-0.16705732;0.1580981;-0.0052448898;-0.17946798;0.0;0.0;-1.147484;0.00020791212;0.00030110846;0.0003207767;64.665016;52.88118;0.011242289;916931.1;978803.56;0.23499419;4.7358756e-07;7.7875734e-07;3.8991695e-07;0.0006444167;0.0007676015;1.9215187e-05;1.9703277e-06;3.953017e-06;2.7730326e-05;1.0000025e-06;1.0401338e-06;2.572489e-05;1.0;1.0;4599.509;25
679636197;679447879;0.77122253;0.10011145;-0.057989195;-0.62596387;-100.0;4.945517;-0.012652095;0.0;0.0;-1.5051476;-0.0068113212;-0.0050100735;-0.003426181;0.27737507;-0.04047858;-0.024741713;0.26621425;-0.00023351295;-0.16689156;0.15820047;-0.005154041;-0.17944148;0.0;0.0;-1.147484;0.000205131;0.00029901118;0.0003200622;65.00456;53.139;0.011212589;923435.25;984405.06;0.23708057;4.7717333e-07;7.831525e-07;3.895123e-07;0.00064437994;0.0007672455;1.9236202e-05;1.9680926e-06;3.9518304e-06;2.768513e-05;1.000001e-06;1.0367384e-06;2.5668085e-05;1.0;1.0;4612.1577;25
680131021;679942641;0.8124279;0.01199029;-0.0014125726;-0.5829368;-99.94453;4.339532;0.017474245;0.0;0.0;-1.5268391;-0.006752763;-0.005038481;-0.003513847;0.27760765;-0.040974263;-0.024800438;0.26611137;-0.00023530526;-0.16681834;0.15827954;-0.0050861333;-0.17935051;0.0;0.0;-1.147484;0.00020333356;0.0002976076;0.0003203787;65.346924;53.404644;0.0110866865;929874.3;989919.06;0.23391366;4.8067665e-07;7.874143e-07;3.8977728e-07;0.00064434705;0.00076683844;1.9258328e-05;1.967025e-06;3.9514257e-06;2.761763e-05;1.0000056e-06;1.0341404e-06;2.5589652e-05;1.0;1.0;4624.5444;25
680635620;680447299;0.8800013;-0.003084923;-0.005598842;-0.47492823;-99.978775;3.639083;-0.01820514;0.0;0.0;-1.5605234;-0.006652756;-0.0050765187;-0.0035273193;0.27796602;-0.041717228;-0.024860878;0.2661184;-0.00023594097;-0.16707021;0.15833256;-0.004985603;-0.17896412;0.0;0.0;-1.147484;0.0002023378;0.00029660072;0.00031984368;65.688;53.69503;0.010894066;936512.56;995566.56;0.23151262;4.8429706e-07;7.917306e-07;3.8935346e-07;0.0006443335;0.00076634996;1.928081e-05;1.9649904e-06;3.9502374e-06;2.761296e-05;1.0000037e-06;1.0306651e-06;2.5583337e-05;1.0;1.0;4637.177;25
681130528;680942061;0.94781315;0.008057431;-0.0036733802;-0.31870335;-100.00398;2.965016;-0.028420255;0.0;0.0;-1.580806;-0.00655042;-0.005117711;-0.0034966927;0.27830014;-0.04249297;-0.024926914;0.26615235;-0.0002355392;-0.1672445;0.158386;-0.0048883753;-0.17867547;0.0;0.0;-1.147484;0.00020313801;0.0002962309;0.0003194826;66.01415;51.0615;0.010783074;943053.5;910125.9;0.23272581;4.87975e-07;7.95929e-07;3.8877758e-07;0.00064413314;0.0007655035;1.930463e-05;1.963851e-06;3.948931e-06;2.7610804e-05;1.0000009e-06;1.0278758e-06;2.5578815e-05;1.0;1.0;4649.557;25
681635317;681446718;0.99059016;0.009838651;-0.0044447756;-0.13643597;-100.08721;2.3890083;-0.032162577;0.0;0.0;-1.5929412;-0.0064624264;-0.0051570185;-0.0034215422;0.2785911;-0.043176867;-0.025001122;0.26620513;-0.00023430519;-0.16735719;0.15845217;-0.0047991737;-0.17848283;0.0;0.0;-1.147484;0.00020493046;0.00029530894;0.00031929355;66.31361;51.393265;0.010556024;949749.9;915314.06;0.23024471;4.916264e-07;8.0003286e-07;3.8814125e-07;0.000644116;0.00076486694;1.9323412e-05;1.9635545e-06;3.947756e-06;2.7610942e-05;1e-06;1.0257438e-06;2.557638e-05;1.0;1.0;4662.182;25
682130022;681941480;0.9990053;0.010072374;-0.0044561354;0.043210432;-99.988495;1.9913923;-0.036530443;0.0;0.0;-1.5842835;-0.006408465;-0.005178787;-0.003321915;0.27875224;-0.043607946;-0.025084896;0.2662477;-0.00023254265;-0.16739519;0.1585062;-0.0047354563;-0.17840113;0.0;0.0;-1.147484;0.00020743604;0.00029450568;0.00032008984;66.5907;51.742092;0.010344782;956350.9;920426.0;0.22712089;4.952991e-07;8.03945e-07;3.8812195e-07;0.00064410263;0.00076418696;1.9340077e-05;1.9644183e-06;3.9473653e-06;2.7611937e-05;1.0000036e-06;1.0243297e-06;2.557472e-05;1.0;1.0;4674.5483;25
682634695;682446137;0.97686577;0.008413427;-0.01212121;0.21334419;-99.98961;1.6843016;-0.005515069;0.0;0.0;-1.5561726;-0.006373269;-0.0051839473;-0.003206455;0.27887133;-0.043922655;-0.025170965;0.26629072;-0.00023046436;-0.16739814;0.15856625;-0.0046839165;-0.17838068;0.0;0.0;-1.147484;0.0002106482;0.00029447945;0.0003202945;66.86052;52.1421;0.010276257;963181.0;925675.9;0.22900787;4.9927274e-07;8.077394e-07;3.8745395e-07;0.0006440964;0.0007635599;1.9361105e-05;1.9655422e-06;3.9461997e-06;2.7614276e-05;1.0000018e-06;1.0229361e-06;2.557315e-05;1.0;1.0;4687.1553;25
683129713;682940898;0.9541393;-0.0012203731;-0.0164643;0.29890752;-99.88537;1.462052;-0.010885849;0.0;0.0;-1.5248772;-0.0063600536;-0.0051740273;-0.0031142915;0.2789302;-0.04404749;-0.025253145;0.26633576;-0.00022877757;-0.1673715;0.15861791;-0.0046578073;-0.17842077;0.0;0.0;-1.147484;0.00021310408;0.00029362668;0.00032020485;67.09086;52.521046;0.010135299;969845.7;930839.7;0.22602716;5.0306596e-07;8.1117867e-07;3.8666397e-07;0.00064408826;0.0007628123;1.9373372e-05;1.9665608e-06;3.9449415e-06;2.7615832e-05;1e-06;1.0215794e-06;2.5570433e-05;1.0;1.0;4699.5063;25
683633887;683445555;0.9574321;0.0019203152;-0.017903196;0.28809652;-99.76428;1.2804546;0.0146040395;0.0;0.0;-1.4864833;-0.0063518113;-0.0051665693;-0.0030458851;0.27898142;-0.044163745;-0.02532822;0.2663774;-0.00022752091;-0.16736045;0.15865743;-0.004640836;-0.1784452;0.0;0.0;-1.147484;0.00021577693;0.00029314702;0.0003212861;67.333664;52.92153;0.0100143505;976690.5;936136.25;0.22394428;5.0705705e-07;8.147223e-07;3.867871e-07;0.0006440864;0.00076205976;1.9384752e-05;1.968124e-06;3.944663e-06;2.7617787e-05;1.0000051e-06;1.0204681e-06;2.5568257e-05;1.0;1.0;4712.0728;25
684128647;683940317;0.96165013;-0.00085097685;-0.01900763;0.27361843;-99.66939;1.1088682;0.016606955;0.0;0.0;-1.4633436;-0.006345112;-0.005157447;-0.0029691863;0.279004;-0.044164516;-0.025398456;0.26641896;-0.00022617805;-0.16734475;0.15869856;-0.004621983;-0.17848104;0.0;0.0;-1.147484;0.00021849302;0.00029276597;0.0003213081;67.56303;53.316525;0.01001154;983431.5;941357.4;0.22534421;5.1091445e-07;8.178254e-07;3.860858e-07;0.00064408313;0.00076136284;1.9393656e-05;1.969189e-06;3.9434144e-06;2.761911e-05;1.0000019e-06;1.0193012e-06;2.5566034e-05;1.0;1.0;4724.3687;25
684633559;684444974;0.96000147;-0.0019770893;-0.019972531;0.27927503;-99.57962;0.9413264;0.054037515;0.0;0.0;-1.4235158;-0.006334651;-0.0051482734;-0.00289282;0.27905095;-0.04424351;-0.025461197;0.2664656;-0.00022482783;-0.16733761;0.15874004;-0.0046023903;-0.17850776;0.0;0.0;-1.147484;0.00022227596;0.00029420297;0.00032177175;67.83039;53.77605;0.00991865;990447.56;946716.75;0.22341269;5.1511637e-07;8.208452e-07;3.8558164e-07;0.00064409536;0.00076065905;1.9409375e-05;1.9706702e-06;3.9422684e-06;2.7621698e-05;1.0000008e-06;1.0182159e-06;2.556394e-05;1.0;1.0;4736.885;25
685128111;684939736;0.9558973;0.0047488105;-0.011624273;0.29343277;-99.48959;0.813257;0.035996325;0.0;0.0;-1.384698;-0.0063307066;-0.005140323;-0.0028274024;0.27906126;-0.04424017;-0.025540106;0.26650625;-0.00022372064;-0.16731387;0.1587741;-0.004588927;-0.17854832;0.0;0.0;-1.147484;0.00022489151;0.00029383105;0.0003226534;68.060875;54.16828;0.009838879;997234.2;951982.6;0.22088562;5.1874844e-07;8.2367353e-07;3.8566844e-07;0.00064409553;0.000759902;1.9409546e-05;1.9720756e-06;3.941906e-06;2.7622658e-05;1.0000041e-06;1.0173251e-06;2.5561552e-05;1.0;1.0;4749.135;25
685632936;685444393;0.95614636;0.0034022299;-0.00797793;0.29276082;-99.36828;0.66389984;0.06798645;0.0;0.0;-1.3531629;-0.006323324;-0.005126144;-0.002757149;0.27907944;-0.044193555;-0.025593657;0.2665471;-0.00022254238;-0.16730689;0.15880926;-0.004574061;-0.1785783;0.0;0.0;-1.147484;0.00022817342;0.00029403702;0.00032294545;63.5525;54.52852;0.009902859;912987.44;957378.4;0.22316583;5.225451e-07;8.2621307e-07;3.8517274e-07;0.0006433995;0.0007561238;1.9401505e-05;1.9520037e-06;3.9407596e-06;2.7555017e-05;1.0000026e-06;1.0162361e-06;2.5555953e-05;1.0;1.0;4761.605;25
686137412;685949050;0.9547286;0.002581909;-0.006608382;0.29739383;-99.27577;0.50285554;0.0638969;0.0;0.0;-1.3109901;-0.006311054;-0.0051097693;-0.0026897124;0.2791156;-0.044193693;-0.025631627;0.26658922;-0.00022141555;-0.16732025;0.15884377;-0.0045592776;-0.17859125;0.0;0.0;-1.147484;0.00023230637;0.00029619373;0.00032350025;63.822056;55.014107;0.009863655;919517.56;962823.0;0.22151765;5.2652535e-07;8.2860305e-07;3.8475355e-07;0.0006434182;0.0007555006;1.9412799e-05;1.9536374e-06;3.939628e-06;2.7558151e-05;1.000001e-06;1.0153163e-06;2.555439e-05;1.0;1.0;4774.049;25
686633028;686443812;0.95059294;0.007839998;-0.019561246;0.3097242;-99.18959;0.3228911;0.08164395;0.0;0.0;-1.2544653;-0.006301548;-0.005099239;-0.002633296;0.27913803;-0.044224173;-0.02568166;0.26662678;-0.0002204406;-0.16730599;0.15887281;-0.004549501;-0.1786248;0.0;0.0;-1.147484;0.00023609183;0.0002979154;0.00032470666;64.08274;55.471584;0.009844054;925934.0;968183.6;0.21933669;5.3019386e-07;8.3097217e-07;3.8498285e-07;0.0006434348;0.0007548976;1.9418592e-05;1.9555205e-06;3.9392767e-06;2.7560593e-05;1.000004e-06;1.0145815e-06;2.555237e-05;1.0;1.0;4786.226;25
687137170;686948468;0.9467015;0.0031308224;-0.01227677;0.32186314;-99.09065;0.18850328;0.0764346;0.0;0.0;-1.2112726;-0.006292159;-0.0050785807;-0.0025757633;0.27915987;-0.04417081;-0.025720652;0.26666948;-0.0002194371;-0.16728449;0.15890208;-0.0045425342;-0.17867279;0.0;0.0;-1.147484;0.00023962777;0.0002992273;0.0003250034;64.333305;55.923504;0.009850297;932492.06;973674.5;0.21794221;5.335695e-07;8.32828e-07;3.845607e-07;0.0006434445;0.0007543101;1.9419887e-05;1.957015e-06;3.9381544e-06;2.7562543e-05;1.0000031e-06;1.0137494e-06;2.554971e-05;1.0;1.0;4798.6177;25
687631729;687443230;0.9442812;0.00243126;-0.013363905;0.32885945;-98.95629;0.02946679;0.11905128;0.0;0.0;-1.1896707;-0.0062782625;-0.005051046;-0.0025182783;0.27920017;-0.04404038;-0.025717136;0.26670706;-0.00021850703;-0.16729024;0.15893021;-0.004534913;-0.17869933;0.0;0.0;-1.147484;0.00024418076;0.0003021425;0.00032553208;64.60525;56.424152;0.009964889;939053.4;979102.2;0.21994077;5.371856e-07;8.3459696e-07;3.8414973e-07;0.00064346497;0.00075386756;1.9432731e-05;1.9587465e-06;3.936939e-06;2.756598e-05;1.000001e-06;1.0129561e-06;2.5547957e-05;1.0;1.0;4810.7383;25
688136693;687947887;0.946769;0.00057023234;-0.007738396;0.32182032;-98.82885;-0.08115153;0.10042066;0.0;0.0;-1.1480125;-0.0062658605;-0.005022462;-0.0024602727;0.27922797;-0.043949485;-0.025748923;0.26674905;-0.00021756729;-0.16728823;0.15895851;-0.0045284615;-0.17873017;0.0;0.0;-1.147484;0.00024776775;0.0003036509;0.0003258584;64.859314;56.87994;0.009996645;945697.1;984647.1;0.2187686;5.4014544e-07;8.360137e-07;3.837632e-07;0.0006434694;0.00075335935;1.9432066e-05;1.9602853e-06;3.9358256e-06;2.7567949e-05;1e-06;1.0122013e-06;2.5545827e-05;1.0;1.0;4823.079;25
688630968;688442648;0.9475951;0.0032278567;-0.0065601077;0.31939042;-98.72963;-0.23181428;0.10232806;0.0;0.0;-1.1115392;-0.006253933;-0.004995309;-0.0024144917;0.27925643;-0.043846812;-0.025760503;0.2667847;-0.0002168231;-0.16728501;0.15898085;-0.0045245895;-0.17876141;0.0;0.0;-1.147484;0.00025209688;0.00030620344;0.00032718407;65.13463;57.36945;0.010140092;952305.75;990124.0;0.22100912;5.433311e-07;8.377969e-07;3.840909e-07;0.0006434804;0.0007529734;1.9439756e-05;1.9623412e-06;3.93549e-06;2.7570793e-05;1.0000041e-06;1.0116153e-06;2.5544565e-05;1.0;1.0;4835.1445;25
689135771;688947305;0.9439075;0.002953732;-0.0073811305;0.33011445;-98.58421;-0.3513458;0.110914364;0.0;0.0;-1.087358;-0.006239051;-0.004960118;-0.0023678958;0.27930272;-0.043710858;-0.025752448;0.26682338;-0.00021602752;-0.16727605;0.15900329;-0.004522052;-0.17880154;0.0;0.0;-1.147484;0.0002564258;0.0003088349;0.0003276587;65.40742;57.85995;0.010195795;959084.2;995733.56;0.22008297;5.46213e-07;8.390116e-07;3.837904e-07;0.0006434858;0.0007525816;1.9444615e-05;1.964084e-06;3.934386e-06;2.757315e-05;1.0000011e-06;1.0109491e-06;2.5542175e-05;1.0;1.0;4847.422;25
689630689;689442067;0.9426814;0.0023336746;-0.011975371;0.3334712;-98.436874;-0.43206492;0.10043304;0.0;0.0;-1.0694066;-0.0062271757;-0.0049206293;-0.0023210195;0.27934346;-0.043537483;-0.025756877;0.26686144;-0.00021525718;-0.1672652;0.15902458;-0.004520276;-0.17884037;0.0;0.0;-1.147484;0.00026019063;0.00031096148;0.0003278715;65.655594;55.40286;0.010261619;965730.8;910232.9;0.2186039;5.4859925e-07;8.398917e-07;3.8338294e-07;0.00064329396;0.00075198675;1.9445122e-05;1.965635e-06;3.9331503e-06;2.7574079e-05;1e-06;1.0103156e-06;2.5539757e-05;1.0;1.0;4859.426;25
690135087;689946723;0.9419766;-0.0005092584;-0.022514079;0.33492228;-98.28549;-0.5078881;0.10351041;0.0;0.0;-1.0410157;-0.006219392;-0.0048821336;-0.0022845569;0.27937636;-0.043397773;-0.02577557;0.26689547;-0.0002146363;-0.16725095;0.15904096;-0.0045200037;-0.17887387;0.0;0.0;-1.147484;0.00026361493;0.00031244746;0.0003289757;65.91133;55.837723;0.010348548;972508.9;915379.0;0.21793936;5.5070944e-07;8.411057e-07;3.8375765e-07;0.0006432775;0.0007516412;1.944111e-05;1.9675574e-06;3.932924e-06;2.7575506e-05;1.0000024e-06;1.0097976e-06;2.553795e-05;1.0;1.0;4871.632;25
690629953;690441485;0.9387334;-0.06530985;-0.043886326;0.33554178;-98.279236;-0.6242623;0.105149895;0.0;0.0;-1.0078949;-0.0062219733;-0.0048716096;-0.0022571187;0.27941474;-0.043322846;-0.02579918;0.26693618;-0.00021404495;-0.1672164;0.1590588;-0.0045250715;-0.17892848;0.0;0.0;-1.147484;0.00026776717;0.0003147149;0.00032912436;66.16784;56.303078;0.010508854;979223.0;920457.6;0.22064938;5.527358e-07;8.417951e-07;3.8336825e-07;0.0006432654;0.00075138506;1.9444544e-05;1.9691176e-06;3.931735e-06;2.7554075e-05;1.0000014e-06;1.0090712e-06;2.550829e-05;1.0;1.0;4883.5703;25
691134477;690946141;0.9231649;-0.15752357;-0.07785917;0.34189314;-98.349335;-0.6941894;0.123786494;0.0;0.0;-0.9808626;-0.0062482;-0.0048904316;-0.0022392296;0.27942854;-0.043230545;-0.025844103;0.26697764;-0.0002134214;-0.16707423;0.15907447;-0.0045400457;-0.17907815;0.0;0.0;-1.147484;0.00027071883;0.0003153543;0.0003288687;66.39655;56.68849;0.010579098;985995.8;925644.06;0.22011863;5.538404e-07;8.4215867e-07;3.8297966e-07;0.0006432239;0.0007511005;1.9434245e-05;1.9704416e-06;3.930649e-06;2.745826e-05;1.000001e-06;1.008165e-06;2.540122e-05;1.0;1.0;4895.7505;25
691629460;691440903;0.9354817;0.009245434;-0.0076391003;0.3531715;-98.299545;-0.8502552;0.13231997;0.0;0.0;-0.9697338;-0.006249441;-0.004879637;-0.0022172614;0.27946705;-0.043154363;-0.025837174;0.26700455;-0.00021283119;-0.16696893;0.15908688;-0.0045490465;-0.17919385;0.0;0.0;-1.147484;0.00027510145;0.000317939;0.00032980362;66.66226;57.153595;0.010822585;992772.75;930776.5;0.22293645;5.5580625e-07;8.4324694e-07;3.8340877e-07;0.00064319844;0.00075095415;1.9439995e-05;1.9723984e-06;3.9303363e-06;2.7384964e-05;1.0000031e-06;1.0074962e-06;2.5318996e-05;1.0;1.0;4907.73;25
692134025;691945559;0.93690735;0.06211731;0.00047286582;0.34401444;-98.10122;-0.88695604;0.13095897;0.0;0.0;-0.9464474;-0.006217985;-0.0048085996;-0.002180294;0.2795179;-0.043067086;-0.025822649;0.26703572;-0.00021213607;-0.16690132;0.1591018;-0.0045553264;-0.17928691;0.0;0.0;-1.147484;0.00027877008;0.00032013448;0.0003300739;66.910194;57.600407;0.010883371;999674.1;936030.94;0.22262482;5.571252e-07;8.435985e-07;3.8324012e-07;0.00064315734;0.00075083197;1.9440342e-05;1.973889e-06;3.929258e-06;2.73758e-05;1.0000017e-06;1.0070158e-06;2.5309018e-05;1.0;1.0;4919.9014;25
692628796;692440321;0.93891;0.014697645;-0.019869277;0.3432744;-97.86412;-1.0836526;0.112350635;0.0;0.0;-0.9233992;-0.0061836685;-0.004742387;-0.0021476413;0.27957204;-0.043007374;-0.02579746;0.26706627;-0.00021147662;-0.16684899;0.15911613;-0.0045626666;-0.17937058;0.0;0.0;-1.147484;0.0002835302;0.00032344146;0.00033049614;62.596783;58.015656;0.011019891;915046.94;941222.2;0.22177683;5.588462e-07;8.4409925e-07;3.8306183e-07;0.0006425429;0.0007478834;1.9436795e-05;1.9554527e-06;3.928082e-06;2.729975e-05;1.0000003e-06;1.0064196e-06;2.5292646e-05;1.0;1.0;4931.77;25
693133491;692944977;0.93913984;0.0073049995;-0.011035661;0.34328008;-97.73806;-1.1842849;0.101106435;0.0;0.0;-0.9088505;-0.0061733527;-0.004697608;-0.0021270055;0.27962053;-0.04294137;-0.02579589;0.2670918;-0.0002110279;-0.16682369;0.1591251;-0.00456665;-0.17940964;0.0;0.0;-1.147484;0.00028733764;0.00032587265;0.00033160372;62.842083;58.452305;0.011134822;921369.56;946532.3;0.22168551;5.599955e-07;8.4484793e-07;3.8357857e-07;0.0006424948;0.00074782444;1.943958e-05;1.9573235e-06;3.927877e-06;2.7300019e-05;1.0000017e-06;1.0060226e-06;2.5290172e-05;1.0;1.0;4943.839;25
693637991;693449634;0.9412751;-0.0003159614;-0.0096739335;0.3375019;-97.52857;-1.2568815;0.099509925;0.0;0.0;-0.90805656;-0.0061523365;-0.004638576;-0.0020964532;0.27970374;-0.04289198;-0.025778363;0.2671264;-0.00021043366;-0.16679479;0.15913907;-0.0045717787;-0.17945933;0.0;0.0;-1.147484;0.000291691;0.00032875617;0.00033201434;63.083176;58.915646;0.011340139;927735.9;951880.25;0.22576919;5.610245e-07;8.4505734e-07;3.834656e-07;0.0006424489;0.00074778637;1.9448173e-05;1.958817e-06;3.9268107e-06;2.7300586e-05;1.0000017e-06;1.0055793e-06;2.5288231e-05;1.0;1.0;4955.863;25
694132718;693944395;0.9620938;-0.0018583706;-0.011201293;0.2724826;-97.38146;-1.3043652;0.10174346;0.0;0.0;-0.9125658;-0.006138723;-0.0045950315;-0.0020619885;0.27981097;-0.042882197;-0.025766138;0.2671719;-0.00020980532;-0.16677414;0.15915681;-0.0045764213;-0.17949903;0.0;0.0;-1.147484;0.00029546735;0.00033133093;0.00033213524;63.30667;59.327957;0.0114107495;933954.06;957137.7;0.22505857;5.615132e-07;8.4499817e-07;3.8321264e-07;0.00064238504;0.0007477443;1.9452638e-05;1.9600757e-06;3.925651e-06;2.7300617e-05;1.000002e-06;1.0051637e-06;2.5286277e-05;1.0;1.0;4967.6104;25
694627484;694439156;0.9872438;0.010193262;-0.013984518;0.15827288;-97.37039;-1.376498;0.10628839;0.0;0.0;-0.91755944;-0.006138563;-0.004584046;-0.0020244683;0.27990887;-0.042891737;-0.025756557;0.26721328;-0.00020917169;-0.16675206;0.15917242;-0.004573619;-0.17952734;0.0;0.0;-1.147484;0.0002993031;0.0003335601;0.00033308327;63.54114;59.735058;0.011615314;940182.3;962423.25;0.2285101;5.62047e-07;8.4533286e-07;3.8363794e-07;0.0006423216;0.0007476918;1.945745e-05;1.9616107e-06;3.92536e-06;2.7300503e-05;1.0000035e-06;1.0048178e-06;2.528474e-05;1.0;1.0;4979.332;25
695132180;694943813;0.9991685;0.023846822;-0.016649945;0.028572526;-97.62466;-1.5123909;0.10933206;0.0;0.0;-0.91717637;-0.006156202;-0.004648725;-0.0019774437;0.28002515;-0.042982638;-0.025720682;0.26725844;-0.00020838875;-0.16676688;0.15918675;-0.0045495857;-0.17950259;0.0;0.0;-1.147484;0.00030480133;0.00033825487;0.00033362646;63.820454;60.24354;0.011659836;946638.3;967862.5;0.22854361;5.634334e-07;8.455732e-07;3.8357993e-07;0.0006422669;0.00074770517;1.9479885e-05;1.962775e-06;3.924307e-06;2.7287895e-05;1.0000041e-06;1.0041863e-06;2.5268699e-05;1.0;1.0;4991.3237;25
695636845;695448469;0.997486;-0.0069941785;-0.015974982;-0.06868537;-98.06623;-1.4966936;0.14700563;0.0;0.0;-0.90893865;-0.0062096477;-0.004765801;-0.0019181493;0.280083;-0.043008737;-0.025757505;0.26731423;-0.0002076041;-0.16685791;0.15919435;-0.0045028785;-0.17938234;0.0;0.0;-1.147484;0.00030751628;0.00033997133;0.0003335621;64.06167;60.618965;0.011635641;952986.3;973301.94;0.22831132;5.634491e-07;8.450612e-07;3.8337063e-07;0.00064218335;0.00074764184;1.948505e-05;1.963086e-06;3.923259e-06;2.7270638e-05;1.000002e-06;1.0032103e-06;2.525132e-05;1.0;1.0;5003.4033;25
696131963;695943230;0.9881202;-0.0072799553;-0.015977092;-0.152677;-98.775955;-1.4112253;0.11871739;0.0;0.0;-0.8798794;-0.0062742927;-0.0049338136;-0.0018681287;0.2801031;-0.04303469;-0.025785971;0.2673682;-0.00020693554;-0.16698797;0.15919425;-0.004439786;-0.17922075;0.0;0.0;-1.147484;0.00030999377;0.00034194518;0.00033348746;64.3161;61.02214;0.011394971;959237.5;978667.5;0.22713083;5.637819e-07;8.4455934e-07;3.8311197e-07;0.0006420987;0.00074758683;1.9495044e-05;1.9629522e-06;3.9221186e-06;2.7257214e-05;1e-06;1.0018937e-06;2.523925e-05;1.0;1.0;5015.3813;25
696636240;696447886;0.966122;-0.0031747038;-0.016020218;-0.25756875;-99.426796;-1.3571608;0.12404971;0.0;0.0;-0.85013163;-0.0063455505;-0.005104655;-0.0018402353;0.28016353;-0.043136854;-0.02579571;0.26742566;-0.00020646975;-0.16708124;0.15919556;-0.0043729823;-0.17908017;0.0;0.0;-1.147484;0.00031069582;0.000341598;0.00033410103;64.56649;61.36407;0.011350534;965581.06;984157.1;0.23068532;5.637008e-07;8.4452057e-07;3.835573e-07;0.0006420053;0.0007474731;1.949429e-05;1.962919e-06;3.9219417e-06;2.724895e-05;1.0000032e-06;1.0004504e-06;2.5233334e-05;1.0;1.0;5027.758;25
697134653;696942648;0.9262475;0.018558852;-0.013478387;-0.3762176;-100.0;-1.2717557;0.1473362;0.0;0.0;-0.81044084;-0.0064532715;-0.005348636;-0.0018552529;0.28019804;-0.043282058;-0.025792927;0.26746592;-0.00020633236;-0.16708197;0.15920368;-0.0042826175;-0.17900018;0.0;0.0;-1.147484;0.00031096739;0.00034172094;0.0003337508;64.819466;61.724194;0.011137253;971808.94;989573.0;0.22897725;5.639942e-07;8.441752e-07;3.832941e-07;0.00064190465;0.0007473709;1.9500001e-05;1.9617428e-06;3.9208107e-06;2.7246964e-05;1.000002e-06;1.0000024e-06;2.5231624e-05;1.0;1.0;5040.077;25
697635659;697447304;0.90078485;0.051716294;-0.024820466;-0.43046013;-99.98842;-1.1401999;0.18152069;0.0;0.0;-0.74396545;-0.0065570436;-0.005631258;-0.0018837727;0.28021654;-0.043451767;-0.025767405;0.26748052;-0.0002062787;-0.16706012;0.15919693;-0.004190086;-0.17891428;0.0;0.0;-1.147484;0.00031005155;0.00034072902;0.0003333946;65.07655;62.063606;0.010703741;978153.8;995123.56;0.22760852;5.6431867e-07;8.4417593e-07;3.8312274e-07;0.0006417974;0.00074724044;1.9502095e-05;1.9600661e-06;3.9197816e-06;2.7243634e-05;1e-06;1.0000005e-06;2.5228466e-05;1.0;1.0;5052.6846;25
698130392;697942065;0.89577144;0.06747349;-0.031802863;-0.4382119;-99.98741;-1.0909106;0.1807571;0.0;0.0;-0.69364285;-0.0066491985;-0.0058526006;-0.0019374453;0.2803149;-0.043678086;-0.025716564;0.26746723;-0.00020665853;-0.16699332;0.15920965;-0.004117952;-0.17886722;0.0;0.0;-1.147484;0.0003113806;0.00034169294;0.0003343919;65.36176;59.6392;0.010701918;984507.6;909662.44;0.2295848;5.6625026e-07;8.453218e-07;3.8371817e-07;0.00064150995;0.00074701454;1.951853e-05;1.9595411e-06;3.9194647e-06;2.7219688e-05;1.0000017e-06;1.0000039e-06;2.5200918e-05;1.0;1.0;5065.0444;25
698635402;698446721;0.89610165;-0.033416815;0.014165628;-0.4423625;-99.96957;-0.90839994;0.21203476;0.0;0.0;-0.64052653;-0.0067301723;-0.0061020693;-0.001980934;0.28048968;-0.043989427;-0.025635462;0.2674666;-0.00020703797;-0.16697043;0.15921645;-0.004045592;-0.17876068;0.0;0.0;-1.147484;0.0003109497;0.00034022605;0.00033408552;65.611626;59.990498;0.010366628;990878.3;914772.3;0.22767594;5.667229e-07;8.459135e-07;3.8361105e-07;0.00064139516;0.0007468669;1.9514744e-05;1.957806e-06;3.9184392e-06;2.719828e-05;1.0000005e-06;1.0000022e-06;2.5178282e-05;1.0;1.0;5077.651;25
699130297;698941482;0.8955266;-0.0021826022;-0.00092730735;-0.4450019;-99.981;-0.7753976;0.22618707;0.0;0.0;-0.58949274;-0.0067658415;-0.0063544074;-0.0019567825;0.2808048;-0.044376526;-0.025526581;0.26756108;-0.00020697726;-0.16735129;0.1591867;-0.003960077;-0.1782834;0.0;0.0;-1.147484;0.00031160726;0.0003399952;0.00033384786;65.864815;60.404686;0.010095184;997216.9;919822.3;0.22480439;5.67953e-07;8.467765e-07;3.834661e-07;0.0006413017;0.0007467599;1.9516378e-05;1.9556458e-06;3.9173215e-06;2.7151635e-05;1e-06;1.0000006e-06;2.5139114e-05;1.0;1.0;5090.01;25
699634605;699446138;0.8926343;-0.023263356;0.016859688;-0.4498651;-99.95202;-0.56369454;0.21561596;0.0;0.0;-0.52990514;-0.0067900806;-0.0065615266;-0.0019411984;0.28107396;-0.044710733;-0.0254259;0.26763156;-0.00020682714;-0.16757081;0.15916625;-0.0038971207;-0.17797183;0.0;0.0;-1.147484;0.00031312028;0.00033929248;0.0003348514;61.7195;60.794117;0.009961359;912540.7;925010.7;0.22666508;5.694964e-07;8.4839314e-07;3.8410582e-07;0.00064077985;0.0007439798;1.950418e-05;1.9361987e-06;3.9171637e-06;2.7065946e-05;1.0000027e-06;1.0000048e-06;2.511557e-05;1.0;1.0;5102.6157;25
700129217;699940899;0.88415533;0.06455218;-0.026663195;-0.46194318;-100.0;-0.4874885;0.23558478;0.0;0.0;-0.48244682;-0.0068242615;-0.00680793;-0.0019789084;0.28132138;-0.045089073;-0.025262194;0.26763684;-0.00020689084;-0.16745919;0.15916784;-0.0038381617;-0.17794695;0.0;0.0;-1.147484;0.00031608052;0.00033998644;0.0003351356;61.983105;61.312225;0.009913123;918419.06;930136.94;0.22362345;5.714956e-07;8.4965495e-07;3.8407987e-07;0.000640696;0.00074389385;1.95057e-05;1.9348083e-06;3.9160564e-06;2.7051992e-05;1.000002e-06;1.0000031e-06;2.5099156e-05;1.0;1.0;5114.9736;25
700633898;700445555;0.8834306;0.015686871;-0.009497909;-0.46820328;-99.96437;-0.35960802;0.22903739;0.0;0.0;-0.44375575;-0.0068622893;-0.0070405784;-0.0020562035;0.2816307;-0.045520063;-0.025059756;0.26759222;-0.00020758512;-0.16733241;0.1591897;-0.0037904715;-0.17791595;0.0;0.0;-1.147484;0.0003200547;0.00034090746;0.00033572305;62.265003;61.88278;0.009811463;924454.75;935405.2;0.22131127;5.73856e-07;8.511157e-07;3.842492e-07;0.0006406095;0.0007438139;1.950559e-05;1.9338113e-06;3.9150486e-06;2.6997355e-05;1.000001e-06;1.000002e-06;2.5037352e-05;1.0;1.0;5127.5796;25
701138935;700950211;0.88125515;0.0033360696;-0.008905018;-0.47254524;-100.145935;-0.23853269;0.25022194;0.0;0.0;-0.37164888;-0.006843305;-0.0072774296;-0.0020666427;0.2819873;-0.04598999;-0.024843005;0.2676201;-0.0002076264;-0.16735256;0.1591776;-0.0037481596;-0.17776254;0.0;0.0;-1.147484;0.00032253424;0.00033993216;0.0003359881;62.523308;62.36405;0.0097020175;930518.0;940688.44;0.22289625;5.7503183e-07;8.524256e-07;3.8431958e-07;0.0006405308;0.00074370124;1.9489089e-05;1.9321567e-06;3.9140427e-06;2.699435e-05;1e-06;1e-06;2.503552e-05;1.0;1.0;5140.184;25
701633336;701444972;0.87902564;0.006561669;-0.0051395656;-0.47670174;-99.97908;-0.12068651;0.2626048;0.0;0.0;-0.33118433;-0.006820398;-0.0074718227;-0.0020724284;0.28235784;-0.046426937;-0.024602797;0.2676415;-0.00020753143;-0.1673222;0.15916787;-0.003719891;-0.17766443;0.0;0.0;-1.147484;0.00032706867;0.0003408215;0.00033748185;62.79833;62.956043;0.009622665;936530.06;945922.2;0.21989748;5.774891e-07;8.542723e-07;3.8507233e-07;0.0006404619;0.00074364245;1.9476545e-05;1.9314177e-06;3.913798e-06;2.6993686e-05;1.0000031e-06;1.000004e-06;2.5034802e-05;1.0;1.0;5152.5444;25
702128252;701939733;0.8738922;0.013241878;-0.00038794088;-0.4859393;-99.97345;-0.07164914;0.26489115;0.0;0.0;-0.29448867;-0.006778235;-0.0076962356;-0.0020848848;0.28278825;-0.046918593;-0.024305848;0.26766548;-0.00020749618;-0.16729605;0.15915513;-0.0036889901;-0.17754646;0.0;0.0;-1.147484;0.00033173145;0.00034138604;0.00033812877;63.065826;63.560005;0.009583962;942570.2;951189.06;0.21702547;5.7962313e-07;8.556053e-07;3.851838e-07;0.00064038904;0.0007435816;1.9454657e-05;1.9298893e-06;3.9127012e-06;2.6992151e-05;1e-06;1e-06;2.5033669e-05;1.0;1.0;5164.905;25
702633012;702444389;0.8711502;-0.113953486;0.06409492;-0.47329056;-100.01113;0.015113795;0.26485553;0.0;0.0;-0.24251167;-0.006711242;-0.007885057;-0.0020565463;0.28335896;-0.04746128;-0.024025954;0.26774934;-0.00020751286;-0.16775538;0.15912804;-0.0036482739;-0.17697117;0.0;0.0;-1.147484;0.00033667;0.00034192443;0.00033888337;63.346725;64.18288;0.009636019;948819.9;956599.56;0.2188468;5.8179285e-07;8.570207e-07;3.8538465e-07;0.0006403192;0.0007435224;1.9431087e-05;1.9282338e-06;3.911707e-06;2.6917724e-05;1e-06;1e-06;2.4966243e-05;1.0;1.0;5177.509;25
703137393;702949045;0.87444884;-0.04540575;-0.106589235;-0.47108;-99.96069;0.0097558405;0.2389911;0.0;0.0;-0.20561144;-0.0066329464;-0.008052607;-0.0020250306;0.28383952;-0.047945138;-0.023712605;0.26771986;-0.00020681087;-0.1676135;0.15913896;-0.0036605499;-0.17695081;0.0;0.0;-1.147484;0.00034223273;0.00034225878;0.00033990463;63.63038;64.84317;0.009794772;955055.9;962041.4;0.2169318;5.838341e-07;8.588452e-07;3.8620888e-07;0.00064024143;0.0007434589;1.9390616e-05;1.9276067e-06;3.91157e-06;2.6855794e-05;1.0000017e-06;1.000001e-06;2.490032e-05;1.0;1.0;5190.1147;25
703632306;703443806;0.87272125;0.0293333;0.03695817;-0.48593363;-99.978615;-0.044649635;0.23992617;0.0;0.0;-0.2084523;-0.0065372842;-0.008243348;-0.0020151115;0.28433567;-0.04843836;-0.02334944;0.2676977;-0.00020606755;-0.16750804;0.15913448;-0.003665759;-0.17689797;0.0;0.0;-1.147484;0.0003476271;0.00034219684;0.0003402559;63.89487;65.45957;0.009871912;961182.1;967409.0;0.21472667;5.852977e-07;8.599111e-07;3.8634687e-07;0.00064014253;0.0007433784;1.9336709e-05;1.926176e-06;3.910481e-06;2.6816568e-05;1.0000002e-06;1e-06;2.4858562e-05;1.0;1.0;5202.4736;25
704136891;703948462;0.86007786;0.04238612;0.0319356;-0.507395;-100.0;-0.19538118;0.23477595;0.0;0.0;-0.18631056;-0.006445663;-0.008444208;-0.0020558895;0.28488615;-0.049016155;-0.022940986;0.2677415;-0.00020603862;-0.16756229;0.15911299;-0.0036324384;-0.17670907;0.0;0.0;-1.147484;0.0003520765;0.00034122853;0.00034119393;64.16532;66.05048;0.010119971;967479.8;972909.6;0.21720956;5.8617877e-07;8.6075806e-07;3.865765e-07;0.00064002385;0.0007432712;1.9275969e-05;1.9247698e-06;3.9094944e-06;2.6789998e-05;1.000001e-06;1.000001e-06;2.4834311e-05;1.0;1.0;5215.0796;25
704631834;704443223;0.858501;0.028549207;0.02381152;-0.51146257;-99.97713;-0.36895484;0.33518988;0.0;0.0;-0.17563038;-0.00638206;-0.008614736;-0.00208958;0.2853702;-0.049451325;-0.022590794;0.2678052;-0.00020623271;-0.16768989;0.1590873;-0.0035932772;-0.17647228;0.0;0.0;-1.147484;0.0003571737;0.0003409955;0.00034325718;64.429985;66.65212;0.010060081;973686.4;978349.06;0.21550103;5.877181e-07;8.6197144e-07;3.874261e-07;0.0006398834;0.0007431763;1.9200912e-05;1.9240133e-06;3.909267e-06;2.6726864e-05;1.0000017e-06;1.0000003e-06;2.4775269e-05;1.0;1.0;5227.4365;25
705136348;704947878;0.85719305;0.008385748;-0.014044193;-0.5147354;-99.96995;-0.4873406;0.27249208;0.0;0.0;-0.17331152;-0.0062507046;-0.00879846;-0.002103838;0.28602365;-0.050088968;-0.022089664;0.26781118;-0.00020601085;-0.16760139;0.15907839;-0.0035930148;-0.1763971;0.0;0.0;-1.147484;0.000363544;0.00034157702;0.00034427148;64.72199;67.3539;0.010488572;980089.6;983943.7;0.21476533;5.8951105e-07;8.628173e-07;3.8773183e-07;0.00063976285;0.0007431002;1.911946e-05;1.9227693e-06;3.9082884e-06;2.672512e-05;1.0000009e-06;1.0000011e-06;2.4772755e-05;1.0;1.0;5240.0435;25
705631143;705442639;0.8564664;0.010354863;-0.006890347;-0.5160528;-100.002205;-0.7780624;0.26121405;0.0;0.0;-0.15265727;-0.006107581;-0.008973662;-0.002113731;0.28662124;-0.05070609;-0.021630943;0.2678073;-0.00020570346;-0.16749637;0.15906733;-0.0036005636;-0.17633812;0.0;0.0;-1.147484;0.000370394;0.00034267586;0.00034524765;65.02021;68.05656;0.010882624;986453.9;989471.5;0.21754852;5.914131e-07;8.635196e-07;3.8797626e-07;0.0006396638;0.00074303854;1.9041834e-05;1.92163e-06;3.9072147e-06;2.6725907e-05;1.0000003e-06;1e-06;2.4772138e-05;1.0;1.0;5252.404;25
706135697;705947295;0.8555012;0.007867263;-0.012249276;-0.5175963;-99.9808;-1.1422753;0.25807896;0.0;0.0;-0.15612657;-0.0059681656;-0.009110436;-0.0021246336;0.28722575;-0.051310465;-0.021136953;0.2678127;-0.00020538257;-0.16741192;0.1590593;-0.0036068887;-0.17627943;0.0;0.0;-1.147484;0.0003755566;0.00034232668;0.00034682127;65.306725;68.655525;0.011205473;992916.9;995111.25;0.21755555;5.922804e-07;8.642852e-07;3.888492e-07;0.0006395384;0.0007429338;1.8929122e-05;1.9210836e-06;3.907093e-06;2.6726215e-05;1.0000031e-06;1.0000031e-06;2.4771842e-05;1.0;1.0;5265.01;25
706630453;706442055;0.84265673;0.008257813;-0.010011869;-0.5382948;-99.97759;-1.6346357;0.21918604;0.0;0.0;-0.1715753;-0.005796199;-0.0092672445;-0.0021374205;0.28789678;-0.052001953;-0.020586407;0.26781052;-0.00020499964;-0.16730459;0.1590505;-0.003619826;-0.17621942;0.0;0.0;-1.147484;0.00038030735;0.00034219527;0.00034722075;65.56851;66.26501;0.011548945;999282.25;909701.44;0.21725358;5.9279506e-07;8.642779e-07;3.889842e-07;0.0006392004;0.0007427336;1.8801145e-05;1.919713e-06;3.9059614e-06;2.6725203e-05;1.000001e-06;1.000001e-06;2.4771054e-05;1.0;1.0;5277.3706;25
707135048;706946711;0.807156;0.056401458;0.047689036;-0.5856994;-99.99286;-2.0539954;0.22933598;0.0;0.0;-0.17371266;-0.0056225816;-0.00943035;-0.002160958;0.28849697;-0.052629717;-0.020078255;0.26780343;-0.00020473337;-0.1672194;0.15903026;-0.0036359215;-0.17614283;0.0;0.0;-1.147484;0.00038723004;0.00034362773;0.0003483946;61.566734;66.88312;0.01217472;914514.8;914914.06;0.22200151;5.945997e-07;8.6472613e-07;3.8935488e-07;0.000638792;0.0007402066;1.8686067e-05;1.9019977e-06;3.9049924e-06;2.6663463e-05;1.000002e-06;1.000002e-06;2.4761568e-05;1.0;1.0;5289.981;25
707629807;707441473;0.7699833;0.051306125;0.051260665;-0.63392884;-99.97233;-2.5378747;0.24513039;0.0;0.0;-0.19877;-0.00549007;-0.009595526;-0.0022195634;0.28902304;-0.053140726;-0.01956567;0.26781043;-0.00020508631;-0.16720943;0.15900141;-0.0036359471;-0.17601468;0.0;0.0;-1.147484;0.00039133243;0.00034418356;0.00035018663;61.863014;67.43112;0.012356859;920462.8;920037.9;0.22240788;5.955348e-07;8.651295e-07;3.9021938e-07;0.00063867844;0.0007401209;1.8543375e-05;1.9013461e-06;3.904778e-06;2.6623147e-05;1.0000017e-06;1.000001e-06;2.4721669e-05;1.0;1.0;5302.35;25
708124630;707936232;0.72993016;0.008476171;-0.043619107;-0.6820759;-99.97999;-3.0227277;0.2319659;0.0;0.0;-0.20067689;-0.0053170263;-0.009777586;-0.0022830318;0.28959975;-0.0537457;-0.019019727;0.2677783;-0.00020564976;-0.16716056;0.15897714;-0.0036593254;-0.17589185;0.0;0.0;-1.147484;0.0003945548;0.00034497734;0.0003507798;62.16436;67.94651;0.012920295;926462.0;925186.8;0.22302452;5.9622704e-07;8.649912e-07;3.9044164e-07;0.0006385835;0.0007400384;1.8390418e-05;1.8997296e-06;3.903716e-06;2.6588023e-05;1.0000003e-06;1.0000022e-06;2.4686e-05;1.0;1.0;5314.7227;25
708629285;708440887;0.70457196;-0.0021985215;0.032569207;-0.7088813;-100.0;-3.774869;0.2535369;0.0;0.0;-0.21052465;-0.0050954004;-0.00990745;-0.002291068;0.29032475;-0.054461937;-0.018490762;0.26782876;-0.000205986;-0.16762513;0.1589253;-0.003685028;-0.1752943;0.0;0.0;-1.147484;0.0003968087;0.0003461735;0.00035116228;62.479908;68.447685;0.013329574;932683.44;930470.6;0.22907786;5.9708566e-07;8.650611e-07;3.9073126e-07;0.00063851976;0.0007399659;1.8251616e-05;1.8976045e-06;3.9027536e-06;2.6488256e-05;1.000002e-06;1.000002e-06;2.4595565e-05;1.0;1.0;5327.345;25
709134113;708945543;0.6527769;0.04555898;-0.05871726;-0.7538959;-100.16107;-4.5463223;0.19866256;0.0;0.0;-0.24772802;-0.00486297;-0.009996045;-0.002316081;0.2909952;-0.055245765;-0.017896332;0.26767305;-0.00020585142;-0.16741867;0.15894242;-0.0037639476;-0.17526619;0.0;0.0;-1.147484;0.00039713466;0.00034634292;0.00035068634;62.796593;68.83569;0.013993209;938871.06;935744.06;0.2311632;5.96729e-07;8.6465496e-07;3.9085901e-07;0.00063845026;0.0007398549;1.807685e-05;1.8960661e-06;3.901792e-06;2.6455877e-05;1e-06;1e-06;2.4553989e-05;1.0;1.0;5339.9766;25
709628626;709440305;0.57087755;-0.032521725;0.07866119;-0.8166111;-99.97229;-5.286595;0.16592172;0.0;0.0;-0.30133528;-0.004652673;-0.01007953;-0.0023549453;0.29155946;-0.055911846;-0.017350033;0.26762035;-0.00020594765;-0.16739927;0.15892579;-0.003827931;-0.17512919;0.0;0.0;-1.147484;0.00039684444;0.00034807634;0.00035139685;63.13;69.19699;0.014473931;945067.5;940955.4;0.23279057;5.97369e-07;8.652826e-07;3.916512e-07;0.0006384128;0.0007397701;1.7901326e-05;1.8948078e-06;3.9015786e-06;2.6435619e-05;1.000001e-06;1.000003e-06;2.4534487e-05;1.0;1.0;5352.367;25
710134067;709944959;0.5291546;0.012175564;0.03725055;-0.84762;-99.979126;-6.2107763;0.16785607;0.0;0.0;-0.35990945;-0.004412226;-0.010158775;-0.0024035699;0.2921487;-0.056655496;-0.01680585;0.26758745;-0.00020610837;-0.16738865;0.15889019;-0.0039047264;-0.1749732;0.0;0.0;-1.147484;0.00039261725;0.00034843618;0.00035076885;63.446053;69.396866;0.014780919;951408.6;946252.1;0.23520723;5.966942e-07;8.6488626e-07;3.9174645e-07;0.0006383774;0.0007396516;1.771519e-05;1.892217e-06;3.9006154e-06;2.6394788e-05;1e-06;1e-06;2.4498653e-05;1.0;1.0;5365.0186;25
710637948;710449614;0.43837273;-0.008930894;0.02015965;-0.8985228;-100.0;-6.881078;0.11635126;0.0;0.0;-0.4251343;-0.0041725677;-0.010150576;-0.0023878696;0.2927726;-0.057381734;-0.016343903;0.26742283;-0.00020543134;-0.16731219;0.15891448;-0.004029441;-0.17484426;0.0;0.0;-1.147484;0.0003879579;0.00034899896;0.00034978244;63.780735;69.61021;0.015684139;957800.4;951576.25;0.24242486;5.9622215e-07;8.647154e-07;3.91751e-07;0.00063834526;0.000739534;1.7551669e-05;1.890097e-06;3.899649e-06;2.636402e-05;1.000001e-06;1.000001e-06;2.4461377e-05;1.0;1.0;5377.684;25
711132749;710944375;0.33046827;-0.09435084;-0.055467553;-0.9374497;-99.78714;-7.546601;-0.0065898877;0.0;0.0;-0.50045186;-0.00398431;-0.01010482;-0.0023482796;0.29323652;-0.057886112;-0.016042773;0.2673341;-0.00020445744;-0.16752584;0.15893167;-0.004131622;-0.17448993;0.0;0.0;-1.147484;0.00038000284;0.00034977868;0.00034871663;64.11765;69.65755;0.015846886;964130.3;956784.0;0.24393225;5.9555066e-07;8.649457e-07;3.9218614e-07;0.00063832756;0.0007394347;1.741339e-05;1.8884954e-06;3.8994317e-06;2.6295478e-05;1.000001e-06;1.0000042e-06;2.439195e-05;1.0;1.0;5390.097;25
711627502;711439135;0.32302216;0.014390171;0.09278673;-0.9417219;-99.96047;-8.51045;0.2127562;0.0;0.0;-0.6105862;-0.0037858014;-0.010087787;-0.002383049;0.29361147;-0.058297023;-0.015804285;0.2671589;-0.0002045879;-0.16760385;0.15894973;-0.0042536575;-0.17422761;0.0;0.0;-1.147484;0.0003717453;0.00035030118;0.00034761848;64.42391;69.68503;0.015388527;970520.6;962011.6;0.2503502;5.9491805e-07;8.646541e-07;3.9203294e-07;0.000638327;0.0007393833;1.732915e-05;1.8863428e-06;3.8983594e-06;2.6143945e-05;1.000002e-06;1.000002e-06;2.4229594e-05;1.0;1.0;5402.535;25
712132267;711943790;0.19906783;0.029641194;-0.14231221;-0.9691443;-100.0;-8.865049;0.08367522;0.0;0.0;-0.6931521;-0.0035935482;-0.009987188;-0.0023306166;0.29413086;-0.05884094;-0.015556625;0.26703325;-0.00020309053;-0.16769607;0.15898032;-0.0043847826;-0.17398997;0.0;0.0;-1.147484;0.0003614914;0.00035138996;0.00034571945;64.77142;69.60222;0.016279614;977103.9;967331.6;0.25211632;5.939781e-07;8.6449563e-07;3.9181637e-07;0.00063831074;0.00073927356;1.717188e-05;1.8842342e-06;3.8973812e-06;2.6084854e-05;1.000001e-06;1.000001e-06;2.4164e-05;1.0;1.0;5415.23;25
712636770;712448446;0.088840514;0.026473563;0.10879584;-0.9897323;-99.980034;-9.824204;-0.06548373;0.0;0.0;-0.81417495;-0.0034392488;-0.00989351;-0.002318194;0.2945506;-0.05933325;-0.015292404;0.2670253;-0.00020214339;-0.16789745;0.15897363;-0.0044791102;-0.17372696;0.0;0.0;-1.147484;0.0003482938;0.0003525037;0.0003440338;65.11604;69.41107;0.015507846;983793.8;972654.8;0.25398123;5.932926e-07;8.648024e-07;3.9220654e-07;0.0006383202;0.00073918;1.7021344e-05;1.8825182e-06;3.8972526e-06;2.6004642e-05;1.000002e-06;1.0000058e-06;2.4089768e-05;1.0;1.0;5427.939;25
713131564;712943206;0.06607313;-0.09078387;0.12083229;-0.98630226;-99.98648;-9.970226;0.034139648;0.0;0.0;-0.897345;-0.003308393;-0.009768687;-0.002265119;0.2947871;-0.05956098;-0.015235274;0.26699308;-0.00020047542;-0.16807698;0.15898255;-0.0045903353;-0.17347413;0.0;0.0;-1.147484;0.0003343029;0.00035333043;0.0003410821;65.42558;69.13583;0.016003441;990382.7;977864.06;0.25401312;5.923358e-07;8.644822e-07;3.9166753e-07;0.0006383439;0.00073917216;1.699513e-05;1.8801643e-06;3.896175e-06;2.5938158e-05;1e-06;1.000003e-06;2.4023637e-05;1.0;1.0;5440.4175;25
713636238;713447861;0.034779925;-0.012607996;-0.1237533;-0.99162316;-99.98525;-10.320189;0.0150076235;0.0;0.0;-1.0066966;-0.0031907728;-0.009685568;-0.0022732515;0.29491168;-0.05970824;-0.015158915;0.266965;-0.00020029012;-0.16820827;0.15897028;-0.0046777176;-0.17327832;0.0;0.0;-1.147484;0.0003222717;0.0003552978;0.00033885875;65.7672;68.98912;0.01609013;997217.0;983237.06;0.25972208;5.923777e-07;8.6499927e-07;3.913888e-07;0.0006383772;0.00073915924;1.694957e-05;1.878031e-06;3.8951966e-06;2.5757405e-05;1.000002e-06;1.000002e-06;2.3843082e-05;1.0;1.0;5453.1567;25
714131014;713942621;-0.009374902;0.013501054;-0.006413928;-0.9998444;-99.98013;-10.609127;-0.048219405;0.0;0.0;-1.1141875;-0.0031019507;-0.009562043;-0.0022263483;0.29518053;-0.059970688;-0.01511534;0.2669208;-0.0001989144;-0.16820912;0.1589845;-0.004773089;-0.1732195;0.0;0.0;-1.147484;0.0003081261;0.00035500637;0.00033686962;61.80612;68.47741;0.015559678;912637.4;988396.56;0.25887397;5.917639e-07;8.647559e-07;3.9141213e-07;0.0006381471;0.0007367219;1.6796483e-05;1.8614062e-06;3.8949725e-06;2.5686562e-05;1.000001e-06;1.0000023e-06;2.3818662e-05;1.0;1.0;5465.646;25
714635639;714447277;-0.063319914;0.007238269;-0.0033928058;-0.9979613;-99.99135;-10.648613;-0.09283281;0.0;0.0;-1.2039044;-0.0030270708;-0.009415931;-0.0021687462;0.2954369;-0.06016909;-0.01514236;0.26689532;-0.00019729637;-0.16824777;0.15899451;-0.0048719645;-0.17315044;0.0;0.0;-1.147484;0.0002925762;0.00035330976;0.0003336289;62.085396;67.97258;0.015600239;918820.25;993686.9;0.25819513;5.9120777e-07;8.635448e-07;3.9070952e-07;0.00063814863;0.0007365891;1.6660446e-05;1.8592872e-06;3.8939947e-06;2.5687643e-05;1e-06;1.0000009e-06;2.3817549e-05;1.0;1.0;5478.399;25
715130352;714942038;-0.056590978;-0.006367968;0.0016709395;-0.9983758;-99.99828;-10.685187;-0.09268251;0.0;0.0;-1.3003303;-0.0029730164;-0.009275573;-0.0021113064;0.29564482;-0.06032196;-0.0151935825;0.26687384;-0.00019565082;-0.1682196;0.15900604;-0.004965761;-0.17314622;0.0;0.0;-1.147484;0.0002794969;0.0003524856;0.00033082473;62.360943;67.599815;0.015387939;924949.2;998931.9;0.2617011;5.915245e-07;8.6295e-07;3.9001182e-07;0.0006381581;0.0007364827;1.6554362e-05;1.8573021e-06;3.892921e-06;2.5689911e-05;1.000002e-06;1.000002e-06;2.3816874e-05;1.0;1.0;5490.9023;25
715635460;715446692;0.0386997;-0.12144243;-0.028025562;-0.9914478;-100.068146;-10.477436;-0.17626496;0.0;0.0;-1.3620698;-0.0029445328;-0.009147069;-0.002052903;0.2959307;-0.060455088;-0.015321115;0.26691252;-0.00019459639;-0.1686643;0.15899405;-0.00502262;-0.17269056;0.0;0.0;-1.147484;0.00026694403;0.0003523268;0.0003271772;62.631664;64.209305;0.015313319;931218.75;912999.1;0.2601915;5.91874e-07;8.624657e-07;3.8940252e-07;0.0006379687;0.00073632743;1.6440243e-05;1.8548075e-06;3.891876e-06;2.5599616e-05;1e-06;1e-06;2.37404e-05;1.0;1.0;5503.653;25
716130057;715941452;0.16576745;0.13119236;0.037367538;-0.976685;-99.99886;-10.217205;-0.20141613;0.0;0.0;-1.5082521;-0.0029050256;-0.008969934;-0.0019930801;0.29612568;-0.06054872;-0.015467687;0.2668576;-0.00019322817;-0.16865307;0.1590112;-0.0050843977;-0.17262664;0.0;0.0;-1.147484;0.00025779833;0.0003528592;0.0003253132;62.95005;63.778397;0.015365458;937455.9;917808.7;0.25789794;5.9258764e-07;8.6239277e-07;3.8946797e-07;0.0006379816;0.0007362322;1.633917e-05;1.8538442e-06;3.891659e-06;2.5577541e-05;1e-06;1.000005e-06;2.371564e-05;1.0;1.0;5516.149;25
716634426;716446107;0.23858023;0.00482767;0.007581498;-0.97108126;-99.99191;-9.757675;-0.1871762;0.0;0.0;-1.608306;-0.0028646768;-0.008778864;-0.0019455552;0.29627967;-0.060558937;-0.015717113;0.2667362;-0.0001921727;-0.16845985;0.15905128;-0.005147084;-0.17268518;0.0;0.0;-1.147484;0.00025274424;0.0003546384;0.00032362805;63.290985;63.502266;0.01553873;943890.3;922785.25;0.261931;5.939352e-07;8.625507e-07;3.8916772e-07;0.0006379964;0.0007361683;1.6264134e-05;1.8523912e-06;3.8906855e-06;2.5556357e-05;1.0000031e-06;1.0000031e-06;2.3686916e-05;1.0;1.0;5528.885;25
717129579;716940868;0.18289977;0.0845768;0.037363324;-0.97877395;-100.146904;-9.230049;-0.1763482;0.0;0.0;-1.7272159;-0.0028233356;-0.00857009;-0.0019038757;0.29640353;-0.06050408;-0.01602501;0.2666301;-0.00019130013;-0.16828063;0.1590881;-0.005195846;-0.17273904;0.0;0.0;-1.147484;0.00024631145;0.0003540318;0.0003212261;63.591385;63.058056;0.015413115;950154.2;927616.8;0.25967982;5.9496773e-07;8.615589e-07;3.8864835e-07;0.00063800433;0.0007360819;1.6182352e-05;1.850466e-06;3.889612e-06;2.5547435e-05;1e-06;1e-06;2.3672266e-05;1.0;1.0;5541.361;25
717633983;717445523;0.16708882;0.0044899397;0.0016327568;-0.98593026;-99.97053;-8.563726;-0.23897561;0.0;0.0;-1.8224332;-0.002801421;-0.0083852485;-0.001854832;0.29651374;-0.06041623;-0.01634;0.26655778;-0.00019032983;-0.16819379;0.15912001;-0.0052395468;-0.17273325;0.0;0.0;-1.147484;0.00024017022;0.00035353217;0.0003200601;63.9067;62.64006;0.015805602;956582.9;932573.44;0.25838482;5.964848e-07;8.610659e-07;3.8892992e-07;0.00063802063;0.0007360113;1.6111064e-05;1.8494064e-06;3.889486e-06;2.5548414e-05;1e-06;1.0000043e-06;2.3670069e-05;1.0;1.0;5554.068;25
718138705;717950178;0.17183143;0.018267576;0.020933477;-0.9847346;-99.97499;-7.7866793;-0.2211286;0.0;0.0;-1.9408166;-0.0027780733;-0.008162153;-0.0017958704;0.29664597;-0.060327154;-0.016733728;0.26646665;-0.00018907372;-0.16801056;0.15916102;-0.0052932766;-0.17278029;0.0;0.0;-1.147484;0.00023553228;0.0003532113;0.00031834672;64.2042;62.336945;0.015993405;963041.9;937587.3;0.26288018;5.9836646e-07;8.6039455e-07;3.886111e-07;0.0006380385;0.0007359578;1.6059501e-05;1.8475444e-06;3.888507e-06;2.5545949e-05;1e-06;1.0000024e-06;2.366298e-05;1.0;1.0;5566.757;25
718633255;718444937;0.18977131;0.00840842;0.024643783;-0.981483;-100.0;-6.716635;-0.22853228;0.0;0.0;-2.0208628;-0.0027719927;-0.0079298;-0.0017227711;0.29680526;-0.060221553;-0.017214254;0.26637778;-0.00018747614;-0.16783424;0.1592045;-0.005337784;-0.17279772;0.0;0.0;-1.147484;0.0002308334;0.00035215888;0.0003162482;64.484;61.933247;0.01628788;969367.25;942477.4;0.2609381;6.0007267e-07;8.592249e-07;3.8815247e-07;0.0006380541;0.0007358993;1.6002903e-05;1.845514e-06;3.8874286e-06;2.5538704e-05;1.000001e-06;1.000001e-06;2.3650442e-05;1.0;1.0;5579.1826;25
719128079;718939697;0.21661425;-0.025510306;0.11328572;-0.96932656;-99.87748;-5.7061353;-0.30567864;0.0;0.0;-2.0884054;-0.0027631633;-0.0077419123;-0.0016784939;0.29691246;-0.060128924;-0.017541068;0.26634064;-0.00018668291;-0.16775045;0.15922996;-0.005371423;-0.17275955;0.0;0.0;-1.147484;0.00022738468;0.00035236278;0.0003154035;64.785515;61.583546;0.016583536;975769.44;947404.06;0.25945008;6.02154e-07;8.589102e-07;3.8848438e-07;0.0006380871;0.00073588267;1.597496e-05;1.8441978e-06;3.8872013e-06;2.5518335e-05;1e-06;1.000006e-06;2.363029e-05;1.0;1.0;5591.5864;25
719632767;719444352;0.24830908;0.027782792;-0.070788436;-0.9656914;-100.0;-4.204244;-0.321804;0.0;0.0;-2.2038856;-0.0027484095;-0.0075011943;-0.0016088793;0.29708758;-0.05993283;-0.018086117;0.2662858;-0.00018576192;-0.16775617;0.15927255;-0.0053823795;-0.17259866;0.0;0.0;-1.147484;0.0002257751;0.00035296258;0.00031390318;65.09005;61.361225;0.01740024;982329.5;952494.0;0.2646667;6.0448036e-07;8.585101e-07;3.8824365e-07;0.0006381159;0.0007358618;1.5942738e-05;1.8422654e-06;3.8862213e-06;2.549043e-05;1.000002e-06;1.0000036e-06;2.3601347e-05;1.0;1.0;5604.2227;25
720137340;719949008;0.25128445;0.005346899;0.03299813;-0.9673358;-100.0;-2.692;-0.30446595;0.0;0.0;-2.290674;-0.0027480032;-0.0072663277;-0.0015194995;0.2972361;-0.059805263;-0.018485198;0.26623136;-0.00018416518;-0.16773169;0.15931721;-0.005387173;-0.17244557;0.0;0.0;-1.147484;0.00022472478;0.00035444528;0.00031227758;65.39283;61.080845;0.017824285;988927.2;957582.94;0.26485124;6.067858e-07;8.5815344e-07;3.8799237e-07;0.0006381495;0.000735869;1.5933872e-05;1.8404924e-06;3.885241e-06;2.5460185e-05;1.000002e-06;1.000002e-06;2.356818e-05;1.0;1.0;5616.839;25
720632140;720443767;0.26890498;-0.0053330534;0.026577467;-0.9627852;-99.84418;-1.3015263;-0.33097395;0.0;0.0;-2.3422194;-0.0027354704;-0.007067696;-0.0014671898;0.29741982;-0.059582695;-0.01906886;0.26620418;-0.00018333265;-0.16763045;0.15934743;-0.005398159;-0.17238288;0.0;0.0;-1.147484;0.00022356905;0.00035476687;0.00031175805;65.67288;60.776432;0.018226638;995375.3;962578.7;0.26415536;6.093436e-07;8.5774764e-07;3.8838266e-07;0.0006381829;0.0007358678;1.5912643e-05;1.8390973e-06;3.8850158e-06;2.5454898e-05;1e-06;1.0000053e-06;2.356265e-05;1.0;1.0;5629.1943;25
721137566;720948422;0.2926289;0.097704776;0.029575532;-0.9507615;-99.99387;0.26263845;-0.28710538;0.0;0.0;-2.452243;-0.002698419;-0.006833508;-0.0014291076;0.29762933;-0.05936029;-0.019722085;0.2661384;-0.00018273707;-0.16737944;0.15938534;-0.005418201;-0.17241994;0.0;0.0;-1.147484;0.00022346075;0.0003540003;0.00031075702;61.706837;60.479576;0.018538302;910870.25;967659.7;0.2705309;6.1190826e-07;8.5688083e-07;3.8824925e-07;0.0006380184;0.00073361234;1.5889784e-05;1.8225462e-06;3.8840353e-06;2.5383595e-05;1e-06;1.0000028e-06;2.3535918e-05;1.0;1.0;5641.794;25
721631971;721443182;0.33073527;-0.0037139044;0.008784748;-0.94367546;-99.99443;2.1453323;-0.33488497;0.0;0.0;-2.514773;-0.0026634976;-0.006591985;-0.0013738103;0.29791167;-0.059124205;-0.020438308;0.26609716;-0.0001820238;-0.16723827;0.15943065;-0.0054244404;-0.17234501;0.0;0.0;-1.147484;0.00022294228;0.00035276383;0.0003093994;61.940777;60.17744;0.019577863;916722.44;972683.5;0.2700735;6.1433724e-07;8.55509e-07;3.8798797e-07;0.0006380444;0.00073361065;1.5870379e-05;1.8200569e-06;3.882957e-06;2.5378391e-05;1.000002e-06;1.000002e-06;2.353083e-05;1.0;1.0;5654.1426;25
722126793;721937942;0.36358812;0.004547061;0.00039943834;-0.93154866;-99.84555;3.9591768;-0.35534954;0.0;0.0;-2.5881128;-0.0026236852;-0.0063733244;-0.0013188306;0.298207;-0.058902424;-0.021120872;0.26607922;-0.00018139472;-0.16713896;0.15947141;-0.0054177847;-0.17224146;0.0;0.0;-1.147484;0.00022306296;0.00035176857;0.00030907875;62.17425;59.901325;0.020277446;922591.94;977735.3;0.27020478;6.171012e-07;8.5466667e-07;3.8840764e-07;0.00063807203;0.0007336207;1.5857579e-05;1.8183263e-06;3.8827325e-06;2.5375526e-05;1e-06;1.000006e-06;2.352931e-05;1.0;1.0;5666.5083;25
722630951;722442597;0.39491212;0.056835573;0.018300498;-0.91677654;-99.88958;5.9873013;-0.4230098;0.0;0.0;-2.7144382;-0.002549388;-0.0060975906;-0.0012739088;0.29858065;-0.05866271;-0.021923084;0.26603878;-0.00018112076;-0.16695316;0.15952928;-0.005408695;-0.17217599;0.0;0.0;-1.147484;0.00022363196;0.0003493143;0.0003081222;62.39796;59.681957;0.021520387;928566.94;982930.9;0.2775728;6.196363e-07;8.5312473e-07;3.882624e-07;0.0006380919;0.00073362206;1.5853848e-05;1.8157832e-06;3.8817507e-06;2.5373833e-05;1.0000041e-06;1.0000043e-06;2.352848e-05;1.0;1.0;5679.137;25
723135671;722947252;0.6215246;-0.032763805;0.07021526;-0.7795534;-99.605194;7.9292207;-0.28076723;0.0;0.0;-2.659261;-0.0025075525;-0.006046524;-0.0012592666;0.29879105;-0.058446646;-0.022418004;0.20438446;-0.0053142086;-0.22686374;0.0065673874;0.011286196;0.0020236245;0.0;0.0;-1.147484;0.00022429395;0.00034543953;0.05356358;62.623066;59.432194;0.021755237;934513.3;988134.6;0.27961153;6.233958e-07;8.5312695e-07;3.9082553e-07;0.0006381103;0.0007336245;1.5854144e-05;0.0014248528;0.0012016144;0.0014261891;0.0017326974;0.0014430624;0.0014265623;1.0;1.0;5691.767;25
723630735;723442011;0.6494802;-0.0055892123;0.027152449;-0.75987303;-98.8091;9.565474;-0.18233827;0.0;0.0;-2.494423;-0.0025213147;-0.0060939887;-0.001240145;0.2989598;-0.058342777;-0.022663917;0.2057136;-0.0027780898;-0.2274459;0.009008947;0.015689518;0.0005809824;0.0;0.0;-1.147484;0.00022416055;0.00034134113;0.046563245;62.91798;59.19436;0.022762364;940387.5;993265.25;0.28122714;6.2803036e-07;8.5389763e-07;3.9528675e-07;0.0006381339;0.00073363754;1.5862546e-05;0.001249187;0.00066013663;0.0012571999;0.0016101188;0.0012527042;0.0012574838;1.0;1.0;5704.027;25
724135130;723946666;0.6680059;0.077520765;-0.068927065;-0.7368906;-98.29076;10.993116;-0.04678428;0.0;0.0;-2.3469625;-0.0025252223;-0.0061194105;-0.0012281477;0.299101;-0.058217444;-0.022861792;0.20916072;-0.0013887344;-0.21846327;0.0137066115;0.022737315;-0.004974569;0.0;0.0;-1.147484;0.00022500636;0.00033749154;0.04324194;63.290333;59.036682;0.023786927;946462.44;998561.5;0.29083142;6.3275877e-07;8.5464706e-07;3.9988035e-07;0.0006381579;0.000733649;1.5879783e-05;0.001157078;0.00048283284;0.0011747298;0.0015642268;0.0011547876;0.0011753924;1.0;1.0;5716.4165;25
724629888;724441426;0.6821697;0.024772083;-0.005940585;-0.73075;-97.83158;12.412752;0.03420246;0.0;0.0;-2.1455998;-0.0025283387;-0.0061526382;-0.0012161483;0.29927182;-0.058151554;-0.02302423;0.21293655;-0.0004087961;-0.20742081;0.019023582;0.027919931;-0.013965116;0.0;0.0;-1.147484;0.0002247216;0.00033325178;0.040316813;63.662327;56.043118;0.024153972;952360.5;912511.9;0.2923198;6.373941e-07;8.5458424e-07;4.043273e-07;0.00063798274;0.00073363713;1.5896689e-05;0.0010305977;0.00037029653;0.0010568084;0.0015219888;0.001022479;0.0010584658;1.0;1.0;5728.494;25
725134630;724946081;0.68608487;0.0129092755;0.0054880413;-0.72738636;-97.30975;13.628286;0.12222792;0.0;0.0;-1.9393972;-0.002530427;-0.006155222;-0.0012111486;0.29945037;-0.05809128;-0.023181468;0.21491441;0.00010812329;-0.20448278;0.022744803;0.03064557;-0.014865596;0.0;0.0;-1.147484;0.00022346692;0.0003276199;0.038121074;64.098175;55.81812;0.024872033;958468.25;917362.25;0.2948367;6.418441e-07;8.5331163e-07;4.088313e-07;0.00063800154;0.00073363073;1.5917974e-05;0.0010082652;0.00030178262;0.0010439199;0.0014904187;0.0009985535;0.0010460065;1.0;1.0;5740.7153;25
725629160;725440840;0.67945033;0.05872023;-0.044775862;-0.72999614;-96.85022;14.638877;0.222874;0.0;0.0;-1.7446285;-0.0025312891;-0.0061315917;-0.0012120389;0.29961297;-0.058032226;-0.023327485;0.21571553;0.00033546714;-0.2020592;0.02485851;0.032740124;-0.016030215;0.0;0.0;-1.147484;0.00022230111;0.00032211756;0.036818035;64.58406;55.6368;0.02592276;964524.3;922155.1;0.30308762;6.4595474e-07;8.514884e-07;4.1326427e-07;0.00063801935;0.0007336165;1.5942445e-05;0.0009930404;0.00026096217;0.0010318626;0.0014753069;0.0009826716;0.0010342406;1.0;1.0;5752.6177;25
726133841;725945495;0.6801208;0.024090523;-0.0092920195;-0.7326453;-96.56087;15.767797;0.29346916;0.0;0.0;-1.5203236;-0.002526273;-0.006140079;-0.001208701;0.2997015;-0.058006953;-0.02339625;0.21608034;0.00041727067;-0.19905514;0.025589626;0.034478415;-0.018270921;0.0;0.0;-1.147484;0.00022136453;0.00031930927;0.035811428;65.177376;55.440132;0.026416771;970817.25;927066.4;0.30568597;6.503487e-07;8.5017814e-07;4.177971e-07;0.0006380479;0.00073362706;1.5972253e-05;0.0009625838;0.00022551433;0.0010002212;0.001467476;0.0009517038;0.0010026941;1.0;1.0;5764.7153;25
726628766;726440255;0.6814364;0.004945181;0.0018115108;-0.73185843;-96.26975;16.729935;0.39059907;0.0;0.0;-1.3107579;-0.0025207738;-0.0061333356;-0.0012085675;0.29975677;-0.0579925;-0.023443142;0.21655567;0.00044178273;-0.19846016;0.026366726;0.035259493;-0.018278582;0.0;0.0;-1.147484;0.0002197949;0.00031693475;0.035013657;65.81181;55.23636;0.026889663;977052.25;931902.75;0.3067087;6.544208e-07;8.48081e-07;4.2222402e-07;0.0006380784;0.0007336384;1.6004155e-05;0.0009585022;0.00019867653;0.0009967748;0.0014604166;0.0009473866;0.0009991333;1.0;1.0;5776.5386;25
727133467;726944909;0.6710271;0.09201237;-0.08015522;-0.73132175;-96.01385;17.625122;0.45127624;0.0;0.0;-1.1012522;-0.0025120114;-0.0061102407;-0.0012119334;0.29979923;-0.057973415;-0.023490688;0.21643497;0.0004654636;-0.19640103;0.027123766;0.036532518;-0.01974449;0.0;0.0;-1.147484;0.0002189959;0.00031544716;0.03446008;66.55636;55.095566;0.027860727;983502.6;936887.3;0.31681576;6.5838634e-07;8.458948e-07;4.2678613e-07;0.0006381116;0.00073365064;1.6039454e-05;0.0009370023;0.00018033694;0.0009737866;0.0014554057;0.00092566846;0.0009758359;1.0;1.0;5788.5625;25
727637918;727449565;0.6797786;0.0014423234;0.013062231;-0.7332997;-95.83217;18.364136;0.49739107;0.0;0.0;-0.92148846;-0.0025206758;-0.006069045;-0.0012204673;0.2998443;-0.05802967;-0.023503365;0.21741952;0.00041433919;-0.19355553;0.027188689;0.036124475;-0.022690056;0.0;0.0;-1.147484;0.00021679807;0.00031426075;0.033916607;67.3623;54.90245;0.028363282;990007.3;941879.06;0.31845587;6.6208634e-07;8.4240054e-07;4.312955e-07;0.0006381472;0.0007336667;1.6076125e-05;0.00086658157;0.00016287;0.0008965029;0.0014505723;0.0008546635;0.00089742284;1.0;1.0;5800.599;25
728132646;727944324;0.6815184;-0.02416416;0.04029625;-0.7302911;-95.68903;19.012075;0.54309183;0.0;0.0;-0.7489873;-0.0025289087;-0.006017584;-0.0012302274;0.2998784;-0.05807047;-0.023514356;0.21761955;0.0003740533;-0.19128048;0.027283806;0.03641896;-0.025013372;0.0;0.0;-1.147484;0.00021409184;0.00031383708;0.033458117;68.21608;54.705498;0.028571649;996452.75;946798.8;0.3182738;6.65428e-07;8.3815775e-07;4.3570444e-07;0.000638185;0.00073368964;1.6113903e-05;0.00081921957;0.0001485359;0.00084574154;0.0014455238;0.00080757955;0.0008459094;1.0;1.0;5812.3955;25
728637856;728448981;0.68233514;0.0026267658;0.0010133667;-0.7310341;-95.632355;19.514088;0.60621214;0.0;0.0;-0.6045774;-0.002541537;-0.005948745;-0.0012434563;0.2999214;-0.058132917;-0.023510884;0.21801992;0.0003616626;-0.19145165;0.028095663;0.036424063;-0.024566894;0.0;0.0;-1.147484;0.00021133751;0.00031434713;0.033014186;65.02623;54.45167;0.02848521;911919.2;951780.0;0.31918985;6.685704e-07;8.3336613e-07;4.402014e-07;0.00063807785;0.00073150406;1.61458e-05;0.00081351516;0.00013655804;0.00083977234;0.0014387112;0.0008022214;0.00083950686;1.0;1.0;5824.419;25
729132075;728943738;0.68190444;-0.024087261;0.026602082;-0.7305605;-95.60758;20.088741;0.63585764;0.0;0.0;-0.438712;-0.0025517568;-0.0058779973;-0.0012562629;0.29997203;-0.05814087;-0.023536287;0.21794133;0.00034441927;-0.19096665;0.02852619;0.03664933;-0.025148315;0.0;0.0;-1.147484;0.0002094472;0.00031585514;0.03271639;66.03785;54.30528;0.02886909;917917.94;956778.6;0.32652012;6.7155867e-07;8.2867984e-07;4.4465486e-07;0.0006381162;0.00073153194;1.6185186e-05;0.00080461276;0.00012774164;0.00083036337;0.0014352354;0.00079337176;0.0008298924;1.0;1.0;5836.222;25
729626860;729438497;0.6836424;-0.0046991804;0.01576083;-0.72963184;-95.50167;20.479818;0.66468704;0.0;0.0;-0.31319946;-0.00257289;-0.0057785464;-0.0012722877;0.30006027;-0.058171295;-0.02356284;0.21817519;0.00032322732;-0.19140334;0.029223528;0.0366049;-0.024726225;0.0;0.0;-1.147484;0.0002059113;0.0003173905;0.0324016;67.073814;54.11184;0.028582558;923959.06;961790.3;0.32480624;6.738979e-07;8.2207464e-07;4.4904522e-07;0.0006381524;0.0007315583;1.6223998e-05;0.0007996705;0.000118806776;0.0008253516;0.00143074;0.0007885495;0.000824556;1.0;1.0;5848.023;25
730131724;729943151;0.6616564;-0.14428753;0.15839502;-0.71854234;-95.57134;21.014093;0.6679469;0.0;0.0;-0.1664112;-0.0026053474;-0.0056788963;-0.0012870841;0.30014938;-0.058174185;-0.023593485;0.21517627;0.00029812334;-0.1903224;0.029046215;0.03936484;-0.026320912;0.0;0.0;-1.147484;0.00020370653;0.00031991446;0.032129247;68.28007;53.964813;0.029015247;930178.5;966952.5;0.33282074;6.760763e-07;8.161563e-07;4.535658e-07;0.0006381878;0.00073158403;1.6263599e-05;0.0007358367;0.00011100428;0.00075705664;0.0014256164;0.0007250293;0.00075497455;1.0;1.0;5860.078;25
730636383;730447806;0.6680497;-0.00095703057;-0.012430422;-0.7440123;-95.39397;21.338837;0.7130756;0.0;0.0;-0.0669646;-0.0026408439;-0.005575185;-0.0013007009;0.30023274;-0.05816781;-0.02360871;0.2127189;0.0003153533;-0.1884136;0.029875977;0.04145773;-0.028628092;0.0;0.0;-1.147484;0.00020038242;0.0003241838;0.03190801;69.46253;53.805634;0.02853101;936476.2;972138.25;0.33191213;6.787027e-07;8.094112e-07;4.580709e-07;0.000638224;0.00073161966;1.630607e-05;0.0006725406;0.00010483489;0.0006860946;0.001417248;0.00065766735;0.0006834325;1.0;1.0;5872.1035;25
731130951;730942565;0.66636825;-0.0033492069;0.00073279295;-0.745615;-95.333405;21.639643;0.70133317;0.0;0.0;-0.010467704;-0.0026656047;-0.0054449225;-0.0013193501;0.30036196;-0.058173902;-0.023662573;0.21266371;0.00029881502;-0.1886959;0.030291228;0.04124501;-0.028504979;0.0;0.0;-1.147484;0.00019692573;0.00032816897;0.03175769;70.74328;53.650375;0.028091392;942685.4;977250.3;0.32866684;6.8060285e-07;8.013333e-07;4.6244256e-07;0.0006382539;0.00073164876;1.6345433e-05;0.0006711382;9.844593e-05;0.0006845748;0.0014098029;0.0006561941;0.0006817753;1.0;1.0;5883.9194;25
731635590;731447220;0.66598916;-0.007493311;0.004954303;-0.7459074;-95.257256;21.930487;0.6771318;0.0;0.0;0.041172426;-0.002699885;-0.005298807;-0.001337494;0.30052567;-0.058217846;-0.023734191;0.21265589;0.00028642293;-0.1889564;0.030763173;0.040877584;-0.028460227;0.0;0.0;-1.147484;0.00019348855;0.00033209784;0.031577695;72.0872;53.499043;0.0276073;949053.56;982498.0;0.32647803;6.819859e-07;7.9240436e-07;4.6689883e-07;0.00063827913;0.0007316715;1.6383505e-05;0.00066957984;9.27899e-05;0.00068373425;0.0014014408;0.0006544659;0.00068085664;1.0;1.0;5895.9727;25
732130443;731941979;0.6600584;-0.009552544;0.0070952345;-0.75112003;-95.149826;22.25128;0.6902395;0.0;0.0;0.099514656;-0.0027329617;-0.0051522166;-0.0013543225;0.30070442;-0.058281846;-0.02381967;0.21266328;0.00027792229;-0.18916008;0.031298794;0.040532928;-0.028424744;0.0;0.0;-1.147484;0.0001911828;0.00033610454;0.03142347;73.45634;53.384823;0.027495863;955334.4;987681.8;0.33112416;6.831761e-07;7.8417474e-07;4.713135e-07;0.00063830067;0.0007316898;1.6419563e-05;0.00066831935;8.843703e-05;0.0006831272;0.0013944779;0.0006530934;0.00068020425;1.0;1.0;5907.789;25
732635652;732446634;0.65591186;-0.0037699416;-0.0010743842;-0.7548273;-94.95478;22.496973;0.6664677;0.0;0.0;0.11439934;-0.0027740623;-0.0049836887;-0.001371584;0.30091852;-0.058372714;-0.023919463;0.21283728;0.00027845852;-0.18928005;0.0324488;0.03995016;-0.028494276;0.0;0.0;-1.147484;0.00018776338;0.00034013763;0.031125542;74.83603;53.24932;0.026884831;961777.06;992992.25;0.3280123;6.836807e-07;7.7414273e-07;4.7574963e-07;0.0006383173;0.0007317034;1.645513e-05;0.0006653139;8.384997e-05;0.0006822706;0.0013811354;0.0006499585;0.0006793493;1.0;1.0;5919.82;25
733130525;732941393;0.6633915;-0.010310887;-0.0017955987;-0.74819934;-94.734116;22.705883;0.645479;0.0;0.0;0.10393045;-0.0028117686;-0.0047851778;-0.0013909487;0.3011871;-0.05848348;-0.024071857;0.21290416;0.00027148527;-0.18946987;0.03332339;0.039559096;-0.02843699;0.0;0.0;-1.147484;0.00018369847;0.0003420511;0.030872628;76.180595;53.111263;0.026157195;968089.94;998220.4;0.3229396;6.8268577e-07;7.625523e-07;4.800642e-07;0.0006383254;0.0007316977;1.6484411e-05;0.0006635331;7.972184e-05;0.0006813755;0.0013701802;0.0006481827;0.00067841186;1.0;1.0;5931.577;25
733634518;733446047;0.6616433;-0.10319626;0.114075206;-0.7338702;-94.53587;23.052172;0.6009504;0.0;0.0;0.124301516;-0.002856081;-0.004608863;-0.0014063155;0.30143386;-0.05861181;-0.02419642;0.21187796;0.00025596662;-0.18847442;0.033251368;0.040274646;-0.029619357;0.0;0.0;-1.147484;0.0001813691;0.00034511127;0.030721597;77.64699;50.384773;0.026049744;974492.06;912362.94;0.32790065;6.8241536e-07;7.527089e-07;4.8453313e-07;0.0006381503;0.000731688;1.6515194e-05;0.0006394893;7.648746e-05;0.00065620325;0.0013622167;0.0006251199;0.0006530491;1.0;1.0;5943.5464;25
734129188;733940806;0.6719732;-0.10974922;0.10433893;-0.7249279;-94.355415;23.337296;0.5888387;0.0;0.0;0.101974234;-0.0028977632;-0.004433351;-0.0014180517;0.30169114;-0.058790702;-0.024300657;0.21083492;0.00025433273;-0.1877611;0.03307742;0.04118824;-0.030492147;0.0;0.0;-1.147484;0.0001779914;0.00034948334;0.030606208;79.1383;50.26594;0.025405547;980906.0;917182.94;0.32260635;6.8252774e-07;7.4213773e-07;4.888105e-07;0.0006381524;0.0007316838;1.6548436e-05;0.00058917014;7.297809e-05;0.0006011764;0.0013542253;0.000574853;0.0005975774;1.0;1.0;5955.242;25
734634076;734445462;0.6830079;-0.0980616;0.08822657;-0.7184012;-94.122086;23.61019;0.57434964;0.0;0.0;0.064000234;-0.0029283897;-0.004245517;-0.0014289842;0.30196723;-0.059009366;-0.024433313;0.20906606;0.00026578995;-0.18814407;0.032959957;0.042954464;-0.030305423;0.0;0.0;-1.147484;0.00017471222;0.00035340956;0.030387267;80.54993;50.16214;0.024739176;987464.3;922126.06;0.31867543;6.824386e-07;7.3115524e-07;4.9315196e-07;0.0006381503;0.0007316555;1.658058e-05;0.0005373176;6.973135e-05;0.0005444335;0.0013411534;0.0005221829;0.0005401616;1.0;1.0;5967.14;25
735138913;734950115;0.68425465;-0.0956109;0.10219648;-0.7156886;-93.79374;24.002602;0.52215856;0.0;0.0;0.057471104;-0.0029411658;-0.0040805247;-0.0014371296;0.30221027;-0.059253585;-0.024560442;0.20820174;0.00028340064;-0.18974774;0.03322309;0.043910425;-0.028814528;0.0;0.0;-1.147484;0.0001729546;0.00035818614;0.030124443;82.024;50.113026;0.02461992;994069.94;927102.06;0.32309985;6.8286164e-07;7.2186674e-07;4.974841e-07;0.0006381526;0.00073160435;1.6614207e-05;0.0004927261;6.673387e-05;0.00049837906;0.0013240196;0.00047853013;0.0004935031;1.0;1.0;5979.003;25
735633209;735444874;0.6827307;0.071220495;-0.07684036;-0.7231197;-93.72295;24.389597;0.5127391;0.0;0.0;0.026820028;-0.0029378305;-0.0039391452;-0.0014556044;0.30235648;-0.05948594;-0.0246109;0.21009606;0.00025672757;-0.18717779;0.03411688;0.04241491;-0.031607203;0.0;0.0;-1.147484;0.00017070578;0.0003639743;0.029936058;79.468765;49.953754;0.024002196;909626.75;931918.44;0.31779996;6.815857e-07;7.119439e-07;5.0175186e-07;0.00063804834;0.00072938605;1.6646485e-05;0.00044015943;6.4364845e-05;0.00044190898;0.0013149269;0.00042369764;0.00043582162;1.0;1.0;5990.588;25
736138112;735949528;0.6568643;0.07880097;-0.102218956;-0.7428803;-93.543236;24.78984;0.5242743;0.0;0.0;-0.0011783928;-0.0029692296;-0.003802497;-0.0014716225;0.30259478;-0.059901226;-0.024686078;0.21297331;0.00022553724;-0.18689768;0.034373727;0.039590694;-0.032233816;0.0;0.0;-1.147484;0.00016881629;0.00037021065;0.029732235;81.035706;49.88854;0.023327917;915725.75;936947.6;0.31382588;6.800353e-07;7.020033e-07;5.060366e-07;0.0006380435;0.0007292497;1.6683096e-05;0.00038499557;6.187876e-05;0.0003839781;0.0013075443;0.00036721144;0.00037622885;1.0;1.0;6002.413;25
736633117;736444287;0.64882964;0.06964811;-0.092467256;-0.7520765;-93.2895;25.222391;0.52132034;0.0;0.0;-0.0019019286;-0.003008752;-0.00366742;-0.0014811349;0.30279765;-0.06019349;-0.024779012;0.2151378;0.00021889785;-0.18897387;0.03562818;0.037294425;-0.03037723;0.0;0.0;-1.147484;0.00016768393;0.00037482986;0.029373182;82.417465;49.82626;0.023021845;921737.3;941899.75;0.31638125;6.7798345e-07;6.9262e-07;5.1023034e-07;0.0006380404;0.00072913815;1.671603e-05;0.00034674423;5.9627873e-05;0.0003457384;0.0012948521;0.0003285876;0.00033648137;1.0;1.0;6013.986;25
737127628;736939046;0.64473754;0.06088793;-0.086829275;-0.7570118;-92.92063;25.58035;0.5024802;0.0;0.0;-0.042389523;-0.0030521962;-0.0035074719;-0.0014926792;0.30304;-0.06047406;-0.024886645;0.21618156;0.00021906542;-0.19063318;0.03704267;0.0362427;-0.028723288;0.0;0.0;-1.147484;0.00016539209;0.00037821813;0.028991772;83.747314;49.74611;0.022395879;927768.7;946871.75;0.31062853;6.758241e-07;6.8124314e-07;5.144927e-07;0.0006380322;0.0007290512;1.6746055e-05;0.00032380028;5.7846086e-05;0.00032381617;0.0012813124;0.00030553038;0.0003135644;1.0;1.0;6025.505;25
737632252;737443701;0.64801615;0.020538563;-0.037140146;-0.7604432;-92.42064;25.988045;0.49115312;0.0;0.0;-0.0672493;-0.0030899467;-0.003354103;-0.0014999153;0.30326074;-0.06062628;-0.024991142;0.21663292;0.00022106704;-0.19118266;0.038926154;0.035789438;-0.028090024;0.0;0.0;-1.147484;0.00016369463;0.000381854;0.028384127;84.99178;49.686077;0.021861838;933976.7;951967.8;0.30635586;6.7279007e-07;6.7000207e-07;5.1874906e-07;0.00063802424;0.00072902173;1.6777345e-05;0.00032072153;5.5913646e-05;0.00032156074;0.0012582104;0.00030239136;0.00031115147;1.0;1.0;6037.1763;25
738136678;737948355;0.6352579;-0.0723401;0.08038829;-0.7646909;-91.753685;26.476034;0.54403996;0.0;0.0;-0.04357846;-0.0031674507;-0.0032538793;-0.001490272;0.30332333;-0.060645893;-0.025001293;0.21461536;0.00023662648;-0.1883502;0.041867394;0.037770443;-0.031181052;0.0;0.0;-1.147484;0.00016369465;0.0003900512;0.02772078;86.27083;49.658154;0.021665147;940311.94;957103.75;0.31031182;6.7164564e-07;6.6220946e-07;5.229429e-07;0.00063804555;0.00072905724;1.6819982e-05;0.00030253382;5.4088723e-05;0.00030138216;0.001230944;0.00028364893;0.00029136977;1.0;1.0;6048.7563;25
738631434;738443114;0.6182599;-0.13762482;0.16367762;-0.75632256;-90.61084;26.870123;0.42931852;0.0;0.0;-0.070838414;-0.0032374135;-0.0031359855;-0.0014793957;0.30349505;-0.06067288;-0.025030538;0.21237262;0.00028027728;-0.1848021;0.04598232;0.040193394;-0.034941044;0.0;0.0;-1.147484;0.00016243997;0.00039921893;0.026933655;87.45111;49.68795;0.021032538;946570.44;962164.6;0.3053076;6.7202285e-07;6.5331244e-07;5.270737e-07;0.0006380381;0.0007290929;1.6860698e-05;0.0002777071;5.2590287e-05;0.0002749403;0.0011957883;0.0002583123;0.00026537158;1.0;1.0;6059.9575;25
739136334;738947768;0.6360566;-0.108982176;0.15721352;-0.74755526;-90.29263;27.425077;0.42713845;0.0;0.0;-0.102410965;-0.003284623;-0.003012655;-0.0014701417;0.30366978;-0.06070009;-0.025077803;0.21046671;0.00029143356;-0.18325436;0.046593685;0.04212708;-0.03664476;0.0;0.0;-1.147484;0.0001612091;0.00040759938;0.02649117;88.99496;49.629845;0.020818213;952996.6;967346.06;0.30155563;6.7184425e-07;6.439722e-07;5.3111864e-07;0.0006380322;0.0007291241;1.690014e-05;0.0002546097;5.0914703e-05;0.000250696;0.0011746419;0.00023497843;0.00024146608;1.0;1.0;6071.227;25
739630883;739442527;0.6811411;-0.13053322;-0.24112266;-0.6788725;-86.01188;27.2045;0.38872647;0.0;0.0;-0.10173213;-0.0031688218;-0.002868772;-0.0014842771;0.30391264;-0.060744993;-0.025241705;0.21310058;0.00065479515;-0.18110336;0.07697065;0.043181647;-0.03849853;0.0;0.0;-1.147484;0.00016067745;0.00041195366;0.019905807;85.11324;49.451088;0.020916736;958874.8;972419.4;0.30365372;6.695484e-07;6.349343e-07;5.35018e-07;0.0006380317;0.00072913576;1.693346e-05;0.00024247414;4.929327e-05;0.00022786405;0.0008691386;0.0002244693;0.00021797259;1.0;1.0;6082.033;25
740135507;739947181;0.6335424;-0.24831758;0.04770364;-0.7312228;-83.826225;27.24082;0.26345682;0.0;0.0;-0.1790037;-0.0030769685;-0.0027557607;-0.0015263676;0.30417767;-0.060938757;-0.025327696;0.21459116;0.00082983216;-0.17590159;0.09229152;0.04419138;-0.043468274;0.0;0.0;-1.147484;0.00016016437;0.00041983422;0.015730929;82.909485;49.316357;0.020508809;965029.25;977632.1;0.30038303;6.704095e-07;6.259686e-07;5.3918336e-07;0.00063802424;0.0007291452;1.6973616e-05;0.00023533794;4.8029604e-05;0.00021032048;0.00067896396;0.00021710894;0.00019965511;1.0;1.0;6092.0103;25
740630294;740441940;0.6800218;0.17373815;0.16699156;-0.69245887;-82.84818;27.69092;0.26811585;0.0;0.0;-0.30932257;-0.003030449;-0.0026320633;-0.0015544348;0.30448693;-0.06115103;-0.025424842;0.21657482;0.00089314603;-0.17722045;0.0983387;0.04363882;-0.042187482;0.0;0.0;-1.147484;0.00015925946;0.00042487495;0.014273755;82.89608;49.24156;0.020349015;971259.06;982763.9;0.2958537;6.671656e-07;6.159893e-07;5.4286977e-07;0.0006379771;0.00072912;1.7007933e-05;0.00022554121;4.667481e-05;0.00020007597;0.00060958415;0.00021107645;0.00018936188;1.0;1.0;6101.5874;25
741134986;740946594;0.821476;0.15748267;0.14793496;-0.5277232;-74.76682;26.73057;0.40694168;0.0;0.0;-0.30828488;-0.0031290683;-0.002567718;-0.0015386954;0.30467874;-0.06131715;-0.02541234;0.21909215;0.0014176862;-0.18096419;0.14713368;0.04731469;-0.039437015;0.0;0.0;-1.147484;0.00015969461;0.00042990176;0.008374094;77.5893;49.138638;0.019406455;977358.25;988017.44;0.2991159;6.6372996e-07;6.0831223e-07;5.4657875e-07;0.00063792156;0.0007290949;1.7048253e-05;0.00021268573;4.5387547e-05;0.00016519648;0.00034000003;0.00019609513;0.00015496087;1.0;1.0;6110.3887;25
741629714;741441353;0.87471163;-0.21800934;-0.047836214;-0.43018985;-73.76324;26.946472;0.23814973;0.0;0.0;-0.2816212;-0.0031437841;-0.0025333618;-0.00163787;0.3049428;-0.06155809;-0.025446497;0.2429679;0.0019858486;-0.17469248;0.16015477;0.025476981;-0.046893604;0.0;0.0;-1.147484;0.00015795662;0.00043351453;0.006317586;76.63034;49.033543;0.01915941;983524.1;993190.6;0.2936389;6.6166444e-07;5.993738e-07;5.5062213e-07;0.00063789194;0.0007290586;1.708506e-05;0.00017682562;4.446807e-05;0.00015806129;0.000245666;0.00016336502;0.0001471538;1.0;1.0;6118.0215;25
742134324;741946007;0.8371425;0.14265798;0.21654496;-0.4816114;-69.83997;26.736494;0.44987705;0.0;0.0;-0.2923707;-0.003327599;-0.0024854676;-0.0016525427;0.30498224;-0.06165635;-0.025410786;0.24607037;0.0021620062;-0.17401543;0.17824809;0.02481033;-0.048218522;0.0;0.0;-1.147484;0.00015704586;0.00043724445;0.0045599267;75.37629;49.000256;0.018219348;989891.75;998496.3;0.2903377;6.5857586e-07;5.916094e-07;5.54803e-07;0.0006379087;0.0007290587;1.7128103e-05;0.00015493599;4.351563e-05;0.000143419;0.00016830044;0.00014189433;0.00013234575;1.0;1.0;6125.564;25
742629085;742440766;0.79717845;-0.02164964;0.10259619;-0.59456867;-69.07596;27.272377;0.45943642;0.0;0.0;-0.24180485;-0.0034114285;-0.00244298;-0.0017288415;0.30511695;-0.06188676;-0.025415234;0.25372997;0.0027881234;-0.17428353;0.18306267;0.018233;-0.048475306;0.0;0.0;-1.147484;0.00015776095;0.0004425077;0.004140802;75.84268;46.44732;0.018587273;996188.94;912474.9;0.29208326;6.5510073e-07;5.850216e-07;5.586355e-07;0.0006377729;0.0007290304;1.71678e-05;0.00014657792;4.261817e-05;0.00014167184;0.00015160817;0.00013449552;0.00013051125;1.0;1.0;6132.476;25
743134195;742945420;0.7110572;-0.00035965265;-0.006520204;-0.7031039;-69.05397;27.691036;0.4361748;0.0;0.0;-0.21478638;-0.0033893252;-0.0023548778;-0.0018206151;0.3052652;-0.06212186;-0.02553505;0.2561349;0.003493179;-0.17367889;0.18376869;0.016566364;-0.049389042;0.0;0.0;-1.147484;0.00015753192;0.0004410914;0.0039824126;72.34599;46.397923;0.018287146;911582.1;917219.6;0.2880911;6.469621e-07;5.7574164e-07;5.621209e-07;0.0006377137;0.00072681566;1.718816e-05;0.00014478453;4.175369e-05;0.00014103178;0.00014819593;0.00013324415;0.00012993673;1.0;1.0;6139.465;25
743628742;743440179;0.58027446;-0.003122947;-0.03412392;-0.8136998;-69.52033;28.1172;0.4591191;0.0;0.0;-0.20069697;-0.003276004;-0.002261199;-0.0018930078;0.30537304;-0.062363073;-0.025676135;0.2537169;0.0039494704;-0.17417715;0.18079755;0.01930232;-0.0490796;0.0;0.0;-1.147484;0.00015758391;0.0004417532;0.0038351458;72.89335;46.410156;0.018038955;917505.75;921990.94;0.2832958;6.4014904e-07;5.6694e-07;5.6520577e-07;0.00063775136;0.0007267462;1.7219514e-05;0.00014224714;4.1031606e-05;0.00014073653;0.00014565191;0.00013075654;0.00012970525;1.0;1.0;6146.4033;25
744133301;743944833;0.537389;0.0026258912;-0.0061920118;-0.8433077;-70.10838;28.526627;0.5107187;0.0;0.0;-0.17134066;-0.0031675226;-0.0021664125;-0.0019402948;0.3054322;-0.06262848;-0.025777299;0.25086227;0.0041397884;-0.17570502;0.17506589;0.022513373;-0.04763098;0.0;0.0;-1.147484;0.00015837004;0.00044240485;0.0035517544;73.300186;46.430737;0.018085696;923615.44;926879.3;0.28658947;6.329901e-07;5.598875e-07;5.6795164e-07;0.00063779;0.0007266962;1.7253342e-05;0.00013371331;4.0230843e-05;0.00013915166;0.0001364993;0.000121903766;0.00012817068;1.0;1.0;6153.611;25
744638200;744449487;0.56733185;0.010009289;0.0074466686;-0.82339483;-70.51611;29.021347;0.48189938;0.0;0.0;-0.18194602;-0.0030738353;-0.0020634008;-0.0019753738;0.30542308;-0.0629441;-0.025856277;0.24894658;0.0042154617;-0.17653853;0.17064653;0.024711605;-0.046947483;0.0;0.0;-1.147484;0.0001589548;0.00044516823;0.0033348238;73.88284;46.45492;0.018137317;929796.1;931788.5;0.28362158;6.272633e-07;5.523579e-07;5.7088437e-07;0.00063782354;0.0007266506;1.7290038e-05;0.00012739505;3.9474417e-05;0.00013818481;0.00012916366;0.00011540502;0.00012725557;1.0;1.0;6160.956;25
745133369;744944246;0.5584634;0.013080811;0.065075725;-0.8268693;-70.89692;29.624004;0.41227964;0.0;0.0;-0.19549693;-0.0029824632;-0.0019594287;-0.0020063536;0.30535352;-0.063172854;-0.025956374;0.24761872;0.004268103;-0.17618555;0.168046;0.02617764;-0.0474927;0.0;0.0;-1.147484;0.00015973701;0.00044721793;0.0031996914;74.5509;46.47652;0.018153207;935896.94;936614.1;0.27991834;6.218136e-07;5.4485395e-07;5.74089e-07;0.0006378468;0.0007266009;1.7324735e-05;0.00012401203;3.8853308e-05;0.00013764267;0.00012479018;0.00011213959;0.00012671153;1.0;1.0;6168.263;25
745637220;745448900;0.55911446;-0.009318693;0.027185256;-0.82859224;-71.36252;30.248487;0.3771607;0.0;0.0;-0.21080482;-0.002873618;-0.0018425506;-0.0020323275;0.30524075;-0.06332623;-0.026088687;0.24639677;0.0042715236;-0.17609878;0.16538602;0.027451998;-0.047856856;0.0;0.0;-1.147484;0.00016114983;0.00044547667;0.0030610112;75.0983;46.499775;0.018456586;942140.1;941548.44;0.2837758;6.1364693e-07;5.38112e-07;5.771776e-07;0.00063786283;0.0007265478;1.7356411e-05;0.00012023461;3.8154976e-05;0.00013718178;0.00012001052;0.000108592125;0.00012630543;1.0;1.0;6175.828;25
746132132;745943659;0.52600604;-0.016593806;-0.04666474;-0.84903747;-71.784485;30.714329;0.37755507;0.0;0.0;-0.22581346;-0.0027742123;-0.0017394884;-0.002052604;0.30511415;-0.06348959;-0.026192637;0.24543199;0.0042419564;-0.17620268;0.1629743;0.028432801;-0.04803927;0.0;0.0;-1.147484;0.00016228037;0.000445227;0.0029367304;75.65673;46.527313;0.018173454;948328.3;946402.6;0.2803909;6.066609e-07;5.3094675e-07;5.8022505e-07;0.00063786696;0.00072650274;1.739019e-05;0.00011671963;3.7482536e-05;0.00013681166;0.0001154615;0.00010526952;0.00012595969;1.0;1.0;6183.347;25
746636782;746448313;0.4244855;0.014059549;0.006088377;-0.9053052;-72.108;31.199562;0.37878224;0.0;0.0;-0.25637612;-0.0026940082;-0.0016286424;-0.0020485478;0.3049398;-0.06357875;-0.026294818;0.24563137;0.004146782;-0.17627311;0.16072111;0.028095992;-0.048367128;0.0;0.0;-1.147484;0.00016315059;0.0004425447;0.0027650679;76.06212;46.552933;0.017944762;954656.75;951365.5;0.27825695;5.999665e-07;5.2380847e-07;5.838315e-07;0.0006378643;0.0007264562;1.7422422e-05;0.000110842535;3.6928013e-05;0.00013641673;0.00010787713;9.971612e-05;0.00012562917;1.0;1.0;6191.1357;25
747131402;746943072;0.4156087;0.0038557986;0.021254117;-0.90928704;-72.37985;31.821136;0.32693526;0.0;0.0;-0.27787945;-0.0026465864;-0.0015207476;-0.0020335822;0.3047494;-0.063606046;-0.026384704;0.24682137;0.0040178904;-0.17634962;0.1586094;0.026773307;-0.048732117;0.0;0.0;-1.147484;0.0001644558;0.00043835447;0.0025355828;76.37596;46.573658;0.01804703;960894.5;956252.8;0.28137183;5.9260907e-07;5.180482e-07;5.873672e-07;0.00063786254;0.00072642387;1.7454333e-05;0.00010251583;3.630657e-05;0.00013603803;9.71945e-05;9.180961e-05;0.00012529115;1.0;1.0;6198.87;25
747636245;747447726;0.4179869;-0.011533401;-0.012193835;-0.90829796;-72.54469;32.37088;0.33013824;0.0;0.0;-0.29924163;-0.002610825;-0.0014150392;-0.002018626;0.30455402;-0.06361261;-0.026466163;0.247899;0.0039033315;-0.17645642;0.15717341;0.025587857;-0.048986826;0.0;0.0;-1.147484;0.00016571915;0.00043370007;0.002358241;76.73209;46.596786;0.017752426;967304.0;961251.3;0.27908263;5.854036e-07;5.1168945e-07;5.91079e-07;0.00063785515;0.00072639756;1.7487197e-05;9.610498e-05;3.571228e-05;0.00013575605;8.895411e-05;8.5799584e-05;0.00012508873;1.0;1.0;6206.8374;25
748131341;747942485;0.41953567;0.003936046;-0.011751585;-0.9076543;-72.7583;32.877438;0.31341338;0.0;0.0;-0.34043586;-0.0025706692;-0.0013058546;-0.0020047182;0.3043515;-0.063539535;-0.026566664;0.24872135;0.003800961;-0.17662893;0.15600048;0.024602354;-0.04925213;0.0;0.0;-1.147484;0.00016687426;0.00042635415;0.0022193932;77.00607;46.620605;0.017350707;973599.8;966161.44;0.27562764;5.771699e-07;5.0511585e-07;5.9471853e-07;0.0006378476;0.00072636514;1.7516528e-05;9.103523e-05;3.514215e-05;0.00013546544;8.253573e-05;8.115496e-05;0.00012494132;1.0;1.0;6214.7227;25
748635708;748447139;0.42845216;-0.012065706;0.11169031;-0.89655364;-72.67179;33.371483;0.2785269;0.0;0.0;-0.35805875;-0.0025692494;-0.0012216627;-0.0019860615;0.30417073;-0.063519955;-0.026611166;0.24928759;0.003706498;-0.17697504;0.15522377;0.02398829;-0.049244907;0.0;0.0;-1.147484;0.00016901271;0.0004229155;0.00212539;77.47451;46.658928;0.017103584;980107.4;971197.8;0.27339834;5.721078e-07;4.999194e-07;5.985864e-07;0.0006378438;0.0007263624;1.7551663e-05;8.7476445e-05;3.467152e-05;0.00013431803;7.806085e-05;7.774691e-05;0.00012397485;1.0;1.0;6222.821;25
749130478;748941898;0.4443317;-0.12140306;-0.09996646;-0.881951;-72.84369;33.817833;0.39091042;0.0;0.0;-0.35533756;-0.0025661637;-0.0011362495;-0.0019760488;0.30400527;-0.06343569;-0.026675563;0.24948475;0.0036191694;-0.17725949;0.1540469;0.023726596;-0.049301494;0.0;0.0;-1.147484;0.00017124398;0.00041537176;0.0020370658;77.774475;46.686016;0.016717747;986480.06;976149.1;0.27577803;5.6412955e-07;4.949828e-07;6.02004e-07;0.00063784723;0.00072633737;1.7581417e-05;8.46608e-05;3.4139095e-05;0.0001329997;7.397528e-05;7.516773e-05;0.00012289968;1.0;1.0;6230.798;25
749635622;749446552;0.4370222;0.16652913;0.08360436;-0.8799375;-72.95051;34.719982;0.18412301;0.0;0.0;-0.4392417;-0.002544133;-0.0010556491;-0.0019609604;0.30389813;-0.063475974;-0.026678052;0.24981496;0.0035094176;-0.17765136;0.15205836;0.023239579;-0.049232673;0.0;0.0;-1.147484;0.00017461304;0.00041245445;0.0019424463;78.41768;46.73615;0.017053176;993091.3;981228.44;0.27372926;5.58415e-07;4.909758e-07;6.0537576e-07;0.0006378654;0.0007263747;1.7624028e-05;8.273097e-05;3.362251e-05;0.00012826233;6.937366e-05;7.351252e-05;0.000118074466;1.0;1.0;6239.0254;25
750129633;749941311;0.43262255;0.026445622;0.0025144548;-0.9011837;-72.91037;34.753437;0.3725197;0.0;0.0;-0.4429777;-0.0025509654;-0.0010064816;-0.0019592717;0.30379716;-0.06355576;-0.026666295;0.25022516;0.0034837157;-0.17731185;0.1526162;0.022925003;-0.04975043;0.0;0.0;-1.147484;0.00017760952;0.00040732927;0.0018637216;78.632774;46.76588;0.015951965;999552.0;986223.1;0.27571383;5.544845e-07;4.870272e-07;6.091274e-07;0.00063788815;0.0007263618;1.7657458e-05;7.983845e-05;3.3195367e-05;0.00012045214;6.523031e-05;7.149151e-05;0.000109705376;1.0;1.0;6247.1313;25
750634523;750445965;0.4400796;0.15523127;0.1367531;-0.87380314;-72.870155;35.32795;0.31154096;0.0;0.0;-0.47016004;-0.0025286423;-0.0009407713;-0.0019439614;0.3036832;-0.06356501;-0.026678288;0.25069138;0.0034139191;-0.17709644;0.15239678;0.022371946;-0.050207414;0.0;0.0;-1.147484;0.00018138057;0.00040470483;0.0018038106;75.10211;46.78533;0.015786314;914774.3;991210.06;0.2731438;5.508697e-07;4.8345e-07;6.1267014e-07;0.00063783664;0.0007242412;1.7686596e-05;7.7685625e-05;3.2712498e-05;0.000118429656;6.24936e-05;6.9736816e-05;0.00010758863;1.0;1.0;6255.4233;25
751129833;750940724;0.4454864;0.016132962;0.018073263;-0.8949609;-72.919395;35.91746;0.31125003;0.0;0.0;-0.46935692;-0.0025276882;-0.00085078576;-0.0019364076;0.30352962;-0.06336643;-0.02676087;0.25087824;0.003365619;-0.1771756;0.15241846;0.022118457;-0.050390497;0.0;0.0;-1.147484;0.00018405683;0.0003974467;0.0017583949;75.42274;46.83227;0.015594612;920723.9;996228.3;0.26885307;5.4474555e-07;4.787127e-07;6.159303e-07;0.0006378453;0.000724215;1.7717666e-05;7.592779e-05;3.224516e-05;0.00011697955;6.057611e-05;6.8417394e-05;0.00010619804;1.0;1.0;6263.5996;25
751633734;751445378;0.46241942;-0.18838602;-0.11550183;-0.85868406;-72.96323;36.345512;0.33200607;0.0;0.0;-0.43833342;-0.0025292735;-0.0007894813;-0.0019333761;0.30336127;-0.06331155;-0.02677871;0.25083563;0.0033148907;-0.17734961;0.15176888;0.0220645;-0.050496526;0.0;0.0;-1.147484;0.00018766204;0.0003933013;0.0017236114;75.903206;44.44453;0.015304752;926751.8;910345.0;0.26586068;5.400455e-07;4.750458e-07;6.1925476e-07;0.0006377199;0.00072421285;1.775303e-05;7.498806e-05;3.185594e-05;0.00011579805;5.8962996e-05;6.76588e-05;0.00010517722;1.0;1.0;6271.9785;25
752128641;751940136;0.45420802;-0.10386033;-0.041474793;-0.8838485;-73.06428;36.851593;0.25247744;0.0;0.0;-0.44518995;-0.0025432995;-0.0007455773;-0.0019276853;0.30320954;-0.06327438;-0.026778035;0.25070924;0.0032346866;-0.17813501;0.15028204;0.022064285;-0.050030384;0.0;0.0;-1.147484;0.00019177652;0.00038948466;0.0016792038;76.47801;44.514164;0.015172695;932825.2;914966.25;0.26796472;5.341989e-07;4.7258985e-07;6.2196e-07;0.00063770986;0.00072422164;1.7789915e-05;7.423784e-05;3.1411586e-05;0.00011279654;5.6633453e-05;6.705053e-05;0.00010226646;1.0;1.0;6280.27;25
752633136;752444791;0.48327065;0.28212035;0.260218;-0.7868573;-73.16379;37.225574;0.22228512;0.0;0.0;-0.48805934;-0.0025302123;-0.000689668;-0.0019141157;0.3031261;-0.06326679;-0.026773354;0.251001;0.0031992118;-0.17785642;0.15069342;0.021896007;-0.050553635;0.0;0.0;-1.147484;0.0001963971;0.0003884966;0.0016313764;77.02062;44.585247;0.014404098;939075.9;919698.7;0.26544046;5.322938e-07;4.700125e-07;6.2485606e-07;0.0006377264;0.0007242612;1.783393e-05;7.3235395e-05;3.098056e-05;0.00010659282;5.4258904e-05;6.6461085e-05;9.576564e-05;1.0;1.0;6288.7983;25
753138160;752949444;0.48463374;0.15053266;0.04347034;-0.8605699;-72.9554;37.775272;0.31975845;0.0;0.0;-0.48141372;-0.0025513354;-0.00062200765;-0.0019243238;0.30296218;-0.06314631;-0.026798187;0.25107995;0.0031865814;-0.17814831;0.15105979;0.02196999;-0.050343618;0.0;0.0;-1.147484;0.00020057485;0.00038680914;0.0016012851;77.526955;44.66532;0.014528183;945351.6;924447.8;0.26217514;5.301522e-07;4.6706432e-07;6.2738604e-07;0.0006377168;0.0007242618;1.7872386e-05;7.2347444e-05;3.0561954e-05;0.00010234849;5.295942e-05;6.596842e-05;9.138895e-05;1.0;1.0;6297.3193;25
753632534;753444203;0.45639613;0.09611488;-0.065766916;-0.88212204;-72.856705;37.938545;0.45524538;0.0;0.0;-0.42846584;-0.0025542052;-0.0005757614;-0.0019287056;0.30279803;-0.06308044;-0.026800834;0.2509893;0.003161899;-0.17824508;0.15113173;0.022064261;-0.050361134;0.0;0.0;-1.147484;0.00020454236;0.00038450502;0.001582203;77.952484;44.745884;0.014202204;951531.94;929124.9;0.26385581;5.27718e-07;4.6452004e-07;6.30351e-07;0.00063768646;0.0007242452;1.7907632e-05;7.1629554e-05;3.0213996e-05;0.00010076871;5.219621e-05;6.553179e-05;8.9858826e-05;1.0;1.0;6305.693;25
754127427;753938962;0.44090265;0.05004383;0.03076449;-0.89563054;-72.710724;38.487846;0.3915468;0.0;0.0;-0.38804594;-0.0025759917;-0.00052387355;-0.001921621;0.30256173;-0.06300573;-0.02678875;0.251278;0.0031181101;-0.17839861;0.15089305;0.021760926;-0.05031535;0.0;0.0;-1.147484;0.00020878288;0.00038276354;0.0015556696;78.5666;44.840824;0.014199891;957782.6;933820.1;0.26017985;5.2442897e-07;4.619213e-07;6.329524e-07;0.0006376;0.0007242458;1.7945948e-05;7.0644215e-05;2.9818078e-05;9.9982404e-05;5.112478e-05;6.4715736e-05;8.907403e-05;1.0;1.0;6314.0903;25
754636174;754443616;0.4267785;-0.0836449;0.10615702;-0.8942004;-72.74634;39.12558;0.3976002;0.0;0.0;-0.35154754;-0.0026094797;-0.00045573543;-0.0019070582;0.30229333;-0.06282267;-0.026810965;0.25128648;0.0030694788;-0.1786269;0.1506972;0.02171949;-0.050256517;0.0;0.0;-1.147484;0.00021263998;0.00037981142;0.0015303695;79.14012;44.933422;0.014288402;964180.94;938626.9;0.25744754;5.2044777e-07;4.5909215e-07;6.3566995e-07;0.0006374909;0.0007242329;1.7983519e-05;6.9674905e-05;2.9433351e-05;9.9305165e-05;5.0001574e-05;6.387101e-05;8.849622e-05;1.0;1.0;6322.688;25
755136783;754948270;0.43737894;-0.09543833;0.11219549;-0.8871321;-72.42484;39.40902;0.3114824;0.0;0.0;-0.3327968;-0.002668998;-0.00039032398;-0.0018740188;0.3019537;-0.06262837;-0.026808744;0.2507109;0.0030038168;-0.17889957;0.15032323;0.02237195;-0.050170936;0.0;0.0;-1.147484;0.00021647834;0.00037870684;0.0015150976;79.71658;45.042015;0.014169949;970635.56;943462.4;0.2603643;5.18084e-07;4.573112e-07;6.384748e-07;0.00063735276;0.0007242143;1.8020972e-05;6.839848e-05;2.9110548e-05;9.73575e-05;4.9122405e-05;6.2488674e-05;8.67641e-05;1.0;1.0;6331.296;25
755631529;755443029;0.4401547;-0.07306036;0.123296365;-0.8864108;-72.2623;39.696133;0.2935069;0.0;0.0;-0.3549034;-0.0027272054;-0.000317108;-0.0018352363;0.30155885;-0.062408656;-0.026811244;0.25015095;0.0029372675;-0.17913738;0.15001206;0.02299033;-0.05018575;0.0;0.0;-1.147484;0.00021869376;0.0003744143;0.0014984411;80.12344;45.138668;0.013837086;976961.3;948209.6;0.25678283;5.136628e-07;4.5395822e-07;6.406818e-07;0.00063717336;0.00072417053;1.8052859e-05;6.717249e-05;2.874094e-05;9.5450945e-05;4.8248938e-05;6.1192324e-05;8.5149106e-05;1.0;1.0;6339.743;25
756136404;755947683;0.40989715;0.03868275;-0.109589994;-0.9046978;-72.25539;40.06239;0.30404022;0.0;0.0;-0.35835817;-0.0027518726;-0.00024661332;-0.001820281;0.30125064;-0.062209435;-0.026844304;0.25013882;0.0028957247;-0.17939553;0.14975424;0.022983588;-0.050080102;0.0;0.0;-1.147484;0.00022117609;0.00036993774;0.0014796964;80.57106;45.23695;0.01365211;983456.1;953074.44;0.25414225;5.090109e-07;4.5057087e-07;6.428457e-07;0.0006369849;0.00072413747;1.8085037e-05;6.62249e-05;2.838048e-05;9.460836e-05;4.743594e-05;6.037383e-05;8.444101e-05;1.0;1.0;6348.367;25
756631283;756442442;0.3740244;0.1014269;-0.18139736;-0.9038326;-72.228874;40.450146;0.29227877;0.0;0.0;-0.36722898;-0.0027789772;-0.00017996662;-0.0018092521;0.30094203;-0.06203503;-0.026877947;0.25062093;0.002875208;-0.1798016;0.1496826;0.022419985;-0.04985015;0.0;0.0;-1.147484;0.00022379444;0.00036548206;0.0014512695;81.01286;45.334988;0.01364501;989857.06;957869.75;0.25604624;5.051046e-07;4.4768916e-07;6.4529075e-07;0.0006368218;0.0007241086;1.8116085e-05;6.468443e-05;2.808036e-05;9.309585e-05;4.6562025e-05;5.8948583e-05;8.2851766e-05;1.0;1.0;6356.863;25
757135415;756947096;0.355087;0.085907295;-0.15577975;-0.9177504;-72.298485;40.96696;0.21532348;0.0;0.0;-0.369834;-0.0028442945;-0.00013668236;-0.0018147188;0.30059165;-0.061954077;-0.026866278;0.25217167;0.002872312;-0.1802542;0.14953332;0.020791207;-0.049665455;0.0;0.0;-1.147484;0.00022688485;0.00036311473;0.0014121894;81.58813;45.44617;0.013653307;996469.3;962784.94;0.25361678;5.0256256e-07;4.4489806e-07;6.4737367e-07;0.0006366412;0.00072410534;1.8151793e-05;6.206199e-05;2.7739992e-05;9.031245e-05;4.555383e-05;5.6350993e-05;7.9777674e-05;1.0;1.0;6365.58;25
757630350;757441855;0.37769687;0.01784953;-0.06366347;-0.92356557;-72.019455;41.19135;0.25068924;0.0;0.0;-0.3697057;-0.0028920602;-8.8211375e-05;-0.0017932475;0.30029032;-0.061857454;-0.026849832;0.25274166;0.002844552;-0.18049446;0.14963852;0.020214735;-0.049554173;0.0;0.0;-1.147484;0.00023044465;0.00036182295;0.0013877891;78.105675;45.54114;0.0133327;911845.2;967495.5;0.2504942;5.003887e-07;4.426666e-07;6.5001035e-07;0.00063641556;0.0007219526;1.8178063e-05;6.0951144e-05;2.7410271e-05;8.985521e-05;4.448819e-05;5.532206e-05;7.935481e-05;1.0;1.0;6374.147;25
758135024;757946510;0.3941684;-0.00052795047;-0.028294656;-0.91860247;-71.832504;41.49762;0.24351157;0.0;0.0;-0.36963558;-0.0029311788;-3.0992527e-05;-0.0017744112;0.3000345;-0.061697952;-0.026852475;0.25300562;0.0028166065;-0.18058921;0.14962825;0.019969678;-0.049498253;0.0;0.0;-1.147484;0.00023406175;0.00036050027;0.0013722471;78.700745;45.667667;0.013341812;917960.2;972461.5;0.25344867;4.9820005e-07;4.4086735e-07;6.528252e-07;0.0006362827;0.00072193716;1.8213255e-05;6.0351736e-05;2.7136226e-05;8.963612e-05;4.372629e-05;5.4802415e-05;7.922458e-05;1.0;1.0;6382.8647;25
758633411;758441268;0.39502245;0.0038621826;-0.029229395;-0.91819835;-71.64373;41.775974;0.21967846;0.0;0.0;-0.39718077;-0.0029782888;3.3062144e-05;-0.0017593717;0.2997618;-0.061494336;-0.026853131;0.25319874;0.0027860817;-0.18063232;0.14956722;0.019817922;-0.04945945;0.0;0.0;-1.147484;0.00023669258;0.00035797214;0.0013549788;79.248535;45.79099;0.0131935235;923984.56;977345.06;0.25033048;4.9480497e-07;4.3805764e-07;6.5495914e-07;0.0006361489;0.0007218995;1.8245788e-05;5.9784317e-05;2.6823094e-05;8.9469126e-05;4.2968284e-05;5.4331627e-05;7.913779e-05;1.0;1.0;6391.409;25
759134486;758945922;0.40290442;-0.0023659638;-0.02587089;-0.9148733;-71.45162;42.054028;0.20162669;0.0;0.0;-0.411436;-0.0030192535;8.471468e-05;-0.0017424795;0.29953864;-0.061304282;-0.02684657;0.253343;0.0027556357;-0.18069927;0.14955707;0.01968999;-0.049425226;0.0;0.0;-1.147484;0.00023974273;0.00035641607;0.0013397197;79.856575;45.926365;0.013048497;930187.0;982353.06;0.24814515;4.9191823e-07;4.3559353e-07;6.5699385e-07;0.0006360431;0.00072185585;1.8280056e-05;5.9311235e-05;2.6517713e-05;8.9334135e-05;4.228831e-05;5.3940832e-05;7.9065016e-05;1.0;1.0;6400.1245;25
759629142;759440681;0.40351504;-0.0034981535;-0.020095592;-0.9147457;-71.32334;42.325962;0.19875896;0.0;0.0;-0.4184531;-0.0030493224;0.00013584671;-0.0017294148;0.29938322;-0.061080556;-0.026861167;0.2534156;0.0027305586;-0.18075988;0.14953786;0.019622426;-0.04939421;0.0;0.0;-1.147484;0.00024219933;0.00035386675;0.0013282106;80.372696;46.054188;0.013027527;936284.3;987286.6;0.2501815;4.88776e-07;4.3326213e-07;6.591571e-07;0.000635976;0.0007217846;1.831032e-05;5.8950147e-05;2.6262358e-05;8.9175264e-05;4.176023e-05;5.366663e-05;7.900997e-05;1.0;1.0;6408.6694;25
760133930;759945335;0.40443203;-0.012020232;-0.011836379;-0.9144125;-71.166885;42.605125;0.17706893;0.0;0.0;-0.42625383;-0.0030898715;0.00018391288;-0.0017164868;0.2992414;-0.06084309;-0.026872199;0.25348818;0.0027022536;-0.18080194;0.14950572;0.0195625;-0.04938328;0.0;0.0;-1.147484;0.00024415946;0.00035080107;0.0013150522;80.89655;46.186806;0.0128996065;942542.75;992338.2;0.24803254;4.849059e-07;4.3034282e-07;6.608087e-07;0.0006359211;0.0007216909;1.83402e-05;5.8582267e-05;2.5970221e-05;8.90155e-05;4.1185576e-05;5.3385334e-05;7.8951496e-05;1.0;1.0;6417.3853;25
760628763;760440094;0.4051857;-0.057725593;0.0816387;-0.9087505;-71.097626;42.954605;0.23383774;0.0;0.0;-0.43912485;-0.003141565;0.00022789332;-0.0016992915;0.29910886;-0.060610052;-0.026870348;0.25351632;0.0026730108;-0.18078524;0.1494644;0.019569868;-0.049414776;0.0;0.0;-1.147484;0.00024596934;0.00034804406;0.0013031313;81.41445;46.316277;0.012880857;948726.3;997314.75;0.2451447;4.811888e-07;4.2752293e-07;6.6217245e-07;0.0006358906;0.00072158105;1.836915e-05;5.824649e-05;2.5684638e-05;8.881494e-05;4.0647563e-05;5.312193e-05;7.885732e-05;1.0;1.0;6425.934;25
761133460;760944748;0.42338887;-0.071098864;0.10366089;-0.8971852;-70.639244;43.11795;0.17473505;0.0;0.0;-0.44852403;-0.0032325094;0.00026054634;-0.0016655228;0.29897034;-0.0604084;-0.026844127;0.25296745;0.0026206903;-0.18074687;0.1490632;0.020248817;-0.0494767;0.0;0.0;-1.147484;0.00024832945;0.00034660278;0.0012947224;81.99534;44.100388;0.012764702;954973.94;911296.06;0.24804507;4.7791644e-07;4.2582272e-07;6.627764e-07;0.000635814;0.0007214839;1.8400086e-05;5.7655125e-05;2.5403848e-05;8.7462206e-05;4.0102223e-05;5.2490897e-05;7.7683544e-05;1.0;1.0;6434.6294;25
761627970;761439507;0.43244445;0.021199673;-0.05984635;-0.89942247;-70.54856;43.389008;0.13722707;0.0;0.0;-0.48293823;-0.0032621901;0.00029715936;-0.001655996;0.29888815;-0.06021577;-0.026827687;0.25268218;0.0025882155;-0.18088304;0.14885311;0.020563886;-0.04939665;0.0;0.0;-1.147484;0.00025076207;0.00034662816;0.0012887339;82.640305;44.257523;0.01266773;961282.8;915873.94;0.24512494;4.7594628e-07;4.2395325e-07;6.6357524e-07;0.0006358238;0.0007213966;1.843162e-05;5.728955e-05;2.5168245e-05;8.669646e-05;3.977916e-05;5.2122046e-05;7.699466e-05;1.0;1.0;6443.116;25
762132716;761944161;0.41556904;0.08512236;-0.16679274;-0.8900768;-70.325806;43.633793;0.105785415;0.0;0.0;-0.50444746;-0.003303743;0.00032545917;-0.0016594954;0.2988141;-0.06007072;-0.026800595;0.25286016;0.0025669646;-0.18086284;0.14872682;0.02041176;-0.049424373;0.0;0.0;-1.147484;0.00025415423;0.00034713055;0.0012771402;83.38071;44.43088;0.01257975;967785.06;920567.9;0.24320178;4.7387448e-07;4.2221941e-07;6.6359166e-07;0.0006358451;0.0007213417;1.8465622e-05;5.6738965e-05;2.4898422e-05;8.584704e-05;3.9485505e-05;5.1569114e-05;7.603376e-05;1.0;1.0;6451.778;25
762637130;762448815;0.4074777;0.07710298;-0.14675327;-0.8980427;-70.12195;43.90106;0.11125405;0.0;0.0;-0.5119762;-0.0033551939;0.0003430246;-0.0016604189;0.2987537;-0.059945107;-0.026778122;0.25325242;0.0025520907;-0.1810963;0.14868233;0.020001289;-0.04922777;0.0;0.0;-1.147484;0.0002577838;0.00034711583;0.0012617909;84.09502;44.606117;0.012638558;974325.44;925286.9;0.2462646;4.7175755e-07;4.2078491e-07;6.6374014e-07;0.00063587463;0.0007212953;1.8498751e-05;5.5925902e-05;2.4635143e-05;8.46191e-05;3.9199662e-05;5.072434e-05;7.4625845e-05;1.0;1.0;6460.4487;25
763131893;762943574;0.42769158;-0.01437475;-0.008528781;-0.9037702;-69.966545;44.166306;0.11213343;0.0;0.0;-0.5558144;-0.003407491;0.00037518912;-0.0016547746;0.29871053;-0.059758566;-0.026747562;0.25345346;0.002538094;-0.18125814;0.14865094;0.019804746;-0.04906213;0.0;0.0;-1.147484;0.00026070687;0.0003474607;0.0012520558;84.79866;44.778828;0.01261124;980783.94;929932.5;0.2436794;4.701263e-07;4.1904983e-07;6.647171e-07;0.00063590833;0.00072122196;1.8529729e-05;5.5520515e-05;2.4415282e-05;8.409312e-05;3.8935643e-05;5.0319537e-05;7.403269e-05;1.0;1.0;6468.9453;25
763626827;763438333;0.4423922;-0.008318795;-0.013403013;-0.896683;-69.7062;44.303745;0.12374734;0.0;0.0;-0.6023491;-0.0034549532;0.00041141448;-0.001654442;0.29870173;-0.059533678;-0.026730215;0.25344244;0.002513964;-0.18120547;0.14850368;0.019861145;-0.049102224;0.0;0.0;-1.147484;0.00026234842;0.00034568715;0.0012456276;85.390686;44.943684;0.012375927;987259.5;934595.94;0.24104173;4.6648697e-07;4.1675037e-07;6.6467226e-07;0.0006359411;0.0007211016;1.8556228e-05;5.5417087e-05;2.4163097e-05;8.3939725e-05;3.8637598e-05;5.0259827e-05;7.396666e-05;1.0;1.0;6477.4204;25
764131435;763942987;0.48258346;0.009281227;-0.013015506;-0.8757041;-69.59917;44.51508;0.115428254;0.0;0.0;-0.6452896;-0.0034800728;0.0004411307;-0.0016628862;0.29871944;-0.059315685;-0.026714802;0.25342214;0.0024913214;-0.18120801;0.14840701;0.019890666;-0.04914544;0.0;0.0;-1.147484;0.00026459649;0.00034415993;0.0012403475;86.01527;45.121723;0.012352003;993912.4;939378.1;0.24403724;4.6290882e-07;4.150523e-07;6.6408046e-07;0.00063597446;0.00072097115;1.8583694e-05;5.5330063e-05;2.3916187e-05;8.3809646e-05;3.8403028e-05;5.0216662e-05;7.390986e-05;1.0;1.0;6486.0615;25
764636109;764447641;0.59378755;0.00011037014;-0.014940595;-0.8044831;-69.50749;44.737347;0.08570753;0.0;0.0;-0.6923216;-0.0034898855;0.0004746727;-0.0016862341;0.29876924;-0.05908049;-0.026708769;0.253509;0.0024788459;-0.18118666;0.14842512;0.019852342;-0.04919179;0.0;0.0;-1.147484;0.00026596966;0.00034306123;0.0012362612;82.5009;45.284935;0.012238167;909644.1;944056.94;0.24221848;4.5943645e-07;4.131079e-07;6.62424e-07;0.00063595735;0.00071861595;1.8598794e-05;5.505525e-05;2.3707757e-05;8.366896e-05;3.818742e-05;4.997207e-05;7.386641e-05;1.0;1.0;6494.7056;25
765130862;764942400;0.7109657;-0.024467805;-0.012633543;-0.7026874;-69.50901;44.96862;0.07005897;0.0;0.0;-0.75567466;-0.0034699892;0.0005142463;-0.0017660736;0.29887342;-0.058796346;-0.026723191;0.2543498;0.0025003375;-0.18104085;0.14900333;0.019227142;-0.049384493;0.0;0.0;-1.147484;0.00026511148;0.0003396751;0.0012199292;83.041336;45.44923;0.0121889785;915610.4;948775.7;0.2396086;4.532021e-07;4.104333e-07;6.562165e-07;0.00063597295;0.00071841304;1.8620138e-05;5.3600274e-05;2.3468432e-05;8.350348e-05;3.7526028e-05;4.8472313e-05;7.377341e-05;1.0;1.0;6503.2036;25
765635501;765447054;0.81894165;-0.02242193;-0.008619649;-0.5733739;-69.51929;45.18227;0.07049058;0.0;0.0;-0.7887942;-0.0034287667;0.0005344333;-0.0018848836;0.2989757;-0.058620837;-0.026741771;0.2563791;0.002578015;-0.18083368;0.1505016;0.017719194;-0.049741916;0.0;0.0;-1.147484;0.0002640339;0.00033664203;0.0011820839;83.64424;45.63111;0.012276064;921722.6;953607.0;0.24270307;4.469988e-07;4.0887664e-07;6.4752663e-07;0.00063598313;0.000718233;1.8645635e-05;5.02435e-05;2.3233266e-05;8.338879e-05;3.5945563e-05;4.4944147e-05;7.369111e-05;1.0;1.0;6511.8955;25
766130427;765941813;0.89553344;0.0026220002;-0.0023812735;-0.4449803;-69.27902;45.35481;0.033988293;0.0;0.0;-0.82787067;-0.0034169655;0.0005588214;-0.0019908198;0.299076;-0.05843839;-0.026762825;0.2588335;0.0026859043;-0.18047112;0.15252267;0.016077299;-0.050274156;0.0;0.0;-1.147484;0.0002596827;0.00033172875;0.0011292751;84.11497;45.79054;0.0123322075;927688.6;958353.5;0.24031658;4.4087616e-07;4.0690395e-07;6.4055e-07;0.00063597894;0.0007180136;1.8665318e-05;4.5957746e-05;2.3036537e-05;8.318758e-05;3.3644665e-05;4.047158e-05;7.353764e-05;1.0;1.0;6520.4263;25
766634794;766446467;0.948751;-0.04527189;-0.02882143;-0.31143463;-68.7436;45.36815;0.04727767;0.0;0.0;-0.85239154;-0.0034575255;0.0005637976;-0.0020813632;0.29912528;-0.05831743;-0.02674572;0.26173612;0.0028137162;-0.18013759;0.15506354;0.014256635;-0.050876968;0.0;0.0;-1.147484;0.00025324416;0.0003245224;0.0010533961;84.47696;45.938427;0.012242745;933750.2;963206.1;0.23873036;4.3408096e-07;4.0506384e-07;6.3373307e-07;0.0006359617;0.00071779516;1.8683057e-05;4.0551087e-05;2.2813716e-05;8.300865e-05;3.0349338e-05;3.4864977e-05;7.343917e-05;1.0;1.0;6529.057;25
767129695;766941227;0.98062956;0.003654252;0.021134682;-0.19469425;-67.86824;45.284805;0.06299208;0.0;0.0;-0.89273334;-0.003571563;0.0005567922;-0.0021349168;0.29911646;-0.058228467;-0.026681386;0.26447612;0.0029296246;-0.17973639;0.15771453;0.012761773;-0.0515938;0.0;0.0;-1.147484;0.00024594503;0.00031680334;0.00097316963;84.79231;46.086533;0.012185072;939713.4;967982.94;0.24117728;4.285159e-07;4.0411646e-07;6.2972475e-07;0.00063594023;0.0007176133;1.870086e-05;3.5390665e-05;2.260011e-05;8.279955e-05;2.675982e-05;2.9593226e-05;7.331242e-05;1.0;1.0;6537.424;25
767635240;767445880;0.9923279;0.031089462;0.026037708;-0.116794564;-66.918724;45.284237;0.006684376;0.0;0.0;-0.9205393;-0.0037355626;0.0005510903;-0.0021824783;0.299048;-0.058163565;-0.026619188;0.2672927;0.0030345933;-0.17895272;0.15985984;0.011100573;-0.05262111;0.0;0.0;-1.147484;0.00023740019;0.00030892863;0.00090116897;85.129616;46.24234;0.012309354;945849.6;972881.7;0.23963979;4.2417773e-07;4.0332168e-07;6.283345e-07;0.0006359039;0.0007174281;1.8717277e-05;3.109078e-05;2.2396349e-05;8.2510334e-05;2.346371e-05;2.5300365e-05;7.3076655e-05;1.0;1.0;6545.8;25
768129407;767940639;0.99109477;-0.05995373;-0.0344474;-0.1137994;-66.01227;45.21417;-0.008975414;0.0;0.0;-0.9500587;-0.0038970006;0.00054448174;-0.002199437;0.2989812;-0.058101147;-0.02653633;0.26917708;0.003096858;-0.17836662;0.16140974;0.010099735;-0.053466756;0.0;0.0;-1.147484;0.0002292271;0.0003023818;0.0008519995;85.47963;46.396767;0.012123908;951943.7;977717.3;0.23713325;4.2152195e-07;4.0289194e-07;6.288451e-07;0.0006358621;0.00071726827;1.8732271e-05;2.830075e-05;2.2229151e-05;8.221346e-05;2.1215454e-05;2.2585054e-05;7.286831e-05;1.0;1.0;6553.8223;25
768633777;768445293;0.9894618;0.06890837;0.009871163;-0.12696323;-64.771736;44.949608;0.011429388;0.0;0.0;-1.0090921;-0.0040983222;0.00054309453;-0.0021682149;0.2988906;-0.058064677;-0.02641399;0.27067387;0.0031180514;-0.17756818;0.16313407;0.009653552;-0.054548435;0.0;0.0;-1.147484;0.00022206799;0.00029577978;0.0008060161;85.82211;46.559334;0.011802355;958203.25;982671.8;0.24012588;4.1884095e-07;4.031604e-07;6.2941615e-07;0.0006358236;0.00071714807;1.8748111e-05;2.5828856e-05;2.2040336e-05;8.174295e-05;1.9156627e-05;2.024254e-05;7.248232e-05;1.0;1.0;6561.835;25
769128625;768940052;0.99429315;-0.02370266;-0.0769337;-0.07000501;-63.839283;45.111553;-0.005426959;0.0;0.0;-1.0582185;-0.004264682;0.00055440975;-0.0022139994;0.29883057;-0.05795918;-0.026358416;0.2725989;0.003187465;-0.17679164;0.16422252;0.0084907375;-0.055542417;0.0;0.0;-1.147484;0.00021595717;0.00029108042;0.0007697919;86.30246;46.7373;0.011954883;964438.6;987560.44;0.237552;4.173698e-07;4.038279e-07;6.3072207e-07;0.0006357711;0.00071703846;1.8765242e-05;2.3917391e-05;2.1857522e-05;8.1235245e-05;1.7498047e-05;1.8445762e-05;7.200268e-05;1.0;1.0;6569.4995;25
769633294;769444706;0.976794;-0.1493534;0.1495113;-0.034835026;-62.73396;44.766476;0.064687744;0.0;0.0;-1.1221976;-0.0044949325;0.00054798863;-0.0021849526;0.29866013;-0.05795488;-0.02623011;0.27275124;0.0031691801;-0.17613411;0.16479391;0.008951428;-0.05650606;0.0;0.0;-1.147484;0.00020923628;0.0002860367;0.00074240554;86.69568;46.90346;0.011196659;970831.44;992575.6;0.23560482;4.1658194e-07;4.0455845e-07;6.3290264e-07;0.0006357155;0.0007169444;1.8779247e-05;2.245663e-05;2.1706317e-05;8.063044e-05;1.6263632e-05;1.7111612e-05;7.149823e-05;1.0;1.0;6577.154;25
770137746;769949360;0.9618704;-0.017632583;0.050685674;0.26818952;-61.625885;44.924507;-0.02798885;0.0;0.0;-1.1613535;-0.004747754;0.0005507915;-0.0022328917;0.29847512;-0.05793906;-0.026168276;0.2737907;0.0032175356;-0.175469;0.16511673;0.008570653;-0.057491615;0.0;0.0;-1.147484;0.00020330152;0.0002825283;0.0007126159;87.3845;47.133064;0.011234318;977388.75;997625.1;0.23385583;4.1726335e-07;4.066752e-07;6.3562584e-07;0.00063569605;0.000716928;1.8809764e-05;2.0811516e-05;2.1533335e-05;7.954151e-05;1.4843794e-05;1.5551646e-05;7.037743e-05;1.0;1.0;6584.6333;25
770632645;770444119;0.9221343;-0.02255791;0.019043325;0.38574195;-60.09261;44.75247;0.013514833;0.0;0.0;-1.1968888;-0.0050906963;0.00056908326;-0.002264533;0.29812208;-0.05790095;-0.026093919;0.2749165;0.003250796;-0.17514431;0.16481002;0.007963358;-0.05831706;0.0;0.0;-1.147484;0.00019500841;0.0002744565;0.0006818297;87.72377;44.976524;0.0107835755;983614.25;911447.8;0.23511644;4.1742484e-07;4.0817622e-07;6.386567e-07;0.0006356159;0.0007168956;1.8822997e-05;1.9097208e-05;2.1366051e-05;7.941505e-05;1.34725115e-05;1.3963932e-05;7.0339636e-05;1.0;1.0;6591.753;25
771127273;770938878;0.9137898;0.02825095;0.02592037;0.404374;-58.89285;44.568417;0.008901156;0.0;0.0;-1.2422872;-0.0053395536;0.0005982057;-0.002307017;0.2978723;-0.057883482;-0.026026946;0.2766551;0.0033015471;-0.17419103;0.16441351;0.006660349;-0.059630178;0.0;0.0;-1.147484;0.00018740505;0.00026754223;0.0006609694;88.14852;45.14871;0.010351607;990046.8;915992.75;0.23158659;4.1877638e-07;4.0991904e-07;6.4192346e-07;0.0006355848;0.0007168909;1.8834742e-05;1.7884593e-05;2.1227364e-05;7.9028854e-05;1.2522028e-05;1.2856507e-05;6.998951e-05;1.0;1.0;6598.6597;25
771632193;771443533;0.9226825;-0.008928839;0.0066194455;0.38540027;-57.201324;44.29467;0.0061986856;0.0;0.0;-1.2819016;-0.005635955;0.0006414717;-0.0023253239;0.29753336;-0.05787745;-0.025969466;0.27803946;0.0033322736;-0.17378472;0.16412649;0.00580914;-0.060476404;0.0;0.0;-1.147484;0.00018040313;0.00026068324;0.0006402965;88.57201;45.327545;0.00993561;996641.3;920650.5;0.2284142;4.202618e-07;4.1201176e-07;6.450299e-07;0.00063556596;0.00071690825;1.8844501e-05;1.6719017e-05;2.1068887e-05;7.886171e-05;1.1636345e-05;1.1798819e-05;6.987894e-05;1.0;1.0;6605.4478;25
772136656;771948187;0.9777655;-0.040702697;-0.0057561127;0.20563255;-55.64133;44.062073;0.009647235;0.0;0.0;-1.3131291;-0.0058864234;0.0006886051;-0.0023454463;0.29723573;-0.05787787;-0.025919447;0.27944222;0.003369228;-0.17345056;0.1641899;0.0049668835;-0.06124483;0.0;0.0;-1.147484;0.00017462982;0.0002542404;0.00062465447;84.78409;45.497032;0.009758969;912056.75;925214.0;0.22926006;4.2211607e-07;4.1441962e-07;6.4804624e-07;0.0006355249;0.0007147042;1.8840963e-05;1.5798125e-05;2.0912696e-05;7.871169e-05;1.0956549e-05;1.1015698e-05;6.9823174e-05;1.0;1.0;6611.9893;25
772631263;772442946;0.97319907;0.008247119;-0.06154017;-0.2214238;-54.7564;44.034412;0.04368319;0.0;0.0;-1.2988076;-0.005994038;0.00071270403;-0.002355519;0.29709277;-0.057853185;-0.025929322;0.28024054;0.0033885958;-0.17320113;0.16467856;0.0045914236;-0.06179542;0.0;0.0;-1.147484;0.00017166055;0.00025088107;0.00061678194;85.155525;45.675568;0.009578017;917968.3;929816.6;0.2251025;4.2405762e-07;4.1660738e-07;6.4977837e-07;0.00063552085;0.0007147235;1.8839408e-05;1.532151e-05;2.0781874e-05;7.8554614e-05;1.05717845e-05;1.0675902e-05;6.97493e-05;1.0;1.0;6618.211;25
773136375;772947600;0.78291965;-0.0010593444;-0.0065752813;-0.62208724;-54.416286;44.25235;0.046997298;0.0;0.0;-1.287936;-0.005982045;0.00071126426;-0.0024202706;0.29712355;-0.057803705;-0.025973976;0.2806752;0.0034306978;-0.17272124;0.16533737;0.004530765;-0.062393762;0.0;0.0;-1.147484;0.00017311626;0.00025040016;0.00061110273;85.67533;45.889572;0.009532856;924072.3;934535.7;0.2220275;4.257244e-07;4.192216e-07;6.4648935e-07;0.0006355229;0.0007147388;1.8837702e-05;1.5129462e-05;2.0628733e-05;7.831314e-05;1.0344938e-05;1.0580296e-05;6.955924e-05;1.0;1.0;6624.4854;25
773630980;773442359;0.5006887;-0.01430146;-0.053721208;-0.8638406;-54.562267;44.62976;0.025138844;0.0;0.0;-1.2493832;-0.005897664;0.00069389254;-0.0024803912;0.29723835;-0.057718724;-0.026047366;0.28035787;0.0034395643;-0.17257324;0.16548929;0.0048950473;-0.062602304;0.0;0.0;-1.147484;0.0001761849;0.0002495952;0.00060553715;86.188255;46.099174;0.009648591;930100.44;939184.7;0.22259267;4.2704102e-07;4.219789e-07;6.388355e-07;0.00063552684;0.0007147422;1.8835226e-05;1.50192445e-05;2.0476862e-05;7.805078e-05;1.0227301e-05;1.0482527e-05;6.936012e-05;1.0;1.0;6630.659;25
774135587;773947013;0.39227036;0.053738356;-0.036495887;-0.9175534;-54.37939;44.778374;0.07038744;0.0;0.0;-1.2279501;-0.00583822;0.0006856016;-0.0024498997;0.29731682;-0.05772076;-0.02604956;0.28026515;0.003386752;-0.17261377;0.16528685;0.004884644;-0.06258807;0.0;0.0;-1.147484;0.00017935791;0.00024873615;0.0005987344;86.819725;46.33223;0.009737959;936367.2;943959.4;0.2199963;4.2868797e-07;4.2525528e-07;6.3035407e-07;0.00063552737;0.0007147448;1.883278e-05;1.4847518e-05;2.0328313e-05;7.788311e-05;1.0100107e-05;1.0263329e-05;6.920503e-05;1.0;1.0;6636.968;25
774630263;774441772;0.5915698;-0.005196973;-0.037797544;-0.80535066;-54.332825;45.045296;0.06468854;0.0;0.0;-1.1892133;-0.0057740514;0.00068461196;-0.002418857;0.29740673;-0.05766325;-0.026084458;0.2801116;0.003338519;-0.17291051;0.16512182;0.0048770723;-0.062458124;0.0;0.0;-1.147484;0.00018241827;0.0002479706;0.00059491105;87.35765;46.54896;0.010074813;942506.9;948656.75;0.21701947;4.3041916e-07;4.2826414e-07;6.246122e-07;0.0006355247;0.0007147362;1.8822788e-05;1.4731383e-05;2.0203935e-05;7.776997e-05;1.0008765e-05;1.0140231e-05;6.915973e-05;1.0;1.0;6643.171;25
775135024;774946426;0.8112739;-0.061116766;-0.02735013;-0.58081967;-54.434704;45.280724;0.11817114;0.0;0.0;-1.1584277;-0.005692599;0.00068083947;-0.0024170815;0.29752594;-0.05765208;-0.026094308;0.2799159;0.003308066;-0.1729574;0.16513784;0.005091916;-0.062491696;0.0;0.0;-1.147484;0.00018654134;0.0002485565;0.0005914545;87.977234;46.81077;0.010410648;948850.8;953470.0;0.21910614;4.3184102e-07;4.316911e-07;6.190961e-07;0.00063552376;0.0007147365;1.881945e-05;1.4659659e-05;2.0060683e-05;7.7615514e-05;9.910204e-06;1.0092754e-05;6.9034366e-05;1.0;1.0;6649.5366;25
775630069;775441185;0.9562014;0.008839162;0.0144721065;-0.29221818;-54.19659;45.43138;0.12193977;0.0;0.0;-1.1569682;-0.005663028;0.0006854939;-0.0023935903;0.2976095;-0.057693;-0.026055189;0.2800259;0.0032920819;-0.17273702;0.16558637;0.0053125853;-0.062874906;0.0;0.0;-1.147484;0.0001894677;0.0002490572;0.0005875814;88.61235;47.093853;0.010541331;955129.75;958209.44;0.21723008;4.3326372e-07;4.3506765e-07;6.1652673e-07;0.0006355141;0.0007147393;1.8811534e-05;1.4510902e-05;1.9920537e-05;7.744901e-05;9.730504e-06;1.0007799e-05;6.889078e-05;1.0;1.0;6655.8037;25
776134194;775945839;0.9997446;0.0024286003;0.017775191;0.013746607;-53.614906;45.492283;0.084541574;0.0;0.0;-1.1459147;-0.00572476;0.00071155844;-0.0023730865;0.29760125;-0.057704397;-0.026023649;0.28050342;0.0032957408;-0.17246489;0.16618632;0.005255648;-0.063368626;0.0;0.0;-1.147484;0.000189535;0.00024764755;0.0005835441;89.15908;47.37748;0.010567691;961549.4;963064.2;0.21640621;4.3528917e-07;4.383203e-07;6.176018e-07;0.00063549785;0.0007147432;1.8800643e-05;1.4223584e-05;1.9804027e-05;7.728656e-05;9.471029e-06;9.811884e-06;6.87756e-05;1.0;1.0;6662.1445;25
776628915;776440599;0.95867956;-0.04210561;-0.06548906;0.27362722;-52.525833;45.36641;0.094630644;0.0;0.0;-1.1147448;-0.005895316;0.00076688477;-0.0023356702;0.29747465;-0.05769888;-0.025979776;0.2812064;0.0032980978;-0.17203987;0.16667518;0.005019919;-0.06418362;0.0;0.0;-1.147484;0.00018740157;0.00024412377;0.00057566084;89.652214;47.6548;0.010687022;967900.94;967847.5;0.2190552;4.3725723e-07;4.4163986e-07;6.1927983e-07;0.00063548103;0.00071475346;1.8794732e-05;1.3754861e-05;1.967011e-05;7.7072524e-05;9.096585e-06;9.437431e-06;6.859573e-05;1.0;1.0;6668.236;25
777133799;776945253;0.8970074;-0.052990798;-0.033854116;0.4375199;-51.078846;45.11393;0.16035512;0.0;0.0;-1.0834678;-0.0061444864;0.0008595915;-0.0023509988;0.2972702;-0.057650324;-0.02594504;0.28189737;0.0033124243;-0.17176823;0.16664656;0.004725211;-0.06495965;0.0;0.0;-1.147484;0.00018321838;0.00023845783;0.00056663825;90.03574;47.909256;0.010869305;974394.9;972748.0;0.21864295;4.396014e-07;4.4484548e-07;6.2123013e-07;0.0006354525;0.00071476016;1.8781633e-05;1.319276e-05;1.9539275e-05;7.6927565e-05;8.714397e-06;8.958817e-06;6.851188e-05;1.0;1.0;6674.268;25
777638221;777449907;0.8867146;0.028128916;-0.17514266;0.42693228;-50.048916;44.85263;0.03920466;0.0;0.0;-1.0287201;-0.00629461;0.00093054236;-0.0022892621;0.2971784;-0.057665113;-0.025877327;0.28313702;0.0033003713;-0.17085658;0.16678843;0.0037895443;-0.066358104;0.0;0.0;-1.147484;0.00017981598;0.00023407851;0.0005602625;90.58647;48.217316;0.011044837;981015.4;977682.1;0.21847154;4.428756e-07;4.486014e-07;6.231888e-07;0.0006354171;0.0007147739;1.8774183e-05;1.2756602e-05;1.9430065e-05;7.604883e-05;8.429564e-06;8.5761885e-06;6.761002e-05;1.0;1.0;6680.1104;25
778132985;777944666;0.8647988;0.073154934;-0.27043736;0.41669542;-48.84901;44.693035;0.13628125;0.0;0.0;-0.9768325;-0.0064385794;0.0010136679;-0.0021937918;0.29709202;-0.057682656;-0.025813472;0.28463772;0.003273284;-0.16956438;0.16696052;0.0026242598;-0.068222135;0.0;0.0;-1.147484;0.00017672172;0.00022953525;0.0005526324;91.019226;48.49109;0.011500338;987517.1;982539.1;0.221778;4.460451e-07;4.5216714e-07;6.2449067e-07;0.0006353738;0.0007147834;1.8767827e-05;1.2302634e-05;1.930463e-05;7.474047e-05;8.1540575e-06;8.188061e-06;6.626216e-05;1.0;1.0;6685.671;25
778627768;778439425;0.897944;-0.03030934;-0.041362695;0.43711245;-47.487995;44.349968;0.124726765;0.0;0.0;-0.9873023;-0.006590807;0.0011170908;-0.0021531659;0.29703152;-0.057736903;-0.025728656;0.286018;0.0032615748;-0.16861458;0.16697462;0.0016332346;-0.06965007;0.0;0.0;-1.147484;0.00017442835;0.00022579111;0.00054649677;91.5369;48.804253;0.011839944;994116.56;987424.94;0.22137134;4.494967e-07;4.5600567e-07;6.2598747e-07;0.0006352801;0.0007147921;1.8759878e-05;1.1906067e-05;1.918222e-05;7.385927e-05;7.921258e-06;7.851309e-06;6.5361215e-05;1.0;1.0;6691.0654;25
779132946;778944080;0.9016158;-0.017971175;-0.0018277535;0.43216047;-46.48072;44.254448;0.15126857;0.0;0.0;-0.9636739;-0.0067151976;0.0012135108;-0.0022292677;0.29705602;-0.0577576;-0.025669582;0.28676963;0.0032930768;-0.16771449;0.16686149;0.0011672941;-0.07095656;0.0;0.0;-1.147484;0.00017230916;0.0002216061;0.0005434343;87.74987;49.10517;0.012031512;909882.94;992313.1;0.22200663;4.531776e-07;4.5998505e-07;6.281604e-07;0.0006350984;0.0007125441;1.8738647e-05;1.1577917e-05;1.9078403e-05;7.333729e-05;7.737823e-06;7.603308e-06;6.4913154e-05;1.0;1.0;6696.3867;25
780132064;779943493;0.8881208;0.16485451;-0.053725448;0.4256503;-43.354584;43.58069;0.19838288;0.0;0.0;-0.81541777;-0.006946898;0.0014814738;-0.0020475176;0.2971775;-0.058001213;-0.025421102;0.2880298;0.0032215505;-0.16622192;0.1669353;0.00045151805;-0.073504224;0.0;0.0;-1.147484;0.00016860124;0.00021416454;0.00053446257;88.54856;47.402466;0.013244146;922067.25;911175.25;0.22759055;4.6044227e-07;4.6749676e-07;6.307625e-07;0.0006346317;0.00071249;1.8721215e-05;1.0878165e-05;1.884408e-05;7.1951654e-05;7.415013e-06;7.0527813e-06;6.356136e-05;1.0;1.0;6706.3623;25
780636830;780448147;0.90480006;0.11130259;-0.068209186;0.40533468;-42.0989;43.373325;0.2216385;0.0;0.0;-0.75669926;-0.007011968;0.0016290186;-0.0018772258;0.29739687;-0.05816908;-0.025259867;0.28829804;0.0031458;-0.16520807;0.16692545;0.00025796567;-0.075242594;0.0;0.0;-1.147484;0.00016671132;0.00020981769;0.00053058576;88.7433;47.667103;0.013736236;928238.25;915780.6;0.22919023;4.6404642e-07;4.7095327e-07;6.3184024e-07;0.0006342808;0.000712444;1.8704017e-05;1.0536396e-05;1.8729887e-05;7.088959e-05;7.2928733e-06;6.808686e-06;6.253004e-05;1.0;1.0;6711.139;25
781131463;780942906;0.91193163;-0.03407357;-0.005558214;0.40888745;-41.064354;43.177113;0.28913444;0.0;0.0;-0.72607315;-0.007071745;0.0017677133;-0.0019021633;0.29775807;-0.058286406;-0.025143538;0.28863373;0.0031413066;-0.16520628;0.16688989;5.9741105e-05;-0.075795844;0.0;0.0;-1.147484;0.00016561005;0.00020643129;0.00052926544;88.964096;47.937607;0.014261677;934346.0;920321.5;0.23464839;4.677161e-07;4.74554e-07;6.335633e-07;0.0006338767;0.0007124192;1.869457e-05;1.0281208e-05;1.8634035e-05;7.069829e-05;7.1919367e-06;6.642107e-06;6.243337e-05;1.0;1.0;6715.6704;25
781636030;781447561;0.9028432;-0.039765712;-0.014699061;0.42787504;-40.12022;43.04365;0.32293406;0.0;0.0;-0.6691705;-0.0071290974;0.0019313727;-0.0019674387;0.2982373;-0.058382638;-0.025019607;0.288907;0.0031487609;-0.16525085;0.16687357;-9.5451265e-05;-0.076473676;0.0;0.0;-1.147484;0.00016416938;0.0002017018;0.0005268258;88.95293;48.163216;0.014668457;940494.94;924959.75;0.23667476;4.7123245e-07;4.777309e-07;6.346913e-07;0.00063331553;0.00071239134;1.867515e-05;9.986032e-06;1.8523031e-05;7.047615e-05;7.084614e-06;6.462076e-06;6.2359904e-05;1.0;1.0;6720.171;25
782131090;781942320;0.89681685;-0.033467118;-0.026134672;0.44035962;-39.301685;42.911175;0.35421497;0.0;0.0;-0.60875565;-0.007163757;0.0020917852;-0.0020191486;0.29885155;-0.05850844;-0.024866965;0.28919062;0.0031509376;-0.16538899;0.16687082;-0.00029791953;-0.0770776;0.0;0.0;-1.147484;0.00016316911;0.0001972527;0.0005247075;88.91021;48.388126;0.015047419;946556.5;929528.6;0.23795812;4.7469817e-07;4.808044e-07;6.355935e-07;0.00063267077;0.00071237225;1.8658407e-05;9.707123e-06;1.8413537e-05;7.02741e-05;6.992547e-06;6.294045e-06;6.230494e-05;1.0;1.0;6724.49;25
782635436;782446974;0.8939111;-0.03417568;-0.029823372;0.4459435;-38.769264;42.916496;0.39604867;0.0;0.0;-0.5261885;-0.0071741603;0.0022289716;-0.00206671;0.29947516;-0.05859833;-0.02474201;0.28928855;0.0031512617;-0.16563179;0.16685379;-0.00041588466;-0.07756987;0.0;0.0;-1.147484;0.0001620588;0.0001929485;0.0005243292;88.799934;48.590595;0.015567774;952716.4;934205.5;0.24495572;4.78353e-07;4.839138e-07;6.3701486e-07;0.0006320588;0.00071235554;1.8646006e-05;9.4621755e-06;1.8321694e-05;7.0075206e-05;6.9227126e-06;6.1590313e-06;6.22641e-05;1.0;1.0;6728.8203;25
783130335;782941733;0.8965831;-0.029777389;-0.028148375;0.44097602;-38.26545;42.92261;0.45032528;0.0;0.0;-0.4479805;-0.007170374;0.0023905393;-0.0021125455;0.3002562;-0.05873412;-0.024580209;0.28938556;0.0031481648;-0.16596709;0.16684242;-0.00055585004;-0.07809668;0.0;0.0;-1.147484;0.0001612747;0.00018822298;0.0005227491;88.54823;48.76915;0.015906787;958732.56;938801.56;0.24629542;4.8173234e-07;4.865934e-07;6.3763287e-07;0.0006313412;0.00071233226;1.862984e-05;9.194225e-06;1.8214938e-05;6.986678e-05;6.851614e-06;6.013539e-06;6.223129e-05;1.0;1.0;6733.01;25
783634722;783446388;0.90078574;-0.028308585;-0.029029772;0.43236673;-37.737064;42.946823;0.47873044;0.0;0.0;-0.35975307;-0.007147568;0.002560204;-0.00214849;0.30116358;-0.05893844;-0.024380311;0.28948268;0.0031429797;-0.1663391;0.166854;-0.00069821684;-0.07859647;0.0;0.0;-1.147484;0.00016126255;0.00018421731;0.00052185444;88.34802;48.98121;0.016238116;964946.44;943518.8;0.24858485;4.8523e-07;4.893709e-07;6.3824285e-07;0.00063062774;0.0007123137;1.8621831e-05;8.947025e-06;1.810965e-05;6.967297e-05;6.7897536e-06;5.8823157e-06;6.220322e-05;1.0;1.0;6737.2393;25
784129657;783941147;0.89946544;-0.026796125;-0.019817175;0.43571916;-37.452854;43.053196;0.520058;0.0;0.0;-0.2616186;-0.007111202;0.0026984354;-0.0021727965;0.30202264;-0.05913329;-0.024200557;0.28947273;0.0031361121;-0.16677848;0.16687088;-0.0008042968;-0.07899826;0.0;0.0;-1.147484;0.00016132463;0.00018061641;0.0005222893;88.10819;49.170284;0.016716816;971024.56;948159.44;0.2549618;4.887208e-07;4.9207404e-07;6.3924233e-07;0.0006300188;0.000712292;1.8618357e-05;8.733152e-06;1.8021072e-05;6.9484915e-05;6.742798e-06;5.778917e-06;6.217992e-05;1.0;1.0;6741.3506;25
784634397;784445801;0.90075386;-0.027899317;-0.019202145;0.4330074;-37.505684;43.30296;0.54912835;0.0;0.0;-0.19607066;-0.0070515047;0.0028526275;-0.0021975571;0.30310357;-0.059392557;-0.02398186;0.28934002;0.0031258196;-0.16741872;0.16688424;-0.0008990725;-0.079440534;0.0;0.0;-1.147484;0.00016122704;0.00017599185;0.0005216674;87.63712;49.31067;0.016967336;977120.4;952891.7;0.25688413;4.920111e-07;4.9421504e-07;6.3952854e-07;0.0006293712;0.00071225077;1.8609639e-05;8.487371e-06;1.7918115e-05;6.9260284e-05;6.6943817e-06;5.665388e-06;6.215692e-05;1.0;1.0;6745.56;25
785138923;784950456;0.90551394;-0.036663663;-0.028580789;0.4217625;-37.516968;43.540287;0.581333;0.0;0.0;-0.115217134;-0.0069770636;0.0030160432;-0.002220194;0.30421612;-0.05971621;-0.023748772;0.2892229;0.0031156132;-0.16805117;0.1669075;-0.0009972889;-0.0798741;0.0;0.0;-1.147484;0.0001618787;0.00017201375;0.0005214764;87.197716;49.476288;0.017129838;983275.7;957651.06;0.25866368;4.953106e-07;4.962856e-07;6.396976e-07;0.0006287834;0.0007122086;1.860879e-05;8.259237e-06;1.7816288e-05;6.904556e-05;6.6514517e-06;5.5630026e-06;6.2133884e-05;1.0;1.0;6749.8003;25
785633709;785445215;0.9045081;-0.033952028;-0.027144108;0.42423525;-37.83152;43.8849;0.6205825;0.0;0.0;-0.017908663;-0.0069012563;0.0031399243;-0.0022307828;0.30512995;-0.05996542;-0.023583533;0.288997;0.0031040073;-0.1687547;0.16691998;-0.001061797;-0.08021692;0.0;0.0;-1.147484;0.00016216474;0.00016811617;0.00052237377;86.67705;49.592827;0.017391317;989234.06;962322.56;0.26456204;4.9848313e-07;4.982013e-07;6.4028217e-07;0.00062832;0.0007121554;1.860755e-05;8.054976e-06;1.7730477e-05;6.8833986e-05;6.618402e-06;5.4824086e-06;6.211678e-05;1.0;1.0;6753.9995;25
786128465;785939974;0.9003025;-0.019957028;-0.028500034;0.43387187;-38.35481;44.310287;0.657728;0.0;0.0;0.04916035;-0.0068020527;0.0032866455;-0.002246888;0.30618936;-0.060298696;-0.023393508;0.28869915;0.0030911735;-0.16959976;0.16694234;-0.0011205607;-0.08060773;0.0;0.0;-1.147484;0.00016260208;0.00016361648;0.0005221822;86.005844;49.683453;0.017402507;995132.5;966998.3;0.26448426;5.013584e-07;4.9950097e-07;6.4003416e-07;0.00062785903;0.0007120835;1.8605584e-05;7.830209e-06;1.7630466e-05;6.859575e-05;6.584467e-06;5.392369e-06;6.2092724e-05;1.0;1.0;6758.275;25
786633190;786444628;0.90299135;-0.022500634;-0.031039467;0.427945;-39.08015;44.825657;0.6785993;0.0;0.0;0.093058094;-0.0066900454;0.0034271213;-0.0022533983;0.30729935;-0.06073025;-0.02317581;0.28836158;0.0030750206;-0.1705302;0.16693866;-0.0012056617;-0.08098616;0.0;0.0;-1.147484;0.00016342555;0.00015912006;0.00052242563;81.24066;49.775276;0.01738697;910172.44;971680.7;0.26512045;5.0420186e-07;5.00704e-07;6.396929e-07;0.0006274364;0.00070969097;1.859235e-05;7.602618e-06;1.7529777e-05;6.8349415e-05;6.5550526e-06;5.3081903e-06;6.207881e-05;1.0;1.0;6762.745;25
787137899;786949283;0.9015112;-0.025957853;-0.030676706;0.430886;-39.657967;45.315456;0.6933442;0.0;0.0;0.15314853;-0.0065693404;0.003569208;-0.0022538775;0.30836684;-0.06124765;-0.02294464;0.2880733;0.0030599847;-0.1714091;0.16695577;-0.0013025275;-0.08134496;0.0;0.0;-1.147484;0.00016509778;0.00015574106;0.0005230563;80.67102;49.91941;0.017368903;915795.1;976499.9;0.2656017;5.0713106e-07;5.018566e-07;6.393108e-07;0.0006271278;0.00070960505;1.8604589e-05;7.4057402e-06;1.7431696e-05;6.814425e-05;6.529055e-06;5.2306405e-06;6.2064275e-05;1.0;1.0;6767.328;25
787632523;787444042;0.9025717;-0.027953371;-0.02416545;0.42895123;-40.289993;45.81907;0.7256723;0.0;0.0;0.22539626;-0.006452588;0.0036897557;-0.0022520905;0.30926278;-0.06172326;-0.02275981;0.2877133;0.003045932;-0.17226544;0.16695234;-0.0013544968;-0.08165514;0.0;0.0;-1.147484;0.00016683538;0.00015308426;0.00052482705;80.166985;50.06571;0.017573636;921337.4;981248.6;0.2705748;5.10056e-07;5.0315987e-07;6.3947084e-07;0.000626911;0.0007095233;1.8620416e-05;7.236796e-06;1.7348933e-05;6.796602e-05;6.5090862e-06;5.1662983e-06;6.2056264e-05;1.0;1.0;6771.9395;25
788137268;787948696;0.9037584;-0.021762181;-0.015742352;0.4271993;-41.296806;46.456886;0.7259699;0.0;0.0;0.2557202;-0.006314331;0.0038171962;-0.0022467359;0.31021038;-0.062286507;-0.02256881;0.28728423;0.0030293611;-0.17329739;0.16695142;-0.0014256266;-0.08199883;0.0;0.0;-1.147484;0.00016852898;0.00014966875;0.0005256599;79.50464;50.181355;0.017427549;926911.0;986090.7;0.27022836;5.125235e-07;5.0372455e-07;6.3880157e-07;0.000626716;0.0007094161;1.8634331e-05;7.0496335e-06;1.7252401e-05;6.7762085e-05;6.4882474e-06;5.0970557e-06;6.204392e-05;1.0;1.0;6776.795;25
788632215;788443455;0.90334475;-0.022534197;-0.021852577;0.42776528;-42.16336;47.014736;0.74498534;0.0;0.0;0.32741222;-0.0061733555;0.0039490014;-0.0022398545;0.31100255;-0.062805854;-0.022414416;0.2869135;0.003014244;-0.17426546;0.16696149;-0.0015112152;-0.08232722;0.0;0.0;-1.147484;0.00017050274;0.00014703597;0.00052654016;78.95835;50.319794;0.017439075;932440.1;990869.94;0.27460843;5.1476275e-07;5.0410506e-07;6.3791356e-07;0.00062659057;0.00070932024;1.8652676e-05;6.8826903e-06;1.7156532e-05;6.758703e-05;6.469631e-06;5.0325816e-06;6.203361e-05;1.0;1.0;6781.725;25
789136608;788948110;0.9051431;-0.015915986;-0.026040196;0.4240103;-43.24557;47.685295;0.75809175;0.0;0.0;0.36351287;-0.0060431645;0.0040421397;-0.0022278687;0.31171784;-0.063370444;-0.022264183;0.28643495;0.0029992096;-0.17526716;0.16694044;-0.0015546404;-0.08260723;0.0;0.0;-1.147484;0.00017275402;0.000144306;0.0005288948;78.31065;50.451324;0.017310658;938042.6;995755.6;0.27372262;5.171597e-07;5.047564e-07;6.378292e-07;0.0006264882;0.0007092093;1.8672508e-05;6.7236597e-06;1.707573e-05;6.7402216e-05;6.4547185e-06;4.980023e-06;6.202557e-05;1.0;1.0;6786.9346;25
789631384;789442869;0.9029331;-0.023728773;-0.029892942;0.4280831;-44.375973;48.346313;0.7831191;0.0;0.0;0.39690307;-0.0058894316;0.0041599832;-0.002216568;0.3123849;-0.06395297;-0.022134379;0.28595844;0.0029834064;-0.17633869;0.16692908;-0.0016176625;-0.08291976;0.0;0.0;-1.147484;0.0001750756;0.00014148379;0.0005300544;77.66385;48.283604;0.017135331;943427.94;909602.44;0.2714751;5.1892135e-07;5.0461006e-07;6.3670495e-07;0.0006264025;0.00070908637;1.8693609e-05;6.561073e-06;1.6980974e-05;6.722274e-05;6.4390906e-06;4.9221903e-06;6.20176e-05;1.0;1.0;6792.222;25
790136576;789947523;0.9041559;-0.018549493;-0.019690216;0.42634544;-45.422195;48.959133;0.80044204;0.0;0.0;0.45583132;-0.0057366164;0.004273154;-0.0022009555;0.3129542;-0.06453636;-0.02201299;0.2855148;0.0029683542;-0.1773612;0.166917;-0.0016929865;-0.08321911;0.0;0.0;-1.147484;0.00017792829;0.00013911973;0.0005316095;77.06464;48.44851;0.017010424;949076.75;914101.06;0.2701493;5.2068737e-07;5.044228e-07;6.355843e-07;0.0006263686;0.0007089841;1.8719422e-05;6.4095966e-06;1.6887256e-05;6.7057495e-05;6.425331e-06;4.8670086e-06;6.201047e-05;1.0;1.0;6797.806;25
790631703;790442283;0.90467536;-0.021159789;-0.020762667;0.42506903;-46.453842;49.566948;0.81292963;0.0;0.0;0.5380472;-0.0056042722;0.004358363;-0.0021857433;0.31335053;-0.06501206;-0.021943381;0.28510395;0.002955339;-0.17831482;0.16690652;-0.0017710566;-0.083472945;0.0;0.0;-1.147484;0.00018062058;0.00013740218;0.0005341869;76.551926;48.61444;0.017008383;954653.5;918535.5;0.27363315;5.223031e-07;5.045277e-07;6.351043e-07;0.0006263559;0.0007088938;1.874446e-05;6.281879e-06;1.6808084e-05;6.691575e-05;6.414174e-06;4.822811e-06;6.200626e-05;1.0;1.0;6803.475;25
791135633;790946937;0.90338665;-0.019071769;-0.023423199;0.42776197;-47.706894;50.223038;0.8255692;0.0;0.0;0.5807146;-0.0054484066;0.0044542854;-0.0021665269;0.3137393;-0.065576054;-0.021867292;0.28461677;0.0029406655;-0.17939927;0.16688538;-0.0018496553;-0.08375734;0.0;0.0;-1.147484;0.00018358338;0.00013525944;0.00053593644;75.96906;48.785156;0.016859543;960319.25;923075.44;0.27192712;5.2340073e-07;5.038857e-07;6.337522e-07;0.0006263555;0.000708796;1.8771321e-05;6.144006e-06;1.6715629e-05;6.67654e-05;6.4023816e-06;4.773063e-06;6.200064e-05;1.0;1.0;6809.472;25
791630434;791441696;0.9046678;-0.013440555;-0.018604318;0.42549923;-48.847202;50.83279;0.86542815;0.0;0.0;0.648538;-0.005292626;0.0045515364;-0.0021466056;0.31403574;-0.06609238;-0.021810763;0.28417262;0.0029270302;-0.18042654;0.16686589;-0.00193695;-0.08403062;0.0;0.0;-1.147484;0.00018678531;0.00013379168;0.0005376653;75.50702;48.980988;0.016906347;965957.5;927562.3;0.27515617;5.242245e-07;5.0316453e-07;6.322174e-07;0.0006263688;0.00070871884;1.880039e-05;6.022166e-06;1.6623724e-05;6.663877e-05;6.3917387e-06;4.7259196e-06;6.199582e-05;1.0;1.0;6815.577;25
792134945;791946350;0.9048148;-0.015379406;-0.020913659;0.42501327;-50.086437;51.526558;0.86446685;0.0;0.0;0.6726506;-0.00515611;0.004613682;-0.0021268337;0.3142778;-0.06668357;-0.02173289;0.28369185;0.002914599;-0.18144013;0.16683447;-0.0020020404;-0.08426415;0.0;0.0;-1.147484;0.00019081343;0.00013255097;0.00054096844;75.01508;49.21633;0.016787551;971721.5;932169.4;0.2734137;5.257018e-07;5.029511e-07;6.316412e-07;0.0006263951;0.00070865016;1.8834517e-05;5.909551e-06;1.654626e-05;6.651083e-05;6.382638e-06;4.687707e-06;6.199173e-05;1.0;1.0;6822.031;25
792629644;792441110;0.9061622;-0.012477509;-0.01328032;0.42253783;-51.5078;52.20084;0.86627805;0.0;0.0;0.6767036;-0.005003536;0.004680536;-0.0021053257;0.3144152;-0.0672075;-0.021704072;0.28316012;0.002901283;-0.18253608;0.16679884;-0.0020623168;-0.08452203;0.0;0.0;-1.147484;0.00019420167;0.00013080607;0.00054288283;74.501175;49.42066;0.016621519;977341.6;936695.7;0.27041605;5.258957e-07;5.016775e-07;6.299232e-07;0.00062641717;0.0007085805;1.8864483e-05;5.7927105e-06;1.6455555e-05;6.638319e-05;6.372782e-06;4.644591e-06;6.19849e-05;1.0;1.0;6828.5996;25
793134311;792945764;0.91278416;-0.015726576;-0.031439576;0.40692678;-52.878998;52.84369;0.8843902;0.0;0.0;0.6971698;-0.004848519;0.004741133;-0.0020737494;0.31448218;-0.06770294;-0.021684283;0.28266016;0.0028910323;-0.18359895;0.16675536;-0.0021408643;-0.08479032;0.0;0.0;-1.147484;0.00019806354;0.00012938771;0.000545157;74.03075;49.654766;0.016500382;983125.6;941345.1;0.26849514;5.26004e-07;5.0037926e-07;6.281975e-07;0.000626443;0.00070852676;1.8897263e-05;5.684555e-06;1.6365544e-05;6.62631e-05;6.361953e-06;4.6058535e-06;6.197726e-05;1.0;1.0;6835.5566;25
793628989;793440523;0.91598815;-0.011224074;-0.01653741;0.40070722;-54.072994;53.4152;0.90150034;0.0;0.0;0.7515139;-0.0047119055;0.0047846693;-0.0020441688;0.31445622;-0.06807046;-0.02169898;0.28219873;0.002883829;-0.18454926;0.16671231;-0.0021978286;-0.08502214;0.0;0.0;-1.147484;0.00020187414;0.00012863934;0.0005484221;73.654175;49.89594;0.016592741;988863.8;945935.25;0.2714866;5.2620146e-07;4.995499e-07;6.272205e-07;0.0006264669;0.00070848654;1.892931e-05;5.5952605e-06;1.6289508e-05;6.6160894e-05;6.3516463e-06;4.575442e-06;6.1969506e-05;1.0;1.0;6842.6274;25
794133666;793945178;0.9116811;-0.00986208;-0.017034613;0.41042694;-55.478355;54.014633;0.9130317;0.0;0.0;0.770361;-0.00455676;0.0048343;-0.0020094293;0.3143808;-0.06846499;-0.021716896;0.28170535;0.0028772322;-0.18562925;0.16667703;-0.0022792786;-0.08526741;0.0;0.0;-1.147484;0.00020578197;0.00012736194;0.0005508389;73.226685;50.144783;0.016489495;994697.6;950636.0;0.2695501;5.256326e-07;4.978444e-07;6.2532234e-07;0.0006264898;0.00070844917;1.8962195e-05;5.498645e-06;1.6200656e-05;6.6055385e-05;6.340078e-06;4.541362e-06;6.19634e-05;1.0;1.0;6850.101;25
794638181;794449832;0.90982157;-0.009123537;-0.010969659;0.4147542;-56.795486;54.59186;0.91426516;0.0;0.0;0.78960216;-0.0044045383;0.004885123;-0.0019792165;0.31427938;-0.06887439;-0.021718733;0.28124002;0.0028687029;-0.1866618;0.16663651;-0.002370943;-0.08551106;0.0;0.0;-1.147484;0.00021048631;0.000126268;0.0005534946;69.0947;50.42723;0.016413908;909642.6;955265.7;0.26764244;5.25349e-07;4.961943e-07;6.2338154e-07;0.00062647817;0.000705998;1.8977224e-05;5.399193e-06;1.6110598e-05;6.594023e-05;6.330128e-06;4.506673e-06;6.195633e-05;1.0;1.0;6857.837;25
795133330;794944591;0.9101761;-0.0012630291;-0.012328028;0.4140361;-57.904266;55.074287;0.93558323;0.0;0.0;0.8613786;-0.0042558964;0.0049352366;-0.0019505924;0.31413692;-0.069189645;-0.02174833;0.28083372;0.0028602495;-0.18760338;0.16659893;-0.002466382;-0.08574078;0.0;0.0;-1.147484;0.00021500564;0.00012570943;0.00055597443;68.81439;50.72639;0.016508587;915007.25;959945.94;0.27075064;5.246229e-07;4.944894e-07;6.213454e-07;0.0006265028;0.00070599135;1.9013201e-05;5.318768e-06;1.6022941e-05;6.585647e-05;6.3206508e-06;4.473872e-06;6.1949744e-05;1.0;1.0;6865.6616;25
795637966;795449246;0.91102827;-0.0044109826;-0.015297504;0.4120366;-59.116917;55.596706;0.93399113;0.0;0.0;0.8843921;-0.0041412297;0.004942334;-0.0019251686;0.31390184;-0.069456205;-0.021785041;0.280386;0.0028521568;-0.18852107;0.16655047;-0.0025292176;-0.08595583;0.0;0.0;-1.147484;0.00021976579;0.00012511823;0.0005598528;68.49353;51.039413;0.016469106;920472.0;964745.2;0.26903376;5.243813e-07;4.93149e-07;6.203187e-07;0.0006265248;0.0007059909;1.9050216e-05;5.243574e-06;1.5949112e-05;6.576997e-05;6.3121847e-06;4.446614e-06;6.194139e-05;1.0;1.0;6873.882;25
796132776;795944005;0.9099956;-0.005482535;-0.017022189;0.4142323;-60.37196;56.078247;0.961294;0.0;0.0;0.90203327;-0.004005739;0.004959451;-0.0018979037;0.31362778;-0.06966027;-0.02184499;0.2799418;0.0028437637;-0.18948923;0.16650255;-0.00261036;-0.086179554;0.0;0.0;-1.147484;0.00022425197;0.00012415074;0.0005624122;68.18231;51.34443;0.016405262;925842.06;969475.1;0.26632634;5.2306217e-07;4.908902e-07;6.1816235e-07;0.00062654365;0.0007059955;1.9085963e-05;5.1666007e-06;1.5862663e-05;6.5686145e-05;6.3024054e-06;4.416011e-06;6.193268e-05;1.0;1.0;6882.1797;25
796627724;796438764;0.9081162;0.0017584296;-0.038084526;0.4169791;-61.424934;56.4855;0.961663;0.0;0.0;0.9762879;-0.0038811285;0.0049758162;-0.0018648969;0.3133456;-0.069785565;-0.021907313;0.27958158;0.0028366544;-0.19034159;0.1664532;-0.0027228312;-0.08642261;0.0;0.0;-1.147484;0.00022885432;0.00012366725;0.0005650054;67.9519;51.668156;0.016548557;931285.4;974241.56;0.26954478;5.215812e-07;4.887785e-07;6.1597484e-07;0.00062656245;0.00070600776;1.9122172e-05;5.097993e-06;1.577687e-05;6.5606764e-05;6.2933927e-06;4.3863943e-06;6.191839e-05;1.0;1.0;6890.71;25
797131891;796943422;0.90090406;-0.06614996;0.14192986;0.40478647;-62.6196;56.915787;0.9962042;0.0;0.0;1.0003223;-0.0037566847;0.00501385;-0.001897627;0.31301835;-0.06989134;-0.021982774;0.27900726;0.002819191;-0.19099085;0.16648282;-0.0026491396;-0.08688963;0.0;0.0;-1.147484;0.00023406223;0.00012330948;0.00056906947;67.69892;52.0286;0.016548742;936855.75;979142.5;0.267996;5.211717e-07;4.872063e-07;6.1484855e-07;0.00062658166;0.00070603075;1.9161467e-05;5.032447e-06;1.5704654e-05;6.5308726e-05;6.2822764e-06;4.3595696e-06;6.1679675e-05;1.0;1.0;6899.649;25
797636544;797448073;0.88876766;-0.10592367;0.20150279;0.39783034;-63.970043;57.338047;1.0979784;0.0;0.0;1.0812279;-0.0035872653;0.005140635;-0.002047136;0.31257507;-0.06986115;-0.022153381;0.27797619;0.002784146;-0.19020039;0.16669372;-0.0021746305;-0.08894418;0.0;0.0;-1.147484;0.00023796706;0.0001223271;0.00057139125;67.441055;52.356438;0.016573919;942432.9;984057.44;0.26653364;5.195109e-07;4.8457866e-07;6.123613e-07;0.0006265903;0.0007060478;1.9197883e-05;4.9578207e-06;1.5619884e-05;6.394697e-05;6.257033e-06;4.32412e-06;6.0373408e-05;1.0;1.0;6908.8364;25
798131378;797942832;0.8934807;-0.095789865;0.16806011;0.4053053;-65.23887;57.734573;1.169958;0.0;0.0;1.2143528;-0.003420295;0.005278301;-0.0022157386;0.31197685;-0.06973907;-0.022351338;0.2768428;0.002745173;-0.18850793;0.16693251;-0.0015861534;-0.09187007;0.0;0.0;-1.147484;0.00024161261;0.000121657125;0.0005734183;67.24516;52.68643;0.01691045;947957.9;988906.75;0.27014297;5.1788084e-07;4.82116e-07;6.0970564e-07;0.00062658265;0.0007060652;1.9233514e-05;4.8890947e-06;1.5535119e-05;6.2165294e-05;6.226042e-06;4.289769e-06;5.8644837e-05;1.0;1.0;6918.1094;25
798635998;798447486;0.90520215;-0.014575856;-0.057116576;0.42087328;-66.35252;58.20923;1.305248;0.0;0.0;1.3357874;-0.0032959448;0.005319106;-0.0022949297;0.31110853;-0.0695966;-0.022496725;0.27595595;0.0027265793;-0.18790554;0.16703773;-0.0012159924;-0.09358577;0.0;0.0;-1.147484;0.0002464677;0.00012127073;0.0005774584;67.03061;53.053276;0.017305735;953612.06;993899.8;0.26927817;5.175302e-07;4.803423e-07;6.0836504e-07;0.00062652497;0.0007060919;1.9272535e-05;4.8293055e-06;1.5463303e-05;6.114293e-05;6.2055597e-06;4.2630672e-06;5.767357e-05;1.0;1.0;6927.8423;25
799130621;798942246;0.887832;0.06206441;-0.19965748;0.4099262;-67.426186;58.519695;1.3099912;0.0;0.0;1.4031556;-0.00323446;0.005223016;-0.0021998908;0.31001586;-0.06952197;-0.022517493;0.27573693;0.0027450733;-0.1878009;0.16691124;-0.0014081865;-0.0946843;0.0;0.0;-1.147484;0.0002531513;0.00012082582;0.0005799624;66.85444;53.489803;0.017171597;959197.4;998851.44;0.2673523;5.169868e-07;4.781622e-07;6.05627e-07;0.0006263886;0.0007061292;1.9314386e-05;4.7746457e-06;1.5378968e-05;6.075722e-05;6.1935807e-06;4.2370393e-06;5.7346755e-05;1.0;1.0;6937.611;25
799635219;799446900;0.8884021;0.075579375;-0.19468763;0.40881065;-68.24812;58.840343;1.2155683;0.0;0.0;1.4629947;-0.0032432347;0.005030994;-0.0020271502;0.3088968;-0.06933386;-0.022531133;0.2758182;0.0027843274;-0.18536893;0.16667788;-0.0017643294;-0.097955376;0.0;0.0;-1.147484;0.00025943088;0.000120540564;0.00058078166;66.73523;51.586346;0.017255986;964831.25;912663.25;0.2721483;5.1572067e-07;4.7605312e-07;6.022823e-07;0.00062620203;0.0007061352;1.9355104e-05;4.725451e-06;1.5295353e-05;5.9343125e-05;6.1702367e-06;4.2104443e-06;5.6015346e-05;1.0;1.0;6947.7803;25
800130000;799941659;0.84425265;0.13924207;-0.32697266;0.40117088;-69.14875;59.133022;1.0686557;0.0;0.0;1.4150358;-0.0032959548;0.0047855447;-0.0018400992;0.30764544;-0.06907489;-0.022530204;0.2758694;0.0028233333;-0.18171708;0.16635373;-0.00207541;-0.102379024;0.0;0.0;-1.147484;0.0002655278;0.00011980733;0.0005807893;66.58608;52.01652;0.017024742;970462.5;917216.1;0.26995018;5.147739e-07;4.741813e-07;5.9948695e-07;0.00062599115;0.00070615887;1.9394653e-05;4.6793366e-06;1.5225525e-05;5.706052e-05;6.1352266e-06;4.181154e-06;5.383677e-05;1.0;1.0;6957.9414;25
800634860;800446314;0.86365014;0.053209454;-0.32848665;0.3786474;-69.78417;59.426823;0.932308;0.0;0.0;1.2925513;-0.0034084856;0.00451902;-0.001673345;0.3066501;-0.06876205;-0.022516709;0.2760874;0.002843027;-0.17666395;0.16603057;-0.0024476817;-0.1081284;0.0;0.0;-1.147484;0.00027132922;0.00011888987;0.00057871424;66.451775;52.441334;0.01709142;976240.5;921884.3;0.2685986;5.128526e-07;4.720295e-07;5.958871e-07;0.00062583806;0.00070617424;1.9433905e-05;4.632214e-06;1.5144506e-05;5.3861164e-05;6.0872185e-06;4.1498756e-06;5.077929e-05;1.0;1.0;6968.4785;25
801129409;800941073;0.8728319;0.010811278;-0.30997625;0.37677902;-70.10936;59.92029;0.8009611;0.0;0.0;1.1550761;-0.0036054165;0.004271191;-0.0016598719;0.30617172;-0.06846683;-0.022495348;0.27626896;0.0028343138;-0.17187387;0.16611199;-0.002589131;-0.11329427;0.0;0.0;-1.147484;0.00027811338;0.00011889888;0.0005779299;66.38324;52.90842;0.017317727;981995.4;926508.6;0.2721756;5.116127e-07;4.706204e-07;5.935885e-07;0.0006257889;0.0007061931;1.9474113e-05;4.5963543e-06;1.5064521e-05;5.1366118e-05;6.0567827e-06;4.1350986e-06;4.8415783e-05;1.0;1.0;6978.957;25
801634771;801445727;0.8740645;0.049087208;-0.28130382;0.39302668;-70.50942;60.36749;0.5846673;0.0;0.0;0.9472451;-0.003794282;0.00403243;-0.0016682419;0.30606833;-0.06818277;-0.02248098;0.27638942;0.0028178762;-0.16782014;0.16620292;-0.0026839469;-0.11768742;0.0;0.0;-1.147484;0.00028505785;0.00011876384;0.0005775597;66.30261;53.403564;0.01728906;987885.7;931254.56;0.27078733;5.104318e-07;4.689549e-07;5.9185277e-07;0.0006258052;0.00070620945;1.9514653e-05;4.5621655e-06;1.4985684e-05;4.9278067e-05;6.032865e-06;4.123065e-06;4.6456353e-05;1.0;1.0;6989.7705;25
802139088;801950382;0.90936214;-0.010138245;0.0065017827;0.41583097;-71.11087;60.434948;0.6813349;0.0;0.0;0.7900353;-0.0036962088;0.0040149866;-0.0016893785;0.3060972;-0.06797659;-0.022562439;0.27601907;0.002803096;-0.1680001;0.1661912;-0.0026704546;-0.11835541;0.0;0.0;-1.147484;0.00029251675;0.0001189016;0.0005810713;66.21686;53.9001;0.017511774;993828.7;936047.56;0.26949233;5.105098e-07;4.6727038e-07;5.912342e-07;0.0006258351;0.0007062414;1.955688e-05;4.5209476e-06;1.4919466e-05;4.892688e-05;6.021665e-06;4.1010694e-06;4.6135287e-05;1.0;1.0;7000.702;25
802633964;802445141;0.9031147;-0.012777107;-0.01002471;0.42909226;-71.80389;60.458843;0.70477194;0.0;0.0;0.7414436;-0.0035861053;0.004010915;-0.00171199;0.30641118;-0.06771088;-0.022697104;0.27570948;0.002788635;-0.16862412;0.16622104;-0.0026916915;-0.1185533;0.0;0.0;-1.147484;0.00029864407;0.00011885584;0.0005835111;66.156265;54.364838;0.017396815;999686.9;940756.5;0.27313262;5.089936e-07;4.6484274e-07;5.8949854e-07;0.0006258052;0.000706265;1.9594985e-05;4.478036e-06;1.4841821e-05;4.8825368e-05;6.0137722e-06;4.076951e-06;4.604946e-05;1.0;1.0;7011.5527;25
803128952;802939900;0.9014767;-0.006296296;-0.013813588;0.43256155;-72.48178;60.468006;0.71222097;0.0;0.0;0.66569203;-0.003492426;0.0039802636;-0.0017275475;0.3070379;-0.067445755;-0.022844916;0.27543342;0.00277237;-0.169284;0.16622221;-0.0027401266;-0.11870687;0.0;0.0;-1.147484;0.00030355612;0.000118206684;0.00058571756;62.54154;54.77692;0.01711246;914158.3;945362.9;0.27054623;5.066173e-07;4.616484e-07;5.875144e-07;0.00062564854;0.0007038568;1.9605677e-05;4.427553e-06;1.4762918e-05;4.874032e-05;6.0073385e-06;4.05137e-06;4.600121e-05;1.0;1.0;7022.524;25
803632915;803444555;0.902847;0.0017061161;-0.001007372;0.42995757;-73.04281;60.46852;0.7168248;0.0;0.0;0.5916062;-0.003421156;0.0039309217;-0.0017467068;0.30792162;-0.067203976;-0.022981739;0.2751774;0.0027556058;-0.16989236;0.1662136;-0.0027686604;-0.11881875;0.0;0.0;-1.147484;0.00030886297;0.00011813619;0.0005893381;62.4819;55.22132;0.016905334;919672.8;950209.1;0.2690267;5.0503843e-07;4.5921945e-07;5.865851e-07;0.00062541844;0.0007038798;1.9643734e-05;4.391952e-06;1.4698305e-05;4.8681246e-05;6.0015177e-06;4.030616e-06;4.5965695e-05;1.0;1.0;7033.8213;25
804127779;803939314;0.90428627;-0.008966027;-0.012446569;0.42665124;-73.47887;60.43136;0.7300576;0.0;0.0;0.59164137;-0.003338419;0.0039028258;-0.0017547717;0.30877644;-0.06696692;-0.023119705;0.27497062;0.0027404192;-0.17047884;0.16621044;-0.0028377292;-0.118947424;0.0;0.0;-1.147484;0.00031339127;0.00011796652;0.0005914192;62.444016;55.632935;0.0168794;925106.8;954976.7;0.2722439;5.0227584e-07;4.5644572e-07;5.845564e-07;0.00062514044;0.00070389936;1.9679954e-05;4.3549844e-06;1.4622645e-05;4.8633014e-05;5.9947524e-06;4.007861e-06;4.5935987e-05;1.0;1.0;7044.987;25
804632457;804443969;0.9047493;-0.008708258;-0.017433228;0.42549866;-73.97598;60.416134;0.74675006;0.0;0.0;0.55468774;-0.0032658295;0.003849081;-0.0017666687;0.30986384;-0.066700734;-0.023266012;0.2747747;0.0027237625;-0.17107883;0.16620533;-0.0029039308;-0.11906278;0.0;0.0;-1.147484;0.000317325;0.000117454874;0.0005934869;62.390163;56.02962;0.016674237;930663.5;959856.9;0.27035987;4.990622e-07;4.532318e-07;5.824679e-07;0.0006247552;0.00070392084;1.9716374e-05;4.318976e-06;1.4547812e-05;4.858461e-05;5.987357e-06;3.986572e-06;4.5909754e-05;1.0;1.0;7056.461;25
805136957;804948623;0.90685093;0.001241585;-0.013722176;0.4212265;-74.38399;60.383656;0.7397244;0.0;0.0;0.52325;-0.0032098524;0.0037847639;-0.001774166;0.3110315;-0.066453815;-0.023390768;0.27458236;0.0027097946;-0.17162974;0.16618563;-0.0029477635;-0.1191432;0.0;0.0;-1.147484;0.00032159613;0.000117336414;0.00059681945;62.35356;56.44431;0.016473124;936269.0;964772.2;0.26847923;4.967048e-07;4.5065207e-07;5.813057e-07;0.00062431896;0.0007039444;1.9753736e-05;4.2886822e-06;1.448496e-05;4.8544363e-05;5.980682e-06;3.9683796e-06;4.5890712e-05;1.0;1.0;7068.0127;25
805631945;805443382;0.908489;0.00049846224;-0.010646757;0.41777295;-74.72704;60.317417;0.77087396;0.0;0.0;0.5523311;-0.0031253677;0.0037469184;-0.001776534;0.31209046;-0.06620559;-0.023518324;0.27439833;0.0026966217;-0.17217867;0.16617246;-0.003012937;-0.119249605;0.0;0.0;-1.147484;0.0003259033;0.0001172053;0.00059883686;62.33898;56.857094;0.01646922;941793.9;969623.44;0.27139777;4.9375666e-07;4.4805577e-07;5.791511e-07;0.0006239123;0.000703968;1.9790501e-05;4.2567735e-06;1.441136e-05;4.8501835e-05;5.9721215e-06;3.948406e-06;4.5863293e-05;1.0;1.0;7079.4004;25
806136377;805948037;0.90180403;-0.09839244;-0.064787015;0.4157776;-75.02641;60.308876;0.77200675;0.0;0.0;0.5559388;-0.003073888;0.0036805724;-0.0017869172;0.31330255;-0.06597452;-0.023616856;0.27427763;0.0026815548;-0.17257556;0.16618574;-0.0030813857;-0.119447924;0.0;0.0;-1.147484;0.00033064335;0.000116863936;0.0006008611;62.322136;57.297337;0.01626521;947462.3;974607.25;0.26938486;4.909646e-07;4.4536088e-07;5.770206e-07;0.00062344735;0.0007039926;1.9828562e-05;4.226442e-06;1.4338565e-05;4.840643e-05;5.9631257e-06;3.9302304e-06;4.5785833e-05;1.0;1.0;7091.064;25
806634803;806442796;0.88165194;-0.18852952;-0.11756533;0.41632318;-75.040596;60.226364;0.84351254;0.0;0.0;0.55046284;-0.003072408;0.0036074035;-0.0018163432;0.314577;-0.06582736;-0.023656055;0.2742152;0.002662489;-0.17271163;0.16624011;-0.0031292452;-0.1197918;0.0;0.0;-1.147484;0.0003381022;0.00011706382;0.00060400716;62.337994;57.815647;0.016186431;953101.0;979570.0;0.26653844;4.902618e-07;4.4388338e-07;5.7600454e-07;0.0006230025;0.00070402573;1.9868887e-05;4.2027527e-06;1.4277406e-05;4.825067e-05;5.9554563e-06;3.9161437e-06;4.5646135e-05;1.0;1.0;7102.515;25
807135847;806947450;0.8591807;-0.23575753;-0.116892524;0.43882015;-75.06982;60.55579;0.73715377;0.0;0.0;0.48393804;-0.0032396587;0.0034496633;-0.0018807551;0.31571865;-0.065722026;-0.0236639;0.2743473;0.0026239655;-0.17063844;0.16633785;-0.003189537;-0.12212039;0.0;0.0;-1.147484;0.00034353236;0.000116597985;0.00060344546;62.355843;58.278152;0.015948348;958868.44;984617.56;0.26448908;4.8753395e-07;4.4146037e-07;5.735545e-07;0.0006225826;0.0007040522;1.9907162e-05;4.1789326e-06;1.4206125e-05;4.716152e-05;5.9454496e-06;3.9001284e-06;4.4590728e-05;1.0;1.0;7114.2217;25
807630692;807442211;0.829917;-0.24922249;-0.11217566;0.48635665;-74.85843;60.83721;0.7365625;0.0;0.0;0.44697264;-0.0034097016;0.0033044175;-0.0019290302;0.31666136;-0.06578808;-0.02364066;0.27452418;0.0025844304;-0.16824652;0.16635953;-0.003286126;-0.12470255;0.0;0.0;-1.147484;0.00034953575;0.00011655627;0.00060240994;62.39631;58.743057;0.016097942;964581.25;989607.9;0.26731098;4.8538374e-07;4.3964664e-07;5.712767e-07;0.0006222535;0.00070407835;1.9945164e-05;4.1561952e-06;1.4135658e-05;4.592947e-05;5.9353406e-06;3.880092e-06;4.3398013e-05;1.0;1.0;7125.727;25
808135511;807946864;0.8300046;0.077167325;-0.04863831;0.5502472;-74.79348;60.85318;0.8078515;0.0;0.0;0.4306959;-0.0034313693;0.0032122487;-0.001959599;0.31746796;-0.06598427;-0.02364962;0.27458453;0.0025497566;-0.16722296;0.16630928;-0.0034137561;-0.12614746;0.0;0.0;-1.147484;0.00035533696;0.00011645459;0.00060241227;62.426838;59.22996;0.016142765;970434.7;994737.0;0.26525038;4.834455e-07;4.3776882e-07;5.693046e-07;0.0006220142;0.00070408644;1.9984866e-05;4.1269855e-06;1.4066144e-05;4.5242014e-05;5.9252975e-06;3.8474755e-06;4.2740023e-05;1.0;1.0;7137.4844;25
808630286;808441623;0.88910985;0.01789438;-0.01726499;0.457018;-74.79925;60.697426;0.81524235;0.0;0.0;0.49595827;-0.0033561182;0.0031812217;-0.001983579;0.31833673;-0.0663589;-0.023707744;0.27450162;0.002526361;-0.16758089;0.16629696;-0.0035113473;-0.12631668;0.0;0.0;-1.147484;0.0003618148;0.00011715217;0.0006056267;62.485535;59.775303;0.016193587;976218.56;999816.7;0.26826584;4.824473e-07;4.3687118e-07;5.686212e-07;0.00062180014;0.0007040338;2.0024427e-05;4.1019434e-06;1.400776e-05;4.5167097e-05;5.9209206e-06;3.8227586e-06;4.2671454e-05;1.0;1.0;7148.962;25
809134600;808946278;0.9206498;0.017534746;0.008773173;0.38989693;-74.89713;60.382538;0.7884167;0.0;0.0;0.52019274;-0.0032283328;0.003122244;-0.0019455199;0.31928462;-0.06704106;-0.023751698;0.27432275;0.0025187442;-0.16779202;0.16617647;-0.0035907906;-0.12670502;0.0;0.0;-1.147484;0.00036769971;0.00011702277;0.00060805975;62.54071;57.853333;0.016034521;982005.44;913656.2;0.2663056;4.802156e-07;4.351272e-07;5.6699645e-07;0.00062160194;0.00070384605;2.0063306e-05;4.0761656e-06;1.393896e-05;4.5041e-05;5.9094154e-06;3.8038138e-06;4.255508e-05;1.0;1.0;7160.668;25
809639427;809450932;0.9220263;-0.053180683;-0.03693731;0.38167408;-75.05947;60.378998;0.83539146;0.0;0.0;0.5494435;-0.0031444535;0.0030422392;-0.0019070593;0.3200499;-0.06785703;-0.023780813;0.27420154;0.0025161754;-0.16817997;0.16611242;-0.00365105;-0.12685418;0.0;0.0;-1.147484;0.0003727093;0.000116609845;0.00061005185;62.588184;58.337524;0.0157756;987923.1;918396.2;0.2643461;4.772975e-07;4.3306954e-07;5.6504655e-07;0.0006214658;0.00070362637;2.0101523e-05;4.053845e-06;1.3871393e-05;4.4983713e-05;5.893936e-06;3.7908671e-06;4.2506905e-05;1.0;1.0;7172.37;25
810134062;809945691;0.9154005;-0.031297952;-0.033016853;0.39996538;-74.997505;60.32787;0.8203051;0.0;0.0;0.60947686;-0.0031057822;0.0029684869;-0.0018923644;0.32065594;-0.06872005;-0.023772378;0.27415806;0.0025108757;-0.16851243;0.1661137;-0.0037044701;-0.12693898;0.0;0.0;-1.147484;0.00037970574;0.00011694726;0.000613203;62.672085;58.886066;0.01577673;993800.3;923098.75;0.26721728;4.759951e-07;4.3222175e-07;5.641605e-07;0.00062139204;0.0007033925;2.0140455e-05;4.0369505e-06;1.381463e-05;4.4951226e-05;5.8824235e-06;3.7810019e-06;4.2482498e-05;1.0;1.0;7183.8413;25
810628860;810440450;0.9114114;0.02506907;-0.0070612323;0.41067138;-75.06031;60.334156;0.8352558;0.0;0.0;0.6301393;-0.0030658345;0.0028909948;-0.0018836994;0.3211805;-0.06970508;-0.02379201;0.2740729;0.0025004756;-0.16891168;0.16611174;-0.0037584887;-0.12704818;0.0;0.0;-1.147484;0.00038390345;0.00011640293;0.00061462313;62.722385;59.334198;0.015630232;999656.06;927791.0;0.26422334;4.7265243e-07;4.3001918e-07;5.620814e-07;0.0006213321;0.00070306996;2.0177018e-05;4.0155733e-06;1.37481875e-05;4.4911554e-05;5.871256e-06;3.7677105e-06;4.2453918e-05;1.0;1.0;7195.317;25
811133598;810945105;0.9123115;0.002563291;-0.011375846;0.40933108;-75.0958;60.294434;0.8635441;0.0;0.0;0.662057;-0.0030026631;0.0028219693;-0.0018641647;0.3216434;-0.07082381;-0.023805387;0.27394283;0.0024900031;-0.16933052;0.16606718;-0.0038175313;-0.12717067;0.0;0.0;-1.147484;0.000388986;0.000116004645;0.0006167094;59.3894;59.82971;0.01554359;914260.25;932525.4;0.26230055;4.6990388e-07;4.2819792e-07;5.6012834e-07;0.0006212774;0.00070033903;2.0185753e-05;3.9865595e-06;1.3680524e-05;4.4856002e-05;5.8600326e-06;3.7518207e-06;4.2420415e-05;1.0;1.0;7207.018;25
811628334;811439864;0.91241646;0.0045358664;0.0013477083;0.40923575;-75.11478;60.334988;0.87093097;0.0;0.0;0.73037285;-0.0029631553;0.0027554703;-0.0018474894;0.3219228;-0.07181521;-0.023818403;0.27382794;0.0024807511;-0.16970746;0.16603006;-0.003862156;-0.12726143;0.0;0.0;-1.147484;0.0003930512;0.000116071686;0.0006194998;59.456738;60.287983;0.015581125;919658.3;937274.8;0.26512483;4.6727368e-07;4.2680963e-07;5.5888455e-07;0.0006212698;0.00070000615;2.0222498e-05;3.9689407e-06;1.3625322e-05;4.482496e-05;5.8505307e-06;3.7393293e-06;4.2399366e-05;1.0;1.0;7218.498;25
812133084;811944519;0.91014504;-0.004570452;-0.01036882;0.41413486;-75.15515;60.348312;0.8899776;0.0;0.0;0.76185864;-0.0029133463;0.0026832127;-0.0018315791;0.3222032;-0.073030956;-0.023803595;0.27370107;0.0024697902;-0.17012767;0.16599476;-0.0039090565;-0.12735431;0.0;0.0;-1.147484;0.0003992283;0.00011581625;0.0006218009;59.537468;60.83684;0.015467258;925209.7;942181.44;0.263216;4.6507395e-07;4.2557207e-07;5.5714827e-07;0.0006212798;0.00069964165;2.0260675e-05;3.9491197e-06;1.3560799e-05;4.478945e-05;5.839479e-06;3.7250275e-06;4.2372663e-05;1.0;1.0;7230.2246;25
812637688;812449173;0.9084175;-0.00498727;-0.008830675;0.41794103;-75.20728;60.42058;0.9020633;0.0;0.0;0.79675895;-0.0028783698;0.0026120995;-0.0018236575;0.32234386;-0.07417899;-0.023795554;0.27356482;0.002457132;-0.17057276;0.16597597;-0.003944275;-0.127424;0.0;0.0;-1.147484;0.00040339335;0.00011533574;0.00062361866;59.60286;61.314003;0.015394607;930766.25;947086.94;0.2613361;4.6192594e-07;4.2386145e-07;5.55131e-07;0.00062129286;0.00069929;2.0297408e-05;3.9289225e-06;1.3496856e-05;4.4757526e-05;5.8292308e-06;3.7105096e-06;4.2350915e-05;1.0;1.0;7241.956;25
813132294;812943932;0.90615857;-0.006093416;-0.024853043;0.42216328;-75.304146;60.558205;0.8899342;0.0;0.0;0.7962096;-0.0028742915;0.0025239873;-0.0018188606;0.32233867;-0.07528749;-0.023773246;0.27343386;0.0024450808;-0.17098628;0.16595475;-0.0039602607;-0.127477;0.0;0.0;-1.147484;0.00040615388;0.00011491161;0.00062602473;59.65602;61.733532;0.015254213;936229.9;951902.7;0.2586038;4.5871772e-07;4.2210453e-07;5.5368406e-07;0.00062130654;0.0006989596;2.0332454e-05;3.9116126e-06;1.3443105e-05;4.473073e-05;5.8206642e-06;3.6980227e-06;4.23365e-05;1.0;1.0;7253.485;25
813627154;813438692;0.9032517;-0.009988799;-0.030594485;0.4279027;-75.32239;60.667755;0.9213636;0.0;0.0;0.87016636;-0.0028472054;0.0024618742;-0.0018080431;0.3222812;-0.07621047;-0.023763234;0.27331287;0.002432305;-0.17138761;0.16593288;-0.0040058717;-0.1275644;0.0;0.0;-1.147484;0.00040935606;0.000114558665;0.00062739133;59.718277;62.170128;0.015367292;941716.2;956757.56;0.26138481;4.5534136e-07;4.2058696e-07;5.5148155e-07;0.00062132196;0.0006987018;2.0367737e-05;3.89224e-06;1.3380145e-05;4.4698314e-05;5.8113596e-06;3.6832612e-06;4.2314747e-05;1.0;1.0;7265.04;25
814132400;813943346;0.90621024;-0.0067481697;-0.013418077;0.4225607;-75.43751;60.82186;0.9314163;0.0;0.0;0.8874367;-0.002830497;0.002388178;-0.0018003539;0.32211187;-0.07719252;-0.023742953;0.27315322;0.0024185367;-0.17183308;0.16590977;-0.0040326384;-0.12765235;0.0;0.0;-1.147484;0.0004114626;0.00011384537;0.000628701;59.76659;62.575813;0.015349682;947322.8;961720.25;0.25960398;4.5148025e-07;4.186566e-07;5.491907e-07;0.0006213323;0.00069844536;2.040251e-05;3.8723724e-06;1.3317846e-05;4.465727e-05;5.801907e-06;3.6682648e-06;4.2286447e-05;1.0;1.0;7276.863;25
814636870;814448001;0.9110995;-0.00803973;-0.0038218766;0.41209033;-75.56903;60.98438;0.9233305;0.0;0.0;0.8935165;-0.0028204713;0.0023085477;-0.0017883461;0.32187378;-0.07812752;-0.023695039;0.27301013;0.002405892;-0.1722662;0.16588238;-0.0040607397;-0.1277282;0.0;0.0;-1.147484;0.00041448657;0.00011317666;0.0006301467;59.822548;63.019253;0.015273027;952966.6;966725.25;0.25790077;4.4807675e-07;4.1708134e-07;5.4700524e-07;0.00062134076;0.0006982385;2.043754e-05;3.8537205e-06;1.3256114e-05;4.4624587e-05;5.791703e-06;3.6544945e-06;4.2266485e-05;1.0;1.0;7288.7314;25
815131082;814942760;0.91425395;0.0021195535;-0.017247908;0.4047687;-75.59136;61.137844;0.9386049;0.0;0.0;0.9506427;-0.002810492;0.00223703;-0.0017765751;0.32161638;-0.07887601;-0.023637854;0.27289718;0.0023956818;-0.17263772;0.1658606;-0.0040877913;-0.12779246;0.0;0.0;-1.147484;0.0004192092;0.00011313581;0.0006329766;59.89697;63.51792;0.015360807;958555.3;971687.2;0.26092914;4.4607438e-07;4.1653718e-07;5.4582205e-07;0.0006213499;0.0006980997;2.0473095e-05;3.839136e-06;1.3204267e-05;4.4601766e-05;5.782025e-06;3.643825e-06;4.2254014e-05;1.0;1.0;7300.412;25
815635951;815447414;0.915454;-0.0051237117;-0.021430474;0.40181908;-75.74551;61.371666;0.93711305;0.0;0.0;0.9618166;-0.0028060682;0.002156797;-0.0017585644;0.32122698;-0.07956811;-0.023581395;0.27275905;0.0023847313;-0.17307512;0.16583464;-0.004118628;-0.12786818;0.0;0.0;-1.147484;0.00042126628;0.00011227343;0.0006341013;59.941505;63.92593;0.015287143;964234.6;976732.9;0.2592609;4.4237214e-07;4.148473e-07;5.4347805e-07;0.000621345;0.0006979666;2.0507108e-05;3.821476e-06;1.31435645e-05;4.457317e-05;5.770222e-06;3.6319066e-06;4.2238902e-05;1.0;1.0;7312.3696;25
816131006;815942173;0.91608256;-0.001937469;-0.012376131;0.40079415;-75.92585;61.61756;0.9235493;0.0;0.0;0.9552539;-0.002806208;0.002076657;-0.0017365732;0.32077503;-0.08015189;-0.023512531;0.27261877;0.0023743792;-0.17350337;0.16580278;-0.0041493024;-0.12795128;0.0;0.0;-1.147484;0.00042324;0.00011131965;0.00063499954;59.982067;64.32582;0.015197518;969822.94;981708.9;0.25669897;4.3874778e-07;4.1320519e-07;5.410711e-07;0.00062133407;0.0006978686;2.0540043e-05;3.8041983e-06;1.3083319e-05;4.454431e-05;5.7583547e-06;3.620282e-06;4.2223914e-05;1.0;1.0;7324.1543;25
816635144;816446828;0.91285753;-0.0047583133;-0.020149006;0.4077531;-76.00483;61.873177;0.92697453;0.0;0.0;1.0075713;-0.002811927;0.002003953;-0.0017164738;0.3203244;-0.08055508;-0.023444464;0.2724929;0.002365901;-0.17388064;0.16577642;-0.0041717486;-0.12801607;0.0;0.0;-1.147484;0.00042643334;0.00011114902;0.00063758646;60.041023;64.77976;0.015326656;975574.5;986835.94;0.26070315;4.363375e-07;4.1250485e-07;5.397692e-07;0.0006213246;0.00069781276;2.0574864e-05;3.7900975e-06;1.30328945e-05;4.451994e-05;5.748445e-06;3.6102915e-06;4.2210904e-05;1.0;1.0;7336.242;25
817130077;816941587;0.9088424;0.0019383114;-0.014689092;0.4168764;-76.180504;62.163628;0.9286004;0.0;0.0;0.99798375;-0.0028178482;0.0019308451;-0.0017013267;0.31980044;-0.0809274;-0.023354322;0.2723546;0.0023538396;-0.1743059;0.16575505;-0.0042035608;-0.12809634;0.0;0.0;-1.147484;0.00042973142;0.00011032745;0.0006388425;60.0868;65.23181;0.01525663;981223.06;991893.06;0.25817138;4.3344744e-07;4.1142914e-07;5.37619e-07;0.00062130735;0.00069777196;2.060807e-05;3.7733648e-06;1.2973647e-05;4.4492637e-05;5.7382954e-06;3.5980233e-06;4.219685e-05;1.0;1.0;7348.1616;25
817634892;817446242;0.9117754;0.0017082958;-0.008375636;0.41060033;-76.39622;62.49204;0.91092396;0.0;0.0;0.96450865;-0.0028321976;0.0018532961;-0.0016891047;0.31922778;-0.08120536;-0.023238465;0.27221894;0.0023409352;-0.17472015;0.16573454;-0.0042311936;-0.12818259;0.0;0.0;-1.147484;0.00043417464;0.00010966768;0.0006405099;60.1418;65.74025;0.015162066;987022.5;997099.3;0.25665125;4.3105263e-07;4.107774e-07;5.357151e-07;0.0006212878;0.0006977545;2.0642476e-05;3.757399e-06;1.2915033e-05;4.446933e-05;5.7284615e-06;3.586048e-06;4.2186504e-05;1.0;1.0;7360.394;25
818129615;817941001;0.9116282;-0.0016407314;-0.02102546;0.41047475;-76.48475;62.800232;0.9226464;0.0;0.0;0.9975566;-0.0028489968;0.0017879787;-0.0016762383;0.31871146;-0.08131265;-0.023141941;0.27209786;0.0023306562;-0.1750724;0.16571721;-0.004249166;-0.12824985;0.0;0.0;-1.147484;0.00043894548;0.00010954573;0.000643332;60.206657;63.674774;0.015262864;992649.44;911138.7;0.25982255;4.2952465e-07;4.1076984e-07;5.3466454e-07;0.0006212594;0.00069768383;2.067594e-05;3.7434863e-06;1.2864983e-05;4.444829e-05;5.719492e-06;3.5761807e-06;4.217748e-05;1.0;1.0;7372.4688;25
818633982;818445655;0.9083329;-0.0025055292;-0.016460478;0.41791645;-76.702324;63.1622;0.8969738;0.0;0.0;0.9722438;-0.0028689927;0.0017170013;-0.0016616342;0.3181084;-0.081332654;-0.023022769;0.27196705;0.0023184973;-0.17548363;0.1657024;-0.004278975;-0.1283304;0.0;0.0;-1.147484;0.0004430946;0.00010883501;0.0006449215;60.255203;64.177704;0.015178182;998485.94;915938.6;0.25831905;4.2712296e-07;4.1016753e-07;5.3276347e-07;0.0006212333;0.0006976811;2.0709827e-05;3.7280454e-06;1.2807325e-05;4.442811e-05;5.709713e-06;3.5648e-06;4.2170082e-05;1.0;1.0;7384.872;25
819128767;818940414;0.9081211;-0.0009321094;-0.0112280585;0.4185561;-76.90193;63.50877;0.8866444;0.0;0.0;0.9346143;-0.0028789658;0.0016521224;-0.0016461579;0.31752852;-0.08131979;-0.022875668;0.2718426;0.0023062322;-0.17589843;0.16568886;-0.0043174624;-0.12840846;0.0;0.0;-1.147484;0.00045033684;0.000108217566;0.0006472681;57.032764;64.79782;0.015062861;912985.25;920634.3;0.25594312;4.2594533e-07;4.104581e-07;5.31199e-07;0.0006211941;0.0006953715;2.0710882e-05;3.7053396e-06;1.2748155e-05;4.4394626e-05;5.700607e-06;3.552106e-06;4.2160933e-05;1.0;1.0;7397.116;25
819633786;819445069;0.9091687;-0.002117177;-0.019360155;0.41597235;-76.96675;63.853386;0.9210531;0.0;0.0;0.9709884;-0.0028925631;0.001594723;-0.0016303981;0.31700236;-0.0811835;-0.02275725;0.27172312;0.0022961989;-0.17625107;0.16567378;-0.004341615;-0.12847541;0.0;0.0;-1.147484;0.00045659475;0.00010826025;0.00065072335;57.102943;65.38737;0.015199267;918386.0;925528.44;0.26004383;4.2497842e-07;4.109788e-07;5.304784e-07;0.0006211797;0.0006953793;2.0746456e-05;3.6931287e-06;1.270031e-05;4.437471e-05;5.692615e-06;3.5422424e-06;4.2150616e-05;1.0;1.0;7409.691;25
820138040;819949723;0.9104618;0.00028408517;-0.011753039;0.4134262;-77.12628;64.22812;0.8701631;0.0;0.0;0.9490038;-0.0029059222;0.0015318361;-0.0016114778;0.31641564;-0.08095668;-0.022610135;0.27159584;0.0022845964;-0.17664096;0.16565564;-0.0043741115;-0.12855843;0.0;0.0;-1.147484;0.00046355728;0.00010773494;0.00065320055;57.169155;66.020905;0.015142394;923801.75;930461.8;0.2585773;4.2369152e-07;4.1133185e-07;5.2906177e-07;0.0006211612;0.0006953813;2.078146e-05;3.6789897e-06;1.2644131e-05;4.4353772e-05;5.6832373e-06;3.5312644e-06;4.214096e-05;1.0;1.0;7422.3506;25
820632985;820444483;0.9106945;0.0018147283;-0.009895098;0.41295803;-77.38829;64.63692;0.8865295;0.0;0.0;0.91526824;-0.0029214337;0.0014699944;-0.00159079;0.3157978;-0.08058872;-0.022477917;0.27145898;0.002273277;-0.17705229;0.16563976;-0.004408223;-0.12864417;0.0;0.0;-1.147484;0.00046759707;0.00010693089;0.0006547218;57.20733;66.53083;0.014992604;929098.06;935291.94;0.25609246;4.2141795e-07;4.1087762e-07;5.2719963e-07;0.00062113954;0.00069536094;2.0814174e-05;3.6644253e-06;1.2588317e-05;4.4331453e-05;5.6738368e-06;3.5204607e-06;4.2130672e-05;1.0;1.0;7434.854;25
821127809;820939242;0.9105188;0.0009893574;-0.011362146;0.41331047;-77.601105;65.05711;0.87144756;0.0;0.0;0.91617674;-0.0029514078;0.0014083526;-0.0015707945;0.31521153;-0.080114596;-0.022370782;0.27133197;0.0022638065;-0.1774145;0.16562451;-0.004432209;-0.12872183;0.0;0.0;-1.147484;0.00046927988;0.000106592925;0.000656695;57.241207;66.96149;0.015040106;934403.56;940122.7;0.25911334;4.1899736e-07;4.101832e-07;5.2582845e-07;0.00062112225;0.00069532427;2.0846506e-05;3.6521308e-06;1.254153e-05;4.4312976e-05;5.6658123e-06;3.5113335e-06;4.2123003e-05;1.0;1.0;7447.4727;25
821632470;821443899;0.9119783;-0.0041176546;-0.010711164;0.41007793;-77.86582;65.50215;0.8574349;0.0;0.0;0.8882986;-0.0029731502;0.0013483495;-0.0015460086;0.3145898;-0.0795556;-0.022248844;0.27118936;0.0022533662;-0.17781992;0.16560696;-0.0044640796;-0.12880994;0.0;0.0;-1.147484;0.000471629;0.00010580209;0.00065791415;57.269493;67.426125;0.014944248;939828.9;945087.7;0.2575187;4.1638197e-07;4.0939696e-07;5.2384615e-07;0.0006211025;0.00069527666;2.0878988e-05;3.6378299e-06;1.2486683e-05;4.4289063e-05;5.6564327e-06;3.5009195e-06;4.2111213e-05;1.0;1.0;7460.463;25
822137013;821948551;0.91273016;0.009542477;-0.009295315;0.40834585;-78.103386;65.965256;0.86283326;0.0;0.0;0.861192;-0.002997103;0.0012911662;-0.0015264316;0.3139985;-0.07895159;-0.022114022;0.27104974;0.0022420287;-0.1781962;0.16559136;-0.004488652;-0.12889946;0.0;0.0;-1.147484;0.000475267;0.00010511937;0.0006594972;57.304432;67.941025;0.014833683;945287.7;950102.75;0.2559432;4.1430556e-07;4.090275e-07;5.2206644e-07;0.00062108674;0.0006952221;2.0911983e-05;3.6242063e-06;1.24323105e-05;4.4264892e-05;5.646868e-06;3.4909458e-06;4.2098818e-05;1.0;1.0;7473.572;25
822632051;822443310;0.9107472;0.0070907287;-0.021034257;0.41236752;-78.26829;66.365845;0.8445412;0.0;0.0;0.8903151;-0.003007108;0.0012497217;-0.0015056251;0.31349623;-0.07840078;-0.021988222;0.2709351;0.002230664;-0.17853776;0.16557275;-0.0045312727;-0.12899442;0.0;0.0;-1.147484;0.0004804011;0.00010480727;0.0006613637;57.35925;68.5247;0.014846048;950679.75;955078.2;0.25881985;4.1292063e-07;4.0922026e-07;5.204638e-07;0.0006210797;0.0006951695;2.0945741e-05;3.6115418e-06;1.2378309e-05;4.4239307e-05;5.63768e-06;3.4810532e-06;4.208447e-05;1.0;1.0;7486.5327;25
823136548;822947964;0.91080225;0.004086187;-0.024299076;0.41210702;-78.448555;66.85214;0.84370863;0.0;0.0;0.84720105;-0.0030416995;0.0011931333;-0.0014869998;0.31295338;-0.07769495;-0.021826562;0.27080107;0.0022205492;-0.17886136;0.16554958;-0.0045471676;-0.12908873;0.0;0.0;-1.147484;0.0004868031;0.000104606464;0.0006648834;57.410988;69.155624;0.014789319;956217.5;960198.0;0.2573392;4.1224993e-07;4.0991367e-07;5.199078e-07;0.0006210726;0.00069509994;2.0979942e-05;3.600784e-06;1.2333186e-05;4.421786e-05;5.6299846e-06;3.4724271e-06;4.207289e-05;1.0;1.0;7499.866;25
823631296;823442724;0.9111487;0.025873201;-0.005224621;0.41123134;-78.72346;67.35134;0.8433737;0.0;0.0;0.81181234;-0.0030651467;0.0011386416;-0.0014684622;0.31242555;-0.07693481;-0.021681579;0.2706756;0.0022087558;-0.17919888;0.1655308;-0.0045760935;-0.12918718;0.0;0.0;-1.147484;0.00049012696;0.00010391732;0.0006662121;57.438995;69.67398;0.014541081;961625.5;965210.3;0.2547121;4.102634e-07;4.095027e-07;5.18105e-07;0.0006210652;0.00069500576;2.1011865e-05;3.5879107e-06;1.2280023e-05;4.4194578e-05;5.6211993e-06;3.46269e-06;4.2061194e-05;1.0;1.0;7513.0483;25
824135700;823947378;0.9114733;0.081502736;0.02629963;0.40234596;-78.87684;67.55872;0.8112794;0.0;0.0;0.87048775;-0.003014864;0.0011150101;-0.0013918079;0.31188506;-0.07623356;-0.02155863;0.27043524;0.002200447;-0.17905071;0.16536207;-0.0046322346;-0.12984312;0.0;0.0;-1.147484;0.000493572;0.00010373452;0.0006683934;57.49137;70.24648;0.0148475235;967163.06;970374.75;0.25842264;4.0887784e-07;4.095123e-07;5.1647396e-07;0.00062106975;0.000694913;2.1045807e-05;3.57477e-06;1.2227372e-05;4.394228e-05;5.610543e-06;3.449474e-06;4.1827534e-05;1.0;1.0;7526.61;25
824630683;824442137;0.9041687;-0.0873718;-0.056107607;0.4143635;-79.07675;68.09947;0.8166304;0.0;0.0;0.8272639;-0.0030728108;0.001053564;-0.0014007342;0.31144106;-0.07532534;-0.021414226;0.27034202;0.0021878504;-0.1791372;0.16539282;-0.0046342984;-0.13013095;0.0;0.0;-1.147484;0.0004988399;0.00010341226;0.00067087024;57.530632;70.8406;0.014576234;972642.75;975479.25;0.25605878;4.079255e-07;4.0991728e-07;5.1564706e-07;0.00062107446;0.000694782;2.1078447e-05;3.5648889e-06;1.2183196e-05;4.38745e-05;5.603125e-06;3.4422665e-06;4.1766714e-05;1.0;1.0;7540.0;25
825135696;824946792;0.8981703;-0.105889164;-0.063600205;0.4219391;-79.20714;68.689766;0.7694275;0.0;0.0;0.7642442;-0.00319384;0.0009743154;-0.0014356631;0.31110564;-0.07437419;-0.021283338;0.27034324;0.002171316;-0.17858998;0.16547713;-0.0046414896;-0.1309856;0.0;0.0;-1.147484;0.00050405815;0.000102852486;0.00067101984;57.575264;71.43137;0.014355209;978255.44;980713.7;0.25433958;4.064128e-07;4.099494e-07;5.1405317e-07;0.00062108244;0.000694632;2.1111502e-05;3.554648e-06;1.2131395e-05;4.3631084e-05;5.5956552e-06;3.4347256e-06;4.1529456e-05;1.0;1.0;7553.7783;25
825630619;825441551;0.90201336;-0.046654195;-0.035752688;0.42768797;-79.237;69.11733;0.76888853;0.0;0.0;0.7667259;-0.0032567235;0.0009243744;-0.0014611068;0.3107844;-0.07357831;-0.021172823;0.2703221;0.0021560118;-0.17855458;0.16554748;-0.004664946;-0.13136606;0.0;0.0;-1.147484;0.0005092241;0.00010264087;0.0006718169;57.62896;72.024635;0.014414153;983783.4;985888.94;0.2569158;4.052159e-07;4.1010225e-07;5.1255637e-07;0.0006210954;0.00069451163;2.1144711e-05;3.54423e-06;1.2079982e-05;4.354398e-05;5.5888195e-06;3.426677e-06;4.1448868e-05;1.0;1.0;7567.395;25
826134963;825946206;0.9021569;-0.039922886;-0.03500282;0.4281285;-79.37571;69.622925;0.7789685;0.0;0.0;0.7430426;-0.0033078112;0.0008745734;-0.0014719802;0.31041333;-0.07274888;-0.021056857;0.2702618;0.002141742;-0.17875674;0.1655884;-0.004693499;-0.1315543;0.0;0.0;-1.147484;0.00051172567;0.00010216358;0.0006724049;57.659035;72.53171;0.014282202;989414.0;991162.6;0.2550751;4.0330886e-07;4.0944624e-07;5.108486e-07;0.0006211078;0.00069439405;2.1176618e-05;3.5330627e-06;1.2029106e-05;4.3518816e-05;5.5822456e-06;3.4181214e-06;4.1431747e-05;1.0;1.0;7581.381;25
826629429;826440965;0.9030979;-0.036836214;-0.03360079;0.42653045;-79.50677;70.125404;0.7502401;0.0;0.0;0.6927642;-0.0033584465;0.000826505;-0.0014779415;0.3100843;-0.07202991;-0.020906927;0.27019027;0.0021298951;-0.17896628;0.16561522;-0.0047102557;-0.13170026;0.0;0.0;-1.147484;0.0005181926;0.00010209316;0.00067524513;57.714485;73.20255;0.014132542;995010.5;996424.44;0.25244588;4.0293256e-07;4.101044e-07;5.104182e-07;0.0006211256;0.0006943173;2.1209526e-05;3.524198e-06;1.1986492e-05;4.3503256e-05;5.5767546e-06;3.410782e-06;4.142235e-05;1.0;1.0;7595.198;25
827134244;826945619;0.90404165;-0.02220928;-0.027246198;0.42599678;-79.54517;70.55352;0.7461479;0.0;0.0;0.7040401;-0.0033916477;0.0007890905;-0.0014834711;0.30978984;-0.07146159;-0.02078351;0.27013677;0.0021165384;-0.17918766;0.1656456;-0.0047451607;-0.13183643;0.0;0.0;-1.147484;0.00052368257;0.00010208338;0.00067698635;54.616707;71.11838;0.014194319;909690.06;910683.75;0.25585517;4.0227013e-07;4.1047358e-07;5.091901e-07;0.00062112353;0.0006919619;2.1202357e-05;3.5054695e-06;1.1933398e-05;4.3474935e-05;5.5701657e-06;3.4014156e-06;4.141502e-05;1.0;1.0;7609.3975;25
827629096;827440378;0.8799099;-0.19838844;-0.093156576;0.4215715;-79.612274;71.095726;0.7155218;0.0;0.0;0.6325934;-0.0034811469;0.0007256202;-0.0015121932;0.309588;-0.07099086;-0.020628644;0.27013016;0.002101017;-0.17873338;0.1657029;-0.004760894;-0.13258055;0.0;0.0;-1.147484;0.00053223607;0.000101853315;0.0006786013;54.69129;71.88097;0.0139536;914866.75;915570.1;0.2531649;4.0205893e-07;4.1138597e-07;5.0834427e-07;0.0006211459;0.0006919431;2.123583e-05;3.4967065e-06;1.1883765e-05;4.324684e-05;5.5631604e-06;3.3935382e-06;4.119298e-05;1.0;1.0;7623.3965;25
828133503;827945033;0.90190434;-0.03575832;-0.03148355;0.42930028;-79.64097;71.595566;0.696389;0.0;0.0;0.5734368;-0.0035510915;0.00067239814;-0.0015276363;0.30937603;-0.07064263;-0.020486677;0.27010188;0.002089673;-0.17861971;0.1657529;-0.0047696815;-0.13299331;0.0;0.0;-1.147484;0.0005403864;0.00010197032;0.0006812116;54.77233;72.635284;0.013891792;920182.1;920583.8;0.25132087;4.0214897e-07;4.1233616e-07;5.0827725e-07;0.00062117126;0.00069194986;2.1269767e-05;3.489473e-06;1.1842379e-05;4.3122316e-05;5.5576397e-06;3.3869155e-06;4.107328e-05;1.0;1.0;7637.796;25
828628110;828439792;0.8974322;-0.106627665;-0.067844495;0.42266214;-79.60188;71.98831;0.692551;0.0;0.0;0.5651789;-0.003592763;0.00063077116;-0.0015353265;0.30914193;-0.07041336;-0.02037711;0.27007037;0.0020770158;-0.17873552;0.16579343;-0.004803878;-0.1332086;0.0;0.0;-1.147484;0.0005439471;0.000101961756;0.0006820165;54.842983;73.22614;0.0139805125;925379.44;925489.7;0.25378862;4.0095233e-07;4.1192226e-07;5.068804e-07;0.00062119454;0.00069196866;2.130191e-05;3.4805273e-06;1.1793542e-05;4.3086016e-05;5.551367e-06;3.3793995e-06;4.1043182e-05;1.0;1.0;7651.9893;25
829133363;828944446;0.90301317;0.0036729062;-0.027274126;0.42873076;-79.579025;72.4098;0.687252;0.0;0.0;0.5210229;-0.0036302889;0.0005752322;-0.0015432221;0.30892575;-0.07034395;-0.020234361;0.27003324;0.0020635228;-0.17861411;0.16581616;-0.0048290645;-0.13363689;0.0;0.0;-1.147484;0.00054987916;0.00010186986;0.0006833621;54.921417;73.923996;0.013889941;930730.4;930553.1;0.25185457;4.0033052e-07;4.1202932e-07;5.05908e-07;0.0006212199;0.00069199805;2.1334714e-05;3.471963e-06;1.1745252e-05;4.2952695e-05;5.545015e-06;3.3714102e-06;4.0916533e-05;1.0;1.0;7666.553;25
829637424;829449101;0.89308584;0.15374035;0.073975;0.41628033;-79.67188;72.77406;0.72179973;0.0;0.0;0.48897177;-0.003619506;0.00052364427;-0.0015134412;0.3086821;-0.070431426;-0.020056015;0.2699637;0.0020511078;-0.17855036;0.16574499;-0.0048911897;-0.13403183;0.0;0.0;-1.147484;0.00055962766;0.00010229912;0.0006876434;55.019844;74.81438;0.013643984;936145.4;935710.44;0.25005805;4.0124274e-07;4.1349696e-07;5.0618263e-07;0.00062124996;0.0006920295;2.1369313e-05;3.4649647e-06;1.1704917e-05;4.280231e-05;5.538279e-06;3.3625893e-06;4.0773768e-05;1.0;1.0;7681.164;25
830132202;829943860;0.9197564;0.025004718;0.011366836;0.39152753;-79.53883;72.92393;0.6726951;0.0;0.0;0.51185673;-0.003566454;0.0005109192;-0.0014653642;0.3084461;-0.070547566;-0.019904325;0.26980388;0.0020391676;-0.17824699;0.16564137;-0.0049412125;-0.13471529;0.0;0.0;-1.147484;0.0005704034;0.0001027079;0.0006917362;55.14601;75.78715;0.013759184;941478.9;940833.2;0.25262058;4.0227502e-07;4.1524083e-07;5.058772e-07;0.00062128314;0.0006920562;2.1405713e-05;3.4562036e-06;1.1657279e-05;4.2548687e-05;5.529807e-06;3.3519773e-06;4.0530285e-05;1.0;1.0;7695.5176;25
830637279;830448515;0.9666172;-0.0050506317;-0.015761876;0.25568962;-79.596146;73.24642;0.6509262;0.0;0.0;0.46166;-0.003579036;0.00044852882;-0.0014366118;0.3082543;-0.07074115;-0.019754672;0.26975134;0.002031649;-0.1784907;0.16563898;-0.0049621714;-0.1347914;0.0;0.0;-1.147484;0.0005732425;0.000102475235;0.0006925442;55.233685;76.43746;0.013560442;946891.25;945984.2;0.25076637;4.0120796e-07;4.145437e-07;5.0430236e-07;0.0006213116;0.0006920609;2.1437078e-05;3.4491466e-06;1.1610094e-05;4.2531676e-05;5.513014e-06;3.347828e-06;4.0520317e-05;1.0;1.0;7710.2266;25
831131867;830943274;0.98792726;0.034565784;0.03336001;0.14728263;-79.502045;73.47214;0.6203708;0.0;0.0;0.41030544;-0.0036046102;0.00034295477;-0.0013609552;0.30815205;-0.07096;-0.019625675;0.26976663;0.0020305165;-0.17852965;0.16553643;-0.0049344506;-0.13493076;0.0;0.0;-1.147484;0.00057504175;0.00010189262;0.0006928063;55.332996;77.09933;0.013408922;952223.44;951076.4;0.24804975;4.0078228e-07;4.1410283e-07;5.0285064e-07;0.0006213415;0.0006920605;2.146768e-05;3.4440632e-06;1.1570554e-05;4.2494034e-05;5.466891e-06;3.3443096e-06;4.0490133e-05;1.0;1.0;7724.687;25
831636452;831447928;0.9007233;0.0081645455;-0.058493633;0.4303597;-79.522575;73.59161;0.5953546;0.0;0.0;0.36758217;-0.0036194532;0.00023272123;-0.0012746272;0.30805063;-0.071178906;-0.019494336;0.26978722;0.0020270776;-0.17853555;0.16542135;-0.0049462724;-0.13513115;0.0;0.0;-1.147484;0.0005733259;0.00010139955;0.0006911267;55.415848;77.607185;0.013146143;957655.5;956252.9;0.24613956;3.9918388e-07;4.1225405e-07;5.004214e-07;0.0006213696;0.0006920541;2.1496913e-05;3.4378525e-06;1.1524116e-05;4.244831e-05;5.4343473e-06;3.3408955e-06;4.0452338e-05;1.0;1.0;7739.441;25
832131067;831942687;0.7600384;-0.08817279;0.11464746;0.6335798;-79.33322;73.7405;0.58334184;0.0;0.0;0.37890056;-0.0036230262;0.00024539392;-0.0013232165;0.30789995;-0.07136426;-0.019351078;0.2697385;0.0020084232;-0.17859523;0.16544746;-0.0049605328;-0.13543674;0.0;0.0;-1.147484;0.0005819448;0.00010184817;0.0006935289;55.541245;78.532265;0.013263646;963098.7;961514.44;0.24841674;4.0009377e-07;4.1344225e-07;4.9982157e-07;0.0006214039;0.00069206604;2.1530763e-05;3.4248515e-06;1.1478013e-05;4.2359672e-05;5.42355e-06;3.316593e-06;4.0370724e-05;1.0;1.0;7753.9253;25
832635997;832447342;0.71547145;-0.080751896;0.093815595;0.6875888;-79.11403;74.41198;0.7110589;0.0;0.0;0.37325963;-0.0036692591;0.00026854192;-0.0015291114;0.30771026;-0.07146849;-0.019244542;0.26957637;0.0019881069;-0.17731097;0.16571184;-0.0046451003;-0.13710192;0.0;0.0;-1.147484;0.0005823905;0.00010143265;0.00069264654;55.614704;79.1635;0.013352819;968621.06;966825.94;0.24674127;3.9938539e-07;4.1312262e-07;4.9800144e-07;0.00062143686;0.00069206883;2.1561369e-05;3.4033171e-06;1.1432245e-05;4.1722964e-05;5.3848335e-06;3.2698551e-06;3.9760598e-05;1.0;1.0;7768.737;25
833130649;832942101;0.70313436;0.052573238;-0.04338725;0.70778227;-78.9767;74.68198;0.7269984;0.0;0.0;0.42168635;-0.00369589;0.00025682055;-0.0015692224;0.30751917;-0.071622394;-0.0191169;0.26959392;0.001962931;-0.17755638;0.1656148;-0.004716781;-0.137175;0.0;0.0;-1.147484;0.0005838152;0.000101781654;0.00069270964;55.71341;79.87685;0.013443336;974078.4;972098.06;0.24943323;3.995104e-07;4.1343716e-07;4.9699685e-07;0.00062146754;0.00069207867;2.1592712e-05;3.3869408e-06;1.1393921e-05;4.166937e-05;5.35714e-06;3.2334024e-06;3.971152e-05;1.0;1.0;7783.309;25
833635301;833446755;0.68342894;0.11895985;-0.123880364;0.709526;-78.898;74.81472;0.6438705;0.0;0.0;0.4309995;-0.0037040187;0.00022081405;-0.0015278441;0.30725074;-0.071806185;-0.018954644;0.2696893;0.0019270233;-0.1778424;0.1652599;-0.0049960054;-0.13725467;0.0;0.0;-1.147484;0.0005858175;0.00010183952;0.0006893046;55.819286;80.66764;0.013408431;979667.2;977527.75;0.24800429;3.9944845e-07;4.137378e-07;4.9516217e-07;0.0006214924;0.000692092;2.1623973e-05;3.3673325e-06;1.1348857e-05;4.1314226e-05;5.3160616e-06;3.1922077e-06;3.935089e-05;1.0;1.0;7798.1953;25
834130184;833941515;0.68888927;0.10499283;-0.11312665;0.7082447;-78.88876;74.967896;0.556486;0.0;0.0;0.39417964;-0.0037106497;0.00017972867;-0.0014812384;0.3069417;-0.07190155;-0.018822493;0.26976702;0.0018911705;-0.17817219;0.16489351;-0.005276197;-0.137309;0.0;0.0;-1.147484;0.00058128906;0.00010169616;0.0006834134;55.896408;81.16151;0.013378421;985120.2;982796.5;0.24571417;3.97814e-07;4.1245195e-07;4.925241e-07;0.0006215124;0.00069209986;2.1651334e-05;3.3473675e-06;1.1304084e-05;4.091312e-05;5.2738296e-06;3.1519166e-06;3.8947135e-05;1.0;1.0;7812.7993;25
834634768;834446169;0.71423346;-0.04323982;0.042006314;0.6973065;-78.695335;75.19274;0.55527353;0.0;0.0;0.3350057;-0.003723349;0.00016084925;-0.0015325667;0.3067109;-0.071961954;-0.018680057;0.26976275;0.0018662633;-0.17846718;0.16480476;-0.0053382413;-0.13735424;0.0;0.0;-1.147484;0.0005827245;0.00010220879;0.0006834593;55.999302;81.903465;0.013457997;990772.56;988294.75;0.24450353;3.9772522e-07;4.1302053e-07;4.91759e-07;0.0006215428;0.0006921218;2.1682234e-05;3.3323572e-06;1.1266898e-05;4.0826537e-05;5.248434e-06;3.1199904e-06;3.8864582e-05;1.0;1.0;7827.7114;25
835129252;834940928;0.7034341;-0.13031511;0.13207413;0.68611574;-78.518196;75.59245;0.6204811;0.0;0.0;0.32767072;-0.0037649747;0.00016832634;-0.0017095897;0.30653757;-0.07190087;-0.018601947;0.26970005;0.0018440817;-0.17743546;0.16494615;-0.005164513;-0.13872549;0.0;0.0;-1.147484;0.000580085;0.00010217184;0.00068092626;56.082554;82.4265;0.013523975;996296.8;993651.9;0.24731892;3.96183e-07;4.125499e-07;4.894945e-07;0.0006215723;0.0006921402;2.1711172e-05;3.314465e-06;1.1222951e-05;4.032956e-05;5.213695e-06;3.0819888e-06;3.8387505e-05;1.0;1.0;7842.3594;25
835634088;835445582;0.7063269;-0.010651447;0.07407835;0.7039186;-78.41985;75.91651;0.6992114;0.0;0.0;0.32766026;-0.0037859231;0.00016293723;-0.0018463962;0.3063653;-0.07188196;-0.018459048;0.26965815;0.0018214257;-0.17697498;0.16503629;-0.0050747865;-0.13953114;0.0;0.0;-1.147484;0.0005821676;0.00010221191;0.00068050664;53.112858;83.20143;0.013403258;910912.4;999160.0;0.24611385;3.957332e-07;4.133738e-07;4.88019e-07;0.00062160083;0.0006900841;2.169563e-05;3.2891405e-06;1.1177619e-05;4.00017e-05;5.1824654e-06;3.044752e-06;3.8090024e-05;1.0;1.0;7857.3315;25
836128706;835940342;0.7325202;0.11929747;0.07629645;0.66585374;-78.184746;76.01333;0.66707015;0.0;0.0;0.38874817;-0.0036823787;0.00016132547;-0.0019133906;0.30596754;-0.07180655;-0.018245736;0.26936704;0.0018083758;-0.17666852;0.1651701;-0.004991526;-0.1402735;0.0;0.0;-1.147484;0.0005838314;0.00010291067;0.00068261684;53.2262;81.06528;0.013517985;915969.06;913373.7;0.24415529;3.9602722e-07;4.1469977e-07;4.875514e-07;0.0006216135;0.0006899585;2.1725014e-05;3.2726239e-06;1.1139737e-05;3.9623177e-05;5.166874e-06;3.0126248e-06;3.7722755e-05;1.0;1.0;7872.011;25
836633312;836444996;0.80924106;0.053545766;0.024361314;0.5845241;-78.30664;76.28585;0.68459684;0.0;0.0;0.4560081;-0.0036102135;0.00015381184;-0.00195332;0.3055765;-0.071653806;-0.01806176;0.26919582;0.0017899389;-0.17672694;0.16519801;-0.0050035883;-0.1406274;0.0;0.0;-1.147484;0.00058707857;0.000103741506;0.0006836501;53.344486;81.936516;0.0133273;921210.6;918556.9;0.24804403;3.957702e-07;4.1595044e-07;4.863604e-07;0.00062164;0.0006899905;2.1757895e-05;3.2594844e-06;1.1096849e-05;3.9416413e-05;5.1570823e-06;2.9876082e-06;3.752367e-05;1.0;1.0;7886.9873;25
837138006;836949650;0.89652747;0.16235922;0.088867895;0.40246794;-77.99122;76.34134;0.68600965;0.0;0.0;0.48840314;-0.0034990774;0.000120812256;-0.001920095;0.3052486;-0.07145586;-0.01787219;0.2689497;0.0017740522;-0.17614639;0.16510266;-0.0050173826;-0.14163443;0.0;0.0;-1.147484;0.00059773267;0.000104400744;0.0006882945;53.491924;83.087456;0.013657653;926519.56;923880.25;0.24688688;3.9668754e-07;4.1886193e-07;4.8600947e-07;0.00062166806;0.0006900221;2.1795886e-05;3.2513128e-06;1.10543215e-05;3.9058013e-05;5.1528223e-06;2.9736755e-06;3.717791e-05;1.0;1.0;7901.9966;25
837633106;837444409;0.9680863;0.025651593;-0.09425792;0.230795;-77.90048;76.46236;0.7943466;0.0;0.0;0.47321966;-0.0034817841;3.5109362e-05;-0.0018165419;0.30488673;-0.07099094;-0.017719008;0.26883498;0.0017676757;-0.17540815;0.16490804;-0.0050010593;-0.14265057;0.0;0.0;-1.147484;0.00060061825;0.00010417541;0.00069005985;53.60155;83.84828;0.013677035;931685.6;929030.56;0.24500324;3.9637675e-07;4.19699e-07;4.849496e-07;0.00062168424;0.0006900062;2.182702e-05;3.2471341e-06;1.1018677e-05;3.8742324e-05;5.1323473e-06;2.9677003e-06;3.6875397e-05;1.0;1.0;7916.695;25
838127554;837939169;0.9696691;-0.16211659;-0.121111766;0.1370842;-77.98503;76.82358;0.57180053;0.0;0.0;0.3938806;-0.0036738876;-7.253137e-05;-0.0017994946;0.30497628;-0.07073913;-0.017712066;0.26883236;0.0017919411;-0.17358167;0.1652696;-0.0048018135;-0.14446579;0.0;0.0;-1.147484;0.0006124727;0.000103327235;0.0006878984;53.780857;85.113525;0.013402046;936946.3;934348.25;0.24776414;3.9729034e-07;4.2261712e-07;4.837919e-07;0.0006217093;0.0006899935;2.1865437e-05;3.2435803e-06;1.09765915e-05;3.8090628e-05;5.0909016e-06;2.9620385e-06;3.6222173e-05;1.0;1.0;7931.4297;25
838632148;838443823;0.9598944;-0.15677199;-0.16951996;0.15902266;-77.91483;77.056816;0.6051308;0.0;0.0;0.24655576;-0.003858912;-0.00021371257;-0.0017597736;0.30511278;-0.070132904;-0.017712273;0.26887238;0.0018113698;-0.17246847;0.1655332;-0.0046527013;-0.14555568;0.0;0.0;-1.147484;0.0006178136;0.000102017504;0.0006831754;53.916927;86.02525;0.013262001;942289.5;939729.56;0.24623328;3.9719112e-07;4.238823e-07;4.822089e-07;0.0006217302;0.00068987696;2.1898537e-05;3.2388639e-06;1.0934978e-05;3.7503225e-05;5.053159e-06;2.956791e-06;3.5627254e-05;1.0;1.0;7946.5376;25
839137202;838948477;0.93128335;-0.114670254;-0.30835706;0.15645441;-77.9742;77.17924;0.38333273;0.0;0.0;0.08433349;-0.0040812036;-0.00036030778;-0.0017747923;0.3054772;-0.0696738;-0.017753908;0.26875436;0.0018401021;-0.16955733;0.16600811;-0.0044152383;-0.14832325;0.0;0.0;-1.147484;0.0006251666;0.00010122352;0.00067776657;54.077454;87.110794;0.012991636;947670.7;945179.06;0.2444919;3.976413e-07;4.2530536e-07;4.8108006e-07;0.00062175904;0.0006897552;2.1932226e-05;3.234495e-06;1.0893695e-05;3.636025e-05;5.022467e-06;2.9515704e-06;3.448671e-05;1.0;1.0;7961.667;25
839631574;839443236;0.943342;-0.17425124;-0.2398613;0.14902703;-77.96838;77.15396;0.1243733;0.0;0.0;-0.07897845;-0.004254592;-0.0004677263;-0.0017987774;0.3058656;-0.06938655;-0.017790215;0.2686521;0.0018604253;-0.16746607;0.16638465;-0.004238406;-0.15030123;0.0;0.0;-1.147484;0.0006313735;0.00010105816;0.00067322986;54.246075;88.14129;0.012956233;952978.06;950550.2;0.24676472;3.9842476e-07;4.2651345e-07;4.806247e-07;0.0006217862;0.00068967347;2.1965616e-05;3.2316698e-06;1.085917e-05;3.5492827e-05;4.998191e-06;2.9476587e-06;3.3623837e-05;1.0;1.0;7976.5205;25
840136211;839947890;0.8870207;-0.26979837;0.16248359;0.33764228;-77.72772;77.53678;0.2449276;0.0;0.0;-0.24354349;-0.004255798;-0.00052684697;-0.0017850082;0.3058862;-0.069078214;-0.017747076;0.2685931;0.0018628954;-0.16789508;0.16651979;-0.004128761;-0.15002847;0.0;0.0;-1.147484;0.000634736;0.00010006892;0.0006693806;54.366398;89.03521;0.0131619545;958408.6;956061.44;0.24476267;3.9878623e-07;4.274416e-07;4.796127e-07;0.0006217923;0.0006896684;2.2002501e-05;3.224016e-06;1.0818456e-05;3.4704513e-05;4.9477994e-06;2.9414564e-06;3.2838365e-05;1.0;1.0;7991.711;25
840631361;840442650;0.8332647;-0.07701777;0.0022663423;0.54747885;-77.702866;77.23917;0.21124662;0.0;0.0;-0.32101837;-0.0042287963;-0.0005437838;-0.0017814061;0.30596378;-0.06901698;-0.017718604;0.26858446;0.001850198;-0.16802354;0.16652174;-0.004184502;-0.15015997;0.0;0.0;-1.147484;0.00064286933;0.00010050833;0.00067063305;54.508896;90.15467;0.012618178;963780.6;961554.06;0.24213994;3.9964354e-07;4.288186e-07;4.793341e-07;0.00062181405;0.0006897033;2.2044698e-05;3.2168834e-06;1.0778004e-05;3.4481527e-05;4.939967e-06;2.9310017e-06;3.261686e-05;1.0;1.0;8006.579;25
841135813;840947304;0.85141265;0.0019147091;-0.01668839;0.52422756;-77.470146;77.19296;0.2731393;0.0;0.0;-0.36921674;-0.0042035147;-0.0005672281;-0.0018109445;0.30621254;-0.068825155;-0.017629502;0.2685775;0.0018349866;-0.16819932;0.16653672;-0.0042328252;-0.15022554;0.0;0.0;-1.147484;0.000646582;0.00010158383;0.0006724261;54.633057;91.01743;0.012675944;969272.7;967131.25;0.24514313;4.0008055e-07;4.293913e-07;4.792655e-07;0.0006217264;0.0006897294;2.2078066e-05;3.211174e-06;1.07444075e-05;3.445707e-05;4.9379614e-06;2.9216708e-06;3.259371e-05;1.0;1.0;8021.67;25
841630421;841442063;0.8291181;0.23270631;-0.116356105;0.4948458;-77.26903;76.9787;0.27657607;0.0;0.0;-0.36936307;-0.0041386182;-0.00059000007;-0.0017655721;0.30647966;-0.068747446;-0.017499173;0.26859266;0.0018146933;-0.1679716;0.16638142;-0.004385724;-0.15074113;0.0;0.0;-1.147484;0.00065160345;0.000102197875;0.00067229493;54.767197;91.97113;0.012498458;974682.6;972668.8;0.24244246;4.0034283e-07;4.299562e-07;4.784004e-07;0.00062158273;0.00068975956;2.2110005e-05;3.204526e-06;1.0704578e-05;3.4186898e-05;4.9316145e-06;2.9093694e-06;3.2320786e-05;1.0;1.0;8036.4126;25
842135036;841946717;0.8875645;-0.0012165993;-0.011672815;0.460534;-77.123344;76.751274;0.19433407;0.0;0.0;-0.46300066;-0.0040894197;-0.00061352015;-0.001743967;0.30688155;-0.06875444;-0.01736313;0.26861075;0.0017957137;-0.16794719;0.16627087;-0.0045094597;-0.15102965;0.0;0.0;-1.147484;0.0006578972;0.00010295545;0.0006727091;54.919064;93.043724;0.012323057;980245.44;978384.1;0.24058574;4.007824e-07;4.30839e-07;4.777737e-07;0.0006213852;0.0006897852;2.2142793e-05;3.1993086e-06;1.0665187e-05;3.397312e-05;4.926294e-06;2.8998668e-06;3.2104686e-05;1.0;1.0;8051.3374;25
842629795;842441476;0.8922477;-0.06390768;0.110400766;0.43315306;-76.86822;76.720406;0.27301288;0.0;0.0;-0.49211258;-0.004028125;-0.000603147;-0.001789397;0.3072252;-0.06869687;-0.017249165;0.26848397;0.0017879197;-0.1679403;0.16639352;-0.0044644554;-0.15129039;0.0;0.0;-1.147484;0.0006634028;0.00010394813;0.0006759666;55.06978;94.06031;0.012269349;985742.9;984036.5;0.24269895;4.0151878e-07;4.320545e-07;4.779354e-07;0.0006211579;0.0006898046;2.2175587e-05;3.194812e-06;1.0632297e-05;3.3825156e-05;4.9207742e-06;2.8950988e-06;3.1962118e-05;1.0;1.0;8065.923;25
843134467;842946130;0.899417;0.008114604;0.0017512176;0.4370128;-76.68653;76.663864;0.27705264;0.0;0.0;-0.5072943;-0.0039818003;-0.00060311094;-0.0018032795;0.3076929;-0.0687176;-0.017129524;0.26839486;0.0017791997;-0.16800398;0.16646005;-0.0044549974;-0.15147306;0.0;0.0;-1.147484;0.00066816737;0.00010463406;0.00067768135;55.22627;95.07421;0.012047368;991365.44;989828.1;0.24078467;4.0173524e-07;4.327556e-07;4.773146e-07;0.0006208681;0.00068981276;2.2207176e-05;3.1899986e-06;1.0593459e-05;3.371425e-05;4.915915e-06;2.890141e-06;3.1855398e-05;1.0;1.0;8080.757;25
843629265;843440889;0.9078896;0.008826251;-0.02985566;0.4180517;-76.477;76.58863;0.29663214;0.0;0.0;-0.5286403;-0.003952425;-0.0006221602;-0.0018073255;0.30815732;-0.06877137;-0.017039243;0.2683637;0.0017683615;-0.16814932;0.16647959;-0.004482403;-0.15154654;0.0;0.0;-1.147484;0.00066863175;0.000105189836;0.0006772685;55.36261;95.803215;0.011915445;996872.06;995466.8;0.23800014;4.0104257e-07;4.3225464e-07;4.760128e-07;0.0006205734;0.00068980927;2.223532e-05;3.1860307e-06;1.0554812e-05;3.369085e-05;4.913092e-06;2.8858433e-06;3.183392e-05;1.0;1.0;8095.235;25
844133860;843945544;0.90565425;-0.09862136;-0.06964129;0.40646568;-76.27088;76.58626;0.31105733;0.0;0.0;-0.5280314;-0.0039561964;-0.0006453533;-0.0018103378;0.30856705;-0.068860546;-0.01698241;0.26836687;0.0017610581;-0.16819112;0.16651025;-0.0045057978;-0.15166204;0.0;0.0;-1.147484;0.00067020726;0.00010617392;0.00067773147;52.508007;93.33624;0.011925068;911365.3;910224.4;0.24078661;4.0108225e-07;4.3243534e-07;4.755673e-07;0.0006202966;0.0006876642;2.2207874e-05;3.1744319e-06;1.0519156e-05;3.3652595e-05;4.9100117e-06;2.882257e-06;3.1809166e-05;1.0;1.0;8109.9595;25
844638550;844450198;0.89974314;-0.12316566;-0.082821816;0.41040605;-76.047134;76.60179;0.29690412;0.0;0.0;-0.5522333;-0.003992666;-0.0006761701;-0.0018227433;0.309031;-0.069024205;-0.016931085;0.26840597;0.001753925;-0.16807795;0.16656241;-0.0045302478;-0.15190902;0.0;0.0;-1.147484;0.0006744854;0.00010686594;0.000677224;52.670273;94.25309;0.0118658915;916571.75;915607.2;0.23884523;4.0093263e-07;4.3270805e-07;4.747888e-07;0.00062002393;0.00068765105;2.2236782e-05;3.1721322e-06;1.0481238e-05;3.359174e-05;4.9072532e-06;2.8800343e-06;3.174655e-05;1.0;1.0;8124.6455;25
845133445;844944957;0.89163786;-0.16461076;-0.08428976;0.41325617;-75.8501;76.62359;0.29532066;0.0;0.0;-0.59052104;-0.0040576905;-0.00071908685;-0.0018402709;0.30947194;-0.06924669;-0.016901813;0.26846847;0.0017470426;-0.16769789;0.1666098;-0.0045618885;-0.1523832;0.0;0.0;-1.147484;0.0006773204;0.00010744273;0.0006754662;52.825813;95.06249;0.011818134;921697.6;920901.75;0.2362089;4.0042428e-07;4.3255287e-07;4.738565e-07;0.0006197691;0.00068761676;2.226347e-05;3.1700413e-06;1.0443543e-05;3.3446937e-05;4.9044743e-06;2.8777126e-06;3.1599484e-05;1.0;1.0;8139.012;25
845628190;845439716;0.88463247;-0.18619937;-0.099962674;0.41564724;-75.686485;76.6466;0.28011277;0.0;0.0;-0.61863035;-0.004136171;-0.0007666364;-0.0018567464;0.3098185;-0.069485165;-0.016905196;0.26852256;0.0017408713;-0.167175;0.16663393;-0.0045951935;-0.15296875;0.0;0.0;-1.147484;0.000676216;0.000108361346;0.0006727376;52.97729;95.649475;0.011936129;926831.1;926168.75;0.23830801;3.9961415e-07;4.3169536e-07;4.7317155e-07;0.00061956275;0.0006875528;2.2289027e-05;3.1687998e-06;1.041219e-05;3.324715e-05;4.901821e-06;2.8753188e-06;3.139817e-05;1.0;1.0;8153.3477;25
846132852;845944370;0.87299365;-0.2224186;-0.103462785;0.4215537;-75.56449;76.7307;0.25765467;0.0;0.0;-0.67826045;-0.004242419;-0.00082556857;-0.0018697273;0.3101959;-0.0698756;-0.016901655;0.26860267;0.0017336381;-0.1662146;0.16663413;-0.0046510147;-0.1539663;0.0;0.0;-1.147484;0.00068149244;0.00010912465;0.0006705763;53.154;96.605286;0.0119960485;932138.4;931686.44;0.23668337;3.995746e-07;4.320899e-07;4.728059e-07;0.00061935966;0.00068740785;2.2315862e-05;3.1675224e-06;1.0375223e-05;3.2872802e-05;4.8984116e-06;2.8720126e-06;3.102134e-05;1.0;1.0;8167.952;25
846637453;846449024;0.8807634;-0.18930958;-0.08625037;0.42541572;-75.50085;76.86102;0.17897205;0.0;0.0;-0.7311052;-0.004342822;-0.00088144;-0.001884244;0.31048813;-0.07031409;-0.016905617;0.26868775;0.0017264431;-0.16523413;0.16663282;-0.0047053187;-0.15498903;0.0;0.0;-1.147484;0.0006862655;0.00010992601;0.0006682129;53.335747;97.566864;0.012054771;937473.0;937238.6;0.23521198;3.9945624e-07;4.323435e-07;4.725147e-07;0.000619189;0.0006871196;2.2341688e-05;3.1663533e-06;1.0338582e-05;3.248724e-05;4.8947427e-06;2.868427e-06;3.0634237e-05;1.0;1.0;8182.547;25
847132629;846943783;0.9155097;0.09031298;0.021683304;0.39142758;-75.16093;76.86304;0.2526075;0.0;0.0;-0.7019417;-0.004270987;-0.0008666114;-0.0018336423;0.3107079;-0.07064514;-0.016797367;0.2686336;0.001713927;-0.1649801;0.1665554;-0.0047685695;-0.15546079;0.0;0.0;-1.147484;0.00068906305;0.00011080289;0.00066843885;53.516216;98.45703;0.012095445;942697.06;942724.94;0.23761067;3.9924018e-07;4.325411e-07;4.7173214e-07;0.00061911053;0.00068679;2.2370874e-05;3.1635213e-06;1.0302111e-05;3.2314572e-05;4.8897305e-06;2.8632167e-06;3.0460144e-05;1.0;1.0;8196.847;25
847636903;847448437;0.93270737;0.101230234;0.032543797;0.3446015;-74.90895;76.93536;0.3012696;0.0;0.0;-0.6924565;-0.0041872417;-0.000866553;-0.0017488357;0.31098104;-0.07124007;-0.016678058;0.26850855;0.0017010117;-0.16434744;0.16639602;-0.0048214546;-0.15633236;0.0;0.0;-1.147484;0.0006805607;0.00011150241;0.0006669918;53.66627;98.798065;0.01188651;947983.06;948176.3;0.2362255;3.976203e-07;4.3069525e-07;4.7032563e-07;0.00061899325;0.00068609085;2.2390674e-05;3.1609045e-06;1.0271822e-05;3.2029588e-05;4.88067e-06;2.8579282e-06;3.018008e-05;1.0;1.0;8211.39;25
848131665;847943196;0.94477147;0.076884314;0.060265142;0.31283182;-74.66298;77.03052;0.30671635;0.0;0.0;-0.6697514;-0.0040952447;-0.00086128566;-0.001633116;0.3112537;-0.071932;-0.01653619;0.26840264;0.0016875445;-0.16361482;0.16619286;-0.0048896205;-0.1573114;0.0;0.0;-1.147484;0.0006765673;0.00011190294;0.0006655734;53.83782;99.39343;0.011701941;953212.5;953632.06;0.23387794;3.9647395e-07;4.2977445e-07;4.6864614e-07;0.0006189091;0.00068528205;2.241057e-05;3.1581185e-06;1.0235814e-05;3.1720545e-05;4.8669917e-06;2.8529726e-06;2.9875939e-05;1.0;1.0;8225.619;25
848636546;848447850;0.943103;0.009303568;-0.012555942;0.33213353;-74.55572;77.12631;0.27811128;0.0;0.0;-0.66897833;-0.004075542;-0.0008911025;-0.0015835545;0.3114966;-0.07270213;-0.016426165;0.26841933;0.0016821997;-0.16358027;0.16618536;-0.0049072937;-0.15750186;0.0;0.0;-1.147484;0.00067357504;0.0001123936;0.00066326617;54.015312;100.00469;0.0114283655;958592.7;959230.1;0.23226543;3.953863e-07;4.2885296e-07;4.670918e-07;0.0006188511;0.00068446004;2.243023e-05;3.1566476e-06;1.02001795e-05;3.167533e-05;4.8554593e-06;2.8514667e-06;2.9831199e-05;1.0;1.0;8240.112;25
849131795;848942609;0.93013465;0.004236139;-0.020218926;0.36663714;-74.295044;77.268684;0.31431875;0.0;0.0;-0.64483255;-0.004059254;-0.0009022308;-0.0015437867;0.31166765;-0.07333659;-0.01633846;0.26842007;0.0016771941;-0.16363695;0.16618009;-0.0049330383;-0.15760614;0.0;0.0;-1.147484;0.00067421596;0.00011347807;0.0006632881;54.203102;100.74741;0.01148354;963926.06;964824.8;0.23441665;3.952805e-07;4.2895462e-07;4.6658215e-07;0.00061882276;0.00068375806;2.2451964e-05;3.1559102e-06;1.0170487e-05;3.1653988e-05;4.8490638e-06;2.8499903e-06;2.980951e-05;1.0;1.0;8254.305;25
849635729;849447263;0.92119205;-0.00075513945;-0.027401334;0.38814157;-73.99545;77.40768;0.32591975;0.0;0.0;-0.6154601;-0.004028103;-0.0008977821;-0.0015184965;0.3118467;-0.074023835;-0.016220655;0.26841283;0.0016696376;-0.16373612;0.16618349;-0.00497117;-0.15770297;0.0;0.0;-1.147484;0.00067419006;0.000114235365;0.0006623306;54.39183;101.46663;0.011451659;969387.9;970555.44;0.2328171;3.9467778e-07;4.2864477e-07;4.6545324e-07;0.0006188029;0.0006830076;2.2471151e-05;3.154225e-06;1.0135382e-05;3.1632986e-05;4.8440293e-06;2.8478212e-06;2.9788687e-05;1.0;1.0;8268.75;25
850130491;849942022;0.9168107;-0.001840841;-0.027511628;0.39836895;-73.641594;77.591095;0.35016575;0.0;0.0;-0.5736731;-0.003993532;-0.000877942;-0.0015044585;0.31203312;-0.07470605;-0.016078286;0.26840687;0.0016618089;-0.16384374;0.1661926;-0.0050122966;-0.157783;0.0;0.0;-1.147484;0.00068064104;0.00011528149;0.0006635287;54.603367;102.558464;0.011546803;974818.3;976348.8;0.23500554;3.9521373e-07;4.2979633e-07;4.6497235e-07;0.00061880465;0.00068240287;2.2493816e-05;3.1527713e-06;1.0100481e-05;3.1616124e-05;4.8404745e-06;2.8454226e-06;2.9770692e-05;1.0;1.0;8282.886;25
850635023;850446676;0.9132929;0.0032178801;-0.011047544;0.4071409;-73.34456;77.78548;0.3578903;0.0;0.0;-0.5493615;-0.00397606;-0.0008689295;-0.0014948413;0.31217736;-0.07539296;-0.015951147;0.2683931;0.0016552269;-0.16396415;0.16620083;-0.005045172;-0.1578396;0.0;0.0;-1.147484;0.0006809485;0.00011638265;0.0006637789;54.79688;103.29565;0.011549118;980349.4;982176.06;0.23357119;3.949579e-07;4.2975583e-07;4.645745e-07;0.00061880716;0.0006817802;2.2511731e-05;3.1517156e-06;1.0071564e-05;3.160183e-05;4.8377647e-06;2.8430338e-06;2.9756759e-05;1.0;1.0;8297.28;25
851129927;850941435;0.91054636;0.0072661377;-0.009636923;0.41323078;-73.06906;77.98763;0.3603945;0.0;0.0;-0.52094656;-0.003955496;-0.00085417955;-0.0014903242;0.31231108;-0.07606307;-0.015811779;0.26838353;0.0016473143;-0.16409457;0.16621083;-0.0050833686;-0.15789421;0.0;0.0;-1.147484;0.000681354;0.000117083255;0.0006629524;54.98784;104.03039;0.011504065;985801.0;987931.1;0.23142913;3.9432413e-07;4.29467e-07;4.6348404e-07;0.0006188158;0.00068123324;2.2527809e-05;3.149783e-06;1.0037149e-05;3.1586813e-05;4.8352335e-06;2.8400775e-06;2.9742097e-05;1.0;1.0;8311.392;25
851634584;851446089;0.9091535;0.08481536;0.023109589;0.4070776;-72.7677;78.29321;0.37449262;0.0;0.0;-0.49360505;-0.003918071;-0.00082771713;-0.0014635453;0.3124418;-0.076783486;-0.015648022;0.26832747;0.001638615;-0.16411597;0.16617991;-0.0051283794;-0.1580862;0.0;0.0;-1.147484;0.00068010006;0.00011779494;0.0006621175;55.180286;104.69311;0.011549992;991379.6;993821.3;0.23010328;3.9353495e-07;4.2894064e-07;4.6231594e-07;0.00061882974;0.0006807657;2.2543143e-05;3.1475615e-06;1.0003082e-05;3.1511503e-05;4.8321426e-06;2.8360573e-06;2.9669587e-05;1.0;1.0;8325.785;25
852129203;851940848;0.9059411;-0.10681928;-0.05594244;0.4058704;-72.384705;78.34427;0.37981552;0.0;0.0;-0.46046147;-0.0039107404;-0.00082548655;-0.0014644549;0.31254122;-0.07735446;-0.015504426;0.26833266;0.0016319954;-0.1641693;0.16619053;-0.0051611853;-0.15817548;0.0;0.0;-1.147484;0.00068563776;0.00011906933;0.0006637305;55.397606;105.729805;0.011735686;996935.2;999777.44;0.23266482;3.9416136e-07;4.300949e-07;4.62392e-07;0.0006188551;0.00068044005;2.256276e-05;3.1470106e-06;9.974709e-06;3.1488333e-05;4.829972e-06;2.8338004e-06;2.9645129e-05;1.0;1.0;8339.857;25
852634014;852445502;0.89739096;-0.13536091;-0.06971312;0.41413414;-72.27118;78.67951;0.37983143;0.0;0.0;-0.49898767;-0.00398237;-0.0008568763;-0.0014840516;0.31257248;-0.07785915;-0.015401148;0.26837292;0.0016265432;-0.16391246;0.16622388;-0.0051855193;-0.15854582;0.0;0.0;-1.147484;0.00068876945;0.000119653545;0.0006623495;52.620426;103.04943;0.011681873;911448.25;914401.5;0.23154314;3.9394072e-07;4.3047095e-07;4.6171877e-07;0.00061883975;0.0006781223;2.251373e-05;3.136057e-06;9.937402e-06;3.137754e-05;4.827283e-06;2.8308796e-06;2.9543167e-05;1.0;1.0;8354.227;25
853128637;852940260;0.909264;0.036460355;0.00979231;0.41450405;-71.974495;78.71923;0.35931614;0.0;0.0;-0.48923725;-0.0039977175;-0.00087211496;-0.0014964024;0.31262076;-0.0783116;-0.015275154;0.26839986;0.0016186736;-0.1637211;0.1662391;-0.0052212975;-0.15885936;0.0;0.0;-1.147484;0.0006917939;0.00012043476;0.00066128175;52.826748;103.912766;0.011859487;916545.9;919870.1;0.23411477;3.936729e-07;4.306331e-07;4.6098475e-07;0.0006188667;0.0006778857;2.2530669e-05;3.134939e-06;9.904034e-06;3.129192e-05;4.825257e-06;2.8283455e-06;2.9453811e-05;1.0;1.0;8368.329;25
853633845;853444915;0.91401595;0.013513226;0.008134335;0.40537167;-71.71363;79.00727;0.36206484;0.0;0.0;-0.48004943;-0.0039829644;-0.0008582927;-0.0014884312;0.31267214;-0.07886838;-0.015112335;0.26838246;0.0016109251;-0.1638421;0.16624165;-0.005257808;-0.15892199;0.0;0.0;-1.147484;0.0006927821;0.00012107565;0.0006608856;53.027943;104.711914;0.01182036;921763.0;925463.44;0.23318416;3.9311723e-07;4.3044872e-07;4.60137e-07;0.0006188945;0.00067763176;2.2544818e-05;3.1334164e-06;9.871038e-06;3.1267926e-05;4.822698e-06;2.8254997e-06;2.9430797e-05;1.0;1.0;8382.673;25
854138047;853949569;0.9111286;-0.018852444;0.06710706;0.4061848;-71.48002;79.234375;0.36608562;0.0;0.0;-0.48486543;-0.0039718524;-0.0008502798;-0.0014879805;0.3126992;-0.07941242;-0.014946379;0.26835254;0.0016046608;-0.16395724;0.1662544;-0.0052788155;-0.15897839;0.0;0.0;-1.147484;0.0006940849;0.000122032274;0.0006617641;53.232346;105.53574;0.011788661;927014.9;931109.6;0.23230399;3.9295898e-07;4.306492e-07;4.5999795e-07;0.0006189242;0.0006774052;2.2559165e-05;3.1326276e-06;9.843666e-06;3.124743e-05;4.820246e-06;2.823213e-06;2.9412098e-05;1.0;1.0;8397.017;25
854632758;854444327;0.91424996;0.001828256;-0.040317062;0.40313536;-71.21516;79.489784;0.34793976;0.0;0.0;-0.46564305;-0.00395297;-0.0008390577;-0.0014810858;0.31271222;-0.07993622;-0.014775373;0.2683161;0.0015983823;-0.16405544;0.16628161;-0.0052978904;-0.1590679;0.0;0.0;-1.147484;0.0006958379;0.00012252064;0.00066176645;53.43564;106.386154;0.01175632;932193.06;936694.94;0.23064685;3.9250645e-07;4.3068133e-07;4.5919742e-07;0.0006189543;0.0006772091;2.2572378e-05;3.1309148e-06;9.811014e-06;3.120071e-05;4.816717e-06;2.8206823e-06;2.936862e-05;1.0;1.0;8411.079;25
855137299;854948981;0.9186101;-0.003624712;-0.04172721;0.39293942;-70.913216;79.807755;0.37038314;0.0;0.0;-0.4374465;-0.003941398;-0.000828789;-0.0014714885;0.31269282;-0.08036909;-0.014626965;0.2682988;0.0015910878;-0.1641778;0.16628815;-0.005331401;-0.15913041;0.0;0.0;-1.147484;0.0006951826;0.00012315523;0.00066076225;53.637657;107.06917;0.011893015;937487.4;942396.0;0.23418307;3.9180432e-07;4.3014364e-07;4.5818823e-07;0.0006189829;0.00067705964;2.2587243e-05;3.1297302e-06;9.778704e-06;3.1181808e-05;4.813632e-06;2.8183833e-06;2.9350875e-05;1.0;1.0;8425.423;25
855632094;855443740;0.9149109;0.002098988;-0.03227599;0.4023579;-70.67875;80.166435;0.40397158;0.0;0.0;-0.43981814;-0.0039393124;-0.00082457025;-0.0014555233;0.31263688;-0.0807811;-0.014474108;0.2682678;0.00158501;-0.16430129;0.1662846;-0.005358523;-0.1591903;0.0;0.0;-1.147484;0.0006908419;0.00012372373;0.00065941317;53.819588;107.491005;0.011902577;942684.8;947948.5;0.23255247;3.90689e-07;4.290015e-07;4.574213e-07;0.0006190084;0.0006769191;2.2597183e-05;3.1288969e-06;9.751817e-06;3.1162963e-05;4.810644e-06;2.8163402e-06;2.9334315e-05;1.0;1.0;8439.525;25
856136754;855948394;0.8920297;0.00922683;0.002847151;0.45187357;-70.375626;80.61721;0.40093747;0.0;0.0;-0.42465195;-0.003926642;-0.0007991184;-0.0014433085;0.31260723;-0.081209436;-0.014291253;0.26824114;0.0015780595;-0.16442545;0.16628495;-0.0053961445;-0.1592632;0.0;0.0;-1.147484;0.0006919382;0.00012417951;0.00065915036;54.024147;108.28303;0.0119456565;948047.0;953763.9;0.23164728;3.9018585e-07;4.288554e-07;4.56635e-07;0.00061903865;0.0006768186;2.2610022e-05;3.127326e-06;9.719943e-06;3.1138232e-05;4.8088446e-06;2.8131462e-06;2.93116e-05;1.0;1.0;8453.925;25
856631683;856443153;0.8690076;0.0053636474;0.00035881734;0.49476975;-70.14104;80.974434;0.40331426;0.0;0.0;-0.40100405;-0.0039314497;-0.0007784443;-0.0014522835;0.31255227;-0.08152158;-0.0141368555;0.2682488;0.0015695378;-0.16457848;0.16627716;-0.005448996;-0.15929858;0.0;0.0;-1.147484;0.000691431;0.00012461937;0.00065799634;54.220154;108.96127;0.012052084;953319.8;959480.9;0.23446158;3.8942645e-07;4.2832127e-07;4.5564116e-07;0.00061906653;0.0006767516;2.2623637e-05;3.1248344e-06;9.688177e-06;3.1127154e-05;4.8080774e-06;2.8079014e-06;2.9300618e-05;1.0;1.0;8468.081;25
857136266;856947807;0.8709774;0.0063537317;0.0011024142;0.49128097;-69.84564;81.30757;0.38718247;0.0;0.0;-0.3954125;-0.0039385916;-0.00076538406;-0.0014631567;0.3124975;-0.08182853;-0.013953862;0.2682545;0.0015621105;-0.16472596;0.16626915;-0.005494487;-0.15932156;0.0;0.0;-1.147484;0.00069774647;0.00012550311;0.00066029315;54.439095;110.087;0.012103498;958771.06;965497.06;0.23376203;3.9000034e-07;4.2965323e-07;4.5603952e-07;0.00061910035;0.00067671674;2.2639557e-05;3.123282e-06;9.661947e-06;3.1121424e-05;4.807486e-06;2.8029317e-06;2.9294673e-05;1.0;1.0;8482.534;25
857631101;857442568;0.8653227;-0.07726126;-0.078985244;0.4888851;-69.71901;81.62918;0.3448278;0.0;0.0;-0.40402985;-0.003985042;-0.0007721198;-0.0014874185;0.31241134;-0.081982255;-0.013815639;0.2682999;0.0015528906;-0.16460069;0.16624792;-0.005552452;-0.15960671;0.0;0.0;-1.147484;0.00070087664;0.00012575656;0.0006595245;54.641;110.987;0.011986454;964120.25;971365.5;0.23227608;3.8952447e-07;4.298432e-07;4.5539153e-07;0.0006191298;0.0006766915;2.2652514e-05;3.1211987e-06;9.630629e-06;3.107786e-05;4.806545e-06;2.7983867e-06;2.9246698e-05;1.0;1.0;8496.735;25
858135570;857947219;0.85084015;-0.109622106;-0.10943181;0.5020744;-69.49478;81.856514;0.36077842;0.0;0.0;-0.40993205;-0.004044862;-0.000794676;-0.0015140253;0.3122994;-0.082022384;-0.013722773;0.26836264;0.0015430558;-0.1643715;0.16622008;-0.0056140455;-0.15998901;0.0;0.0;-1.147484;0.00070195884;0.00012615451;0.00065795984;54.84212;111.72206;0.012178945;969592.5;977361.2;0.23600307;3.8883698e-07;4.2959056e-07;4.5465978e-07;0.0006191582;0.0006766755;2.2667626e-05;3.119364e-06;9.599651e-06;3.102047e-05;4.8049073e-06;2.7938663e-06;2.9183338e-05;1.0;1.0;8511.231;25
858630369;858441978;0.84109986;-0.11260598;-0.103536546;0.5187979;-69.29804;82.13242;0.38972497;0.0;0.0;-0.44890496;-0.004113338;-0.0008172979;-0.0015347465;0.31217965;-0.0820579;-0.01362643;0.26841378;0.0015346886;-0.16413468;0.16618182;-0.0056660064;-0.16037114;0.0;0.0;-1.147484;0.00070334657;0.00012660082;0.00065696874;55.034164;112.432045;0.012297471;974986.44;983279.94;0.23454134;3.883463e-07;4.2960934e-07;4.545581e-07;0.0006191857;0.00067666115;2.2680502e-05;3.1180414e-06;9.573907e-06;3.09571e-05;4.802952e-06;2.7896256e-06;2.9114191e-05;1.0;1.0;8525.489;25
859135014;858946632;0.8153623;-0.2164884;-0.13626906;0.51937264;-69.38678;82.24467;0.30520284;0.0;0.0;-0.5160032;-0.0042414735;-0.00088879187;-0.0015596935;0.3120401;-0.08197175;-0.01359937;0.26849774;0.0015205448;-0.16307978;0.16604869;-0.0057662805;-0.16150655;0.0;0.0;-1.147484;0.0007077731;0.00012676495;0.0006545531;55.243847;113.397224;0.012192789;980536.2;989417.44;0.23382525;3.8792882e-07;4.3000742e-07;4.5422823e-07;0.0006192158;0.0006766431;2.2695524e-05;3.116581e-06;9.543387e-06;3.0668554e-05;4.798663e-06;2.7842457e-06;2.8811628e-05;1.0;1.0;8540.035;25
859629758;859441393;0.8051429;-0.21899438;-0.13786873;0.5336465;-69.46731;82.26121;0.2867773;0.0;0.0;-0.5776286;-0.004385093;-0.0009711027;-0.0015697241;0.3118886;-0.081825845;-0.01364711;0.2685686;0.0015050552;-0.16177128;0.1658731;-0.0058862884;-0.16286604;0.0;0.0;-1.147484;0.0007079366;0.00012688267;0.00065005326;55.44017;114.03512;0.012413129;985982.3;995392.3;0.2367866;3.8697368e-07;4.2945572e-07;4.5352937e-07;0.000619243;0.0006765975;2.2710257e-05;3.1151446e-06;9.513001e-06;3.0253346e-05;4.7925955e-06;2.7781043e-06;2.838145e-05;1.0;1.0;8554.338;25
860135087;859946045;0.80124843;-0.22137868;-0.13397346;0.53948474;-69.58036;82.2702;0.25061134;0.0;0.0;-0.6514634;-0.0045287902;-0.0010522415;-0.0015827331;0.31171453;-0.08174093;-0.013713352;0.26863548;0.001489505;-0.16053638;0.16569166;-0.0060018087;-0.16415839;0.0;0.0;-1.147484;0.0006995036;0.00012666453;0.0006430986;55.611137;110.2974;0.012549035;991494.2;910326.06;0.23598792;3.8490407e-07;4.2728016e-07;4.5227108e-07;0.00061920425;0.00067615835;2.2716995e-05;3.1122004e-06;9.4806655e-06;2.9856554e-05;4.7851095e-06;2.7714473e-06;2.7974213e-05;1.0;1.0;8568.94;25
860629937;860440803;0.79576707;-0.22020541;-0.13441831;0.5479014;-69.64817;82.33704;0.21740499;0.0;0.0;-0.72062564;-0.0046528075;-0.0011174375;-0.0015918332;0.3115584;-0.08179763;-0.01376466;0.26868868;0.0014769207;-0.1595501;0.16553885;-0.0060967808;-0.16519448;0.0;0.0;-1.147484;0.0006954671;0.00012686514;0.00063838693;55.79619;110.65416;0.012694674;996977.75;915772.1;0.23458053;3.8371158e-07;4.2613632e-07;4.5193627e-07;0.0006192217;0.00067590154;2.2728853e-05;3.111096e-06;9.455752e-06;2.9535537e-05;4.77908e-06;2.765796e-06;2.7644885e-05;1.0;1.0;8583.292;25
861133779;860945457;0.8366913;0.06088254;-0.004096538;0.5442648;-69.54378;82.38553;0.24579369;0.0;0.0;-0.76800245;-0.004705146;-0.0011495973;-0.0016122612;0.31144068;-0.08217137;-0.013717114;0.26875243;0.00146415;-0.1589675;0.16543825;-0.006179325;-0.16587369;0.0;0.0;-1.147484;0.00068937475;0.00012679612;0.00063360867;53.020103;110.914185;0.012857086;911450.56;921320.0;0.23842336;3.8215308e-07;4.244917e-07;4.5097278e-07;0.0006192357;0.0006738648;2.2671298e-05;3.0988501e-06;9.424617e-06;2.9317167e-05;4.7735284e-06;2.7577414e-06;2.7434971e-05;1.0;1.0;8597.935;25
861638479;861450111;0.8623989;-0.11024067;-0.08040674;0.48749346;-69.06151;82.72297;0.25354725;0.0;0.0;-0.7813138;-0.0046925554;-0.0011133846;-0.0016227999;0.3113245;-0.08289404;-0.013584834;0.26876658;0.00145473;-0.15902996;0.16541302;-0.006248939;-0.16599454;0.0;0.0;-1.147484;0.0006914314;0.00012701639;0.00063348835;53.233063;111.730255;0.012914151;916642.75;927081.5;0.23800822;3.8169546e-07;4.247924e-07;4.508061e-07;0.0006192518;0.00067312433;2.2688464e-05;3.0960805e-06;9.395287e-06;2.9263441e-05;4.772424e-06;2.751508e-06;2.7379856e-05;1.0;1.0;8612.549;25
862136877;861944870;0.8727385;-0.014311022;-0.009651681;0.48788294;-69.1961;82.86416;0.17861034;0.0;0.0;-0.84215677;-0.004753751;-0.0011551477;-0.0016370032;0.31120968;-0.08344355;-0.013548523;0.26881003;0.0014481836;-0.15857264;0.1653901;-0.006291751;-0.1665081;0.0;0.0;-1.147484;0.0006955803;0.00012766944;0.0006327339;53.452938;112.66575;0.012573569;921774.1;932787.25;0.23651633;3.8174377e-07;4.255063e-07;4.5133032e-07;0.0006192633;0.00067209813;2.2706807e-05;3.0960064e-06;9.370951e-06;2.9124736e-05;4.77169e-06;2.749279e-06;2.723337e-05;1.0;1.0;8626.925;25
862628151;862439628;0.873531;0.10152631;0.06604283;0.47146004;-68.74;83.38821;0.19364345;0.0;0.0;-0.8152889;-0.0046670213;-0.0010967946;-0.001607772;0.31107634;-0.08444422;-0.013373355;0.2687298;0.0014373785;-0.15841384;0.16534336;-0.006365071;-0.16688566;0.0;0.0;-1.147484;0.0006903055;0.00012774454;0.0006310598;53.654335;113.06396;0.012478772;926880.75;938393.56;0.23942062;3.8044146e-07;4.24318e-07;4.5040426e-07;0.0006192701;0.0006708929;2.2721879e-05;3.0927724e-06;9.341922e-06;2.8981296e-05;4.770545e-06;2.7422811e-06;2.7093569e-05;1.0;1.0;8641.328;25
863132608;862944282;0.878136;-0.034776352;-0.0734841;0.471453;-68.38258;83.78458;0.20492634;0.0;0.0;-0.8036426;-0.0046141073;-0.001064987;-0.0015956331;0.31092876;-0.085498646;-0.013221476;0.2686831;0.0014280181;-0.15823138;0.16531412;-0.00642356;-0.1672505;0.0;0.0;-1.147484;0.0006885859;0.00012789587;0.00063020695;53.86826;113.6869;0.012184828;932139.1;944205.1;0.23831847;3.796003e-07;4.2394805e-07;4.498378e-07;0.0006192753;0.00066934543;2.2738064e-05;3.0904434e-06;9.313176e-06;2.8862843e-05;4.769557e-06;2.7369213e-06;2.6976702e-05;1.0;1.0;8656.035;25
863637483;863448936;0.8707023;0.0072242087;-0.016892813;0.4914671;-68.06681;84.00598;0.20043895;0.0;0.0;-0.8193403;-0.00461061;-0.0010616543;-0.001605643;0.31080315;-0.08641176;-0.013115315;0.2687169;0.0014216467;-0.15826675;0.16531588;-0.0064633074;-0.16734236;0.0;0.0;-1.147484;0.0006909463;0.00012861328;0.00063055026;54.096252;114.49292;0.012080882;937450.1;950128.25;0.2369812;3.795889e-07;4.2448318e-07;4.5019738e-07;0.00061928306;0.0006676994;2.2756878e-05;3.0899714e-06;9.289426e-06;2.8851562e-05;4.76904e-06;2.7340204e-06;2.6962836e-05;1.0;1.0;8670.77;25
864132131;863943695;0.8650908;0.0026867797;-0.012620375;0.5014494;-67.70554;84.36547;0.21923502;0.0;0.0;-0.8122506;-0.0045803725;-0.0010355484;-0.0016116916;0.31067836;-0.08741491;-0.0129824625;0.26873544;0.0014133318;-0.15838043;0.16530493;-0.0065219565;-0.16738343;0.0;0.0;-1.147484;0.00069395395;0.00012907332;0.00063063984;54.324814;115.3777;0.012007019;942690.6;956014.94;0.23932093;3.7941743e-07;4.249979e-07;4.499738e-07;0.00061929604;0.000666161;2.2776627e-05;3.088086e-06;9.260972e-06;2.8832017e-05;4.7684944e-06;2.729149e-06;2.69417e-05;1.0;1.0;8685.216;25
864636810;864448349;0.86427724;-0.010521912;0.022064064;0.50242156;-67.35746;84.75686;0.22029397;0.0;0.0;-0.808815;-0.004547867;-0.0010037854;-0.0016227089;0.31054097;-0.08850645;-0.01284253;0.26874226;0.0014057471;-0.15849687;0.16530457;-0.0065733823;-0.16742904;0.0;0.0;-1.147484;0.000692269;0.00012930087;0.0006295876;54.544342;115.97673;0.011824957;948036.9;961960.4;0.23771136;3.7857694e-07;4.2450176e-07;4.4939236e-07;0.0006193062;0.00066440995;2.2792487e-05;3.0858753e-06;9.232819e-06;2.8810822e-05;4.767828e-06;2.7239412e-06;2.6921374e-05;1.0;1.0;8699.958;25
865131424;864943108;0.85805285;-0.04435605;0.0759103;0.5059797;-66.94912;85.12709;0.22932485;0.0;0.0;-0.8109075;-0.0045094457;-0.0009680002;-0.0016467292;0.3103842;-0.0897238;-0.012688183;0.26870582;0.0014021291;-0.15855592;0.16535705;-0.0065832497;-0.16752811;0.0;0.0;-1.147484;0.00069288653;0.00012992186;0.0006306392;54.76992;116.72932;0.011717064;953325.56;967893.7;0.23532072;3.7845717e-07;4.2485107e-07;4.4960782e-07;0.0006193193;0.000662718;2.2809607e-05;3.0842787e-06;9.209465e-06;2.8771688e-05;4.7666877e-06;2.7194262e-06;2.6886768e-05;1.0;1.0;8714.423;25
865636569;865447762;0.8558558;-0.057230912;0.083359815;0.5072343;-66.47908;85.60301;0.30773845;0.0;0.0;-0.75578344;-0.004448219;-0.0009096645;-0.0016929614;0.31020957;-0.09089713;-0.012531697;0.26862815;0.0014004444;-0.15850116;0.165473;-0.0065604583;-0.1677671;0.0;0.0;-1.147484;0.0006873031;0.00013018673;0.000629285;54.982372;117.09583;0.011747292;958713.25;973877.7;0.23815401;3.7736547e-07;4.237206e-07;4.4876504e-07;0.00061933;0.0006612466;2.2824725e-05;3.0812585e-06;9.181668e-06;2.867715e-05;4.763619e-06;2.7138278e-06;2.6801266e-05;1.0;1.0;8729.214;25
866131076;865942520;0.85626704;-0.021208437;-0.029118184;0.5152757;-66.107124;85.768906;0.32530683;0.0;0.0;-0.7091095;-0.0044191116;-0.00089915877;-0.0017122754;0.31000915;-0.091911204;-0.012417375;0.26862675;0.0013932168;-0.15859203;0.16549136;-0.006596005;-0.1678392;0.0;0.0;-1.147484;0.00068515725;0.00013032314;0.0006278715;55.199512;117.640526;0.011666222;964041.9;979841.8;0.23566273;3.7655204e-07;4.231265e-07;4.479878e-07;0.00061932957;0.00065972516;2.2838633e-05;3.078927e-06;9.153954e-06;2.8643892e-05;4.762198e-06;2.7085869e-06;2.676934e-05;1.0;1.0;8743.689;25
866635796;866447174;0.852989;-0.04897624;-0.04957157;0.51725614;-65.842155;85.96895;0.30348042;0.0;0.0;-0.6920744;-0.0044380003;-0.00090387574;-0.0017279492;0.30982986;-0.0927315;-0.01233181;0.26868126;0.0013851273;-0.1586205;0.16547088;-0.0066527976;-0.16793802;0.0;0.0;-1.147484;0.00068579067;0.00013065113;0.0006266261;55.432964;118.37232;0.011608061;969523.06;986038.06;0.2340091;3.7609956e-07;4.2304606e-07;4.474836e-07;0.00061932014;0.00065834785;2.2854301e-05;3.0773942e-06;9.126543e-06;2.8636532e-05;4.7611848e-06;2.704273e-06;2.675754e-05;1.0;1.0;8758.443;25
867130461;866941932;0.8431513;-0.121696115;-0.09401426;0.51521605;-65.69514;86.07718;0.30421615;0.0;0.0;-0.6795243;-0.0044857;-0.0009269809;-0.0017455951;0.3096568;-0.09322686;-0.012306167;0.26873583;0.0013781448;-0.15845446;0.16544713;-0.006698867;-0.16820939;0.0;0.0;-1.147484;0.00068104523;0.00013124743;0.00062398653;55.65056;118.70525;0.011664294;974892.2;992052.3;0.2362241;3.7533272e-07;4.2192536e-07;4.4705604e-07;0.0006193063;0.00065720355;2.286783e-05;3.0767603e-06;9.103831e-06;2.8596995e-05;4.7599488e-06;2.7011451e-06;2.6712316e-05;1.0;1.0;8772.9;25
867634978;867446586;0.8316267;-0.1814904;-0.12034767;0.51085687;-65.558495;86.15638;0.3028638;0.0;0.0;-0.7031328;-0.0045642597;-0.0009640578;-0.0017606241;0.3095058;-0.09368198;-0.012276173;0.26881087;0.0013699995;-0.15798306;0.16540034;-0.006759029;-0.16876273;0.0;0.0;-1.147484;0.00068710983;0.0001317794;0.0006230943;55.9017;119.76189;0.011695194;980469.6;998469.4;0.23481168;3.7555031e-07;4.229213e-07;4.471184e-07;0.0006192875;0.0006560383;2.2886066e-05;3.0763604e-06;9.076805e-06;2.8486726e-05;4.758457e-06;2.6981013e-06;2.6590464e-05;1.0;1.0;8787.65;25
868130082;867941345;0.8278807;-0.19677077;-0.1268507;0.5097096;-65.61866;86.13065;0.23397881;0.0;0.0;-0.74795973;-0.00466905;-0.0010230541;-0.0017695909;0.3093908;-0.09389142;-0.01228595;0.26887092;0.0013611835;-0.1572041;0.16532777;-0.0068273167;-0.16958319;0.0;0.0;-1.147484;0.0006930449;0.00013226231;0.00062141696;56.153133;116.75856;0.011659318;985959.75;913505.2;0.23278272;3.75807e-07;4.239871e-07;4.4727355e-07;0.00061919185;0.00065460097;2.290168e-05;3.0753247e-06;9.0473795e-06;2.8258946e-05;4.7557623e-06;2.695086e-06;2.6348222e-05;1.0;1.0;8802.104;25
868634348;868445998;0.8385758;-0.14054325;-0.10712954;0.5153266;-65.41977;86.12092;0.22437285;0.0;0.0;-0.7723993;-0.00473231;-0.0010559807;-0.0017826164;0.30925846;-0.09424378;-0.012267349;0.26892704;0.0013546778;-0.15684907;0.16529416;-0.0068702954;-0.17000514;0.0;0.0;-1.147484;0.0006986746;0.00013334559;0.0006212395;56.417057;117.812485;0.011896354;991597.8;919486.94;0.23619165;3.764385e-07;4.250433e-07;4.4799526e-07;0.00061917375;0.000653531;2.2921966e-05;3.075734e-06;9.025277e-06;2.8167315e-05;4.754455e-06;2.692599e-06;2.6246515e-05;1.0;1.0;8816.847;25
869129093;868940757;0.82460797;-0.20184985;-0.14173874;0.50910574;-65.49203;86.10243;0.18820895;0.0;0.0;-0.8316564;-0.0048445747;-0.001114892;-0.0017875981;0.30914593;-0.09432213;-0.012317825;0.26896942;0.0013465178;-0.15615778;0.1652259;-0.0069344155;-0.17073913;0.0;0.0;-1.147484;0.0007016302;0.00013373139;0.00061858475;56.664715;118.68946;0.011941048;997134.44;925338.06;0.23440485;3.7619046e-07;4.251252e-07;4.4790193e-07;0.00061914616;0.00065220287;2.2937495e-05;3.075583e-06;8.99874e-06;2.7955306e-05;4.7525e-06;2.6897972e-06;2.602032e-05;1.0;1.0;8831.297;25
869633826;869445411;0.853027;0.007294406;-0.010553899;0.5217091;-65.483154;86.14202;0.1918619;0.0;0.0;-0.87478966;-0.004899833;-0.0011535216;-0.0017916156;0.30905035;-0.09467109;-0.012298801;0.26901153;0.0013384015;-0.15568282;0.16517577;-0.0069927117;-0.1712619;0.0;0.0;-1.147484;0.00070456567;0.00013398474;0.00061650504;53.939816;119.60656;0.011930745;911650.8;931354.0;0.23339964;3.7601868e-07;4.252616e-07;4.4795863e-07;0.00061911537;0.00064926146;2.2874761e-05;3.0648769e-06;8.971043e-06;2.7770899e-05;4.750524e-06;2.685578e-06;2.5840132e-05;1.0;1.0;8846.039;25
870128750;869940170;0.8598347;0.018098518;-0.019681433;0.50987196;-64.93774;86.26329;0.17197172;0.0;0.0;-0.86737955;-0.004858715;-0.0011322232;-0.001793266;0.30885792;-0.095690906;-0.012168584;0.2690246;0.0013307794;-0.15574196;0.16515453;-0.0070462073;-0.1713226;0.0;0.0;-1.147484;0.000708798;0.00013490382;0.00061803445;54.201817;120.68472;0.011961293;916763.1;937379.94;0.23624408;3.7648581e-07;4.2617194e-07;4.485869e-07;0.0006190974;0.0006477218;2.2894314e-05;3.063987e-06;8.9493205e-06;2.7737036e-05;4.7496715e-06;2.680871e-06;2.5803804e-05;1.0;1.0;8860.445;25
870633140;870444824;0.8705618;-0.011930117;-0.022116607;0.49141705;-64.551704;86.571915;0.18963525;0.0;0.0;-0.8891641;-0.004817062;-0.0011106195;-0.001792334;0.30860808;-0.096972354;-0.012023658;0.2690337;0.0013226063;-0.15582323;0.16513734;-0.007101785;-0.1713883;0.0;0.0;-1.147484;0.00070682337;0.00013512792;0.000616969;54.445618;121.35851;0.011782605;921968.7;943437.0;0.23506945;3.757148e-07;4.2546444e-07;4.4811665e-07;0.0006190737;0.0006457992;2.290828e-05;3.0624792e-06;8.923429e-06;2.7703258e-05;4.748786e-06;2.676103e-06;2.5769164e-05;1.0;1.0;8875.138;25
871138524;870949477;0.86695844;-0.05319939;-0.056018498;0.49235642;-64.25573;86.723694;0.18606316;0.0;0.0;-0.90330416;-0.0048035257;-0.0011078283;-0.0018019015;0.30841807;-0.09792706;-0.011928817;0.26907027;0.0013154058;-0.15589401;0.16513449;-0.007148257;-0.17144041;0.0;0.0;-1.147484;0.0007038254;0.0001353475;0.000615231;54.689724;121.94694;0.011629308;927195.3;949517.75;0.23374166;3.747999e-07;4.2448045e-07;4.475271e-07;0.0006190549;0.0006437914;2.2921316e-05;3.0615736e-06;8.897721e-06;2.7692755e-05;4.74805e-06;2.6726298e-06;2.5755999e-05;1.0;1.0;8889.824;25
871633216;871444236;0.8650295;-0.08265502;-0.072404094;0.48954043;-64.0325;86.87492;0.16972524;0.0;0.0;-0.94619465;-0.0048200656;-0.0011159246;-0.0018116509;0.30828613;-0.09881813;-0.011835974;0.26912278;0.0013104156;-0.15583567;0.16513523;-0.007180567;-0.17158337;0.0;0.0;-1.147484;0.0007115503;0.0001363289;0.00061670004;54.964893;123.24115;0.011513564;932408.44;955760.25;0.2316906;3.7557095e-07;4.2595497e-07;4.4841306e-07;0.00061904656;0.00064184074;2.29404e-05;3.0622332e-06;8.876457e-06;2.7680002e-05;4.7476797e-06;2.670693e-06;2.5735968e-05;1.0;1.0;8904.211;25
872137209;871948890;0.8638633;-0.08362395;-0.067365535;0.4921474;-63.743855;86.94265;0.1322745;0.0;0.0;-0.9646972;-0.0048309956;-0.001122098;-0.001822197;0.3081845;-0.099501066;-0.011768194;0.26918775;0.0013041202;-0.15575096;0.16513497;-0.007220698;-0.17176533;0.0;0.0;-1.147484;0.00071543176;0.00013699917;0.0006162274;55.23937;124.301765;0.011586261;937734.94;962108.8;0.23480217;3.755652e-07;4.2637762e-07;4.484651e-07;0.0006190483;0.000640023;2.2958908e-05;3.0623398e-06;8.851102e-06;2.7664022e-05;4.7471917e-06;2.6685404e-06;2.571155e-05;1.0;1.0;8918.854;25
872631967;872443648;0.8654332;-0.064953126;-0.05993592;0.49316734;-63.54569;87.02699;0.14026104;0.0;0.0;-1.0037515;-0.0048424494;-0.0011326926;-0.0018325077;0.30806294;-0.10024611;-0.011705239;0.26924488;0.00129787;-0.15569602;0.16513741;-0.0072571905;-0.17192896;0.0;0.0;-1.147484;0.00071033527;0.00013710895;0.0006131657;55.477524;124.711136;0.01148068;942929.5;968179.8;0.23263893;3.743166e-07;4.247732e-07;4.4764343e-07;0.000619049;0.00063791906;2.2969065e-05;3.0619399e-06;8.825836e-06;2.7648086e-05;4.746499e-06;2.6661817e-06;2.568966e-05;1.0;1.0;8933.209;25
873126869;872938407;0.86740744;0.0143975215;-0.018617377;0.49704188;-63.18656;87.14198;0.12446058;0.0;0.0;-1.016089;-0.004823844;-0.0011251114;-0.0018373153;0.30794334;-0.10111426;-0.011610027;0.26928082;0.0012919253;-0.15573655;0.16513297;-0.007298104;-0.17198524;0.0;0.0;-1.147484;0.00071389676;0.00013808734;0.0006141495;55.752983;125.77422;0.011484164;948211.94;974526.25;0.23498698;3.7470483e-07;4.254635e-07;4.4818873e-07;0.000619063;0.0006360716;2.298679e-05;3.0621538e-06;8.805019e-06;2.7641761e-05;4.745986e-06;2.663375e-06;2.5679263e-05;1.0;1.0;8947.523;25
873631678;873443060;0.87440544;0.00040614407;-0.031362142;0.4841811;-62.7935;87.31944;0.14244056;0.0;0.0;-1.0246185;-0.00478613;-0.0011099862;-0.0018407115;0.30776972;-0.10215182;-0.011509247;0.26929164;0.0012845505;-0.15580995;0.1651242;-0.0073447376;-0.17203982;0.0;0.0;-1.147484;0.0007077136;0.00013820175;0.0006119241;56.000057;126.179695;0.01136383;953568.9;980827.9;0.23348995;3.7347917e-07;4.238847e-07;4.4734125e-07;0.000619077;0.00063393416;2.2996355e-05;3.061046e-06;8.780169e-06;2.761443e-05;4.7450935e-06;2.6592716e-06;2.5651849e-05;1.0;1.0;8962.105;25
874136034;873947716;0.87619203;-0.013444387;-0.04136662;0.47999546;-62.354507;87.482254;0.15266272;0.0;0.0;-1.0257297;-0.0047423495;-0.001094502;-0.0018422503;0.30762318;-0.1032368;-0.011386756;0.26931164;0.001277138;-0.1558648;0.16511245;-0.007394106;-0.17210099;0.0;0.0;-1.147484;0.00070818263;0.00013856073;0.00061152317;56.270203;127.06073;0.011258078;958998.3;987343.1;0.23194322;3.7309923e-07;4.237745e-07;4.4706547e-07;0.00061909866;0.0006319066;2.3009303e-05;3.0605302e-06;8.755492e-06;2.7589624e-05;4.744212e-06;2.655687e-06;2.562538e-05;1.0;1.0;8976.649;25
874631221;874442473;0.8644355;0.0077715805;-0.016241247;0.5024215;-61.92798;87.6671;0.15696171;0.0;0.0;-1.0149577;-0.0047053127;-0.001077273;-0.0018405473;0.30751708;-0.10416907;-0.011274339;0.26934052;0.001270236;-0.15590863;0.16510239;-0.0074418397;-0.17215794;0.0;0.0;-1.147484;0.000712454;0.00013911536;0.00061200093;56.5498;128.20279;0.011264811;964381.4;993885.3;0.2339791;3.7318216e-07;4.2448426e-07;4.4704913e-07;0.00061912613;0.0006301935;2.302541e-05;3.0600793e-06;8.730884e-06;2.7574788e-05;4.7436097e-06;2.6521518e-06;2.5607516e-05;1.0;1.0;8990.897;25
875135555;874947126;0.8626963;0.0075741885;-0.014255484;0.50546473;-61.476814;87.823326;0.14640878;0.0;0.0;-1.0266776;-0.0046684765;-0.0010619792;-0.0018429768;0.3074051;-0.10529757;-0.011134803;0.26936102;0.0012639919;-0.15596637;0.16508856;-0.007487707;-0.17220044;0.0;0.0;-1.147484;0.00071766076;0.00014014954;0.00061410444;56.841488;125.04684;0.011195836;969914.4;909712.7;0.2324249;3.739632e-07;4.2592308e-07;4.4786114e-07;0.00061906764;0.0006282027;2.3039405e-05;3.0592196e-06;8.708057e-06;2.7555292e-05;4.7423405e-06;2.648404e-06;2.5586234e-05;1.0;1.0;9005.391;25
875630296;875441885;0.8662355;-0.000503301;-0.029537298;0.49876192;-61.04369;87.9556;0.17891702;0.0;0.0;-1.0259128;-0.00462449;-0.0010460762;-0.0018494279;0.30727872;-0.10635179;-0.0110109495;0.2693787;0.0012565508;-0.15604381;0.16507828;-0.007537828;-0.17224532;0.0;0.0;-1.147484;0.00071446697;0.00014026219;0.00061262696;57.096725;125.6703;0.011119591;975316.0;915653.4;0.23007292;3.730447e-07;4.2503598e-07;4.4714844e-07;0.00061909785;0.0006265653;2.3047594e-05;3.058193e-06;8.683775e-06;2.7533417e-05;4.741583e-06;2.6442146e-06;2.5564332e-05;1.0;1.0;9019.558;25
876135081;875946539;0.8652821;-0.0015965379;-0.014276372;0.50107944;-60.603226;88.120224;0.18418896;0.0;0.0;-1.0366728;-0.0045852526;-0.0010306694;-0.0018516176;0.3071812;-0.107445605;-0.01086858;0.26940012;0.0012494931;-0.15611273;0.16506723;-0.0075863404;-0.17229046;0.0;0.0;-1.147484;0.00071717333;0.00014066955;0.0006128992;57.379696;126.743324;0.0110776;980900.75;921900.25;0.2285126;3.7290414e-07;4.254652e-07;4.4700806e-07;0.0006191322;0.00062514766;2.3059207e-05;3.0576396e-06;8.659757e-06;2.7514634e-05;4.7409308e-06;2.6402922e-06;2.5544277e-05;1.0;1.0;9033.982;25
876629806;876441297;0.8645808;0.0066262744;-0.009610653;0.5023582;-60.19688;88.26116;0.18704438;0.0;0.0;-1.028946;-0.0045542447;-0.0010167502;-0.0018537248;0.307101;-0.1082959;-0.010758888;0.26941296;0.001243601;-0.15617684;0.16505867;-0.007624662;-0.17232724;0.0;0.0;-1.147484;0.00071552297;0.00014138425;0.00061274937;57.650444;127.49119;0.011139733;986383.8;927999.44;0.2306066;3.7267748e-07;4.2524093e-07;4.4699414e-07;0.0006191653;0.0006240186;2.3069979e-05;3.0574815e-06;8.639918e-06;2.7499462e-05;4.740294e-06;2.6368011e-06;2.552876e-05;1.0;1.0;9048.094;25
877134493;876945951;0.85883933;-0.001534025;-0.018671483;0.51190233;-59.779285;88.356064;0.2013567;0.0;0.0;-1.0391874;-0.0045172945;-0.0010076814;-0.0018583775;0.30701855;-0.10926516;-0.010624358;0.2694287;0.0012365776;-0.15625906;0.16504966;-0.0076691085;-0.17236577;0.0;0.0;-1.147484;0.00071260903;0.00014152638;0.0006114075;57.91592;128.15785;0.011125414;992001.9;934244.5;0.22914158;3.7184364e-07;4.2453678e-07;4.463378e-07;0.0006191971;0.000622908;2.30768e-05;3.056587e-06;8.616199e-06;2.7482394e-05;4.739541e-06;2.632653e-06;2.5511947e-05;1.0;1.0;9062.444;25
877629099;877440710;0.8587073;0.0038882543;-0.013708568;0.51226825;-59.36177;88.47242;0.18470728;0.0;0.0;-1.0384182;-0.0044829943;-0.0009942172;-0.0018623485;0.3069576;-0.11013168;-0.010492837;0.2694499;0.0012296406;-0.15634228;0.1650387;-0.007716557;-0.17239739;0.0;0.0;-1.147484;0.00071344484;0.00014169002;0.0006110156;58.189533;129.09639;0.011090833;997571.4;940508.56;0.22702578;3.7138847e-07;4.2462122e-07;4.4592193e-07;0.00061922794;0.0006219941;2.3084387e-05;3.0557142e-06;8.592541e-06;2.746757e-05;4.7388216e-06;2.6284288e-06;2.5496865e-05;1.0;1.0;9076.479;25
878133824;877945364;0.8600183;-0.0014952405;-0.01124589;0.5101371;-58.957047;88.54138;0.20323399;0.0;0.0;-1.0258917;-0.004462714;-0.0009881897;-0.0018672836;0.3069222;-0.110746585;-0.010391447;0.26946926;0.0012237697;-0.15641686;0.16502896;-0.007754732;-0.17241961;0.0;0.0;-1.147484;0.00071363896;0.00014219979;0.000611402;55.44933;129.9791;0.011225247;912081.25;946948.8;0.23005286;3.7142462e-07;4.249098e-07;4.4611127e-07;0.00061924884;0.0006201043;2.3008435e-05;3.0445588e-06;8.571859e-06;2.7440514e-05;4.7380495e-06;2.6241576e-06;2.548571e-05;1.0;1.0;9090.756;25
878638436;878450017;0.8611455;0.00451366;-0.011942062;0.5081983;-58.537792;88.593506;0.2119714;0.0;0.0;-1.0133342;-0.0044300575;-0.0009802224;-0.001873348;0.30687565;-0.11143143;-0.010273348;0.26948398;0.0012168874;-0.15650448;0.16501997;-0.007797207;-0.17244723;0.0;0.0;-1.147484;0.0007096918;0.00014218499;0.00060975796;55.706932;130.57191;0.011241165;917292.06;953351.3;0.22882251;3.7042682e-07;4.2407055e-07;4.4533994e-07;0.00061927474;0.00061943417;2.3012864e-05;3.0436022e-06;8.548605e-06;2.7424432e-05;4.7372573e-06;2.6199823e-06;2.5470561e-05;1.0;1.0;9104.987;25
879133423;878944776;0.8644842;0.0014208235;-0.020270796;0.5022491;-58.166454;88.632965;0.21151519;0.0;0.0;-1.004372;-0.004401473;-0.00097423984;-0.0018775697;0.30684322;-0.112034686;-0.010157198;0.26949775;0.0012101285;-0.15659417;0.16501154;-0.007837445;-0.17247416;0.0;0.0;-1.147484;0.00070415036;0.00014196405;0.0006074921;55.952988;131.02774;0.011213674;922421.2;959641.44;0.22694984;3.6915876e-07;4.2288144e-07;4.4434177e-07;0.00061929657;0.00061886973;2.3014974e-05;3.042604e-06;8.525406e-06;2.741032e-05;4.736503e-06;2.616067e-06;2.5457623e-05;1.0;1.0;9118.887;25
879638138;879449432;0.8637859;0.007944272;-0.028334863;0.502999;-57.750294;88.70721;0.23366389;0.0;0.0;-0.97559077;-0.00437005;-0.0009674627;-0.0018751005;0.3068118;-0.112558074;-0.010051398;0.26951322;0.0012031042;-0.15667579;0.16499875;-0.007880778;-0.17251015;0.0;0.0;-1.147484;0.00070009124;0.0001419935;0.0006057301;56.21075;131.58685;0.011358521;927694.94;966152.3;0.23015308;3.6821345e-07;4.2214333e-07;4.4353538e-07;0.00061931834;0.0006184207;2.3021033e-05;3.041859e-06;8.502457e-06;2.7395423e-05;4.735745e-06;2.6123105e-06;2.5443402e-05;1.0;1.0;9133.022;25
880132506;879944188;0.86867106;-0.0020838873;-0.018760039;0.49502963;-57.31946;88.78069;0.24094458;0.0;0.0;-0.96622705;-0.004345602;-0.00096155267;-0.0018754283;0.3068273;-0.11305895;-0.009916958;0.2695287;0.0011974416;-0.15674837;0.16498975;-0.007916695;-0.17253569;0.0;0.0;-1.147484;0.0007037177;0.00014252178;0.00060697936;56.488804;132.70241;0.011390849;932946.2;972784.6;0.22848853;3.685096e-07;4.2319633e-07;4.4390848e-07;0.0006193378;0.0006181148;2.3028275e-05;3.0420197e-06;8.4835265e-06;2.7384958e-05;4.7352164e-06;2.6091811e-06;2.5432726e-05;1.0;1.0;9146.839;25
880627333;880438946;0.869179;0.0017635088;-0.014504977;0.49428165;-56.907825;88.80981;0.23251931;0.0;0.0;-0.955648;-0.0043147523;-0.0009560969;-0.0018781051;0.3068475;-0.113548264;-0.009771003;0.26954553;0.0011910347;-0.15683018;0.1649835;-0.007954645;-0.17256331;0.0;0.0;-1.147484;0.00070672977;0.00014249755;0.0006071402;56.760807;133.79231;0.011384401;938224.5;979463.44;0.22685361;3.6823477e-07;4.2388226e-07;4.4360223e-07;0.00061935274;0.000617826;2.3034194e-05;3.0416213e-06;8.4607655e-06;2.7374726e-05;4.7346834e-06;2.6058608e-06;2.5422753e-05;1.0;1.0;9160.605;25
881132310;880943600;0.8643859;0.00011510525;-0.021184226;0.5023826;-56.417717;88.86302;0.23308174;0.0;0.0;-0.93132764;-0.0042798393;-0.00094691425;-0.0018768589;0.3068862;-0.11403757;-0.009610425;0.26956972;0.0011845656;-0.15690386;0.16497369;-0.007997305;-0.1725926;0.0;0.0;-1.147484;0.0007144826;0.00014286787;0.0006087966;57.056892;135.25887;0.011543616;943670.6;986466.9;0.23030806;3.686441e-07;4.2566506e-07;4.437599e-07;0.0006193698;0.0006176041;2.3046496e-05;3.0415026e-06;8.438253e-06;2.7365695e-05;4.7342305e-06;2.60248e-06;2.5413146e-05;1.0;1.0;9174.594;25
881636629;881448254;0.8606666;0.03930657;0.012592591;0.50749326;-56.01368;88.91299;0.23736952;0.0;0.0;-0.9207367;-0.004249358;-0.0009407844;-0.0018745477;0.30693164;-0.11441708;-0.009453916;0.26957476;0.0011787403;-0.15697518;0.1649632;-0.008032828;-0.17263135;0.0;0.0;-1.147484;0.00071800116;0.0001433227;0.0006102811;57.338856;136.42479;0.011572945;949122.8;993440.4;0.22954781;3.6890336e-07;4.2672787e-07;4.4418763e-07;0.00061938;0.00061740493;2.3053863e-05;3.0415579e-06;8.419791e-06;2.7350403e-05;4.733706e-06;2.5991017e-06;2.5398771e-05;1.0;1.0;9188.527;25
882131601;881943013;0.8600832;-0.03744988;-0.049265258;0.50638646;-55.359413;88.836075;0.27722013;0.0;0.0;-0.88351303;-0.004183566;-0.0009270492;-0.0018684481;0.30695987;-0.11499512;-0.009255307;0.2695606;0.0011714746;-0.1569408;0.16494216;-0.008079115;-0.1727819;0.0;0.0;-1.147484;0.0007226257;0.000143257;0.00061154616;57.60848;132.9122;0.011711522;954515.1;909471.5;0.22814006;3.6894235e-07;4.2814864e-07;4.4411595e-07;0.0006192702;0.00061690365;2.3059629e-05;3.0396932e-06;8.39468e-06;2.7293967e-05;4.732319e-06;2.5943707e-06;2.5346702e-05;1.0;1.0;9202.112;25
882636746;882447666;0.8362245;-0.16290306;-0.12108514;0.5094406;-55.350136;88.67352;0.25853366;0.0;0.0;-0.8916439;-0.004261118;-0.0009747702;-0.001878305;0.30710644;-0.114423096;-0.009235744;0.26960558;0.0011642798;-0.15654509;0.16490881;-0.008123291;-0.17325215;0.0;0.0;-1.147484;0.0007230996;0.00014315596;0.0006091685;57.875317;133.77985;0.011693053;959994.5;915865.44;0.23179944;3.682024e-07;4.281673e-07;4.4356764e-07;0.00061927753;0.0006166728;2.3067527e-05;3.0398367e-06;8.372604e-06;2.719373e-05;4.7311732e-06;2.5924096e-06;2.5231959e-05;1.0;1.0;9215.896;25
883131853;882942425;0.83064103;-0.17854941;-0.12237747;0.51301014;-55.393078;88.53163;0.22363779;0.0;0.0;-0.92493165;-0.0043567875;-0.0010261473;-0.0018802913;0.30725184;-0.113702975;-0.009251315;0.2696262;0.0011576613;-0.15606232;0.16486318;-0.008164028;-0.17379443;0.0;0.0;-1.147484;0.0007215119;0.00014312523;0.00060637365;58.129677;134.44875;0.0116109485;965378.6;922142.56;0.23032525;3.67523e-07;4.278413e-07;4.434533e-07;0.000619278;0.0006164529;2.3071454e-05;3.0403e-06;8.3544155e-06;2.705045e-05;4.7297235e-06;2.5906158e-06;2.507359e-05;1.0;1.0;9229.374;25
883635677;883447078;0.82803977;-0.18630414;-0.12568347;0.5136581;-55.490227;88.42296;0.20490716;0.0;0.0;-0.9792232;-0.004470768;-0.0010832078;-0.0018785995;0.30740598;-0.112891085;-0.009288199;0.26965085;0.0011497736;-0.15545574;0.16480045;-0.00821635;-0.17446092;0.0;0.0;-1.147484;0.0007207229;0.00014274905;0.00060286454;58.385563;135.18535;0.011583702;970906.9;928619.56;0.22949697;3.6655692e-07;4.2750284e-07;4.4296425e-07;0.0006192792;0.00061623176;2.3076735e-05;3.0404237e-06;8.33261e-06;2.6861631e-05;4.7277927e-06;2.5884576e-06;2.4867035e-05;1.0;1.0;9243.12;25
884130560;883941837;0.82411623;-0.1936052;-0.12857373;0.5165447;-55.61581;88.304756;0.15012579;0.0;0.0;-1.0321264;-0.0045861355;-0.0011413033;-0.0018764716;0.3075305;-0.11211078;-0.009354214;0.26967204;0.0011418182;-0.15481132;0.16473244;-0.008270995;-0.17515674;0.0;0.0;-1.147484;0.0007181165;0.00014241853;0.0005986984;58.637424;135.78545;0.011678627;976347.6;934982.7;0.23219292;3.6544597e-07;4.2678158e-07;4.4234702e-07;0.0006192844;0.00061603764;2.3084076e-05;3.0404951e-06;8.31085e-06;2.6655367e-05;4.725723e-06;2.586291e-06;2.4643083e-05;1.0;1.0;9256.593;25
884635093;884446491;0.82499516;-0.1898383;-0.11895943;0.51883817;-55.71898;88.23005;0.11805193;0.0;0.0;-1.1055646;-0.0046872627;-0.0011915847;-0.0018734712;0.30764216;-0.11148179;-0.009399876;0.26968345;0.001135366;-0.15432747;0.16467912;-0.008311863;-0.1756946;0.0;0.0;-1.147484;0.00071089814;0.00014226987;0.00059434416;58.87921;136.03645;0.011701663;981902.25;941418.9;0.23128258;3.6426295e-07;4.2532398e-07;4.4205237e-07;0.0006192873;0.00061586493;2.3088363e-05;3.0408605e-06;8.29311e-06;2.6490168e-05;4.7238655e-06;2.584337e-06;2.4465435e-05;1.0;1.0;9270.312;25
885129848;884941249;0.82993853;-0.16442993;-0.10600894;0.5224241;-55.78543;88.15618;0.10002727;0.0;0.0;-1.183507;-0.004782156;-0.0012368456;-0.0018773025;0.30773538;-0.110978596;-0.009444886;0.26971292;0.0011284993;-0.15387711;0.16462897;-0.008353346;-0.17620374;0.0;0.0;-1.147484;0.0007060478;0.00014172024;0.00059015217;59.115757;136.44577;0.0117248995;987398.94;947829.0;0.22953968;3.628889e-07;4.2415053e-07;4.4141305e-07;0.0006192938;0.00061569945;2.3094082e-05;3.0407955e-06;8.27161e-06;2.6344149e-05;4.7219055e-06;2.5821946e-06;2.4307192e-05;1.0;1.0;9283.75;25
885634218;885445904;0.8456404;-0.061804924;-0.04884166;0.527908;-55.793716;88.099976;0.058021724;0.0;0.0;-1.2355422;-0.0048346417;-0.0012665794;-0.001882179;0.30780846;-0.110801056;-0.009442234;0.2697605;0.0011222882;-0.15359281;0.16459633;-0.0083913375;-0.17654009;0.0;0.0;-1.147484;0.00070739054;0.00014172912;0.0005882909;59.38895;137.39012;0.0117419;993088.56;954581.44;0.23296247;3.6241704e-07;4.243879e-07;4.4144863e-07;0.0006193093;0.0006155392;2.3107983e-05;3.0410108e-06;8.250351e-06;2.6263859e-05;4.7205476e-06;2.5801999e-06;2.4216248e-05;1.0;1.0;9297.446;25
886139354;885950557;0.8573393;0.016523875;-0.007753415;0.51442796;-55.260956;88.13063;0.08724549;0.0;0.0;-1.2464435;-0.0047836658;-0.0012447232;-0.001880531;0.307808;-0.111297496;-0.0093258815;0.26976758;0.0011152248;-0.15363333;0.16457692;-0.008439271;-0.17661482;0.0;0.0;-1.147484;0.0007028962;0.00014126215;0.00058676116;59.635525;137.92578;0.011738627;998787.9;961275.3;0.23201339;3.6124652e-07;4.2362745e-07;4.4100986e-07;0.00061932404;0.0006152649;2.3117298e-05;3.0397134e-06;8.22923e-06;2.6232314e-05;4.7196418e-06;2.5759077e-06;2.4187522e-05;1.0;1.0;9311.105;25
886633910;886445315;0.8656483;0.016006513;-0.013569307;0.50021267;-54.865128;88.17869;0.09584241;0.0;0.0;-1.2598821;-0.0047444925;-0.0012313706;-0.0018775433;0.30779785;-0.111735545;-0.009237709;0.26976487;0.0011092555;-0.15368184;0.16456306;-0.008476215;-0.17667513;0.0;0.0;-1.147484;0.0006963824;0.000140813;0.00058554404;56.819717;138.29378;0.011625348;913094.7;967836.5;0.23034737;3.602714e-07;4.2272703e-07;4.408497e-07;0.00061932276;0.00061384484;2.3029339e-05;3.0274794e-06;8.210637e-06;2.6184813e-05;4.7188164e-06;2.5717527e-06;2.4161629e-05;1.0;1.0;9324.456;25
887128623;886940073;0.866676;0.002759462;-0.00979869;0.49876773;-54.46959;88.23342;0.097943835;0.0;0.0;-1.2540473;-0.00470093;-0.0012156068;-0.0018740989;0.30778527;-0.11219151;-0.009150096;0.26977566;0.0011026118;-0.15372974;0.16454642;-0.008518608;-0.17673232;0.0;0.0;-1.147484;0.0006921042;0.00014048791;0.0005838849;57.065693;138.83192;0.0115899285;918245.94;974502.2;0.2328955;3.5921704e-07;4.2211283e-07;4.4028798e-07;0.00061934465;0.00061343086;2.3041723e-05;3.0266733e-06;8.189669e-06;2.6160813e-05;4.7180843e-06;2.5682998e-06;2.413933e-05;1.0;1.0;9337.754;25
887633460;887444727;0.8690123;0.0057923226;-0.00998775;0.49465576;-54.08536;88.30355;0.09773201;0.0;0.0;-1.2563199;-0.0046586655;-0.001201176;-0.0018699772;0.30777547;-0.1127045;-0.009056711;0.26978084;0.001096182;-0.15378354;0.1645328;-0.008558033;-0.17678943;0.0;0.0;-1.147484;0.0006876926;0.00014009546;0.0005823406;57.31422;139.36732;0.011462443;923531.75;981350.75;0.23176143;3.5814648e-07;4.2153306e-07;4.3976866e-07;0.00061936723;0.00061292027;2.3053193e-05;3.0259662e-06;8.168932e-06;2.6136824e-05;4.717395e-06;2.564952e-06;2.4117686e-05;1.0;1.0;9351.286;25
888127850;887939486;0.8710742;0.00044217342;-0.02865595;0.49031472;-53.708885;88.37716;0.11252384;0.0;0.0;-1.2606919;-0.0046289684;-0.0011909519;-0.0018658038;0.30777922;-0.1131804;-0.008970357;0.26978746;0.0010909972;-0.15383555;0.16452397;-0.008589468;-0.17683092;0.0;0.0;-1.147484;0.00068888935;0.00014032082;0.00058307755;57.579494;140.29701;0.011354136;928778.8;988266.4;0.22986706;3.5810768e-07;4.223572e-07;4.4020672e-07;0.0006193932;0.0006124093;2.3068358e-05;3.0261888e-06;8.151877e-06;2.6120239e-05;4.7168783e-06;2.5623224e-06;2.4102033e-05;1.0;1.0;9364.519;25
888632854;888444139;0.86943007;0.0009663855;-0.033891335;0.49289122;-53.310066;88.424;0.12760052;0.0;0.0;-1.2535648;-0.0045911507;-0.0011799855;-0.0018633013;0.3077792;-0.11368685;-0.008877571;0.2698019;0.0010849704;-0.15389119;0.16451405;-0.008627322;-0.17687625;0.0;0.0;-1.147484;0.00068839133;0.00014029891;0.00058251206;57.847576;141.11664;0.01136929;934153.2;995339.56;0.23297718;3.5762207e-07;4.226553e-07;4.3997179e-07;0.0006194211;0.00061190285;2.3084467e-05;3.0259348e-06;8.131385e-06;2.610445e-05;4.7162985e-06;2.5594582e-06;2.4086854e-05;1.0;1.0;9377.977;25
889137118;888948793;0.8699221;-0.00054018444;-0.04147578;0.49144173;-52.89692;88.51831;0.12726176;0.0;0.0;-1.2547851;-0.0045609684;-0.0011678096;-0.0018583561;0.3077884;-0.11420515;-0.008782315;0.26981854;0.0010789939;-0.15394996;0.16450083;-0.008665495;-0.17691772;0.0;0.0;-1.147484;0.00068818126;0.00014018471;0.0005821558;58.111504;136.91083;0.011315153;939570.06;911383.7;0.2316613;3.5720745e-07;4.2323612e-07;4.3983667e-07;0.00061930064;0.00061104837;2.3098006e-05;3.0248218e-06;8.108195e-06;2.608879e-05;4.7148333e-06;2.5565737e-06;2.4071831e-05;1.0;1.0;9391.39;25
889632022;889443551;0.8724317;0.0049443175;-0.01660436;0.48842907;-52.50796;88.55357;0.15974192;0.0;0.0;-1.2521017;-0.004530185;-0.0011595857;-0.0018573939;0.3077728;-0.11464296;-0.008711952;0.26981398;0.0010738379;-0.15400967;0.1644949;-0.008692242;-0.17695996;0.0;0.0;-1.147484;0.0006850513;0.00014027173;0.0005817398;58.365025;137.48946;0.011275104;944887.0;917774.3;0.22964607;3.5674105e-07;4.2315807e-07;4.3985676e-07;0.0006193263;0.0006105243;2.311024e-05;3.0249025e-06;8.091477e-06;2.6071055e-05;4.714301e-06;2.5540096e-06;2.405619e-05;1.0;1.0;9404.504;25
890136796;889948205;0.8697662;0.00044856293;-0.018696327;0.49310964;-52.119156;88.632744;0.15179205;0.0;0.0;-1.2466106;-0.0044994545;-0.001147231;-0.0018549305;0.30778176;-0.1151402;-0.008617301;0.2698266;0.0010680585;-0.15407552;0.16448516;-0.008727096;-0.17699394;0.0;0.0;-1.147484;0.00068511144;0.00014014302;0.0005812942;58.63538;138.34497;0.011213029;950364.44;924424.56;0.22832833;3.562764e-07;4.2357905e-07;4.396067e-07;0.000619354;0.00061003567;2.312418e-05;3.0247018e-06;8.071365e-06;2.6057927e-05;4.713785e-06;2.551234e-06;2.4043764e-05;1.0;1.0;9417.848;25
890631474;890442963;0.8689574;-0.003116909;-0.014702862;0.49465856;-51.72766;88.69008;0.16338463;0.0;0.0;-1.2415183;-0.004469451;-0.0011366833;-0.0018533821;0.30779886;-0.1156246;-0.008518034;0.26984128;0.0010624533;-0.15414014;0.1644766;-0.008760732;-0.17702442;0.0;0.0;-1.147484;0.0006859;0.00014012834;0.00058091234;58.905327;139.23103;0.011258663;955771.2;931025.25;0.2305949;3.5595e-07;4.2414345e-07;4.3932474e-07;0.00061938213;0.00060963124;2.3139546e-05;3.024492e-06;8.051283e-06;2.604721e-05;4.7133276e-06;2.5485106e-06;2.4033308e-05;1.0;1.0;9430.886;25
891136079;890947617;0.866708;0.007530183;-0.012983427;0.49858993;-51.3773;88.800514;0.16601822;0.0;0.0;-1.2400296;-0.004450211;-0.0011272158;-0.0018492478;0.30780712;-0.11602587;-0.00843831;0.26984555;0.0010575879;-0.15421183;0.16446967;-0.008787823;-0.17705041;0.0;0.0;-1.147484;0.0006822575;0.00014030475;0.0005803677;59.16786;139.78569;0.01123835;961289.56;937712.5;0.22933006;3.5555513e-07;4.240074e-07;4.393371e-07;0.00061940757;0.00060923555;2.3150971e-05;3.02466e-06;8.034971e-06;2.6037318e-05;4.712879e-06;2.5460315e-06;2.4024628e-05;1.0;1.0;9444.154;25
891630839;891442375;0.8656435;0.0036891557;-0.008200468;0.50058025;-50.957718;88.911514;0.17922494;0.0;0.0;-1.2235315;-0.0044153174;-0.0011120341;-0.001843081;0.307821;-0.11648541;-0.008337817;0.2698573;0.0010517685;-0.15428102;0.16445848;-0.008825296;-0.17708564;0.0;0.0;-1.147484;0.00068156136;0.00014022867;0.00057965156;59.434044;140.55652;0.011315437;966752.7;944402.5;0.23165226;3.5510786e-07;4.2427808e-07;4.389089e-07;0.00061943464;0.0006089137;2.316465e-05;3.0242634e-06;8.01512e-06;2.6023976e-05;4.7124367e-06;2.543089e-06;2.4012452e-05;1.0;1.0;9457.143;25
892135345;891947029;0.86321604;0.0014787304;-0.018796312;0.50448257;-50.574356;89.03048;0.18078439;0.0;0.0;-1.2125036;-0.004388936;-0.0011001896;-0.0018367082;0.30783695;-0.116887;-0.008243221;0.2698672;0.0010460856;-0.15435913;0.1644482;-0.008859788;-0.1771137;0.0;0.0;-1.147484;0.00067932735;0.0001400072;0.0005785897;59.69786;141.21974;0.011299529;972347.1;951245.94;0.2304001;3.5447002e-07;4.2424645e-07;4.384132e-07;0.00061945996;0.00060861255;2.317537e-05;3.0238114e-06;7.995491e-06;2.601247e-05;4.711975e-06;2.5401132e-06;2.4002287e-05;1.0;1.0;9470.375;25
892630277;892441787;0.868454;0.006370652;-0.018978393;0.49536556;-50.265034;89.16522;0.1911374;0.0;0.0;-1.2023197;-0.004376319;-0.0010930685;-0.0018315102;0.30783713;-0.11713617;-0.008181614;0.26986843;0.0010411764;-0.15444031;0.16443986;-0.008885552;-0.17713591;0.0;0.0;-1.147484;0.00067113864;0.00013988065;0.0005766151;59.937244;141.38086;0.011277548;977819.94;957862.4;0.2285011;3.535694e-07;4.2310535e-07;4.3794543e-07;0.0006194808;0.0006083466;2.3181494e-05;3.0236322e-06;7.979379e-06;2.600337e-05;4.7114686e-06;2.5375957e-06;2.3994931e-05;1.0;1.0;9483.314;25
893134794;892946442;0.8740202;0.0033304794;-0.016112113;0.485611;-49.846764;89.33947;0.20651934;0.0;0.0;-1.2044816;-0.004349585;-0.001078159;-0.0018240588;0.30788612;-0.11755212;-0.008051355;0.2698782;0.0010358149;-0.15451193;0.16442937;-0.008917882;-0.17716563;0.0;0.0;-1.147484;0.0006754831;0.00013991767;0.0005773315;60.22427;142.53961;0.011285648;983527.94;964997.94;0.22742991;3.5368421e-07;4.2454187e-07;4.3796356e-07;0.0006195081;0.0006081717;2.3195407e-05;3.0236872e-06;7.959971e-06;2.5993057e-05;4.711068e-06;2.535022e-06;2.3984985e-05;1.0;1.0;9496.513;25
893640040;893451095;0.86996895;0.0032319762;-0.020596182;0.4926658;-49.436615;89.453064;0.21460457;0.0;0.0;-1.1757987;-0.004322423;-0.001066915;-0.0018158933;0.30791295;-0.11784524;-0.007955251;0.26988974;0.0010304716;-0.15458345;0.16442099;-0.008949112;-0.17719206;0.0;0.0;-1.147484;0.00067660556;0.00013995975;0.00057715154;60.505695;143.45699;0.011403804;989247.25;972126.1;0.23066139;3.535518e-07;4.2526017e-07;4.3770012e-07;0.0006195345;0.00060802273;2.3209139e-05;3.0236858e-06;7.940684e-06;2.5984487e-05;4.710677e-06;2.5325833e-06;2.397704e-05;1.0;1.0;9509.695;25
894135293;893945853;0.86306393;0.003951756;-0.015817054;0.50483155;-49.06843;89.5985;0.22373524;0.0;0.0;-1.1717;-0.0042989817;-0.0010550617;-0.001808611;0.3079502;-0.1181167;-0.007844164;0.2698941;0.0010250933;-0.15466829;0.16441317;-0.0089795515;-0.17721823;0.0;0.0;-1.147484;0.0006737847;0.00013956892;0.00057581067;60.760307;144.04349;0.011393052;994856.6;979072.0;0.2288584;3.5283486e-07;4.2506443e-07;4.3703682e-07;0.00061955577;0.0006078798;2.3216744e-05;3.0231533e-06;7.921415e-06;2.5974408e-05;4.710289e-06;2.5297993e-06;2.3968734e-05;1.0;1.0;9522.587;25
894629134;894440611;0.86155444;0.004982598;-0.016908547;0.507359;-48.70719;89.73641;0.22356705;0.0;0.0;-1.149925;-0.004280558;-0.0010442481;-0.0018029892;0.30797878;-0.11829799;-0.0077538947;0.2698954;0.0010203946;-0.15474677;0.1644053;-0.009006148;-0.17723832;0.0;0.0;-1.147484;0.0006715034;0.0001395033;0.00057553774;57.927605;144.66968;0.01150822;909548.25;986101.3;0.23150249;3.5272524e-07;4.2523035e-07;4.3702778e-07;0.0006195477;0.00060684024;2.3119299e-05;3.0110064e-06;7.904595e-06;2.5945992e-05;4.7098115e-06;2.5265874e-06;2.3960962e-05;1.0;1.0;9535.478;25
895134058;894945265;0.8630656;0.0031047624;-0.022988634;0.50455886;-48.343403;89.87141;0.22895677;0.0;0.0;-1.134482;-0.0042630346;-0.0010339653;-0.0017992236;0.30802253;-0.118462525;-0.007645999;0.26990536;0.0010149946;-0.1548339;0.16439635;-0.009036936;-0.17725645;0.0;0.0;-1.147484;0.0006709326;0.00013926256;0.00057484576;58.191174;145.44247;0.011506187;914832.56;993376.7;0.23056424;3.5233026e-07;4.2557292e-07;4.3660052e-07;0.0006195679;0.0006067439;2.3128312e-05;3.0106335e-06;7.8856465e-06;2.5939484e-05;4.70941e-06;2.5238046e-06;2.3955285e-05;1.0;1.0;9548.624;25
895628858;895440023;0.8596698;0.00018833962;-0.018640906;0.5105098;-47.95696;89.99663;0.22801346;0.0;0.0;-1.1216191;-0.0042445306;-0.0010231776;-0.0017956719;0.30806658;-0.11858174;-0.007536526;0.26991215;0.0010095512;-0.15492629;0.16438793;-0.009067399;-0.17727411;0.0;0.0;-1.147484;0.0006689683;0.0001389;0.0005738768;58.44035;140.75706;0.01152677;920041.9;909609.56;0.22890861;3.518332e-07;4.257907e-07;4.360673e-07;0.0006194024;0.0006063252;2.3134888e-05;3.0092565e-06;7.863859e-06;2.5931922e-05;4.7080803e-06;2.5209665e-06;2.3949333e-05;1.0;1.0;9561.479;25
896133031;895944677;0.8606094;0.005748649;-0.01116718;0.50911075;-47.646923;90.114975;0.23425765;0.0;0.0;-1.1135483;-0.0042361896;-0.0010180839;-0.0017931925;0.30810562;-0.118584216;-0.0074421894;0.26990747;0.0010047617;-0.1550162;0.16438231;-0.009088991;-0.17729104;0.0;0.0;-1.147484;0.00066492625;0.00013890365;0.0005731694;58.694424;141.25453;0.01154305;925366.25;916304.56;0.22807942;3.5149827e-07;4.2556343e-07;4.3597274e-07;0.00061941904;0.0006062288;2.3141543e-05;3.0092035e-06;7.8485355e-06;2.5925216e-05;4.707668e-06;2.5184338e-06;2.3943938e-05;1.0;1.0;9574.577;25
896637685;896449332;0.86156636;-0.007969106;-0.02251908;0.50708276;-47.207855;90.15129;0.23330916;0.0;0.0;-1.0799388;-0.0042149634;-0.001008284;-0.0017903453;0.3081459;-0.11862772;-0.0073406436;0.269914;0.0009992353;-0.1551066;0.16437347;-0.009119188;-0.17730853;0.0;0.0;-1.147484;0.0006632012;0.00013872268;0.00057216815;58.95783;141.92569;0.011752147;930737.94;923116.9;0.2315985;3.5111185e-07;4.2566091e-07;4.3542997e-07;0.0006194388;0.00060612895;2.3151502e-05;3.0087715e-06;7.829927e-06;2.5918156e-05;4.7072754e-06;2.5156637e-06;2.393797e-05;1.0;1.0;9587.671;25
897132481;896944089;0.818731;-0.20102745;-0.11860126;0.5245963;-47.387196;90.25854;0.18869866;0.0;0.0;-1.1291026;-0.004315668;-0.0010562509;-0.0017851861;0.30819625;-0.11837063;-0.0073209405;0.26992995;0.0009923186;-0.1545752;0.16431308;-0.009174422;-0.17787945;0.0;0.0;-1.147484;0.00067417906;0.00013872945;0.0005722674;59.2561;143.54916;0.011412373;936105.56;930135.6;0.23013385;3.5166596e-07;4.2830635e-07;4.357521e-07;0.00061947043;0.0006061095;2.3176779e-05;3.0095064e-06;7.811329e-06;2.5742715e-05;4.7058293e-06;2.5137917e-06;2.3746514e-05;1.0;1.0;9600.48;25
897627332;897438847;0.8127063;-0.13330643;-0.060382638;0.5639963;-47.301334;90.141426;0.19748542;0.0;0.0;-1.1672406;-0.0044038603;-0.0011085055;-0.0017853525;0.3082343;-0.1179906;-0.0073247342;0.2699542;0.0009848747;-0.15404174;0.16422424;-0.009234875;-0.17844222;0.0;0.0;-1.147484;0.0006835409;0.00013922909;0.00057247677;59.554104;144.98267;0.0115438625;941496.75;937191.1;0.23288058;3.5255786e-07;4.3071836e-07;4.366569e-07;0.0006194969;0.00060606346;2.3194374e-05;3.0106444e-06;7.796178e-06;2.5557663e-05;4.7023595e-06;2.5112108e-06;2.3546454e-05;1.0;1.0;9613.292;25
898131979;897943501;0.8308199;-0.10849484;-0.054883033;0.5430976;-47.095;90.15455;0.1792951;0.0;0.0;-1.1895164;-0.004456611;-0.0011193996;-0.0018019011;0.30824757;-0.11773855;-0.0073066074;0.2699971;0.000978409;-0.1539383;0.16418424;-0.009271724;-0.17863446;0.0;0.0;-1.147484;0.00067963667;0.0001387121;0.00056986406;59.80363;145.45247;0.011623899;946948.1;944140.0;0.23193541;3.517006e-07;4.3002188e-07;4.360568e-07;0.0006195185;0.00060597237;2.3201435e-05;3.010007e-06;7.777888e-06;2.5528789e-05;4.6999517e-06;2.5083548e-06;2.3512048e-05;1.0;1.0;9626.341;25
898636631;898448154;0.8371815;-0.08485303;-0.057078805;0.53727955;-46.925053;90.1417;0.17212105;0.0;0.0;-1.2086196;-0.0045009204;-0.001136384;-0.0018132956;0.3082529;-0.11753718;-0.0072901333;0.27003613;0.00097257463;-0.15387179;0.16415899;-0.009304426;-0.1787855;0.0;0.0;-1.147484;0.0006772635;0.00013827487;0.00056780904;60.058662;146.04095;0.011631185;952444.7;951186.5;0.23098901;3.5100726e-07;4.2966658e-07;4.3560541e-07;0.00061954383;0.0006059093;2.3210207e-05;3.009703e-06;7.759713e-06;2.5510592e-05;4.6986174e-06;2.5061065e-06;2.3488863e-05;1.0;1.0;9639.367;25
899131701;898942913;0.84289074;-0.06935804;-0.055792075;0.5306712;-46.733433;90.16292;0.1656407;0.0;0.0;-1.2179524;-0.0045340736;-0.0011490138;-0.0018210353;0.3082509;-0.117408596;-0.007273396;0.27007353;0.0009670692;-0.15384114;0.16413973;-0.009335338;-0.17889802;0.0;0.0;-1.147484;0.0006737088;0.00013770994;0.0005655144;60.30374;146.52635;0.011588471;957860.44;958123.94;0.22925988;3.5014085e-07;4.290194e-07;4.350073e-07;0.00061957043;0.0006058595;2.321827e-05;3.0093033e-06;7.741556e-06;2.5499816e-05;4.697611e-06;2.5039492e-06;2.3474322e-05;1.0;1.0;9652.111;25
899636066;899447566;0.84862435;-0.06739639;-0.052400526;0.5220619;-46.57904;90.259636;0.15075491;0.0;0.0;-1.2240192;-0.004564518;-0.001156589;-0.0018230258;0.30822694;-0.11729013;-0.0072736046;0.2700995;0.0009622494;-0.15384579;0.16412579;-0.00936016;-0.17898169;0.0;0.0;-1.147484;0.0006639504;0.00013759547;0.00056259945;60.544502;146.54272;0.011662202;963380.1;965112.94;0.23265037;3.4929926e-07;4.2727052e-07;4.345658e-07;0.0006195964;0.0006058012;2.3226166e-05;3.00936e-06;7.726885e-06;2.5493218e-05;4.6968585e-06;2.5021461e-06;2.3465525e-05;1.0;1.0;9665.11;25
900130684;899942325;0.8595991;-0.046437252;-0.04432757;0.5069202;-46.38255;90.33368;0.14157857;0.0;0.0;-1.2582577;-0.0045885635;-0.001164016;-0.001826188;0.30823165;-0.11727353;-0.007227657;0.2701264;0.00095744536;-0.15387145;0.16411982;-0.0093834605;-0.17904225;0.0;0.0;-1.147484;0.0006615522;0.00013710454;0.0005608772;60.795094;147.11205;0.011605057;968872.4;972195.75;0.23086384;3.4861318e-07;4.2694268e-07;4.3409702e-07;0.00061962474;0.00060576084;2.3236144e-05;3.0091778e-06;7.708937e-06;2.549005e-05;4.696408e-06;2.5002887e-06;2.3459897e-05;1.0;1.0;9677.8545;25
900635499;900446978;0.8645002;-0.050842896;-0.0510379;0.4974432;-46.165134;90.40835;0.13386735;0.0;0.0;-1.2777992;-0.004601875;-0.0011701102;-0.0018267405;0.30823165;-0.11730804;-0.0071821855;0.27015412;0.00095289334;-0.1539039;0.16412063;-0.009404718;-0.17909771;0.0;0.0;-1.147484;0.00065940776;0.0001367193;0.00055938185;61.05561;147.72247;0.011524592;974513.5;979494.8;0.22981547;3.4804262e-07;4.2670032e-07;4.33728e-07;0.0006196551;0.00060570944;2.3247549e-05;3.0093013e-06;7.6911965e-06;2.5488062e-05;4.696133e-06;2.4987642e-06;2.3455563e-05;1.0;1.0;9690.854;25
901130325;900941736;0.86313903;-0.06665093;-0.0637671;0.49646997;-45.96818;90.4893;0.12886313;0.0;0.0;-1.3026074;-0.0046231886;-0.001179389;-0.0018253955;0.30821303;-0.11731981;-0.0071610687;0.27017394;0.00094894564;-0.15392639;0.16412102;-0.009420445;-0.17915882;0.0;0.0;-1.147484;0.0006542831;0.00013675133;0.00055774895;61.308544;148.06293;0.011587532;980057.3;986635.0;0.23239173;3.47673e-07;4.2597392e-07;4.3361692e-07;0.0006196838;0.00060563785;2.3259148e-05;3.009855e-06;7.676693e-06;2.5484476e-05;4.695852e-06;2.497547e-06;2.3449526e-05;1.0;1.0;9703.598;25
901634851;901446389;0.86183;-0.07208699;-0.06610221;0.4976777;-45.785835;90.550354;0.118155256;0.0;0.0;-1.3285439;-0.004644326;-0.0011918816;-0.0018219323;0.30819708;-0.11736264;-0.007139738;0.27021027;0.00094436493;-0.1539051;0.16411977;-0.009440924;-0.17926982;0.0;0.0;-1.147484;0.00065003516;0.00013632036;0.0005553992;61.563736;148.47934;0.011519603;985751.25;993994.94;0.23122473;3.4694145e-07;4.252009e-07;4.3307955e-07;0.0006197137;0.00060553255;2.3269708e-05;3.0101046e-06;7.659152e-06;2.5473584e-05;4.695577e-06;2.4963456e-06;2.3434506e-05;1.0;1.0;9716.595;25
902129674;901941148;0.8696764;0.0047675534;-0.018588362;0.49324912;-45.42317;90.63293;0.123159654;0.0;0.0;-1.3306715;-0.004628874;-0.0011866661;-0.0018123102;0.30820104;-0.11752935;-0.0070771007;0.27023017;0.00093940034;-0.1539126;0.164108;-0.0094685685;-0.17934693;0.0;0.0;-1.147484;0.0006505244;0.00013607465;0.00055486715;61.827953;143.6753;0.011472842;991412.44;910402.3;0.22930618;3.4676157e-07;4.257278e-07;4.3298417e-07;0.00061952457;0.00060505583;2.3283092e-05;3.0093854e-06;7.638768e-06;2.5458765e-05;4.694229e-06;2.4943715e-06;2.341837e-05;1.0;1.0;9729.32;25
902634306;902445801;0.87225515;0.021838509;-0.0033165233;0.48855194;-45.08131;90.72063;0.1308916;0.0;0.0;-1.3159002;-0.0045924163;-0.0011752656;-0.0018033795;0.30820295;-0.1177447;-0.007000053;0.27022916;0.0009347556;-0.1539576;0.16409677;-0.009495482;-0.17939061;0.0;0.0;-1.147484;0.0006494386;0.0001364224;0.00055522297;62.107746;144.4058;0.011445042;997208.44;917350.25;0.23252778;3.4700028e-07;4.2608127e-07;4.3334452e-07;0.0006195574;0.00060490734;2.329908e-05;3.0098483e-06;7.6246242e-06;2.5443052e-05;4.6938508e-06;2.492251e-06;2.3403863e-05;1.0;1.0;9742.27;25
903132709;902940560;0.87257886;0.060687143;0.015184844;0.48445088;-44.626842;90.867584;0.15065847;0.0;0.0;-1.2876691;-0.004523706;-0.0011491134;-0.001781671;0.30819765;-0.11805534;-0.0068934015;0.27019644;0.0009284503;-0.15393166;0.16406722;-0.009533937;-0.17953609;0.0;0.0;-1.147484;0.00064394;0.00013561486;0.0005536959;59.213047;144.78938;0.011335183;911727.1;924123.6;0.23047891;3.462725e-07;4.2523862e-07;4.326796e-07;0.00061954424;0.0006038928;2.3187755e-05;2.996505e-06;7.606288e-06;2.5370626e-05;4.693083e-06;2.4883714e-06;2.3356772e-05;1.0;1.0;9754.948;25
903633564;903445213;0.8761341;0.08944105;0.04808145;0.47125098;-44.059696;91.0358;0.18479855;0.0;0.0;-1.2429918;-0.0044284738;-0.0011146982;-0.0017490211;0.30821028;-0.1184785;-0.006742314;0.27013335;0.0009213513;-0.15373817;0.16401146;-0.009580713;-0.17984852;0.0;0.0;-1.147484;0.00064378756;0.00013542958;0.000553918;59.48489;145.62697;0.011269232;917079.44;931232.44;0.22920151;3.4623332e-07;4.2580857e-07;4.3252723e-07;0.00061957777;0.0006037013;2.3201965e-05;2.995802e-06;7.5891235e-06;2.5270829e-05;4.6920823e-06;2.4843457e-06;2.3263276e-05;1.0;1.0;9767.848;25
904138433;903949866;0.87975794;0.09373659;0.04947579;0.46345618;-43.520374;91.25929;0.20203912;0.0;0.0;-1.1910182;-0.004328933;-0.0010776825;-0.0017072937;0.30820593;-0.118894;-0.006595226;0.2700433;0.00091387966;-0.15344538;0.16394183;-0.009626762;-0.18027262;0.0;0.0;-1.147484;0.0006393023;0.00013523384;0.0005530947;59.74901;146.15933;0.011340978;922438.4;938322.3;0.23221783;3.4594512e-07;4.2549868e-07;4.3198386e-07;0.0006196083;0.0006035351;2.3214894e-05;2.9948521e-06;7.572043e-06;2.5141733e-05;4.6907626e-06;2.4800547e-06;2.314241e-05;1.0;1.0;9780.747;25
904632992;904444624;0.8810104;0.102369115;0.05811092;0.45821866;-43.05782;91.48616;0.22286257;0.0;0.0;-1.1473777;-0.004250173;-0.0010493182;-0.0016691618;0.30820358;-0.119249016;-0.0064579546;0.26996428;0.0009076141;-0.15320969;0.16388191;-0.009664102;-0.18062888;0.0;0.0;-1.147484;0.00063322147;0.00013515905;0.0005525784;59.999176;146.53336;0.011303873;927711.3;945292.6;0.2301499;3.4575876e-07;4.2502606e-07;4.318015e-07;0.00061963656;0.00060339365;2.322379e-05;2.994444e-06;7.5580847e-06;2.5033933e-05;4.6895398e-06;2.476528e-06;2.3041852e-05;1.0;1.0;9793.394;25
905127966;904939383;0.8814051;0.11181605;0.055581506;0.45555794;-42.547;91.75093;0.26790223;0.0;0.0;-1.0900991;-0.0041507334;-0.0010117108;-0.0016238028;0.30819258;-0.11960918;-0.006297416;0.26985455;0.0009001531;-0.15285741;0.16380368;-0.009709425;-0.18112572;0.0;0.0;-1.147484;0.00062483037;0.00013455647;0.0005505393;60.235886;146.72269;0.0113166785;932996.06;952274.94;0.22810502;3.4500707e-07;4.2388493e-07;4.3078504e-07;0.0006196632;0.0006032939;2.3229572e-05;2.9931293e-06;7.5410594e-06;2.488705e-05;4.687976e-06;2.4722733e-06;2.2904831e-05;1.0;1.0;9806.04;25
905632624;905444036;0.880256;-0.030988634;-0.06141052;0.46948677;-42.15494;91.84752;0.2276263;0.0;0.0;-1.0521601;-0.0041240593;-0.0010000255;-0.001609062;0.30822307;-0.1197989;-0.006163173;0.26983818;0.00089542445;-0.15277787;0.16378434;-0.009734983;-0.18129732;0.0;0.0;-1.147484;0.0006320303;0.00013491842;0.00055202044;60.547005;148.10078;0.011417034;938526.56;959825.75;0.23132516;3.4590045e-07;4.2623878e-07;4.3091094e-07;0.00061970163;0.00060328876;2.3248642e-05;2.9936036e-06;7.5242206e-06;2.4842871e-05;4.68725e-06;2.4702963e-06;2.2860975e-05;1.0;1.0;9818.929;25
906137414;905948690;0.8636058;-0.09056799;0.075781636;0.49014238;-41.635193;92.0524;0.37470928;0.0;0.0;-1.0230973;-0.0040940135;-0.0009751238;-0.0016473942;0.30823934;-0.11987858;-0.0060319207;0.2697571;0.0008962574;-0.15262714;0.16389811;-0.009680681;-0.1815493;0.0;0.0;-1.147484;0.0006378731;0.00013532788;0.0005535643;60.839474;149.28554;0.011558176;944082.6;967415.75;0.2302864;3.4692113e-07;4.284405e-07;4.3148398e-07;0.0006197393;0.0006033015;2.3264814e-05;2.993384e-06;7.5105672e-06;2.4663039e-05;4.6797113e-06;2.4684075e-06;2.268307e-05;1.0;1.0;9831.798;25
906632448;906443448;0.8544995;-0.04868431;0.060851816;0.5135732;-41.273075;92.13045;0.41354176;0.0;0.0;-0.9552621;-0.004058999;-0.000948672;-0.0016705635;0.3082208;-0.119885296;-0.005901256;0.26970252;0.00089430605;-0.15263994;0.1639694;-0.009660471;-0.181657;0.0;0.0;-1.147484;0.0006370437;0.00013504564;0.00055293256;61.102448;150.00096;0.011545811;949513.8;974771.06;0.22854036;3.468585e-07;4.2873597e-07;4.3085726e-07;0.000619775;0.0006032861;2.3274173e-05;2.9925404e-06;7.493793e-06;2.4594707e-05;4.677448e-06;2.4661401e-06;2.2618668e-05;1.0;1.0;9844.396;25
907136458;906948101;0.8561001;-0.005365948;-0.014469158;0.5165797;-40.904896;92.038536;0.37940088;0.0;0.0;-0.865427;-0.0040522506;-0.00094857096;-0.0016710503;0.3081667;-0.11979426;-0.005809368;0.26970664;0.0008895225;-0.15271732;0.16396369;-0.009682879;-0.18167923;0.0;0.0;-1.147484;0.00063948927;0.00013512623;0.0005528354;61.392223;150.96672;0.011727382;955107.4;982427.9;0.23202081;3.4727086e-07;4.2971385e-07;4.3054212e-07;0.00061981176;0.0006032646;2.328814e-05;2.9923183e-06;7.4772033e-06;2.4585039e-05;4.676828e-06;2.4637136e-06;2.2608572e-05;1.0;1.0;9857.215;25
907631224;907442859;0.84167343;0.09825865;-0.11637814;0.5180611;-40.599613;92.02467;0.42608374;0.0;0.0;-0.80235404;-0.0040814998;-0.00097352924;-0.0016699574;0.30808905;-0.119612075;-0.005727803;0.26972857;0.00088492164;-0.15264213;0.16393994;-0.009709727;-0.18182543;0.0;0.0;-1.147484;0.0006462928;0.00013548067;0.0005538842;61.68457;152.18529;0.01175699;960650.8;990108.25;0.23052113;3.4822398e-07;4.3171767e-07;4.3110785e-07;0.0006198438;0.0006032297;2.3302122e-05;2.9929101e-06;7.463675e-06;2.4553116e-05;4.6756595e-06;2.4619437e-06;2.2571232e-05;1.0;1.0;9869.752;25
908136035;907947512;0.8372187;0.10736344;-0.1691459;0.5088493;-40.416187;91.968994;0.38819653;0.0;0.0;-0.7839811;-0.0041175433;-0.0009980645;-0.0016722238;0.30796525;-0.11935029;-0.0056442837;0.26976705;0.00087800913;-0.15260378;0.16388352;-0.009757435;-0.1819597;0.0;0.0;-1.147484;0.00065213605;0.00013519083;0.0005527553;61.98037;153.38956;0.01172352;966330.94;998000.75;0.2297584;3.4870823e-07;4.3323166e-07;4.311346e-07;0.0006198705;0.00060316216;2.3315079e-05;2.9917348e-06;7.4472528e-06;2.438889e-05;4.6663695e-06;2.4580186e-06;2.2399583e-05;1.0;1.0;9882.498;25
908630683;908442270;0.8560957;0.017352633;-0.04194626;0.5148201;-40.27698;91.79076;0.09746362;0.0;0.0;-0.8128411;-0.0041500283;-0.0010092835;-0.0016810866;0.30789626;-0.11914207;-0.0055363066;0.26981556;0.000871571;-0.15255547;0.16383256;-0.00980488;-0.18208472;0.0;0.0;-1.147484;0.0006628868;0.00013518508;0.00055274554;62.307323;149.18051;0.01175977;971971.5;914522.5;0.23260452;3.4972953e-07;4.3605226e-07;4.316538e-07;0.00061964395;0.00060272554;2.3333381e-05;2.9897787e-06;7.42802e-06;2.4187248e-05;4.653848e-06;2.4539502e-06;2.2189968e-05;1.0;1.0;9894.944;25
909135416;908946924;0.8562542;-0.04657535;0.07705328;0.50864756;-39.890438;91.93161;0.26436365;0.0;0.0;-0.83061635;-0.0041227085;-0.0009945881;-0.0017028201;0.30781993;-0.11884325;-0.0053928755;0.26976386;0.0008690057;-0.15259662;0.16388035;-0.0097944215;-0.18217105;0.0;0.0;-1.147484;0.0006618738;0.00013526173;0.0005532642;62.569756;149.8691;0.011772992;977676.3;921737.6;0.23189174;3.4994983e-07;4.3635433e-07;4.3182837e-07;0.0006196791;0.0006025944;2.3343759e-05;2.9895723e-06;7.414842e-06;2.414518e-05;4.652741e-06;2.4519254e-06;2.2150838e-05;1.0;1.0;9907.602;25
909630065;909441682;0.8418514;-0.11590982;-0.10478688;0.51659554;-39.3099;92.20949;0.42444122;0.0;0.0;-0.7956599;-0.0041054026;-0.0009628083;-0.0017243666;0.30776444;-0.11850628;-0.0052685565;0.26968396;0.0008673324;-0.15249659;0.1639638;-0.009765983;-0.18240346;0.0;0.0;-1.147484;0.0006604779;0.00013476366;0.00055254245;62.819237;150.49786;0.012009773;983295.56;928868.94;0.2304638;3.496893e-07;4.3636862e-07;4.3122645e-07;0.0006197162;0.0006024359;2.3354305e-05;2.9882945e-06;7.398611e-06;2.4040039e-05;4.649464e-06;2.449598e-06;2.204953e-05;1.0;1.0;9920.013;25
910134683;909946335;0.8364407;0.16814739;0.04866277;0.51935095;-39.291885;92.17542;0.37427887;0.0;0.0;-0.7796452;-0.004114661;-0.0009809852;-0.0017169432;0.3077444;-0.118209235;-0.0051623425;0.26965612;0.00086179655;-0.1521738;0.1639318;-0.009804004;-0.18281426;0.0;0.0;-1.147484;0.00066764513;0.00013486238;0.00055290986;63.125557;151.8852;0.011858614;989119.44;936398.4;0.23393582;3.5034512e-07;4.3822587e-07;4.3138803e-07;0.0006197577;0.00060229446;2.3372624e-05;2.9880882e-06;7.382563e-06;2.3933519e-05;4.648615e-06;2.4468304e-06;2.1938493e-05;1.0;1.0;9932.7;25
910629444;910441093;0.8538211;-0.06064274;-0.04965028;0.51463294;-38.671646;92.18916;0.32810545;0.0;0.0;-0.75450265;-0.0040844204;-0.00096346;-0.0017056378;0.30773863;-0.117931135;-0.005000966;0.26961875;0.00085683464;-0.15207218;0.1639019;-0.009834563;-0.18301828;0.0;0.0;-1.147484;0.00067691685;0.00013516785;0.0005559276;63.42899;153.43417;0.0120822;994879.1;943928.8;0.23267195;3.5148813e-07;4.409366e-07;4.323119e-07;0.00061979995;0.0006021261;2.3390621e-05;2.987981e-06;7.3694837e-06;2.3871195e-05;4.647795e-06;2.4434548e-06;2.1877668e-05;1.0;1.0;9945.071;25
911134229;910945747;0.8478185;-0.1006471;0.156213;0.49666032;-38.289776;92.55507;0.34791714;0.0;0.0;-0.7743059;-0.0040745516;-0.000943198;-0.0017372919;0.30774346;-0.117593065;-0.0048819105;0.26954204;0.00085561327;-0.15174781;0.16398925;-0.009799422;-0.18345502;0.0;0.0;-1.147484;0.0006870637;0.00013480899;0.00055784686;60.53569;155.0541;0.012107181;909812.2;951693.75;0.2318794;3.5228743e-07;4.436226e-07;4.3266306e-07;0.00061978615;0.0006013031;2.327966e-05;2.974257e-06;7.3527217e-06;2.3703082e-05;4.643065e-06;2.4408175e-06;2.173129e-05;1.0;1.0;9957.696;25
911629053;911440505;0.8637912;0.050359208;-0.041876294;0.49957508;-38.117844;92.28382;0.3779416;0.0;0.0;-0.7221743;-0.004064875;-0.0009549458;-0.0017300183;0.30770853;-0.117346495;-0.004829151;0.26953447;0.00085103227;-0.15180777;0.16398644;-0.009816377;-0.18350667;0.0;0.0;-1.147484;0.0006908412;0.00013461207;0.00055806455;60.807354;156.18124;0.012047279;915085.2;959252.3;0.2348141;3.5251514e-07;4.4459279e-07;4.324682e-07;0.0006198263;0.00060121046;2.3305965e-05;2.9738528e-06;7.336812e-06;2.3669376e-05;4.641402e-06;2.4384824e-06;2.1697688e-05;1.0;1.0;9970.0625;25
912133987;911945158;0.8558343;0.112644166;-0.07950012;0.4985366;-38.011333;92.443436;0.2952741;0.0;0.0;-0.71009535;-0.004087405;-0.0009631504;-0.0017094787;0.30766603;-0.1169408;-0.0047355113;0.2695528;0.000844871;-0.15180472;0.16393864;-0.0098542655;-0.18361776;0.0;0.0;-1.147484;0.00069062586;0.00013402256;0.00055644586;61.07459;157.01974;0.011894861;920467.1;966936.44;0.23398584;3.522572e-07;4.4452304e-07;4.3209357e-07;0.0006198641;0.00060100504;2.3318778e-05;2.9731789e-06;7.321082e-06;2.3596984e-05;4.636891e-06;2.435449e-06;2.1623104e-05;1.0;1.0;9982.65;25
912628643;912439916;0.8697098;0.027097782;-0.101994164;0.48214915;-37.41746;92.51261;0.36154917;0.0;0.0;-0.70007646;-0.004054654;-0.00095765345;-0.0016773664;0.3076177;-0.11650567;-0.0045954683;0.26952088;0.0008379117;-0.15176852;0.16385946;-0.009904701;-0.18378396;0.0;0.0;-1.147484;0.00069204025;0.0001338383;0.0005571337;61.333313;157.92126;0.01220439;925786.8;974604.6;0.23254466;3.525522e-07;4.4525197e-07;4.3247113e-07;0.0006199024;0.000600794;2.333341e-05;2.972875e-06;7.3082824e-06;2.3510307e-05;4.6339733e-06;2.431485e-06;2.153929e-05;1.0;1.0;9994.98;25
913132927;912944569;0.8586782;-0.10707429;-0.15160187;0.47772774;-37.422943;92.444466;0.26985678;0.0;0.0;-0.7675765;-0.00413909;-0.0010018661;-0.001687487;0.30765313;-0.11612722;-0.0045423033;0.26954377;0.00083381473;-0.151474;0.1638671;-0.009922448;-0.18414329;0.0;0.0;-1.147484;0.0007024383;0.00013360793;0.0005570239;61.632294;159.5408;0.012070535;931289.25;982685.1;0.23180206;3.5314517e-07;4.4760765e-07;4.3289492e-07;0.0006199433;0.00060056895;2.3354025e-05;2.9724554e-06;7.2927146e-06;2.3380062e-05;4.628103e-06;2.4299343e-06;2.1399841e-05;1.0;1.0;9098.425;25
913628123;913439329;0.8465672;-0.09122198;-0.12168507;0.51009357;-37.57858;92.45559;0.20947827;0.0;0.0;-0.8606159;-0.0042474037;-0.0010687441;-0.001694326;0.30772683;-0.1158781;-0.0045465147;0.2695362;0.00083008327;-0.15094927;0.16387518;-0.009949919;-0.18468803;0.0;0.0;-1.147484;0.00071222964;0.0001335983;0.00055620907;61.929672;161.10034;0.011952876;936717.4;990678.3;0.23458245;3.5365738e-07;4.4969332e-07;4.3319065e-07;0.0006199751;0.00060036767;2.337647e-05;2.9724197e-06;7.277143e-06;2.3230972e-05;4.6265554e-06;2.4293536e-06;2.1238064e-05;1.0;1.0;9110.711;25
914132376;913943981;0.8091449;-0.21377493;0.13247637;0.5310695;-37.02395;92.33879;0.18011968;0.0;0.0;-0.946263;-0.0042412556;-0.001052067;-0.0017256152;0.30779076;-0.1157119;-0.0044730245;0.26951548;0.00082708074;-0.15086022;0.1639014;-0.009941791;-0.18487762;0.0;0.0;-1.147484;0.0007227201;0.00013376206;0.00055868295;62.223385;162.7562;0.012171503;942291.44;998951.6;0.23371007;3.546873e-07;4.5238085e-07;4.3433113e-07;0.00062000536;0.0006003036;2.3411107e-05;2.9720275e-06;7.2646535e-06;2.312719e-05;4.620604e-06;2.4261058e-06;2.1133486e-05;1.0;1.0;9123.174;25
914637013;914448634;0.84904027;0.041819245;0.02344999;0.5261482;-36.50754;91.90561;0.021355048;0.0;0.0;-0.94920063;-0.004187337;-0.0010350083;-0.0017150391;0.30787838;-0.11551959;-0.004359831;0.26949313;0.0008210977;-0.1507529;0.1638496;-0.009988624;-0.18508846;0.0;0.0;-1.147484;0.0007294959;0.00013342295;0.00056008284;62.50574;157.9955;0.0123377135;947880.94;915707.4;0.23274672;3.551164e-07;4.5428078e-07;4.3473747e-07;0.0006200175;0.0006002368;2.3444558e-05;2.9701562e-06;7.246581e-06;2.2997441e-05;4.6142045e-06;2.4209587e-06;2.1005668e-05;1.0;1.0;9135.627;25
915131709;914943392;0.852891;-0.19730718;-0.15175691;0.45893002;-36.309032;92.26062;0.21852174;0.0;0.0;-0.96412855;-0.004191665;-0.0010262815;-0.0017306424;0.307951;-0.11536793;-0.0042986725;0.26943886;0.0008195558;-0.15050621;0.16391212;-0.009971342;-0.18540834;0.0;0.0;-1.147484;0.0007409448;0.00013340464;0.0005622859;62.785763;159.74442;0.011989731;953425.9;923289.25;0.23568022;3.5587703e-07;4.5703112e-07;4.351673e-07;0.0006200355;0.00060022064;2.3481922e-05;2.96975e-06;7.2312573e-06;2.2858054e-05;4.610246e-06;2.4193253e-06;2.0864825e-05;1.0;1.0;9147.771;25
915636616;915448045;0.81402683;-0.23971261;-0.033299122;0.5280052;-35.975273;92.4149;0.30953658;0.0;0.0;-1.0089324;-0.004209412;-0.001043932;-0.0017440649;0.30812132;-0.11514322;-0.0042177346;0.2694392;0.00081738265;-0.15045257;0.16394345;-0.009965939;-0.1855279;0.0;0.0;-1.147484;0.00075277436;0.00013358015;0.0005640981;63.077564;161.46262;0.0120148435;959110.75;931096.1;0.23461953;3.569096e-07;4.597595e-07;4.362685e-07;0.0006200066;0.0006001308;2.3510976e-05;2.9707187e-06;7.218982e-06;2.2733924e-05;4.605658e-06;2.4175813e-06;2.0736637e-05;1.0;1.0;9160.163;25
916131215;915942803;0.82577264;0.110487826;0.11650816;0.54066443;-35.80351;92.1855;0.3405511;0.0;0.0;-1.0149988;-0.004231301;-0.0010600656;-0.0017481019;0.30815503;-0.115091726;-0.0041875015;0.26943928;0.0008124165;-0.1501768;0.16391693;-0.010008063;-0.18586187;0.0;0.0;-1.147484;0.00076294394;0.0001335319;0.0005649282;63.358406;163.12901;0.012001903;964718.25;938811.2;0.23699605;3.5749392e-07;4.6187625e-07;4.3674396e-07;0.00062003295;0.0006001483;2.3550538e-05;2.969736e-06;7.203806e-06;2.2626167e-05;4.6015957e-06;2.4145859e-06;2.062365e-05;1.0;1.0;9172.258;25
916635962;916447458;0.8690963;0.007138142;0.002984924;0.4945826;-35.22965;91.885284;0.25843322;0.0;0.0;-0.9959255;-0.0041474546;-0.0010444309;-0.0017341378;0.30833617;-0.11474662;-0.004010015;0.26935855;0.0008068037;-0.14999065;0.16388156;-0.010042873;-0.18617962;0.0;0.0;-1.147484;0.0007676357;0.00013320261;0.000566839;63.63611;164.5691;0.012037404;970448.1;946683.9;0.23601864;3.576564e-07;4.6308776e-07;4.3698813e-07;0.0006200031;0.0006001162;2.3573568e-05;2.9685864e-06;7.1888e-06;2.2527178e-05;4.6004448e-06;2.410275e-06;2.0529444e-05;1.0;1.0;9184.5205;25
917130819;916942214;0.8619868;0.16285214;0.00414456;0.48004243;-34.922306;91.84355;0.21521917;0.0;0.0;-0.97412235;-0.00410804;-0.0010419381;-0.0016964268;0.30845755;-0.11446747;-0.0039165244;0.26933116;0.00080039044;-0.14992748;0.1638003;-0.010091665;-0.18636604;0.0;0.0;-1.147484;0.0007647434;0.00013290101;0.00056660746;63.885746;165.332;0.012013153;976061.94;954300.44;0.23412776;3.574117e-07;4.6252484e-07;4.3712006e-07;0.00061997306;0.000600097;2.3592387e-05;2.9683792e-06;7.1766103e-06;2.2446811e-05;4.597336e-06;2.406631e-06;2.0451893e-05;1.0;1.0;9196.4795;25
917635692;917446868;0.8557093;0.032622457;-0.2406118;0.45695016;-34.745796;91.8045;0.12504259;0.0;0.0;-0.98226404;-0.0041235737;-0.001062746;-0.0016748463;0.30857113;-0.114292555;-0.0038810193;0.26931694;0.000795519;-0.14974141;0.16376936;-0.010117616;-0.18665108;0.0;0.0;-1.147484;0.00076064485;0.0001322219;0.0005640384;64.14054;165.98647;0.01194151;981814.25;962100.3;0.23312894;3.5667608e-07;4.6141875e-07;4.3661072e-07;0.0006199396;0.0006000791;2.3610557e-05;2.9676148e-06;7.161742e-06;2.2326207e-05;4.591521e-06;2.4034234e-06;2.0331181e-05;1.0;1.0;9208.641;25
918130452;917941626;0.87163657;0.016078033;-0.0631377;0.48580346;-34.677376;91.80174;0.035287257;0.0;0.0;-1.0575582;-0.004175722;-0.0010835102;-0.0016789751;0.3087047;-0.11427102;-0.0038593805;0.2693511;0.00079165306;-0.1495734;0.1637681;-0.01013727;-0.18687661;0.0;0.0;-1.147484;0.00076978025;0.00013217816;0.0005640394;64.43231;167.6017;0.011948797;987559.7;970108.9;0.23570351;3.5707316e-07;4.632352e-07;4.369791e-07;0.0006199041;0.00060006767;2.3636856e-05;2.967628e-06;7.146864e-06;2.2253897e-05;4.5875977e-06;2.4021983e-06;2.0252726e-05;1.0;1.0;9220.555;25
918634847;918446279;0.8727966;-0.004905326;-0.018476885;0.48770958;-34.31815;91.83112;0.10776711;0.0;0.0;-1.1018121;-0.004161186;-0.001081236;-0.0016768748;0.30888256;-0.11401804;-0.0037953397;0.2693339;0.0007877151;-0.14966045;0.16377215;-0.010148787;-0.18690005;0.0;0.0;-1.147484;0.0007685333;0.0001318044;0.00056365563;64.683876;168.42561;0.011960118;993399.4;978140.06;0.23460291;3.5660617e-07;4.6283955e-07;4.3664414e-07;0.00061981956;0.0006000516;2.3657725e-05;2.967547e-06;7.1321715e-06;2.2244121e-05;4.587515e-06;2.400775e-06;2.0244192e-05;1.0;1.0;9232.672;25
919129622;918941037;0.89295024;0.0031307493;-0.027242387;0.4493196;-34.097996;91.87321;0.13028963;0.0;0.0;-1.13181;-0.0041635185;-0.0010823102;-0.0016748842;0.30903652;-0.11379423;-0.003772289;0.26931697;0.0007842874;-0.14974554;0.1637779;-0.010155238;-0.1869136;0.0;0.0;-1.147484;0.0007596335;0.00013153785;0.0005618827;64.91458;168.65933;0.0118778525;999118.8;985908.5;0.2327387;3.5583267e-07;4.6082616e-07;4.3623677e-07;0.0006196959;0.000600034;2.3674302e-05;2.9678808e-06;7.1202544e-06;2.2237286e-05;4.587278e-06;2.3998143e-06;2.023874e-05;1.0;1.0;9244.537;25
919634234;919445690;0.9383795;0.00019774346;-0.013963392;0.3453245;-33.836796;91.94042;0.15128931;0.0;0.0;-1.1520011;-0.004158431;-0.0010889854;-0.0016514051;0.30919993;-0.11357989;-0.0037466672;0.2693065;0.0007811766;-0.14982888;0.16377696;-0.010153198;-0.18691842;0.0;0.0;-1.147484;0.0007498763;0.00013082933;0.0005590474;61.90325;168.86086;0.011931699;913638.75;993889.25;0.23604122;3.548769e-07;4.5854767e-07;4.3525935e-07;0.0006194962;0.00059945433;2.353762e-05;2.9551318e-06;7.1049435e-06;2.2208333e-05;4.5844067e-06;2.3986486e-06;2.0233569e-05;1.0;1.0;9256.64;25
920129272;919940448;0.9922914;-0.011589463;-0.005633123;0.12325531;-33.749218;91.94026;0.13944365;0.0;0.0;-1.1965309;-0.0041906447;-0.0011421398;-0.0015788154;0.30932906;-0.11345903;-0.0037870547;0.269353;0.00078074785;-0.14990418;0.16376802;-0.01009473;-0.18689065;0.0;0.0;-1.147484;0.00073579565;0.00012968216;0.0005544898;62.124195;162.25082;0.0118072;918890.44;910689.1;0.23402889;3.5370462e-07;4.5583485e-07;4.3407096e-07;0.00061898597;0.00059901737;2.3551363e-05;2.9536502e-06;7.0876918e-06;2.2202608e-05;4.5636425e-06;2.3956766e-06;2.0229736e-05;1.0;1.0;9268.505;25
920633601;920445101;0.9868103;-0.008090602;-0.023304142;-0.15999047;-33.883465;91.82959;0.14258704;0.0;0.0;-1.2653741;-0.0043012453;-0.0012573414;-0.0014953604;0.30931392;-0.11353546;-0.0039618975;0.26948363;0.00078549597;-0.14990886;0.16377977;-0.009906799;-0.18684123;0.0;0.0;-1.147484;0.0007202539;0.00012794102;0.00054939085;62.367603;162.45967;0.01167733;924284.94;918123.06;0.23274349;3.5339036e-07;4.5395734e-07;4.3372927e-07;0.0006188017;0.0005990071;2.356697e-05;2.949321e-06;7.0760443e-06;2.2198867e-05;4.509597e-06;2.3845264e-06;2.0227057e-05;1.0;1.0;9280.588;25
921138186;920949754;0.95040697;-0.07348724;0.089303054;-0.28870606;-34.182938;92.0048;-0.005748124;0.0;0.0;-1.3645697;-0.004456465;-0.0014392216;-0.0013639908;0.309198;-0.11379635;-0.0041790525;0.26987892;0.0007918008;-0.15059131;0.16369215;-0.009613341;-0.18601376;0.0;0.0;-1.147484;0.0007162903;0.00012536967;0.00054334593;62.676796;164.07787;0.011570843;929787.0;925980.6;0.23577423;3.5478206e-07;4.559298e-07;4.340222e-07;0.00061867246;0.00059901044;2.3595729e-05;2.9353926e-06;7.0616807e-06;2.2132268e-05;4.4056746e-06;2.3595708e-06;2.0155905e-05;1.0;1.0;9292.71;25
921632911;921444512;0.83580416;0.30419;-0.006535573;-0.45700887;-33.76055;91.4788;0.23768924;0.0;0.0;-1.429747;-0.0045852335;-0.001607132;-0.0012913148;0.30921197;-0.113790855;-0.004175614;0.2703561;0.0007996684;-0.1511551;0.1635846;-0.009177157;-0.18532729;0.0;0.0;-1.147484;0.00071180926;0.00012244283;0.00053909415;62.942097;165.67654;0.01184595;935218.06;933832.2;0.2336327;3.5667412e-07;4.585756e-07;4.348062e-07;0.0006186924;0.0005990504;2.3638331e-05;2.9198281e-06;7.0473443e-06;2.1789725e-05;4.2826646e-06;2.333679e-06;1.9823692e-05;1.0;1.0;9304.549;25
922127732;921939270;0.71787536;-0.022402277;0.16165145;-0.67677325;-34.240997;91.45871;0.0894001;0.0;0.0;-1.5294491;-0.004776471;-0.0017885474;-0.0013391596;0.30917862;-0.11384312;-0.0042287833;0.27046382;0.0008174198;-0.15117328;0.16388242;-0.008759491;-0.18507892;0.0;0.0;-1.147484;0.0007054682;0.000118284705;0.00053480256;63.248837;167.60323;0.011899604;940690.7;941800.44;0.23132434;3.5931313e-07;4.6172602e-07;4.3633415e-07;0.0006186715;0.00059907924;2.3675604e-05;2.9005819e-06;7.035777e-06;2.1704027e-05;4.151376e-06;2.2920697e-06;1.9735362e-05;1.0;1.0;9316.3545;25
922632244;922443923;0.7132454;-0.000688764;0.048967563;-0.6992015;-34.75354;90.99426;0.03481005;0.0;0.0;-1.6469646;-0.004999092;-0.0020414598;-0.001371753;0.30864266;-0.11438789;-0.0047126887;0.27076885;0.00082901685;-0.15121037;0.16391219;-0.008310262;-0.18473522;0.0;0.0;-1.147484;0.00068987557;0.000113719696;0.00052689604;63.535484;168.94757;0.012169607;946267.0;949841.44;0.23454627;3.617821e-07;4.633746e-07;4.370638e-07;0.0006186041;0.00059908174;2.36986e-05;2.8742832e-06;7.0216824e-06;2.1676999e-05;4.0063655e-06;2.2454133e-06;1.9706622e-05;1.0;1.0;9328.334;25
923137116;922948576;0.76260406;0.0090523595;0.017088152;-0.6465765;-35.245213;90.38954;0.037621915;0.0;0.0;-1.7538142;-0.0051848707;-0.002286853;-0.0014124884;0.30803967;-0.11489943;-0.005221896;0.2710074;0.0008401361;-0.15109332;0.16397336;-0.007895386;-0.18455426;0.0;0.0;-1.147484;0.0006689443;0.00010944483;0.0005184505;63.792156;169.6493;0.012254086;951841.8;957780.5;0.23347282;3.639952e-07;4.6368706e-07;4.3739743e-07;0.0006185576;0.0005990763;2.3715364e-05;2.8504253e-06;7.007723e-06;2.1673082e-05;3.8835205e-06;2.2038903e-06;1.970225e-05;1.0;1.0;9340.254;25
923632048;923443334;0.8260431;0.012682253;-0.0030431142;-0.56345606;-35.612263;89.87787;0.013874547;0.0;0.0;-1.8279775;-0.005302793;-0.0024891554;-0.00142219;0.3075344;-0.11532428;-0.005636285;0.27120468;0.0008468643;-0.15095696;0.1639819;-0.007592415;-0.18444361;0.0;0.0;-1.147484;0.00065154035;0.000106425716;0.0005132016;64.05637;170.43942;0.012314381;957363.75;965672.4;0.23180354;3.6666938e-07;4.643826e-07;4.3823277e-07;0.000618545;0.00059907057;2.373211e-05;2.8337643e-06;6.9964804e-06;2.1673166e-05;3.7984457e-06;2.1737073e-06;1.9701527e-05;1.0;1.0;9351.846;25
924136302;923947987;0.87934256;0.11623762;-0.065742254;-0.45708144;-36.052494;89.16634;0.007381114;0.0;0.0;-1.8919126;-0.005392546;-0.00271505;-0.0014285597;0.30699193;-0.11576093;-0.006097657;0.27138558;0.0008552062;-0.1507208;0.16405128;-0.0072559207;-0.18441983;0.0;0.0;-1.147484;0.0006345785;0.0001042556;0.0005068786;64.331276;171.01703;0.012571951;963023.94;973716.9;0.23539986;3.695165e-07;4.645696e-07;4.383618e-07;0.000618553;0.00059906486;2.3748134e-05;2.8184909e-06;6.9827693e-06;2.1667587e-05;3.7204622e-06;2.1443338e-06;1.9695328e-05;1.0;1.0;9363.583;25
924631239;924442745;0.8992783;0.19649567;-0.008278037;-0.39066553;-36.527477;88.80378;-0.037466843;0.0;0.0;-1.9328765;-0.005455786;-0.0028679038;-0.001503443;0.3066505;-0.11609373;-0.0064362697;0.2713732;0.0008692827;-0.15034544;0.1643371;-0.006939885;-0.18456769;0.0;0.0;-1.147484;0.00062296167;0.00010264403;0.0005028975;64.61099;171.72932;0.012260251;968625.1;981711.56;0.23361735;3.7257684e-07;4.647859e-07;4.3851514e-07;0.0006185713;0.00059904763;2.3760967e-05;2.8107418e-06;6.969067e-06;2.1512611e-05;3.6596264e-06;2.1184242e-06;1.9544981e-05;1.0;1.0;9375.009;25
925136085;924947398;0.94619685;-0.051684354;-0.0237604;-0.31855264;-36.63042;88.45786;0.11112678;0.0;0.0;-1.9592775;-0.0054929974;-0.003007243;-0.0014745363;0.3063747;-0.116370305;-0.0067261513;0.2716121;0.00087586406;-0.15041259;0.16441327;-0.006638299;-0.18434186;0.0;0.0;-1.147484;0.00061736366;0.000101974125;0.00050172664;64.909904;173.07912;0.012139131;974442.9;990215.6;0.2325558;3.76594e-07;4.6628693e-07;4.390388e-07;0.00061860407;0.00059900177;2.3778788e-05;2.8024233e-06;6.9555695e-06;2.1396241e-05;3.6107308e-06;2.099936e-06;1.943327e-05;1.0;1.0;9386.609;25
925630731;925442156;0.9834882;0.020469539;0.0021712724;-0.17979784;-36.85587;88.47543;0.049419805;0.0;0.0;-1.9732869;-0.00551014;-0.00312089;-0.0013943278;0.3061637;-0.11665858;-0.006975177;0.27175355;0.00087810814;-0.15039237;0.16445152;-0.0064588366;-0.1842157;0.0;0.0;-1.147484;0.00061589875;0.00010246532;0.00050141563;65.24077;174.64467;0.012099278;980216.75;998686.1;0.2353013;3.8081535e-07;4.6797845e-07;4.3973918e-07;0.0006186353;0.00059892656;2.379771e-05;2.7982803e-06;6.9447083e-06;2.1384662e-05;3.5807188e-06;2.0870805e-06;1.9419214e-05;1.0;1.0;9397.992;25
926135123;925946809;0.99775136;0.04344358;0.014372088;0.048974525;-37.10034;88.62433;-0.002056047;0.0;0.0;-1.9673373;-0.0055075283;-0.0031996355;-0.0012771736;0.306053;-0.11689351;-0.0071637724;0.2718566;0.0008793902;-0.15039326;0.16451584;-0.0063115936;-0.18410449;0.0;0.0;-1.147484;0.0006136788;0.00010330025;0.00049955404;65.565155;168.9122;0.011874096;986126.4;915741.3;0.23405002;3.8485274e-07;4.6847404e-07;4.3911334e-07;0.0006182787;0.00059835374;2.3809613e-05;2.7962765e-06;6.9288562e-06;2.1378175e-05;3.5587466e-06;2.0781538e-06;1.9410314e-05;1.0;1.0;9409.611;25
926630169;926441567;0.94279206;0.13798378;0.044008154;0.30027786;-37.106987;88.9001;-0.055070434;0.0;0.0;-1.8951051;-0.005481638;-0.0031588573;-0.0011629781;0.30614433;-0.11690732;-0.007188767;0.27187392;0.0008787101;-0.15027405;0.16456483;-0.006246638;-0.18424533;0.0;0.0;-1.147484;0.0006176139;0.000104303144;0.00049978244;65.900116;170.34944;0.011328039;992002.44;923571.9;0.23173201;3.8904054e-07;4.6899976e-07;4.3796186e-07;0.00061828067;0.0005981689;2.3819168e-05;2.797353e-06;6.9155835e-06;2.1352755e-05;3.547735e-06;2.074397e-06;1.9385774e-05;1.0;1.0;9421.06;25
927134645;926946219;0.8844375;0.06386005;-0.19282238;0.42013305;-36.812717;89.103325;-0.057319865;0.0;0.0;-1.8294988;-0.005467752;-0.0031021095;-0.0011170205;0.3062314;-0.11682533;-0.007144975;0.27184555;0.0008772934;-0.15007639;0.16458866;-0.006234747;-0.18449447;0.0;0.0;-1.147484;0.00062564376;0.00010552337;0.00050195475;66.25755;172.06898;0.01101921;998072.75;931747.94;0.23435229;3.9366753e-07;4.7049159e-07;4.3758808e-07;0.0006182796;0.0005979628;2.3832215e-05;2.798277e-06;6.9050557e-06;2.1288586e-05;3.5394537e-06;2.0723808e-06;1.9320614e-05;1.0;1.0;9432.779;25
927629300;927440977;0.8396197;-0.017135799;-0.18861856;0.5090856;-36.623585;89.082565;-0.007984383;0.0;0.0;-1.8152602;-0.005460241;-0.0030665747;-0.0011333128;0.3062854;-0.1167915;-0.00711486;0.2718974;0.0008727529;-0.15008049;0.16452563;-0.0062656268;-0.18455608;0.0;0.0;-1.147484;0.00062887993;0.00010557299;0.0005004307;63.234406;173.1009;0.010656102;912750.7;939626.94;0.2311205;3.9749165e-07;4.7045265e-07;4.3591106e-07;0.0006181802;0.0005971962;2.365894e-05;2.7847734e-06;6.8912395e-06;2.12286e-05;3.5283447e-06;2.0694872e-06;1.9280702e-05;1.0;1.0;9444.258;25
928133952;927945630;0.8024636;0.059197407;-0.1446193;0.575876;-36.42386;88.87613;-0.1090286;0.0;0.0;-1.8178447;-0.005449575;-0.0030131482;-0.001162744;0.3063215;-0.11663995;-0.0070672687;0.2719598;0.0008672959;-0.1501699;0.16442923;-0.006299618;-0.18456545;0.0;0.0;-1.147484;0.0006297283;0.00010572469;0.0004985878;63.56754;174.00961;0.01012893;918297.8;947676.25;0.22833131;4.010983e-07;4.703012e-07;4.343009e-07;0.00061817025;0.0005968466;2.365301e-05;2.7820292e-06;6.8782656e-06;2.1201287e-05;3.514881e-06;2.0657408e-06;1.9251087e-05;1.0;1.0;9455.927;25
928639161;928450285;0.7757086;0.05508383;0.058284007;0.6259752;-35.87795;88.72598;-0.06575193;0.0;0.0;-1.8262053;-0.0054098302;-0.0028976684;-0.0012088947;0.30641755;-0.11628526;-0.0069419243;0.27190983;0.000867077;-0.14995646;0.16443114;-0.006267137;-0.18491526;0.0;0.0;-1.147484;0.0006278844;0.00010609182;0.0004986033;63.889652;174.71231;0.009940096;923872.06;955760.6;0.22534639;4.045341e-07;4.7050258e-07;4.333427e-07;0.0006181803;0.0005965146;2.364661e-05;2.7790666e-06;6.8679096e-06;2.1121667e-05;3.5021867e-06;2.060664e-06;1.91737e-05;1.0;1.0;9467.535;25
929133382;928945041;0.6939649;-0.012800392;-0.03411969;0.71908605;-35.53551;88.70123;-0.049268316;0.0;0.0;-1.8149445;-0.0053895027;-0.002819382;-0.0012561686;0.30650234;-0.11606578;-0.0068457546;0.27195576;0.0008643414;-0.14991502;0.16438021;-0.0062583396;-0.18506001;0.0;0.0;-1.147484;0.0006248138;0.00010599136;0.0004966028;64.20134;175.30069;0.009788748;929357.1;963702.94;0.22590612;4.0753235e-07;4.7044597e-07;4.3133247e-07;0.0006181962;0.00059612753;2.3632592e-05;2.7743401e-06;6.8549502e-06;2.1092736e-05;3.4834216e-06;2.053725e-06;1.9144401e-05;1.0;1.0;9478.845;25
929628926;929439799;0.68520385;-0.0019760227;-0.03211637;0.7276403;-35.229744;88.75493;-0.05858138;0.0;0.0;-1.806469;-0.0053854017;-0.0027629007;-0.0013150895;0.3065324;-0.115959644;-0.006810982;0.27205738;0.00085894106;-0.1499213;0.16425231;-0.0062693325;-0.18514371;0.0;0.0;-1.147484;0.0006187367;0.00010565239;0.0004933507;64.505264;175.58324;0.009612785;934850.75;971608.9;0.22223248;4.1009966e-07;4.7011898e-07;4.2931222e-07;0.00061821606;0.00059564575;2.3605182e-05;2.7681851e-06;6.842065e-06;2.1086176e-05;3.461395e-06;2.045507e-06;1.9136434e-05;1.0;1.0;9490.124;25
930133033;929944452;0.68890554;0.0004543077;-0.021357683;0.7245363;-34.918163;88.800705;-0.048667002;0.0;0.0;-1.8035878;-0.0053797313;-0.0027132812;-0.0013662066;0.30655122;-0.11586269;-0.0067874254;0.27214342;0.0008541659;-0.14994133;0.16414095;-0.006281174;-0.18520394;0.0;0.0;-1.147484;0.00061398005;0.00010593336;0.0004916875;64.82144;176.02121;0.009622064;940493.94;979802.1;0.22344334;4.1284e-07;4.7064336e-07;4.2839065e-07;0.0006182433;0.0005952014;2.3581119e-05;2.7637657e-06;6.831878e-06;2.1081529e-05;3.4431955e-06;2.0385903e-06;1.913013e-05;1.0;1.0;9501.629;25
930637583;930449105;0.7271488;-0.008579106;-0.020861283;0.68610924;-34.614475;88.867546;-0.063370764;0.0;0.0;-1.8015621;-0.005370406;-0.0026599003;-0.0014160495;0.3065712;-0.11575017;-0.0067571555;0.27223665;0.0008486752;-0.1499676;0.16402422;-0.0063019004;-0.18526688;0.0;0.0;-1.147484;0.00060756586;0.00010621912;0.0004883918;65.12753;176.21788;0.009587024;946142.9;987973.4;0.2207386;4.1503355e-07;4.706691e-07;4.2655648e-07;0.0006182691;0.00059467874;2.3542068e-05;2.7587437e-06;6.819237e-06;2.1078173e-05;3.4241586e-06;2.0315013e-06;1.9125262e-05;1.0;1.0;9513.125;25
931132419;930943863;0.7873261;0.0015840299;-0.018452749;0.6162587;-34.292297;88.97118;-0.057773303;0.0;0.0;-1.7945703;-0.0053511495;-0.002600415;-0.0014589964;0.3066038;-0.11560587;-0.006716985;0.2723041;0.0008441611;-0.1499938;0.16394295;-0.0063179336;-0.18533053;0.0;0.0;-1.147484;0.00060179393;0.00010693686;0.00048523044;65.42357;176.35872;0.009587162;951699.8;996037.3;0.21766283;4.1691288e-07;4.7073465e-07;4.2466212e-07;0.00061829307;0.0005941546;2.3496017e-05;2.7555623e-06;6.806579e-06;2.1074035e-05;3.41001e-06;2.0262803e-06;1.9119903e-05;1.0;1.0;9524.367;25
931637312;931448516;0.85183644;0.0058336053;-0.026105618;0.5231246;-33.99199;89.06354;-0.07856737;0.0;0.0;-1.7863089;-0.0053236717;-0.0025413237;-0.0014935328;0.30664253;-0.11545012;-0.0066747447;0.2723473;0.00084040617;-0.15002215;0.16389118;-0.006330174;-0.1853856;0.0;0.0;-1.147484;0.00059775036;0.00010824046;0.0004829344;65.7328;169.56055;0.009620555;957400.25;913154.9;0.21554491;4.1891e-07;4.7127267e-07;4.230507e-07;0.0006179184;0.0005932186;2.3446148e-05;2.7542599e-06;6.79163e-06;2.1071497e-05;3.40031e-06;2.023018e-06;1.9115972e-05;1.0;1.0;9535.822;25
932131831;931943273;0.894667;0.0072025945;-0.026710493;0.44587615;-33.742844;89.06409;-0.06343247;0.0;0.0;-1.7861379;-0.005289015;-0.0024979655;-0.0015025133;0.30667627;-0.11529574;-0.0066395504;0.27236664;0.0008379642;-0.15006052;0.16388142;-0.006333577;-0.18541823;0.0;0.0;-1.147484;0.0005956933;0.0001100584;0.00048181822;66.04369;169.99756;0.009702059;963024.25;920765.4;0.2169129;4.2086418e-07;4.7206214e-07;4.2224963e-07;0.00061794487;0.00059278845;2.3400798e-05;2.7552862e-06;6.7816136e-06;2.1069523e-05;3.3950434e-06;2.0211924e-06;1.9112398e-05;1.0;1.0;9547.053;25
932636476;932447926;0.89020854;0.0030769147;-0.02970331;0.45457336;-33.45902;89.10239;-0.06311354;0.0;0.0;-1.7857585;-0.0052475757;-0.00244809;-0.0014985619;0.30670592;-0.11509492;-0.006602708;0.27238107;0.0008352553;-0.15011045;0.16387793;-0.0063332957;-0.18544735;0.0;0.0;-1.147484;0.00059134455;0.00011167121;0.00047926442;66.34493;170.19029;0.009735526;968751.25;928516.6;0.21533388;4.222088e-07;4.721645e-07;4.2066802e-07;0.00061796565;0.0005923208;2.3339016e-05;2.756017e-06;6.7692713e-06;2.1068347e-05;3.3896451e-06;2.0192704e-06;1.9110244e-05;1.0;1.0;9558.508;25
933131351;932942684;0.8860357;0.00982356;-0.015791856;0.4632439;-33.161106;89.11973;-0.07741367;0.0;0.0;-1.7991393;-0.0052054566;-0.002398106;-0.001498383;0.30673763;-0.11485136;-0.0065485435;0.27239734;0.0008325367;-0.15015873;0.16387238;-0.0063348766;-0.18547696;0.0;0.0;-1.147484;0.0005887172;0.00011329733;0.0004771617;66.64537;170.55992;0.009848553;974405.8;936244.4;0.21716148;4.2355322e-07;4.7254028e-07;4.1917116e-07;0.0006179859;0.00059192494;2.3283454e-05;2.7566514e-06;6.756895e-06;2.1066888e-05;3.3844344e-06;2.017369e-06;1.9107736e-05;1.0;1.0;9569.709;25
933635690;933447337;0.8837527;0.0036755123;-0.022477496;0.46739957;-32.901146;89.03775;-0.08719368;0.0;0.0;-1.8050305;-0.005165762;-0.0023587514;-0.0014999424;0.30675694;-0.1146967;-0.0065245638;0.27241412;0.000830256;-0.15020314;0.16386956;-0.0063370303;-0.18549791;0.0;0.0;-1.147484;0.0005918882;0.00011551235;0.00047778868;66.97934;171.57822;0.009897322;980240.1;944416.7;0.21608001;4.2579651e-07;4.743483e-07;4.1894728e-07;0.00061800634;0.0005915199;2.3219582e-05;2.75813e-06;6.7471337e-06;2.1067117e-05;3.3801605e-06;2.0157727e-06;1.9105915e-05;1.0;1.0;9581.109;25
934130596;933942095;0.8822443;0.004009883;-0.028917292;0.46988595;-32.601917;88.99658;-0.081392184;0.0;0.0;-1.8107895;-0.005119619;-0.0023104069;-0.0015040155;0.30677935;-0.1144937;-0.0064888215;0.27243456;0.0008276055;-0.15025225;0.16386451;-0.006339648;-0.1855234;0.0;0.0;-1.147484;0.0005929784;0.00011729225;0.0004768216;67.287895;172.3511;0.0099157225;985956.5;952433.5;0.21451196;4.2728507e-07;4.753831e-07;4.1777082e-07;0.0006180166;0.0005911362;2.3148112e-05;2.758879e-06;6.7348756e-06;2.106624e-05;3.3753718e-06;2.0139582e-06;1.9103649e-05;1.0;1.0;9592.242;25
934635495;934446748;0.88258296;-0.0015415837;-0.03121643;0.4691168;-32.299873;89.00979;-0.07781719;0.0;0.0;-1.8160868;-0.0050737127;-0.0022577818;-0.0015069433;0.30678543;-0.11427952;-0.006466474;0.2724514;0.00082479365;-0.15030436;0.16385907;-0.006343038;-0.18555048;0.0;0.0;-1.147484;0.00059137115;0.00011906026;0.00047525784;67.58729;172.84528;0.009958444;991776.6;960588.0;0.21374957;4.2830862e-07;4.7583646e-07;4.165662e-07;0.00061801606;0.0005907852;2.3071076e-05;2.7595336e-06;6.7227784e-06;2.1064072e-05;3.370857e-06;2.0121763e-06;1.910087e-05;1.0;1.0;9603.573;25
935129822;934941505;0.88688517;0.001182002;-0.037609562;0.46045524;-32.01848;88.95313;-0.06594096;0.0;0.0;-1.8121046;-0.0050290064;-0.0022144518;-0.0015099173;0.30677325;-0.11412048;-0.0064720935;0.272459;0.0008225403;-0.15034688;0.16385934;-0.006342618;-0.18557636;0.0;0.0;-1.147484;0.0005929506;0.000121224366;0.00047543272;67.90005;173.66013;0.010054424;997549.0;968773.8;0.21625209;4.298828e-07;4.771305e-07;4.1627177e-07;0.0006180136;0.00059050566;2.300566e-05;2.760802e-06;6.7130727e-06;2.1060934e-05;3.367214e-06;2.010712e-06;1.9096778e-05;1.0;1.0;9614.657;25
935634674;935446158;0.886457;-0.0016377198;-0.030921953;0.46177405;-31.701578;88.880455;-0.071788356;0.0;0.0;-1.8169608;-0.004980457;-0.0021678298;-0.0015105219;0.30677706;-0.11393249;-0.0064532845;0.27247563;0.00082004693;-0.15039223;0.16385877;-0.006343508;-0.18559755;0.0;0.0;-1.147484;0.0005980877;0.0001229535;0.00047578677;64.81593;174.86664;0.010098841;912265.9;977320.1;0.21569698;4.3156385e-07;4.78953e-07;4.1555847e-07;0.00061790046;0.00058980845;2.2750732e-05;2.74921e-06;6.7005058e-06;2.1035155e-05;3.3631889e-06;2.0087984e-06;1.9093972e-05;1.0;1.0;9625.924;25
936129260;935940916;0.88174987;0.002494073;-0.041170735;0.46991065;-31.413763;88.76947;-0.07898474;0.0;0.0;-1.8102331;-0.0049293595;-0.0021219044;-0.0015133409;0.30675557;-0.11375179;-0.0064593414;0.27249417;0.0008172467;-0.15044938;0.16385688;-0.0063470844;-0.18561698;0.0;0.0;-1.147484;0.0006007414;0.00012481883;0.0004753547;65.123566;175.7962;0.010216475;917587.4;985700.94;0.21838532;4.3270245e-07;4.800846e-07;4.146543e-07;0.0006178819;0.00058956794;2.2682681e-05;2.7500787e-06;6.68849e-06;2.1034302e-05;3.3594304e-06;2.0072132e-06;1.9091927e-05;1.0;1.0;9636.922;25
936634134;936445569;0.88517976;0.0001486722;-0.027581548;0.46443108;-31.130062;88.73217;-0.075575925;0.0;0.0;-1.8152417;-0.0048871343;-0.002077749;-0.0015159376;0.30672523;-0.113569915;-0.0064693266;0.27250537;0.0008147014;-0.1504994;0.16385421;-0.0063504716;-0.18563654;0.0;0.0;-1.147484;0.0005968406;0.00012684047;0.00047408798;65.40614;176.03261;0.010248859;922963.9;994078.44;0.21795286;4.3311255e-07;4.799865e-07;4.142248e-07;0.0006178418;0.0005893363;2.2596802e-05;2.7510885e-06;6.679036e-06;2.1031754e-05;3.356332e-06;2.0058533e-06;1.9089262e-05;1.0;1.0;9648.103;25
937128802;936940326;0.88416046;0.0049468;-0.021364896;0.46666843;-30.833078;88.67874;-0.07499178;0.0;0.0;-1.8079695;-0.0048380434;-0.0020292741;-0.0015202211;0.3066897;-0.11339022;-0.006484185;0.272522;0.0008118992;-0.1505532;0.1638507;-0.0063542197;-0.1856544;0.0;0.0;-1.147484;0.00059532386;0.00012854509;0.00047269894;65.68726;169.23526;0.010243931;928272.6;911367.06;0.216863;4.3351002e-07;4.802689e-07;4.1320894e-07;0.0006173627;0.00058868085;2.2511127e-05;2.7513588e-06;6.664777e-06;2.1030077e-05;3.3523659e-06;2.0043701e-06;1.9087305e-05;1.0;1.0;9659.038;25
937633508;937444979;0.88263565;0.004698121;-0.016119981;0.4697577;-30.489628;88.54129;-0.060571387;0.0;0.0;-1.8090402;-0.004784887;-0.0019840787;-0.0015240039;0.30667338;-0.11318978;-0.006477484;0.27254128;0.0008093196;-0.15060614;0.16385111;-0.00635808;-0.18566926;0.0;0.0;-1.147484;0.000599338;0.00013051333;0.00047278215;66.00182;170.26831;0.0102797905;933768.6;919413.56;0.21650517;4.3449978e-07;4.81643e-07;4.12577e-07;0.0006173092;0.0005884913;2.2429806e-05;2.7523379e-06;6.6530442e-06;2.1028487e-05;3.3491872e-06;2.0029006e-06;1.9084922e-05;1.0;1.0;9670.14;25
938138532;937949632;0.8872512;0.0020037359;-0.016132047;0.46100003;-30.126976;88.38742;-0.06722581;0.0;0.0;-1.8115675;-0.0047295094;-0.0019386985;-0.0015291113;0.30666175;-0.112976044;-0.0064635742;0.2725609;0.0008067602;-0.15065762;0.16385077;-0.0063627013;-0.18568376;0.0;0.0;-1.147484;0.0006047358;0.00013251671;0.00047328262;66.33091;171.44847;0.0104046315;939330.25;927585.75;0.2200471;4.3557557e-07;4.832434e-07;4.1206482e-07;0.00061725924;0.00058834016;2.236263e-05;2.7534395e-06;6.641372e-06;2.102703e-05;3.3462372e-06;2.0014859e-06;1.9082581e-05;1.0;1.0;9681.182;25
938632853;938444390;0.8911495;0.003171928;-0.0147564905;0.45345882;-29.83582;88.28427;-0.064212255;0.0;0.0;-1.8007712;-0.0046869116;-0.0019015309;-0.0015299781;0.30660596;-0.11283101;-0.0064979615;0.27256888;0.00080445496;-0.15070395;0.16385198;-0.0063640657;-0.18569499;0.0;0.0;-1.147484;0.0006054645;0.00013461782;0.00047325555;66.632645;172.12653;0.0104044145;944744.44;935522.06;0.2189784;4.3612295e-07;4.8396214e-07;4.1194943e-07;0.0006171854;0.00058820064;2.2279773e-05;2.7547528e-06;6.6320285e-06;2.1025407e-05;3.3439162e-06;2.0003822e-06;1.9080582e-05;1.0;1.0;9691.956;25
939137393;938949043;0.8893621;0.0098891845;-0.018250233;0.45673215;-29.501251;88.12652;-0.055035587;0.0;0.0;-1.782893;-0.0046331757;-0.0018605102;-0.0015302307;0.30656216;-0.11266731;-0.0065182834;0.2725858;0.0008020416;-0.15075411;0.16385494;-0.0063663027;-0.18570383;0.0;0.0;-1.147484;0.0006106575;0.00013657003;0.00047364377;66.96069;173.25424;0.010410516;950346.06;943830.5;0.21858858;4.3689653e-07;4.8544973e-07;4.1148647e-07;0.0006171094;0.0005880719;2.2201848e-05;2.7559606e-06;6.6204652e-06;2.1024596e-05;3.3413792e-06;1.9991458e-06;1.9078867e-05;1.0;1.0;9702.8955;25
939632553;939443800;0.88684136;0.004267482;-0.019294763;0.4616514;-29.139164;88.05637;-0.065433465;0.0;0.0;-1.779564;-0.0045823534;-0.0018138346;-0.001530669;0.30653715;-0.11245838;-0.0065158447;0.27260396;0.0007994292;-0.1508056;0.16385461;-0.0063710758;-0.1857142;0.0;0.0;-1.147484;0.0006104129;0.00013810005;0.0004725299;67.26172;173.83441;0.010516203;955841.75;951888.3;0.22141878;4.3666108e-07;4.8544143e-07;4.1066585e-07;0.0006170347;0.0005879697;2.2133363e-05;2.7567814e-06;6.6088633e-06;2.1023348e-05;3.3389686e-06;1.9979093e-06;1.9077446e-05;1.0;1.0;9713.562;25
940136793;939948453;0.8867896;0.0064592995;-0.024875445;0.46145827;-28.808344;87.89942;-0.06770512;0.0;0.0;-1.7743032;-0.0045378366;-0.0017789414;-0.0015334664;0.30650845;-0.11230038;-0.006522107;0.27262107;0.0007972443;-0.1508493;0.16385488;-0.006375544;-0.18572089;0.0;0.0;-1.147484;0.00061602454;0.0001404576;0.0004738704;67.60609;174.98344;0.010542894;961522.06;960357.94;0.22102483;4.3769245e-07;4.872621e-07;4.1099665e-07;0.0006169494;0.0005878808;2.206035e-05;2.758458e-06;6.5997615e-06;2.1023643e-05;3.3370247e-06;1.9968786e-06;1.907644e-05;1.0;1.0;9724.401;25
940631570;940443211;0.8870232;0.003379615;-0.028377913;0.46083978;-28.407837;87.67278;-0.04136409;0.0;0.0;-1.7540132;-0.004479541;-0.0017381303;-0.0015373006;0.30647337;-0.112114504;-0.006529937;0.2726416;0.0007948385;-0.1508996;0.16385712;-0.0063804216;-0.18572754;0.0;0.0;-1.147484;0.0006218667;0.00014221939;0.00047438196;67.94014;176.12772;0.010556894;967132.2;968749.6;0.21993043;4.3813415e-07;4.887336e-07;4.1057942e-07;0.0006168601;0.00058779557;2.198918e-05;2.7596427e-06;6.588268e-06;2.102286e-05;3.3348917e-06;1.995702e-06;1.9074881e-05;1.0;1.0;9734.962;25
941136640;940947864;0.8833238;0.0042696856;-0.024640275;0.46809608;-27.994965;87.585335;-0.038865544;0.0;0.0;-1.7525932;-0.004426999;-0.0016933572;-0.0015373451;0.30646178;-0.111891955;-0.006514404;0.27266365;0.0007922412;-0.15095414;0.16385828;-0.0063876943;-0.1857339;0.0;0.0;-1.147484;0.0006230748;0.00014376294;0.00047381868;68.26712;176.84447;0.0106818825;972876.9;977247.94;0.22346014;4.37803e-07;4.8893617e-07;4.1001655e-07;0.0006167772;0.00058772723;2.1929529e-05;2.7606754e-06;6.576931e-06;2.1021926e-05;3.332882e-06;1.9945353e-06;1.907357e-05;1.0;1.0;9745.669;25
941631594;941442621;0.88096696;0.007750656;-0.028771497;0.4722387;-27.644398;87.39535;-0.03904215;0.0;0.0;-1.732598;-0.0043810112;-0.0016593351;-0.0015420859;0.3064206;-0.11173758;-0.006530701;0.27268326;0.00079001655;-0.15100032;0.16385941;-0.00639346;-0.18573917;0.0;0.0;-1.147484;0.00062594225;0.00014575737;0.00047434095;68.60472;177.68854;0.010691295;978544.06;985691.0;0.22228873;4.3800435e-07;4.899096e-07;4.101744e-07;0.00061667926;0.00058766955;2.1862643e-05;2.7621534e-06;6.5678732e-06;2.1021762e-05;3.3311949e-06;1.9935355e-06;1.9072282e-05;1.0;1.0;9756.105;25
942135602;941947274;0.8765736;-0.09065675;-0.0758563;0.46652538;-27.40991;87.34761;-0.06013537;0.0;0.0;-1.7340083;-0.004371491;-0.0016442294;-0.0015470388;0.30638683;-0.11170011;-0.0065516816;0.27270925;0.0007872381;-0.15096834;0.16385786;-0.0064050476;-0.18581283;0.0;0.0;-1.147484;0.0006256317;0.00014706134;0.00047264426;68.93269;178.21852;0.010636995;984339.9;994267.56;0.22180177;4.3711495e-07;4.896474e-07;4.0953836e-07;0.0006165767;0.000587609;2.179711e-05;2.763244e-06;6.556643e-06;2.0999812e-05;3.3292622e-06;1.9925517e-06;1.9045368e-05;1.0;1.0;9766.713;25
942630378;942442032;0.8579839;0.09336725;-0.15927638;0.479351;-27.148916;86.87644;-0.12336512;0.0;0.0;-1.714635;-0.004359902;-0.0016554508;-0.0015510904;0.3063416;-0.111714706;-0.0065865866;0.27274868;0.00078401645;-0.15095094;0.1638447;-0.006424942;-0.1858739;0.0;0.0;-1.147484;0.00062407815;0.00014810881;0.0004703386;69.25257;171.12662;0.010993852;990057.7;911593.2;0.22444966;4.3603325e-07;4.8904445e-07;4.0893198e-07;0.0006160114;0.00058710144;2.174444e-05;2.7633441e-06;6.543147e-06;2.0954323e-05;3.3259541e-06;1.9913791e-06;1.899228e-05;1.0;1.0;9777.038;25
943135015;942946685;0.8364173;0.23589467;-0.09775795;0.48497757;-26.685404;86.5266;-0.15505269;0.0;0.0;-1.7017471;-0.0042586424;-0.0016154771;-0.0015240355;0.30633193;-0.11141466;-0.006544285;0.27276358;0.000778964;-0.15087953;0.16375983;-0.006482978;-0.18601105;0.0;0.0;-1.147484;0.00062474154;0.00014959757;0.00047006187;69.60399;171.78853;0.011029411;995960.2;919608.5;0.22400324;4.3568997e-07;4.894625e-07;4.0937994e-07;0.00061589695;0.00058708165;2.1687523e-05;2.763669e-06;6.534335e-06;2.083928e-05;3.3224671e-06;1.9883698e-06;1.8876379e-05;1.0;1.0;9787.454;25
943629841;943441443;0.8839938;-0.020156851;0.07884843;0.46036044;-25.478176;86.35968;-0.028391436;0.0;0.0;-1.7192811;-0.004072669;-0.0014907654;-0.0015154693;0.3063926;-0.11073043;-0.0064095575;0.27265772;0.0007758952;-0.15040264;0.1637372;-0.0065103113;-0.18656345;0.0;0.0;-1.147484;0.0006290786;0.00015049618;0.00047151296;66.480965;172.8089;0.011093482;910786.9;927666.75;0.22319406;4.3549926e-07;4.910053e-07;4.0929993e-07;0.00061561365;0.0005867097;2.1466372e-05;2.7503397e-06;6.5226714e-06;2.0641384e-05;3.3195554e-06;1.984301e-06;1.8711973e-05;1.0;1.0;9797.55;25
944134436;943946095;0.88047904;0.06987243;-0.13648558;0.44860488;-25.671688;86.39712;-0.010265957;0.0;0.0;-1.7133651;-0.0041136215;-0.0015222259;-0.0015059933;0.30631068;-0.11093226;-0.006479778;0.27265847;0.0007731623;-0.15018937;0.16374625;-0.006532104;-0.1867898;0.0;0.0;-1.147484;0.0006359249;0.00015191473;0.00047070152;66.86004;174.02386;0.010916902;916343.1;936006.0;0.22682086;4.352674e-07;4.924965e-07;4.0917516e-07;0.0006154588;0.0005866723;2.1433274e-05;2.7517535e-06;6.5116574e-06;2.0561598e-05;3.3178635e-06;1.9834738e-06;1.861879e-05;1.0;1.0;9807.808;25
944629177;944440853;0.89110047;0.08476531;0.042771272;0.4437629;-25.181835;86.018;-0.11700402;0.0;0.0;-1.7452092;-0.0040736063;-0.0014992257;-0.0015079605;0.30630696;-0.11083398;-0.006457645;0.2726923;0.000770715;-0.15018795;0.16373038;-0.006551235;-0.18682404;0.0;0.0;-1.147484;0.0006408924;0.00015366923;0.00047151092;67.24832;175.0472;0.0112946015;921819.94;944213.6;0.22579552;4.3513546e-07;4.939364e-07;4.0974956e-07;0.00061524345;0.0005866491;2.1393998e-05;2.7533465e-06;6.5028753e-06;2.0541274e-05;3.316229e-06;1.9823985e-06;1.8593948e-05;1.0;1.0;9817.814;25
945133896;944945508;0.88775337;-0.08624047;-0.08685702;0.4437482;-24.728476;85.93862;-0.0767542;0.0;0.0;-1.7521118;-0.004030021;-0.0014721564;-0.0015066655;0.3062923;-0.11069408;-0.006443499;0.2726962;0.0007688105;-0.1501295;0.16374345;-0.0065553742;-0.1869185;0.0;0.0;-1.147484;0.0006424001;0.00015470917;0.00047078892;67.61163;175.76437;0.011114374;927434.5;952584.44;0.22544433;4.3391208e-07;4.941378e-07;4.094398e-07;0.00061497773;0.00058661646;2.1357315e-05;2.7548303e-06;6.4919627e-06;2.0503996e-05;3.314725e-06;1.9815106e-06;1.8553597e-05;1.0;1.0;9827.929;25
945638518;945450159;0.8950242;0.048486244;-0.06804411;0.4381218;-24.082146;85.78502;0.08804108;0.0;0.0;-1.7427156;-0.0039582876;-0.0014314398;-0.0015075165;0.3062926;-0.110443294;-0.006412715;0.27268246;0.0007679962;-0.15007938;0.16378406;-0.0065387515;-0.18700954;0.0;0.0;-1.147484;0.00064808043;0.00015591153;0.00047152353;67.9886;176.8318;0.011198538;933150.94;961172.3;0.22912641;4.3340688e-07;4.953818e-07;4.0940938e-07;0.0006147227;0.00058659003;2.1335942e-05;2.7564472e-06;6.481103e-06;2.0451353e-05;3.312458e-06;1.9807128e-06;1.8499783e-05;1.0;1.0;9838.0;25
946133494;945944917;0.89614105;-0.082909204;-0.06054244;0.43173146;-23.249964;85.42039;0.07404963;0.0;0.0;-1.7250402;-0.003874483;-0.0013799656;-0.0014937998;0.3062935;-0.110181145;-0.0063735363;0.2726652;0.0007655875;-0.14996076;0.16378063;-0.0065519293;-0.1871744;0.0;0.0;-1.147484;0.00065354566;0.00015695719;0.00047261125;68.381165;177.9256;0.011773183;938804.44;969667.56;0.22811656;4.327169e-07;4.9669114e-07;4.093877e-07;0.0006145003;0.0005865874;2.132636e-05;2.757806e-06;6.470196e-06;2.0407877e-05;3.3111494e-06;1.979367e-06;1.8457167e-05;1.0;1.0;9847.77;25
946628182;946439674;0.8980657;0.0032176266;-0.036967073;0.43829346;-23.076311;85.31578;0.06645524;0.0;0.0;-1.7065917;-0.0038466575;-0.0013749185;-0.0014859742;0.30627;-0.11008279;-0.0063714287;0.27266294;0.00076384685;-0.14989947;0.16378847;-0.0065582045;-0.1872599;0.0;0.0;-1.147484;0.0006578354;0.00015843082;0.00047309;68.778076;178.92696;0.011435641;944494.4;978198.1;0.22686501;4.3216968e-07;4.978151e-07;4.0986643e-07;0.0006143109;0.00058659056;2.1326056e-05;2.759847e-06;6.4615856e-06;2.0378058e-05;3.3102392e-06;1.97874e-06;1.8421828e-05;1.0;1.0;9857.503;25
947132892;946944327;0.8870904;0.033714406;-0.08067112;0.45323977;-22.61945;85.11651;0.14297023;0.0;0.0;-1.6774858;-0.0037924035;-0.0013519047;-0.0014824555;0.30625573;-0.10987259;-0.006363686;0.27266493;0.0007613574;-0.149921;0.16379268;-0.0065641836;-0.18729322;0.0;0.0;-1.147484;0.0006570125;0.00015905587;0.00047242624;69.13852;179.45914;0.011500375;950304.8;986862.94;0.23063272;4.3043747e-07;4.970716e-07;4.095551e-07;0.0006140414;0.0005865709;2.1310141e-05;2.7612273e-06;6.4508713e-06;2.0370671e-05;3.309252e-06;1.977892e-06;1.8413844e-05;1.0;1.0;9867.341;25
947637320;947448980;0.87652797;0.017101135;-0.049771283;0.4784655;-22.472101;84.62635;0.056840274;0.0;0.0;-1.6706702;-0.0037829324;-0.0013719337;-0.001493751;0.3062557;-0.109879285;-0.006360087;0.27269673;0.0007588922;-0.14988402;0.16379522;-0.0065759583;-0.18736434;0.0;0.0;-1.147484;0.00065962266;0.0001596731;0.0004713565;69.535576;180.31885;0.011435375;956191.7;995674.56;0.23020805;4.289776e-07;4.972124e-07;4.0939892e-07;0.00061374746;0.00058654597;2.1295284e-05;2.7627518e-06;6.4402097e-06;2.0338684e-05;3.307773e-06;1.9771267e-06;1.8372812e-05;1.0;1.0;9877.084;25
948132057;947943738;0.8689951;0.020398032;-0.023812143;0.49382654;-21.953104;84.24039;0.03179426;0.0;0.0;-1.6495717;-0.003749585;-0.0013545621;-0.0015041615;0.30625296;-0.109765865;-0.0063486774;0.27272242;0.0007565897;-0.14991021;0.16379444;-0.0065867286;-0.18738057;0.0;0.0;-1.147484;0.00065787754;0.00016059233;0.00047100036;69.904785;173.09253;0.011752665;961960.75;913044.44;0.22904415;4.2744819e-07;4.9679096e-07;4.096475e-07;0.00061291154;0.0005860558;2.1281154e-05;2.7639428e-06;6.4296414e-06;2.0336549e-05;3.3062238e-06;1.976226e-06;1.836805e-05;1.0;1.0;9886.5205;25
948636850;948448391;0.91737473;-0.010666967;-0.02046852;0.3973549;-21.521774;84.098885;0.04201208;0.0;0.0;-1.6289377;-0.0037235713;-0.0013296528;-0.0015143277;0.306242;-0.10963969;-0.0063491855;0.2727422;0.0007539229;-0.14993677;0.1637959;-0.0065936805;-0.18740137;0.0;0.0;-1.147484;0.0006528275;0.00016068264;0.00046902624;70.25099;173.27985;0.011938957;967870.6;921087.56;0.23302321;4.2488554e-07;4.947202e-07;4.091233e-07;0.0006126496;0.00058604014;2.1270629e-05;2.765138e-06;6.4190913e-06;2.0331985e-05;3.3052231e-06;1.975499e-06;1.836104e-05;1.0;1.0;9896.069;25
949131479;948943148;0.9852413;-0.03321859;-0.046576716;0.1613282;-21.491213;84.37438;0.05017179;0.0;0.0;-1.6202722;-0.0037638564;-0.0013558425;-0.00147415;0.30610153;-0.10973478;-0.0064456384;0.27276012;0.0007528479;-0.14994876;0.16382718;-0.0065691136;-0.18741675;0.0;0.0;-1.147484;0.0006506992;0.0001605659;0.0004670128;70.61773;173.76913;0.011642368;973751.1;929119.44;0.23197183;4.227897e-07;4.938778e-07;4.0876532e-07;0.0006123806;0.0005860319;2.1262429e-05;2.7663027e-06;6.4084925e-06;2.0317571e-05;3.3001313e-06;1.9742056e-06;1.8339711e-05;1.0;1.0;9905.42;25
949636133;949447801;0.9936279;-0.098156445;0.038333613;-0.03999259;-22.24327;84.2005;-0.18072593;0.0;0.0;-1.6721975;-0.0039024837;-0.0014656414;-0.0014691199;0.30601907;-0.10985378;-0.006511709;0.27265367;0.00075617054;-0.14963649;0.16400754;-0.006490296;-0.18769316;0.0;0.0;-1.147484;0.0006523188;0.0001605754;0.00046555398;71.06716;174.95036;0.011503783;979864.6;937543.9;0.23160255;4.2235462e-07;4.952174e-07;4.0958028e-07;0.00061229756;0.0005860635;2.128798e-05;2.765796e-06;6.4002315e-06;2.0200634e-05;3.2849125e-06;1.9685344e-06;1.8202212e-05;1.0;1.0;9914.988;25
950130879;949942559;0.9941565;0.08273614;-0.02824858;-0.06332286;-21.974457;83.92268;0.046987128;0.0;0.0;-1.680037;-0.003904851;-0.0015993929;-0.001310488;0.30588835;-0.10993857;-0.0066010044;0.27283362;0.0007540941;-0.15013774;0.16381232;-0.0064072246;-0.1871964;0.0;0.0;-1.147484;0.0006423448;0.0001589195;0.00046237672;71.39793;175.19835;0.011483679;985819.7;945722.4;0.23414573;4.2070675e-07;4.9368373e-07;4.0931707e-07;0.00061215786;0.0005860862;2.1302618e-05;2.7618341e-06;6.389712e-06;2.0084002e-05;3.2559765e-06;1.9626095e-06;1.8091454e-05;1.0;1.0;9924.353;25
950635579;950447212;0.99201745;-0.0013426258;-0.00054491445;-0.1260926;-22.523342;83.30773;0.037379097;0.0;0.0;-1.7137129;-0.004007281;-0.0017857427;-0.0012407198;0.30562627;-0.11030564;-0.006792791;0.27293438;0.0007558467;-0.15018721;0.16380513;-0.006253969;-0.1871269;0.0;0.0;-1.147484;0.00063365453;0.00015729982;0.00045958965;71.77025;175.67381;0.011346467;991952.75;954156.9;0.23294188;4.1947743e-07;4.924476e-07;4.092191e-07;0.0006119042;0.0005861009;2.1303109e-05;2.759112e-06;6.379352e-06;2.0071233e-05;3.2276869e-06;1.9537538e-06;1.807645e-05;1.0;1.0;9933.81;25
951133979;950941969;0.9843927;-0.046552293;-0.13322516;-0.10514334;-23.248274;82.77323;-0.011306159;0.0;0.0;-1.7289515;-0.0041285777;-0.0019720546;-0.0011955508;0.30527908;-0.11072564;-0.0070268163;0.2729718;0.00075799704;-0.15008412;0.163847;-0.0061073788;-0.18719654;0.0;0.0;-1.147484;0.0006220958;0.00015608729;0.0004567216;72.12775;175.90451;0.011221208;997969.56;962427.1;0.23069425;4.1843856e-07;4.907308e-07;4.0947333e-07;0.0006116635;0.00058611925;2.1301496e-05;2.7568926e-06;6.3711323e-06;2.0067087e-05;3.203373e-06;1.945196e-06;1.8067021e-05;1.0;1.0;9943.019;25
951634975;951446622;0.9804661;-0.09605578;-0.16384023;-0.05114608;-24.074562;81.89712;-0.08662302;0.0;0.0;-1.769516;-0.004240886;-0.0021922877;-0.0011555115;0.30495706;-0.11121105;-0.0072390186;0.27294517;0.00076011574;-0.14993343;0.16393982;-0.0060017006;-0.18728746;0.0;0.0;-1.147484;0.0006204915;0.00015509786;0.00045401906;68.94297;176.91206;0.011227365;912958.2;971138.25;0.22907732;4.186786e-07;4.907209e-07;4.0968132e-07;0.00061131374;0.00058585464;2.1137303e-05;2.7415927e-06;6.3604552e-06;1.9985684e-05;3.1822408e-06;1.9362242e-06;1.7996726e-05;1.0;1.0;9952.338;25
952129699;951941380;0.9967652;0.08031632;-0.0019182556;-0.0021823365;-24.385078;81.37277;-0.13757941;0.0;0.0;-1.8268011;-0.004279729;-0.0023382916;-0.00108607;0.30488834;-0.111260556;-0.0072711282;0.27299827;0.00076038355;-0.14990412;0.16392979;-0.0059246416;-0.18728478;0.0;0.0;-1.147484;0.00062191964;0.00015488818;0.00045302595;69.342804;178.15938;0.011233648;918629.7;979881.06;0.23087008;4.196369e-07;4.910673e-07;4.1004026e-07;0.00061127864;0.0005858939;2.1172138e-05;2.7405338e-06;6.3501525e-06;1.9904433e-05;3.1637926e-06;1.9289987e-06;1.79081e-05;1.0;1.0;9961.401;25
952634967;952446033;0.9850767;-0.1529623;-0.0182752;0.07676302;-24.48034;81.015686;0.035099518;0.0;0.0;-1.8619007;-0.004300671;-0.0024472969;-0.0010277876;0.30474243;-0.111373;-0.007348349;0.27304566;0.00076017075;-0.1500083;0.16393614;-0.0058721453;-0.18716429;0.0;0.0;-1.147484;0.0006244103;0.0001553033;0.00045273942;69.72698;179.31691;0.011008987;924456.6;988879.56;0.22929232;4.2062828e-07;4.9118484e-07;4.103801e-07;0.0006111236;0.000585921;2.1193826e-05;2.7409155e-06;6.3400057e-06;1.9889021e-05;3.1508002e-06;1.9249453e-06;1.7887694e-05;1.0;1.0;9970.531;25
953139044;952950686;0.94296986;0.17614682;0.12517683;0.25320148;-24.860357;80.75707;-0.11985896;0.0;0.0;-1.9037117;-0.0043039434;-0.0025139542;-0.0009937072;0.30474243;-0.111373;-0.007348349;0.27298707;0.00075924944;-0.14988844;0.16397582;-0.0058891084;-0.18725835;0.0;0.0;-1.147484;0.0006316111;0.00015677891;0.00045292274;70.16694;180.9119;0.010655097;930349.75;998042.3;0.2273475;4.223141e-07;4.9225434e-07;4.1143687e-07;0.00061116816;0.0005859655;2.1238744e-05;2.742202e-06;6.3320617e-06;1.9764335e-05;3.146446e-06;1.9227366e-06;1.7746426e-05;1.0;1.0;9979.625;25
953633762;953445443;0.9607309;-0.0034097333;-0.041391537;0.2743562;-24.434551;80.41594;-0.19023582;0.0;0.0;-1.9108485;-0.0042478517;-0.0024815467;-0.0009435849;0.3047004;-0.11135579;-0.0073563787;0.2729691;0.0007586035;-0.14962618;0.16398393;-0.005888539;-0.18753238;0.0;0.0;-1.147484;0.00063731434;0.00015765152;0.00045422863;70.56975;174.49811;0.010860327;936140.4;915576.8;0.22953759;4.2366386e-07;4.9219256e-07;4.1171555e-07;0.00061101775;0.00058599067;2.1263115e-05;2.74372e-06;6.3199504e-06;1.9705934e-05;3.1416835e-06;1.9218226e-06;1.7687698e-05;1.0;1.0;9988.434;25
954128917;953940201;0.8990757;0.017920835;-0.044565473;0.43515033;-24.236609;80.280136;-0.19169912;0.0;0.0;-1.9201508;-0.0042212307;-0.0024555917;-0.0009376306;0.30461824;-0.1112775;-0.007371797;0.2730043;0.0007574693;-0.14964192;0.16400337;-0.0058828513;-0.18754165;0.0;0.0;-1.147484;0.0006431214;0.0001582391;0.00045446987;70.95993;175.75865;0.010689919;941975.9;923878.6;0.22729415;4.2458655e-07;4.9147764e-07;4.1180536e-07;0.0006107536;0.00058600487;2.1276239e-05;2.7455528e-06;6.3098514e-06;1.9699168e-05;3.1390018e-06;1.921365e-06;1.767434e-05;1.0;1.0;9997.196;25
954636919;954444854;0.7387457;0.04218851;-0.008188914;0.6726128;-23.687445;80.24994;-0.13471782;0.0;0.0;-1.9191157;-0.0041850065;-0.002360238;-0.0009521818;0.3045289;-0.11106135;-0.007391451;0.2730246;0.00075602246;-0.14961073;0.16401051;-0.005867516;-0.18761925;0.0;0.0;-1.147484;0.0006413304;0.0001580737;0.00045479767;71.316956;176.3891;0.010947769;947896.06;932272.25;0.22596253;4.2469892e-07;4.8961914e-07;4.120915e-07;0.0006104485;0.0005860175;2.1281603e-05;2.7454914e-06;6.3020266e-06;1.9687048e-05;3.1335303e-06;1.918637e-06;1.766289e-05;1.0;1.0;9096.995;25
955137856;954949507;0.6308761;-0.0039564376;-0.027001645;0.7754035;-22.972874;79.980865;-0.113198034;0.0;0.0;-1.9330032;-0.004173397;-0.002293122;-0.0010156143;0.30449238;-0.11095517;-0.007382594;0.2731441;0.00075200375;-0.14959061;0.1639125;-0.00585379;-0.18768331;0.0;0.0;-1.147484;0.00064202654;0.00015607881;0.0004548421;71.68795;177.43008;0.011419071;953906.7;940864.44;0.22939737;4.2542777e-07;4.886681e-07;4.120097e-07;0.0006101913;0.0005860254;2.1295426e-05;2.740637e-06;6.2921067e-06;1.9679439e-05;3.116265e-06;1.9095244e-06;1.7653827e-05;1.0;1.0;9105.813;25
955632585;955444265;0.67405015;0.0060691796;0.026137888;0.73819816;-22.892685;79.423386;-0.047341935;0.0;0.0;-1.9510664;-0.004207524;-0.0023155804;-0.0010931401;0.30430385;-0.111048974;-0.0074413326;0.2732516;0.0007454426;-0.14939532;0.16374257;-0.005871268;-0.18790258;0.0;0.0;-1.147484;0.0006449059;0.00015418086;0.00045425782;72.06333;178.6451;0.011497269;959868.8;949413.25;0.22828689;4.2619794e-07;4.887309e-07;4.1200562e-07;0.00060996227;0.00058603496;2.131447e-05;2.7358878e-06;6.2821473e-06;1.9648262e-05;3.096943e-06;1.9005362e-06;1.761249e-05;1.0;1.0;9114.35;25
956127367;955939022;0.7609816;-0.09803875;-0.19819465;0.6099297;-22.797718;79.08322;-0.18434177;0.0;0.0;-1.9395716;-0.0042516263;-0.0023064553;-0.0011565129;0.3039866;-0.11109068;-0.007563995;0.27332732;0.0007396271;-0.1492994;0.16362166;-0.005892144;-0.18803512;0.0;0.0;-1.147484;0.0006432113;0.00015357495;0.00045316078;72.441505;179.40828;0.012244699;965806.5;957902.5;0.2318177;4.2635807e-07;4.8799126e-07;4.123121e-07;0.00060975493;0.00058604253;2.132882e-05;2.7333883e-06;6.27436e-06;1.9610838e-05;3.0867463e-06;1.8958257e-06;1.7566364e-05;1.0;1.0;9122.798;25
956632248;956443675;0.87171596;-0.039752297;0.07975989;0.48183963;-22.337357;78.67592;-0.030411558;0.0;0.0;-1.9552886;-0.004231505;-0.0022718979;-0.0012290021;0.30389482;-0.11095322;-0.0075917607;0.27335376;0.0007366945;-0.14905787;0.16360375;-0.005873981;-0.18832721;0.0;0.0;-1.147484;0.000640908;0.00015339747;0.0004516551;72.789665;179.84984;0.012185859;971896.25;966581.75;0.23206486;4.2572032e-07;4.8654437e-07;4.1199561e-07;0.00060949795;0.0005860375;2.1336582e-05;2.7334693e-06;6.2646127e-06;1.954426e-05;3.0804592e-06;1.8933504e-06;1.7493625e-05;1.0;1.0;9131.312;25
957126831;956938433;0.93659633;-0.2546014;-0.0029093893;0.24074282;-22.395557;78.095146;-0.19218755;0.0;0.0;-1.9424933;-0.004233769;-0.0022642335;-0.0012600491;0.30384454;-0.110884145;-0.0076048626;0.27336293;0.0007344746;-0.14896803;0.16361755;-0.005884375;-0.18843244;0.0;0.0;-1.147484;0.000646271;0.0001542065;0.0004512067;73.21907;181.12863;0.012802483;978001.6;975349.06;0.23203076;4.261045e-07;4.872263e-07;4.1213718e-07;0.0006094094;0.0005860532;2.1365675e-05;2.7348744e-06;6.254816e-06;1.947448e-05;3.0776096e-06;1.8921751e-06;1.7413146e-05;1.0;1.0;9139.553;25
957631582;957443086;0.98781735;0.028036254;-0.032221727;0.14964177;-22.011402;78.04838;-0.0693201;0.0;0.0;-1.9442037;-0.004212621;-0.0022708501;-0.0012045129;0.30369216;-0.11076969;-0.007674816;0.2733955;0.00073434325;-0.14921473;0.16364217;-0.0058598127;-0.18820041;0.0;0.0;-1.147484;0.0006444925;0.00015531437;0.0004501843;73.613594;181.69511;0.012885636;984216.6;984224.9;0.23208326;4.2600934e-07;4.86857e-07;4.126888e-07;0.0006092441;0.0005860209;2.1381311e-05;2.736687e-06;6.247251e-06;1.940225e-05;3.0715046e-06;1.8908391e-06;1.7336808e-05;1.0;1.0;9147.918;25
958136229;957947738;0.99819005;0.025855478;0.001171588;0.054285295;-22.232254;77.69418;-0.09485621;0.0;0.0;-1.9583621;-0.004239589;-0.0023478263;-0.0011619321;0.3034279;-0.11078873;-0.0077938493;0.27342823;0.00073466153;-0.14920333;0.16366275;-0.0058005024;-0.18820603;0.0;0.0;-1.147484;0.0006362245;0.0001554083;0.0004478726;73.99028;181.9522;0.012772166;990420.75;993069.0;0.23670071;4.2517652e-07;4.84655e-07;4.1241782e-07;0.0006091033;0.00058596773;2.1393067e-05;2.7372378e-06;6.237635e-06;1.940168e-05;3.0602184e-06;1.8873448e-06;1.7333698e-05;1.0;1.0;9156.228;25
958631208;958442496;0.9809802;0.035408918;-0.027039379;0.18892564;-22.404133;77.250854;-0.069244415;0.0;0.0;-1.9500326;-0.0042396616;-0.002429722;-0.0011071606;0.30325574;-0.11076224;-0.007872229;0.27346486;0.00073494617;-0.14919922;0.16367051;-0.00574737;-0.18820272;0.0;0.0;-1.147484;0.0006285092;0.00015574145;0.00044558247;74.362366;174.2253;0.012220656;996540.25;910747.3;0.23565274;4.2437347e-07;4.8267634e-07;4.1205163e-07;0.00060831726;0.00058539474;2.1405534e-05;2.7378555e-06;6.226142e-06;1.9402298e-05;3.050304e-06;1.8845939e-06;1.7331782e-05;1.0;1.0;9164.301;25
959135874;958947149;0.89318234;0.02613609;-0.14808397;0.42380825;-22.048279;76.58675;-0.05652888;0.0;0.0;-1.9049836;-0.004180231;-0.0024181476;-0.0010776131;0.30328286;-0.110566646;-0.007866785;0.27347922;0.00073352543;-0.14911896;0.16367093;-0.005747142;-0.1883152;0.0;0.0;-1.147484;0.0006221603;0.00015581513;0.000443878;71.03092;174.3627;0.0126103405;911677.8;918898.06;0.23524266;4.2352542e-07;4.803087e-07;4.1156432e-07;0.000608018;0.0005850628;2.1232383e-05;2.7263263e-06;6.2162903e-06;1.9351117e-05;3.0474096e-06;1.8836187e-06;1.7306618e-05;1.0;1.0;9172.427;25
959630250;959441907;0.81187934;-0.007723528;-0.105531745;0.5741563;-21.778124;76.039055;-0.08682532;0.0;0.0;-1.9039719;-0.004156005;-0.0023920913;-0.0011082693;0.30330825;-0.11044993;-0.007857698;0.2735206;0.0007314071;-0.14910379;0.16365588;-0.005751095;-0.1883585;0.0;0.0;-1.147484;0.0006225154;0.00015679645;0.00044363705;71.4384;175.00935;0.0131114805;917399.25;927104.3;0.23905382;4.238959e-07;4.798453e-07;4.1193115e-07;0.0006079703;0.0005849593;2.1255113e-05;2.7276576e-06;6.2087925e-06;1.9346062e-05;3.0446834e-06;1.882517e-06;1.7295048e-05;1.0;1.0;9180.26;25
960134969;959946559;0.6798293;-0.07060844;-0.096036;0.7236185;-21.421751;75.779915;-0.048013955;0.0;0.0;-1.9038124;-0.0041466374;-0.0023406704;-0.0011611424;0.30324546;-0.110284545;-0.007898365;0.2735864;0.0007273585;-0.14907867;0.16359402;-0.0057496303;-0.18844111;0.0;0.0;-1.147484;0.00061618193;0.00015604337;0.00044178587;71.80818;175.15889;0.013320887;923233.06;935414.7;0.23937073;4.231175e-07;4.7786955e-07;4.1143088e-07;0.00060790323;0.000584826;2.1271815e-05;2.725627e-06;6.1993683e-06;1.9337846e-05;3.0356273e-06;1.8777166e-06;1.728361e-05;1.0;1.0;9188.156;25
960630040;960441317;0.58606726;-0.009665844;-0.06596342;0.80751514;-21.037432;75.1027;-0.021704711;0.0;0.0;-1.8921187;-0.004151667;-0.0023223208;-0.0012346741;0.3031874;-0.11018597;-0.007928347;0.27371037;0.00072235597;-0.14902435;0.16346349;-0.0057436167;-0.18854623;0.0;0.0;-1.147484;0.00060964585;0.00015435294;0.00043984744;72.18243;175.40694;0.013978772;929021.8;943646.9;0.23927666;4.2256534e-07;4.7681277e-07;4.1099386e-07;0.00060786615;0.0005846828;2.1293179e-05;2.7203153e-06;6.189892e-06;1.9326433e-05;3.0167676e-06;1.868085e-06;1.726852e-05;1.0;1.0;9195.788;25
961134443;960945970;0.6557786;-0.03345597;-0.030016197;0.753614;-20.762772;74.63959;-0.04028111;0.0;0.0;-1.8853238;-0.0041771424;-0.0023065882;-0.0012931745;0.30301142;-0.110087834;-0.00801712;0.27382424;0.000717417;-0.14904654;0.1633286;-0.0057406705;-0.18856879;0.0;0.0;-1.147484;0.0005979173;0.00015289852;0.00043757248;72.544846;175.26086;0.014793181;934903.94;952015.4;0.24510261;4.2171874e-07;4.752136e-07;4.1095834e-07;0.0006078097;0.0005845528;2.1308599e-05;2.7154738e-06;6.182609e-06;1.9327128e-05;2.9995683e-06;1.8595223e-06;1.7266813e-05;1.0;1.0;9203.4375;25
961629187;961440727;0.86259264;-0.032372687;-0.02469536;0.50425786;-20.601234;74.44992;-0.077831425;0.0;0.0;-1.8864051;-0.0042020166;-0.0022636608;-0.0013627583;0.3028661;-0.11000765;-0.008093015;0.2739133;0.00071263284;-0.1490117;0.16322958;-0.005744818;-0.18864952;0.0;0.0;-1.147484;0.0005868806;0.00015237214;0.0004341061;72.89539;174.86263;0.015258086;940697.75;960185.8;0.24546733;4.1992786e-07;4.7300836e-07;4.100414e-07;0.0006077552;0.000584399;2.1321543e-05;2.7136791e-06;6.173244e-06;1.9327466e-05;2.9914509e-06;1.8554476e-06;1.7263032e-05;1.0;1.0;9210.892;25
962133826;961945380;0.96512455;-0.0023739843;-0.09528623;0.24382296;-20.493155;74.258095;-0.049111146;0.0;0.0;-1.8576545;-0.0041915225;-0.002259511;-0.0013687711;0.30283058;-0.109894775;-0.008130842;0.27392977;0.00071094366;-0.14899139;0.16324781;-0.0057370136;-0.18870367;0.0;0.0;-1.147484;0.0005792357;0.0001531511;0.00043128422;73.28503;174.66217;0.014679161;946696.56;968648.0;0.24673551;4.185463e-07;4.7173987e-07;4.094199e-07;0.00060773466;0.000584249;2.1342517e-05;2.715313e-06;6.1640276e-06;1.9320849e-05;2.9889159e-06;1.8546525e-06;1.7251015e-05;1.0;1.0;9218.439;25
962638605;962450033;0.9715333;0.004222291;-0.052399565;0.23099676;-20.387363;73.97018;-0.058616564;0.0;0.0;-1.8436503;-0.004176382;-0.0022727277;-0.0013280208;0.30277634;-0.1097806;-0.008180692;0.2739541;0.00071000395;-0.14900887;0.1632664;-0.005715237;-0.18871447;0.0;0.0;-1.147484;0.000573742;0.00015404189;0.0004292677;73.69928;174.7169;0.014725639;952775.4;977260.4;0.25275406;4.178031e-07;4.7106337e-07;4.0903078e-07;0.0006077354;0.0005841199;2.137005e-05;2.7171384e-06;6.154855e-06;1.9315316e-05;2.9843513e-06;1.8534301e-06;1.7241808e-05;1.0;1.0;9225.92;25
963133106;962944791;0.9639533;0.09931605;0.024395293;0.24563222;-20.195116;73.77698;-0.052403394;0.0;0.0;-1.8219131;-0.0041473485;-0.0022612496;-0.001281917;0.30272824;-0.10962969;-0.008234523;0.27396846;0.00070861966;-0.14898534;0.16326682;-0.005702539;-0.18877144;0.0;0.0;-1.147484;0.000562262;0.00015510184;0.0004270146;74.08588;174.1999;0.0148019055;958722.6;985602.44;0.25198683;4.1639862e-07;4.693561e-07;4.0877924e-07;0.00060770946;0.0005839709;2.1389742e-05;2.719136e-06;6.1476403e-06;1.9306124e-05;2.9805178e-06;1.8523762e-06;1.7232609e-05;1.0;1.0;9233.213;25
963638518;963449444;0.95709985;0.019609049;-0.02191383;0.2882625;-19.955671;73.57954;-0.048065137;0.0;0.0;-1.8009264;-0.0041142465;-0.0022500574;-0.0012383102;0.30273965;-0.109534614;-0.008250577;0.27398083;0.0007072204;-0.14892806;0.16327223;-0.0056942604;-0.18885642;0.0;0.0;-1.147484;0.0005527611;0.00015590564;0.00042434598;74.48804;173.82828;0.01467657;964863.4;994218.5;0.2520572;4.151202e-07;4.677199e-07;4.080902e-07;0.0006076968;0.0005838398;2.1414837e-05;2.7209658e-06;6.1385467e-06;1.9290255e-05;2.9769096e-06;1.851421e-06;1.7215514e-05;1.0;1.0;9240.594;25
964133607;963944201;0.92683697;0.012313226;-0.014699622;0.37497428;-19.591095;73.63538;-0.0033209561;0.0;0.0;-1.786511;-0.0040844805;-0.002206329;-0.0012057032;0.30270875;-0.10941122;-0.008292247;0.2739915;0.00070545665;-0.14893128;0.16327791;-0.005689375;-0.18888581;0.0;0.0;-1.147484;0.00054158614;0.00015640014;0.0004212053;74.84501;165.4419;0.014791984;970843.75;911572.9;0.25573575;4.1351194e-07;4.6505548e-07;4.0712953e-07;0.0006069356;0.00058329385;2.1431717e-05;2.7222945e-06;6.1276965e-06;1.9287774e-05;2.9745142e-06;1.8510116e-06;1.7212342e-05;1.0;1.0;9247.82;25
964627701;964438959;0.87744033;0.028645907;0.058133934;0.47528762;-19.012001;73.72906;-0.024131203;0.0;0.0;-1.7796034;-0.004036489;-0.0021239158;-0.0011964793;0.30274776;-0.10928499;-0.008299617;0.27399054;0.0007035367;-0.1488993;0.16328374;-0.0056908103;-0.18895295;0.0;0.0;-1.147484;0.0005309114;0.00015744739;0.00041918276;75.23279;164.892;0.0150078265;976916.75;919378.8;0.25419837;4.1226374e-07;4.63168e-07;4.0680646e-07;0.0006069073;0.0005832105;2.1452988e-05;2.7238793e-06;6.1205938e-06;1.9276033e-05;2.9734376e-06;1.8503745e-06;1.7201812e-05;1.0;1.0;9255.047;25
965132072;964943611;0.79208034;-0.10380881;-0.07490356;0.5968433;-18.672411;73.783646;0.052805953;0.0;0.0;-1.7580173;-0.00402628;-0.0020735762;-0.001225385;0.30273247;-0.10920987;-0.008325443;0.27401847;0.000700913;-0.14877464;0.16327554;-0.005687388;-0.18912166;0.0;0.0;-1.147484;0.0005184994;0.00015737204;0.00041536594;75.58614;164.16376;0.014545762;983113.56;927369.0;0.25338212;4.1047028e-07;4.6025778e-07;4.057916e-07;0.000606856;0.0005831486;2.1470052e-05;2.7244557e-06;6.1116243e-06;1.9234243e-05;2.9695368e-06;1.8483905e-06;1.7156202e-05;1.0;1.0;9262.418;25
965636663;965448264;0.77734554;0.0121406345;0.0073982696;0.62891334;-18.457897;73.29365;0.0065942295;0.0;0.0;-1.7469075;-0.0040550097;-0.0020703876;-0.0012689189;0.30262157;-0.10922947;-0.008375932;0.27405986;0.00069660967;-0.14856839;0.163201;-0.0057130605;-0.18935797;0.0;0.0;-1.147484;0.00051436364;0.00015754702;0.0004127479;76.0161;164.13124;0.015323225;989483.3;935584.44;0.2584884;4.1012018e-07;4.597322e-07;4.0539373e-07;0.0006068639;0.0005831354;2.1506257e-05;2.7239985e-06;6.1026967e-06;1.9189472e-05;2.9635767e-06;1.845221e-06;1.7098699e-05;1.0;1.0;9269.722;25
966131595;965943022;0.7709411;0.006418557;-0.02112175;0.6365239;-18.053413;73.00215;-0.013149742;0.0;0.0;-1.724556;-0.0040330263;-0.0020217919;-0.0013093905;0.30267042;-0.10918299;-0.008363609;0.27413103;0.00069320877;-0.14864077;0.16314436;-0.0057256375;-0.18932204;0.0;0.0;-1.147484;0.00050517643;0.00015792281;0.00041059163;76.4168;163.68771;0.015518045;995719.5;943589.94;0.25729424;4.0912073e-07;4.586735e-07;4.052495e-07;0.0006068304;0.0005830968;2.153339e-05;2.7231408e-06;6.0956963e-06;1.9182335e-05;2.9585406e-06;1.8422506e-06;1.708834e-05;1.0;1.0;9276.813;25
966636204;966447674;0.76891994;0.0060214275;-0.006079575;0.63928795;-17.654732;72.91882;0.007795909;0.0;0.0;-1.7125845;-0.0040282053;-0.0019676385;-0.0013582195;0.30261847;-0.109084;-0.008412318;0.27419356;0.0006891038;-0.14865397;0.16308855;-0.0057303957;-0.18936859;0.0;0.0;-1.147484;0.000493746;0.0001571465;0.00040726532;72.96868;163.01253;0.015449472;910981.0;951742.06;0.25687692;4.07365e-07;4.565997e-07;4.0443078e-07;0.00060654606;0.00058289943;2.1362537e-05;2.7086196e-06;6.0865814e-06;1.9151654e-05;2.9528128e-06;1.8386612e-06;1.7083723e-05;1.0;1.0;9283.985;25
967130831;966942432;0.76882833;-0.014259274;-0.048078153;0.6374859;-17.010601;73.00353;0.03384216;0.0;0.0;-1.6895784;-0.0039853994;-0.0018810295;-0.0014057801;0.30267325;-0.10899299;-0.0084106475;0.27425057;0.0006856499;-0.14866303;0.163053;-0.005732684;-0.18940505;0.0;0.0;-1.147484;0.00048437438;0.00015686528;0.00040470224;73.326805;162.54457;0.015460783;916713.9;959881.56;0.2609763;4.059029e-07;4.550763e-07;4.036828e-07;0.0006064888;0.0005828727;2.13863e-05;2.7070218e-06;6.0776897e-06;1.9139741e-05;2.947445e-06;1.8348785e-06;1.7072703e-05;1.0;1.0;9290.997;25
967635502;967447085;0.77862906;0.0025435134;-0.026640438;0.62691355;-16.562735;73.03442;0.010956354;0.0;0.0;-1.6885307;-0.003975129;-0.001815972;-0.0014417914;0.30262038;-0.10892148;-0.008449398;0.2743078;0.0006822902;-0.14870113;0.16301042;-0.005739335;-0.18941127;0.0;0.0;-1.147484;0.000474075;0.00015735897;0.00040253927;73.7117;161.94766;0.015619025;922602.1;968209.8;0.26045895;4.0448677e-07;4.5392156e-07;4.035443e-07;0.0006064212;0.000582847;2.1410586e-05;2.706789e-06;6.070901e-06;1.9140576e-05;2.9434273e-06;1.8322513e-06;1.7071721e-05;1.0;1.0;9298.119;25
968130390;967941843;0.75852567;-0.0034333365;-0.031751662;0.6508602;-16.069891;73.214905;0.022326663;0.0;0.0;-1.6875936;-0.0039617876;-0.0017435021;-0.0014775492;0.3025462;-0.108828016;-0.008503913;0.27436954;0.000678336;-0.14874648;0.16296479;-0.005748726;-0.18942294;0.0;0.0;-1.147484;0.00046113093;0.00015683431;0.00039891363;74.04153;161.12384;0.015479635;928357.75;976384.9;0.25857103;4.020863e-07;4.5156722e-07;4.0252584e-07;0.0006063267;0.0005828225;2.1426007e-05;2.7053213e-06;6.062092e-06;1.9139803e-05;2.9384933e-06;1.8290079e-06;1.7070615e-05;1.0;1.0;9305.102;25
968635086;968446497;0.8382824;-0.021802343;-0.024348192;0.5442559;-15.644386;73.30087;0.050203435;0.0;0.0;-1.6889958;-0.003959819;-0.0016842039;-0.0015221083;0.3024652;-0.10875053;-0.008557465;0.27442572;0.00067448756;-0.14876622;0.16292024;-0.0057567162;-0.18945704;0.0;0.0;-1.147484;0.00045102276;0.00015659303;0.00039599536;74.3848;160.53156;0.015480361;934282.1;984867.6;0.26317337;4.0014964e-07;4.4982463e-07;4.0176118e-07;0.0006062428;0.0005828117;2.1443715e-05;2.7046342e-06;6.0534276e-06;1.9140161e-05;2.9346393e-06;1.8264468e-06;1.7069433e-05;1.0;1.0;9312.224;25
969129749;968941253;0.9549976;0.009846291;-0.027897634;0.29513448;-15.292925;73.34801;0.032581743;0.0;0.0;-1.6663897;-0.003942988;-0.0016397968;-0.0015289858;0.3024094;-0.10866011;-0.00861285;0.27444282;0.0006718749;-0.14879982;0.16291325;-0.0057664723;-0.18946283;0.0;0.0;-1.147484;0.0004402392;0.00015723908;0.00039366676;74.74495;159.85007;0.015221655;940135.25;993223.2;0.26102442;3.9823456e-07;4.4836716e-07;4.014534e-07;0.0006061556;0.00058280566;2.1461736e-05;2.7061367e-06;6.0466523e-06;1.9139985e-05;2.9337207e-06;1.8258241e-06;1.7068129e-05;1.0;1.0;9319.209;25
969634508;969445905;0.9711062;0.014693353;-0.02203253;0.23717433;-15.097748;73.31898;0.04807813;0.0;0.0;-1.6565378;-0.0039371215;-0.0016503506;-0.0014734719;0.30235574;-0.10862639;-0.008641894;0.27447346;0.00067110447;-0.1487965;0.16291685;-0.0057397103;-0.18948892;0.0;0.0;-1.147484;0.00043139188;0.00015747084;0.00039107483;75.134445;151.86987;0.014673138;946186.3;910811.06;0.25943786;3.963249e-07;4.4741785e-07;4.0070444e-07;0.0006053502;0.0005823881;2.1487464e-05;2.7074093e-06;6.036479e-06;1.9138342e-05;2.9283683e-06;1.8243961e-06;1.7065277e-05;1.0;1.0;9326.331;25
970139054;969950558;0.94244164;0.013455376;-0.026788859;0.33302432;-14.884492;73.25222;0.041836023;0.0;0.0;-1.6350781;-0.0039253864;-0.0016562028;-0.0014198485;0.30230898;-0.10858101;-0.008673888;0.27449816;0.000670083;-0.14879997;0.16292217;-0.005719024;-0.1895115;0.0;0.0;-1.147484;0.00042317613;0.00015777067;0.00038854778;75.52479;151.47305;0.014245171;952304.25;918804.25;0.25729325;3.9469955e-07;4.4644986e-07;4.0004073e-07;0.00060529093;0.0005824045;2.1514517e-05;2.7090282e-06;6.02794e-06;1.913884e-05;2.9250325e-06;1.8234788e-06;1.7063998e-05;1.0;1.0;9333.453;25
970633898;970445316;0.9004632;0.008197818;-0.036821023;0.4332933;-14.476354;73.37654;0.061928503;0.0;0.0;-1.6173998;-0.0038976178;-0.0016156839;-0.0013956658;0.30225667;-0.10850479;-0.008714428;0.27451146;0.00066778366;-0.14881864;0.16292128;-0.005720579;-0.18953094;0.0;0.0;-1.147484;0.00041630398;0.00015794643;0.00038633335;75.886185;151.15605;0.014145042;958315.44;926738.4;0.25935644;3.9323862e-07;4.45194e-07;3.993437e-07;0.0006052356;0.0005824236;2.1536975e-05;2.7104397e-06;6.0193447e-06;1.9139143e-05;2.9240807e-06;1.8230307e-06;1.7062925e-05;1.0;1.0;9340.436;25
971128571;970940073;0.8940216;-0.0049640294;-0.031702977;0.4468734;-14.078719;73.426765;0.052030608;0.0;0.0;-1.6095841;-0.0038839167;-0.0015738184;-0.0013988443;0.3022144;-0.108459115;-0.008739445;0.27452964;0.00066562364;-0.14883955;0.16291775;-0.0057276874;-0.18953858;0.0;0.0;-1.147484;0.00041056247;0.00015889497;0.00038514278;76.283485;150.89236;0.013955324;964415.94;934740.75;0.25610906;3.9223923e-07;4.4481448e-07;3.993463e-07;0.000605194;0.00058245123;2.1565604e-05;2.7122314e-06;6.0127068e-06;1.9141271e-05;2.9236942e-06;1.8225892e-06;1.7062603e-05;1.0;1.0;9347.418;25
971633308;971444726;0.93635607;0.007850151;-0.027153835;0.349912;-13.660365;73.53858;0.06141644;0.0;0.0;-1.5961202;-0.0038613733;-0.0015278924;-0.0013931547;0.30215925;-0.108385965;-0.008776526;0.27454397;0.0006630721;-0.14886855;0.16291694;-0.005733734;-0.18955158;0.0;0.0;-1.147484;0.00040538286;0.00015917067;0.000383432;76.66217;150.71976;0.013916098;970650.9;943013.5;0.25903836;3.910599e-07;4.4389722e-07;3.988498e-07;0.00060515734;0.00058247795;2.1590518e-05;2.7137603e-06;6.0042817e-06;1.914233e-05;2.9229386e-06;1.8222108e-06;1.7062122e-05;1.0;1.0;9354.54;25
972128145;971939483;0.97513723;0.0049138055;-0.028961025;0.21964622;-13.385802;73.49096;0.064258456;0.0;0.0;-1.5894986;-0.0038590233;-0.0015270772;-0.001353604;0.30210546;-0.10835253;-0.008800511;0.27456895;0.00066212716;-0.14888139;0.16292833;-0.005718141;-0.18956201;0.0;0.0;-1.147484;0.00040107052;0.00015956846;0.00038168606;77.072105;150.62187;0.013685254;976882.6;951203.7;0.25578877;3.900341e-07;4.4369497e-07;3.9836561e-07;0.00060514116;0.00058251334;2.1624597e-05;2.715481e-06;5.995794e-06;1.9143885e-05;2.9194616e-06;1.8213725e-06;1.7061328e-05;1.0;1.0;9361.5205;25
972632618;972444136;0.96460557;-0.21483247;-0.032500528;0.14942132;-13.53069;73.32021;0.04919687;0.0;0.0;-1.6115534;-0.0039163833;-0.0015926776;-0.0012943276;0.30198866;-0.10834432;-0.008839585;0.2745991;0.000662189;-0.14905632;0.16293725;-0.0057064085;-0.18938607;0.0;0.0;-1.147484;0.00039714138;0.00016038191;0.00037942934;77.515976;150.6382;0.013112477;983306.0;959665.5;0.2533531;3.897631e-07;4.4418442e-07;3.9873362e-07;0.00060513726;0.00058254984;2.1662496e-05;2.7161311e-06;5.989344e-06;1.905495e-05;2.912682e-06;1.8190494e-06;1.6961958e-05;1.0;1.0;9368.593;25
973137216;972948789;0.99315476;0.056899823;-0.053503033;0.0868529;-13.678753;73.08979;0.06719847;0.0;0.0;-1.6076508;-0.0039561572;-0.0016663973;-0.0012128623;0.301841;-0.10825624;-0.008931744;0.2746442;0.00066199724;-0.14928131;0.16292682;-0.0056654247;-0.18918426;0.0;0.0;-1.147484;0.00038867656;0.00015974672;0.00037614632;77.869606;150.4136;0.012814467;989625.0;968179.44;0.24987686;3.8842137e-07;4.423531e-07;3.9824656e-07;0.0006051057;0.00058257015;2.1680926e-05;2.7158205e-06;5.9810263e-06;1.8998437e-05;2.9029675e-06;1.8163402e-06;1.6902737e-05;1.0;1.0;9375.654;25
973631892;973443546;0.9880695;-0.054410253;-0.02898996;-0.14113058;-14.134174;72.55761;0.08386113;0.0;0.0;-1.6360807;-0.0040535256;-0.0017773705;-0.0011674392;0.30167818;-0.10818459;-0.0090317;0.27469644;0.0006642075;-0.14931239;0.16295856;-0.005559416;-0.18915609;0.0;0.0;-1.147484;0.00038034876;0.00015851649;0.0003731526;78.21777;150.32259;0.012828331;995870.56;976637.2;0.2511964;3.8759757e-07;4.4073818e-07;3.9778374e-07;0.0006050842;0.00058259215;2.1700089e-05;2.713957e-06;5.972646e-06;1.8993624e-05;2.884647e-06;1.81042e-06;1.6896778e-05;1.0;1.0;9382.507;25
974126821;973938304;0.9141322;0.042963743;-0.056804493;-0.39911145;-14.932222;71.92127;0.038598996;0.0;0.0;-1.6578813;-0.0041994653;-0.001968133;-0.0011572973;0.30154175;-0.10810707;-0.009132917;0.27478108;0.000669109;-0.14940377;0.16301824;-0.005367933;-0.18904369;0.0;0.0;-1.147484;0.00036951975;0.0001561228;0.000370197;74.67735;150.27507;0.01210308;911111.2;985134.9;0.24703501;3.8753538e-07;4.4021346e-07;3.980862e-07;0.00060483435;0.00058250985;2.152852e-05;2.6954167e-06;5.9659765e-06;1.895629e-05;2.8538657e-06;1.7989189e-06;1.6887167e-05;1.0;1.0;9389.302;25
974631448;974442956;0.77273536;0.019204004;-0.023095278;-0.6340172;-16.145802;70.72084;0.0044407584;0.0;0.0;-1.685226;-0.004410839;-0.0022446814;-0.001245799;0.30146635;-0.10804592;-0.009217131;0.27474007;0.0006772984;-0.14927669;0.16321258;-0.005092031;-0.1890753;0.0;0.0;-1.147484;0.00035570672;0.00015169302;0.00036546044;75.02849;150.24596;0.011545118;917035.06;993921.6;0.2435064;3.8768488e-07;4.393626e-07;3.9796458e-07;0.00060482597;0.00058253406;2.1553913e-05;2.6842208e-06;5.9577483e-06;1.8946086e-05;2.802902e-06;1.7771707e-06;1.6870707e-05;1.0;1.0;9396.076;25
975136564;974947609;0.6624146;-0.055522513;0.081660174;-0.74260074;-17.516886;69.323235;0.05242884;0.0;0.0;-1.7192396;-0.004634758;-0.002560033;-0.0013374402;0.30130294;-0.10795453;-0.009361545;0.27476412;0.0006822008;-0.14932002;0.16326906;-0.0048374245;-0.18892789;0.0;0.0;-1.147484;0.00034015134;0.00014589046;0.00036029148;75.34209;142.92265;0.011464425;922945.06;911636.44;0.24461386;3.882792e-07;4.385752e-07;3.9791593e-07;0.00060404954;0.000582131;2.1572654e-05;2.666323e-06;5.9480794e-06;1.8943147e-05;2.743572e-06;1.7512233e-06;1.6866254e-05;1.0;1.0;9402.68;25
975630688;975442367;0.74063313;0.012882672;-0.013883631;-0.6716428;-18.498268;68.11884;-0.0017018368;0.0;0.0;-1.7432324;-0.00478783;-0.0028300614;-0.0013939928;0.30120704;-0.10794518;-0.009445967;0.27481967;0.0006844543;-0.14939892;0.16323413;-0.0046663936;-0.18874575;0.0;0.0;-1.147484;0.0003275648;0.0001415838;0.000357149;75.71249;143.08585;0.0112053845;928893.7;919641.6;0.24036969;3.8985104e-07;4.3960407e-07;3.986948e-07;0.00060405704;0.0005821608;2.1604563e-05;2.6524503e-06;5.9417116e-06;1.8935361e-05;2.6986254e-06;1.7305883e-06;1.6855945e-05;1.0;1.0;9408.971;25
976135401;975947019;0.86015683;-0.0058567715;-0.00082393165;-0.5099953;-19.881432;66.862305;-0.0048685544;0.0;0.0;-1.7804855;-0.004923654;-0.003107787;-0.0014437943;0.30113488;-0.10796159;-0.009517498;0.27482098;0.0006870924;-0.14930615;0.16325115;-0.0044952417;-0.18871567;0.0;0.0;-1.147484;0.00031790984;0.00013843855;0.00035388055;76.09191;143.35732;0.010907062;935015.25;927892.56;0.23697242;3.9176686e-07;4.406756e-07;3.990336e-07;0.000604065;0.0005821931;2.1637206e-05;2.6402056e-06;5.9336057e-06;1.8938588e-05;2.6582059e-06;1.7107416e-06;1.6854674e-05;1.0;1.0;9415.241;25
976630276;976441777;0.9371984;-0.081926614;0.013852309;-0.33875564;-20.872696;65.844345;0.013808273;0.0;0.0;-1.8086253;-0.004999759;-0.0033400878;-0.0014226895;0.3010652;-0.10796062;-0.009584175;0.2749327;0.00068836525;-0.14944835;0.16319945;-0.004349717;-0.18850538;0.0;0.0;-1.147484;0.00031261065;0.00013729213;0.0003515646;76.48859;143.76399;0.010777337;941097.94;936081.4;0.23754598;3.9423043e-07;4.4206914e-07;3.9926894e-07;0.00060408044;0.0005822294;2.1672846e-05;2.6322257e-06;5.925449e-06;1.893073e-05;2.6315224e-06;1.6973464e-06;1.6844953e-05;1.0;1.0;9421.264;25
977135092;976946431;0.9834353;0.022043781;-0.017184991;-0.17909184;-21.763742;65.02924;-0.060247786;0.0;0.0;-1.8234687;-0.0050303154;-0.0035244476;-0.0013571843;0.30103898;-0.1079721;-0.009632992;0.27504188;0.0006897206;-0.14965786;0.16317451;-0.004238063;-0.18824467;0.0;0.0;-1.147484;0.0003097392;0.00013752165;0.00034982132;76.91272;144.2474;0.010495583;947350.1;944514.8;0.23423268;3.9677442e-07;4.433786e-07;3.9937458e-07;0.00060409313;0.0005822669;2.1707148e-05;2.6283155e-06;5.9174426e-06;1.8913433e-05;2.6150942e-06;1.688497e-06;1.682491e-05;1.0;1.0;9427.3125;25
977639401;977451082;0.99964744;0.012519888;-0.023391198;0.0010478544;-22.264225;64.54542;-0.036381867;0.0;0.0;-1.8253455;-0.005041508;-0.0036193214;-0.0013153007;0.3010194;-0.107965976;-0.009687901;0.27506807;0.0006903396;-0.14961348;0.16318741;-0.004172383;-0.18825826;0.0;0.0;-1.147484;0.00030850098;0.00013878354;0.00034987566;77.31827;144.69232;0.010299372;953595.6;953022.2;0.23113352;3.9928818e-07;4.4458554e-07;3.9984718e-07;0.0006040971;0.0005822989;2.173268e-05;2.6285763e-06;5.911327e-06;1.8915445e-05;2.6063994e-06;1.6837301e-06;1.6823931e-05;1.0;1.0;9433.279;25
978134188;977945839;0.974223;-0.0077400813;0.09618895;0.2039054;-22.357447;64.329185;-0.05298056;0.0;0.0;-1.8502151;-0.0050240434;-0.0036097008;-0.0012416258;0.30099085;-0.10794142;-0.00971222;0.27507535;0.0006909616;-0.14955363;0.16320243;-0.004132729;-0.18831594;0.0;0.0;-1.147484;0.0003103798;0.00014017343;0.00034974364;77.73858;145.27376;0.010347245;959813.06;961459.3;0.23196882;4.021036e-07;4.4542256e-07;3.9938982e-07;0.0006041127;0.0005823354;2.1762573e-05;2.6301072e-06;5.903297e-06;1.8902716e-05;2.6003536e-06;1.6813245e-06;1.6811025e-05;1.0;1.0;9439.09;25
978629190;978440597;0.9002024;-0.08167378;-0.11894728;0.41087312;-22.019875;64.3583;0.03352331;0.0;0.0;-1.8240371;-0.0049977186;-0.00352891;-0.0011908257;0.3009714;-0.107891396;-0.009738277;0.2750646;0.00069168606;-0.14950818;0.16323745;-0.0041013216;-0.18837439;0.0;0.0;-1.147484;0.00031182723;0.00014103035;0.00034941142;78.11716;145.75243;0.010338749;966011.4;969958.2;0.22871213;4.0451798e-07;4.4556936e-07;3.9855803e-07;0.000604118;0.00058236415;2.178219e-05;2.631473e-06;5.8952983e-06;1.8869267e-05;2.5950126e-06;1.68043e-06;1.677748e-05;1.0;1.0;9444.9;25
979133605;978945249;0.7883764;0.084771216;-0.16884542;0.58546376;-22.017784;64.14534;-0.03262531;0.0;0.0;-1.8044343;-0.0049994695;-0.00349037;-0.0012136939;0.30097213;-0.10788327;-0.009773105;0.27511448;0.0006895522;-0.14958413;0.1631896;-0.0041075377;-0.18830001;0.0;0.0;-1.147484;0.0003141491;0.00014140704;0.00034925126;78.53347;146.30536;0.01049547;972372.2;978707.0;0.22651975;4.0709952e-07;4.4625003e-07;3.9852372e-07;0.0006041218;0.00058239256;2.1800453e-05;2.631214e-06;5.8892647e-06;1.8828296e-05;2.5891284e-06;1.6791529e-06;1.6725751e-05;1.0;1.0;9450.777;25
979628321;979440007;0.6603183;0.16701032;0.16054016;0.7143628;-21.04177;64.33031;-0.17099558;0.0;0.0;-1.8113953;-0.004958247;-0.0032750494;-0.0012479004;0.30093583;-0.10777642;-0.009837264;0.27514097;0.0006883571;-0.14949597;0.16312616;-0.0040719756;-0.18841559;0.0;0.0;-1.147484;0.00031478336;0.00014000565;0.0003483211;78.92956;146.85637;0.0111058755;978652.25;987361.1;0.22854997;4.09643e-07;4.4657622e-07;3.9777362e-07;0.00060413335;0.0005824219;2.181886e-05;2.6254836e-06;5.8813334e-06;1.8658126e-05;2.578808e-06;1.6739228e-06;1.655852e-05;1.0;1.0;9456.529;25
980133214;979944659;0.5766701;-0.020256016;-0.07397066;0.81336945;-20.562422;64.29544;-0.11111698;0.0;0.0;-1.8364927;-0.0049511665;-0.003186692;-0.0013378328;0.30094987;-0.107736245;-0.009851059;0.27517015;0.0006874694;-0.14910579;0.1631006;-0.003985875;-0.18882158;0.0;0.0;-1.147484;0.00031391127;0.00013816044;0.00034787075;79.30657;147.3702;0.011215873;985098.1;996258.06;0.22739854;4.1207647e-07;4.47233e-07;3.9712071e-07;0.0006041596;0.0005824536;2.1840911e-05;2.6193838e-06;5.87353e-06;1.8581859e-05;2.561514e-06;1.6663405e-06;1.648374e-05;1.0;1.0;9462.389;25
980637635;980449312;0.40081173;-0.024272487;-0.039038815;0.9150065;-20.47512;64.108154;-0.050105717;0.0;0.0;-1.8611993;-0.0049715387;-0.0031762891;-0.0013776834;0.3008874;-0.107683726;-0.009929164;0.2752372;0.000684607;-0.1490723;0.16302064;-0.00396415;-0.18887323;0.0;0.0;-1.147484;0.00030951682;0.00013542993;0.0003474214;79.622345;140.40663;0.011315379;991406.94;913824.06;0.22664161;4.1374656e-07;4.4746957e-07;3.9704364e-07;0.0006033791;0.000582049;2.183571e-05;2.6124274e-06;5.8662235e-06;1.85744e-05;2.5416323e-06;1.657814e-06;1.6475162e-05;1.0;1.0;9468.195;25
981132831;980944069;0.17940795;-0.033255454;-0.00024671125;0.98321253;-20.769716;63.50648;-0.038386382;0.0;0.0;-1.8820715;-0.005022545;-0.0032404128;-0.001399369;0.30080354;-0.10767395;-0.010026346;0.27527452;0.0006805977;-0.14905679;0.16290238;-0.0039765225;-0.18886982;0.0;0.0;-1.147484;0.00030367993;0.00013142962;0.0003454976;79.93732;140.7458;0.011663869;997702.56;921865.6;0.22982618;4.1585244e-07;4.4828596e-07;3.9658372e-07;0.0006033957;0.0005820599;2.1842532e-05;2.5997556e-06;5.8583955e-06;1.8573313e-05;2.5108177e-06;1.6442449e-06;1.6471347e-05;1.0;1.0;9473.819;25
981627159;981438827;-0.10551668;-0.03263029;0.0014668665;0.99388105;-21.473063;62.460594;-0.03438073;0.0;0.0;-1.8883198;-0.005108227;-0.0033837531;-0.0014019461;0.3007278;-0.10774699;-0.010116142;0.27524307;0.0006764037;-0.1490104;0.16276489;-0.004027202;-0.18883559;0.0;0.0;-1.147484;0.00029589867;0.00012648212;0.00034316024;76.24359;141.10786;0.011832875;912832.4;929939.5;0.22904667;4.181347e-07;4.5007175e-07;3.965269e-07;0.0006031599;0.00058199686;2.1654756e-05;2.5704385e-06;5.8504475e-06;1.8544739e-05;2.4724043e-06;1.6269494e-06;1.6469688e-05;1.0;1.0;9479.343;25
982132054;981943479;-0.30686775;-0.0126055;-0.008929356;0.9516269;-22.2898;61.443356;-0.028552156;0.0;0.0;-1.8801113;-0.005196845;-0.0035293165;-0.0014047965;0.30066815;-0.10783482;-0.010207675;0.27514002;0.0006740544;-0.14894955;0.16270259;-0.00406882;-0.18878688;0.0;0.0;-1.147484;0.0002863442;0.00012229524;0.0003418924;76.5946;141.47472;0.011788194;918828.6;938278.2;0.2289977;4.2071443e-07;4.5262627e-07;3.9743395e-07;0.00060318696;0.00058200734;2.1671762e-05;2.5560157e-06;5.8445858e-06;1.8547953e-05;2.43814e-06;1.611259e-06;1.6469003e-05;1.0;1.0;9484.86;25
982636454;982448132;-0.32589602;-0.042147495;0.043248508;0.94347495;-23.401304;60.367893;-0.0075877598;0.0;0.0;-1.8744959;-0.005301905;-0.003687554;-0.0014181002;0.3005955;-0.107910216;-0.010326149;0.27495572;0.0006730646;-0.14887315;0.16271839;-0.0040947148;-0.18871398;0.0;0.0;-1.147484;0.00027642355;0.00011811703;0.0003394717;76.91448;141.77974;0.011803819;924823.75;946663.06;0.23311642;4.2337786e-07;4.5512317e-07;3.9779786e-07;0.00060320605;0.00058201025;2.1685091e-05;2.5389074e-06;5.8369337e-06;1.8548375e-05;2.400909e-06;1.5937419e-06;1.6465434e-05;1.0;1.0;9490.264;25
983131213;982942889;-0.32823348;-0.040948205;0.0480729;0.9424835;-24.40155;59.27507;-0.006507159;0.0;0.0;-1.8638779;-0.005389354;-0.0038253171;-0.0014227787;0.30053985;-0.108007304;-0.010420149;0.27475545;0.00067237316;-0.1488027;0.16274941;-0.0041354964;-0.1886291;0.0;0.0;-1.147484;0.0002670777;0.00011452988;0.0003371204;77.238365;142.06969;0.0117403;930750.44;954946.5;0.23196508;4.259916e-07;4.5789233e-07;3.9807497e-07;0.0006032247;0.0005820057;2.16994e-05;2.52252e-06;5.8292026e-06;1.8547506e-05;2.366776e-06;1.5776141e-06;1.6460195e-05;1.0;1.0;9495.467;25
983636252;983447542;-0.33084124;-0.032400828;0.04276523;0.94215995;-25.41772;58.307945;0.049300365;0.0;0.0;-1.846995;-0.005462192;-0.0039366228;-0.0014060237;0.30046946;-0.10811285;-0.010524838;0.2745287;0.00067196554;-0.1487606;0.16279158;-0.0042026094;-0.18850844;0.0;0.0;-1.147484;0.00025760778;0.00011122774;0.0003349994;77.54244;142.29288;0.011683563;936787.0;963443.1;0.23140122;4.2874538e-07;4.6082934e-07;3.984098e-07;0.000603233;0.00058198645;2.1708469e-05;2.506948e-06;5.821583e-06;1.8540977e-05;2.3353207e-06;1.562621e-06;1.6448874e-05;1.0;1.0;9500.685;25
984130636;983942299;-0.3229203;-0.027892241;0.04524348;0.94493264;-26.24622;57.483406;0.04213771;0.0;0.0;-1.8222833;-0.00551727;-0.004018747;-0.0013884308;0.3004041;-0.10820883;-0.010622885;0.2743441;0.0006718163;-0.14872055;0.1628241;-0.0042594485;-0.18841049;0.0;0.0;-1.147484;0.00024936773;0.00010861912;0.000334181;77.86182;142.56204;0.011719777;942763.6;971845.5;0.23436898;4.317788e-07;4.6412345e-07;3.9930083e-07;0.00060324;0.00058195874;2.1720434e-05;2.494465e-06;5.815679e-06;1.8537e-05;2.3103012e-06;1.5508163e-06;1.6440637e-05;1.0;1.0;9505.731;25
984635300;984446952;-0.25853992;-0.015869902;0.04921581;0.9646155;-27.169554;56.46456;0.03985486;0.0;0.0;-1.7813483;-0.0055675125;-0.0041027777;-0.001365876;0.30036163;-0.10835417;-0.010706193;0.27415618;0.0006720982;-0.14867195;0.16285059;-0.0043205223;-0.1883035;0.0;0.0;-1.147484;0.00024258521;0.00010638663;0.0003328441;78.23285;142.96516;0.011669829;949009.9;980509.06;0.23367992;4.349668e-07;4.678837e-07;3.9974447e-07;0.0006032516;0.0005819125;2.174583e-05;2.4801484e-06;5.8080886e-06;1.853337e-05;2.2829443e-06;1.5382923e-06;1.643155e-05;1.0;1.0;9510.797;25
985130440;984941709;-0.1273561;-0.015727496;0.0430651;0.9907969;-28.058817;55.577374;0.068011776;0.0;0.0;-1.7541372;-0.005615636;-0.004161861;-0.001330188;0.30026904;-0.108461276;-0.01081314;0.27402943;0.0006723339;-0.14863361;0.16282748;-0.004375416;-0.18820573;0.0;0.0;-1.147484;0.00023578283;0.00010433364;0.00033127022;78.55152;143.23486;0.011641308;955084.5;989031.3;0.23205677;4.380514e-07;4.7147867e-07;3.9988018e-07;0.0006032429;0.0005818271;2.176017e-05;2.4659896e-06;5.8004166e-06;1.8527833e-05;2.2568063e-06;1.5276066e-06;1.6422193e-05;1.0;1.0;9515.699;25
985634687;985446362;0.002185259;-0.0028647508;0.022033446;0.99975073;-28.65804;54.778732;0.09638754;0.0;0.0;-1.7283827;-0.005648969;-0.004192914;-0.0013107962;0.30019706;-0.10851887;-0.010875151;0.2739704;0.00067229214;-0.14860292;0.16279517;-0.004404545;-0.1881471;0.0;0.0;-1.147484;0.00023109285;0.00010304403;0.00033136128;78.9185;143.64572;0.011882463;961401.06;997828.56;0.23577474;4.4154044e-07;4.7554624e-07;4.0062648e-07;0.00060323754;0.0005817276;2.1784232e-05;2.4557055e-06;5.7946545e-06;1.8525212e-05;2.2353424e-06;1.520155e-06;1.6415763e-05;1.0;1.0;9520.632;25
986129456;985941119;0.11798665;0.057242252;0.0296982;0.990919;-29.1655;54.025856;0.095611125;0.0;0.0;-1.6780947;-0.005673404;-0.00421292;-0.0013157337;0.30014965;-0.10859429;-0.010937484;0.27399048;0.00067074253;-0.14862116;0.16271733;-0.0044152373;-0.18806893;0.0;0.0;-1.147484;0.00022691405;0.00010205296;0.00033018042;79.272194;136.85582;0.011950106;967597.8;915017.7;0.23436895;4.445075e-07;4.7925874e-07;4.00239e-07;0.00060240657;0.0005811551;2.1800115e-05;2.4433052e-06;5.7857796e-06;1.8516603e-05;2.2115971e-06;1.5131444e-06;1.6405756e-05;1.0;1.0;9525.397;25
986634259;986445772;0.23032421;0.07632237;0.015856965;0.96998674;-29.358715;53.510315;0.075322255;0.0;0.0;-1.6503592;-0.005685512;-0.004216767;-0.0013626015;0.3001;-0.108571514;-0.010969318;0.27408618;0.0006668095;-0.14872338;0.1626028;-0.004400883;-0.18794803;0.0;0.0;-1.147484;0.00022368034;0.00010152367;0.0003290339;79.631744;137.23576;0.012094762;973979.94;923136.25;0.2338846;4.4787905e-07;4.833604e-07;3.9969856e-07;0.000602377;0.00058094703;2.1822438e-05;2.432027e-06;5.7782904e-06;1.849122e-05;2.189789e-06;1.5075234e-06;1.6381306e-05;1.0;1.0;9530.201;25
987138990;986950424;0.33129486;0.006503357;-0.021254065;0.94326544;-29.470362;53.19723;0.08070807;0.0;0.0;-1.6358603;-0.0056927633;-0.0042096535;-0.0014043708;0.3000405;-0.10854007;-0.011027197;0.27416906;0.0006626536;-0.148789;0.16249877;-0.0043991883;-0.1878711;0.0;0.0;-1.147484;0.00022073401;0.00010147727;0.00032863498;79.95907;137.49731;0.012273507;980306.5;931286.2;0.23347549;4.5128434e-07;4.8731715e-07;3.9958198e-07;0.0006023375;0.0005806827;2.1834054e-05;2.4245821e-06;5.772613e-06;1.8481089e-05;2.1721703e-06;1.5036826e-06;1.6371017e-05;1.0;1.0;9534.955;25
987633997;987445181;0.40850794;0.009526452;-0.01353608;0.9126047;-29.482302;52.948986;0.070135646;0.0;0.0;-1.6204728;-0.0056941053;-0.004200754;-0.0014509642;0.2999857;-0.1084867;-0.01107199;0.27424097;0.0006579595;-0.14881949;0.16240396;-0.004399065;-0.18783791;0.0;0.0;-1.147484;0.00021908747;0.00010164676;0.00032732857;80.28263;137.78029;0.012569842;986564.44;939328.6;0.23699039;4.5469235e-07;4.9125924e-07;3.9842558e-07;0.0006023099;0.0005804143;2.1847967e-05;2.4173332e-06;5.765093e-06;1.8480188e-05;2.15294e-06;1.4998807e-06;1.6368922e-05;1.0;1.0;9539.594;25
988138197;987949834;0.45533204;-0.007740629;-0.010681787;0.8902241;-29.427584;52.86956;0.058780905;0.0;0.0;-1.6130639;-0.005688185;-0.004187013;-0.0014987167;0.29991326;-0.108398765;-0.011133343;0.27432257;0.0006524768;-0.14884722;0.16230226;-0.004403687;-0.18782222;0.0;0.0;-1.147484;0.00021719115;0.00010207833;0.00032591596;80.58874;137.95776;0.012784822;992918.6;947559.8;0.23687357;4.5802736e-07;4.9506696e-07;3.9716875e-07;0.00060227694;0.00058007933;2.1855343e-05;2.4113842e-06;5.7577067e-06;1.848001e-05;2.1351552e-06;1.4964163e-06;1.6367861e-05;1.0;1.0;9544.289;25
988633108;988444591;0.47898123;-0.020112965;-0.011500595;0.8775194;-29.380161;52.745586;0.08377635;0.0;0.0;-1.5993496;-0.005679824;-0.004175678;-0.0015375655;0.29985994;-0.108336724;-0.011178423;0.27439642;0.0006476833;-0.14885375;0.16221175;-0.004414507;-0.1878306;0.0;0.0;-1.147484;0.00021615894;0.00010295908;0.00032554247;80.90502;138.166;0.013097176;999217.3;955700.94;0.24072435;4.6144e-07;4.988368e-07;3.9666477e-07;0.0006022548;0.00057977263;2.1866528e-05;2.4077676e-06;5.75202e-06;1.8481705e-05;2.12078e-06;1.493642e-06;1.6367652e-05;1.0;1.0;9548.879;25
989127848;988939349;0.47863954;-0.018993683;-0.0063302224;0.8777832;-29.295853;52.586235;0.08635845;0.0;0.0;-1.5871099;-0.00566951;-0.004164167;-0.0015894508;0.29980606;-0.10825849;-0.011209573;0.27447668;0.0006421201;-0.14885674;0.1621069;-0.0044277823;-0.1878437;0.0;0.0;-1.147484;0.00021503012;0.0001033724;0.00032415768;77.109795;138.31021;0.013284128;914181.75;963843.06;0.24001111;4.6462122e-07;5.024798e-07;3.9534004e-07;0.00060196896;0.0005793677;2.1679576e-05;2.3905957e-06;5.7445022e-06;1.845173e-05;2.1047463e-06;1.4904056e-06;1.6367238e-05;1.0;1.0;9553.446;25
989632464;989444001;0.4782149;-0.018690124;-0.016282465;0.877893;-29.211557;52.39572;0.09107727;0.0;0.0;-1.5725667;-0.0056570205;-0.0041542025;-0.0016382345;0.29975876;-0.10817376;-0.011225477;0.27455392;0.0006368777;-0.14886297;0.16200945;-0.004440967;-0.18785433;0.0;0.0;-1.147484;0.00021423418;0.000104589904;0.00032294414;77.43952;138.47542;0.013495358;920165.25;972243.06;0.24027197;4.6784987e-07;5.061653e-07;3.9417623e-07;0.00060195226;0.00057903543;2.1699625e-05;2.3865946e-06;5.7372276e-06;1.8453793e-05;2.0893478e-06;1.4873923e-06;1.6367034e-05;1.0;1.0;9558.078;25
990137387;989948654;0.4778273;-0.017007021;-0.0131023135;0.8781914;-29.107407;52.150074;0.0919409;0.0;0.0;-1.5457758;-0.005641305;-0.004146322;-0.0016860102;0.29972535;-0.10812069;-0.0112387445;0.27463138;0.000631683;-0.14887547;0.16191329;-0.0044565345;-0.18786147;0.0;0.0;-1.147484;0.00021360016;0.00010601377;0.00032175455;77.77706;138.61798;0.013704436;926207.94;980690.8;0.2406409;4.7101247e-07;5.0976405e-07;3.9307182e-07;0.00060193666;0.0005787276;2.1723357e-05;2.3828086e-06;5.7299912e-06;1.8456009e-05;2.0745465e-06;1.4844884e-06;1.6366897e-05;1.0;1.0;9562.668;25
990631728;990443411;0.47757944;-0.017995762;-0.012528163;0.8783149;-28.985464;51.998703;0.11179408;0.0;0.0;-1.5348206;-0.0056258123;-0.004135258;-0.0017232556;0.29967305;-0.108029686;-0.011256027;0.2747008;0.0006273013;-0.14888488;0.16183303;-0.0044691316;-0.18786666;0.0;0.0;-1.147484;0.00021324882;0.00010772455;0.00032147605;78.10997;138.74727;0.014046673;932165.6;989025.75;0.2450143;4.74225e-07;5.132274e-07;3.92753e-07;0.0006019228;0.00057848525;2.174644e-05;2.3801433e-06;5.7244324e-06;1.8458186e-05;2.0623022e-06;1.4820926e-06;1.6366817e-05;1.0;1.0;9567.152;25
991136396;990948063;0.47740328;-0.017884078;-0.017146405;0.878335;-28.861128;51.781242;0.09807726;0.0;0.0;-1.5127866;-0.0056080082;-0.0041259965;-0.0017676504;0.29963136;-0.10796173;-0.0112636825;0.27477643;0.00062238344;-0.14889722;0.16174215;-0.0044857888;-0.18787213;0.0;0.0;-1.147484;0.0002126453;0.00010946461;0.00032024927;78.44938;138.80447;0.0142283;938292.75;997543.8;0.24545275;4.7720255e-07;5.165355e-07;3.917341e-07;0.00060190435;0.00057824556;2.1773236e-05;2.3766354e-06;5.717263e-06;1.846034e-05;2.048511e-06;1.4793853e-06;1.6366683e-05;1.0;1.0;9571.685;25
991631642;991442821;0.4766288;-0.019183245;-0.018664801;0.87869716;-28.773926;51.69224;0.09957508;0.0;0.0;-1.499127;-0.0055917148;-0.0041060136;-0.001810349;0.2995623;-0.1078988;-0.011316094;0.27485228;0.0006173001;-0.14890602;0.16164866;-0.004503385;-0.18787692;0.0;0.0;-1.147484;0.00021157153;0.000111045796;0.0003188478;78.739456;131.72255;0.014522568;944214.25;914473.6;0.24991125;4.796235e-07;5.1912366e-07;3.9058057e-07;0.00060106406;0.00057764375;2.1779337e-05;2.372753e-06;5.708886e-06;1.8461664e-05;2.035073e-06;1.4767835e-06;1.6366555e-05;1.0;1.0;9576.089;25
992135991;991947474;0.47688475;-0.017265731;-0.0141774425;0.87868196;-28.680588;51.595745;0.116420805;0.0;0.0;-1.486593;-0.005576376;-0.0040849946;-0.0018435448;0.29948825;-0.1078399;-0.011374953;0.2749183;0.0006129139;-0.14891607;0.16156912;-0.0045197336;-0.18787868;0.0;0.0;-1.147484;0.00021022772;0.000113077294;0.00031832536;79.04082;131.6022;0.014674257;950319.75;922282.4;0.25024915;4.8248387e-07;5.218042e-07;3.9039648e-07;0.0006010331;0.00057747663;2.1796322e-05;2.3700975e-06;5.7035186e-06;1.846278e-05;2.0240539e-06;1.4746156e-06;1.636641e-05;1.0;1.0;9580.571;25
992630571;992442231;0.48156318;0.055243853;-0.06579118;0.87219065;-28.46991;51.475235;0.10192853;0.0;0.0;-1.4668075;-0.0055488567;-0.0040759356;-0.0018898341;0.29943627;-0.10775127;-0.011374745;0.27499458;0.00060780905;-0.14899078;0.16148041;-0.0045378013;-0.18782061;0.0;0.0;-1.147484;0.00020923774;0.00011502188;0.00031674054;79.35387;131.48593;0.014704997;956405.2;929966.6;0.24964623;4.849058e-07;5.2433063e-07;3.8934044e-07;0.0006010035;0.0005773507;2.1821324e-05;2.3662428e-06;5.6963604e-06;1.8455365e-05;2.0117147e-06;1.4720695e-06;1.6357548e-05;1.0;1.0;9584.949;25
993135251;992946883;0.45454034;0.095285766;-0.12131966;0.8772659;-28.708605;51.1518;0.16062672;0.0;0.0;-1.4624655;-0.0055567846;-0.0040445053;-0.0019361982;0.29936296;-0.107709445;-0.011408736;0.27502158;0.00060448743;-0.14908466;0.16142522;-0.004557982;-0.18770951;0.0;0.0;-1.147484;0.00020895617;0.00011724835;0.0003147994;79.70217;131.40804;0.014899365;962732.94;937864.3;0.25004494;4.8735643e-07;5.269795e-07;3.8841517e-07;0.0006009806;0.0005772658;2.185643e-05;2.3626565e-06;5.6893364e-06;1.8410756e-05;1.9995439e-06;1.469872e-06;1.630488e-05;1.0;1.0;9589.382;25
993630103;993441640;0.4896395;0.051486764;-0.24667983;0.83471644;-28.120958;51.04626;-0.05068081;0.0;0.0;-1.4737788;-0.0054941024;-0.004046534;-0.0020062146;0.29933053;-0.10757867;-0.011390274;0.27510405;0.0005981457;-0.14945167;0.1613268;-0.004574753;-0.1873556;0.0;0.0;-1.147484;0.00020859648;0.00011952323;0.00031358813;80.0682;131.34694;0.015297059;968960.3;945668.2;0.25453267;4.8987016e-07;5.294259e-07;3.882631e-07;0.0006009709;0.0005772314;2.1887643e-05;2.3586558e-06;5.6839567e-06;1.8289993e-05;1.9895376e-06;1.4674747e-06;1.6181433e-05;1.0;1.0;9593.6875;25
994134612;993946292;0.5066067;-0.14536496;-0.020447452;0.8495885;-28.411179;50.459854;-0.041815005;0.0;0.0;-1.5420219;-0.00553074;-0.003995971;-0.002047446;0.29928753;-0.10765243;-0.011448536;0.27509367;0.0005960095;-0.14949316;0.16128524;-0.004609189;-0.18726467;0.0;0.0;-1.147484;0.00020826886;0.000121861485;0.00031148453;80.42499;131.18573;0.015574278;975363.56;953615.44;0.25487965;4.919922e-07;5.314643e-07;3.87452e-07;0.00060097774;0.0005772212;2.1921302e-05;2.356505e-06;5.6769945e-06;1.8220342e-05;1.9785655e-06;1.4655187e-06;1.6099764e-05;1.0;1.0;9598.024;25
994629365;994441050;0.5197179;-0.11743391;0.12375104;0.83713096;-28.440893;50.460125;0.07099667;0.0;0.0;-1.5811921;-0.0055182916;-0.003976294;-0.0020535344;0.2992587;-0.107689194;-0.01149701;0.2751407;0.0005931803;-0.14940016;0.16124259;-0.00462526;-0.18735969;0.0;0.0;-1.147484;0.0002072311;0.00012358295;0.00030978312;80.69094;130.9115;0.015415708;981505.56;961382.5;0.25912386;4.9342117e-07;5.325429e-07;3.8674546e-07;0.0006009883;0.0005772354;2.1932941e-05;2.3549499e-06;5.669965e-06;1.813749e-05;1.9679646e-06;1.4636872e-06;1.6013233e-05;1.0;1.0;9602.259;25
995134182;994945702;0.5827041;0.043357976;0.10207632;0.8050817;-27.67901;50.635788;0.072831675;0.0;0.0;-1.575661;-0.0053877947;-0.0040058414;-0.0021461116;0.2992396;-0.1075403;-0.011448948;0.27515075;0.00058397977;-0.14920333;0.16118905;-0.0046572993;-0.18761608;0.0;0.0;-1.147484;0.00020590318;0.00012598195;0.00030967453;81.02258;130.63107;0.015386063;987921.3;969380.8;0.25884253;4.953008e-07;5.339122e-07;3.8675432e-07;0.00060100673;0.0005772671;2.1957268e-05;2.353397e-06;5.664756e-06;1.8063729e-05;1.9603444e-06;1.4607856e-06;1.5945228e-05;1.0;1.0;9606.554;25
995632611;995440459;0.5741701;0.08035602;-0.07014288;0.81175846;-27.34016;50.456974;-0.010275555;0.0;0.0;-1.5535349;-0.005295103;-0.00402534;-0.0022096336;0.29923058;-0.10745369;-0.011415374;0.27521494;0.00057642086;-0.1493013;0.16109852;-0.0046914225;-0.18755668;0.0;0.0;-1.147484;0.00020510584;0.00012819486;0.00030822938;81.37539;130.37602;0.015737193;994309.5;977245.1;0.25765654;4.964922e-07;5.35074e-07;3.858282e-07;0.00060102594;0.0005772939;2.1987142e-05;2.3511625e-06;5.657778e-06;1.8025976e-05;1.9517513e-06;1.4577289e-06;1.5907422e-05;1.0;1.0;9610.739;25
996133523;995945112;0.55792856;-0.042786025;-0.1824824;0.8084462;-27.195574;50.224342;-0.033959627;0.0;0.0;-1.5742396;-0.005276708;-0.003997471;-0.0022564484;0.29918435;-0.1074848;-0.01145186;0.2752572;0.00057177193;-0.14935823;0.16102728;-0.0047281347;-0.18750548;0.0;0.0;-1.147484;0.00020407875;0.00012986333;0.0003065244;77.54692;130.02574;0.015778288;909834.4;985235.44;0.25737935;4.973911e-07;5.358046e-07;3.8504962e-07;0.00060078816;0.0005772664;2.1809166e-05;2.3363255e-06;5.650869e-06;1.7958177e-05;1.943114e-06;1.4552054e-06;1.5866095e-05;1.0;1.0;9614.97;25
996628219;996439869;0.5186586;-0.014930202;0.030165229;0.85431874;-27.009306;50.04852;0.03586674;0.0;0.0;-1.6055701;-0.0052461033;-0.0039882306;-0.0022910938;0.29915535;-0.107481845;-0.011461303;0.27529275;0.0005679058;-0.14936028;0.16098021;-0.0047473786;-0.1875211;0.0;0.0;-1.147484;0.00020432098;0.00013267704;0.00030626834;77.91241;129.83025;0.015661467;915801.75;993233.9;0.26185358;4.987279e-07;5.3708226e-07;3.8515623e-07;0.0006008152;0.0005772765;2.1843476e-05;2.3356326e-06;5.6456424e-06;1.7947446e-05;1.9358645e-06;1.4533405e-06;1.585195e-05;1.0;1.0;9619.071;25
997133078;996944521;0.5131412;-0.0012428975;0.04216888;0.8572668;-26.79031;49.754246;0.06634535;0.0;0.0;-1.6061889;-0.005194576;-0.003989442;-0.00233398;0.29914367;-0.10746246;-0.011453001;0.27534717;0.0005628793;-0.14935984;0.16091672;-0.004771581;-0.18754955;0.0;0.0;-1.147484;0.00020360087;0.00013515171;0.0003053536;78.26999;122.75963;0.015705714;921867.94;910346.2;0.2614466;4.990875e-07;5.3734675e-07;3.8458185e-07;0.000600018;0.00057684607;2.1863198e-05;2.333679e-06;5.6378044e-06;1.793918e-05;1.927214e-06;1.4511517e-06;1.584385e-05;1.0;1.0;9623.212;25
997637673;997449174;0.5098522;0.010133546;0.0800699;0.8564678;-26.275301;49.605602;0.06770263;0.0;0.0;-1.5958551;-0.005092357;-0.004009546;-0.002400951;0.29916173;-0.10739873;-0.011408233;0.27540055;0.0005557228;-0.14931649;0.16084823;-0.0048043896;-0.18762702;0.0;0.0;-1.147484;0.0002029035;0.00013765055;0.00030457287;78.6456;122.49059;0.01567012;928051.5;917831.9;0.260951;4.9938916e-07;5.3766405e-07;3.8408615e-07;0.00060004886;0.00057682284;2.1897136e-05;2.331624e-06;5.631057e-06;1.7906732e-05;1.9190534e-06;1.4486296e-06;1.5814314e-05;1.0;1.0;9627.291;25
998132673;997943931;0.50628334;0.017376067;0.082475334;0.8582384;-25.717016;49.58313;0.10012484;0.0;0.0;-1.5854218;-0.0049673123;-0.0040331976;-0.0024711464;0.29918778;-0.10734;-0.011364231;0.27545518;0.00054793496;-0.1492594;0.16078022;-0.0048406785;-0.18771419;0.0;0.0;-1.147484;0.00020246067;0.00013984668;0.0003038196;78.994835;122.271225;0.015833717;934117.7;925227.7;0.26494342;4.991597e-07;5.376417e-07;3.8350987e-07;0.0006000768;0.00057680137;2.1924476e-05;2.329319e-06;5.6242425e-06;1.7864917e-05;1.911139e-06;1.4460294e-06;1.5776708e-05;1.0;1.0;9631.251;25
998637479;998448583;0.5062278;0.06123362;0.080459684;0.8564521;-25.308928;49.30583;0.10248362;0.0;0.0;-1.5631217;-0.0048808623;-0.004045079;-0.0025234132;0.2991979;-0.10730793;-0.011335875;0.27549675;0.00054226455;-0.14922024;0.1607272;-0.0048663565;-0.18777211;0.0;0.0;-1.147484;0.00020145976;0.00014261594;0.00030387324;79.37164;121.98867;0.016074408;940355.6;932825.56;0.26411134;4.994636e-07;5.3742895e-07;3.8371192e-07;0.00060010346;0.00057678466;2.1952615e-05;2.3280709e-06;5.6192225e-06;1.783614e-05;1.9045069e-06;1.4439242e-06;1.5750418e-05;1.0;1.0;9635.246;25
999132137;998943340;0.50600827;0.061684154;-0.12463761;0.851244;-24.883793;49.087162;0.13175978;0.0;0.0;-1.5313752;-0.004822652;-0.004051983;-0.0025709267;0.29918322;-0.10728217;-0.011295805;0.27554476;0.0005369946;-0.1492271;0.16066612;-0.004898468;-0.1877911;0.0;0.0;-1.147484;0.00020068824;0.00014488064;0.00030275414;79.743645;121.70997;0.01593382;946556.75;940305.9;0.26217398;4.9885944e-07;5.368023e-07;3.8305689e-07;0.00060012814;0.0005767824;2.1983555e-05;2.326125e-06;5.6124663e-06;1.780451e-05;1.8968245e-06;1.4417063e-06;1.5718897e-05;1.0;1.0;9639.102;25
999636480;999447992;0.4875767;-0.090652965;0.028304556;0.8678998;-24.665419;48.6856;0.08231053;0.0;0.0;-1.5327243;-0.0048025874;-0.0040279194;-0.002605539;0.29914024;-0.107291326;-0.011333948;0.27559924;0.0005330249;-0.1492985;0.16059744;-0.0049244394;-0.18774036;0.0;0.0;-1.147484;0.00020068517;0.00014710985;0.0003017905;80.128395;121.523926;0.016164286;952900.94;948023.25;0.2672349;4.979896e-07;5.360672e-07;3.8255328e-07;0.0006001521;0.00057679473;2.2011407e-05;2.3244354e-06;5.60584e-06;1.7787623e-05;1.8890888e-06;1.4398763e-06;1.5699612e-05;1.0;1.0;9642.959;25
1000131204;999942749;0.47916156;-0.13821961;0.067197815;0.86416674;-24.65501;48.43414;0.14399138;0.0;0.0;-1.530073;-0.0048141405;-0.003992622;-0.0025930326;0.2990813;-0.10736031;-0.011411599;0.275637;0.0005314489;-0.14926718;0.16055632;-0.004942461;-0.18778193;0.0;0.0;-1.147484;0.00019966839;0.00014948269;0.00030135567;80.48955;121.24012;0.015977386;959127.2;955622.56;0.26525334;4.9745626e-07;5.3466636e-07;3.8277872e-07;0.00060017046;0.0005768122;2.2034203e-05;2.32425e-06;5.6008016e-06;1.7754428e-05;1.88262e-06;1.4387185e-06;1.5662243e-05;1.0;1.0;9646.719;25
1000625863;1000437507;0.48362154;-0.054726556;-0.036552772;0.87279963;-24.567032;48.100765;0.23135464;0.0;0.0;-1.4750782;-0.004833621;-0.003967931;-0.002578392;0.299034;-0.10742018;-0.011460483;0.27567762;0.00052991824;-0.14924414;0.16051169;-0.0049640825;-0.18781832;0.0;0.0;-1.147484;0.00019914587;0.00015161988;0.00030022406;80.878456;120.993126;0.015784945;965492.94;963268.1;0.2631816;4.9625646e-07;5.331667e-07;3.8237002e-07;0.0006001828;0.0005768356;2.2065195e-05;2.3236844e-06;5.594136e-06;1.7727882e-05;1.8753719e-06;1.437394e-06;1.5630369e-05;1.0;1.0;9650.435;25
1001130709;1000942159;0.467648;-0.08347036;-0.11479628;0.8724448;-24.786652;47.422577;0.1800073;0.0;0.0;-1.4204996;-0.004902212;-0.003891309;-0.0025942742;0.2989701;-0.10754092;-0.011557822;0.27567688;0.00052963546;-0.14920829;0.16048113;-0.0049906755;-0.18783766;0.0;0.0;-1.147484;0.00019925935;0.00015371379;0.00029888275;81.28163;120.8363;0.01628492;971988.2;971156.5;0.26802686;4.947707e-07;5.315589e-07;3.8197794e-07;0.0006001787;0.00057685975;2.209296e-05;2.3222983e-06;5.5875976e-06;1.7698845e-05;1.8679061e-06;1.4361633e-06;1.559125e-05;1.0;1.0;9654.156;25
1001635301;1001446811;0.4503704;-0.09054918;-0.14736566;0.8759286;-25.188143;46.886665;0.1471108;0.0;0.0;-1.4035554;-0.004995945;-0.003786905;-0.0025993888;0.2988618;-0.10769532;-0.011703059;0.27562544;0.0005307363;-0.14915021;0.16048488;-0.005016675;-0.1878609;0.0;0.0;-1.147484;0.00019823483;0.0001561712;0.00029800276;81.675575;120.599724;0.016388848;978485.0;979094.2;0.26703623;4.937904e-07;5.292613e-07;3.8233296e-07;0.00060014776;0.00057688344;2.2116043e-05;2.3215116e-06;5.5827254e-06;1.7650766e-05;1.8614473e-06;1.4352969e-06;1.5531776e-05;1.0;1.0;9657.841;25
1002130001;1001941568;0.4629549;-0.009858558;-0.023472717;0.8860162;-25.095316;46.57961;0.18334348;0.0;0.0;-1.3923115;-0.005010735;-0.0037375393;-0.0026181787;0.29877242;-0.10776674;-0.011751666;0.27565128;0.00052881654;-0.14915285;0.16044544;-0.0050362907;-0.18785645;0.0;0.0;-1.147484;0.00019734133;0.00015806204;0.00029702098;82.065384;120.36841;0.016160851;984966.25;986899.56;0.26511768;4.919273e-07;5.2649796e-07;3.820465e-07;0.00060009846;0.0005769001;2.2143351e-05;2.320171e-06;5.576133e-06;1.764204e-05;1.8542843e-06;1.4339984e-06;1.55182e-05;1.0;1.0;9661.406;25
1002634622;1002446221;0.46106476;-0.012652481;-0.00798381;0.88724047;-25.030762;46.3206;0.19091003;0.0;0.0;-1.3745298;-0.0049965163;-0.0036933885;-0.0026318275;0.29866967;-0.10781383;-0.011838726;0.27570084;0.00052558293;-0.14918506;0.16038798;-0.00505756;-0.18784755;0.0;0.0;-1.147484;0.00019698196;0.00015971853;0.00029643683;82.44137;120.207886;0.01631445;991548.56;994936.9;0.26987845;4.897312e-07;5.23596e-07;3.8188097e-07;0.00060003856;0.00057690666;2.2165186e-05;2.3186647e-06;5.569667e-06;1.7642318e-05;1.8472622e-06;1.4325948e-06;1.5516425e-05;1.0;1.0;9665.001;25
1003129564;1002940978;0.46434617;0.10417703;-0.07724181;0.87610704;-24.825586;46.014244;0.10962995;0.0;0.0;-1.3550053;-0.004954769;-0.0036665797;-0.0026533713;0.29856163;-0.107833974;-0.011885926;0.27574643;0.00052195974;-0.14930396;0.16033721;-0.0050753723;-0.18774511;0.0;0.0;-1.147484;0.00019592918;0.00016184876;0.00029624513;82.845535;113.55026;0.016502313;998036.4;911726.7;0.2677249;4.883337e-07;5.2028395e-07;3.8212988e-07;0.00059912034;0.0005765069;2.2174981e-05;2.3174011e-06;5.563793e-06;1.7611446e-05;1.8407524e-06;1.4312237e-06;1.548303e-05;1.0;1.0;9668.494;25
1003633947;1003445630;0.46290246;0.12808111;-0.086778544;0.8728036;-24.437685;45.8593;0.03655002;0.0;0.0;-1.3657165;-0.0048782155;-0.003659255;-0.0026886947;0.29845244;-0.10782426;-0.011896621;0.27580544;0.0005165833;-0.14947645;0.16026606;-0.005102136;-0.18759544;0.0;0.0;-1.147484;0.00019502998;0.00016300137;0.00029536313;79.02828;113.35515;0.016433878;913488.2;919112.0;0.26669177;4.8634956e-07;5.169976e-07;3.8186056e-07;0.0005988036;0.0005764683;2.2002643e-05;2.3026148e-06;5.557351e-06;1.7523162e-05;1.833186e-06;1.4293578e-06;1.5426209e-05;1.0;1.0;9672.0205;25
1004128741;1003940388;0.46082938;-0.13122402;0.07107918;0.8748511;-24.322752;45.611515;0.107428916;0.0;0.0;-1.415035;-0.004876979;-0.003627894;-0.0026948801;0.2983622;-0.10791548;-0.011922396;0.27585325;0.0005143203;-0.14952557;0.16021633;-0.005123443;-0.18755634;0.0;0.0;-1.147484;0.00019507471;0.00016442304;0.00029458187;79.41945;113.25864;0.016167961;919581.8;926471.25;0.2705657;4.841852e-07;5.138305e-07;3.8159308e-07;0.00059875887;0.0005764495;2.2031645e-05;2.3019272e-06;5.550878e-06;1.7480736e-05;1.8266861e-06;1.4280918e-06;1.5379506e-05;1.0;1.0;9675.417;25
1004633880;1004445039;0.48722574;-0.017880846;0.0718681;0.8701301;-24.316013;45.281498;0.20752127;0.0;0.0;-1.4125578;-0.0048686042;-0.0036019688;-0.0026787764;0.29827866;-0.108008705;-0.01197609;0.2758933;0.00051228656;-0.14952601;0.16017942;-0.0051423134;-0.18757264;0.0;0.0;-1.147484;0.00019443687;0.00016584778;0.00029386065;79.81729;113.128784;0.016149396;925826.0;934026.1;0.26916847;4.8186973e-07;5.0991446e-07;3.8143418e-07;0.00059871713;0.00057641865;2.2059376e-05;2.301784e-06;5.5445325e-06;1.7451614e-05;1.8208408e-06;1.4269306e-06;1.5345664e-05;1.0;1.0;9678.854;25
1005138016;1004949692;0.49277455;0.03574143;0.107336834;0.86277145;-23.723207;45.049004;0.16035296;0.0;0.0;-1.383794;-0.004760475;-0.0036149833;-0.002723954;0.2982007;-0.107971616;-0.011965456;0.2759268;0.0005057993;-0.14952701;0.16012439;-0.005184069;-0.18761082;0.0;0.0;-1.147484;0.00019372063;0.0001680453;0.0002944098;80.25523;113.038246;0.01628481;932157.4;941678.8;0.26792908;4.804644e-07;5.064897e-07;3.8189194e-07;0.0005986758;0.0005763904;2.209079e-05;2.3016948e-06;5.5398245e-06;1.7421193e-05;1.8160488e-06;1.4250033e-06;1.5316737e-05;1.0;1.0;9682.247;25
1005632977;1005444449;0.47953963;-0.050360348;-0.084567375;0.8719829;-23.52794;44.72008;0.16208975;0.0;0.0;-1.3623494;-0.004723399;-0.00358404;-0.0027426286;0.2981339;-0.10802215;-0.012017747;0.27597502;0.00050196;-0.14953816;0.16006602;-0.005216529;-0.18762487;0.0;0.0;-1.147484;0.00019359488;0.00016916866;0.00029386714;80.645966;112.98567;0.016580096;938351.94;949219.6;0.2713988;4.7776007e-07;5.0274906e-07;3.815614e-07;0.00059863814;0.00057637255;2.2117882e-05;2.3008583e-06;5.5334312e-06;1.7408067e-05;1.8103113e-06;1.4234134e-06;1.5301597e-05;1.0;1.0;9685.519;25
1006127805;1005939206;0.4719305;-0.018229814;-0.03159985;0.8808807;-23.491713;44.420094;0.19915761;0.0;0.0;-1.3502458;-0.00472582;-0.0035351873;-0.0027443331;0.29805446;-0.10809394;-0.012096934;0.276012;0.00049992197;-0.14954853;0.16002287;-0.005234316;-0.1876354;0.0;0.0;-1.147484;0.0001925777;0.00017008003;0.00029312915;81.01612;112.89002;0.016354894;944556.44;956806.44;0.26903737;4.747865e-07;4.9808835e-07;3.8120754e-07;0.00059858925;0.0005763578;2.2142345e-05;2.3000753e-06;5.5270675e-06;1.7408904e-05;1.8045013e-06;1.4222065e-06;1.529881e-05;1.0;1.0;9688.746;25
1006632461;1006443858;0.4714611;-0.015619524;-0.013443398;0.8816461;-23.460503;44.097084;0.18377511;0.0;0.0;-1.3460724;-0.0047243824;-0.0034804146;-0.002746087;0.29795855;-0.10815107;-0.012190869;0.27604285;0.00049795845;-0.14957932;0.15998529;-0.005249574;-0.18763043;0.0;0.0;-1.147484;0.00019152848;0.0001715761;0.0002934493;81.39697;112.820244;0.016284665;950893.5;964637.56;0.2676441;4.725792e-07;4.935887e-07;3.8162278e-07;0.0005985399;0.00057635194;2.2165521e-05;2.2999213e-06;5.522431e-06;1.7410357e-05;1.7995246e-06;1.4211141e-06;1.5298037e-05;1.0;1.0;9691.996;25
1007136832;1006948510;0.46949223;-0.016286302;-0.010576563;0.8827231;-23.40797;43.712914;0.17500106;0.0;0.0;-1.3390621;-0.004726374;-0.0034310739;-0.0027506014;0.29787266;-0.108219154;-0.012256314;0.2760845;0.0004958666;-0.14960596;0.1599386;-0.0052693714;-0.18762589;0.0;0.0;-1.147484;0.00019179453;0.00017267776;0.00029314554;81.8074;112.81724;0.01646897;957369.25;972521.9;0.27224314;4.6991235e-07;4.898379e-07;3.8143628e-07;0.0005985048;0.000576356;2.2196646e-05;2.2994057e-06;5.516217e-06;1.7413031e-05;1.7938677e-06;1.4198984e-06;1.5297492e-05;1.0;1.0;9695.209;25
1007631622;1007443267;0.46947956;0.0050444067;-0.013378067;0.8828277;-23.417278;43.384335;0.20264378;0.0;0.0;-1.3323631;-0.0047303117;-0.0033740513;-0.0027518836;0.29779896;-0.10827663;-0.012345483;0.27612114;0.0004939787;-0.14963584;0.1598963;-0.00528673;-0.18761873;0.0;0.0;-1.147484;0.00019064416;0.00017314337;0.00029253023;82.163155;112.76526;0.016297996;963670.2;980294.25;0.26968673;4.666062e-07;4.8475476e-07;3.8107407e-07;0.00059845834;0.0005763578;2.2220676e-05;2.2984734e-06;5.509932e-06;1.7414643e-05;1.7881954e-06;1.4186862e-06;1.5296908e-05;1.0;1.0;9698.327;25
1008136456;1007947919;0.46925974;-0.017535344;0.012087215;0.8828034;-23.307755;42.95658;0.13674097;0.0;0.0;-1.3345832;-0.0047219982;-0.0033296912;-0.002760888;0.29771438;-0.10832071;-0.012396808;0.27615342;0.0004919878;-0.14968756;0.15986003;-0.0053029247;-0.18758659;0.0;0.0;-1.147484;0.00019021875;0.00017482335;0.00029297898;82.59591;112.76238;0.016362872;970248.5;988325.2;0.2683685;4.6480903e-07;4.8073207e-07;3.8148573e-07;0.00059842085;0.0005763703;2.2253584e-05;2.298576e-06;5.5053633e-06;1.7410835e-05;1.783267e-06;1.4175636e-06;1.5290048e-05;1.0;1.0;9701.449;25
1008631182;1008442677;0.46791947;-0.0155864;-0.0040273457;0.88362443;-23.263367;42.55498;0.14927898;0.0;0.0;-1.3306847;-0.004729702;-0.003284933;-0.002761948;0.29764283;-0.10837966;-0.0124451835;0.2761925;0.00049026683;-0.14971048;0.15981759;-0.0053212806;-0.1875843;0.0;0.0;-1.147484;0.00019050972;0.0001756073;0.0002926256;83.001274;112.79057;0.016453337;976749.2;996233.8;0.2718698;4.620514e-07;4.768825e-07;3.8120385e-07;0.0005983979;0.0005763868;2.228675e-05;2.2981337e-06;5.4991297e-06;1.7413402e-05;1.777889e-06;1.4164119e-06;1.5289437e-05;1.0;1.0;9704.474;25
1009135799;1008947329;0.4725115;0.06210364;-0.07004256;0.876339;-23.136398;42.16198;0.12967268;0.0;0.0;-1.3179616;-0.00471542;-0.0032474934;-0.0027696379;0.29757223;-0.10841115;-0.012487599;0.27623397;0.00048783273;-0.14977421;0.15977241;-0.0053414465;-0.18754396;0.0;0.0;-1.147484;0.00019012924;0.00017633977;0.00029224847;83.40928;106.5991;0.016461568;983348.2;913070.1;0.27035928;4.5928644e-07;4.7213877e-07;3.808565e-07;0.000597536;0.0005760391;2.2301556e-05;2.2974673e-06;5.4921334e-06;1.7405064e-05;1.7721901e-06;1.4151148e-06;1.5278425e-05;1.0;1.0;9707.512;25
1009630547;1009442088;0.46969914;0.06333513;-0.062570505;0.87832594;-23.00284;41.89425;0.114531435;0.0;0.0;-1.3447795;-0.004684002;-0.003204833;-0.0027790978;0.29749337;-0.10841327;-0.012551488;0.27626538;0.0004851613;-0.14986339;0.15973441;-0.0053586727;-0.18748406;0.0;0.0;-1.147484;0.00018925656;0.0001773382;0.00029259393;83.79681;106.62267;0.016304705;989873.0;920406.9;0.26787475;4.5702816e-07;4.676136e-07;3.811222e-07;0.0005975221;0.0005760596;2.2331491e-05;2.2971258e-06;5.487536e-06;1.7390223e-05;1.7671567e-06;1.4138615e-06;1.5262276e-05;1.0;1.0;9710.441;25
1010135832;1009946738;0.46919653;0.065157026;-0.06524232;0.8782669;-22.848913;41.58265;0.09414951;0.0;0.0;-1.3696889;-0.0046516918;-0.0031673305;-0.002791862;0.29743567;-0.108402014;-0.012610964;0.2763057;0.00048202745;-0.14997096;0.15968642;-0.0053811087;-0.18741056;0.0;0.0;-1.147484;0.00018836206;0.0001774569;0.000292216;84.171364;106.65917;0.016194306;996548.25;927929.8;0.26628545;4.5378707e-07;4.6264438e-07;3.8078008e-07;0.0005975245;0.00057608244;2.2361077e-05;2.2960116e-06;5.4814805e-06;1.737075e-05;1.7613039e-06;1.4124071e-06;1.5241988e-05;1.0;1.0;9713.3955;25
1010630475;1010441495;0.469928;-0.021634217;-0.00959358;0.8823875;-22.7758;41.183746;0.09692617;0.0;0.0;-1.4062054;-0.0046549966;-0.0031274525;-0.0027963268;0.29740158;-0.10843133;-0.012648978;0.2763408;0.0004802532;-0.15001316;0.15964806;-0.0053985324;-0.1873917;0.0;0.0;-1.147484;0.00018846572;0.0001772397;0.00029186672;80.24026;106.68902;0.016163735;912013.44;935281.94;0.2696698;4.50882e-07;4.586484e-07;3.8042108e-07;0.00059732207;0.0005760964;2.219229e-05;2.2827385e-06;5.4753427e-06;1.733399e-05;1.7561543e-06;1.4111575e-06;1.5236009e-05;1.0;1.0;9716.24;25
1011134864;1010946147;0.4765136;-0.018760711;-0.011524175;0.87889147;-22.746017;40.766533;0.0939261;0.0;0.0;-1.4439437;-0.0046574916;-0.0030787084;-0.002792689;0.29738158;-0.10845982;-0.012710412;0.27637836;0.00047853417;-0.15003695;0.15960754;-0.005415994;-0.18739736;0.0;0.0;-1.147484;0.00018789282;0.00017744338;0.00029156078;80.61772;106.75672;0.016083224;918205.2;942917.4;0.26800334;4.4779324e-07;4.5391192e-07;3.800998e-07;0.0005973503;0.00057612365;2.2224629e-05;2.2824408e-06;5.46934e-06;1.7336168e-05;1.7512879e-06;1.4100152e-06;1.5235453e-05;1.0;1.0;9719.104;25
1011629497;1011440904;0.4815686;-0.017561898;-0.017469782;0.87605834;-22.782967;40.369274;0.081504636;0.0;0.0;-1.4786193;-0.0046583465;-0.0030194658;-0.002780393;0.29739597;-0.10846802;-0.012819193;0.27641267;0.00047709493;-0.15005927;0.15956958;-0.005430874;-0.18740773;0.0;0.0;-1.147484;0.00018743165;0.00017773865;0.00029201992;80.949356;106.84031;0.016209438;924217.7;950471.56;0.27107474;4.4499149e-07;4.4957355e-07;3.803796e-07;0.0005973766;0.0005761495;2.2249984e-05;2.2823597e-06;5.464831e-06;1.7338029e-05;1.7470948e-06;1.4090326e-06;1.5235237e-05;1.0;1.0;9721.878;25
1012134157;1011945556;0.48636433;-0.01930161;-0.026651872;0.87313634;-22.812595;39.98753;0.07900574;0.0;0.0;-1.5010769;-0.0046579614;-0.00296181;-0.0027689582;0.29741526;-0.10845791;-0.012939299;0.27645344;0.00047516057;-0.15009193;0.1595247;-0.005449754;-0.18741648;0.0;0.0;-1.147484;0.00018605453;0.00017703038;0.00029163476;81.252655;106.91067;0.016069287;930345.5;958214.0;0.26909298;4.4102762e-07;4.4412647e-07;3.8000218e-07;0.0005974026;0.0005761739;2.2273372e-05;2.2815843e-06;5.4588777e-06;1.7339162e-05;1.7423641e-06;1.4078184e-06;1.5235069e-05;1.0;1.0;9724.667;25
1012638734;1012450209;0.4868804;-0.015775274;-0.022902008;0.87302595;-22.818514;39.63907;0.083559565;0.0;0.0;-1.5050166;-0.0046581645;-0.0029161081;-0.0027603388;-1.050072e-07;-3.3041408e-07;8.807692e-06;0.276491;0.00047339775;-0.15012328;0.0;0.0;0.0;0.0;0.0;-1.4050165;0.00018483023;0.00017711008;0.00029215118;81.562065;106.98251;0.017845243;936521.56;966033.5;0.26718795;4.380469e-07;4.3925658e-07;3.803137e-07;0.040000003;0.040000003;0.039999936;0.0025000002;0.0025000002;0.0025000002;0.0025000002;0.0025000002;0.0025000002;1.0;1.0;0.010000001;25
1013133464;1012944966;0.55909806;-0.13438912;-0.14602159;0.80500114;-22.876049;39.278763;0.10931808;0.0;0.0;-1.5178686;-0.0046544424;-0.0028624393;-0.0027481483;-4.9152577e-06;-3.5671663e-05;0.0006089078;0.29954338;-0.0036436736;-0.2613264;-0.0083420165;-0.008843248;0.004599544;0.0;0.0;-1.4178686;0.00018386765;0.00018190734;0.037327092;81.865265;107.074814;0.036068767;942493.8;973853.75;0.26634073;4.3974012e-07;4.3627978e-07;3.8463588e-07;0.040000003;0.039999913;0.03997765;0.0014224454;0.001600364;0.0014245107;0.0019463351;0.0014897317;0.0014257407;1.0;1.0;0.010000001;25
