timestamp;timestamp_sample;position[0];position[1];position[2];q[0];q[1];q[2];q[3];velocity[0];velocity[1];velocity[2];angular_velocity[0];angular_velocity[1];angular_velocity[2];position_variance[0];position_variance[1];position_variance[2];orientation_variance[0];orientation_variance[1];orientation_variance[2];velocity_variance[0];velocity_variance[1];velocity_variance[2];pose_frame;velocity_frame;reset_counter;quality
431648650;431648028;-31.219454;9.24901;-1.438981;0.9458408;-0.010259434;0.012275888;0.3242367;-2.9710305;0.014160366;-0.107870676;-0.027985433;0.03589143;-0.005356906;71.33587;89.778915;0.21093363;0.00014456455;0.00012946484;0.0067135245;1.1791867;1.5060798;0.009140006;1;1;15;0
432152737;432151931;-34.093746;9.131125;-1.4380248;0.9465461;0.012636802;0.016725887;0.3218868;-3.254451;-0.011492736;-0.10923612;0.05542422;0.005978395;-0.017321957;79.64605;101.20748;0.2103113;0.00014948845;0.000133157;0.0067109363;1.2585589;1.6269963;0.009104944;1;1;15;0
432647289;432646790;-36.94701;9.025497;-1.4341686;0.94629264;0.030930666;0.03267542;0.32016546;-3.4970326;-0.06398418;-0.10396947;-0.004377303;-0.026726572;-0.0028910658;88.55746;113.55637;0.21269332;0.00017896874;0.00015558739;0.0066727954;1.3416878;1.7513814;0.009123164;1;1;15;0
433151120;433150599;-39.417667;8.974762;-1.4347115;0.9460661;0.012165783;0.033389274;0.32201877;-3.666454;-0.10413638;-0.10293937;0.061918605;-0.027682465;-0.0014650762;98.14003;127.316956;0.21186742;0.00018329905;0.00015077871;0.006679366;1.4248492;1.8839998;0.009051479;1;1;15;0
433654995;433654455;-41.910557;8.932641;-1.4403659;0.9456869;-0.004969919;0.035238862;0.32312533;-3.8298244;-0.14398365;-0.111989304;-0.054424282;0.10924588;0.001472691;108.49019;142.39713;0.21100628;0.00018890921;0.00014502968;0.006695113;1.5088135;2.0238144;0.008985279;1;1;15;0
434149847;434149314;-44.6592;8.888008;-1.4469565;0.94407415;-0.016692473;0.069013424;0.32199788;-4.041158;-0.14854439;-0.11588316;0.11555762;0.26841223;0.011470568;119.48568;158.54343;0.21311747;0.000246256;0.00014846754;0.006643049;1.5949868;2.1678185;0.008980245;1;1;15;0
434653665;434653170;-46.997635;8.759092;-1.4495779;0.9454422;-0.0071996846;0.049881145;0.32186833;-4.0480785;-0.137367;-0.085590035;-0.20778936;-0.58354163;0.034269962;130.50671;176.39798;0.21198392;0.0005079659;0.00015997814;0.0063621476;1.6649979;2.3161993;0.0088073425;1;1;15;0
435148525;435148029;-49.0857;8.472894;-1.4526613;0.94367903;-0.036793433;0.017086014;0.32836613;-4.1694794;-0.15217577;-0.0954833;-0.10898746;-0.17075142;0.0752889;142.68056;195.45409;0.21009263;0.00020189324;0.00016314213;0.0066756266;1.7492656;2.4732964;0.00873159;1;1;15;0
435652427;435651885;-52.07507;8.260873;-1.4518747;0.9465039;0.0013625746;0.013976554;0.32238692;-4.376521;-0.15251212;-0.114243515;-0.05873229;0.13115634;0.04750043;156.50192;216.54909;0.21242863;0.00017591869;0.00016035844;0.006699884;1.8398429;2.6385908;0.00875954;1;1;15;0
436147308;436146744;-55.367203;8.061805;-1.4538097;0.94657797;0.0010519067;-0.015893158;0.32208169;-4.5818553;-0.11935274;-0.10017178;0.10729581;-0.21097623;-0.014885344;170.97945;238.9615;0.21057166;0.0001786602;0.000169041;0.0066982517;1.9315002;2.808126;0.008718588;1;1;15;0
436651157;436650648;-58.82591;7.917327;-1.4707794;0.9461733;-0.009215252;0.016497511;0.32310838;-4.7920985;-0.116040595;-0.10415765;-0.18254091;-0.12280433;0.041500993;187.17075;263.72357;0.20937064;0.00018251024;0.00016751407;0.006710462;2.0362098;2.9911578;0.008724021;1;1;15;0
437155175;437154457;-62.30426;7.759834;-1.4878132;0.9464418;0.0063939095;0.011783269;0.32259622;-5.059262;-0.12097755;-0.13691513;-0.038741164;0.47239348;0.01675061;204.39171;290.54596;0.208214;0.00018467766;0.00017160217;0.006716723;2.1387694;3.180888;0.008715318;1;1;15;0
437649852;437649317;-65.80972;7.6121855;-1.497805;0.94526744;0.014118704;-0.041438203;0.3233466;-5.231805;-0.06729358;-0.12071536;0.21679892;-0.08592018;-0.031854622;222.3702;319.0262;0.2101606;0.00018344987;0.00018140384;0.0067197043;2.2411575;3.3720715;0.008740914;1;1;15;0
438153755;438153174;-69.43821;7.554016;-1.5225239;0.94531184;-0.0070230314;0.006322492;0.32603112;-5.383808;0.00051876984;-0.091282666;0.14812736;-0.87691456;0.023180738;241.96356;349.91696;0.20913705;0.00027896737;0.00018134735;0.006637305;2.3533187;3.5773082;0.008757596;1;1;15;0
438648951;438648033;-73.04061;7.3657856;-1.547657;0.9431553;-0.032110337;0.057848237;0.3257002;-5.674216;-0.082872525;-0.15588045;-0.01627552;0.7216223;0.046849504;262.60956;382.83914;0.21115819;0.00019507596;0.00018326729;0.006726842;2.4690273;3.7926972;0.008857271;1;1;15;0
439152242;439151890;-76.75407;7.102058;-1.5587183;0.94377816;0.014970609;-0.04208781;0.3275475;-5.893082;-0.096671;-0.1777847;-0.15248404;0.90335983;0.026649283;283.95172;418.51978;0.21017236;0.0002470953;0.00018711467;0.0066643395;2.5665042;4.0026507;0.00879292;1;1;15;0
439647311;439646749;-80.60087;6.8804474;-1.5746794;0.9421423;-0.007256521;-0.014625899;0.33481544;-5.975912;0.03846955;-0.0733465;0.16347924;-1.3328435;0.034434162;306.47598;457.1543;0.20870942;0.00044324753;0.00019801999;0.006449659;2.6754534;4.237437;0.00876608;1;1;15;0
440151057;440150606;-84.61569;6.5331426;-1.5975063;0.9329884;-0.04856801;0.14201619;0.32711664;-6.3868947;-0.19029728;-0.17536941;-0.36730316;2.141045;-0.09204263;331.57736;498.77075;0.20777577;0.00020534186;0.00021076875;0.006673068;2.805199;4.491259;0.008836518;1;1;15;0
440654895;440654510;-85.21778;6.310376;-1.6187496;0.84843695;-0.2602312;0.1977754;0.41631654;-6.0602083;0.032767802;-0.15251851;-0.3114785;-0.7062481;1.0031455;347.26764;543.9305;0.21034102;0.0028013356;0.0005930117;0.0032699353;2.810563;4.7285705;0.008624893;1;1;15;0
441149962;441149370;-83.517975;5.8147373;-1.6380293;0.5824493;-0.37332702;0.11976487;0.7120647;-5.7952027;-0.011595814;-0.16225825;-0.8025917;-0.28522813;1.3237994;366.60672;592.6576;0.20831923;0.0021282935;0.00039430812;0.0020676798;2.867154;5.011936;0.008696691;1;1;15;0
441653607;441653180;-87.616585;7.070961;-1.6522034;0.25613356;-0.2117536;-0.1222634;0.9352046;-6.36341;0.1997293;-0.120534375;-0.5761348;-2.8519123;0.86117;391.64597;646.106;0.20673527;0.00076305924;0.00032485815;0.0013486124;2.9748425;5.3146296;0.009130973;1;1;15;0
442148583;442148040;-95.00385;7.5500546;-1.6488258;0.24549448;-0.04212607;0.008928586;0.96844107;-6.7468295;0.15900058;-0.16079102;-1.7862097;0.22058414;-0.0451115;413.6319;700.2248;0.20845707;0.00020926418;0.00025570288;0.0012610827;3.042296;5.585464;0.009389446;1;1;15;0
442652520;442651897;-107.91785;7.9917445;-1.6266867;0.2669693;-0.0018797835;0.041774496;0.96279746;-7.9730806;0.0443568;-0.1539409;-0.96432614;0.3125038;-0.014300487;439.50394;759.029;0.20757842;0.00021520267;0.00021090581;0.00094190665;3.1281664;5.873297;0.009414204;1;1;15;0
443147397;443146757;-120.416016;8.709666;-1.6013845;0.27305102;0.01619097;0.044481758;0.96083426;-9.143558;-0.060887057;-0.121323;0.4185727;-0.041686308;-0.06595467;467.99854;819.5453;0.20644504;0.0002073513;0.00019845863;0.0007827558;3.2249212;6.151976;0.009408038;1;1;15;0
443651392;443650614;-132.75362;9.670418;-1.5810792;0.27611244;0.006729767;0.011005581;0.9610388;-10.2076435;-0.10010074;-0.10559704;1.0517879;-0.11702338;-0.11601087;499.279;884.67487;0.20962827;0.00020270464;0.0001967157;0.00068022264;3.329707;6.4354424;0.0094548045;1;1;15;0
444155044;444154471;-145.16652;10.926893;-1.5638545;0.27954125;-0.0109623475;-0.0332855;0.959494;-11.180918;-0.06299772;-0.10035743;0.71529627;-0.047963787;-0.09931201;533.02563;953.7959;0.20935439;0.00020145321;0.00019751673;0.00061670033;3.4443064;6.7228317;0.009397826;1;1;15;0
444649952;444649331;-157.54587;12.403034;-1.542904;0.2840746;-0.014446025;-0.036319904;0.9580052;-12.078196;0.035361517;-0.08306417;-0.13655083;-0.09963145;-0.062139273;567.3373;1025.2667;0.20855245;0.00019746466;0.00020725602;0.000556788;3.5496314;7.006809;0.009363796;1;1;15;0
445153766;445153235;-170.39696;14.09332;-1.5266498;0.29049432;-0.004590514;-0.015420734;0.9567415;-12.968252;0.11716709;-0.073249966;-0.67168826;0.030150749;-0.0050964393;604.30457;1102.2393;0.21187444;0.00019709971;0.00021238682;0.0005122286;3.6605375;7.302787;0.00946433;1;1;15;0
445648670;445648095;-183.16605;15.827395;-1.517975;0.29663628;0.0049373237;0.010120916;0.9549242;-13.839265;0.147949;-0.084253155;-0.50973487;0.120970175;-0.0027928;642.9312;1182.2542;0.21096033;0.00019462242;0.00020866373;0.0004925193;3.7767003;7.598329;0.009474693;1;1;15;0
446152486;446151905;-196.64027;17.886253;-1.4999703;0.30129203;0.008380248;0.020354392;0.9532779;-14.731994;0.19622886;-0.061412666;-0.20901567;0.0940665;-0.017865185;683.53345;1267.5496;0.210569;0.00019075343;0.00020414605;0.00047637796;3.888388;7.896869;0.009481061;1;1;15;0
446647542;446646765;-210.21892;20.233654;-1.4825541;0.30717736;0.005849835;0.016640065;0.9514888;-15.612564;0.2561418;-0.053687096;0.15179451;-0.09618273;-0.054681282;725.3061;1355.4551;0.2131856;0.00018447291;0.00020106339;0.00046635402;3.9988976;8.190325;0.009545517;1;1;15;0
447151156;447150623;-224.32433;22.931467;-1.4643009;0.31267944;0.003258401;0.0015077414;0.949852;-16.465178;0.3409022;-0.045155946;0.4061158;-0.0720446;-0.04891655;770.4093;1449.9769;0.2126851;0.0001832012;0.00020083517;0.00045532113;4.120753;8.495305;0.009521053;1;1;15;0
447655111;447654480;-238.79106;25.934128;-1.4460194;0.31512755;-0.003527963;-0.00726886;0.949015;-17.292368;0.45117557;-0.044490445;0.23266673;-0.09277841;-0.0022117177;816.93195;1548.7628;0.2121661;0.00018196608;0.00020499498;0.0004399669;4.2342505;8.797529;0.009504812;1;1;15;0
448149872;448149340;-253.36748;29.169174;-1.4237825;0.3165934;-0.006172751;-0.010110066;0.94848734;-18.093119;0.58949447;-0.042107698;-0.0022906247;0.047592983;0.021303393;864.7177;1650.7947;0.21467939;0.00017950211;0.00020831326;0.00042945813;4.347624;9.101926;0.009592663;1;1;15;0
448653724;448653198;-268.43018;32.799503;-1.4040997;0.3190138;-0.0035900169;-0.0058247414;0.94772536;-18.88519;0.7341419;-0.043351594;-0.21009986;0.021998975;0.0037808274;916.0345;1759.211;0.21411985;0.00018031233;0.0002118361;0.00041909603;4.4698577;9.410536;0.009622822;1;1;15;0
449148583;449148058;-283.76108;36.66447;-1.3745674;0.32279858;0.003625166;0.0030276314;0.9464559;-19.695469;0.8639725;-0.023071043;-0.106315516;-0.010047648;-0.004169998;967.89496;1870.7892;0.21292055;0.00017735468;0.00021217472;0.0004155765;4.582438;9.717471;0.0096483;1;1;15;0
449652497;449651962;-299.7788;40.800793;-1.3290997;0.3244181;-0.0002444035;0.0017045352;0.9459123;-20.51283;1.0057528;-0.015969621;-0.069319755;0.015005543;-0.011656786;1023.0755;1989.0695;0.21601568;0.00017464942;0.0002126308;0.0004132683;4.700045;10.029398;0.009754355;1;1;15;0
450147213;450146822;-315.57645;45.3775;-1.3050686;0.32736674;0.0026461675;0.003456041;0.94488734;-21.279074;1.167574;-0.008198662;-0.11104318;0.011262572;-0.0025403218;1079.8918;2110.3645;0.21486966;0.00017374205;0.00021582216;0.00040882995;4.820137;10.336062;0.009771271;1;1;15;0
450651158;450650633;-331.9602;50.323746;-1.2794864;0.33302003;0.0021228916;0.0048045893;0.9429051;-22.049822;1.325352;-0.011270344;-0.05977644;0.16521847;-0.034207784;1139.3873;2238.5476;0.21423209;0.0001726688;0.00021696798;0.0004064065;4.9360495;10.647517;0.009800754;1;1;15;0
451154982;451154490;-348.50534;55.72187;-1.2625146;0.33821717;0.0031105184;0.0072594024;0.94103503;-22.810812;1.5018742;-0.00880652;-0.0076457085;-0.003479367;0.007327534;1201.6237;2371.869;0.21750167;0.00017054887;0.00021877197;0.0004054078;5.053881;10.957415;0.0099338265;1;1;15;0
451650180;451649350;-364.85513;61.35971;-1.253501;0.33908722;0.0010422909;0.0034673188;0.940748;-23.535511;1.6873993;-0.006557808;-0.0035610353;-0.11356295;0.038074385;1264.5447;2507.1228;0.21631138;0.00016895428;0.00021968891;0.00040536694;5.1663027;11.258645;0.009940209;1;1;15;0
452153747;452153208;-381.8115;67.350716;-1.2412401;0.34089133;0.0021509011;0.0039182864;0.94009215;-24.265753;1.8689631;-0.007448062;0.08080108;0.0058425874;0.00471641;1332.0836;2652.462;0.21584386;0.00016910114;0.00022159718;0.00040504333;5.291924;11.578523;0.009983322;1;1;15;0
452648645;452648068;-398.89603;73.621635;-1.2263156;0.34165055;-0.00056777184;0.0015388633;0.9398257;-24.997253;2.0611951;-0.0007701928;0.14298469;-0.00797071;-0.029410508;1400.2146;2798.6355;0.21856895;0.00016796708;0.00022329761;0.0004052721;5.407045;11.881205;0.010098804;1;1;15;0
453152455;453151926;-416.49808;80.500725;-1.2169718;0.34297618;0.0015697245;0.002098515;0.93934053;-25.729094;2.2644079;-0.010878886;0.12897332;-0.028215637;0.03874323;1471.8711;2952.069;0.21809815;0.00016761266;0.00022580878;0.00040442176;5.5232234;12.185858;0.01014029;1;1;15;0
453647344;453646786;-433.9787;87.58178;-1.2108122;0.3442722;-0.0019514874;-0.0066601746;0.9388443;-26.44056;2.478102;-0.01988426;0.16278726;0.12593317;0.010398532;1545.2283;3108.7346;0.21705009;0.00016763668;0.00022677286;0.0004061216;5.643102;12.486321;0.010158441;1;1;15;0
454151224;454150690;-452.15237;95.21509;-1.2027035;0.3451548;-0.0019959107;-0.0037693852;0.93853617;-27.153307;2.7155936;-0.013860709;0.025056425;-0.05695009;-0.010414583;1622.4752;3273.321;0.2205601;0.000167867;0.00023323223;0.0004018327;5.7625995;12.791058;0.010302038;1;1;15;0
454655024;454654501;-470.28418;103.332016;-1.2140163;0.34787974;0.0052205403;0.0036964193;0.93751734;-27.848606;2.9551728;-0.021918401;0.0073520644;0.11241987;0.002222279;1701.9608;3442.487;0.22015908;0.00016694529;0.00023477028;0.00040385063;5.878323;13.089971;0.010364645;1;1;15;0
455149892;455149361;-488.27826;111.545296;-1.2273566;0.3494285;0.0012882516;0.0062070494;0.9369417;-28.516914;3.1944084;-0.015844895;-0.08434097;0.08910825;0.008204476;1783.101;3614.5347;0.21917106;0.0001660138;0.00023751649;0.00040575513;5.9981546;13.383031;0.010394226;1;1;15;0
455653816;455653218;-507.03064;120.14179;-1.2297281;0.350817;0.0037085852;0.0028082365;0.9364325;-29.199137;3.442848;-0.016256405;-0.39630482;0.049587645;-0.027657691;1868.1049;3794.523;0.21883994;0.00016606695;0.00023951214;0.00040704195;6.1145635;13.676769;0.0104337195;1;1;15;0
456148428;456148078;-526.6591;128.82256;-1.2366709;0.33219895;-0.035610273;-0.10914026;0.93619674;-30.130354;3.4601445;-0.09200375;2.5279703;0.020585055;-0.002973214;1956.0366;3985.9392;0.22181387;0.00017136103;0.00021718715;0.000429704;6.243904;14.003095;0.010494222;1;1;15;0
456652571;456651936;-548.37866;138.61465;-1.2499055;0.34492376;-0.001409908;-0.02174954;0.9383776;-31.019999;3.8572025;-0.05475294;0.8030882;-0.095425144;-0.14901511;2050.1511;4201.6265;0.22172225;0.00016803782;0.00023155898;0.00042795137;6.393464;14.418353;0.010697637;1;1;15;0
457147378;457146796;-569.0425;148.20291;-1.2601686;0.35478866;-0.0040962677;-0.011302941;0.9348693;-31.812674;4.1137943;-0.049958717;0.3224427;0.10977585;-0.019724978;2143.6265;4400.499;0.2250152;0.00016842823;0.00024461735;0.00042009485;6.52308;14.72301;0.010840202;1;1;15;0
457651201;457650654;-589.6977;157.90887;-1.2685909;0.35359213;-0.013357391;-0.033735923;0.9346958;-32.58187;4.3286304;-0.05025339;0.43797073;-0.022077471;0.0063223233;2240.9436;4608.565;0.22477436;0.00016863905;0.00023830206;0.00043186822;6.6483707;15.035196;0.010936141;1;1;15;0
458155096;458154558;-610.75104;168.45053;-1.2726665;0.3580932;0.0069722505;0.007577014;0.93362916;-33.371407;4.5795283;-0.056700233;0.52727324;0.030964041;-0.03500823;2341.3;4820.357;0.22464344;0.00017060037;0.00025129179;0.0004222712;6.772459;15.334661;0.011023986;1;1;15;0
458649950;458649418;-630.75964;178.42058;-1.2840233;0.36317712;0.032507807;0.0769808;0.92796534;-34.045242;4.807518;-0.04718457;0.35100242;0.030310107;-0.03357331;2442.67;5033.7627;0.22793578;0.00017008236;0.00028411095;0.00039540182;6.897177;15.62209;0.011141646;1;1;15;0
459153618;459153228;-649.70856;186.3128;-1.2970678;0.3644796;-0.019223083;-0.042860243;0.9300259;-34.553436;4.9076076;-0.037724152;-0.057840236;-0.10279054;-0.041270304;2547.2014;5256.8447;0.22765511;0.00016760777;0.0002821441;0.00040437843;7.014182;15.912752;0.011010799;1;1;15;0
459648610;459648088;-669.5764;195.6724;-1.3058537;0.36707005;-0.0023375968;-0.014473422;0.9300778;-35.18774;5.062639;-0.033438843;0.017813412;-0.23923571;-0.042768635;2654.3052;5480.8325;0.22663054;0.000166431;0.00026398283;0.00042916686;7.1330137;16.200623;0.011217109;1;1;15;0
460152510;460151946;-690.56067;206.45915;-1.3243401;0.3717458;0.014801045;-0.014764466;0.92809916;-35.859413;5.266183;-0.056052778;-0.018498737;0.23866451;0.0059801075;2767.1067;5714.5527;0.22635289;0.00017757154;0.00026976224;0.00041825898;7.2622786;16.481726;0.011273136;1;1;15;0
460647331;460646806;-711.3642;216.84415;-1.3372661;0.37068403;-0.003152052;-0.009631864;0.9287037;-36.527664;5.475498;-0.038823124;-0.16107479;-0.05286727;-0.01150328;2880.4534;5947.0474;0.22958305;0.0001709437;0.000272337;0.00042706603;7.379985;16.7449;0.011448148;1;1;15;0
461151201;461150663;-732.8971;227.28302;-1.3345981;0.38559735;0.048581;-0.027209036;0.92098546;-37.244495;5.653054;-0.01711503;0.0048443745;-0.39118668;-0.16888478;2998.8896;6190.0454;0.22925639;0.00017532143;0.0002721921;0.00042801254;7.5001764;17.011887;0.011488755;1;1;15;0
461654903;461654520;-754.6373;236.66971;-1.328512;0.4412924;0.04222786;-0.03305703;0.8957596;-37.909138;5.755658;-0.034765765;0.15173304;-0.12306809;-0.3238509;3121.7356;6442.2437;0.22902729;0.00018592265;0.00027121455;0.00042475178;7.6284056;17.287033;0.011638098;1;1;15;0
462149913;462149380;-775.5065;244.64159;-1.3244418;0.51780015;0.05054854;-0.04445667;0.85284907;-38.44285;5.8048167;-0.059732806;-0.093417585;0.30247083;-0.3406056;3245.3525;6694.723;0.23242822;0.00019651999;0.00027456606;0.00041647936;7.742352;17.550018;0.011855535;1;1;15;0
462653835;462653285;-795.94666;251.79295;-1.3482255;0.6035231;-0.05237305;0.024568936;0.79524416;-38.908886;5.7895274;-0.06607502;0.10107586;0.6999519;-0.48736414;3374.4946;6961.7236;0.23238814;0.00018724379;0.0002659344;0.00044074634;7.857886;17.8309;0.012003561;1;1;15;0
463148713;463148144;-814.5149;258.06726;-1.3676786;0.71961194;0.0085037695;0.027740598;0.69377005;-39.26465;5.8760552;-0.028850341;0.023487207;-0.29751807;-0.7642567;3501.8726;7225.785;0.23134339;0.00021489916;0.0002482774;0.00043459793;7.9661727;18.07439;0.011771091;1;1;15;0
463652523;463651954;-831.88837;261.75482;-1.3963578;0.82590467;0.011684945;-0.0011031467;0.56368774;-39.423374;5.7577457;-0.049290452;-0.14140704;0.04074563;-0.353149;3636.5664;7512.748;0.23529223;0.000253978;0.00020218098;0.00044359497;8.066864;18.36489;0.01184466;1;1;15;0
464147223;464146814;-849.57965;265.2128;-1.4164671;0.8400729;0.023254242;-0.0063459594;0.5419379;-39.756863;5.732992;-0.075184055;1.5246129;0.09559328;0.008604461;3770.339;7791.898;0.23377119;0.00026066322;0.00016524679;0.00047030125;8.147609;18.61153;0.01171889;1;1;15;0
464651554;464650671;-868.4085;269.232;-1.4304376;0.8423648;0.013845314;0.006540496;0.5386901;-39.963665;5.675933;-0.057356656;1.0569268;-0.2138314;-0.06733281;3910.8652;8086.526;0.232905;0.00026503328;0.0001808643;0.00044739555;8.229501;18.86491;0.011613669;1;1;15;0
465155058;465154529;-887.1435;271.77032;-1.4434804;0.84602064;0.0069329184;-0.010083019;0.53300977;-40.11854;5.5510874;-0.07119739;0.9434327;-0.118626654;-0.032898508;4056.0562;8387.764;0.23625864;0.00026342878;0.00018296757;0.00044525022;8.320506;19.115799;0.011613385;1;1;15;0
465649960;465649389;-906.13086;273.99503;-1.4445944;0.84573156;-0.008703271;-0.033694454;0.5324726;-40.311893;5.3756413;-0.08738978;0.7266285;0.042579394;0.02949571;4200.587;8684.774;0.23426688;0.0002565274;0.00018833714;0.00044337855;8.394557;19.345266;0.011481792;1;1;15;0
466153820;466153246;-926.01526;276.5387;-1.4425703;0.84528744;0.0010261325;-0.0648914;0.5303558;-40.527855;5.220754;-0.084139064;0.28580394;-0.16174538;-0.009278202;4352.622;9002.132;0.23289648;0.00025340886;0.00019992002;0.00043333857;8.476791;19.608059;0.011346056;1;1;15;0
466648669;466648105;-945.6854;279.34146;-1.4493041;0.8449597;0.013206486;-0.075887814;0.529254;-40.722145;5.074118;-0.08222211;-0.58955055;0.049185555;0.10792431;4507.866;9325.806;0.23531029;0.000248431;0.00021526062;0.00042334085;8.572899;19.886278;0.01140316;1;1;15;0
468655061;468654536;-1029.1774;289.79636;-1.4246726;0.8112817;-0.026058346;0.044663057;0.5823645;-42.078022;4.559146;-0.037162654;-0.63099146;-1.0988194;-0.02418759;5172.4487;10773.215;0.2335074;0.0002713701;0.00024237508;0.0003809324;8.971364;21.23909;0.011269872;1;1;15;0
469149990;469149399;-1049.3065;290.05322;-1.4233558;0.8156033;-0.0258173;0.054724272;0.575439;-42.385647;4.226387;-0.08449269;-0.2559918;0.22137994;-0.02073481;5345.0664;11151.378;0.2311757;0.00025307335;0.00022177436;0.00042173278;9.063294;21.58885;0.011234575;1;1;15;0
469654068;469653252;-1069.7991;290.4521;-1.4134521;0.81850755;0.003950138;0.009247956;0.5744079;-42.67174;3.949119;-0.11321766;0.1801158;0.97885966;-0.06638349;5526.049;11542.957;0.23393205;0.00024646777;0.00021365528;0.0004379806;9.156483;21.922384;0.011172702;1;1;15;0
470148663;470148112;-1090.1832;291.39114;-1.3969944;0.8193525;0.011334824;-0.031694256;0.5723012;-42.91903;3.7967806;-0.08797975;0.21395226;0.47509924;-0.046418298;5708.0063;11939.092;0.23170036;0.0002540716;0.00021590182;0.0004305304;9.252764;22.254736;0.010997262;1;1;15;0
470652524;470651968;-1110.9764;292.72983;-1.3912845;0.8152017;-0.00031476025;-0.031976476;0.5782938;-43.16948;3.671889;-0.068770975;0.18551166;-0.12602599;-0.027912514;5897.5806;12353.978;0.23015495;0.00026183273;0.00022355514;0.00041724314;9.347231;22.618845;0.01097622;1;1;15;0
471147602;471146828;-1131.9205;293.5418;-1.373251;0.8157355;-0.008225475;-0.020311965;0.5780099;-43.4298;3.5055358;-0.04452813;-0.10395492;-0.33891854;-0.029670881;6089.807;12781.611;0.2323563;0.00026457958;0.00023372417;0.00040772112;9.446349;23.014229;0.011069327;1;1;15;0
471651242;471650732;-1153.0453;294.5229;-1.3731833;0.8161669;-0.0075517013;-0.005945393;0.57773644;-43.707817;3.3307247;-0.051348902;-0.048371304;-0.35475928;-0.0052594943;6290.5605;13233.741;0.2309154;0.00026254714;0.00023495554;0.00041357032;9.55683;23.439512;0.011103183;1;1;15;0
472155141;472154541;-1174.2064;295.38382;-1.3740337;0.80967474;-0.074161924;-0.054994583;0.579571;-43.941925;3.1490333;-0.032894023;-0.693275;-0.2916786;0.102051236;6494.454;13684.864;0.22951044;0.00026010963;0.00022731347;0.0004263086;9.651295;23.824064;0.01104285;1;1;15;0
472650008;472649401;-1195.6716;297.80148;-1.3680977;0.80303925;-0.07304699;-0.046469282;0.58960384;-44.34603;3.0463517;-0.053766914;-0.52727336;-0.23154373;0.09620869;6700.241;14145.477;0.23181438;0.00025825528;0.00020659565;0.00045188278;9.758032;24.247221;0.011272548;1;1;15;0
473153818;473153257;-1217.9443;300.5495;-1.3546484;0.807212;0.023824777;0.010455792;0.58968806;-44.81968;2.9792812;-0.063424006;-0.12615247;-0.20980474;-0.012641754;6915.056;14636.788;0.23067187;0.0002577317;0.00027410977;0.00039023696;9.873343;24.700691;0.011293053;1;1;15;0
473648665;473648116;-1238.4142;300.08832;-1.3609592;0.8082882;0.07922426;0.06299801;0.58002156;-45.01681;2.8025334;-0.051924676;-0.28922325;-0.057045113;-0.0029258989;7128.7334;15117.443;0.2287975;0.00025709433;0.00031507417;0.000353107;9.959612;25.11444;0.011251084;1;1;15;0
474152530;474151973;-1257.0082;296.60275;-1.3854889;0.81093997;0.08246163;0.06550113;0.5755746;-44.978065;2.5485346;-0.043361478;0.060095143;0.014529486;-0.059607763;7351.9653;15619.447;0.23186009;0.00025629924;0.00030026166;0.00037216593;10.048199;25.544506;0.011355042;1;1;15;0
474647399;474646832;-1274.7968;292.39005;-1.4063736;0.81380886;0.11984235;0.045202296;0.566842;-44.878162;2.3305635;-0.014394702;0.2266754;-0.37269565;0.02403299;7575.428;16123.032;0.2299774;0.0002582062;0.00030451498;0.00036947947;10.136887;25.95921;0.011295354;1;1;15;0
475151219;475150689;-1293.221;287.89853;-1.418385;0.8132387;0.16489825;0.034736022;0.5569964;-44.799416;2.0881476;0.01504133;0.32582465;-0.49511215;-0.016483106;7808.311;16657.926;0.2287378;0.00025005837;0.0003103331;0.00037619373;10.221245;26.424292;0.0113958465;1;1;15;0
475655132;475654593;-1311.7015;282.84814;-1.4008266;0.8161686;0.19361308;-0.061501864;0.54092556;-44.721592;1.7971379;0.021443626;0.18783967;-0.4640007;0.034928497;8045.943;17208.666;0.22761597;0.00023660733;0.0003176901;0.00038738557;10.300773;26.888933;0.011495754;1;1;15;0
476149953;476149451;-1330.2988;279.30624;-1.3739383;0.8139287;0.21629398;-0.022889866;0.5387143;-44.746357;1.5870874;0.035398457;0.36096278;-0.16328034;-0.048733313;8285.534;17760.172;0.23046117;0.00023494734;0.00033796995;0.0003748262;10.391681;27.353344;0.011966032;1;1;15;0
476653829;476653261;-1348.547;275.05585;-1.3352149;0.82367164;0.21611586;-0.00056703243;0.5242697;-44.653698;1.354267;0.07256665;0.074622914;-0.019461228;-0.11403103;8531.022;18327.736;0.22990666;0.00023686179;0.0003693575;0.00034630427;10.460362;27.799585;0.012291485;1;1;15;0
477148682;477148120;-1365.2695;269.8428;-1.3024807;0.8377873;0.21675603;0.0013945033;0.5011262;-44.456882;1.1462225;0.09895974;-0.052082237;-0.28041518;-0.10165206;8777.89;18907.277;0.23330629;0.00024002903;0.0003696808;0.0003483312;10.527607;28.26853;0.012811484;1;1;15;0
477652754;477651976;-1382.2367;264.5585;-1.2665856;0.84683424;0.22635724;0.035036873;0.48000708;-44.238354;0.9362439;0.11257011;-0.31346962;-0.31108716;-0.14011605;9031.695;19502.303;0.23335113;0.00024498536;0.00038570186;0.0003319096;10.585423;28.731348;0.01331897;1;1;15;0
478147380;478146835;-1398.3435;259.34778;-1.2244937;0.8730046;0.2206404;0.010706118;0.43481746;-44.005707;0.7590917;0.14990121;-0.019004297;0.0376902;-0.25312668;9285.285;20109.072;0.23307139;0.00024635895;0.00036965724;0.00035195358;10.643043;29.199688;0.013753198;1;1;15;0
478651270;478650691;-1415.3672;254.8187;-1.1570113;0.90367454;0.23711027;-0.00966755;0.35645157;-43.81292;0.6162867;0.18276092;-0.11112761;-0.14368919;-0.30701378;9546.161;20730.209;0.23379515;0.00025161367;0.00036254688;0.0003577765;10.685169;29.648111;0.014226326;1;1;15;0
479155160;479154547;-1433.2539;252.21051;-1.0691048;0.9339297;0.22910738;-0.019431857;0.27369252;-43.727467;0.5403068;0.23283166;-0.035553485;-0.0041279825;-0.28788272;9813.583;21395.44;0.23951682;0.00025972925;0.0003281978;0.00039001575;10.733492;30.171097;0.014902378;1;1;15;0
479649931;479649406;-1452.0758;250.7781;-0.9501129;0.9541695;0.21386364;-0.028482173;0.20739238;-43.770184;0.4913966;0.27078253;-0.20246623;0.19873345;-0.15615173;10077.039;22039.87;0.24022762;0.00026107236;0.00029710872;0.00042287266;10.767425;30.620665;0.015359237;1;1;15;0
480153832;480153309;-1471.8011;250.22203;-0.8213396;0.9604889;0.20971432;-0.02668629;0.18102178;-43.90488;0.48278245;0.31249;-0.3177007;-0.15804668;0.054168068;10349.032;22708.986;0.24186133;0.00027261913;0.0002742872;0.0004353356;10.791178;31.070906;0.015680728;1;1;15;0
480648660;480648168;-1492.05;250.372;-0.68974805;0.96903443;0.17687015;-0.0030605083;0.1722783;-44.19018;0.5002485;0.3633876;0.12593295;-0.08869328;0.0012294455;10623.342;23409.77;0.24763925;0.00028278865;0.00025357216;0.0004488083;10.826551;31.595695;0.01600952;1;1;15;0
481152558;481151977;-1512.7025;250.1318;-0.55538625;0.9644932;0.20440952;-0.011522706;0.16684385;-44.448605;0.49198568;0.38537312;0.1590745;-0.27124918;0.025990995;10904.482;24101.967;0.2492687;0.00028333656;0.00026299802;0.00044001246;10.853536;32.034473;0.016031003;1;1;15;0
481647291;481646836;-1532.5992;249.83391;-0.42387092;0.96707267;0.20284553;-0.015129641;0.15295517;-44.675144;0.46897143;0.40397522;-0.06116989;-0.06381626;-0.051242236;11182.857;24806.664;0.24966924;0.0002778853;0.00027351175;0.00043716218;10.87574;32.504738;0.01608126;1;1;15;0
482151069;482150692;-1552.3809;249.20871;-0.30158392;0.9754716;0.18915772;-0.031938896;0.10795534;-44.870113;0.452113;0.4240487;-0.13883607;-0.03958393;-0.21764812;11474.937;25549.57;0.25608397;0.00026659953;0.00026504835;0.00046041183;10.914032;33.001896;0.016335862;1;1;15;0
482655157;482654548;-1572.2656;248.18617;-0.19573961;0.97798693;0.19762677;-0.049190346;0.045450438;-45.095673;0.41078383;0.45196512;-0.116265774;-0.021016758;-0.24793679;11768.559;26314.06;0.25699493;0.00026483322;0.00025792126;0.00047238078;10.947658;33.512665;0.016330335;1;1;15;0
483149976;483149406;-1592.157;246.83856;-0.092884585;0.97862864;0.19462189;-0.044574577;-0.049207594;-45.4048;0.30015266;0.44848108;-0.39547575;0.20919773;-0.45355737;12062.847;27095.338;0.25690693;0.00026780655;0.0002368316;0.0004939599;10.992207;34.043297;0.016278116;1;1;15;0
483653823;483653262;-1613.4257;245.17348;0.006939456;0.9737825;0.17368141;0.005249632;-0.14681596;-45.78413;0.18736324;0.4839986;0.17107733;-0.24257568;-0.33683428;12369.1455;27886.22;0.2627483;0.0003060677;0.00021390337;0.00047748713;11.046586;34.537624;0.01624687;1;1;15;0
484148968;484148120;-1635.326;243.19835;0.10359453;0.97407293;-0.015026126;0.013270414;-0.22534433;-46.416237;-0.061191253;0.47072747;-0.9133779;0.63738585;-0.39698705;12673.04;28685.537;0.26154023;0.0002751382;0.00021482294;0.000503335;11.100281;35.038055;0.015778312;1;1;15;0
484652531;484652023;-1659.4066;240.04875;0.19358158;0.9448238;0.0032825756;-0.012052501;-0.3273408;-47.182415;-0.36719027;0.44059044;-0.45023826;0.31995803;-0.37416255;12992.835;29546.125;0.26026478;0.0002566112;0.0002459109;0.00048034126;11.170808;35.60407;0.014667987;1;1;15;0
485147378;485146882;-1684.2515;236.67413;0.25938383;0.8965528;0.0033987586;-0.00846314;-0.44284296;-48.09348;-0.7332978;0.43623936;0.07770026;-0.13020675;-0.60070336;13315.177;30402.836;0.26247707;0.00025144598;0.00027226287;0.00044512082;11.253502;36.15879;0.013851119;1;1;15;0
485651270;485650690;-1710.0425;231.84502;0.2944363;0.8115662;0.0014159462;0.0076037766;-0.5842094;-49.154465;-1.2229869;0.4150732;0.1723709;-0.14408705;-0.6636765;13647.805;31283.22;0.2589241;0.00022841909;0.00028413502;0.00044068924;11.344756;36.70568;0.013030914;1;1;15;0
486154930;486154546;-1736.8121;224.9867;0.3166512;0.70495945;0.00029138228;0.009101254;-0.7091892;-50.352287;-1.7937435;0.38466492;0.093423456;0.059100684;-0.5455233;13987.233;32169.688;0.2547487;0.00021536624;0.0002770986;0.00044558453;11.454278;37.222393;0.012283893;1;1;15;0
486649900;486649404;-1764.5948;217.23064;0.33671877;0.62779963;0.002370443;-0.0024925682;-0.77836746;-51.619522;-2.4113922;0.3766561;-0.09160226;0.12932605;-0.37420735;14327.147;33026.77;0.25460672;0.00021549985;0.00026563098;0.00043791984;11.568099;37.669655;0.011756102;1;1;15;0
487153615;487153260;-1793.5093;209.35054;0.34527028;0.5522752;0.0066156695;-0.0056551294;-0.83361644;-52.880264;-3.0360653;0.37143868;0.24009687;-0.28105253;-0.326232;14679.257;33946.227;0.24966373;0.00021542008;0.00026377878;0.0004231223;11.694942;38.191704;0.011208763;1;1;15;0
487648505;487648118;-1822.8882;201.41284;0.34846324;0.4812064;0.009516873;0.014216139;-0.87644047;-54.12565;-3.5744863;0.35921052;0.2075999;-0.013179076;-0.29020742;15032.061;34865.36;0.243977;0.00022069177;0.00024496278;0.00042269554;11.831266;38.71403;0.010786857;1;1;15;0
488152392;488151973;-1853.458;193.63994;0.34374166;0.46636388;0.006571676;0.008217296;-0.8845304;-55.38162;-4.0556436;0.3411971;-0.014578805;0.05868411;-0.04439087;15400.211;35856.855;0.2438919;0.00022299572;0.0002320444;0.00042056668;11.980559;39.30751;0.010522822;1;1;15;0
488647461;488646831;-1884.1525;186.96861;0.34336016;0.46679857;0.005761459;0.0044412576;-0.88433385;-56.56694;-4.4379363;0.32928362;0.0009932406;-0.17284209;0.0557109;15766.981;36797.11;0.23841017;0.00021902885;0.00022779887;0.0004152059;12.121995;39.78838;0.010200664;1;1;15;0
489151083;489150734;-1916.1451;179.90881;0.3365961;0.4737306;0.003257351;-0.003211049;-0.88065803;-57.78526;-4.7717986;0.31632015;-0.001623251;-0.052932557;0.0011111316;16149.847;37810.85;0.23383944;0.00021959875;0.00021986154;0.00041297384;12.280732;40.34218;0.0099564325;1;1;15;0
489654922;489654542;-1949.2499;171.79117;0.3468225;0.5060913;-0.038141005;0.10539566;-0.8551659;-59.027687;-5.1033297;0.303912;-0.117307976;-0.015136894;0.35915315;16542.562;38880.715;0.2339822;0.00021592344;0.00024967425;0.0003779164;12.447067;40.962807;0.009852658;1;1;15;0
490149847;490149400;-1982.1373;162.33163;0.34552464;0.51998776;-0.03208657;0.029240133;-0.85306984;-60.32261;-5.38272;0.28346556;-0.99585897;0.22812271;-0.05632893;16934.994;39910.613;0.22911882;0.00022392035;0.00022217183;0.00038799222;12.604291;41.47109;0.0096025625;1;1;15;0
490654054;490653255;-2016.4307;151.53186;0.34316272;0.5058775;-0.0073150583;-0.034609657;-0.8618797;-61.534348;-5.772904;0.27091697;0.48074242;-0.15180086;-0.2512626;17343.19;40970.125;0.22519296;0.00021431451;0.00023469926;0.00037601465;12.7679825;41.96866;0.009452499;1;1;15;0
491148685;491148113;-2051.3313;142.383;0.32926834;0.4547371;0.030367907;-0.05971612;-0.8881025;-62.821102;-5.9871416;0.2621363;0.32797095;-0.057012126;-0.27536726;17751.23;42053.36;0.22512029;0.0002178159;0.00018446293;0.00041640125;12.941009;42.50593;0.009467259;1;1;15;0
491652505;491651968;-2089.1958;137.5778;0.31512123;0.40190142;0.045871966;-0.07052905;-0.91180956;-64.10827;-6.020244;0.25670686;0.102211624;-0.032908153;-0.09060066;18168.059;43123.418;0.2219675;0.00021238241;0.00016996429;0.0004280889;13.108316;42.9559;0.009399685;1;1;15;0
492147579;492146826;-2128.0916;136.20683;0.29310203;0.38413864;0.05130678;-0.09046641;-0.91739905;-65.31794;-5.9188695;0.2568872;0.04895046;-0.10633236;-0.1447711;18582.512;44180.676;0.21868502;0.0002095975;0.00016617427;0.00042704152;13.272575;43.369267;0.009301269;1;1;15;0
492651292;492650681;-2169.068;136.03926;0.2787491;0.37854517;0.03992909;-0.05223328;-0.9232448;-66.560135;-5.721064;0.23713638;-0.65143245;0.010711312;0.12301375;19013.783;45289.4;0.22024477;0.00020828084;0.00016410173;0.00042536328;13.450202;43.806713;0.009325206;1;1;15;0
493155071;493154583;-2209.9346;133.52574;0.24941602;0.44537672;-0.005539841;-0.0014294429;-0.895325;-67.717896;-5.6557364;0.208507;0.014542778;-0.06472837;0.2390814;19460.244;46543.934;0.21811603;0.00021181884;0.000197832;0.00038625495;13.646883;44.432785;0.009244224;1;1;15;0
493649983;493649442;-2249.212;126.06989;0.2153692;0.4577574;-0.007352113;-0.0015468774;-0.88904536;-68.97383;-5.6443577;0.18593825;-0.020164628;0.096697584;-0.012555723;19907.463;47704.082;0.2154784;0.00021743384;0.00018767959;0.00038666857;13.826977;44.89096;0.00913108;1;1;15;0
494153888;494153248;-2289.9072;118.717316;0.17551416;0.45802107;-0.005233389;-0.0028122878;-0.88892156;-70.26979;-5.597554;0.17025553;0.08215847;-0.08101693;0.012787586;20371.623;48894.543;0.21355247;0.00021695485;0.00018485254;0.00038728555;14.017364;45.324585;0.009050143;1;1;15;0
494648670;494648106;-2330.7266;111.494484;0.13699955;0.45591807;-0.0042664786;0.007384459;-0.88998085;-71.5779;-5.520233;0.15592195;-0.04321723;-0.06274604;-0.024487669;20836.629;50119.914;0.21488333;0.00021724279;0.00018160127;0.00038807;14.208017;45.801857;0.009040268;1;1;15;0
495152523;495151960;-2373.1711;103.20214;0.090742074;0.43818304;0.004506397;0.005609056;-0.89885694;-72.89868;-5.458044;0.12835594;-0.07812364;-0.04546636;-0.101501174;21320.621;51439.168;0.21311589;0.00021690523;0.0001794986;0.0003902749;14.4147625;46.35404;0.008962252;1;1;15;0
495647372;495646818;-2415.5757;95.27405;0.036697555;0.43559554;0.0060138633;0.0065063923;-0.90009886;-74.1894;-5.388311;0.103642546;0.054643646;-0.007233096;-0.049710087;21802.174;52694.03;0.21455166;0.00021507022;0.00018077216;0.00039058135;14.615184;46.791977;0.008962159;1;1;15;0
496151169;496150672;-2459.58;87.14384;-0.03227733;0.45832336;-0.013791805;-0.0007227189;-0.88867825;-75.50012;-5.3241196;0.09876355;0.28613752;-0.21368112;0.25513464;22301.451;54009.02;0.21291102;0.0002170849;0.00018186518;0.00038724786;14.819301;47.254417;0.0088992845;1;1;15;0
496655090;496654527;-2504.6714;79.36494;-0.106070556;0.4467395;-0.015252418;0.0043899966;-0.8945233;-76.88692;-5.1708746;0.056004744;-0.09404532;-0.3982711;-0.0622159;22809.816;55321.906;0.21135455;0.00022442256;0.00017387996;0.00038723138;15.022379;47.67705;0.0088338405;1;1;15;0
497150228;497149384;-2550.084;71.68134;-0.17041999;0.36431018;-0.128228;-0.09592297;-0.9174064;-78.21394;-4.970696;-0.050651252;-0.38678077;0.5701987;-0.5680214;23318.893;56686.066;0.21297865;0.00028550046;0.0001665596;0.00033381287;15.227589;48.16182;0.00888129;1;1;15;0
497653640;497653286;-2599.157;67.12971;-0.28466597;0.20334952;-0.0044854553;-0.009974931;-0.97904515;-79.632675;-4.795727;0.0040204045;0.73812765;-0.8362586;-0.7378208;23847.457;58172.86;0.21151707;0.00019619559;0.00020630195;0.0003867543;15.460947;48.770786;0.008845444;1;1;15;0
498148638;498148143;-2644.7793;62.704735;-0.3902861;0.09221631;0.01786366;0.0434556;-0.9946299;-80.79735;-4.5206285;-0.06455757;0.15356472;0.41116893;-0.20966902;24371.05;59577.9;0.20967948;0.0001892184;0.00020926876;0.0003922646;15.664306;49.26039;0.008762984;1;1;15;0
498652554;498651950;-2689.9878;59.56769;-0.5097689;0.056034118;0.008151581;0.0049441904;-0.99838334;-81.93028;-4.2417603;-0.069264956;-0.16657712;-0.10343002;-0.10115464;24910.463;61045.492;0.20836161;0.00018522689;0.00021523402;0.00039252767;15.876126;49.785862;0.008739145;1;1;15;0
499147190;499146807;-2734.3855;58.00699;-0.6151369;0.04214282;-0.00037333323;-0.0058859116;-0.9990942;-82.93882;-3.972006;-0.10123719;-0.09260492;0.09778062;-0.15735656;25452.908;62542.426;0.21018136;0.0001862642;0.00021824914;0.00039239228;16.092337;50.337482;0.008759585;1;1;15;0
499651264;499650661;-2780.2893;57.391224;-0.7094893;0.034251217;0.002875816;0.0013315807;-0.9994083;-83.95386;-3.6767638;-0.12557133;-0.11855731;0.10417637;0.055011455;26011.518;64079.734;0.20889036;0.00018835608;0.00022149098;0.00039022567;16.306505;50.888866;0.0087083485;1;1;15;0
500154924;500154516;-2826.7812;57.93247;-0.80038065;0.03391558;-0.012245342;0.010560035;-0.9992939;-85.006424;-3.327961;-0.11911639;-0.4592063;-0.28197438;-0.009433388;26580.37;65628.805;0.20772515;0.0001890076;0.00022264487;0.0003916616;16.520288;51.415348;0.00867245;1;1;15;0
500649725;500649372;-2873.0808;58.133575;-0.89645356;0.035330452;-0.008373393;0.060531005;-0.9975058;-85.96266;-3.0725036;-0.16714147;0.042995773;-0.09972508;0.05238786;27155.729;67268.93;0.20955296;0.00019931312;0.00022459483;0.00038612497;16.754349;52.05575;0.008710844;1;1;15;0
501153812;501153227;-2920.9805;55.55718;-0.999937;0.029269133;-0.0041978625;-5.9571785e-06;-0.9995628;-87.02975;-2.8942695;-0.19279194;0.4672754;0.11648643;-0.15171494;27747.936;68905.72;0.20843998;0.00019654706;0.00022625731;0.00039236946;16.980942;52.62561;0.008723076;1;1;15;0
501648678;501648083;-2969.0012;56.45825;-1.0904849;-0.071223445;-0.00832596;-0.13173537;-0.98868793;-88.07855;-2.5154796;-0.21243252;-0.22770727;0.065871455;-0.42018303;28332.855;70534.85;0.20683433;0.00018700991;0.0002584865;0.00037408774;17.194881;53.181362;0.008656351;1;1;15;0
502152512;502151984;-3018.2373;60.113716;-1.1816001;-0.13092151;-0.009748634;-0.1003761;-0.98625004;-89.04852;-2.2196333;-0.1878638;0.41464055;-0.43230316;-0.022539787;28932.613;72231.734;0.2092519;0.00017293922;0.00026364435;0.00038784373;17.418434;53.769585;0.008641776;1;1;15;0
502647194;502646841;-3065.3372;64.56683;-1.2755243;-0.1391585;0.015005456;0.0015666069;-0.99015516;-89.72977;-1.8717397;-0.2177693;-0.40542096;0.104433425;0.10369298;29529.46;73882.664;0.20755287;0.00018613331;0.00026332462;0.0003777142;17.61771;54.294403;0.008548524;1;1;15;0
503151015;503150648;-3112.8794;67.429535;-1.3609319;-0.1328804;0.000537771;0.0044405735;-0.99112207;-90.48471;-1.652246;-0.23299393;0.0151998475;-0.07165573;-0.10381049;30156.156;75656.37;0.20638686;0.00018880887;0.00025072595;0.00039334124;17.840181;54.919403;0.008535029;1;1;15;0
503655366;503654501;-3160.3545;70.25496;-1.4379927;-0.14067176;0.00083526084;0.00485022;-0.9900441;-91.257126;-1.3984518;-0.24366535;0.10533452;-0.15490277;0.10987923;30790.629;77376.055;0.20883086;0.00019127526;0.00025248967;0.0003932105;18.04703;55.43099;0.00858476;1;1;15;0
504149885;504149358;-3207.0945;73.45389;-1.5100541;-0.1407925;-0.0016684923;0.002119304;-0.99003553;-91.97876;-1.128091;-0.25858623;0.0003555275;-0.02301084;-0.03760877;31425.672;79128.086;0.20717026;0.00019488888;0.00025583437;0.00039231218;18.264988;55.98678;0.008544374;1;1;15;0
504653708;504653212;-3255.067;77.61583;-1.5724922;-0.07682156;0.005965642;-0.039625753;-0.9962393;-92.71098;-0.89684504;-0.27565607;0.11554156;0.38087654;0.7074953;32079.262;80886.9;0.20614135;0.00019973014;0.000257672;0.00038994997;18.471052;56.482063;0.008528974;1;1;15;0
505148820;505148068;-3304.0928;85.972176;-1.620001;0.17683545;-0.037925795;0.011205887;-0.98344564;-93.62927;-0.48686513;-0.2435336;-0.02341528;-0.6623078;1.2412285;32729.205;82647.28;0.20804058;0.00021917824;0.00023377052;0.00039954344;18.679777;56.970154;0.008547384;1;1;15;0
505652315;505651922;-3357.7769;98.74405;-1.6730256;0.5101441;-0.05106215;0.14441687;-0.8463389;-94.88429;0.085137434;-0.22494;-1.2873186;-1.0775746;1.6031144;33417.69;84576.89;0.20700873;0.0002657695;0.00020342741;0.0003920468;18.943466;57.579853;0.008522125;1;1;15;0
506147231;506146778;-3416.999;108.80751;-1.7179705;0.8273424;0.04730159;0.0116362255;-0.5595818;-96.46143;0.8166845;-0.32429454;-1.3774091;0.8529606;1.6572882;34104.723;86543.695;0.20546807;0.0002459952;0.0002072591;0.00041099594;19.202488;58.159046;0.0085155275;1;1;15;0
506651025;506650678;-3481.2815;121.28769;-1.7489251;0.97935474;0.013048225;-0.029413696;-0.19957206;-98.25197;1.5920863;-0.33413553;0.054748647;0.990651;1.2664077;34814.09;88531.82;0.20799547;0.00017797321;0.00027482625;0.00040537954;19.435255;58.68358;0.00856852;1;1;15;0
507155059;507154485;-3545.8425;136.31317;-1.7808355;0.9880819;-0.03493692;-0.08492073;0.123540506;-99.703804;2.276083;-0.30703044;-0.15597011;-0.10592038;1.1566962;35528.62;90486.125;0.20701648;0.00020707154;0.00024256832;0.00039721062;19.633781;59.13167;0.008551362;1;1;15;0
507649868;507649341;-3605.0432;150.0664;-1.8301814;0.93110573;0.01076701;-0.02679576;0.3636045;-100.37274;2.8356836;-0.2680974;-0.4260306;-0.65997267;1.0638099;36237.168;92433.43;0.20556463;0.00024408377;0.0002137013;0.00037582265;19.800808;59.630955;0.008555294;1;1;15;0
508153618;508153194;-3659.1943;159.54039;-1.8767983;0.8287441;0.051443167;0.016153894;0.55702406;-100.52082;3.049895;-0.34134504;0.13654292;0.50354993;0.52915084;36971.098;94474.22;0.20815285;0.00023610055;0.00018706906;0.00040067083;19.966309;60.205086;0.008649324;1;1;15;0
508648456;508648050;-3707.311;161.89241;-1.9092712;0.7252166;0.07178359;-0.06610044;0.6815708;-100.38677;3.0070834;-0.37416723;0.6461603;0.76812106;0.50722206;37702.44;96485.99;0.20674391;0.00023554689;0.00018093974;0.0004018536;20.126907;60.73726;0.008619365;1;1;15;0
509152432;509151903;-3754.1494;160.39516;-1.9464796;0.6787094;0.07914958;-0.10878754;0.7219794;-100.23314;2.9413242;-0.32515845;0.2042184;-0.34955922;-0.062860936;38460.688;98598.18;0.20593023;0.00023203494;0.00021116222;0.00037221215;20.296984;61.35485;0.008624984;1;1;15;0
509647265;509646759;-3799.385;156.87682;-2.002988;0.6765206;-0.035458907;0.009110442;0.73551315;-100.13543;2.887045;-0.26500657;-0.32513472;-2.0018997;0.32488626;39219.293;100781.16;0.20810746;0.00023715127;0.00023174036;0.000346438;20.489902;62.087948;0.008701954;1;1;15;0
510151473;510150612;-3844.5796;149.86429;-2.0415182;0.66845703;-0.010395385;0.048617303;0.74208724;-100.06766;2.47849;-0.30981275;-0.50373477;-0.7978338;-0.06371334;39992.355;102988.24;0.20729694;0.00022866104;0.00022530912;0.00036075362;20.673819;62.792812;0.00867955;1;1;15;0
510654977;510654513;-3890.2854;146.05405;-2.0709233;0.68235093;0.0016571156;0.025748707;0.73056936;-100.08587;2.2091804;-0.3406439;-0.019615758;-0.045696776;-0.024682948;40779.105;105188.195;0.20645218;0.00023091088;0.00020789198;0.0003766174;20.859718;63.442818;0.008634906;1;1;15;0
511149903;511149368;-3935.3977;146.23335;-2.091174;0.68222874;0.0015513506;0.009865193;0.7310706;-100.08946;2.13397;-0.36191648;0.12203182;0.17575616;0.027049683;41561.09;107338.234;0.2085696;0.00023110298;0.00020658105;0.00037707537;21.02506;64.034904;0.008662757;1;1;15;0
511653750;511653174;-3981.7532;147.62267;-2.111778;0.6799501;0.0052974;-0.00011280727;0.7332393;-100.10103;2.1117432;-0.35583487;0.3000741;0.055539936;0.010152835;42366.59;109505.86;0.20768209;0.00023104661;0.0002078695;0.0003753111;21.188768;64.58935;0.008632776;1;1;15;0
512148476;512148030;-4027.3687;149.85487;-2.128149;0.6806865;0.02755244;-0.019499216;0.7317968;-100.08669;2.1691113;-0.32735562;0.26681262;-0.163891;0.001307382;43176.926;111736.19;0.20625795;0.00023178449;0.00020941983;0.00037541543;21.373034;65.226944;0.0085981665;1;1;15;0
512652447;512651883;-4074.2417;153.45406;-2.135001;0.6736;0.075129196;-0.06962838;0.73196346;-100.0369;2.2743142;-0.300881;-0.14623421;-0.71649766;0.047248386;44007.87;113930.94;0.20886253;0.00023204111;0.00021829428;0.00036684322;21.534893;65.76211;0.008671624;1;1;15;0
513147317;513146738;-4120.4756;155.50278;-2.1564639;0.6743769;0.065390214;-0.053562146;0.73353326;-100.02254;2.2748232;-0.3264082;-0.37835574;-0.42595553;0.03332856;44850.164;116266.04;0.20743999;0.00023607569;0.00022274042;0.00036241286;21.724512;66.47339;0.008681556;1;1;15;0
513651126;513650591;-4167.854;159.52393;-2.1717038;0.6791763;0.026203465;-0.009345905;0.7334478;-99.99606;2.4240205;-0.2805929;-0.43401647;-1.4732106;0.01717115;45709.785;118488.45;0.206656;0.00023441859;0.0002268651;0.00036276062;21.901085;66.99774;0.008701126;1;1;15;0
514155052;514154443;-4214.6333;159.72656;-2.1726923;0.6746332;0.059836205;-0.042465914;0.7344974;-99.95018;2.3370957;-0.32838556;-0.5070307;-0.5220679;-0.017152904;46582.812;120830.195;0.20592423;0.00023567976;0.00023085387;0.00036089114;22.075766;67.61335;0.008720481;1;1;15;0
514649919;514649299;-4260.937;161.5941;-2.1793828;0.6748868;0.07650095;-0.08480334;0.72902936;-99.96055;2.3467283;-0.3139315;-0.3635856;-0.46510416;-0.0061861984;47456.51;123186.3;0.20811181;0.00023846226;0.00023254291;0.0003608706;22.252743;68.24722;0.008807653;1;1;15;0
515153794;515153198;-4308.7954;165.03934;-2.1983342;0.67492926;0.0776361;-0.07504308;0.7299396;-99.976135;2.4168015;-0.33546224;-0.23783001;-0.36543548;0.03394444;48369.543;125712.61;0.20741136;0.00024530166;0.00023606519;0.0003585976;22.465202;69.02102;0.0088583;1;1;15;0
515648443;515648054;-4355.7627;171.21123;-2.2224207;0.6770726;0.05386287;-0.03450851;0.73313075;-99.97766;2.5652657;-0.35862815;-0.12919937;-0.0802807;-0.0036573557;49274.355;128131.65;0.20981382;0.00024751463;0.00023915929;0.00035940515;22.652145;69.69129;0.009003544;1;1;15;0
516152383;516151859;-4403.6963;178.5084;-2.2487452;0.67800844;-0.023373172;0.029594274;0.73408616;-99.95384;2.73496;-0.3649648;-0.29028547;0.46810895;-0.0037678587;50198.086;130499.76;0.20928548;0.00024390126;0.00023974231;0.00036707713;22.82683;70.244194;0.009048735;1;1;15;0
516647278;516646714;-4450.4507;186.07886;-2.2575278;0.6720641;-0.09018094;0.08315284;0.73026216;-99.940025;2.9874008;-0.32831052;-0.2932464;-0.024065884;0.025816863;51113.258;132924.69;0.20815445;0.0002500444;0.0002490803;0.0003574823;23.019026;70.863205;0.008963884;1;1;15;0
517151129;517150567;-4498.6123;192.43568;-2.2485285;0.685475;-0.002728159;0.062188976;0.72543037;-99.96253;3.2018745;-0.29179597;0.3894075;-0.5333489;-0.079722695;52039.137;135229.08;0.20745067;0.00024863964;0.0002577337;0.0003525929;23.186598;71.30352;0.008871939;1;1;15;0
517654912;517654419;-4546.422;199.75867;-2.2164543;0.6946542;0.08550524;0.072080806;0.71059746;-99.83276;3.433872;-0.2844246;0.29087362;-0.24070159;-0.1416759;52995.0;137615.98;0.21017739;0.00025017303;0.00031424864;0.00029883775;23.359112;71.80257;0.008899304;1;1;15;0
518149873;518149274;-4592.399;206.30635;-2.1816397;0.7053915;0.04126109;0.03204787;0.7068899;-99.50989;3.698049;-0.27562857;-0.08314891;-0.0068774233;-0.05262538;53963.047;140169.67;0.20874958;0.00025347204;0.0002903786;0.00032690744;23.548403;72.48591;0.008901902;1;1;15;0
518653702;518653127;-4639.5127;212.93262;-2.1430328;0.70479804;-0.005109612;-0.009863515;0.7093211;-99.29295;3.9417937;-0.27115434;0.049064994;0.20819099;0.01813144;54951.36;142556.1;0.20787072;0.00025517025;0.00024357636;0.00037772814;23.729269;72.94698;0.008926194;1;1;15;0
519148521;519147981;-4686.6196;223.59023;-2.1064565;0.6941667;-0.039589196;-0.049728945;0.7170024;-99.30009;4.2442975;-0.26736608;0.16367899;0.18726781;0.052029427;55934.93;144989.92;0.2101108;0.00025740545;0.00022125998;0.0004035258;23.909641;73.457954;0.009020125;1;1;15;0
519652469;519651881;-4734.368;236.82004;-2.0868278;0.68713945;-0.02598737;-0.01996186;0.72578615;-99.424255;4.609052;-0.22211942;-0.28098065;-0.039082192;0.031896945;56938.383;147305.98;0.20935412;0.00025865494;0.00024428035;0.00038318918;24.083187;73.81085;0.009042474;1;1;15;0
520147097;520146736;-4781.7524;248.85023;-2.0701065;0.68898773;0.0007011101;0.015076513;0.72461593;-99.61608;4.921149;-0.22263914;0.14637914;0.09894475;-0.055884004;57949.625;149773.02;0.21174668;0.00026112472;0.00024757686;0.00038476608;24.278017;74.31273;0.009141185;1;1;15;0
520651064;520650541;-4830.057;259.40112;-2.0563257;0.68900645;0.0213865;0.028929956;0.72386175;-99.69933;5.220696;-0.22656386;0.20437708;0.17991205;-0.04349617;58993.48;152257.2;0.21115719;0.00026362966;0.00026812544;0.00036825778;24.464128;74.765495;0.009199713;1;1;15;0
521154928;521154393;-4878.4443;268.07553;-2.0393052;0.69177204;0.025053527;0.029117769;0.72109365;-99.64184;5.5220156;-0.19705057;0.14371948;0.23159365;-0.025789002;60051.23;154729.14;0.21057844;0.0002660288;0.0002895288;0.00035088437;24.648634;75.19063;0.009266252;1;1;15;0
521649854;521649248;-4926.1357;275.32306;-2.0146506;0.69865954;0.023244578;0.013460383;0.71494997;-99.57093;5.7928357;-0.18852726;0.2571222;0.25847313;-0.05810669;61102.117;157093.52;0.20950842;0.0002677156;0.00028070094;0.00036416392;24.831831;75.52273;0.009331996;1;1;15;0
522153448;522153099;-4974.8;283.6589;-1.9891738;0.7103315;-0.0012896756;0.0023322178;0.70386225;-99.53902;6.098473;-0.17609094;0.5345402;0.060020026;-0.0051751123;62183.25;159512.98;0.21268246;0.00026888752;0.00026675413;0.00038208326;25.010382;75.8493;0.009480141;1;1;15;0
522648450;522647954;-5022.6396;294.01526;-1.951368;0.6868641;0.0076426943;-0.0140550295;0.7266098;-99.48256;6.4324017;-0.16026485;0.06447113;0.13549767;0.13993023;63257.734;161868.19;0.21166487;0.00027101193;0.00028599857;0.0003656807;25.185715;76.13047;0.009562483;1;1;15;0
523152712;523151806;-5070.839;305.27335;-1.912107;0.6581509;-0.0098031815;0.009901267;0.7527571;-99.445435;6.8229146;-0.16338965;-0.25835425;-0.014036921;0.2787085;64370.93;164308.31;0.21137321;0.00027358817;0.00029784575;0.0003572801;25.373508;76.43741;0.009632891;1;1;15;0
523647218;523646661;-5117.7437;316.55676;-1.8697547;0.5541629;-0.0019051023;0.023683326;0.8320691;-99.45193;7.1781697;-0.1503682;-0.22486268;0.10630822;0.69724864;65483.92;166854.92;0.21427105;0.00028073348;0.00029383742;0.00036294252;25.58158;76.86093;0.009782657;1;1;15;0
524151117;524150560;-5165.442;332.00656;-1.8308368;0.40684623;0.010535567;-0.0038344215;0.9134278;-99.515335;7.6016693;-0.14742094;0.16556442;0.27340335;0.5262544;66634.14;169519.73;0.21411392;0.0002994285;0.00028260713;0.00036531012;25.80757;77.33826;0.009930349;1;1;15;0
524654752;524654364;-5213.528;352.64368;-1.8040802;0.30438823;-0.0004897382;-0.0048035122;0.9525358;-99.751434;8.165482;-0.12172799;-0.28376374;-0.2747054;0.42279196;67797.53;172177.27;0.21400994;0.00029709173;0.00029054875;0.00036827452;26.050491;77.790245;0.010055184;1;1;15;0
525149833;525149219;-5261.6133;377.93945;-1.7811136;0.19672437;0.039487496;-0.0023739196;0.9796605;-100.072754;8.75603;-0.099595666;0.08025764;-0.7021937;0.463444;68965.49;174980.4;0.21723932;0.00030661077;0.00028588568;0.00037375645;26.321907;78.37745;0.010251705;1;1;15;0
525653507;525653071;-5311.281;407.04514;-1.7627329;0.11655939;0.09718842;0.009979184;0.9883667;-99.950325;9.292852;-0.2246345;0.4855974;0.9097914;0.40722835;70173.82;177785.81;0.21736726;0.00040267443;0.0002847325;0.00028650134;26.598625;78.91265;0.010337336;1;1;15;0
526148375;526147925;-5362.411;440.0476;-1.7647611;0.028048886;0.014968782;0.008298434;0.9994601;-100.076485;10.03882;-0.17091474;0.49056196;0.03648137;0.34590623;71379.89;180550.95;0.21695355;0.00032632996;0.0002924453;0.00036141317;26.88114;79.42221;0.010543338;1;1;15;0
526652321;526651777;-5414.6924;479.03223;-1.7732582;-0.0470357;-0.06162478;0.11118619;0.99077123;-100.08619;10.91351;-0.16549768;-0.1651499;-0.073735625;0.27273542;72607.125;183266.94;0.22103862;0.0002886545;0.00029342843;0.0004009185;27.173706;79.77666;0.010724556;1;1;15;0
527147124;527146631;-5466.519;514.12256;-1.7812146;-0.0894413;-0.043351065;0.025417782;0.9947236;-100.05573;11.610589;-0.16112274;-0.7477237;0.13653037;0.17234024;73801.58;185673.56;0.22060016;0.00029077177;0.00028730358;0.00040189768;27.443373;79.84898;0.010797185;1;1;15;0
527650907;527650482;-5520.7764;555.5834;-1.7735722;-0.21060917;0.029252196;-0.097086;0.97229755;-100.0548;12.402574;-0.15648673;-0.18844403;-0.32734478;0.69066626;75054.34;188329.3;0.220792;0.0003052627;0.00030625635;0.00036816794;27.741922;80.08485;0.0108193355;1;1;15;0
528155048;528154381;-5578.681;600.43713;-1.7697406;-0.37716693;0.013804304;-0.00534865;0.92602694;-100.01733;13.443286;-0.17609544;0.18502809;0.26872063;0.58020455;76342.5;191218.72;0.2249196;0.00032251186;0.00030821588;0.00034830105;28.063168;80.49661;0.010910123;1;1;15;0
528649663;528649235;-5637.785;648.6253;-1.7588742;-0.49497253;-0.039929975;0.079473116;0.8643448;-100.07094;14.630918;-0.18415502;-0.30146542;0.4688811;0.24374029;77628.49;193933.08;0.22434302;0.00031369444;0.00025503838;0.0004059029;28.390062;80.73571;0.011045214;1;1;15;0
529153612;529153040;-5699.6953;697.2433;-1.7550159;-0.55966806;0.0016210214;-0.03480993;0.8279839;-100.06996;15.805445;-0.16501305;-0.5067995;-0.02000392;0.3442655;78943.56;196659.67;0.22440416;0.00030135296;0.00026864084;0.00039658212;28.711483;80.89005;0.011125893;1;1;15;0
529648697;529647894;-5762.819;739.3089;-1.7491096;-0.598936;0.0017046535;-0.0066484213;0.8007674;-100.032234;16.89933;-0.16977575;0.034333646;0.13972723;0.021104394;80247.09;199274.47;0.22775362;0.00030122022;0.00028905744;0.00036409724;29.000107;80.89667;0.011124701;1;1;15;0
530152282;530151746;-5827.315;778.37195;-1.7328845;-0.5817257;0.0055698627;0.0050638723;0.8133502;-100.04133;18.003996;-0.15911093;-0.038003728;-0.26945022;-0.21522799;81604.35;201950.58;0.2274981;0.00030147002;0.00027610656;0.00036697218;29.319221;80.90499;0.011075206;1;1;15;0
530647215;530646599;-5890.3916;815.64557;-1.7069911;-0.51370245;0.012234769;0.0018371098;0.8578793;-100.02741;19.102406;-0.16984795;0.040084068;-0.030607695;-0.42612505;82952.484;204541.2;0.22643374;0.00030794338;0.00026668212;0.0003599873;29.622068;80.84677;0.011005061;1;1;15;0
531151072;531150451;-5953.458;847.7078;-1.6953427;-0.43533638;-0.024293453;-0.01348697;0.89983904;-100.01116;20.09109;-0.1802056;0.18145405;0.28270653;-0.30844083;84331.84;207203.12;0.23004957;0.00030711998;0.0002586449;0.00035994136;29.920351;80.76201;0.011050546;1;1;15;0
531654727;531654302;-6015.363;876.46423;-1.6754943;-0.3673666;-0.057703555;0.003974107;0.928276;-99.994774;20.94422;-0.1543889;0.74843997;0.059553202;-0.2516266;85715.06;209701.14;0.22919568;0.0002788936;0.00025183658;0.00038716316;30.219328;80.49443;0.010880158;1;1;15;0
532149759;532149159;-6076.2544;905.2528;-1.636353;-0.25483236;-0.021916896;0.11614931;0.9597341;-100.07105;21.867449;-0.12863229;-0.095821194;-0.08586202;-0.47613126;87095.086;212290.77;0.22741823;0.00029396857;0.00022262249;0.00039766068;30.530636;80.35866;0.010769773;1;1;15;0
532653623;532653055;-6135.6113;932.8298;-1.6107395;-0.1300931;-0.0073261564;0.12386291;0.9837073;-100.03131;22.601572;-0.10843186;0.20738108;0.0033971926;-0.46115392;88501.02;214922.11;0.23039912;0.00028391602;0.00025371942;0.0003727136;30.816702;80.14923;0.010699962;1;1;15;0
533148500;533147909;-6190.373;959.0767;-1.574241;-0.015469653;0.016709227;0.12568691;0.99180865;-100.06837;23.30852;-0.092528455;0.02364796;-0.13612193;-0.37121937;89909.516;217483.86;0.22827442;0.00026702302;0.00028323097;0.0003591859;31.106745;79.91528;0.010550216;1;1;15;0
533652103;533651712;-6243.261;982.9353;-1.5330025;0.056984648;0.042711515;0.10164735;0.99226826;-100.07291;23.911587;-0.08007028;-0.043793384;0.059835255;-0.19285761;91368.805;220211.83;0.22670881;0.0002681007;0.00030313563;0.0003388955;31.3927;79.76827;0.010428408;1;1;15;0
534147090;534146566;-6292.9463;1003.1985;-1.4851894;0.1131687;0.11878423;0.06499472;0.9843063;-100.08713;24.44122;-0.06495206;-0.058599778;-0.21335162;-0.20641983;92814.75;222956.72;0.22862196;0.00029149684;0.0003100339;0.00030811684;31.643162;79.6259;0.010453982;1;1;15;0
534651023;534650417;-6343.3535;1017.5316;-1.4501303;0.16399123;0.1634553;-0.06384234;0.97072834;-100.07937;24.713219;-0.10964389;0.50062555;0.34615168;-0.032623414;94313.76;225760.23;0.2269903;0.0003243969;0.00029105262;0.00029468304;31.90145;79.46947;0.01038734;1;1;15;0
535154711;535154268;-6396.1787;1033.3943;-1.4463823;0.13197301;-0.047631115;-0.05902958;0.9883471;-100.28908;25.04994;-0.06733894;1.8329656;-0.80517083;-0.092089795;95855.81;228876.42;0.2255213;0.00020232769;0.00027780113;0.00043626974;32.214794;79.65594;0.010120809;1;1;15;0
535649710;535649122;-6449.902;1050.0626;-1.4145333;0.18394537;-0.027067007;-0.020508017;0.98234975;-100.1203;25.6054;-0.051196713;0.643439;-0.14112383;-0.2336107;97366.97;231973.42;0.22733754;0.00024577838;0.0002979705;0.00037732217;32.50323;79.760414;0.010240682;1;1;15;0
536153805;536152973;-6499.4805;1066.7255;-1.3733294;0.25006643;-0.009020021;-0.010906146;0.9681253;-100.085014;26.056957;-0.038621604;0.17647652;-0.06775705;-0.28191245;98918.0;235005.34;0.22565298;0.00024977382;0.0003061102;0.00036695384;32.76436;79.716354;0.010180544;1;1;15;0
536648456;536647827;-6546.1836;1082.4689;-1.3300498;0.29925013;0.002079037;-0.001967949;0.9541704;-100.08917;26.4152;-0.024953283;0.14584851;-0.11792489;-0.09544206;100461.09;238016.02;0.22340952;0.00024948613;0.000305412;0.0003699048;33.01888;79.67132;0.010125417;1;1;15;0
537152319;537151724;-6593.731;1097.1049;-1.2995064;0.31457528;-0.0025525705;-0.00012886735;0.94922906;-100.10024;26.70058;-0.012302699;-0.05352657;0.014446006;-0.03661676;102079.51;241273.67;0.2219836;0.00025348002;0.00031146975;0.0003657779;33.304214;79.8211;0.0101331035;1;1;15;0
537647391;537646578;-6641.217;1113.2577;-1.2634697;0.32440397;-0.0034909588;-0.011337743;0.9458443;-100.20564;26.915806;-0.008156416;1.3925534;-0.14167258;-0.053205863;103687.84;244584.06;0.22417243;0.0002567713;0.0002794213;0.00040089778;33.582085;80.03125;0.010277761;1;1;15;0
538150957;538150382;-6690.097;1128.817;-1.2335129;0.34651348;-0.0003805528;0.011844639;0.93797016;-100.09341;27.28862;0.00961493;0.09335722;-0.011058828;-0.105766274;105347.92;247933.62;0.22293435;0.0002628001;0.00031106322;0.0003701924;33.87469;80.20372;0.010337938;1;1;15;0
538654841;538654232;-6738.3486;1142.299;-1.2050759;0.37095925;-0.0023564042;0.004564463;0.92863494;-100.10448;27.495453;0.017766088;-0.017383276;0.1342507;-0.09146965;107028.195;251320.1;0.22188883;0.00026984198;0.00031565363;0.00036464303;34.15293;80.373314;0.010436365;1;1;15;0
539149688;539149086;-6785.3203;1155.9354;-1.1688609;0.3889613;-0.00011142941;-0.0031534645;0.9212488;-100.11882;27.701063;0.04380096;-0.021812255;0.048695035;-0.06771227;108687.46;254706.98;0.22440998;0.0002725104;0.00031191946;0.00037026845;34.407887;80.53843;0.010660324;1;1;15;0
539653551;539652936;-6832.267;1167.882;-1.1344076;0.40237787;0.029865706;0.07101277;0.9122266;-100.09669;27.868937;0.057298765;-0.14697301;-0.03219515;-0.070597544;110400.81;258143.27;0.22365455;0.00027666322;0.00035512567;0.00032802185;34.674847;80.664185;0.010806461;1;1;15;0
540148437;540147790;-6878.6167;1176.5104;-1.1091425;0.42154837;0.024891859;0.0517145;0.90498793;-100.12705;27.911686;0.06954852;-0.06319793;-0.12620151;0.006357404;112104.11;261555.02;0.22248608;0.00028404355;0.00034143592;0.0003386296;34.924408;80.79755;0.010950738;1;1;15;0
540652213;540651640;-6925.2773;1186.7885;-1.0680064;0.43679616;-0.008704109;-0.004854712;0.8995053;-100.060715;28.066835;0.07155213;-0.9602556;0.123935536;-0.112780236;113855.33;265139.6;0.22623345;0.0002881425;0.0003397416;0.00034074346;35.173424;80.98524;0.011250722;1;1;15;0
541147066;541146494;-6971.167;1198.388;-1.0152671;0.43458512;-0.040253017;-0.08949488;0.8952688;-100.17532;28.12902;0.10107622;0.23690674;-0.12635945;-0.01132949;115597.13;268660.34;0.22547676;0.0002950514;0.00026677156;0.00041298926;35.43765;81.164;0.011455111;1;1;15;0
541650908;541650391;-7017.0073;1209.3547;-0.9687376;0.44433796;-0.0011734299;-0.0031104889;0.89585304;-100.1201;28.260778;0.104692206;0.16405569;-0.047732674;-0.020691633;117372.13;272256.25;0.22537793;0.00029577586;0.00031055472;0.0003723574;35.681778;81.291466;0.011727875;1;1;15;0
542154755;542154195;-7062.412;1218.502;-0.9193241;0.45555264;-0.010654373;-0.005595742;0.8901276;-100.121994;28.337744;0.13412003;-0.07896356;0.05701346;-0.100992806;119165.84;275936.53;0.22973382;0.00030108914;0.00030856152;0.00037207204;35.909454;81.43061;0.012078247;1;1;15;0
542649869;542649048;-7106.126;1224.9038;-0.8723922;0.47978058;0.0024382893;8.779792e-05;0.8773851;-100.10902;28.315521;0.15255502;-0.13036813;-0.025085982;-0.13186094;120928.96;279484.75;0.22924465;0.0003051057;0.00030430808;0.0003725439;36.11214;81.453835;0.012285405;1;1;15;0
543153491;543152898;-7149.7036;1229.8561;-0.83186626;0.51247424;0.0020520764;-0.0005380625;0.85870004;-100.14055;28.247612;0.16692619;0.092252284;-0.11915427;-0.17335764;122743.9;283153.7;0.2296119;0.00030759274;0.0002982342;0.00037712112;36.3203;81.47976;0.01255366;1;1;15;0
543657140;543656749;-7192.884;1232.9423;-0.80194634;0.55400646;0.04140641;0.021685496;0.83119917;-100.16101;28.11945;0.18145333;0.5123914;-0.12648818;-0.2662265;124582.12;286935.78;0.23453407;0.00031278835;0.00030548003;0.00036598166;36.521877;81.585144;0.012973881;1;1;15;0
544152436;544151601;-7234.8174;1232.2363;-0.79474974;0.64247173;0.097580634;0.057954308;0.75785846;-100.02948;27.960005;0.15595262;-0.259954;0.103957854;-0.51042444;126395.74;290596.22;0.23444396;0.00031847743;0.0003778336;0.00028576417;36.68634;81.56576;0.013152311;1;1;15;0
544647063;544646455;-7276.5967;1228.481;-0.8109866;0.7344361;0.11095542;0.02292344;0.669154;-99.765686;27.82949;0.17382774;-0.016671859;-0.29503778;-0.38207242;128215.29;294277.9;0.23434792;0.00030295472;0.00037764237;0.00029632845;36.82793;81.49474;0.013379016;1;1;15;0
545150842;545150304;-7319.0894;1226.0542;-0.8328868;0.78513664;0.13264441;-0.035922505;0.6038837;-99.43344;27.741861;0.12134863;0.1605476;0.30015633;-0.19472162;130093.18;298151.6;0.23968506;0.0002834205;0.00036101972;0.00032608927;36.961136;81.50228;0.013822675;1;1;15;0
545654803;545654202;-7361.9434;1227.5958;-0.85041803;0.8139107;0.18495639;-0.010006603;0.5506727;-99.130615;27.83843;0.13948946;-0.13295923;-0.31852347;-0.3467906;131983.86;302018.44;0.24063158;0.00027047304;0.00037957923;0.0003131567;37.085464;81.46484;0.01429796;1;1;15;0
546149687;546149055;-7403.8584;1229.5271;-0.8797747;0.86606485;0.17525569;-0.047389336;0.465802;-98.785324;27.958712;0.13617228;-0.10849851;-0.47024947;-0.40964332;133849.16;305848.84;0.24093069;0.00024994207;0.00038808107;0.0003178789;37.20725;81.40019;0.0145793315;1;1;15;0
546653433;546652858;-7446.5117;1233.6946;-0.8891555;0.92306674;0.15471181;-0.0704843;0.34502777;-98.540344;28.11783;0.10213321;-0.052618254;-0.0690683;-0.5130748;135751.95;309832.22;0.2468652;0.00021855345;0.0003778907;0.00034820536;37.311443;81.33345;0.015077914;1;1;15;0
547157262;547156708;-7488.478;1237.6459;-0.8870534;0.9619421;0.14446753;-0.09812016;0.2101642;-98.44907;28.241112;0.1027449;-0.08526828;-0.050219644;-0.4662162;137660.66;313799.1;0.24802935;0.00019935067;0.00036195866;0.00036940913;37.407703;81.18591;0.015396719;1;1;15;0
547652051;547651561;-7528.9385;1240.9421;-0.8661264;0.97349703;0.15866739;-0.12425779;0.108112834;-98.6054;28.334188;0.11243118;0.6270837;0.05317943;-0.31044665;139545.88;317722.7;0.24842358;0.00018920076;0.00033698717;0.00038927732;37.51015;81.00109;0.0156862;1;1;15;0
548147037;548146413;-7569.1133;1245.6013;-0.83722764;0.96974754;0.23727652;0.012897613;0.055885684;-98.92593;28.284956;0.09524964;-0.50396276;0.3550049;-0.3708596;141455.5;321786.1;0.25416657;0.00021517361;0.00035205748;0.00033607;37.647842;80.96499;0.016091378;1;1;15;0
548650654;548650263;-7608.863;1251.0366;-0.81392884;0.99363905;-0.003544922;0.11169091;0.013930622;-99.14629;28.34081;0.14796816;-0.95042664;0.2437128;-0.35107893;143422.6;325921.56;0.2552784;0.0002847526;0.00029709688;0.00030823713;37.788643;80.87392;0.016122784;1;1;15;0
549154916;549154113;-7656.1426;1252.8557;-0.7685012;0.99497604;-0.058240846;0.081331514;-0.0039864318;-99.37416;28.476173;0.1928343;0.48339823;-0.64207345;-0.012569027;145429.3;330066.7;0.25589016;0.0003084491;0.00027589852;0.0002868461;37.92021;80.69111;0.016007762;1;1;15;0
549649558;549648966;-7708.657;1247.8859;-0.7228363;0.99931663;-0.0026190106;-0.0068810266;-0.0362249;-99.8786;28.200733;0.15631947;0.11530336;0.16225572;-0.009131287;147441.61;334231.56;0.26067787;0.00022903993;0.00027136522;0.00035567922;38.075607;80.58411;0.015764637;1;1;15;0
550153260;550152863;-7756.91;1246.4268;-0.6664074;0.9991699;-0.012092422;0.008000608;-0.038072124;-100.04856;27.979649;0.18153535;0.19302669;-0.07323485;-0.056134578;149530.03;338505.56;0.26038918;0.00022581902;0.00026757206;0.00034949576;38.25163;80.474434;0.01542283;1;1;15;0
550657231;550656665;-7803.706;1241.9021;-0.6211173;0.9991269;-0.002836014;0.010437148;-0.04035398;-100.08443;27.603989;0.16407801;-0.066985;0.30404955;0.04169546;151619.66;342765.7;0.25943232;0.0002090805;0.00026520365;0.00035389897;38.40966;80.279816;0.015077841;1;1;15;0
551152141;551151518;-7848.7603;1234.3586;-0.5829404;0.99900436;-0.00032693511;-0.0073716263;-0.04399947;-100.06384;27.150127;0.17643031;-0.2472241;0.035701618;0.06089644;153695.12;347008.34;0.26268202;0.00020530341;0.00026294854;0.0003475775;38.57338;80.111824;0.0148680005;1;1;15;0
551646943;551646370;-7893.7236;1224.5773;-0.56410104;0.9951102;0.0850197;-0.0024991902;-0.050209675;-100.00638;26.686382;0.18626356;0.29837787;-0.249088;-0.07397371;155794.14;351240.34;0.26001415;0.00020739825;0.00026203835;0.0003339142;38.73948;79.90039;0.014588171;1;1;15;0
552150781;552150220;-7938.587;1213.1942;-0.5567146;0.9832694;0.17095882;-0.0046419227;-0.06271256;-99.98629;26.134575;0.19192962;0.35001123;-0.23756428;-0.00051048014;157934.66;355567.12;0.2578539;0.0001979377;0.00026499035;0.0003291192;38.906166;79.674545;0.014219929;1;1;15;0
552654671;552654070;-7982.099;1202.9961;-0.5577279;0.9842401;0.16357571;0.005490254;-0.06696461;-99.97168;25.612307;0.1732196;0.02747147;-0.11378326;0.0023271164;160088.47;359970.22;0.26099807;0.00019562876;0.0002637516;0.0003244995;39.089466;79.515724;0.014101037;1;1;15;0
553149310;553148922;-8025.819;1195.3876;-0.56534106;0.9975365;-0.025233693;0.01844049;-0.06280372;-99.98902;25.303802;0.15514508;1.4416239;0.19972764;0.079115614;162254.78;364312.22;0.25760254;0.0001753809;0.00025043086;0.00035025046;39.28611;79.34449;0.013804867;1;1;15;0
553653155;553652772;-8073.3354;1187.6522;-0.5632887;0.99588436;-0.024918893;0.04585956;-0.07409699;-100.037834;24.826906;0.13064016;0.08544619;0.5363849;0.0073082475;164526.53;368802.22;0.25528452;0.00017269199;0.00025067202;0.00034641844;39.51392;79.22457;0.0134459995;1;1;15;0
554157528;554156668;-8122.992;1175.7323;-0.5690311;0.9941212;0.019210178;-0.034482706;-0.1008221;-100.0468;24.26824;0.11782065;-0.8491984;0.29892537;-0.18188822;166809.08;373281.3;0.2526587;0.0001731887;0.00024800957;0.00034207327;39.72881;79.05966;0.013213248;1;1;15;0
554652071;554651520;-8170.9067;1163.609;-0.5916791;0.9933827;0.009511713;-0.014480105;-0.11353673;-99.90318;23.798372;0.15940337;-0.06789469;-0.71647257;-0.33054838;169062.22;377706.94;0.25429866;0.00019868526;0.00024287814;0.00031634673;39.94544;78.93178;0.013131643;1;1;15;0
555146915;555146373;-8220.499;1151.1381;-0.6201745;0.9805211;-0.012566641;0.04308481;-0.19121797;-99.954414;23.329441;0.11067211;0.28482714;-0.08308003;-0.066817276;171343.02;382116.12;0.25057742;0.00020968047;0.00021866157;0.00032379729;40.16459;78.775345;0.01266694;1;1;15;0
555650646;555650175;-8272.292;1138.952;-0.6458119;0.97260374;-0.004346303;-0.009323918;-0.23224187;-100.08028;22.715563;0.055339146;-0.76349074;0.8688334;-0.23165451;173680.19;386657.66;0.2527843;0.00020331978;0.0002039141;0.00034033734;40.39511;78.649086;0.01259157;1;1;15;0
556154650;556154024;-8323.269;1128.7745;-0.68304926;0.9634979;0.021723635;-0.04579569;-0.26287422;-99.95754;22.206318;0.075278096;0.1542757;-0.10266715;-0.27498955;176048.86;391183.38;0.2497888;0.00022774028;0.00019451437;0.00032025191;40.635242;78.49197;0.0124316355;1;1;15;0
556649227;556648877;-8373.064;1118.948;-0.7355407;0.9501583;-0.013403474;-0.005270512;-0.3114351;-99.8598;21.6115;0.10142054;-0.29928112;-1.1066334;-0.005914015;178399.55;395639.56;0.24611041;0.00025471777;0.00018102372;0.00030234703;40.883705;78.35719;0.012183247;1;1;15;0
557153441;557152727;-8425.085;1109.0461;-0.79798466;0.93732095;-0.13707027;0.050331328;-0.31639835;-99.803696;21.34584;-0.03198134;1.7814206;-0.19127299;0.103723526;180841.03;400237.72;0.24331182;0.0002578768;0.00019322267;0.00028349497;41.153896;78.254196;0.0119900685;1;1;15;0
557657162;557656575;-8481.345;1094.4445;-0.8669979;0.9457713;-0.024277585;0.016247006;-0.323517;-99.99652;20.82314;-0.010401021;-0.43419996;0.12747407;-0.06154995;183316.84;404915.16;0.24556005;0.00024724717;0.00017234129;0.0003145406;41.446804;78.225365;0.012009288;1;1;15;0
558151952;558151428;-8534.401;1082.8574;-0.94377905;0.9407013;-0.02854671;-0.0010678368;-0.33803135;-99.947876;20.404007;-0.030504957;-0.08656011;-0.173809;0.004814197;185735.86;409349.16;0.24210833;0.00025388005;0.00017247013;0.00030452732;41.695045;78.068825;0.0119422;1;1;15;0
558647120;558646280;-8587.088;1069.6671;-1.0420784;0.94167596;-0.035512555;0.012597842;-0.334405;-99.92758;19.982164;-0.06110521;0.0837077;-0.08094626;0.032925203;188169.9;413747.3;0.23881666;0.000251971;0.00017418976;0.00030163903;41.93765;77.903496;0.011784031;1;1;15;0
559150687;559150176;-8640.651;1055.1096;-1.1552595;0.94024205;-0.030100498;0.013262815;-0.33891463;-99.94187;19.543964;-0.1026927;0.097401366;0.055192605;-0.0119292075;190668.83;418279.4;0.24107544;0.00024966715;0.00017277626;0.0003043623;42.190735;77.79024;0.011808172;1;1;15;0
559654385;559653978;-8693.265;1043.166;-1.2612556;0.9401009;-0.032999225;0.013935543;-0.33900893;-99.928444;19.251253;-0.13163987;0.3378678;0.10799152;0.0110219;193189.64;422732.84;0.2387144;0.00024907757;0.00017330641;0.00030279788;42.43819;77.6288;0.011734173;1;1;15;0
560149417;560148830;-8743.924;1035.4329;-1.3557398;0.93675333;0.03529123;-0.0021281755;-0.34819984;-99.954;19.053905;-0.1638036;0.20287292;0.26642433;-0.03093252;195680.84;427071.12;0.23584916;0.00024784895;0.00016417175;0.00031193782;42.678196;77.45977;0.011632425;1;1;15;0
560653175;560652679;-8793.498;1036.4373;-1.441275;0.9258335;0.08234416;-0.03178451;-0.3674799;-99.980125;19.010439;-0.19198757;-0.137464;0.39486325;-0.08888624;198221.84;431554.66;0.2383842;0.0002522186;0.0001559443;0.00031636277;42.928013;77.34322;0.011629128;1;1;15;0
561157061;561156528;-8842.358;1045.581;-1.5269364;0.9151741;0.07974738;-0.04284763;-0.39276055;-99.94168;19.064035;-0.18297341;-0.21133552;-0.26785633;-0.14171489;200759.53;435937.5;0.23632446;0.0002609432;0.00015038553;0.0003124784;43.167233;77.173134;0.011547638;1;1;15;0
561651949;561651380;-8889.471;1056.816;-1.6238756;0.8805826;-0.013523933;0.03400981;-0.4724773;-99.92066;19.259106;-0.2152018;0.20936632;0.29579884;-0.3385649;203288.02;440265.34;0.23366672;0.0002731107;0.00014380671;0.0003066877;43.414444;77.03108;0.011415738;1;1;15;0
562146623;562146232;-8936.788;1063.9645;-1.7251478;0.8192828;0.047117036;0.0135939745;-0.5712889;-100.013824;19.442118;-0.27889022;-0.2489769;1.0016441;-0.6014464;205858.64;444706.06;0.23571037;0.000288991;0.00012518077;0.0003100887;43.67862;76.95014;0.0115634315;1;1;15;0
562650610;562650081;-8982.797;1081.9485;-1.8212178;0.7413872;0.082738265;0.031461593;-0.66521406;-99.94134;19.671642;-0.24139076;0.00934521;-0.35676524;-0.5996493;208491.22;449273.84;0.2341193;0.00030285795;0.00012588114;0.00029567722;43.97269;76.88867;0.011583254;1;1;15;0
563154512;563153977;-9030.98;1112.3885;-1.91161;0.65504324;0.09035581;0.077424705;-0.7461633;-99.90958;20.140627;-0.23769788;0.4546871;-0.5513229;-0.35940468;211108.92;453838.28;0.23252477;0.00027581138;0.00015142871;0.00029548423;44.27038;76.844475;0.011568341;1;1;15;0
563649610;563648829;-9079.688;1146.3671;-1.9810226;0.58610165;-0.0015840759;0.02908417;-0.80971384;-99.98315;20.654505;-0.22753255;-0.22206527;-0.7826937;-0.33772877;213661.36;458315.16;0.23474725;0.00024470474;0.00016616861;0.0003073129;44.540573;76.80803;0.011594019;1;1;15;0
564153231;564152630;-9122.45;1168.8976;-2.0589628;0.5613615;-0.013785327;0.019959576;-0.8272151;-99.93599;21.20165;-0.3030241;-0.20072185;0.46690023;0.033319637;216332.42;462925.38;0.23330206;0.00022836834;0.00018140809;0.0003050199;44.84001;76.77841;0.011591038;1;1;15;0
564657018;564656479;-9160.384;1179.5393;-2.1501539;0.56084925;0.0048010685;-0.017378112;-0.82772166;-99.945404;21.59688;-0.32207924;-0.0012684293;0.34974512;-0.03480006;219012.48;467556.9;0.23194109;0.00022631232;0.00018136113;0.0003029663;45.122803;76.75031;0.011508119;1;1;15;0
565151863;565151331;-9194.8125;1187.3762;-2.2414207;0.55641955;0.059120007;0.033564568;-0.82811576;-99.89839;21.963785;-0.32143608;0.5967163;-0.024943214;-0.018384224;221646.61;472177.8;0.23432998;0.00022126433;0.00018818605;0.00029764738;45.39769;76.7627;0.011569643;1;1;15;0
565646599;565646183;-9229.462;1203.1261;-2.3111308;0.5374864;0.14253645;0.10929662;-0.8239212;-99.88276;22.63778;-0.3240775;0.10152238;1.2045115;-0.110164315;224278.36;476797.56;0.23233095;0.00021735781;0.00018439695;0.00030321538;45.669037;76.74738;0.01160064;1;1;15;0
566150614;566150032;-9267.736;1231.695;-2.348618;0.5311025;0.14592692;0.057251435;-0.8326811;-100.020905;23.075693;-0.25625977;0.36321232;-1.5497478;-0.114336185;226891.38;481567.12;0.23116805;0.00022081578;0.00018323651;0.00029864983;45.932842;76.75205;0.011487851;1;1;15;0
566654292;566653880;-9307.97;1263.3572;-2.3513181;0.5228234;-0.07347046;-0.059199195;-0.84720325;-99.91742;24.02659;-0.31624514;-0.4864836;0.46585613;-0.07681563;229616.55;486498.75;0.23426637;0.00022799778;0.0001867459;0.0002873526;46.220642;76.82764;0.011712628;1;1;15;0
567149258;567148732;-9337.333;1258.9839;-2.3884892;0.5219596;-0.07498574;-0.07931228;-0.845958;-99.92991;24.449799;-0.3137911;0.05499435;-0.12440331;0.042419676;232357.22;491318.25;0.2324512;0.00022379005;0.0001946367;0.00028350382;46.496952;76.87338;0.011597091;1;1;15;0
567653194;567652628;-9363.101;1243.0411;-2.459656;0.52039176;0.046300635;0.05085383;-0.8511536;-99.926094;24.767221;-0.3245283;0.6015378;-0.6761772;0.07559447;235155.53;496269.25;0.23132208;0.0002050386;0.00019678;0.00029984055;46.77541;76.940346;0.011582766;1;1;15;0
568156891;568156430;-9386.741;1241.0974;-2.5054302;0.5236254;-0.023208318;0.016045684;-0.8514814;-99.97008;25.447042;-0.3508019;-0.9619148;0.30006632;0.09456342;237943.55;501264.25;0.23009034;0.00022091925;0.00018413152;0.000296978;47.039314;76.99934;0.011521373;1;1;15;0
568651948;568651281;-9407.394;1236.1681;-2.5496373;0.5184186;-0.03570529;-0.039235264;-0.8534799;-99.93644;26.017767;-0.38875726;-0.30271617;0.56007993;-0.04821421;240729.1;506244.16;0.23256576;0.00021861738;0.00019093878;0.0002934981;47.298008;77.0858;0.011450098;1;1;15;0
569146707;569146132;-9424.955;1228.7313;-2.5920465;0.5074512;-0.05923635;-0.038005367;-0.8588015;-100.011406;26.50808;-0.33618978;-0.8288064;-0.8675931;0.019525401;243565.5;511295.28;0.23080489;0.00021560655;0.00019197124;0.00029897512;47.58758;77.19251;0.0116032;1;1;15;0
569650331;569649983;-9439.286;1218.3351;-2.646837;0.50149816;-0.11779008;0.18067247;-0.8378441;-99.77387;27.075922;-0.4687357;1.5832262;0.7627392;-0.040117197;246476.83;516506.97;0.23411006;0.00020972855;0.00021185454;0.00028818208;47.87114;77.334526;0.011531648;1;1;15;0
570154470;570153830;-9456.61;1217.915;-2.706248;0.5037577;0.00662417;0.00085935794;-0.8638192;-99.75248;27.831549;-0.44559488;1.084917;1.0330007;0.035261393;249428.7;521780.7;0.23312676;0.00021670052;0.00020101771;0.00029714423;48.17506;77.48158;0.0116862515;1;1;15;0
570649041;570648681;-9470.929;1216.8567;-2.7442138;0.47539473;0.020938821;-0.061613295;-0.8773627;-99.98499;28.542429;-0.40205574;-1.2194333;-0.1540187;-0.09535224;252308.83;526910.2;0.23158088;0.0002110267;0.00019652676;0.00031158936;48.454685;77.57945;0.011806616;1;1;15;0
571152970;571152530;-9484.4375;1212.5367;-2.7730713;0.4814373;0.012547127;-0.020047449;-0.87616146;-99.72766;29.058323;-0.3690429;1.5238107;-0.21952036;-0.01566651;255287.75;532212.56;0.23518334;0.00021104839;0.00024885393;0.00026320494;48.74869;77.719604;0.012075846;1;1;15;0
571656784;571656425;-9496.909;1210.6852;-2.794604;0.4826512;0.0319774;0.0513927;-0.8737186;-99.837265;29.840874;-0.37618998;0.6511306;-0.2854805;-0.016148448;258290.48;537494.44;0.23452356;0.00021131327;0.00022815361;0.00028792347;49.035954;77.83707;0.012281842;1;1;15;0
572151767;572151277;-9508.55;1210.8002;-2.8104384;0.4780463;0.00090370746;0.012057548;-0.87825143;-99.92171;30.738335;-0.39471263;-0.55023146;0.4665598;-0.09018123;261244.62;542674.4;0.23325619;0.0002209417;0.00021105523;0.00029961104;49.30252;77.91474;0.012373524;1;1;15;0
572646660;572646128;-9519.532;1209.1117;-2.8240173;0.46974403;-0.011507299;-0.022280969;-0.8824465;-99.94945;31.455053;-0.36343917;-0.19943193;-0.0746856;0.011385223;264237.25;547924.0;0.23663215;0.00021365343;0.00021903591;0.00030266255;49.57614;78.01639;0.012569814;1;1;15;0
573150494;573149930;-9529.363;1205.2402;-2.839335;0.46354446;0.0059909998;-0.0018093438;-0.88605165;-99.90879;32.205322;-0.3632574;0.18139961;-0.021854553;-0.043935455;267301.62;553243.5;0.23633635;0.00021455035;0.00022356103;0.00030073288;49.850986;78.09149;0.012780288;1;1;15;0
573654269;573653778;-9538.362;1201.4581;-2.8486023;0.46094033;0.0003619617;0.0043673688;-0.8874203;-99.9134;32.982727;-0.35657766;0.059942808;-0.054762755;-0.046516113;270392.5;558595.7;0.23619965;0.00021650574;0.00022434205;0.00030187942;50.122913;78.15039;0.012993439;1;1;15;0
574149013;574148629;-9546.307;1196.8474;-2.8557892;0.45959908;0.001654596;0.0033226032;-0.8881188;-99.91394;33.743214;-0.34834027;0.08151492;-0.090321235;0.001982187;273460.7;563918.0;0.23996145;0.00021844718;0.00022450034;0.00030334774;50.397263;78.230835;0.013316093;1;1;15;0
574652988;574652478;-9553.1875;1194.3679;-2.8452199;0.46807787;-0.043092113;-0.027056806;-0.88222116;-99.89734;34.58203;-0.33540452;0.32596147;-0.016368499;0.0821104;276623.84;569345.1;0.24008782;0.00022669978;0.00022793135;0.00029556855;50.677586;78.287445;0.013467358;1;1;15;0
575157189;575156326;-9561.057;1187.7764;-2.8650684;0.47196555;0.07745229;0.006852758;-0.8781816;-99.89668;35.574596;-0.3794868;-0.5524443;1.6352382;-0.26194093;279859.53;574826.75;0.24036841;0.00023705626;0.0002210463;0.0002971785;50.984844;78.358475;0.013960476;1;1;15;0
575651824;575651177;-9568.593;1189.0381;-2.8465743;0.43696332;0.08012609;0.0258076;-0.8955316;-99.95499;36.437916;-0.29302964;-0.26242065;0.115264684;-0.23086432;283014.03;580248.1;0.2401424;0.00021303828;0.00022648794;0.00032133976;51.278618;78.40998;0.014021527;1;1;15;0
576146490;576146030;-9577.639;1197.8108;-2.7903361;0.4055772;0.073429845;0.030416097;-0.91059875;-99.9852;37.418987;-0.21858226;-0.3788599;-0.5628442;-0.12809308;286165.56;585736.75;0.24469043;0.00020797313;0.00023604638;0.00032062136;51.568974;78.470665;0.014561191;1;1;15;0
576650528;576649924;-9587.361;1207.104;-2.7007906;0.41178846;-0.058847442;0.14320993;-0.89803016;-99.81275;38.43205;-0.20088701;0.44158748;-0.637473;0.06838633;289480.62;591359.9;0.24552315;0.00022229881;0.0002851761;0.00026257697;51.88891;78.53321;0.015121071;1;1;15;0
577154316;577153726;-9600.867;1214.8994;-2.6249385;0.41282314;0.0041209906;-0.019143188;-0.9106007;-99.97057;39.62776;-0.18329798;-0.041259214;0.2363838;-0.040303484;292853.4;597010.94;0.24656916;0.00023183678;0.00023943977;0.00030385537;52.19941;78.56355;0.015484623;1;1;15;0
577649158;577648577;-9610.375;1210.8575;-2.5589743;0.36790994;0.06357817;-0.11742394;-0.9202238;-100.00775;40.54602;-0.13493222;-0.2994997;-0.18278988;-0.26445332;296147.28;602615.7;0.25196174;0.00022813102;0.00021803648;0.00033190308;52.503704;78.59317;0.016019592;1;1;15;0
578152950;578152425;-9624.72;1206.1904;-2.4728425;0.34270838;-0.020417405;0.05396954;-0.9376681;-99.96379;41.40814;-0.085105784;-0.6377273;0.06417293;0.0005149641;299479.56;608297.9;0.25312778;0.00022724322;0.00023864815;0.00031274365;52.804966;78.57047;0.016451621;1;1;15;0
578656781;578656273;-9637.137;1204.223;-2.3696005;0.35608003;-0.052199256;0.12337019;-0.92480385;-99.9481;42.353573;-0.05551372;-0.33701587;-0.0012556092;0.09046511;302943.7;614067.44;0.25446826;0.00023320403;0.0002597471;0.00028843203;53.121693;78.54879;0.016842715;1;1;15;0
579151630;579151124;-9646.434;1201.8295;-2.262109;0.36820143;-0.08767358;0.20353714;-0.90294725;-99.98326;43.384304;-0.011682483;-0.70849514;0.10611888;0.066662155;306385.62;619827.25;0.26043385;0.00023889371;0.0002726317;0.00027237856;53.435535;78.54971;0.017574022;1;1;15;0
579646548;579645976;-9662.136;1202.6428;-2.149005;0.37500766;-0.06469142;0.17355147;-0.9083304;-99.83279;44.30504;-0.05485548;1.8477987;0.1005298;0.016438968;309857.75;625572.7;0.26126412;0.00024203416;0.00029398355;0.00024949512;53.753563;78.49589;0.018127276;1;1;15;0
580150271;580149824;-9681.645;1203.5238;-2.0299761;0.36686277;-0.002044342;0.0037159498;-0.9302655;-99.98431;45.478664;0.033516277;0.20702167;0.23295568;-0.13916153;313484.75;631476.1;0.2632589;0.00024922684;0.00023154863;0.00030902316;54.11562;78.45414;0.018873975;1;1;15;0
580654210;580653720;-9696.769;1197.7131;-1.9145625;0.3410027;-0.0020459325;-0.0048504807;-0.94004756;-99.97547;46.443768;0.088870674;0.20873132;-0.0847724;-0.060780946;317080.94;637439.5;0.27108744;0.0002442103;0.00023510269;0.00031109704;54.45169;78.394844;0.019536678;1;1;15;0
581149073;581148570;-9712.091;1190.322;-1.814231;0.3378467;0.001933991;-0.0075826324;-0.9411687;-99.991264;47.337215;0.13153423;-0.0279183;-0.1359647;0.03233251;320673.25;643260.06;0.27206495;0.00024436237;0.0002341609;0.00031236856;54.804512;78.286575;0.019884994;1;1;15;0
581653044;581652372;-9729.427;1184.9719;-1.6988368;0.33412686;0.0004941302;-0.0044294973;-0.9425176;-99.998695;48.301437;0.17129229;-0.16405664;0.007614517;0.016843269;324398.62;649261.8;0.27416742;0.00024649012;0.00023465249;0.0003109861;55.18139;78.17672;0.02035642;1;1;15;0
582156629;582156220;-9747.362;1178.0773;-1.5853335;0.3299067;0.0014330443;-0.011143279;-0.9439467;-99.99128;49.185062;0.21666573;0.09474088;-0.106787816;-0.013470596;328124.97;655358.6;0.28227067;0.00024600766;0.00023861483;0.00030827147;55.541977;78.081955;0.02108226;1;1;15;0
582651567;582651071;-9765.193;1171.7522;-1.4612503;0.3265588;0.00797987;0.037630547;-0.9443938;-99.90148;50.00558;0.25096664;1.4140258;0.018211015;-0.1039856;331825.84;661339.1;0.28302264;0.00025027536;0.0002451034;0.000296159;55.901203;77.92893;0.021743136;1;1;15;0
583146587;583145922;-9783.152;1165.4656;-1.32223;0.3195667;0.0033320247;0.007829631;-0.9475257;-100.00013;50.973473;0.31397024;0.0429029;0.024221964;-0.06362095;335577.94;667388.9;0.2836691;0.00024698747;0.00023273916;0.00031081686;56.27597;77.77127;0.022036323;1;1;15;0
583650120;583649770;-9803.084;1158.8777;-1.177238;0.3179394;-0.033732258;0.0631801;-0.9454021;-100.0841;51.915894;0.37265995;-1.2244358;-0.097705424;0.11383201;339395.6;673671.94;0.29193187;0.00024663567;0.00023028233;0.00031255267;56.638813;77.6492;0.022693995;1;1;15;0
584154130;584153618;-9824.137;1150.9672;-1.0395083;0.2684172;-0.013665958;0.0039943135;-0.9631976;-100.150764;52.81641;0.410598;-1.7818867;-0.17481439;-0.20413361;343314.53;679986.06;0.29366994;0.00024061314;0.00022285595;0.00032599297;57.04451;77.50125;0.023131588;1;1;15;0
584649354;584648469;-9850.65;1144.0326;-0.91309524;0.24435334;-0.0041388315;0.006657778;-0.9696546;-100.06144;53.52791;0.45947406;-0.75287646;-0.018710589;0.13706028;347191.9;686242.75;0.29411888;0.000236882;0.00023733544;0.0003139799;57.45025;77.3484;0.023526588;1;1;15;0
585152871;585152364;-9876.943;1136.7058;-0.7941662;0.21784988;0.0021075653;0.009410384;-0.97593474;-100.02886;54.250217;0.5015988;-0.06422866;0.10712595;-0.27675918;351142.0;692738.56;0.30256295;0.00023513487;0.00024181503;0.0003098696;57.833614;77.23453;0.02426645;1;1;15;0
585647733;585647215;-9900.597;1130.3071;-0.68534684;0.14094274;0.0121554965;-0.0072882785;-0.9899164;-100.01802;54.847313;0.5398308;0.1854276;0.12558556;-0.035312098;355033.6;699152.7;0.30231333;0.00021581183;0.00025520747;0.00031091805;58.200138;77.073235;0.024455756;1;1;15;0
586151555;586151016;-9926.009;1126.7037;-0.56968844;0.19833925;0.0026908566;-0.0054029957;-0.9801149;-100.047195;55.476646;0.61203754;-0.2578213;-0.09589991;0.2965129;359002.7;705764.44;0.30276877;0.0002138253;0.00025114272;0.00031093982;58.561646;76.922775;0.024534978;1;1;15;0
586646335;586645867;-9951.6875;1124.1565;-0.46408778;0.417023;0.010752756;-0.011313311;-0.9087619;-100.02216;56.052414;0.62994826;-0.22469391;0.116933;1.5645839;363004.84;712355.9;0.30972812;0.00023887484;0.00022539547;0.0003104672;58.957253;76.82129;0.024997016;1;1;15;0
587150076;587149715;-9977.406;1116.808;-0.36360374;0.75625175;-0.020576132;-0.007694567;-0.65391195;-100.018486;56.777813;0.63270766;0.20435724;0.45775667;1.356497;367164.72;719095.0;0.31008583;0.00028702538;0.00019233538;0.0002938439;59.39477;76.672745;0.025357593;1;1;15;0
587653915;587653563;-10001.038;1096.4966;-0.263256;0.91827834;-0.024551278;-0.0057941657;-0.3951313;-100.07627;57.396248;0.6578325;-0.025060907;-0.14704677;1.680576;371367.84;725877.25;0.31043395;0.00023575865;0.00022716368;0.00030281133;59.795593;76.49772;0.025717746;1;1;15;0
588148916;588148413;-10028.711;1073.6243;-0.17384908;0.9915553;-0.018230516;0.026833769;-0.12556185;-100.08908;57.894535;0.70201325;0.29695;-0.40467224;0.8157807;375547.22;732601.94;0.31740806;0.00017112707;0.00028680128;0.00029657426;60.15015;76.34879;0.026140738;1;1;15;0
588652862;588652261;-10067.883;1059.5983;-0.094353855;0.9982405;-0.014122666;0.015340041;0.055509374;-100.1095;58.20206;0.71371216;0.11972354;-0.28496972;0.1465971;379805.1;739478.4;0.31696793;0.00015821762;0.0002778132;0.00029947775;60.44021;76.17216;0.025870692;1;1;15;0
589156650;589156156;-10113.571;1059.0446;-0.017477438;0.9980939;0.0020329454;0.0052049872;0.061460223;-100.100624;58.456814;0.7150751;-0.121058;0.092870995;0.041524317;384082.0;746413.56;0.31577095;0.00014714779;0.0002696596;0.00029886272;60.699673;76.01349;0.025209218;1;1;15;0
589651612;589651007;-10158.167;1064.5338;0.06303434;0.99813926;-0.002732924;0.007468476;0.060456157;-100.063446;58.700333;0.7316962;-0.1703172;0.031010842;0.011820982;388306.7;753272.1;0.32063568;0.0001357293;0.00026764872;0.0002954365;60.951134;75.89781;0.024756096;1;1;15;0
590146239;590145858;-10202.023;1071.8871;0.13825193;0.9983108;0.0014749742;0.00034562126;0.05808047;-100.04761;58.94363;0.72658706;-0.06631681;0.041925333;-0.012088219;392586.97;760187.4;0.3165082;0.00012286917;0.00026669962;0.00029492314;61.22065;75.773224;0.02368466;1;1;15;0
590650065;590649658;-10246.587;1080.0182;0.19855236;0.99803793;0.016910192;0.01345022;0.05876495;-100.047134;59.148777;0.70038;-0.045898665;0.21423519;0.026335094;397039.3;767256.2;0.31295836;0.00011432056;0.00026725265;0.0002912256;61.528957;75.67481;0.022787701;1;1;15;0
591154117;591153506;-10290.218;1089.3308;0.23035067;0.99823856;0.010647587;0.00204603;0.05832923;-100.042755;59.28392;0.6671985;0.06226462;0.1778868;0.05178559;401441.4;774360.0;0.30847546;0.00010453565;0.00026590313;0.0002902796;61.790447;75.58688;0.02146131;1;1;15;0
591648887;591648357;-10330.867;1099.4198;0.24157381;0.9983302;0.00028676595;-0.004055647;0.05762237;-100.0124;59.355553;0.64272684;-0.036146753;0.02864648;0.0075302026;405782.22;781378.06;0.30988628;9.7727476e-05;0.00026455696;0.00028954993;62.0451;75.5308;0.020494709;1;1;15;0
592152734;592152205;-10370.372;1110.2601;0.23738173;0.99834585;0.0007114432;-0.007810356;0.05695704;-99.984474;59.380787;0.63476384;-0.12713617;-0.012097845;0.011833032;410214.0;788537.56;0.30394283;9.369342e-05;0.00026294016;0.00028582496;62.290043;75.473;0.01927396;1;1;15;0
592656652;592656052;-10409.883;1122.0735;0.22812349;0.99831915;0.0042594397;0.00445672;0.057627928;-99.97283;59.40438;0.59648466;0.0010315172;-0.07760678;-0.0052236523;414692.72;795732.94;0.2976335;8.98604e-05;0.000261885;0.0002832087;62.54066;75.43148;0.0180692;1;1;15;0
593151469;593150903;-10449.343;1134.7256;0.21371397;0.99833405;0.0026756309;0.0036876427;0.057518132;-99.98117;59.432873;0.54805523;0.1303988;0.33471733;0.018720074;419111.16;802837.9;0.29714206;8.5793545e-05;0.0002608251;0.00028342908;62.78674;75.41484;0.01718269;1;1;15;0
593646344;593645753;-10489.068;1147.9907;0.19217378;0.9982619;0.0049091107;-0.00033055863;0.058728043;-99.96987;59.43146;0.51629823;0.16204163;0.17199098;0.031083688;423577.75;809960.06;0.2892355;8.326845e-05;0.00026000582;0.00028192767;63.03267;75.398926;0.01610371;1;1;15;0
594150153;594149648;-10530.347;1162.9313;0.18716995;0.99803764;-0.005166655;-0.0044358578;0.062246937;-99.96689;59.449238;0.5052306;0.13781877;0.02461205;0.041929256;428164.12;817235.44;0.28892758;8.3397616e-05;0.0002588833;0.00027988903;63.28669;75.408264;0.015321477;1;1;15;0
594654255;594653449;-10571.127;1178.285;0.1651068;0.99786913;0.0003862736;-0.0016141137;0.065225855;-99.931625;59.429127;0.46642467;0.055048525;-0.080075204;-0.005704346;432770.94;824539.56;0.28173932;8.5192325e-05;0.00025763497;0.00027670947;63.532436;75.41753;0.01440304;1;1;15;0
595148870;595148299;-10612.297;1193.8059;0.13908607;0.9976514;-0.0008937013;-8.374035e-06;0.06849085;-99.94057;59.399323;0.42252672;0.133621;-0.22727212;-0.010671545;437315.56;831752.0;0.27378348;8.4584295e-05;0.00025654046;0.00027739172;63.77565;75.43814;0.013562108;1;1;15;0
595652708;595652146;-10654.218;1209.8988;0.10905595;0.9968489;-0.019982852;0.0028954209;0.07671196;-99.91811;59.340622;0.38645586;-0.3055599;-0.094899274;0.04362157;441991.6;839111.56;0.26696962;8.634212e-05;0.00025553282;0.00027589736;64.01948;75.47119;0.012790678;1;1;15;0
596147775;596146997;-10696.061;1226.6029;0.0678039;0.9960868;-0.014558562;-0.00205738;0.08714919;-99.920006;59.294834;0.35944304;-0.147341;-0.07571088;0.056217678;446624.2;846355.1;0.26522028;9.003326e-05;0.00025331607;0.0002746949;64.26006;75.51904;0.012309571;1;1;15;0
596651333;596650844;-10739.939;1244.6089;0.018874215;0.9957855;-0.004402953;0.0055983597;0.09143657;-99.91074;59.244995;0.33623207;0.032110143;-0.18890648;-0.003874285;451327.53;853768.2;0.25861263;9.395203e-05;0.00025088564;0.00027422808;64.49246;75.57127;0.011724361;1;1;15;0
597146204;597145695;-10783.998;1262.8022;-0.036732785;0.9957167;-0.0054872725;-0.0010383044;0.09228808;-99.91627;59.178013;0.30795965;0.101484194;-0.34916133;-0.0021219885;455996.4;861055.6;0.2569144;9.54271e-05;0.00024973712;0.00027490646;64.71351;75.634834;0.011330653;1;1;15;0
597650136;597649543;-10829.3545;1282.6604;-0.09844057;0.99566436;-0.0030988757;0.0037321486;0.09289307;-99.91811;59.105392;0.27050698;0.14587316;-0.115225956;0.005714202;460828.88;868509.5;0.25079268;9.8590055e-05;0.00024966075;0.0002743302;64.9637;75.708565;0.010869824;1;1;15;0
598153958;598153437;-10876.527;1303.3909;-0.16036716;0.99496;-0.0045711487;-0.029909411;0.09559892;-99.86802;59.01104;0.23269668;-0.33552185;0.051764242;-0.025086801;465707.78;876019.6;0.24502982;0.00010824368;0.0002496429;0.00026889943;65.22248;75.79216;0.010484531;1;1;15;0
598648744;598648287;-10924.322;1324.3635;-0.21401334;0.99468625;0.0017001614;-0.046934463;0.091616735;-99.59852;58.97751;0.3027192;-0.47714514;-1.603812;-0.04500144;470601.16;883414.44;0.23899643;0.00013548255;0.00025284328;0.00024335997;65.50437;75.889046;0.010152465;1;1;15;0
599152666;599152088;-10974.723;1346.6628;-0.2831508;0.99572206;-0.0039380863;-0.01761685;0.090618335;-99.652374;58.91088;0.22572419;-0.51203054;-0.81639946;0.075342774;475616.97;890974.0;0.23856474;0.00011810536;0.00025429725;0.0002649568;65.79163;76.00458;0.0099570295;1;1;15;0
599656533;599655935;-11026.253;1370.7245;-0.33787397;0.9953539;-0.00038689616;0.013751065;0.09529638;-99.75631;58.888355;0.20242287;-0.25021914;-0.9904702;0.09978682;480582.22;898553.2;0.23371461;0.00012182974;0.00025337187;0.00026755518;66.047905;76.11869;0.009703374;1;1;15;0
600151346;600150785;-11078.888;1395.2198;-0.3913155;0.9944712;0.014150963;0.0451566;0.09374267;-99.92685;58.831997;0.12428524;0.054425366;0.247562;-0.016122604;485473.38;905981.56;0.22862212;0.00011681362;0.00025229523;0.0002780197;66.28128;76.23439;0.009486473;1;1;15;0
600646178;600645635;-11132.077;1421.4769;-0.44094804;0.9957321;-0.00449056;-0.003371736;0.09211976;-99.99958;58.800804;0.087526865;0.5709647;0.7683299;0.0063913725;490376.06;913425.56;0.22812071;0.00011955253;0.00025265926;0.000279399;66.49666;76.35229;0.009423148;1;1;15;0
601150005;601149482;-11185.748;1448.6399;-0.48934767;0.99517184;-0.019518204;-0.03462177;0.089741215;-99.91732;58.710476;0.107512444;0.112790234;0.042244136;-0.010803748;495413.3;921065.8;0.2242479;0.00012868777;0.0002529307;0.000276161;66.73496;76.48587;0.009313616;1;1;15;0
601653948;601653330;-11239.449;1476.1942;-0.5397929;0.99562323;-0.011418009;-0.009041833;0.092316285;-99.82766;58.629562;0.11666877;-0.29468128;-0.54958624;0.017576737;500477.62;928699.94;0.22073062;0.00014070408;0.000252779;0.00026986236;66.96628;76.62759;0.009214556;1;1;15;0
602148835;602148179;-11294.313;1504.5293;-0.5947021;0.99560386;-0.0028942127;0.0037260936;0.09354549;-99.870735;58.553524;0.0943721;-0.112139225;-0.3437858;-0.007842791;505515.7;936233.25;0.22088692;0.0001434669;0.0002523128;0.00027400305;67.20464;76.7799;0.009210395;1;1;15;0
602652857;602652074;-11350.812;1534.9727;-0.6420021;0.99550164;0.0043588625;-0.0031107154;0.094593026;-99.89402;58.481144;0.07026178;-0.122808255;-0.087252915;0.0028767663;510645.88;943919.56;0.21793623;0.00014679797;0.0002518511;0.0002775562;67.43414;76.937836;0.009181657;1;1;15;0
603156463;603155875;-11406.997;1566.6196;-0.6906711;0.99545884;0.00086740794;9.0241294e-05;0.095189266;-99.89202;58.420834;0.06026566;-0.04418677;-0.14767313;0.018452968;515844.06;951687.0;0.21529222;0.00015320363;0.00025240658;0.00027901973;67.68563;77.114105;0.009180931;1;1;15;0
603651249;603650724;-11462.221;1598.7852;-0.7389851;0.99541634;-0.0018791034;0.0027832496;0.09557784;-99.904724;58.353096;0.03696947;-0.0430656;0.12688711;-0.027057402;520971.5;959301.0;0.21615277;0.00016005604;0.00025252602;0.0002796786;67.921326;77.291275;0.009277989;1;1;15;0
604146419;604145574;-11518.418;1632.0134;-0.7884181;0.9957503;-0.0020018478;-0.004324775;0.0919718;-99.896736;58.287838;0.030688494;0.07807459;-0.02123786;-0.012124404;526113.4;966940.06;0.21351185;0.00016574548;0.00025377303;0.00028053718;68.14874;77.47376;0.009326079;1;1;15;0
604649978;604649422;-11575.381;1666.0796;-0.83687574;0.99589866;0.00012846156;-0.0026142928;0.09043815;-99.87471;58.200836;0.044617523;-0.11079561;-0.26939577;-0.007320559;531385.4;974794.0;0.21172479;0.00017438788;0.00025470665;0.00028057775;68.394966;77.67677;0.009431045;1;1;15;0
605153658;605153268;-11633.079;1701.0541;-0.8836062;0.9952081;0.0009846687;-0.0030560105;0.09772772;-99.88533;58.127075;0.020946922;-0.060925834;-0.10564627;0.010057007;536655.8;982622.25;0.21391745;0.00018067795;0.00025440747;0.0002831731;68.621254;77.877945;0.009627079;1;1;15;0
605648634;605648118;-11689.51;1736.6638;-0.933695;0.99498576;0.005271338;0.003326204;0.099823005;-99.88554;58.051167;0.013249773;0.08181424;-0.09704296;0.012846822;541854.06;990342.3;0.21211311;0.00019011366;0.0002538879;0.00028324;68.84141;78.08578;0.00977;1;1;15;0
606152537;606151965;-11748.154;1774.2747;-0.9843513;0.99459594;-0.0003674522;0.0013524878;0.10381284;-99.91099;57.970192;0.0036660843;0.09147921;0.018477576;-0.01973528;547116.56;998242.3;0.21119016;0.00019558011;0.0002532665;0.00028781957;69.048744;78.298004;0.0099651;1;1;15;0
606656389;606655859;-11806.912;1813.4225;-1.0306511;0.99436826;-0.0026039383;-0.0055484716;0.105803534;-99.89476;57.887516;0.008699635;0.038035855;-0.017276315;0.0061412565;550411.25;914689.4;0.21420407;0.00020381248;0.00025374242;0.00028765475;69.02507;72.23477;0.010275596;1;1;15;0
607151202;607150709;-11863.631;1851.8434;-1.0660834;0.9943549;0.0005202576;0.0011269102;0.10609855;-99.87669;57.800526;0.004610768;0.037223697;0.00465302;-0.013629978;555585.94;921792.0;0.21325418;0.00021339134;0.00025357568;0.00028737454;69.21375;72.44951;0.010521847;1;1;15;0
607645938;607645558;-11919.652;1890.0558;-1.0871109;0.9947449;0.000882361;-0.00076789426;0.102377824;-99.87946;57.699318;0.012494017;-0.09871129;-0.050942652;-0.025765518;560752.75;928938.94;0.2125927;0.00021948032;0.00025452112;0.00029039226;69.39909;72.67042;0.010794632;1;1;15;0
608149737;608149358;-11976.114;1929.1348;-1.1114132;0.99555767;0.02863064;-7.2121155e-05;0.08969553;-99.8877;57.581783;0.018416245;0.017880715;0.14451331;-0.08772716;566040.7;936206.2;0.21657556;0.00022605335;0.00025678266;0.00029130222;69.58192;72.89104;0.011227222;1;1;15;0
608653845;608653205;-12031.405;1966.6846;-1.1317394;0.9957892;0.040456023;0.0021917697;0.082235344;-99.86356;57.409786;0.03133283;-0.39752302;-0.1898986;0.006093784;571323.1;943508.25;0.21712996;0.00023134143;0.00026012002;0.0002933626;69.763016;73.11957;0.011614871;1;1;15;0
609148744;609148055;-12085.72;2003.5281;-1.1506522;0.99291223;-0.080048405;-0.0013241939;0.087840006;-99.88785;57.27071;0.03393178;-0.10551892;0.007950229;0.052200567;576479.56;950665.94;0.21735749;0.00023769037;0.0002605107;0.00029685764;69.92546;73.33629;0.012022772;1;1;15;0
609652392;609651902;-12137.387;2042.3419;-1.1836579;0.99160486;-0.084487535;-0.0088065155;0.09748893;-99.877205;57.103455;0.04722695;-0.0746168;-0.027266378;0.06637057;581810.6;958034.2;0.2225303;0.00025164188;0.0002607424;0.0002949996;70.110085;73.5704;0.012575902;1;1;15;0
610156151;610155749;-12184.817;2082.34;-1.2057933;0.98213446;-0.14247774;-0.015018037;0.1220101;-99.88638;56.93475;0.035303123;-0.08660345;-0.027087642;0.0629563;587015.75;965305.3;0.22398712;0.0002613331;0.00025677163;0.00029922574;70.24784;73.77206;0.01303465;1;1;15;0
610651166;610650599;-12224.489;2120.422;-1.2182292;0.9911345;0.019836599;0.0020735634;0.13135701;-99.84328;56.68135;0.03996602;-0.731151;0.09961495;0.019882692;592083.0;972422.2;0.22488627;0.00026831593;0.00025565762;0.0003022439;70.36312;73.95149;0.013293811;1;1;15;0
611145860;611145448;-12271.854;2158.183;-1.2133425;0.9925435;0.0056169317;0.004687769;0.12167169;-99.807365;56.492428;0.07043619;-0.18157758;-0.008069161;-0.044243317;597239.8;979617.44;0.23049635;0.0002755884;0.0002587336;0.0003012712;70.49278;74.13339;0.014297554;1;1;15;0
611649842;611649342;-12325.0205;2198.9568;-1.2015021;0.99394655;0.0033234311;-0.0021199707;0.109794445;-99.829796;56.30573;0.077984445;0.014515218;-0.10390586;0.002961992;602430.3;986880.6;0.23289901;0.00027874555;0.00026037754;0.00030425857;70.59557;74.278015;0.014888686;1;1;15;0
612153671;612153142;-12379.53;2240.8633;-1.1973059;0.9941184;0.005615738;0.0012825927;0.1081462;-99.8388;56.11453;0.110328205;-0.12184223;-0.08227232;0.009103549;607580.8;994090.94;0.23538046;0.00028467283;0.00026108773;0.0003037867;70.6817;74.38459;0.015458519;1;1;15;0
612652893;612647991;-12432.718;2281.2632;-1.1877899;0.9944003;0.0020573612;-0.00038250993;0.105658814;-99.85922;55.91078;0.12013419;-0.17359906;0.073884204;-0.050389003;610849.4;910247.56;0.24204482;0.00028497772;0.0002617769;0.0003097064;70.60743;68.707924;0.016237894;1;1;15;0
613152227;613151838;-12485.245;2320.4011;-1.174196;0.99472183;-0.003897395;-0.0008053413;0.102531165;-99.84682;55.679855;0.14823627;-0.11118813;-0.2612146;-0.06512158;616058.6;916890.2;0.2450349;0.0002899897;0.00026325192;0.00030905232;70.7008;68.79185;0.016876357;1;1;15;0
613656186;613655685;-12532.859;2354.0842;-1.1487014;0.99457425;0.0065231724;0.0045734877;0.10372345;-99.79471;55.346935;0.16602747;0.20890339;0.014132938;-0.026405059;621387.7;923597.06;0.24827775;0.00029673055;0.00026551617;0.00030877473;70.83049;68.893326;0.017573139;1;1;15;0
614151100;614150534;-12582.592;2390.345;-1.1144401;0.99459726;-0.002334588;-0.0019633197;0.10376411;-99.80393;55.016148;0.18904756;-0.026291443;0.09274178;-0.006590051;626470.25;930076.94;0.25047264;0.0002963391;0.00026572458;0.0003112624;70.89441;68.89355;0.018163702;1;1;15;0
614645910;614645384;-12632.818;2428.6228;-1.0707874;0.99498856;0.0018576185;0.0057724495;0.09980537;-99.82666;54.767273;0.21232612;0.12242167;-0.03306934;-0.04195001;631656.0;936578.8;0.25783065;0.00029855926;0.00026609335;0.00031051965;70.97712;68.89788;0.018880775;1;1;15;0
615149799;615149231;-12682.951;2465.8577;-1.0157962;0.9948483;-0.0023374842;0.0025451623;0.101315595;-99.85092;54.44777;0.23595025;-0.07290332;0.2407594;-0.031161206;636898.6;943157.44;0.26081026;0.00029424156;0.00026595787;0.00031505094;71.04304;68.843056;0.019375464;1;1;15;0
615653967;615653124;-12733.541;2503.9568;-0.9609805;0.9910082;-0.005799885;0.09479543;0.09424962;-99.82188;54.125393;0.2783961;-0.21651854;0.30409113;0.024633551;642172.9;949727.4;0.26345015;0.00033240402;0.0002669875;0.0002749944;71.110985;68.76193;0.019842789;1;1;15;0
616148475;616147974;-12792.148;2543.9927;-0.87298536;0.986163;-0.0074792593;0.14994127;0.070314504;-99.51496;53.89177;0.3862713;-0.21439143;-1.5922565;0.07231806;647453.2;956265.94;0.27098566;0.00038248757;0.00026779572;0.00022406473;71.19735;68.695526;0.020594273;1;1;15;0
616652313;616651773;-12857.782;2584.1194;-0.7548779;0.9963287;0.010882077;0.0245403;0.08129188;-99.64124;53.607586;0.3905858;0.20919286;-0.0013569333;0.038355388;652842.25;962891.1;0.273819;0.00027031792;0.0002680171;0.00033571824;71.30142;68.60438;0.020906895;1;1;15;0
617156247;617155620;-12909.347;2620.4363;-0.67492247;0.9935432;0.015220289;-0.00018837507;0.11242855;-99.74489;53.29769;0.39098036;0.47650492;0.42171454;0.23693302;658243.7;969482.7;0.27597746;0.0002733595;0.0002669301;0.00033100543;71.38552;68.45819;0.021308111;1;1;15;0
617650893;617650469;-12959.067;2658.2466;-0.60727984;0.98090816;-0.008599448;-0.028427796;0.19219045;-99.70836;52.98694;0.43753237;-0.12944862;-0.37226644;0.44321665;663695.56;976060.9;0.28328854;0.00028426567;0.00027195647;0.00031460318;71.49582;68.359375;0.022033064;1;1;15;0
618145847;618145318;-13010.161;2700.7705;-0.5413901;0.9356491;0.006940825;0.028356872;0.35172212;-99.67305;52.77475;0.43844277;-0.19231682;-0.10098877;0.7633942;669104.0;982565.5;0.28380105;0.00027529793;0.0002796966;0.00031105775;71.57524;68.19634;0.021931883;1;1;15;0
618649642;618649165;-13066.519;2754.6042;-0.44142067;0.7963426;0.01825232;-0.027825614;0.6039298;-99.55804;52.673965;0.42065006;0.4570563;0.2893615;1.3964243;674688.1;989228.25;0.28500164;0.00025728182;0.00026971416;0.0003326911;71.6513;68.03676;0.022150628;1;1;15;0
619153549;619153011;-13116.321;2815.9604;-0.3602101;0.60413045;-0.0014382352;-0.02508872;0.79648906;-99.136955;52.704704;0.47061396;-0.25391158;-0.4886906;0.98798263;680426.1;996059.06;0.29322317;0.00026598776;0.00027239698;0.00031191777;71.75774;67.94572;0.022903206;1;1;15;0
619648236;619647860;-13151.744;2877.7698;-0.3357692;0.451229;-0.011362215;0.042977974;0.8913004;-98.70338;52.644028;0.4026064;0.040341955;0.71337354;0.40998408;684348.25;911595.75;0.2931718;0.00027585035;0.0002488126;0.00030897162;71.74957;62.627518;0.023412134;1;1;15;0
620152369;620151754;-13171.265;2927.6323;-0.3451296;0.37584662;0.0009188803;-0.0050302357;0.9266678;-98.38289;52.526028;0.40459347;0.3874892;0.13943586;-0.044734217;690053.1;917875.4;0.29399988;0.0002641825;0.00023522902;0.00031349188;71.889565;62.478687;0.023325687;1;1;15;0
620656438;620655553;-13183.016;2971.666;-0.40047684;0.39188787;-0.003738097;-0.0075950036;0.919974;-98.09528;52.346962;0.35918847;0.043449476;-0.03190389;-0.27494258;695872.4;924255.75;0.3016373;0.00025318828;0.00022800549;0.0003121746;72.059944;62.37311;0.023649612;1;1;15;0
621150929;621150403;-13194.456;3013.0635;-0.47063598;0.4636659;0.0026141764;-0.005461921;0.8859894;-97.803535;52.144905;0.3169888;-0.044196174;0.2118078;-0.4626769;701585.4;930497.44;0.30019218;0.00025223402;0.00021397087;0.00030806052;72.207726;62.20685;0.023390336;1;1;15;0
621645677;621645252;-13212.373;3054.8757;-0.539316;0.57897866;0.001530669;-0.00096245244;0.8153407;-97.51358;51.946327;0.27428818;-0.034088086;0.10847728;-0.6540138;707335.25;936781.44;0.29811627;0.0002511748;0.00019941652;0.0003060757;72.336784;62.03589;0.022920726;1;1;15;0
622149931;622149098;-13237.478;3100.2502;-0.59348255;0.72252506;0.0025664503;0.005394683;0.6913189;-97.163216;51.812572;0.2666788;-0.06840294;-0.008766581;-0.85485715;713324.2;943292.1;0.30398983;0.00024647135;0.00019370983;0.000304305;72.467545;61.92074;0.022728596;1;1;15;0
622653294;622652944;-13275.171;3149.7178;-0.61970997;0.8533445;-0.008357335;0.005964693;0.5212464;-96.71762;51.76193;0.2596675;-0.12529673;0.06427456;-0.9574536;719412.5;949817.4;0.30202022;0.00022604958;0.00020565218;0.00030479298;72.59207;61.777054;0.02219989;1;1;15;0
623148316;623147793;-13323.723;3198.6267;-0.6158935;0.94091845;0.0053580725;0.011469264;0.33839664;-96.31863;51.775593;0.28321394;-0.06301508;-0.078208074;-0.4629418;725367.44;956229.0;0.2979534;0.0001933292;0.0002361397;0.00029991657;72.69147;61.622707;0.021420732;1;1;15;0
623652190;623651640;-13378.14;3239.876;-0.5801652;0.9550181;0.004326712;0.011601298;0.29628912;-95.9623;51.624973;0.3049767;-0.07618478;0.25042045;-0.11513559;731684.94;962884.4;0.30226174;0.00018086415;0.00024386731;0.0003031531;72.861336;61.544632;0.021035908;1;1;15;0
624147049;624146489;-13432.522;3274.1619;-0.53401345;0.9482236;-0.098555;-0.02906934;0.30052295;-95.723915;51.401505;0.32718453;0.48998588;0.20349665;0.04832373;737830.4;969407.3;0.2976319;0.00017587279;0.00022856242;0.000320607;73.00126;61.427017;0.020627895;1;1;15;0
624650947;624650382;-13475.881;3305.398;-0.49968618;0.938615;-0.14010483;-0.041402455;0.31250346;-95.45145;50.97086;0.35832056;-0.48230895;0.107245155;0.034602407;744081.6;976085.8;0.29370493;0.00017240913;0.00022664748;0.00032337414;73.149376;61.332394;0.020007452;1;1;15;0
625154725;625154181;-13509.161;3336.8218;-0.4928921;0.92274064;-0.18828341;-0.068407156;0.3292713;-95.23555;50.60785;0.3771505;-0.5895455;0.02574686;0.03691905;750324.6;982863.44;0.2969389;0.00017227161;0.00021354314;0.00033493424;73.29102;61.279236;0.019733945;1;1;15;0
625649569;625649030;-13525.095;3364.9158;-0.5001569;0.9001115;-0.26948005;-0.09726876;0.32820502;-95.03805;50.150654;0.3646934;-0.5741999;0.117133185;0.037923574;756429.3;989535.0;0.29204434;0.00016788364;0.00020618773;0.00034516325;73.43846;61.215565;0.019274322;1;1;15;0
626153407;626152876;-13525.018;3388.2556;-0.52446556;0.9315837;0.0046543456;-0.061660405;0.35822946;-94.79922;49.49665;0.27722543;-0.8963477;0.86012775;-0.016392719;762743.4;996411.0;0.28835797;0.00015830553;0.00022661404;0.00033395857;73.6157;61.177246;0.01869323;1;1;15;0
626648186;626647725;-13549.597;3412.0798;-0.48852408;0.9386022;0.004847157;-0.0005516018;0.3449668;-94.38892;48.99475;0.35812208;-0.80061924;0.038059223;-0.071981974;767703.25;912044.25;0.29072526;0.00016249495;0.0002673975;0.0002901619;73.70217;56.512497;0.01920369;1;1;15;0
627152203;627151571;-13597.581;3441.5496;-0.4008004;0.9409213;0.09486228;0.05154657;0.32095367;-93.97466;48.580185;0.38408613;-0.90348977;0.18437292;-0.0934603;774310.4;918415.7;0.28744793;0.00015917888;0.00029086563;0.000269581;73.874306;56.500233;0.018797975;1;1;15;0
627655982;627655418;-13653.223;3471.9285;-0.2819997;0.9377815;-0.14848118;-0.040536918;0.3112491;-93.51105;48.210747;0.49434975;-1.5075868;-0.079519875;0.06667822;780997.06;924842.1;0.2846518;0.00015838024;0.00025609872;0.00030597032;74.05718;56.501698;0.018875532;1;1;15;0
628150719;628150267;-13693.741;3498.4617;-0.20972121;0.9501098;-0.004656866;0.005027198;0.31184056;-93.21105;47.817665;0.4842388;-0.9875362;-0.1382047;0.004729242;787580.44;931196.1;0.28729457;0.0001565377;0.00027290572;0.00029313526;74.24823;56.53148;0.018663539;1;1;15;0
628654552;628654160;-13738.94;3526.2446;-0.1403602;0.95242035;-0.008663899;-0.0003096152;0.3046644;-92.86377;47.493195;0.52884775;-0.26889485;-0.33918992;0.0073622414;794370.56;937688.25;0.2845488;0.00015539062;0.00027481953;0.0002940044;74.44156;56.552727;0.018626967;1;1;15;0
629149624;629149009;-13788.633;3554.702;-0.07018833;0.95366144;0.00058494456;0.0031715524;0.3008644;-92.5745;47.174576;0.55178267;-0.24956453;-0.23514213;0.02075686;800990.06;944105.1;0.28090122;0.00015426964;0.00027314763;0.00029781382;74.60336;56.56987;0.01838627;1;1;15;0
629653353;629652807;-13840.093;3583.7625;0.011289187;0.95666206;0.0013791842;0.008203285;0.29108176;-92.270294;46.851414;0.5828489;-0.22193214;-0.3204493;-0.072656944;807772.5;950668.7;0.28480104;0.00015471781;0.0002752305;0.00029696446;74.77352;56.613663;0.018483263;1;1;15;0
630148493;630147656;-13891.278;3612.7595;0.08605479;0.9614042;0.003961042;0.0050527686;0.27506503;-92.03783;46.55766;0.60719883;0.051464483;-0.050048873;-0.105786785;814437.4;957136.44;0.28127447;0.00014967023;0.0002737207;0.00030407932;74.92868;56.638535;0.018270344;1;1;15;0
630652065;630651502;-13941.899;3641.651;0.16568282;0.96617496;0.0011608984;-0.005314043;0.2578301;-91.792145;46.249805;0.61461353;0.12903571;0.20778681;-0.08071079;821270.4;963755.6;0.27886766;0.00014921803;0.00027350755;0.0003066942;75.09199;56.677906;0.01815337;1;1;15;0
631155951;631155348;-13990.935;3669.8281;0.22949663;0.9695777;-0.010028608;-0.008634508;0.24442591;-91.54017;45.935112;0.6437135;-0.08764984;0.19120938;-0.038015466;828167.9;970398.44;0.27655676;0.00015121036;0.00027521697;0.00030497796;75.26606;56.724663;0.018044;1;1;15;0
631650758;631650197;-14036.907;3696.0378;0.29294932;0.9712768;0.00081401825;-0.004710215;0.23790456;-91.298195;45.595776;0.67657936;-0.04184908;0.023243869;-0.010823994;835062.25;976955.4;0.27974978;0.00015259662;0.00027891275;0.0003038352;75.46518;56.798664;0.018123297;1;1;15;0
632154612;632154043;-14084.256;3722.7617;0.3559289;0.9735259;-0.0031579784;0.00021995799;0.22855496;-91.076126;45.23115;0.6852236;-0.079808846;-0.16168675;-0.05175858;842078.94;983655.6;0.27765608;0.00015481011;0.00028263262;0.00030177654;75.653885;56.864605;0.018025305;1;1;15;0
632649484;632648892;-14132.433;3750.3196;0.4038037;0.9756043;0.0073489114;0.011395644;0.2191172;-90.916534;44.931347;0.6843496;-0.0067298813;0.13805214;-0.01275639;848885.8;990259.9;0.28086388;0.00015419174;0.0002816655;0.00030523585;75.808044;56.928925;0.01808637;1;1;15;0
633153361;633152785;-14181.783;3778.6538;0.45532042;0.97488123;0.0053213667;-0.0013960341;0.22265768;-90.78371;44.641514;0.68711334;0.31591836;0.16532485;0.00798363;855829.06;996996.4;0.27870297;0.00015164768;0.0002797698;0.00031115764;75.95992;56.985752;0.017985031;1;1;15;0
633648195;633647634;-14229.697;3806.6262;0.5114058;0.9751687;-0.020688852;-0.025461033;0.21902013;-90.58152;44.333202;0.7290878;-0.16208225;-0.30429938;0.020058861;861226.0;912411.75;0.2756771;0.00015556224;0.00028567328;0.00030302058;76.02098;52.778503;0.01789468;1;1;15;0
634152041;634151433;-14277.19;3834.8174;0.5465476;0.97649294;0.03176483;0.04300726;0.20881335;-90.44024;44.010315;0.7226983;-0.24261518;-0.082907334;-0.13603541;868225.5;918593.3;0.27358547;0.00015701984;0.00029432352;0.00029480114;76.17678;52.853916;0.017618772;1;1;15;0
634655866;634655278;-14329.108;3863.6655;0.59956336;0.9790019;0.014615643;-0.019910837;0.20234983;-90.38786;43.770893;0.70594615;0.40264007;0.5250975;0.040350404;875232.2;924805.6;0.27781463;0.00014688169;0.00028014102;0.0003210523;76.31995;52.933636;0.017782813;1;1;15;0
635151062;635150127;-14375.838;3891.7764;0.6265557;0.9815254;0.0035983205;-0.03323274;0.18838945;-90.132805;43.499634;0.7817282;-0.20982401;-0.9366448;0.05709646;882158.7;930916.9;0.274806;0.00017017237;0.00028649348;0.0002930627;76.467094;53.00648;0.017726807;1;1;15;0
636653064;636652667;-14522.487;3976.567;0.66147566;0.9826264;-0.0061641517;-0.0012206262;0.18548854;-90.002525;42.608448;0.7284661;-0.048783634;0.057739824;0.00077329995;903521.8;949621.25;0.27424148;0.0001620678;0.0002884956;0.00030855113;76.96088;53.286774;0.017454406;1;1;15;0
637148130;637147516;-14569.777;4004.39;0.6748882;0.98215115;-0.009548243;-0.009131886;0.18762915;-89.91857;42.3288;0.71840185;0.016749468;-0.040341694;0.034551814;910615.5;955826.56;0.27141008;0.0001637453;0.0002897133;0.00030888862;77.11884;53.38012;0.017297283;1;1;15;0
637651962;637651409;-14619.344;4034.1072;0.6625757;0.98230714;-0.0076746484;-0.010139238;0.18684514;-89.85768;42.10158;0.7274263;-0.061535977;-0.12910032;0.051090177;917821.9;962167.4;0.27549088;0.00016579339;0.00029248485;0.00030667963;77.27029;53.481792;0.017380176;1;1;15;0
638155789;638155208;-14668.476;4063.7651;0.64947385;0.9825501;-0.004541813;-0.0006193705;0.18594174;-89.797966;41.854443;0.71260035;-0.042948347;-0.226604;0.045252766;925085.2;968524.4;0.27346787;0.00016700808;0.0002940545;0.0003063405;77.427315;53.579254;0.017180668;1;1;15;0
638650539;638650056;-14715.613;4092.4558;0.6490672;0.9819892;0.002901631;-0.000737621;0.1889137;-89.74164;41.60559;0.6840596;-0.0659775;-0.059315167;-0.0038270077;932253.1;974791.7;0.2705137;0.00016346245;0.00029471802;0.0003121114;77.58271;53.678215;0.016970597;1;1;15;0
639154451;639153902;-14762.139;4120.916;0.65521747;0.98240495;0.0032361897;0.0017920666;0.18672669;-89.64824;41.34556;0.68893665;-0.054118678;-0.054242235;0.015598147;939680.3;981205.56;0.2746043;0.00016519915;0.00029806493;0.00031119623;77.76294;53.796387;0.017053112;1;1;15;0
639649159;639648750;-14808.865;4149.6157;0.6483027;0.9826895;0.0013161257;-0.0015612788;0.18524888;-89.56181;41.119602;0.6884878;-0.01388404;-0.04080634;0.045662753;946953.06;987513.25;0.27160558;0.00016640117;0.00029843976;0.00031216614;77.92873;53.898968;0.016866624;1;1;15;0
640153475;640152596;-14855.294;4178.5713;0.6346411;0.9851556;4.3343793e-05;0.007096601;0.17151734;-89.4725;40.87228;0.6651418;-0.24584107;-0.17155714;-0.033308484;954442.2;993960.06;0.2695464;0.00017044254;0.0002994576;0.0003104704;78.11227;54.012413;0.016706321;1;1;15;0
640647958;640647444;-14900.435;4206.095;0.62235105;0.9864814;0.0066751633;0.0071764844;0.16357966;-89.41362;40.61584;0.6457434;-0.15347302;-0.13231844;0.028863873;960601.0;909393.8;0.27269283;0.00017447713;0.00029846054;0.00031216047;78.247665;50.2237;0.016748121;1;1;15;0
641151814;641151290;-14945.235;4233.461;0.59878695;0.98629457;0.0036982025;0.003118825;0.16492349;-89.35886;40.366768;0.63973784;-0.020046309;-0.0072975485;-0.0360428;968092.0;915310.25;0.27058142;0.00017325931;0.00029957198;0.00031436616;78.4181;50.335415;0.016588872;1;1;15;0
641655726;641655183;-14989.357;4260.065;0.5846391;0.9870084;-0.007569524;-0.0014472412;0.16048406;-89.25823;40.07079;0.653801;-0.55286765;-0.4574551;0.011470841;975725.44;921253.2;0.26852146;0.00017717025;0.00031251882;0.00030080034;78.61482;50.45812;0.016521804;1;1;15;0
642150565;642150031;-15032.81;4286.1733;0.5612914;0.98564184;-0.0026118963;-0.006298087;0.16871224;-89.23348;39.859795;0.6191224;-0.0014859433;-0.1956881;0.090031624;983212.4;927120.5;0.27155825;0.00017617365;0.00030398346;0.00031394867;78.80107;50.587475;0.016473891;1;1;15;0
642654219;642653830;-15075.276;4312.8413;0.52373487;0.9840758;0.0036066326;-0.00086328964;0.17771113;-89.19982;39.625244;0.60346025;0.010567766;0.030164797;-0.025745943;990910.8;933108.25;0.2694466;0.0001713678;0.00030857694;0.00031709787;78.9967;50.710472;0.016286729;1;1;15;0
643149383;643148678;-15116.814;4339.4727;0.48059997;0.9841735;0.0021661916;-0.009853574;0.17692034;-89.08478;39.45397;0.59940934;0.13149536;-0.5388553;0.051608108;998494.8;939009.0;0.26640704;0.00017441068;0.00030986467;0.00031506844;79.18674;50.83011;0.016078815;1;1;15;0
643653031;643652524;-15158.667;4366.2593;0.43494785;0.98114216;-0.05449826;-0.0071622133;0.18530738;-89.00967;39.195175;0.57789147;-0.4957952;-0.17988288;0.08738221;914914.5;943982.44;0.27027327;0.00017614038;0.00030331584;0.00032414828;73.237564;50.9778;0.01614649;1;1;15;0
644147942;644147372;-15198.258;4391.9316;0.38956836;0.97641957;-0.052164696;-0.006567463;0.20938131;-88.99814;38.99143;0.5361474;0.13574569;0.06795251;0.074922554;921994.56;949935.6;0.26720786;0.00017175615;0.00030136565;0.00033397888;73.44221;51.103466;0.015880201;1;1;15;0
644651671;644651217;-15236.506;4418.7485;0.32921147;0.97338825;0.00781127;0.0003826857;0.22902879;-88.89953;38.7906;0.511931;-0.04605315;0.08010612;0.017376749;929171.25;956019.7;0.26493025;0.00016558472;0.00032094965;0.00032289344;73.63153;51.22762;0.015629545;1;1;15;0
645155603;645155063;-15277.239;4445.381;0.2856442;0.9717254;-0.010221669;-0.0053377342;0.2358322;-88.74624;38.595596;0.49873522;-0.35835448;0.26075953;-0.0067261714;936585.8;962146.25;0.2687247;0.00016446286;0.00033181536;0.00031933913;73.8696;51.388134;0.015845183;1;1;15;0
645650298;645649911;-15316.811;4471.475;0.24428341;0.9648454;-0.0796155;-0.019144434;0.24973616;-88.57223;38.464813;0.48876533;-0.3737125;-0.009844522;0.09434562;943762.5;968174.2;0.26564965;0.00016319391;0.00032422537;0.00033045316;74.06916;51.514515;0.015644018;1;1;15;0
646154454;646153804;-15352.3;4497.657;0.18970177;0.9622514;-0.078588635;-0.016927432;0.26001856;-88.42239;38.28901;0.47816402;-0.311612;-0.1514826;0.0585576;951083.06;974343.5;0.2635066;0.00016073041;0.00031299153;0.00034648518;74.268295;51.64314;0.015414803;1;1;15;0
646649073;646648652;-15382.631;4522.6357;0.13866055;0.9604883;-0.08108835;-0.020854931;0.2654279;-88.29371;38.144962;0.42726794;0.3202874;0.19170024;-0.009920187;958397.1;980433.44;0.26628357;0.00016093494;0.00031081788;0.00035323363;74.48799;51.791607;0.015506179;1;1;15;0
647152835;647152451;-15413.101;4547.4717;0.084154055;0.9614938;-0.06176527;-0.013760822;0.2674423;-88.12335;37.92584;0.41606233;0.019244982;0.15165593;-0.00045558548;965905.2;986656.3;0.26419684;0.00016166735;0.0003226719;0.0003444145;74.718445;51.9319;0.015406225;1;1;15;0
647647869;647647299;-15443.815;4571.3926;0.0398503;0.96125305;-0.051927395;-0.014198309;0.27036044;-87.94174;37.78158;0.4009457;0.26159266;-0.017564131;-0.04721693;973151.7;992793.0;0.2612031;0.00016237705;0.0003250191;0.00034207158;74.902336;52.04485;0.015240775;1;1;15;0
648151986;648151144;-15475.809;4595.5635;-0.009635154;0.9660282;-0.021171603;-0.00096317515;0.2575662;-87.72414;37.604294;0.38344416;-0.34061548;0.1678905;-0.05485818;980683.94;999075.2;0.26479432;0.00016538367;0.00033965963;0.00032763282;75.12148;52.18935;0.015283094;1;1;15;0
648655567;648654990;-15508.979;4619.1763;-0.05412312;0.9704325;-0.03933674;-0.0039631454;0.2381127;-87.49589;37.507095;0.38226992;-0.17010601;-0.14140435;0.026905147;987182.0;913989.25;0.26275256;0.00017011241;0.00033465304;0.00032852817;75.27666;48.688942;0.01516096;1;1;15;0
649150224;649149841;-15540.049;4641.176;-0.09420277;0.9702629;-0.046303984;-0.007218626;0.23747389;-87.28252;37.375565;0.35935178;-0.10739069;-0.18403767;0.011672275;994708.4;919649.4;0.2599605;0.0001720317;0.00032789647;0.00033659482;75.514336;48.82091;0.0149725145;1;1;15;0
649654106;649653683;-15570.245;4662.9585;-0.1368;0.96659726;-0.08011739;-0.017037453;0.24285948;-87.067726;37.191906;0.35607457;-0.43885714;-0.06517903;0.06495223;911173.75;924686.9;0.26352084;0.0001702874;0.0003259497;0.0003414419;69.91866;48.943016;0.015015115;1;1;15;0
650149095;650148531;-15597.575;4683.9688;-0.18722975;0.9517957;-0.16576892;-0.043192767;0.2544405;-86.89781;36.9946;0.34791547;-0.6122676;0.07570453;0.028117537;918024.7;930400.25;0.2607318;0.0001689067;0.0003060909;0.0003655846;70.13614;49.064217;0.014882141;1;1;15;0
650653010;650652424;-15618.601;4704.922;-0.24671985;0.93125635;-0.24737224;-0.06778044;0.25879425;-86.81152;36.83827;0.29968423;-0.023139397;-0.19468592;-0.010929232;924889.0;936243.8;0.2587654;0.00016890235;0.0002796445;0.00039285346;70.32883;49.17328;0.0148561755;1;1;15;0
651147698;651147272;-15632.462;4724.413;-0.31853878;0.9300762;-0.24362628;-0.06914436;0.26612705;-86.77918;36.593536;0.26307237;0.1853289;-0.12684269;0.011246218;931576.56;942010.75;0.26147577;0.00017120758;0.0002720842;0.00039875897;70.51141;49.288242;0.015073693;1;1;15;0
651651677;651651070;-15644.829;4743.5176;-0.40245867;0.9291855;-0.23009516;-0.06906902;0.28089166;-86.75815;36.273605;0.24318756;-0.3368211;-0.050335836;0.0545441;938435.6;947908.5;0.25972852;0.00016728818;0.0002771426;0.00039896922;70.7086;49.393467;0.015156307;1;1;15;0
652155500;652154916;-15658.012;4762.0703;-0.47231925;0.9278225;-0.22455896;-0.06988421;0.28954285;-86.75951;36.000004;0.18966115;0.4161491;0.023169301;0.012106649;945266.56;953836.44;0.25823024;0.00016674885;0.0002779367;0.00039914344;70.88973;49.487984;0.015397989;1;1;15;0
652650149;652649764;-15674.082;4779.873;-0.5473781;0.952982;-0.04613928;-0.020565681;0.29878676;-86.67212;35.749992;0.18658143;0.55479914;-0.024085764;0.009271218;952200.06;959685.56;0.26163638;0.00017097038;0.00034351958;0.00033337832;71.112625;49.616077;0.015699007;1;1;15;0
653154428;653153609;-15702.648;4798.277;-0.58573186;0.95429814;0.009518529;-0.01386617;0.29838297;-86.39792;35.508106;0.18311964;0.051380012;-0.002838731;0.022660434;959244.6;965668.0;0.26055023;0.00016844607;0.00036098654;0.000320811;71.32918;49.724483;0.015360331;1;1;15;0
653649025;653648457;-15736.226;4816.9126;-0.6090854;0.9542171;0.004571054;0.010368805;0.29890046;-86.08433;35.35564;0.18540853;0.14875075;0.03346772;0.03359429;966132.8;971570.0;0.2584229;0.00017041611;0.0003602326;0.00032229628;71.541115;49.82633;0.014976691;1;1;15;0
654152782;654152302;-15771.647;4835.8887;-0.6213422;0.9540653;0.008281922;0.0057194657;0.29942948;-85.71878;35.189003;0.18789329;-0.2664968;-0.026265578;-0.010155176;973100.75;977604.75;0.25685456;0.00017091322;0.00036569635;0.0003177163;71.738;49.922928;0.014614739;1;1;15;0
654648019;654647150;-15805.889;4854.4536;-0.6197683;0.9538331;0.0030950282;0.0017414255;0.30031636;-85.34825;35.052094;0.20521621;-0.21586192;-0.0072008236;0.044958692;979917.1;983555.0;0.25955218;0.00017215453;0.00037692947;0.00030562808;71.91224;50.02206;0.014497279;1;1;15;0
655151437;655151043;-15839.81;4873.5005;-0.61908495;0.95061755;0.097850144;0.028311526;0.29317257;-85.00972;34.979126;0.20828243;0.41111723;0.12506396;-0.07206992;986938.6;989638.3;0.25748947;0.00017452578;0.00037662854;0.00030615192;72.11904;50.11946;0.01411082;1;1;15;0
655655434;655654841;-15875.864;4892.8374;-0.60118264;0.95620507;0.026389124;0.016154481;0.2910577;-84.51299;34.82078;0.24569409;-0.50697803;-0.20444998;-0.029364524;993875.44;995749.2;0.25506845;0.00017679563;0.00038624695;0.00029310535;72.29474;50.202133;0.013868665;1;1;15;0
656150085;656149689;-15910.315;4911.973;-0.58555454;0.95294076;0.123839036;0.055891786;0.2710057;-84.19617;34.79261;0.24974146;0.41332006;-0.20579076;-0.16578847;909296.4;910184.75;0.25688246;0.00017862754;0.00040883885;0.00026899445;67.013054;46.904644;0.013265941;1;1;15;0
656653939;656653534;-15944.694;4930.9614;-0.55120176;0.9623984;0.013798957;0.0015725811;0.27128667;-83.735054;34.59807;0.22941902;0.075567715;0.3013618;-0.009752314;915999.4;915789.94;0.25445166;0.00017576224;0.00035262931;0.00033315472;67.265495;47.02417;0.013306935;1;1;15;0
657148830;657148382;-15976.561;4949.0854;-0.5242971;0.9439896;-0.1586054;-0.04476014;0.28587526;-83.412384;34.45253;0.2608468;-0.058216386;-0.19513005;0.25715616;922603.9;921314.1;0.25121245;0.00018388679;0.00027845276;0.00040324038;67.498474;47.135162;0.01351855;1;1;15;0
657652658;657652227;-16004.216;4967.38;-0.53726125;0.95223105;-0.009818089;-0.001080517;0.30521896;-83.3353;34.169075;0.23905665;-0.09859874;-0.043430757;0.003912099;929550.9;926965.2;0.2538956;0.0001825069;0.00037262775;0.00031859844;67.782135;47.296722;0.013303198;1;1;15;0
658147452;658147075;-16036.05;4985.9863;-0.5305893;0.94234574;-0.12882411;-0.0465626;0.3053211;-83.156425;34.01866;0.22214358;0.49623194;0.07332312;0.054948755;936215.75;932532.5;0.25092614;0.000182502;0.00031554874;0.00037888886;68.00604;47.403606;0.013231124;1;1;15;0
658651480;658650920;-16064.579;5005.832;-0.54267794;0.9145167;-0.24704106;-0.077902816;0.31074294;-83.0565;33.784092;0.23413928;-0.365337;0.10567068;0.06774252;942866.25;938213.25;0.24863873;0.00018574964;0.00028491917;0.00040565198;68.18853;47.492535;0.013153824;1;1;15;0
659146301;659145767;-16088.161;5025.117;-0.582862;0.94085854;-0.109215915;-0.037026607;0.31856892;-83.15439;33.542328;0.1980057;-0.27203348;0.031870883;0.027881475;949568.7;943822.9;0.25100565;0.00018790257;0.00030038622;0.00039086066;68.420044;47.62457;0.013085313;1;1;15;0
659650194;659649660;-16116.837;5044.228;-0.5949026;0.93910617;0.048691258;-0.09570702;0.32641825;-83.17301;33.349354;0.20257899;0.0915186;-0.5680742;0.12015046;956392.0;949565.3;0.24924925;0.00018096004;0.00035162736;0.0003483366;68.624916;47.720543;0.013087394;1;1;15;0
660154045;660153459;-16152.053;5062.9336;-0.6264109;0.9469909;-0.008170361;0.062067367;0.3151017;-83.18171;33.046246;0.122539125;-0.13511413;1.004272;-0.090567745;963345.25;955328.44;0.24770068;0.00018283138;0.00037356312;0.00032682353;68.87152;47.850945;0.013218159;1;1;15;0
660648694;660648305;-16191.772;5082.3105;-0.6115939;0.9540589;0.007867361;-0.005751307;0.29946086;-82.78086;33.00212;0.19682275;-0.070877396;-0.3118301;-0.052296586;970003.4;961007.44;0.25016552;0.00020515383;0.000368905;0.0003071367;69.029755;47.937035;0.013058386;1;1;15;0
661152969;661152150;-16228.732;5102.0317;-0.60456675;0.96191883;0.003395709;-0.008450521;0.27318347;-82.45326;32.91809;0.18961026;-0.00094228913;-0.13939767;-0.22019377;976798.8;966805.9;0.24821588;0.00019572956;0.00036761025;0.0003156465;69.205025;48.022095;0.0129646575;1;1;15;0
661647532;661646998;-16263.548;5121.0327;-0.6098351;0.98408675;-0.0045628157;0.0002758429;0.17763019;-82.22248;32.85021;0.17938028;0.12605767;0.06170363;-0.60085887;983576.0;972538.75;0.2456738;0.00019823588;0.0003565295;0.00032402488;69.403625;48.1106;0.0128562;1;1;15;0
662151374;662150843;-16298.054;5139.5195;-0.60754585;0.9999206;-0.006858314;0.0027840205;0.010197424;-82.09407;32.714035;0.17850256;0.1273705;0.0059464453;-0.76543796;990464.06;978380.3;0.24869435;0.00022603325;0.0003281997;0.00032274416;69.60264;48.214195;0.012856415;1;1;15;0
662655221;662654688;-16328.475;5156.4473;-0.62203014;0.9843842;-0.011098341;0.011040781;-0.1753362;-82.23847;32.529366;0.18535595;0.10767784;0.11560421;-0.80157125;997331.1;984256.44;0.24672012;0.0002808678;0.00027019499;0.00032142492;69.81345;48.28794;0.012721803;1;1;15;0
663150088;663149536;-16355.568;5170.6523;-0.62776953;0.9411012;-0.004966775;0.0017019155;-0.33808428;-82.71012;32.211895;0.17921779;-0.2624264;0.034166396;-0.34074697;912861.9;989628.7;0.24384335;0.00032649477;0.00021118208;0.00032846094;64.877235;48.328545;0.0124285715;1;1;15;0
663653969;663653428;-16381.659;5183.56;-0.63581836;0.94722027;0.011657666;-0.004153036;-0.3203448;-83.4439;31.814655;0.18718399;0.0849815;0.011696049;0.30994177;919298.2;995545.3;0.24659413;0.00033872717;0.00019927952;0.00032210434;65.1558;48.424984;0.012308253;1;1;15;0
664148642;664148275;-16405.82;5195.838;-0.6484325;0.9737394;0.0042543206;0.00044748804;-0.22762573;-84.28565;31.357222;0.17985192;0.04313886;0.07327101;0.4243429;925337.8;910340.9;0.24356128;0.00031810542;0.00021861623;0.00031832382;65.43209;45.3187;0.01203986;1;1;15;0
664652493;664652073;-16430.86;5208.414;-0.64696884;0.9968021;-0.0024286797;-0.0020995587;-0.07984616;-85.02131;30.908695;0.17852719;-0.069534086;0.16276833;0.737929;932009.6;915761.5;0.24129677;0.00028072903;0.00025824312;0.00031659566;65.741005;45.43245;0.011820493;1;1;15;0
665147300;665146921;-16457.652;5221.5503;-0.63772875;0.995222;0.0019527003;0.0013475701;0.097610414;-85.57257;30.523539;0.18915813;0.04828275;-0.04651384;0.7305455;938643.3;921104.7;0.24301836;0.00022551986;0.00031406226;0.0003178802;66.022125;45.566765;0.011721438;1;1;15;0
665651115;665650765;-16490.549;5236.665;-0.63211375;0.9572475;-0.05398089;-0.024186775;0.28315783;-85.86116;30.23939;0.14486286;0.26052955;0.34715983;0.73498774;945526.7;926558.0;0.24073154;0.00019174439;0.00033178763;0.00033847775;66.30988;45.71063;0.011573453;1;1;15;0
666155433;666154610;-16527.639;5253.5903;-0.64493454;0.8880482;-0.05232624;-0.036825012;0.45527622;-85.85565;30.05442;0.14462309;0.23884778;0.10578295;0.6669294;952493.75;932045.25;0.23857337;0.00020271286;0.00032019176;0.00034349886;66.58305;45.86614;0.011451717;1;1;15;0
666649847;666649458;-16564.734;5271.448;-0.66243374;0.81051916;-0.04375177;-0.03678385;0.5829164;-85.67462;29.90301;0.1305635;-0.035215147;0.23534922;0.5896842;959365.75;937446.9;0.2404345;0.0002459155;0.00028045182;0.00034349665;66.845955;46.03744;0.011523011;1;1;15;0
667153698;667153303;-16600.625;5289.689;-0.6815737;0.7273215;-0.05620087;-0.06251687;0.681129;-85.48906;29.7508;0.11822045;0.013794984;-0.03795236;0.42487732;966448.3;942979.94;0.23861857;0.00029324248;0.00022615849;0.00035188385;67.108604;46.203728;0.011506725;1;1;15;0
667648835;667648150;-16633.633;5307.1104;-0.70836234;0.65405697;-0.06714376;-0.06483915;0.7506644;-85.35236;29.5394;0.10700578;-0.7719319;-0.32113346;0.32972357;973407.75;948428.75;0.2362408;0.00032657152;0.00019893861;0.00034454657;67.36306;46.364117;0.011507947;1;1;15;0
668152401;668152042;-16664.785;5324.719;-0.7619427;0.60143334;-0.0020996733;0.03048355;0.79833853;-85.48003;29.19234;0.027633682;0.75532055;0.914296;0.21885289;980543.7;954004.5;0.23935193;0.00035253982;0.00017387082;0.00034273704;67.64368;46.55495;0.011755521;1;1;15;0
668647257;668646889;-16696.52;5341.4966;-0.81270206;0.5461785;0.06929485;0.12856646;0.8248382;-85.35106;28.993916;0.04015785;0.41536623;0.77795815;0.0746181;987579.4;959498.44;0.2373647;0.00035378613;0.0002340258;0.00027762735;67.89065;46.703358;0.011758709;1;1;15;0
669151138;669150687;-16730.049;5359.355;-0.8404374;0.51632917;0.15524046;-0.14579342;0.8294872;-84.86684;28.984587;0.11511707;-0.62790287;-1.3085591;0.07328637;994782.94;965107.8;0.23608878;0.00036254397;0.00020854735;0.00029019912;68.14533;46.857174;0.011499643;1;1;15;0
669654956;669654531;-16765.602;5375.3145;-0.9409072;0.47291765;-0.14569616;0.1216529;0.86041975;-84.489395;28.563982;-0.008752305;-0.50954986;1.438539;0.29156134;910969.56;970493.9;0.23519233;0.0003473663;0.00020916949;0.0002993808;63.46746;47.00658;0.012206695;1;1;15;0
670149730;670149379;-16794.414;5390.958;-1.0000224;0.3763451;-0.03162059;-0.03463857;0.9252917;-84.49274;28.374203;0.015745578;-0.17496027;0.018312221;0.5740797;917370.06;976053.5;0.23795427;0.00030808983;0.00019595961;0.00034681943;63.687897;47.150215;0.011780487;1;1;15;0
670653768;670653223;-16826.37;5405.896;-1.0443349;0.24643354;-0.042537443;-0.0023836181;0.9682228;-84.68039;28.00217;0.05468606;-0.656396;-0.5919198;0.6406254;924037.0;981748.6;0.2371602;0.00027358613;0.00023370661;0.00033818022;63.962257;47.301956;0.011999568;1;1;15;0
671148462;671148071;-16861.803;5419.339;-1.0679668;0.09272636;-0.035925966;-0.002823935;0.99503934;-85.12784;27.5993;0.095257245;-1.6157837;-0.68329173;0.6919209;930630.7;987359.06;0.24029236;0.00022220178;0.0002760093;0.00034199466;64.2604;47.463005;0.012286289;1;1;15;0
671652299;671651915;-16902.943;5431.476;-1.0798982;-0.10163869;0.003582575;-0.0026077947;0.99481153;-85.73659;26.84911;0.021627085;0.92948425;0.4189818;0.739662;937377.1;993090.75;0.23951067;0.00020730797;0.0003356578;0.0002880865;64.57549;47.599518;0.012426314;1;1;15;0
672156164;672155807;-16951.967;5442.177;-1.098248;-0.3116881;0.0021691674;-0.0017128809;0.95018053;-86.82796;26.381174;0.053911075;-0.1923215;0.03608297;0.5846246;944093.1;998837.9;0.23883222;0.00017486948;0.0003367765;0.0003077066;64.89026;47.709015;0.012263225;1;1;15;0
672651006;672650654;-17004.021;5452.4263;-1.1008766;-0.34635377;0.007475274;-0.00674004;0.93805;-88.05462;25.863209;0.05047614;-0.029199181;0.13901132;-0.2150143;950477.1;913185.8;0.24181607;0.000189432;0.0003154357;0.00030310353;65.216576;44.79561;0.012243589;1;1;15;0
673154878;673154451;-17059.393;5462.64;-1.0928882;-0.19488429;-0.022557413;0.12938884;0.9719927;-89.450905;25.24517;0.09549905;0.36544162;-0.76592743;-0.94088775;957264.5;918459.5;0.24074945;0.00016419859;0.00032068795;0.00031153875;65.54965;44.888035;0.012229671;1;1;15;0
673649902;673649298;-17108.633;5472.6685;-1.0966297;0.05215578;0.02661518;0.07984376;0.9950862;-90.55525;24.705639;0.07395444;0.08043995;-0.65287083;-1.1412022;964055.75;923648.75;0.23879933;0.00016691383;0.00031949012;0.0003024384;65.8883;44.995346;0.012158891;1;1;15;0
674154002;674153143;-17153.348;5482.7964;-1.0997732;0.3136253;0.021997506;0.006963324;0.9492665;-91.27633;24.180931;0.031229602;-1.2531965;0.056706034;-1.0210532;971057.6;928964.1;0.23772456;0.00023570945;0.00025295405;0.00029481793;66.20017;45.11098;0.012072177;1;1;15;0
674648520;674647990;-17194.16;5493.0903;-1.092063;0.5485957;0.06142811;-0.06321323;0.8314285;-91.7213;23.554667;0.031496752;-0.44549155;0.054802604;-1.0712647;977935.94;934196.44;0.24040489;0.0003340358;0.00016878384;0.0002777785;66.47196;45.235443;0.012181055;1;1;15;0
675152368;675151834;-17238.695;5504.8223;-1.0916486;0.7554215;0.05643478;-0.07770122;0.6481636;-91.7676;23.136316;0.035024494;-0.19607055;-0.33856046;-1.1127471;984922.6;939550.25;0.2392518;0.00032061944;0.00015783908;0.00029790567;66.69898;45.342728;0.0121737905;1;1;15;0
675656260;675655679;-17283.75;5517.6133;-1.1101125;0.9077129;-0.053638943;0.053484175;0.41269812;-91.63096;22.784248;0.010044046;0.39932856;0.2520751;-1.2198069;991953.5;944918.0;0.23808087;0.00023220581;0.0002393383;0.0003022307;66.93293;45.46356;0.012247532;1;1;15;0
676151048;676150526;-17328.838;5530.478;-1.104112;0.9951174;-0.0036505621;0.0454681;0.087525055;-91.27056;22.505177;0.047429405;0.16128364;-0.1309935;-1.3445883;998869.25;950215.4;0.24073663;0.0001690845;0.00032113993;0.0002819863;67.160645;45.583347;0.01209951;1;1;15;0
676654803;676654417;-17374.408;5542.021;-1.0931062;0.9755641;-0.05847655;0.039688718;-0.20803875;-91.17254;22.417944;0.028559478;2.090256;0.19639303;-0.8716289;914563.0;955468.44;0.23938212;0.00019324454;0.00028123218;0.00029348498;62.61558;45.67574;0.011918485;1;1;15;0
677149650;677149264;-17418.357;5550.4023;-1.102341;0.90532255;-0.008884764;0.01894703;-0.42420912;-91.79544;21.900906;0.0485133;0.15566513;0.034368142;-0.92811567;921056.94;960801.06;0.23695153;0.00027213775;0.00019305659;0.00029867206;62.948414;45.80234;0.011587118;1;1;15;0
677653482;677653061;-17463.283;5558.51;-1.1244371;0.7732062;0.005691491;0.00091718225;-0.6341286;-92.82856;21.447552;0.060636338;0.12970425;0.012449942;-0.8817323;927633.5;966258.44;0.23979403;0.00031915642;0.00014186883;0.00029711516;63.296352;45.929737;0.0115302615;1;1;15;0
678148420;678147909;-17509.283;5566.2246;-1.1470767;0.7392309;0.0028216897;-0.0013187772;-0.673445;-94.12933;20.946484;0.06458071;-0.055638473;-0.06491746;0.18696848;934133.4;971637.4;0.23715197;0.00030847598;0.00014578465;0.0002960371;63.649147;46.03467;0.011333752;1;1;15;0
678652142;678651753;-17557.982;5573.9575;-1.1665999;0.7629065;0.051503748;-0.043393724;-0.6429916;-95.5158;20.386425;0.07468451;0.45942003;0.10517265;0.07974072;940751.8;977131.94;0.23509055;0.00031157135;0.00012065712;0.0003103652;64.002945;46.142544;0.0111415265;1;1;15;0
679156262;679155597;-17607.244;5582.2896;-1.1778498;0.7700459;0.0739267;-0.056426678;-0.63117385;-96.89443;19.826183;0.06925949;-0.087317936;0.07385872;-0.0025943883;947438.7;982662.9;0.23760183;0.0003133921;0.00010922956;0.00031463098;64.37078;46.27646;0.0111114625;1;1;15;0
679650812;679650444;-17656.832;5590.894;-1.1821744;0.78398937;0.13136885;-0.073535256;-0.6022422;-98.16012;19.321543;0.06875756;0.06422292;0.33281118;0.17786223;953960.1;988096.1;0.23468785;0.00031375253;0.00010296228;0.0003150482;64.713776;46.37765;0.010977903;1;1;15;0
680154678;680154288;-17705.152;5599.9663;-1.1862563;0.84070945;-0.017028138;-0.0049979724;-0.54119575;-99.27199;18.833693;0.06725322;0.45153436;0.41465273;0.44111356;960673.06;993654.94;0.23258464;0.00031066607;0.00012911302;0.0002874657;65.06851;46.499977;0.010895539;1;1;15;0
680650009;680649135;-17748.213;5606.672;-1.1917291;0.91175526;-0.0067985915;-0.006376365;-0.41062808;-100.23262;18.29896;0.06413339;0.27240753;0.31277528;0.64382917;967445.5;999143.25;0.23421599;0.0002959366;0.00014179795;0.00028816366;65.4388;46.66079;0.010741142;1;1;15;0
681153611;681153027;-17789.578;5612.5195;-1.1948051;0.97151595;-0.007210718;-0.0027654895;-0.23684841;-100.386894;17.740713;0.06395781;0.022570206;-0.12069018;0.7496138;974225.9;913406.7;0.23189543;0.00024739807;0.00018956857;0.00028881273;65.794205;43.960552;0.010517776;1;1;15;0
681648288;681647873;-17830.32;5618.29;-1.1951221;0.99832445;0.0010863888;0.0010892214;-0.05784483;-100.36375;17.253368;0.061239723;0.090429775;-0.043081608;0.75127256;980996.94;918433.8;0.22887567;0.00018188452;0.0002559446;0.00028721328;66.1021;44.118618;0.010278365;1;1;15;0
682152176;682151670;-17873.588;5624.75;-1.1970559;0.9926331;0.00041261903;-0.00018225318;0.121158205;-100.30519;16.83924;0.058066286;-0.0041186353;-0.08735383;0.7353914;988067.25;923578.1;0.23081425;0.00013593821;0.00030578882;0.00028650695;66.435936;44.334442;0.0101879155;1;1;15;0
682655948;682655514;-17919.93;5631.689;-1.1790149;0.9607695;0.002736178;-0.0069089546;0.2772484;-100.24451;16.516027;0.0577957;-0.14545478;-0.07216234;0.5661314;995122.25;928741.06;0.22840272;0.00012899152;0.0003128056;0.00028928783;66.7359;44.541027;0.01000493;1;1;15;0
683150927;683150361;-17968.775;5639.773;-1.1652302;0.95455664;-0.005191642;-0.0032160627;0.29796687;-100.156006;16.302094;0.037296154;0.038596462;0.19573404;0.007845546;910991.7;933752.7;0.2253951;0.0001411902;0.0002998212;0.0002912051;62.29791;44.713783;0.009847089;1;1;15;0
683654585;683654205;-18019.605;5648.566;-1.1559565;0.958979;0.0025747705;-0.0010286694;0.28346375;-100.05816;16.117779;0.04171317;0.04075131;0.22469887;-0.101021044;917538.3;938967.44;0.22728169;0.00014020519;0.00030470247;0.0002911643;62.581043;44.96264;0.009805206;1;1;15;0
684149636;684149052;-18069.945;5657.6514;-1.1589913;0.9609119;0.008505254;0.009904898;0.2765462;-99.97229;15.983561;0.039866;0.04918503;0.1736545;-0.008408677;923958.4;944109.6;0.22442299;0.00014011603;0.0003064482;0.00029328183;62.855385;45.197536;0.009670187;1;1;15;0
684653322;684652896;-18120.662;5666.5903;-1.1540492;0.95671785;0.0024294385;-0.0075265463;0.29090977;-99.859825;15.840236;0.055629097;-0.08064601;-0.13653813;0.0833515;930545.75;949366.0;0.22224294;0.00014381527;0.0003069393;0.00029312496;63.130245;45.448463;0.009551314;1;1;15;0
685148125;685147743;-18169.854;5675.3066;-1.1472089;0.9545529;-0.0008306524;-0.0010458088;0.2980387;-99.76909;15.677259;0.047552172;0.0007037743;-0.09214798;0.012368371;937018.25;954558.0;0.22357328;0.00015049281;0.00030754108;0.0002892061;63.38901;45.703182;0.009543285;1;1;15;0
685652185;685651634;-18220.055;5684.3784;-1.1506488;0.954609;-0.0069994577;0.004936604;0.29773864;-99.68354;15.52542;0.043206386;0.07409228;0.028639719;0.06948315;943668.44;959860.1;0.22152306;0.00015382646;0.00030828168;0.00029048306;63.671158;45.968826;0.0094712125;1;1;15;0
686155856;686155430;-18270.492;5693.0186;-1.147081;0.9524287;-1.854667e-05;-0.0016648683;0.30475712;-99.55553;15.345629;0.06283797;-0.120797925;-0.39811987;0.10614577;950438.25;965191.8;0.21959497;0.00015884936;0.0003108444;0.0002896642;63.969627;46.2623;0.009396106;1;1;15;0
686650848;686650277;-18319.451;5701.1074;-1.129111;0.94656926;0.002931987;-0.004659951;0.3224538;-99.48124;15.163109;0.049719445;-0.06729878;-0.08888918;0.11060111;957037.6;970451.1;0.22108747;0.00016135086;0.0003095637;0.00029317482;64.23168;46.540047;0.009423417;1;1;15;0
687154887;687154121;-18368.947;5709.7183;-1.114201;0.944429;-0.007841143;0.0031851812;0.3286067;-99.36175;14.993186;0.04945861;-0.19765954;0.018617189;0.13100927;963748.2;975824.0;0.21927781;0.00016956253;0.00030800133;0.000290413;64.48518;46.812862;0.009384669;1;1;15;0
687649344;687648968;-18417.975;5718.326;-1.1173468;0.9430434;-0.0041474095;-0.002868574;0.33263168;-99.26246;14.829003;0.034909543;0.0042830543;0.0024094314;0.0474605;970542.9;981134.0;0.217071;0.00017432129;0.00030867814;0.00029377485;64.79607;47.12719;0.009354486;1;1;15;0
688153164;688152811;-18467.654;5726.709;-1.1195192;0.946035;0.0011584125;0.0043247044;0.32403365;-99.10918;14.639735;0.05491624;0.03835093;-0.14321803;-0.0049529276;977421.94;986562.4;0.21940671;0.00017807593;0.00031320105;0.00029225321;65.08094;47.444122;0.009428898;1;1;15;0
688648338;688647658;-18516.043;5735.046;-1.1212858;0.9437056;0.0036234385;-0.01100252;0.3305838;-98.97296;14.475723;0.042131968;0.11213381;-0.16740772;0.08985808;984238.3;991912.8;0.2173614;0.00018227867;0.0003167884;0.00029168132;65.366234;47.757988;0.009420293;1;1;15;0
689151891;689151502;-18564.701;5743.5034;-1.1300403;0.9427342;0.00097228924;-0.0037216058;0.33352292;-98.84494;14.271677;0.019601084;-0.01448119;0.18991075;0.044864487;991159.56;997384.5;0.21601763;0.00018777158;0.00031645683;0.00029346408;65.64825;48.06594;0.009436054;1;1;15;0
689655901;689655392;-18612.34;5752.4062;-1.1443195;0.94090736;-0.002159346;0.0012744996;0.33865482;-98.66629;14.129805;0.021830596;0.040728804;0.06380832;0.021461751;998042.06;911716.2;0.2186525;0.00019197183;0.00031556524;0.00029557338;65.903;45.632378;0.009573857;1;1;15;0
690150598;690150239;-18658.473;5760.852;-1.1472398;0.9399474;-0.037379984;-0.011429358;0.33907375;-98.45491;13.941578;0.03500093;-0.49183476;0.08677555;0.020428358;913516.4;916616.7;0.21692915;0.00019380954;0.0003133545;0.00029995697;61.599026;45.8733;0.009608004;1;1;15;0
690654614;690654036;-18705.654;5768.9844;-1.1422275;0.9356326;-0.08193156;-0.026587019;0.34230423;-98.38409;13.781576;0.025623485;-0.22335821;0.021132395;0.045560397;919883.06;921665.9;0.2159504;0.00019963447;0.00029512306;0.00031856805;61.859833;46.18292;0.009668382;1;1;15;0
691149438;691148882;-18751.586;5777.4287;-1.137163;0.92366993;-0.13115045;-0.054298375;0.35592866;-98.55484;13.719303;-0.0145934215;1.5321614;-0.048544377;0.05656702;926089.3;926645.7;0.21826334;0.00020533394;0.0002633227;0.00034767544;62.075516;46.465736;0.009801803;1;1;15;0
691653085;691652726;-18798.508;5785.7666;-1.1434786;0.93431395;0.02121933;-0.000607293;0.35581848;-98.63884;13.461802;-0.011383061;0.78443426;0.4467779;-0.10108747;932540.0;931745.8;0.21744518;0.00021075181;0.00031299677;0.00029870565;62.329872;46.784084;0.009891068;1;1;15;0
692148140;692147572;-18844.809;5793.451;-1.1461489;0.93759257;0.012594351;0.015890539;0.34714437;-98.33521;13.187353;0.020103114;-1.1844635;0.084611215;0.0063133757;938895.44;936767.4;0.21613318;0.00021162683;0.00033649025;0.00028127775;62.585667;47.103615;0.009959302;1;1;15;0
692651968;692651416;-18891.729;5800.6704;-1.1450976;0.93720365;-0.0027958015;-0.005497889;0.34872803;-98.10209;13.037397;0.01187025;-0.09084236;-0.058855183;0.012190778;945459.2;941921.94;0.21953878;0.00021743993;0.00032177442;0.00029865783;62.856518;47.45947;0.010171201;1;1;15;0
693155745;693155260;-18939.492;5807.7524;-1.1403828;0.9376958;0.003603796;-0.00018298505;0.3474385;-97.92913;12.809472;0.015113538;-0.064072;-0.045623675;0.025732754;951967.2;947081.75;0.2190391;0.00022465838;0.0003224223;0.0002971691;63.099297;47.78314;0.010238379;1;1;15;0
693650929;693650106;-18986.041;5814.9043;-1.1518408;0.9467063;-0.005632898;0.0029925813;0.32203498;-97.78172;12.589375;0.0018497763;0.061785564;0.1596994;-0.2774754;958410.3;952187.3;0.21811764;0.00022869973;0.00032289178;0.00029948386;63.339657;48.109455;0.010321993;1;1;15;0
694154443;694153997;-19032.66;5822.3613;-1.1653676;0.9711201;-0.0046500843;0.0025585364;0.23853247;-97.62406;12.411521;0.010918295;0.0073887906;-0.011930223;-0.44245923;964947.5;957394.75;0.21779273;0.00022181058;0.0003355277;0.00030097406;63.587006;48.433483;0.01043474;1;1;15;0
694649193;694648843;-19078.844;5829.1987;-1.1781768;0.99044377;-0.08551083;-0.018089801;0.10668583;-97.61858;12.171778;-0.0002534681;-0.091212;0.26607063;-0.53603846;971448.4;962544.75;0.22090161;0.00021673848;0.00034664478;0.00030309535;63.8436;48.779495;0.010645239;1;1;15;0
695153216;695152639;-19125.248;5836.2646;-1.18624;0.99829227;-0.05763367;-0.0060177026;-0.007400851;-97.86323;11.9138;0.017635189;-0.7999217;0.032748245;-0.3766883;978095.56;967817.2;0.22076742;0.00022574354;0.00034268212;0.00030627256;64.11925;49.128872;0.010745734;1;1;15;0
695647918;695647486;-19168.316;5842.9756;-1.1819502;0.9944054;-0.041317377;0.024441142;-0.094092704;-98.35128;11.854987;-0.017789615;0.48794392;0.77643263;-0.30515683;984551.94;973004.2;0.22389129;0.00024107422;0.0003295411;0.00030895922;64.37782;49.438396;0.0109139485;1;1;15;0
696151860;696151329;-19214.254;5849.245;-1.1449877;0.9826507;-0.035503145;0.016434252;-0.1812929;-99.025345;11.547035;0.015177812;-0.16112502;0.19273613;-0.36379072;991183.44;978320.06;0.22366662;0.00026435434;0.00031394025;0.00030596778;64.65234;49.76995;0.010876674;1;1;15;0
696655683;696655173;-19255.844;5857.027;-1.1081799;0.95357823;0.005985933;-0.00026804127;-0.30108574;-99.76625;11.417902;0.03631882;0.17943794;0.078768164;-0.49726292;997742.6;983644.9;0.22327419;0.00029061714;0.00028817283;0.00030636217;64.90612;50.060173;0.010856903;1;1;15;0
697150398;697150019;-19295.475;5865.1113;-1.0560524;0.91526735;0.005814265;-0.0034950064;-0.40279016;-100.13441;11.303106;0.06736754;0.06378046;-0.16423433;-0.23622856;912967.8;988895.06;0.2221931;0.00032086123;0.00025753854;0.0003079181;60.79826;50.31139;0.010818882;1;1;15;0
697654305;697653862;-19335.408;5873.349;-0.9693749;0.9046322;0.036950428;-0.014201236;-0.42435083;-100.27272;11.06755;0.10600827;-1.3601828;-0.06154862;0.031815395;919095.44;994286.8;0.22574964;0.00033300644;0.00022844622;0.00032683133;61.09536;50.65362;0.010669932;1;1;15;0
698149104;698148709;-19374.238;5882.199;-0.8864392;0.89666015;0.07453607;-0.036923625;-0.43483508;-100.154;10.986661;0.13795733;0.05067333;-0.046862014;-0.0026156367;925123.1;999604.2;0.22445352;0.00033519536;0.00023258755;0.00032340563;61.39364;51.007465;0.010741571;1;1;15;0
698652979;698652599;-19411.535;5892.2046;-0.80291134;0.89681923;-0.07017477;0.02897764;-0.4358339;-100.22333;10.841833;0.18133417;-1.474706;-0.049560867;0.061839502;931211.6;913678.8;0.22365421;0.00033473547;0.00026615095;0.0002901108;61.655857;48.628265;0.010489719;1;1;15;0
699147799;699147445;-19443.326;5901.634;-0.72534776;0.89724743;-0.049940675;0.027846655;-0.43781006;-100.14119;10.912846;0.1807836;0.17330831;0.14227295;0.0038166738;937263.3;918551.0;0.22597337;0.00033343432;0.00025476213;0.0003029476;61.922016;48.957615;0.010599891;1;1;15;0
699651816;699651241;-19474.6;5911.069;-0.642179;0.8921909;0.058748495;-0.03509165;-0.44644436;-100.14206;10.809609;0.20415364;-0.4755183;-0.14020905;-0.034739435;943504.44;923551.7;0.2248371;0.0003389724;0.00025709416;0.0002983485;62.207584;49.31633;0.010271961;1;1;15;0
700155754;700155085;-19505.121;5921.473;-0.5671155;0.8800291;0.096005484;-0.040246464;-0.46337044;-100.11345;10.783469;0.22038655;-0.43690267;-0.22469075;0.056136955;949776.06;928577.4;0.22355326;0.00034345093;0.00023098949;0.000325465;62.510727;49.716106;0.010239145;1;1;15;0
700650314;700649931;-19536.477;5932.581;-0.49894366;0.88514966;-0.003706726;-0.0027589242;-0.4652836;-100.02994;10.804436;0.24283633;-0.05299726;-0.100270055;-0.017925074;955941.25;933535.1;0.22563273;0.00034400463;0.00025703252;0.00030367012;62.810516;50.10398;0.010285428;1;1;15;0
701145124;701144777;-19564.61;5944.033;-0.42847764;0.88485986;-0.004354614;-0.0063680527;-0.46579352;-100.08503;10.856831;0.24623892;-0.06766156;-0.08102494;-0.014092891;962069.5;938511.1;0.22329782;0.00034220782;0.0002559421;0.00030750124;63.06222;50.43542;0.010027138;1;1;15;0
701649318;701648620;-19590.299;5955.821;-0.35280666;0.878616;-0.00038553847;-0.0014736159;-0.47752663;-100.08241;10.897413;0.25051394;-0.16826856;0.088280536;-0.0612779;968359.44;943601.0;0.22149704;0.00034481153;0.0002566241;0.00030659154;63.327732;50.80199;0.009876883;1;1;15;0
702152888;702152463;-19613.12;5968.1626;-0.29175967;0.87722486;-0.00315012;0.0102368705;-0.4799602;-100.08051;10.956764;0.2715868;-0.49920094;-0.253729;-0.0119768055;974682.2;948718.56;0.22366594;0.00034766467;0.00025573745;0.00030657856;63.593075;51.15908;0.00981889;1;1;15;0
702647763;702647309;-19632.95;5980.2334;-0.22815037;0.88208133;-0.052043747;-0.097851284;-0.45787475;-99.92996;11.055958;0.3305837;0.52645946;-1.3855803;-0.006820813;980933.6;953771.06;0.2210972;0.00034378393;0.000305129;0.00026361688;63.84491;51.527927;0.00949631;1;1;15;0
703151592;703151200;-19653.41;5992.6357;-0.18849765;0.879542;-0.032104366;-0.0902677;-0.46607617;-100.0838;11.28188;0.15892719;0.29695067;1.1981969;-0.13316646;987309.44;958939.44;0.21902938;0.00030851673;0.00026285765;0.00034437046;64.10995;51.942142;0.009547615;1;1;15;0
703655623;703654995;-19675.654;6005.8994;-0.1720808;0.86815345;0.036286354;0.043789193;-0.49302682;-100.03254;11.284048;0.24298458;0.05244757;-0.22157711;-0.08293502;993745.44;964141.06;0.22095698;0.00036119967;0.00026244656;0.00029648925;64.38338;52.35462;0.009505227;1;1;15;0
704150486;704149842;-19693.467;6017.891;-0.1424339;0.8598821;0.03297717;0.06159043;-0.50568956;-100.09204;11.446922;0.23345532;-0.013779115;0.38605735;-0.049985465;909121.06;969270.56;0.21827494;0.0003628969;0.00025908276;0.00030038768;60.344788;52.706608;0.009398719;1;1;15;0
704654250;704653684;-19710.217;6029.507;-0.10309182;0.8619867;-0.0003053831;-0.0163822;-0.5066662;-100.123726;11.538759;0.23586453;-0.16035043;0.5162517;-0.07924981;915007.0;974523.9;0.216274;0.00034739284;0.0002641588;0.00031350926;60.57738;53.099445;0.009272258;1;1;15;0
705148958;705148530;-19727.047;6041.404;-0.08381364;0.8596261;0.0039684568;-0.009855862;-0.5108131;-100.08359;11.596967;0.24439593;-0.32709736;0.04470486;-0.0072122;920881.6;979717.4;0.21758346;0.00034572702;0.0002657749;0.00031949353;60.84184;53.566395;0.009300414;1;1;15;0
705652909;705652373;-19740.93;6052.6846;-0.064647734;0.85887253;-0.0012462727;-0.00013110906;-0.512188;-100.059166;11.629892;0.2513656;-0.099976145;-0.00627624;-0.0021332284;926795.5;985021.3;0.21565673;0.000347619;0.0002697055;0.00031523316;61.06768;53.97271;0.0092903;1;1;15;0
706147622;706147219;-19752.074;6062.9707;-0.049515188;0.8549704;-0.0031239449;-0.003294012;-0.518657;-100.06036;11.612029;0.23564155;-0.051484577;0.065456666;-0.074726;932611.2;990252.56;0.21327549;0.00034410923;0.00027239072;0.0003169365;61.279236;54.362854;0.009284141;1;1;15;0
706651819;706651062;-19762.62;6073.0967;-0.042249884;0.83543223;-0.0073425095;0.007173438;-0.5494978;-100.05364;11.583472;0.22617929;-0.09353726;0.11197197;-0.15935096;938657.9;995622.25;0.21537973;0.00034484058;0.0002779755;0.00031582575;61.530045;54.841114;0.009410628;1;1;15;0
707155520;707154952;-19772.35;6082.723;-0.042005427;0.7936872;0.027393932;0.068589665;-0.6038259;-99.99199;11.417772;0.27043054;0.2006885;-1.054023;-0.22689454;944737.5;910028.5;0.21393672;0.0003579163;0.00028766948;0.0003002295;61.773937;52.71;0.009532657;1;1;15;0
707650146;707649798;-19780.988;6091.374;-0.040978096;0.74732864;0.066871025;0.0758925;-0.6567104;-99.98761;11.361287;0.28602016;-0.013236035;-1.1105736;-0.18136299;950754.4;914893.7;0.21207856;0.00034477908;0.0003076791;0.0003014066;62.029602;53.254425;0.009547472;1;1;15;0
708154073;708153594;-19791.422;6100.394;-0.021262083;0.7104619;-0.09663589;0.08339724;-0.69206244;-100.14946;11.473677;0.26960814;-1.8297803;0.3827882;-0.23564498;956926.56;919874.0;0.21467714;0.00032409184;0.00030968105;0.0003261321;62.294662;53.800888;0.009776943;1;1;15;0
708649039;708648439;-19802.174;6107.136;-0.020710472;0.69012797;0.055548;-0.082049645;-0.71687216;-99.97135;11.285338;0.24177097;0.6528143;0.06382424;-0.38708973;963027.2;924793.25;0.2132115;0.00032034703;0.00032914197;0.0003165292;62.543148;54.327477;0.009742801;1;1;15;0
709152673;709152282;-19812.96;6113.6133;-0.029783964;0.61920214;0.0097229;0.0028893042;-0.7851661;-100.009415;11.058361;0.22467569;-0.16016677;-0.011498877;-0.5098157;969214.94;929830.56;0.21257035;0.00030719224;0.00031416825;0.00035005686;62.803303;54.903774;0.010037123;1;1;15;0
709647668;709647128;-19825.229;6118.99;-0.04826999;0.5532665;-0.0059699295;0.048119128;-0.83159196;-99.889244;10.744802;0.20640968;0.88478404;0.0068526175;-0.20173955;975406.4;934811.25;0.21532647;0.00028633687;0.00041010784;0.0002797833;63.0667;55.467777;0.010235125;1;1;15;0
710151538;710150971;-19833.932;6122.686;-0.07409916;0.49765173;0.05147948;-0.06384702;-0.86349064;-99.84867;10.312575;0.21717604;1.9147843;0.057689194;-0.41194534;981724.94;939907.44;0.21515477;0.00027538792;0.0003827125;0.00032180216;63.32172;56.020477;0.010414014;1;1;15;0
710655242;710654813;-19849.955;6124.937;-0.123002514;0.39091703;0.07315001;-0.102560245;-0.9117645;-99.95035;9.78408;0.22934632;0.6976417;-1.0954143;-0.33016333;988030.56;945027.44;0.21524101;0.00026623506;0.00039990558;0.0003150928;63.57579;56.566334;0.010692851;1;1;15;0
711150118;711149659;-19872.617;6126.7905;-0.20496164;0.30194783;0.12780775;0.044999562;-0.94364595;-99.639626;9.69896;0.074963965;-0.61505413;2.8763866;-0.61835843;994329.0;950092.4;0.21869513;0.00030300618;0.0003740912;0.00030442543;63.839756;57.1342;0.010995068;1;1;15;0
711653920;711653549;-19901.377;6126.351;-0.2927955;0.29412454;0.033176694;0.011849756;-0.9551176;-99.81863;8.930313;0.09320038;0.40890726;0.2948884;-0.44624543;909803.44;955276.1;0.21911663;0.0002644994;0.0004260785;0.0002926593;59.91245;57.638985;0.010911343;1;1;15;0
712148748;712148394;-19932.568;6125.703;-0.37100312;0.14605014;-0.086504914;-0.010702524;-0.98542976;-99.87878;8.465402;0.061251365;-0.3356937;0.48841265;-0.39091387;915619.6;960386.56;0.21893445;0.00029808524;0.0003420909;0.00034157402;60.148476;58.15158;0.01149567;1;1;15;0
712652598;712652190;-19969.46;6123.5728;-0.48895693;0.07280799;-0.0137267;-0.13436057;-0.9881589;-100.08946;7.855015;0.1075666;-0.12981473;-1.4734565;0.13876386;921667.1;965621.75;0.22363523;0.00027187122;0.000362881;0.00034288285;60.410637;58.65597;0.01099476;1;1;15;0
713147458;713147035;-20007.37;6121.239;-0.5943468;0.04911496;-0.04955192;0.21861689;-0.9733135;-99.728004;7.314178;-0.14306533;1.2768148;1.8930005;0.050322924;927614.9;970775.9;0.22362915;0.00034830038;0.0003620002;0.00026257875;60.640324;59.087883;0.011562796;1;1;15;0
713651223;713650878;-20046.656;6118.563;-0.72551256;0.029156314;0.012435666;-0.0003438853;-0.9994975;-99.809784;7.0353703;-0.07027336;-1.1737964;1.2003747;-0.34303862;933745.7;976044.94;0.22406293;0.0003259033;0.00032903373;0.00031261233;60.88947;59.50843;0.0117755085;1;1;15;0
714155107;714154721;-20091.303;6116.9414;-0.84020764;-0.030644802;-0.0019182726;-0.010214524;-0.9994764;-99.88739;6.5286613;-0.060701907;-0.38375372;0.40334937;-0.22029378;939889.4;981322.56;0.22462568;0.0003094624;0.00032487765;0.000325587;61.131767;59.816563;0.01157325;1;1;15;0
714650351;714649566;-20137.986;6115.8926;-0.9440065;-0.06437719;0.004775691;0.008103979;-0.9978813;-99.91702;6.148824;-0.08780258;-0.015010378;0.026069457;0.036073368;945934.2;986503.9;0.22844455;0.00031318812;0.00030819728;0.00032739402;61.35475;60.039936;0.011734691;1;1;15;0
715153837;715153409;-20186.666;6114.718;-1.042976;-0.018744435;-0.1053864;-0.006245031;-0.9942351;-99.97073;5.797535;-0.053907935;0.20762607;-0.8072792;0.44081214;952158.75;991793.25;0.22857383;0.00031416546;0.00031290078;0.0003121675;61.595848;60.220005;0.0116523225;1;1;15;0
715648817;715648254;-20237.555;6114.6167;-1.1528553;0.087021604;-0.018602462;-0.020098912;-0.99582994;-99.795166;5.631115;-0.2007419;-0.12529373;1.3956383;0.47164604;958339.6;997011.94;0.23211828;0.00032568225;0.00034559888;0.00025836984;61.8478;60.39561;0.011789603;1;1;15;0
716152503;716152144;-20289.639;6114.296;-1.2751936;0.21716432;0.019933607;0.007734642;-0.9759009;-100.03249;5.3495293;-0.1185706;0.20653112;-0.83197886;0.36801863;964672.1;911215.4;0.23193087;0.00016130198;0.00038966432;0.00037331015;62.108616;57.834187;0.011672474;1;1;15;0
716647501;716646989;-20340.264;6117.14;-1.3837054;0.22384948;0.0019190046;-0.0019732008;-0.9746199;-99.854256;5.2429066;-0.1705728;0.3130443;-0.03567528;-0.25228965;971005.5;916007.56;0.23096396;0.00020250624;0.00039914192;0.00032176267;62.42186;57.938633;0.011818772;1;1;15;0
717151392;717150785;-20392.227;6120.983;-1.4942133;0.17451264;0.009326641;-0.0058618374;-0.9845934;-99.943825;5.1377263;-0.17565511;-0.16418085;-0.25139168;-0.089943275;977447.6;920875.5;0.23063341;0.00017919605;0.0003957528;0.000344698;62.720467;57.975647;0.011692313;1;1;15;0
717655049;717654627;-20445.547;6126.186;-1.6081326;0.17269884;0.013468772;0.00353008;-0.9848763;-99.82278;5.0984273;-0.24898688;0.09117684;0.70588887;0.008528244;983942.7;925777.4;0.23467949;0.00020458612;0.00038959322;0.00032058507;63.019096;58.010685;0.012130278;1;1;15;0
718149857;718149473;-20499.143;6132.0923;-1.722056;0.189819;0.040761348;-0.026220506;-0.98062223;-99.771774;5.0990553;-0.2740301;0.33650154;1.0826776;0.063159555;990357.06;930575.3;0.23357706;0.00019459626;0.00039413033;0.00032162244;63.31995;57.95674;0.012105645;1;1;15;0
718653709;718653315;-20552.795;6141.5435;-1.8150175;0.1986435;0.0021428582;-0.009836514;-0.9800201;-99.86959;5.2674127;-0.2466083;-0.2617538;-0.18862027;0.041361198;996964.2;935493.0;0.23329245;0.00019075339;0.00040031498;0.00031555406;63.63427;57.904144;0.012303774;1;1;15;0
719148547;719148160;-20605.268;6151.236;-1.914501;0.23950101;-0.009694404;-0.006316699;-0.97082716;-99.84578;5.4422984;-0.29838637;0.035463028;-0.13922155;0.2636842;912285.3;940330.3;0.23684838;0.00018710723;0.0004214698;0.0002947543;59.820606;57.82926;0.012478176;1;1;15;0
719652687;719652003;-20658.1;6164.2295;-2.0229137;0.2597863;-0.008286961;-0.0035349415;-0.96562415;-99.76055;5.6058817;-0.33448377;2.7642264;0.13435216;-0.118372224;918413.3;945276.94;0.23666517;0.00018171137;0.0003922671;0.00032845364;60.14629;57.788666;0.013064305;1;1;15;0
720147293;720146848;-20712.156;6180.549;-2.1325867;0.26153195;0.007904969;-0.031979334;-0.9646325;-99.78047;6.2728453;-0.34024504;0.9808475;0.107759245;-0.048816074;924495.4;950153.1;0.23604622;0.00018004375;0.00041970395;0.00030381003;60.483807;57.717155;0.013105485;1;1;15;0
720651235;720650737;-20765.455;6199.887;-2.237841;0.28699052;-0.0015429719;-0.0075288876;-0.9579026;-99.846634;6.989197;-0.37642896;-0.18261117;0.42458892;0.14868551;930689.8;955144.9;0.24076091;0.00018172017;0.00041255017;0.00030850415;60.80441;57.660656;0.013548831;1;1;15;0
721154946;721154533;-20815.803;6221.8726;-2.3416116;0.3187536;-0.020914068;0.0061190296;-0.9475872;-99.850334;7.70208;-0.39355648;-0.0014807044;0.34920228;0.17095737;936914.6;960125.6;0.24104302;0.00016269607;0.00040631904;0.0003332509;61.122044;57.53986;0.01349738;1;1;15;0
721649946;721649378;-20861.576;6246.45;-2.4406934;0.35275626;-0.0134316655;-0.0018360931;-0.93561715;-99.826355;8.516871;-0.40139672;0.369117;-0.0064714197;0.14649008;943086.1;965035.0;0.24075392;0.00018857268;0.0004082833;0.00030669486;61.456875;57.402035;0.014308344;1;1;15;0
722153803;722153220;-20907.229;6273.4526;-2.567342;0.38376936;-0.007332635;0.0031754114;-0.92339444;-99.86059;9.434144;-0.4353795;-0.056481067;0.12204404;0.15307382;949371.3;970066.44;0.24625294;0.0001939432;0.00039809998;0.00031212432;61.779713;57.315315;0.014921651;1;1;15;0
722648449;722648065;-20949.783;6303.1914;-2.7008357;0.42306924;0.025529116;0.01144944;-0.90566534;-99.91792;10.31045;-0.41600636;0.110747755;-1.008039;0.25946876;955532.44;974982.25;0.24629994;0.00018862422;0.00038857086;0.00032539497;62.08112;57.12022;0.015492757;1;1;15;0
723152313;723151908;-20985.73;6338.723;-2.815972;0.46131665;-0.06839561;0.11423877;-0.87718785;-99.79566;11.601645;-0.47881085;-0.018839845;-0.045512334;0.14757964;961863.75;980014.2;0.2473889;0.00021866031;0.0004069386;0.0002785096;62.39905;56.944664;0.015793718;1;1;15;0
723647098;723646753;-21018.297;6373.7783;-2.9385219;0.49516037;-0.030869737;0.041315574;-0.86726946;-99.872795;12.788596;-0.4955667;0.00545081;-0.23660147;0.20245735;968062.4;984974.75;0.25280064;0.00023245369;0.00036522938;0.0003044089;62.68192;56.77227;0.01657549;1;1;15;0
724151018;724150597;-21045.646;6414.315;-3.0628562;0.52098125;-9.0530484e-05;-0.0065158973;-0.85354334;-100.00803;14.260587;-0.5464019;-2.0275142;0.2136745;0.14853817;974423.94;990029.6;0.25439373;0.00024812072;0.00029911764;0.00035535032;62.986107;56.57431;0.017185183;1;1;15;0
724655157;724654484;-21076.83;6450.174;-3.0619192;0.7195864;-0.007200856;0.00464061;-0.6943501;-99.60907;15.966102;-0.47770613;0.16431312;0.07269913;0.02835014;980792.7;995086.8;0.25674286;0.00034826883;0.00024539354;0.028584484;63.335327;56.378727;0.017758697;1;1;16;0
725149889;725149330;-21108.36;6480.014;-2.9416697;0.72327316;-0.0007579458;0.0011620653;-0.69056064;-99.15641;17.681442;-0.39020157;0.010648841;0.12810199;-0.0013092977;987036.0;909175.2;0.26389176;0.00034698987;0.00023892113;0.0271123;63.674274;53.609535;0.018551296;1;1;16;0
725653705;725653124;-21140.838;6507.194;-2.7736986;0.7189097;0.0014909055;0.0019966774;-0.69509906;-98.73755;19.2709;-0.28524208;-0.82645905;-0.30327013;0.14948882;993383.5;913808.7;0.26629922;0.00034014418;0.0008974571;0.025887262;64.02884;53.34103;0.019075843;1;1;16;0
726148471;726147970;-21170.953;6532.7764;-2.5886214;0.7202178;-0.0054251933;0.0063785156;-0.6936975;-98.10443;20.821257;-0.20942484;0.056690905;0.03155817;0.008912344;999732.1;918386.94;0.26791123;0.0003365615;0.00025987122;0.026296252;64.43835;53.105236;0.019559339;1;1;16;0
726652363;726651812;-21206.064;6558.5454;-2.389819;0.72184986;-0.004737085;-0.0015689264;-0.69203174;-97.6256;22.34223;-0.109911315;0.20926873;-0.062547676;-0.034125734;914790.2;923062.56;0.2765167;0.00033665745;0.00024119129;0.026147792;60.812973;52.886196;0.020494578;1;1;16;0
727147050;727146657;-21243.62;6582.2744;-2.1889021;0.71075493;0.08290875;-0.07985924;-0.6939569;-97.3196;23.704088;-0.020843064;-0.7676129;-0.081611365;0.037765868;920656.56;927664.6;0.27817798;0.00033172674;0.0017542199;0.024514768;61.27603;52.61759;0.021035291;1;1;16;0
727651344;727650499;-21282.225;6603.6025;-1.9853244;0.7099249;0.110665634;-0.09513851;-0.68899095;-96.7841;24.97018;0.08366806;0.59875304;-0.030326698;0.1077561;926652.8;932367.75;0.28040257;0.00032930277;0.00023949919;0.025926234;61.77361;52.323055;0.021830356;1;1;16;0
728154949;728154341;-21324.004;6624.1187;-1.7818574;0.7193154;0.015893497;-0.022155821;-0.6941483;-96.583626;26.146854;0.14675188;-0.55511993;-0.2724535;0.044640303;932747.8;937120.8;0.28953257;0.00033141562;0.00026383108;0.025818512;62.348793;52.119694;0.02283806;1;1;16;0
728649763;728649191;-21365.908;6642.7407;-1.5844814;0.71952003;0.04589438;-0.041393608;-0.6917162;-96.15882;27.26204;0.2195966;0.85890555;0.007571592;-0.048767418;938755.7;941774.9;0.2907769;0.00032482072;0.00024117708;0.025760839;62.927452;51.80847;0.023031691;1;1;16;0
729153484;729153075;-21409.99;6659.1387;-1.3898054;0.7210306;0.0107958075;-0.011346336;-0.6927263;-95.99098;28.168491;0.27404043;-0.18072958;-0.22017977;0.039384022;944903.25;946532.3;0.29265398;0.00032188042;0.00031196454;0.025640843;63.562866;51.48777;0.023543274;1;1;16;0
729648416;729647919;-21454.176;6674.6987;-1.1982675;0.720642;-0.004403219;0.0015180706;-0.6932918;-95.78841;29.066916;0.31851175;0.045823526;-0.085559145;-0.10084878;951031.8;951256.3;0.300562;0.00032321532;0.00023779813;0.025674958;64.24498;51.240295;0.024062421;1;1;16;0
730152104;730151715;-21499.766;6688.065;-1.0218393;0.6975786;-0.083303615;0.1119288;-0.702792;-95.48919;29.820759;0.33231008;1.1476542;-0.19473137;0.05704711;957281.75;956055.75;0.3017739;0.0003364925;0.0043796934;0.021460284;65.01478;50.920467;0.024698554;1;1;16;0
730646941;730646559;-21547.947;6700.855;-0.8524647;0.71011126;-0.006945825;0.006866459;-0.7040218;-95.27023;30.56298;0.40060458;0.24831763;-0.13468863;-0.008958511;963520.7;960797.1;0.30202413;0.0003307494;0.00022560384;0.025254821;65.7499;50.602333;0.024452975;1;1;16;0
731151014;731150401;-21597.92;6712.2144;-0.7153245;0.7008213;0.0015703485;-0.0051933997;-0.7133163;-95.19317;31.176256;0.42479447;-0.102519356;-0.017627794;-0.010874474;969918.94;965682.4;0.3104689;0.00032188784;0.00022180835;0.025145575;66.58754;50.361607;0.024952395;1;1;16;0
731654782;731654243;-21647.525;6722.351;-0.599944;0.70086884;0.0029291438;-0.0022631055;-0.71328056;-95.10287;31.685171;0.44324225;0.04056656;0.13720296;-0.036433045;976350.56;970569.56;0.31063053;0.00032353998;0.00021829041;0.02489316;67.43986;50.053017;0.02491979;1;1;16;0
732149448;732149088;-21695.02;6730.8696;-0.5147623;0.69209296;-0.003756919;0.0056821485;-0.72177625;-94.98633;32.065567;0.4521685;0.029713023;0.17716227;0.028681427;982683.9;975397.25;0.30881548;0.0003242086;0.00021937577;0.024585947;68.26728;49.736694;0.024660762;1;1;16;0
732653841;732652930;-21742.594;6739.0938;-0.4494909;0.69219744;-0.0021758769;-0.0003999106;-0.7217049;-94.83953;32.360474;0.45538712;-0.0995184;0.065216266;0.07429447;989168.5;980341.25;0.3077251;0.00032563054;0.00020601209;0.02404452;69.08614;49.44055;0.024391528;1;1;16;0
733148358;733147775;-21788.35;6747.1865;-0.39951724;0.693896;-0.008635489;0.00090553216;-0.7200229;-94.6975;32.59916;0.46783945;-0.46274176;-0.19453862;0.07736933;995561.56;985238.4;0.31263295;0.00032862285;0.00020155952;0.02367613;69.90909;49.208878;0.024307268;1;1;16;0
733652021;733651664;-21834.148;6755.3022;-0.3723903;0.6964063;-0.04571633;0.06879571;-0.7128783;-94.44695;32.844563;0.44815528;0.31016868;-0.20726593;0.11387428;911061.56;990210.2;0.31093475;0.00033549563;0.002064048;0.021523377;66.85633;48.935863;0.024055816;1;1;16;0
734147102;734146509;-21880.676;6764.4053;-0.34198135;0.701771;-0.07796046;0.11219951;-0.69917876;-94.260025;33.195457;0.43262738;0.2803095;-0.07277962;0.1038932;916985.75;995162.7;0.31548044;0.00032878327;0.002233265;0.021197869;67.84101;48.739594;0.024073776;1;1;16;0
734650894;734650303;-21928.746;6773.4434;-0.3300224;0.70731807;-0.093662724;0.096914135;-0.693928;-94.0817;33.502052;0.41428432;-0.06376272;0.05419922;-0.03872897;923009.06;909298.9;0.31288958;0.00033060834;0.0016935627;0.02165257;68.79035;46.087578;0.023559717;1;1;16;0
735154540;735154145;-21976.223;6782.8496;-0.34344012;0.6975511;0.11155319;-0.11706341;-0.6980506;-93.63558;33.71784;0.4932238;2.9792988;-0.48462635;-0.2644024;929119.9;913948.2;0.31025624;0.00033266822;0.0012835985;0.022040222;69.8309;45.907562;0.023201374;1;1;16;0
735649586;735648990;-22021.348;6792.6157;-0.33622193;0.6774962;0.16147472;-0.15326618;-0.7010238;-93.62994;33.97672;0.45670432;1.19388;-0.37022343;-0.17376202;935172.1;918529.56;0.30639008;0.00033868448;0.0013167132;0.021965735;70.90937;45.714985;0.022544105;1;1;16;0
736153400;736152832;-22067.229;6802.282;-0.32104596;0.6639236;0.14814976;-0.13868518;-0.71973854;-93.47974;34.270496;0.4442973;0.14653687;0.038879965;-0.08275937;941380.9;923236.8;0.3110139;0.0003385955;0.0018686069;0.021121208;71.8348;45.58404;0.022257242;1;1;16;0
736648165;736647676;-22112.19;6811.422;-0.29476345;0.6601224;0.1222401;-0.11942564;-0.7314598;-92.92288;34.495358;0.47318247;0.6927881;-0.0075166193;-0.017611217;947505.56;927864.94;0.30606845;0.00034265863;0.0013951088;0.020705488;72.41968;45.41616;0.021566082;1;1;16;0
737151979;737151518;-22155.365;6821.1616;-0.2726766;0.66085356;0.008781841;-0.029384583;-0.74988806;-92.21651;34.693222;0.44710878;-0.033503417;0.18207023;-0.086539656;953805.4;932616.7;0.30230793;0.00035676456;0.0007743333;0.019982977;72.7964;45.25808;0.021000171;1;1;16;0
737646934;737646363;-22195.45;6833.059;-0.22390926;0.64763343;-0.16081709;0.16403215;-0.7265001;-91.61022;34.997566;0.4677508;-1.8130449;0.17913638;0.4164716;960035.8;937311.75;0.3049027;0.00035710217;0.00020291009;0.019213177;73.275444;45.15407;0.02082757;1;1;16;0
738150634;738150251;-22235.672;6847.83;-0.20063017;0.6323283;-0.11819324;0.12536569;-0.7552979;-90.56206;35.367237;0.35988054;1.468899;0.96287394;-0.28600472;966390.7;942109.8;0.30125692;0.0003632454;0.0014516788;0.016297325;73.71138;45.053017;0.020301221;1;1;16;0
738654520;738654046;-22277.639;6863.7744;-0.19081149;0.63702303;-0.14043477;0.1295574;-0.74678963;-89.79013;35.71859;0.44640633;-1.5704622;-0.17240505;0.23720284;972767.4;946938.06;0.29787713;0.00036085458;0.002206286;0.013653292;74.10037;44.99749;0.019958736;1;1;16;0
739149613;739148891;-22321.293;6879.6685;-0.19711682;0.67090756;-0.14148061;0.080404595;-0.7234649;-88.782684;35.95897;0.4456916;1.2092314;-1.9168664;0.30857694;979065.56;951698.5;0.3004605;0.00038550506;0.0021183619;0.012587762;74.67905;44.933586;0.019879555;1;1;16;0
739653126;739652733;-22361.348;6893.4995;-0.22103882;0.7403248;-0.029242175;-0.19443747;-0.6428517;-87.85998;36.3217;0.24282621;-1.2226809;0.85841393;-0.21259627;985383.25;956560.1;0.29653516;0.00300705;0.000602185;0.00836267;74.04177;44.78979;0.019846281;1;1;16;0
740148115;740147577;-22370.59;6901.3335;-0.30707246;0.67443955;-0.073183596;-0.0453912;-0.7332906;-84.871346;36.0205;0.18280783;2.2743804;1.2956902;0.1116546;991625.94;961360.5;0.29199186;0.0010154173;0.0013300987;0.0072640246;73.556786;44.656914;0.019334372;1;1;16;0
740652184;740651421;-22404.613;6913.473;-0.38427553;0.7232485;0.11721543;0.39041516;-0.5574479;-84.60873;36.103107;0.30362776;-2.1351974;-0.3654487;0.7238;998147.2;966272.5;0.295862;0.0025594996;0.00018295855;0.0055939863;73.625694;44.588146;0.019215489;1;1;16;0
741146660;741146264;-22411.414;6925.207;-0.39195743;0.88830936;0.16794933;-0.09713991;-0.41624945;-79.91776;35.687363;0.47324237;-0.50977206;-2.3641548;1.1803589;913243.8;971037.8;0.29075837;0.0008562078;0.00035017473;0.004128181;68.051414;44.46143;0.018454734;1;1;16;0
741650573;741650105;-22413.209;6941.05;-0.41298518;0.86716276;0.063974485;0.22015662;-0.4421166;-77.01727;36.049553;0.330335;0.78840876;3.6305926;0.34367806;919154.94;975989.9;0.28666952;0.00030932712;0.0006071495;0.003029203;68.049576;44.369953;0.018716177;1;1;16;0
742154359;742153994;-22432.143;6960.639;-0.38571215;0.8497671;0.07678828;-0.04724991;-0.5193908;-74.75942;35.63035;0.41714665;-0.26977336;-1.2086848;-0.26121625;925262.06;980955.75;0.29017773;0.00065364165;0.00024280672;0.0021811216;67.91606;44.325935;0.017720323;1;1;16;0
742649196;742648839;-22455.182;6979.411;-0.36384186;0.7807919;0.01916107;0.005040545;-0.624477;-73.15793;35.87916;0.42347437;0.66003877;-0.8633237;-0.49373522;931311.25;985872.0;0.28534707;0.00037026068;0.00026357349;0.00231482;68.61517;44.30286;0.01787642;1;1;16;0
743153069;743152633;-22487.78;6996.1777;-0.33690318;0.65073395;0.0095203025;0.062346615;-0.756682;-72.655846;36.186108;0.37473512;0.3103219;0.08260669;-0.59837747;937447.5;990889.94;0.2815812;0.00036852766;0.0001646885;0.0023871595;69.22331;44.287354;0.017565826;1;1;16;0
743648019;743647478;-22525.447;7010.383;-0.31056857;0.5264558;-0.044956073;0.13051994;-0.8389206;-72.88479;36.58531;0.38044667;-1.654238;1.1342167;-0.29874256;943537.94;995834.1;0.28353837;0.00037760314;0.00016040224;0.002318624;69.75112;44.288254;0.017534783;1;1;16;0
744151746;744151320;-22570.06;7023.6626;-0.2991509;0.5238936;-0.056498814;0.056897886;-0.8480012;-73.45113;36.89381;0.32320416;-1.5037433;0.88236356;0.014592011;949723.6;909891.3;0.2801336;0.00037046062;0.00016683892;0.0021682172;70.20975;41.97259;0.017233105;1;1;16;0
744646804;744646165;-22615.799;7038.105;-0.30556315;0.55752045;-0.027333084;-0.05141594;-0.8281186;-73.99822;37.17089;0.31354475;-0.3181458;0.30772796;-0.11401342;955907.0;914419.9;0.27609047;0.00037311623;0.0001580985;0.0020358288;70.69128;41.976707;0.017049821;1;1;16;0
745150517;745150006;-22659.037;7054.7866;-0.32467556;0.54595053;-0.0013387288;-0.0268615;-0.83738565;-74.493225;37.461197;0.35308132;0.4570445;-0.804262;-0.09846544;962260.7;919049.56;0.27955174;0.00037390649;0.00018001923;0.0019184423;71.25289;41.99251;0.017201101;1;1;16;0
745654532;745653848;-22703.305;7073.351;-0.36163285;0.5471866;0.009292781;0.043495044;-0.8358282;-75.020164;37.88283;0.29716265;0.6184975;-0.26658848;-0.115178205;968627.6;923699.25;0.27666605;0.00037329717;0.00017524784;0.00183619;71.751396;42.00436;0.017047081;1;1;16;0
746149261;746148692;-22747.645;7092.4053;-0.39483908;0.47226366;-0.006640838;0.004634964;-0.8814201;-75.608925;38.393806;0.25539824;-0.35243165;0.49480477;-0.51274097;974905.44;928283.06;0.27288768;0.00039126296;0.00016644552;0.0017543654;72.18978;42.02108;0.016662613;1;1;16;0
746653081;746652581;-22792.527;7113.6533;-0.42186862;0.4051948;-0.005558926;-0.036850158;-0.9134706;-76.10992;38.778736;0.26620275;-0.49102378;0.018769903;0.0214145;981329.94;932966.9;0.27621055;0.00033886256;0.00019318717;0.001625888;72.50659;42.0364;0.016433835;1;1;16;0
747148163;747147426;-22838.42;7137.4854;-0.4607253;0.40917104;0.0019939546;-0.008465801;-0.9124163;-76.59137;39.20934;0.26360428;0.37570155;-0.3069927;0.05917218;987653.56;937573.7;0.27221113;0.00033612773;0.0001913384;0.0014651762;72.7774;42.043537;0.01608382;1;1;16;0
747651836;747651220;-22885.04;7162.7603;-0.491264;0.41373858;0.00020706592;0.012108996;-0.9103152;-76.999;39.75367;0.22629446;0.1118866;0.28859398;0.02669847;994124.94;942296.2;0.26914966;0.0003500132;0.0001831862;0.001350543;73.073746;42.059414;0.015660655;1;1;16;0
748146603;748146065;-22931.033;7188.1597;-0.51726544;0.41760206;-0.052477743;0.047445647;-0.90587175;-77.44723;40.281517;0.26053345;-0.84055305;-0.11093524;-0.024769573;909543.9;946876.5;0.270886;0.00034605752;0.00017839306;0.0012590803;69.35294;42.058517;0.015345362;1;1;16;0
748650486;748649907;-22976.762;7213.9185;-0.53820574;0.43554243;-0.04060428;0.06973721;-0.8965438;-77.52963;40.68148;0.23114939;0.39060003;-0.60155565;-0.0029525151;915525.6;951630.8;0.26769242;0.00033688886;0.00021538908;0.0011531999;69.72922;42.08995;0.0149838105;1;1;16;0
749154119;749153748;-23023.77;7239.629;-0.5372338;0.4477831;-0.1947362;-0.10343486;-0.86652714;-77.66265;41.266563;0.107597485;-0.29150072;0.69226086;0.038743336;921493.6;956395.6;0.26419827;0.0005299568;0.00016210368;0.0009613976;70.05238;42.1232;0.014490014;1;1;16;0
749648950;749648593;-23071.035;7264.5176;-0.60531324;0.41825795;0.28158784;0.1495208;-0.8505364;-77.90425;41.674385;0.18385965;0.06332339;-0.32092696;0.025076853;927485.56;961105.06;0.26642832;0.0004101507;0.0001640275;0.0010208093;70.61266;42.169907;0.014819742;1;1;16;0
750152840;750152434;-23113.037;7287.3022;-0.6090632;0.43416604;0.026747998;-2.5551128e-05;-0.9004356;-77.83503;42.252033;0.12919322;-0.5635181;1.9161358;-0.19648078;933566.75;965889.8;0.26251373;0.00035687466;0.00016237727;0.0010086604;70.78705;42.18854;0.013852832;1;1;16;0
750647850;750647279;-23155.26;7310.993;-0.620583;0.45115218;0.07917071;0.04343014;-0.88786685;-77.91884;42.408134;0.2676548;1.1079277;-1.1264641;0.078278124;939593.44;970619.94;0.25852296;0.0003608713;0.00017071787;0.00096293085;71.15296;42.23137;0.013525873;1;1;16;0
751151542;751151168;-23198.33;7335.9263;-0.602103;0.45711592;-0.0059174653;0.056232378;-0.88760805;-77.91954;42.870945;0.27541804;0.78009987;-0.5607045;0.14632785;945754.5;975451.5;0.2605497;0.00034742418;0.00016380248;0.0009562773;71.515015;42.280552;0.013720097;1;1;16;0
751646361;751646012;-23241.4;7361.4688;-0.5741464;0.46302173;-0.13223283;-0.053051498;-0.8748206;-77.9397;43.471;0.13576388;-0.09390254;1.2835999;-0.16408658;951831.6;980222.0;0.25646633;0.0005609464;0.00015274512;0.00072776806;71.95197;42.33909;0.013513012;1;1;16;0
752150464;752149807;-23289.133;7387.5093;-0.5941293;0.47223833;0.086285315;-0.0087309275;-0.8771942;-77.877045;44.12126;0.09266487;-0.015484753;3.6572552;-0.104960956;958097.1;985115.44;0.25376734;0.00043514333;0.00015420446;0.0008301212;72.49931;42.411312;0.013289087;1;1;16;0
752654075;752653649;-23332.193;7412.9507;-0.5998894;0.5258878;0.16036524;0.15124421;-0.82149273;-78.03433;44.11602;0.24168816;1.8081405;-1.1477411;-0.11503894;964437.1;989998.0;0.25123683;0.00046511777;0.00019239943;0.0007359657;72.96322;42.46912;0.012689256;1;1;16;0
753149022;753148493;-23371.52;7435.669;-0.57143015;0.48901314;0.10554638;0.14986072;-0.85280013;-77.907974;44.621174;0.28898287;0.16950352;0.08143624;0.07327772;970711.75;994809.44;0.25265965;0.0003448815;0.00015362495;0.0008811065;73.4444;42.53731;0.013165356;1;1;16;0
753652845;753652335;-23412.867;7460.1836;-0.50655794;0.45120275;-0.064577125;-0.047248043;-0.8888271;-77.825935;45.064625;0.27879417;-0.63966024;0.59389067;0.090974085;977080.8;999729.2;0.24988098;0.00036415755;0.00017472912;0.00082924706;73.81922;42.605015;0.012807178;1;1;16;0
754147687;754147180;-23452.24;7484.781;-0.4545155;0.43639246;-0.02662127;-0.052032273;-0.8978561;-77.621864;45.304604;0.33100325;0.65653294;-0.26318097;-0.0015165644;983366.3;913271.9;0.2520636;0.00035546414;0.000159013;0.000848576;74.39801;40.472332;0.0129931;1;1;16;0
754651435;754651021;-23492.842;7511.2056;-0.40932995;0.42717692;-0.07052909;0.18627532;-0.8819564;-77.45743;45.708057;0.24192469;1.1652559;0.0378182;-0.011940132;989865.56;917792.2;0.24996264;0.00038776614;0.0002569642;0.0007094262;74.98245;40.563763;0.013297591;1;1;16;0
755146681;755145866;-23536.596;7538.984;-0.3905753;0.4310673;-0.056859415;0.18019488;-0.88231385;-77.197876;46.141224;0.25396943;0.102640115;0.6108334;0.06490724;996259.6;922247.1;0.24718621;0.00039363225;0.00023077297;0.00071881217;75.485954;40.657215;0.013121176;1;1;16;0
755650340;755649755;-23583.656;7568.5537;-0.39642814;0.44527164;-0.041747376;0.089978315;-0.8898844;-76.862366;46.412426;0.21652746;1.0558977;0.4842484;-0.010389491;911613.3;926732.06;0.24528202;0.00038302472;0.00022051585;0.00073032646;71.90431;40.73504;0.012972797;1;1;16;0
756154086;756153549;-23628.633;7597.7026;-0.3987549;0.40041164;0.030490916;-0.08911739;-0.91148174;-76.79626;46.782856;0.23659484;-0.122362606;0.4229143;-0.025970612;917584.4;931303.5;0.24844275;0.00038134155;0.00018701947;0.00075554196;72.31522;40.82644;0.013108633;1;1;16;0
756648775;756648394;-23669.334;7626.1567;-0.40378857;0.36460987;0.079925664;-0.14202148;-0.9167887;-76.68452;47.029846;0.2846785;0.024563137;-0.27305076;-0.15162309;923502.25;935802.1;0.2459868;0.0003565072;0.0002600294;0.000691491;72.68833;40.901352;0.013084215;1;1;16;0
757152661;757152236;-23711.695;7655.6055;-0.38669595;0.3716606;-0.026974892;0.054302856;-0.9263866;-76.688324;47.43503;0.3242437;-1.040832;-0.36687604;-0.15185942;929611.8;940407.06;0.24445675;0.0003560927;0.00021537731;0.00072449516;73.12475;40.979755;0.01312229;1;1;16;0
757647658;757647080;-23753.703;7685.024;-0.36944306;0.38873127;-0.020516152;0.02365112;-0.92081904;-76.58724;47.786476;0.2774991;-1.7213901;0.12576853;0.027690977;935637.9;944949.6;0.24702583;0.0003738101;0.00017244775;0.0007377077;73.61715;41.078625;0.012972859;1;1;16;0
758151419;758150923;-23793.146;7714.6577;-0.36380237;0.39735758;-0.009387864;0.011008272;-0.9175498;-76.33029;48.018246;0.2508849;-0.36380252;-0.11322491;0.012577592;941805.8;949594.8;0.24540246;0.0003782619;0.00016414942;0.0007325843;74.13437;41.181152;0.012857533;1;1;16;0
758646257;758645767;-23831.31;7743.6743;-0.374033;0.39797288;-0.006667421;0.007949402;-0.91733855;-76.11669;48.25333;0.24410708;-0.18064354;-0.1849694;0.07283408;947880.9;954178.56;0.2479108;0.00037562015;0.00016473109;0.0007284517;74.59731;41.283752;0.012909531;1;1;16;0
759150262;759149608;-23870.57;7773.221;-0.3885988;0.4045987;-0.00042180324;-0.0015727901;-0.9144929;-75.91763;48.49716;0.2212207;-0.34115103;0.021654762;0.049892504;954094.06;958863.2;0.24618074;0.00037699525;0.00016392638;0.0007190431;75.04609;41.384087;0.012796268;1;1;16;0
759654025;759653497;-23909.832;7802.511;-0.40004545;0.40527636;-0.0012789613;0.00041969967;-0.9141933;-75.722244;48.731125;0.22142673;-0.30418026;0.014801307;0.027050296;960336.4;963569.4;0.24446627;0.0003741709;0.00016414143;0.00071307964;75.46586;41.48235;0.012683044;1;1;16;0
760149127;760148342;-23948.674;7830.9556;-0.4020763;0.40517643;0.0041297646;-0.0026762849;-0.9142253;-75.53915;48.968994;0.1987542;-0.07663593;0.031512972;-0.012245342;966518.8;968211.9;0.24205236;0.00037457942;0.00016496763;0.00070476695;75.91564;41.58331;0.012561458;1;1;16;0
760652548;760652137;-23987.777;7860.052;-0.40565705;0.40994772;-0.08108945;0.15592779;-0.89501613;-75.24044;49.158604;0.13550802;0.76181835;0.061206795;0.060085304;972862.0;972964.0;0.24533223;0.0003787374;0.00022138523;0.0006407925;76.38043;41.69418;0.01276684;1;1;16;0
761147359;761146981;-24028.936;7888.2114;-0.42654034;0.43353483;-0.06520861;0.14095004;-0.88765347;-74.86303;49.370506;0.10177032;1.2614619;0.28821158;0.07265465;979156.3;977646.94;0.24291536;0.00037620598;0.00022772967;0.00063248357;76.88742;41.808907;0.012520134;1;1;16;0
761651286;761650823;-24069.914;7916.2085;-0.45615274;0.43949315;-0.01264818;0.010516475;-0.8980953;-74.526764;49.54819;0.12650248;1.320099;0.080536015;0.0025139388;985636.8;982440.1;0.24125329;0.00037154037;0.00016475243;0.00069998053;77.46469;41.933044;0.012536091;1;1;16;0
762155054;762154665;-24107.705;7943.489;-0.47994423;0.41634324;0.031236636;-0.08639534;-0.90455437;-74.38442;49.80983;0.15805408;-0.06340762;-0.08725772;-0.04941694;992168.7;987252.6;0.24444844;0.00036504914;0.00020777939;0.00066573697;78.04406;42.061607;0.012543892;1;1;16;0
762649879;762649509;-24146.447;7970.821;-0.48852566;0.4114702;0.036233813;-0.091192655;-0.9061254;-74.2131;50.015087;0.1677463;-0.1897949;-0.3643355;0.085931554;998583.7;991996.25;0.24206407;0.00036123436;0.00020312332;0.0006691364;78.47457;42.16111;0.012320063;1;1;16;0
763153737;763153351;-24185.508;7999.1865;-0.51818234;0.43861997;-0.01188631;0.029113142;-0.8981224;-73.89703;50.180527;0.13620219;0.80761015;0.18228327;0.07324175;913813.3;996764.1;0.24041162;0.00037534157;0.00017620201;0.0006806481;75.00765;42.275517;0.012199456;1;1;16;0
763648758;763648196;-24223.643;8026.9023;-0.5485878;0.45178998;-0.0114138415;0.015372952;-0.8919189;-73.71828;50.37958;0.13069813;0.43505836;0.046833955;0.109722786;919663.25;910501.7;0.24257655;0.00037271553;0.00017528031;0.00068458455;75.49778;40.253487;0.01214635;1;1;16;0
764152478;764152085;-24262.324;8054.9756;-0.5961205;0.5250014;-0.017927244;0.010381929;-0.8508493;-73.58791;50.56686;0.11491434;0.033945356;-0.06068398;0.51793575;925738.1;914953.44;0.2407362;0.00036173972;0.00017586291;0.0006954449;76.02893;40.38601;0.01195298;1;1;16;0
764647452;764646929;-24299.332;8081.7666;-0.64455205;0.64301926;-0.0057547875;0.0008921911;-0.76582795;-73.49525;50.78168;0.1089706;-0.36356914;-0.17789501;0.66111386;931745.8;919347.56;0.23815136;0.00033996408;0.00019808165;0.0006967537;76.56783;40.519764;0.011797527;1;1;16;0
765151552;765150724;-24333.994;8108.43;-0.7049921;0.7541319;0.0050922413;0.00847361;-0.6566487;-73.43556;51.01258;0.082494386;-0.092346;0.29332307;0.7037225;937862.8;923838.25;0.2409724;0.00029036304;0.00025389792;0.0006844669;77.01825;40.6505;0.011897602;1;1;16;0
765655151;765654566;-24365.303;8134.9727;-0.7594491;0.8530658;-0.031707905;-0.0028887813;-0.5208312;-73.46928;51.225807;0.07680618;0.0531467;-0.107126236;0.5750566;944000.9;928348.0;0.23917362;0.00022564396;0.0003143307;0.00067021494;77.3852;40.762638;0.011791085;1;1;16;0
766149960;766149410;-24393.63;8162.0483;-0.80890894;0.9164099;0.01689984;0.022401337;-0.39925632;-73.56894;51.460945;0.06266839;-0.3195243;-0.13692962;0.589365;950022.6;932778.2;0.23674537;0.00018503597;0.00032637588;0.0006551475;77.61298;40.847324;0.01179595;1;1;16;0
766653611;766653252;-24422.959;8191.2837;-0.8405411;0.9642349;-0.0072935657;0.0033230993;-0.26492834;-73.660416;51.857468;0.024720512;0.35729483;0.6520141;0.58521813;956172.06;937294.1;0.23960435;0.0001647873;0.00034361362;0.00059981016;77.76292;40.928253;0.011842955;1;1;16;0
767148617;767148097;-24454.246;8223.487;-0.8672524;0.9850043;-0.04435377;-0.03847644;-0.16223079;-73.66257;52.111977;0.06813762;-0.25904942;-0.36928102;0.30470902;962262.25;941759.2;0.23736167;0.00018056239;0.00030641837;0.00056276936;77.87849;40.99869;0.011616888;1;1;16;0
767652494;767651939;-24489.03;8260.518;-0.8971556;0.98971087;0.050466098;0.02217612;-0.13203688;-73.70748;52.50222;0.06911765;-0.66496813;-0.63959056;0.13507925;968482.06;946298.75;0.23576435;0.00020188198;0.00026778836;0.0005135794;77.91399;41.05881;0.011702109;1;1;16;0
768147342;768146784;-24528.572;8299.1045;-0.90978336;0.98973846;0.06544142;0.01943314;-0.12552886;-73.80039;53.12976;0.04409765;1.0338963;0.5302287;-0.049333125;974657.4;950793.56;0.23799662;0.00016887451;0.000278743;0.00048103527;77.99635;41.134113;0.011775551;1;1;16;0
768651219;768650672;-24569.55;8340.209;-0.9400409;0.9897543;-0.06621613;0.010489901;-0.12606274;-73.799355;53.409203;0.08924567;-1.1012367;-0.343057;0.26266584;980986.4;955393.8;0.23637791;0.00017877565;0.00024917637;0.0004621334;78.22094;41.232254;0.011365748;1;1;16;0
769155002;769154467;-24612.992;8382.672;-0.97742826;0.9938913;0.08005772;0.03806098;-0.06574384;-74.06554;53.96397;-0.0041612517;-0.35801968;1.6499095;-0.10417066;987398.5;960003.4;0.23483591;0.00015654298;0.00023489234;0.00046069318;78.35908;41.314617;0.011622924;1;1;16;0
769649881;769649312;-24659.55;8425.117;-0.9989052;0.99256206;-0.10262102;-0.0074958303;0.06506398;-73.65393;54.6002;0.15506895;1.1451482;-2.8026278;1.4199777;993733.6;964548.94;0.23691832;0.00024547373;0.00027292199;0.0003003412;78.542496;41.408257;0.011059906;1;1;16;0
770153530;770153154;-24713.531;8468.949;-1.016668;0.94605595;-0.019970683;0.0075217523;0.32329997;-73.639595;54.825726;0.08044815;-0.18724899;-0.15272383;0.500723;909448.06;969116.1;0.2355162;0.00026057672;0.00016032274;0.00036727122;74.77496;41.515522;0.01116648;1;1;16;0
770648658;770647999;-24773.11;8521.44;-1.0200762;0.9174318;-0.10310451;-0.038607024;0.38235822;-73.53605;55.269276;0.101012565;-1.2901412;0.040693503;0.16707462;915332.25;973687.2;0.2328902;0.00024236583;0.00014101929;0.00036451145;74.83723;41.584667;0.010838716;1;1;16;0
771152200;771151841;-24836.07;8581.22;-1.0300465;0.92161417;-0.039352946;-0.017628033;0.38570452;-73.946175;56.02879;0.1091978;-0.47819805;-0.27679735;-0.032472253;921375.75;978356.25;0.23525974;0.00022847539;0.00014564165;0.0003396634;74.89062;41.66465;0.010641329;1;1;16;0
771647185;771646690;-24896.021;8639.242;-1.041037;0.9433217;-0.022168716;-0.0015008879;0.3311352;-74.16142;56.633038;0.08357137;0.14740478;0.15955578;-0.48968077;927315.8;982972.4;0.23220257;0.0002168675;0.00013362816;0.00033747868;74.991875;41.745117;0.010390367;1;1;16;0
772151101;772150527;-24956.084;8697.129;-1.047856;0.99957335;-0.016423253;0.015850123;0.018224202;-74.27862;57.197823;0.106149755;0.27872288;-0.008345512;-1.7387377;933408.44;987689.94;0.22972775;0.0001868893;0.00015309374;0.0003256145;75.12477;41.839794;0.010175038;1;1;16;0
772654844;772654416;-25007.861;8747.783;-1.0349978;0.9067697;0.0034323416;-0.031504706;-0.4204337;-74.471115;57.74677;0.09352566;-0.54224294;0.247802;-1.7694412;939522.7;992440.75;0.22719589;0.00011721925;0.00019464773;0.00034408842;75.417076;41.96727;0.01000444;1;1;16;0
773150064;773149261;-25045.945;8784.716;-1.0178416;0.6536498;0.004866863;-0.033137385;-0.7560557;-74.51525;58.173912;0.13285977;0.30714905;-0.47492343;-1.5393035;945586.1;997146.2;0.2284519;0.00016564807;0.00016609741;0.00032643526;75.87894;42.13077;0.01000686;1;1;16;0
773653602;773653056;-25080.379;8810.542;-1.001811;0.38706467;0.013508471;0.025766205;-0.92159355;-74.424545;58.359077;0.08424045;0.7158387;0.21483168;-0.62227666;951730.5;910874.8;0.22615051;0.00021158322;0.00012895066;0.0003223992;76.374054;40.205883;0.009991697;1;1;16;0
774148274;774147901;-25115.14;8834.97;-0.98394376;0.43879446;-0.028789975;0.014007234;-0.89801687;-74.434906;58.450615;0.14487632;-0.2938452;-0.6049001;0.95678407;957898.1;915191.2;0.22738235;0.00019263575;0.0001288743;0.00034243875;76.807526;40.365013;0.00983195;1;1;16;0
774652314;774651743;-25152.326;8861.044;-0.9769036;0.67455083;0.044251412;-0.0031877686;-0.73689413;-74.38484;58.687126;0.09048208;-0.40307385;0.25044727;1.2219831;964245.1;919610.2;0.22501424;0.0001970681;0.0001357696;0.00033486894;77.33569;40.5423;0.009774053;1;1;16;0
775147016;775146587;-25186.299;8885.381;-0.9742964;0.8713802;-0.0017299865;-0.023414306;-0.49004644;-74.32885;58.926434;0.064939395;0.5822804;0.6587197;1.2369831;970476.5;923968.8;0.2221463;0.00015790384;0.0002001328;0.0003155764;77.83248;40.722282;0.009717232;1;1;16;0
775650966;775650429;-25221.473;8912.312;-0.9825334;0.9839646;-0.038513865;-0.034604028;-0.17068374;-74.39127;59.045666;0.108811535;-0.15404429;-0.48451325;1.2510066;976895.94;928423.5;0.22023056;0.00014506599;0.0002056679;0.00032561817;78.346695;40.92025;0.009662615;1;1;16;0
776154810;776154272;-25261.492;8947.684;-1.013009;0.9946023;-0.007870135;0.019775724;0.10155463;-74.44588;59.276886;0.12493248;-0.7271016;-0.6714401;1.079413;983326.94;932889.0;0.22250095;0.00018167366;0.0001753818;0.00031403714;78.70214;41.10547;0.009754894;1;1;16;0
776649667;776649116;-25310.45;8991.619;-1.0382348;0.9369212;0.023043262;0.05628333;0.3442091;-74.5547;59.584164;0.074176446;-0.09739629;0.5441249;0.74780375;989688.5;937280.6;0.22015421;0.00018184412;0.00014149064;0.00033805252;78.97641;41.274937;0.009666705;1;1;16;0
777153428;777153006;-25370.11;9046.045;-1.0430948;0.9076856;0.04953356;-0.03410762;0.4153192;-74.426895;60.093063;0.19634041;0.11831315;-1.717475;-0.01308695;996145.94;941774.6;0.21851806;0.00019306065;0.00012659644;0.00032523263;79.09076;41.411743;0.009572309;1;1;16;0
777648407;777647850;-25432.576;9104.835;-1.05869;0.9085926;0.05086332;-0.034273483;0.41315597;-74.87919;60.541603;0.09577438;-0.005593177;-0.25295937;-0.002486208;911473.3;946125.3;0.22024615;0.00015397058;0.00012460252;0.00035183268;75.1895;41.57369;0.009523521;1;1;16;0
778152300;778151645;-25495.09;9167.452;-1.0836442;0.9076829;0.02151597;-0.08588725;0.41021013;-75.828354;61.113796;-0.06516442;0.17640285;1.9731027;0.09670521;917507.7;950641.25;0.2186956;0.00014546803;0.000121067664;0.0003515683;75.34178;41.73239;0.009535209;1;1;16;0
778646875;778646490;-25555.316;9230.37;-1.1378062;0.9075631;-0.07320991;0.005186797;0.4134523;-76.53428;61.790916;0.061999563;-2.165453;-0.2454107;-0.0059415316;923511.2;955114.3;0.22055504;0.00017945883;0.00011940046;0.00031151436;75.581985;41.91386;0.00961482;1;1;16;0
779150765;779150332;-25615.541;9290.523;-1.1724952;0.9097595;-0.005404541;0.008239504;0.41501862;-77.102844;62.5299;0.070336565;0.26109555;-0.76665425;0.04888591;929671.44;959669.2;0.21913587;0.00018306926;0.00012637676;0.00029315188;75.81256;42.098785;0.009581835;1;1;16;0
780149558;780149019;-25728.117;9401.403;-1.1918637;0.9020619;0.18142067;-0.04963291;0.38846844;-77.26255;63.332413;0.0632473;0.10292345;-0.2878408;-0.048960075;941937.06;968800.2;0.21596205;0.00014431187;0.00015739888;0.0002894939;76.36324;42.490402;0.009594543;1;1;16;0
780653256;780652861;-25785.58;9454.876;-1.1980404;0.92336535;0.010200419;-0.024578352;0.38299906;-77.147415;63.552834;0.040445145;-0.78459966;0.5732925;0.023194695;948158.3;973448.06;0.2187314;0.00014434887;0.00013565036;0.00030642067;76.644615;42.695583;0.009776983;1;1;16;0
781148086;781147706;-25840.125;9506.651;-1.2062279;0.9153972;-0.015029951;-0.010614248;0.40213105;-76.99735;63.910484;0.0875204;0.1648311;-0.11650812;0.07858065;954300.06;978012.5;0.21707009;0.00017420699;0.000112430105;0.0002965375;76.887764;42.89241;0.009796506;1;1;16;0
781652180;781651595;-25896.578;9559.452;-1.2026834;0.90891826;-0.009835463;-0.010585264;0.41672403;-76.85664;64.14132;0.12967286;0.0015592019;-0.23525584;0.09690658;960576.2;982688.4;0.21612681;0.00017062227;0.00011052711;0.00030076556;77.13832;43.09655;0.009770361;1;1;16;0
782147046;782146441;-25952.65;9611.206;-1.189126;0.9059918;-0.0059297327;0.0052625434;0.42322114;-76.80803;64.37659;0.1426733;0.08017696;-0.14733888;0.05332552;966759.06;987296.6;0.21845512;0.00016644382;0.00010982158;0.0003035777;77.34904;43.295597;0.00981725;1;1;16;0
782650621;782650235;-26010.088;9662.647;-1.1601288;0.90549594;0.0013502284;0.0053043654;0.42431974;-76.749626;64.5802;0.15982461;0.020941935;0.08531716;-0.010910417;973042.56;992012.2;0.21753055;0.00016342013;0.000109259316;0.00030550748;77.53023;43.49112;0.009804334;1;1;16;0
783154438;783154077;-26067.66;9713.326;-1.1164052;0.9082417;-0.00022484148;0.0022691803;0.41843984;-76.67455;64.807526;0.19573627;-0.054657698;-0.15757868;-0.060501117;979380.44;996761.9;0.2166838;0.00016277195;0.00010941552;0.00030660658;77.745186;43.697018;0.009821951;1;1;16;0
783649520;783648922;-26122.598;9762.33;-1.0690906;0.91052943;-0.0038312366;-0.0019985419;0.41342193;-76.57707;65.00696;0.21916454;-0.15474848;0.07697579;0.024586564;985656.0;910396.06;0.21908312;0.00016198249;0.00010939982;0.0003084291;78.01041;41.85123;0.009928806;1;1;16;0
784153131;784152764;-26178.322;9810.184;-1.013578;0.90775377;-0.0025978854;-0.002400594;0.41948846;-76.4558;65.20983;0.2514855;0.06971362;-0.17522337;-0.0038021696;992113.5;914750.0;0.21828385;0.00016459238;0.00010982423;0.00030702053;78.25866;42.0802;0.009980279;1;1;16;0
784648148;784647609;-26234.082;9855.92;-0.95931023;0.9116591;0.0003496554;0.0047861044;0.41091937;-76.357994;65.364944;0.28071204;-0.08417271;-0.1465776;-0.06828385;998470.7;919053.2;0.2169672;0.00016517502;0.000109995264;0.0003093398;78.49716;42.308475;0.010019062;1;1;16;0
785152029;785151451;-26292.26;9901.844;-0.8938226;0.91507924;0.003766355;0.0042759636;0.40323406;-76.28567;65.528336;0.3095863;0.04016393;-0.067734785;0.03358971;913555.8;923391.25;0.22017667;0.00016393841;0.000108724664;0.00031350853;74.6091;42.52124;0.010172694;1;1;16;0
785646873;785646296;-26350.709;9946.329;-0.8182345;0.9106242;-0.0060691405;0.0093825795;0.41308436;-76.27853;65.645905;0.33690563;-0.025420243;-0.026981812;0.09743361;919277.06;927728.06;0.21897712;0.00016381625;0.000109287605;0.0003150332;74.72363;42.72054;0.010237953;1;1;16;0
786150978;786150185;-26411.607;9990.826;-0.72855955;0.91052306;0.00025559065;0.0007593913;0.4134575;-76.28979;65.760124;0.376404;-0.22478415;-0.069497995;-0.03748422;925111.94;932162.4;0.21844587;0.00016061754;0.00011144202;0.00031858563;74.8278;42.923706;0.010340016;1;1;16;0
786654365;786653980;-26475.213;10034.935;-0.65432966;0.9110394;-0.0040979497;0.00041156073;0.41229868;-76.401184;65.90522;0.42146522;-0.15391062;-0.050123505;0.036946572;931012.4;936630.25;0.22202879;0.00016147143;0.000111468624;0.0003222472;74.97228;43.142174;0.010557784;1;1;16;0
787149356;787148825;-26537.615;10077.6875;-0.57278854;0.90867656;0.005848016;0.005772218;0.41741997;-76.52199;66.030846;0.41876522;0.08492066;0.23387323;0.009370295;936785.1;941025.44;0.22104514;0.00016232286;0.00011177138;0.0003245141;75.06211;43.35267;0.010666508;1;1;16;0
787653241;787652667;-26603.877;10120.753;-0.48807302;0.9095603;-0.0025765782;-0.008108208;0.41548485;-76.67587;66.156364;0.4731657;0.23436667;0.069526255;0.01651079;942685.7;945532.25;0.22086371;0.0001642066;0.00011212303;0.00032627385;75.14492;43.56864;0.010829437;1;1;16;0
788148048;788147512;-26672.037;10162.547;-0.40724134;0.9107344;0.0017905462;-0.000305594;0.41298854;-76.87003;66.25854;0.5184587;-0.06976853;-0.05626658;0.011142835;948470.7;949969.8;0.22410373;0.0001670094;0.00011453318;0.00032614658;75.219154;43.779152;0.011062086;1;1;16;0
788651856;788651355;-26744.395;10204.586;-0.3226485;0.91134924;0.0062876544;0.006579898;0.41153347;-77.13455;66.3623;0.5530664;-0.29301965;-0.0009550192;-0.007610157;954342.6;954510.4;0.22407217;0.00016661093;0.00011586907;0.00032950332;75.2455;43.991703;0.011204802;1;1;16;0
789146736;789146199;-26817.52;10245.387;-0.22953328;0.9112243;-0.00023913603;0.006859168;0.41185343;-77.46474;66.488655;0.5689776;-0.15652803;0.09893836;-0.004176175;960126.0;958999.4;0.22352652;0.00016578958;0.00011657403;0.0003340903;75.25895;44.204422;0.011369375;1;1;16;0
789650630;789650042;-26893.12;10286.386;-0.12465644;0.9087221;-0.000317576;0.0008598896;0.41740057;-77.804535;66.61436;0.59301484;0.1427355;0.287891;-0.03634381;966057.94;963589.8;0.22789046;0.0001662994;0.00011691438;0.00033959086;75.30141;44.42793;0.011688257;1;1;16;0
790154366;790153931;-26971.943;10327.509;-0.013492644;0.9104407;0.0009038135;-0.0015388771;0.41363594;-78.1893;66.74451;0.6414544;-0.06817179;0.076481216;-0.031836774;971958.75;968200.5;0.22817275;0.00016966456;0.00011879459;0.0003395559;75.28693;44.650555;0.01191305;1;1;16;0
790649198;790648776;-27052.05;10367.648;0.10306911;0.9091346;0.004077328;0.0032408563;0.4164698;-78.63415;66.90018;0.6740373;0.04953671;0.017098024;0.013200154;977724.75;972753.25;0.22784866;0.00017135011;0.00011977877;0.00034176218;75.23264;44.866028;0.012078831;1;1;16;0
791153400;791152571;-27137.924;10408.315;0.21590798;0.90785617;0.00027705138;-5.8468362e-05;0.41928178;-79.17485;67.02504;0.7228876;0.05079118;-0.047130268;-0.021800222;983637.1;977406.75;0.23262797;0.0001714736;0.000121158;0.00034567234;75.196884;45.084576;0.01242129;1;1;16;0
791647971;791647416;-27226.973;10448.108;0.31442815;0.90979534;0.00012919304;-0.002715406;0.41504815;-79.81321;67.17865;0.75279623;-0.00483696;-0.17731489;-0.012997856;989399.6;982008.06;0.23245883;0.00017389322;0.00012298847;0.00034779418;75.11157;45.304855;0.012629543;1;1;16;0
792151828;792151258;-27320.21;10488.362;0.4098506;0.90815675;0.0026931898;0.0028202895;0.4186121;-80.520424;67.333755;0.7735419;0.07180349;0.06163866;0.01997089;995287.6;986712.44;0.23302838;0.00017502796;0.00012390292;0.00035152416;75.01887;45.53813;0.012839597;1;1;16;0
792646962;792646103;-27416.791;10527.636;0.49393773;0.91319793;0.005665088;0.0020916304;0.40747172;-81.290924;67.4867;0.8108599;-0.0869355;0.0015555006;-0.09832217;910084.44;991295.5;0.23737003;0.00017783233;0.00012562127;0.0003519204;71.00368;45.75353;0.0131751895;1;1;16;0
793150491;793149945;-27515.615;10567.421;0.5696356;0.9179361;0.003573593;-0.00040093454;0.39671198;-82.177734;67.64834;0.8213688;0.13766725;0.23793563;-0.049189255;915475.1;996046.5;0.23802915;0.00017627815;0.00012457707;0.00036150517;70.882614;45.985912;0.01338321;1;1;16;0
793654191;793653788;-27615.94;10607.433;0.6480814;0.9179845;-0.0027294334;0.00072581094;0.39660633;-83.07341;67.80758;0.84695935;0.13067634;0.07828973;0.06511774;920819.6;909836.7;0.23867817;0.00018138603;0.00012626647;0.0003604418;70.74215;44.1244;0.0136066945;1;1;16;0
794149215;794148633;-27717.227;10646.251;0.7217294;0.9134344;0.00012320731;-0.0040682303;0.40696585;-83.99217;67.96072;0.867828;-0.045408003;0.075914696;0.012226128;926157.8;914121.5;0.24327767;0.00018227742;0.00012828725;0.00036320803;70.62301;44.351536;0.013935658;1;1;16;0
794653098;794652522;-27823.953;10686.114;0.7877548;0.9124159;-0.0016462359;-0.0048177987;0.40923268;-84.999115;68.14033;0.89664143;0.072603405;-0.077089645;-0.009294106;931569.1;918512.75;0.24392796;0.00018625449;0.00013022857;0.0003646299;70.46713;44.59763;0.014139781;1;1;16;0
795148006;795147367;-27931.186;10725.283;0.8531239;0.9133581;-0.0012648259;0.0014953492;0.40715247;-86.002304;68.30575;0.92662954;-0.23483782;-0.22449724;0.00072782504;936871.9;922848.0;0.243729;0.0001876223;0.00013244028;0.0003665825;70.28295;44.83722;0.014255915;1;1;16;0
795651779;795651162;-28041.852;10765.307;0.92333186;0.9132999;0.0030306908;0.004135683;0.4072557;-87.064384;68.49246;0.9530121;-0.05123019;-0.268702;0.009001051;942302.06;927285.2;0.24424477;0.00019019477;0.00013238407;0.00037027826;70.10744;45.09459;0.014414413;1;1;16;0
796146557;796146007;-28153.19;10804.774;0.98965704;0.91103256;-0.00084913505;0.0009738401;0.41233242;-88.1282;68.66529;0.9606239;-0.15536383;-0.23471665;0.039267786;947688.0;931668.56;0.24892496;0.00019125253;0.0001339146;0.00037506068;69.9617;45.345295;0.014736339;1;1;16;0
796650436;796649850;-28270.127;10845.628;1.0420475;0.91171783;-0.003408187;0.018805932;0.41037232;-89.34818;68.8174;0.9413158;-0.061357353;0.5151901;-0.038941484;953128.5;936149.8;0.24933444;0.00018773503;0.00013442521;0.00038413407;69.7637;45.60629;0.014845454;1;1;16;0
797154441;797153695;-28387.861;10886.066;1.1048367;0.9005951;-0.0643911;0.15535975;0.40080625;-90.33235;69.07497;1.0227275;-0.17683685;-0.34691337;0.049518716;958611.25;940665.06;0.24956347;0.00027213097;0.00013688185;0.00030349792;69.57765;45.883575;0.01506164;1;1;16;0
797649087;797648537;-28510.008;10922.344;1.218898;0.8930252;-0.08475379;0.21411121;0.38662547;-91.20789;69.14356;1.0928196;-0.3280743;-0.7413645;0.037060615;964026.7;945114.56;0.25428638;0.000311735;0.00013609792;0.00027046958;69.41013;46.13451;0.015449304;1;1;16;0
798153000;798152379;-28641.143;10958.882;1.3549963;0.8901663;-0.0858072;0.22134177;0.3889076;-92.21206;69.17526;1.1787336;0.005018919;-0.45613554;0.06536442;969475.6;949664.4;0.25471088;0.0002957122;0.00013675868;0.00028934286;69.18295;46.38053;0.015790638;1;1;16;0
798647698;798647224;-28772.732;10994.809;1.5108802;0.90826786;0.005853386;-0.013863937;0.41811854;-93.37968;69.13452;1.1879406;0.59091336;0.67304516;-0.017464235;974884.5;954171.94;0.25456908;0.0001852435;0.00013433363;0.0004074438;68.97398;46.655994;0.016172912;1;1;16;0
799151820;799151114;-28899.953;11037.814;1.6078986;0.89554965;0.066806614;-0.156656;0.41107973;-94.66588;69.4326;1.1140006;0.82141125;0.8416053;-0.08384984;980526.94;958788.3;0.26050434;0.00017066255;0.00013449427;0.00042938482;68.8363;46.98042;0.016364515;1;1;16;0
799646347;799645959;-29020.717;11090.82;1.5910696;0.8763931;0.1267165;-0.21343924;0.4127007;-96.277695;70.08625;1.115924;0.65507853;-0.23534468;0.0075623807;985993.5;963342.56;0.25979728;0.00017231314;0.00013976001;0.00042923377;68.63048;47.298824;0.016311882;1;1;16;0
800150369;800149754;-29140.586;11150.714;1.5049732;0.8556067;0.14037058;-0.2902463;0.40495756;-98.140854;70.816025;0.95060956;0.067536734;0.32834944;-0.014502284;991564.9;967980.75;0.25951445;0.00019771366;0.0001420507;0.00040455777;68.409966;47.621376;0.016105872;1;1;16;0
800653955;800653597;-29253.457;11217.96;1.3273846;0.87051994;0.018602492;-0.3284716;0.36599925;-100.0104;71.80311;0.82672226;0.4865484;0.09703804;0.06498656;997232.0;972638.8;0.26455128;0.00018580547;0.00012699631;0.00043445185;68.23557;47.93622;0.01635783;1;1;16;0
801149021;801148442;-29351.328;11284.171;1.0942031;0.87305105;-0.027314527;-0.32855526;0.3592873;-100.37456;72.75474;0.68585175;0.023767004;0.087319925;0.0056428323;911642.0;977194.3;0.2627807;0.00017955845;0.00012753827;0.00044519312;64.38879;48.270954;0.016335716;1;1;16;0
801652710;801652284;-29438.158;11350.044;0.78440267;0.9107396;0.003721233;0.026465025;0.41211545;-100.5679;73.55942;0.43061405;0.4182749;3.3190875;-0.1474352;916911.06;981918.2;0.26181638;0.0001760825;0.00013660477;0.00044540182;64.24822;48.670982;0.01614169;1;1;16;0
802156533;802156126;-29537.758;11402.503;0.60733235;0.90890706;-0.013685976;0.028056214;0.41582888;-100.31191;74.25758;0.5442172;0.62269044;0.24445595;-0.00020972638;922272.06;986704.8;0.26653785;0.00022650756;0.0001466982;0.0003936858;64.15682;49.041912;0.016545873;1;1;16;0
802651504;802650972;-29647.248;11444.385;0.51251906;0.90393806;0.0017788252;0.008441679;0.42757636;-100.234436;74.39635;0.56850183;0.4391094;0.19597042;-0.036507446;927452.6;991401.56;0.26452166;0.00022156628;0.00015014056;0.0004022024;63.997887;49.36319;0.016202306;1;1;16;0
803146231;803145817;-29755.398;11485.494;0.45225376;0.9045622;-0.00057027495;-0.0024874145;0.42633414;-100.14043;74.47523;0.5809562;0.2019802;0.25071257;-0.04258066;932668.94;996120.44;0.26223266;0.00022101168;0.00015280937;0.0004057196;63.84451;49.6808;0.015890284;1;1;16;0
803650242;803649706;-29862.71;11527.775;0.40154088;0.9044026;-0.0045835394;-0.007802992;0.42658424;-100.036766;74.580864;0.6063305;-0.0935371;0.08408687;0.004805487;938028.7;909954.06;0.2662972;0.0002269739;0.00015671366;0.00040233321;63.743282;47.855743;0.015832977;1;1;16;0
804154319;804153502;-29967.16;11570.224;0.37557712;0.9069408;-0.008135654;-0.015228023;0.42090422;-100.02069;74.73036;0.6232269;0.55509955;-0.061969586;-0.012830511;943435.56;914376.06;0.2644643;0.00022973429;0.00014988247;0.00041273053;63.620003;48.19021;0.015585703;1;1;16;0
804648927;804648347;-30067.506;11612.473;0.35817295;0.90731806;0.0007489168;-0.00950944;0.42033684;-99.962364;74.83604;0.63869506;0.18038833;0.19615534;-0.016359339;948799.3;918748.6;0.26170006;0.0002298791;0.00015251065;0.00041775373;63.511784;48.536034;0.015317285;1;1;16;0
805152564;805152190;-30168.893;11655.685;0.34976333;0.91025555;-0.00048860296;0.0028376237;0.41403717;-99.91358;74.96317;0.66323906;0.042471234;0.10953122;-0.02153985;954303.06;923212.06;0.2651835;0.00023439966;0.0001554092;0.00041684485;63.436478;48.87069;0.01526632;1;1;16;0
805656597;805656031;-30269.318;11698.856;0.3633371;0.91156274;0.013079598;0.005115869;0.41092113;-99.869225;75.085815;0.69296277;0.006996737;-0.045982406;-0.0140065;959824.2;927712.9;0.26301932;0.00023873194;0.00015580235;0.0004183877;63.342407;49.212605;0.015059413;1;1;16;0
806151267;806150877;-30365.564;11742.104;0.3866795;0.9119677;-0.02253688;0.0050907875;0.40961105;-99.84164;75.17955;0.6894449;-1.0830894;0.54822785;-0.033398703;965325.6;932166.8;0.26010418;0.00023665917;0.000139148;0.0004459467;63.27548;49.60244;0.014783236;1;1;16;0
806646093;806645722;-30454.463;11788.233;0.4245031;0.8832418;-0.20349585;-0.08362856;0.41410106;-99.93738;75.54779;0.6808173;0.74843127;0.34002194;0.13286418;970886.8;936640.6;0.2626465;0.0002344033;0.00015131064;0.00044394506;63.247997;49.98199;0.0149244135;1;1;16;0
807150101;807149564;-30530.27;11843.537;0.3885262;0.85860014;-0.23969014;-0.08979375;0.44417503;-99.85329;76.14538;0.70176286;-0.023730205;0.2146993;0.12403602;976558.0;941199.6;0.2604218;0.00023957508;0.00015878513;0.0004363331;63.188103;50.34257;0.014730024;1;1;16;0
807654039;807653454;-30597.54;11902.926;0.32037622;0.8147601;-0.25293812;-0.058802083;0.5183924;-99.92798;76.9108;0.6419546;0.7997936;0.27377617;0.56717604;982257.75;945764.4;0.25816646;0.0002306187;0.00017033356;0.0004389867;63.13327;50.674103;0.014697008;1;1;16;0
808148719;808148299;-30665.23;11960.037;0.27801922;0.8569104;-0.031419493;-0.0030788989;0.5144977;-99.71025;77.39981;0.63638943;-1.083263;1.5173653;-0.44114664;987986.0;950320.3;0.2606872;0.00017124278;0.00025101934;0.00042475978;63.130836;51.07822;0.014848521;1;1;16;0
808652493;808652095;-30752.305;12008.954;0.32297912;0.9102701;-0.005282609;0.0038337244;0.41396347;-99.83409;77.82831;0.7095884;0.31037733;0.02417208;-0.30089638;993828.44;954990.4;0.25862807;0.00023461584;0.00018627854;0.00043490712;63.12752;51.519928;0.014683565;1;1;16;0
809156331;809155937;-30842.973;12054.4375;0.37547308;0.9263067;0.027686877;0.011505713;0.37557563;-99.8222;77.933334;0.73034894;0.034488562;0.26386875;-0.09313839;999702.6;959685.56;0.25675082;0.000276553;0.00015826161;0.0004299213;63.128708;51.928593;0.014538885;1;1;16;0
809651342;809650782;-30929.1;12099.573;0.4392456;0.92475474;-0.01645067;-0.004283541;0.38018385;-99.77871;77.984665;0.7675584;-1.0594373;0.29329628;0.07831817;914096.0;964264.94;0.25925863;0.00027142008;0.00014029944;0.00045913385;59.685535;52.31261;0.014463433;1;1;16;0
810145978;810145627;-31005.322;12144.835;0.48766172;0.9151683;-0.04979508;-0.013903661;0.39974263;-99.693634;78.16695;0.8132488;-1.0110333;-0.04358074;0.077493615;919447.5;968932.25;0.2564179;0.0002701282;0.00015369826;0.00045586601;59.726048;52.771908;0.014302291;1;1;16;0
810649865;810649470;-31082.54;12192.344;0.54175436;0.9144516;-0.011391087;-0.0010335833;0.40453377;-99.72663;78.410545;0.80515444;-0.18482845;-0.102269076;-0.012719723;924921.56;973700.4;0.25458258;0.00026918083;0.0001810951;0.0004381626;59.755184;53.182533;0.01426395;1;1;16;0
811153855;811153312;-31162.625;12239.483;0.60260767;0.91425407;-0.0006980471;-0.00897116;0.40504146;-99.75686;78.564224;0.8270747;-0.032213703;0.013070805;0.049564715;930391.1;978480.75;0.2580004;0.00027213097;0.0001724969;0.00045045651;59.787262;53.5743;0.014325827;1;1;16;0
811648702;811648157;-31243.24;12287.009;0.65435225;0.9147242;-0.002534457;-0.00035498533;0.4040708;-99.741844;78.72655;0.84311616;-0.15904626;-0.17995776;0.029175015;935763.1;983188.25;0.25518352;0.00028018045;0.00017732235;0.00044260436;59.802082;53.937744;0.014182061;1;1;16;0
812152702;812152047;-31325.668;12336.039;0.7068462;0.91164833;-0.006522167;0.0041796044;0.41089815;-99.76225;78.920784;0.86325055;-0.07156276;-0.08966424;0.007360461;941274.6;988016.6;0.25328693;0.00027557934;0.00017678482;0.00045363477;59.82986;54.329872;0.014071068;1;1;16;0
812656498;812655842;-31408.271;12385.721;0.762885;0.9115224;-0.00082297286;0.0019743945;0.4112452;-99.74741;79.13042;0.8766782;-0.21030565;-0.13386054;-0.030848177;946799.75;992852.3;0.25146782;0.00027442147;0.00018056697;0.00045671724;59.84717;54.677658;0.014003674;1;1;16;0
813151220;813150688;-31489.945;12435.611;0.7983086;0.9079457;0.008588648;0.015308542;0.41872;-99.76588;79.37509;0.8787651;-0.08908251;0.20316443;0.049637094;952221.44;997615.1;0.2539982;0.00026544335;0.00018255976;0.00046719663;59.865814;55.00379;0.0140295345;1;1;16;0
813646299;813645533;-31572.104;12485.807;0.8447151;0.907499;0.010657748;0.01155569;0.4197602;-99.79914;79.631325;0.8801629;0.15166478;0.32097661;-0.060419697;957637.5;911290.3;0.25141662;0.00025940634;0.00018277322;0.00047594067;59.87457;53.081093;0.013949732;1;1;16;0
814149875;814149375;-31657.0;12536.819;0.8950949;0.91027254;0.0069271564;-0.006196462;0.41390517;-99.794846;79.91217;0.89667714;0.186072;0.13637184;-0.04125528;963222.06;915761.5;0.25495726;0.00026812937;0.00018357631;0.00047153837;59.898834;53.410748;0.014116557;1;1;16;0
814653761;814653218;-31741.896;12588.248;0.92094046;0.9156563;-0.0041563176;-0.0014614773;0.40193817;-99.76868;80.20149;0.91692996;0.06674817;-0.0993751;-0.026487011;968820.4;920263.2;0.25321618;0.00028178576;0.00018008382;0.00046510363;59.91677;53.75931;0.014034095;1;1;16;0
815148605;815148063;-31825.951;12639.099;0.9538289;0.91783637;0.0006210965;0.0061793565;0.3969103;-99.77108;80.456955;0.9146292;-0.042018034;0.02606317;-0.02152381;974338.4;924712.4;0.25070623;0.0002775049;0.00018023426;0.00047289833;59.936317;54.114616;0.0139246015;1;1;16;0
815652480;815651906;-31912.125;12691.557;0.9856378;0.9182374;0.0026080408;-0.0021434855;0.39601612;-99.79085;80.747795;0.9191328;0.1571765;0.023361756;-0.011210646;979984.25;929262.2;0.24917312;0.00027739923;0.00017683124;0.0004808935;59.951912;54.453167;0.013876304;1;1;16;0
816156367;816155795;-31999.438;12744.8955;1.0099074;0.91823417;0.0010340252;0.004461546;0.39601135;-99.78312;81.053535;0.922201;0.10141136;-0.0022670887;0.02444796;985637.2;933833.7;0.25268203;0.0002819308;0.00018002292;0.00047652613;59.97591;54.796967;0.013985679;1;1;16;0
816651184;816650641;-32085.885;12797.669;1.0344937;0.9128396;0.0002447282;-0.0018525849;0.40831414;-99.79279;81.365005;0.92081904;0.19770618;0.13959539;0.06288466;991190.7;938343.2;0.25020584;0.000273954;0.00018315055;0.00048386905;59.98324;55.12585;0.013890755;1;1;16;0
817146015;817145486;-32173.12;12851.022;1.0555981;0.91120666;0.00018850178;-0.014764379;0.41168502;-99.78477;81.68598;0.9157691;0.16347612;-0.09500976;-0.025874559;996801.5;942891.44;0.25307727;0.00026898907;0.00019209167;0.00048468608;60.00648;55.474308;0.014016315;1;1;16;0
817649730;817649281;-32260.963;12905.879;1.0489295;0.91486216;0.0014147249;-0.0018191163;0.4037598;-99.76531;82.022896;0.9224946;-0.047234688;-0.06605087;0.030585364;911446.2;947555.75;0.2516198;0.00027925763;0.00019373858;0.00047924306;56.728897;55.932545;0.013934361;1;1;16;0
818153670;818153124;-32347.174;12961.124;1.0411534;0.9131858;-0.002502697;-0.0045844726;0.40751028;-99.77706;82.37697;0.9001537;-0.068567656;0.08052867;0.03642708;916694.3;952244.25;0.25012404;0.00027311876;0.00019201134;0.000490875;56.748055;56.308323;0.013869653;1;1;16;0
818648692;818647969;-32431.86;13016.194;1.0331978;0.9101266;-0.00057865976;-0.0015957355;0.41432676;-99.76201;82.754166;0.90112877;-0.11980296;-0.09843832;0.027598064;921896.9;956901.1;0.2478838;0.00027296843;0.0001994254;0.000489667;56.782143;56.753323;0.013780965;1;1;16;0
819152223;819151812;-32517.07;13072.584;1.0214589;0.9111539;-0.0013547221;0.0035413466;0.41204894;-99.77526;83.12269;0.8810476;0.010259749;0.10460468;-0.028734207;927308.25;961727.8;0.25174278;0.0002801158;0.00020575861;0.0004892805;56.86366;57.35389;0.013929045;1;1;16;0
819656041;819655654;-32602.543;13129.052;1.0160234;0.91175973;-2.624476e-05;0.0014843768;0.41072133;-99.776695;83.4928;0.877629;-0.12235344;-0.0907996;0.08066644;932706.4;966577.75;0.25039995;0.0002787758;0.00020651029;0.0005010787;56.928074;57.954975;0.013866231;1;1;16;0
820150964;820150500;-32686.205;13184.9795;1.009933;0.9120866;-0.00095182523;0.0028070563;0.40998685;-99.769714;83.883125;0.88961625;-0.045120865;-0.3698765;-0.0396729;938016.4;971366.9;0.24823003;0.0002868089;0.00021057783;0.0004995612;56.985523;58.543198;0.013811965;1;1;16;0
820645869;820645345;-32771.562;13241.324;1.0065916;0.91214293;-0.0023080788;-0.00078689953;0.40986514;-99.77097;84.26201;0.8715245;-0.063395366;-0.20501837;0.0069998438;943366.06;976186.56;0.25126028;0.00029171002;0.00021709205;0.0004999371;57.05234;59.13653;0.01390116;1;1;16;0
821149818;821149235;-32860.84;13300.044;0.98051375;0.9123613;-0.0022086366;0.0041227126;0.40935948;-99.79816;84.68147;0.8435739;0.16993694;0.32238117;0.0043867654;948777.4;981097.7;0.2498727;0.00029240377;0.00021918093;0.00050541875;57.091854;59.67715;0.013840717;1;1;16;0
821653416;821653030;-32951.133;13359.214;0.95609474;0.9137658;-0.0028700093;-0.000743942;0.40623087;-99.78648;85.11901;0.85413915;0.035333578;-0.20893095;-0.0036656028;954213.25;986046.6;0.24847998;0.00029949774;0.00021832748;0.0005083365;57.136932;60.257767;0.013774646;1;1;16;0
822148444;822147876;-33038.914;13417.335;0.93453467;0.9132818;0.009333832;0.009010946;0.40712166;-99.785995;85.53342;0.83458525;-0.02732558;-0.22547534;0.01409424;959592.0;990938.8;0.2514677;0.00029950144;0.00023005003;0.0005068033;57.188354;60.826035;0.01384068;1;1;16;0
822652108;822651718;-33128.562;13476.696;0.9244529;0.91263944;0.0077539175;0.0018114046;0.40868813;-99.797356;85.95205;0.8171233;0.0111337295;-0.019228633;-0.014130714;965045.4;995935.06;0.25001988;0.0002935982;0.00023317765;0.0005172128;57.220882;61.37608;0.01373403;1;1;16;0
823156117;823155560;-33218.668;13536.89;0.89940065;0.9120054;0.0051468136;0.0029441009;0.41013542;-99.81538;86.398415;0.8115593;-0.0076036877;0.16026016;-0.04019378;970498.6;909975.06;0.24857688;0.00029150836;0.00023146195;0.00052877364;57.252983;59.565937;0.013656889;1;1;16;0
823650945;823650406;-33307.168;13595.272;0.8757139;0.91045564;0.08627009;0.044396993;0.40206596;-99.79747;86.882614;0.81881934;0.322347;-0.01784922;-0.016524509;975902.6;914491.2;0.25136638;0.00029924142;0.00026598622;0.000494785;57.286713;60.1;0.013620244;1;1;16;0
824145658;824145251;-33402.707;13654.46;0.88624465;0.9136085;-0.028999615;-0.0069094882;0.40550098;-99.71821;87.23584;0.86828464;-0.9736595;-0.33486286;0.047222745;981267.3;919028.94;0.24899818;0.00031349642;0.00028570025;0.00046611027;57.309906;60.605034;0.013755749;1;1;16;0
824649714;824649094;-33495.746;13714.845;0.8914491;0.89930373;-0.11828252;-0.05929633;0.41682842;-99.784256;87.687485;0.83202493;-0.28232026;-0.26277718;0.016510861;986789.56;923690.44;0.24755144;0.00029775014;0.00019208487;0.00058237265;57.33084;61.15667;0.013525374;1;1;16;0
825153631;825152983;-33574.97;13775.697;0.84268486;0.9027366;-0.075303614;-0.027730597;0.42264307;-99.795456;88.270424;0.78171074;-0.1541409;0.17673336;0.009401023;992320.75;928350.75;0.25093928;0.00029309926;0.00019476908;0.00058802427;57.35363;61.63061;0.013461219;1;1;16;0
825648382;825647829;-33653.547;13835.829;0.7994334;0.90330136;-0.03975197;-0.025264766;0.42641306;-99.794174;88.86493;0.77057344;0.08002686;-0.012057465;-0.054369994;997780.8;932967.75;0.24850091;0.00029162364;0.00022758523;0.0005628039;57.371506;62.123882;0.013403276;1;1;16;0
826152017;826151624;-33736.312;13896.421;0.78092027;0.90338016;-0.038062003;-0.019335406;0.42671037;-99.817406;89.36652;0.74334556;0.04411366;0.19205675;-0.042508032;912145.75;937660.6;0.24675123;0.00028538142;0.00023438409;0.0005657108;54.20365;62.59557;0.013280818;1;1;16;0
826655871;826655467;-33817.848;13957.353;0.75832814;0.9044941;-0.03506807;-0.020880047;0.42452905;-99.81694;89.87555;0.74365485;-0.021043824;-0.044351157;-0.0074470714;917328.6;942474.5;0.2501504;0.00028959758;0.00023892193;0.0005672128;54.261574;63.255154;0.013325141;1;1;16;0
827150693;827150312;-33898.203;14018.059;0.7290771;0.9042475;-0.04673092;-0.022811424;0.4238306;-99.81231;90.385605;0.7269633;-0.13347326;0.1303267;-0.006162441;922396.4;947176.0;0.24763402;0.00029126182;0.00024894328;0.00056211295;54.28986;63.7754;0.013232093;1;1;16;0
827645687;827645158;-33974.473;14079.094;0.6885376;0.89856994;-0.100803524;-0.036248;0.42555463;-99.89984;90.97836;0.685298;0.80377024;0.14845814;0.03342204;927520.7;951944.06;0.24518442;0.00030295915;0.00018137411;0.00062629924;54.332836;64.4237;0.012915246;1;1;16;0
828149395;828149000;-34043.62;14141.182;0.62124723;0.9052287;-0.025640521;-0.009358501;0.4240473;-99.80218;91.50864;0.67699534;0.03345652;-0.034616362;-0.0047316635;932756.5;956806.3;0.24826099;0.00029314827;0.0002554527;0.0005682147;54.383495;64.97776;0.013055757;1;1;16;0
828653378;828652843;-34121.03;14204.696;0.5796202;0.8981756;-0.102863975;-0.042136304;0.42535177;-99.992485;92.18746;0.62134546;2.096017;0.08997743;-0.045727998;938010.0;961674.3;0.2465731;0.00029386554;0.00019917167;0.0006286633;54.41745;65.46316;0.013010354;1;1;16;0
829148121;829147688;-34190.426;14264.819;0.5461223;0.89708114;0.05512489;-0.092559814;0.42853177;-99.7796;92.53967;0.59934443;0.25407937;0.48681256;-0.039216038;943200.9;966506.94;0.24387076;0.000272739;0.00028316808;0.00057249726;54.457882;66.04085;0.012871014;1;1;16;0
829651930;829651578;-34265.56;14327.128;0.49977764;0.909633;0.010519881;-0.0075931367;0.4152104;-99.60086;92.838196;0.6144457;-1.9824321;0.606024;-0.031909667;948537.75;971494.8;0.24686897;0.00030812994;0.00046559755;0.00036453723;54.529583;66.75911;0.012824963;1;1;16;0
830156278;830155373;-34348.98;14392.481;0.49351278;0.9326443;-0.01045974;-0.0034084783;0.36062965;-99.73847;93.37992;0.6393575;0.047266692;0.07218284;-0.46416196;953918.0;976531.25;0.24520442;0.00034258974;0.00027668395;0.0005298086;54.60696;67.50131;0.012758216;1;1;16;0
830650678;830650218;-34424.773;14454.603;0.466224;0.9863375;0.00027979602;-0.00050122355;0.1647363;-99.81314;93.807686;0.63669556;0.15644953;0.06991788;-0.6963177;959171.25;981412.3;0.2426127;0.0004443127;0.00015288025;0.00055475096;54.655872;67.99305;0.012528413;1;1;16;0
831145442;831145064;-34487.203;14512.695;0.43018568;0.9763728;-0.005809968;0.0057453196;0.21593875;-99.72624;94.12847;0.6640901;-0.41241428;-0.56147057;0.99082154;964476.3;986399.9;0.24481836;0.00053405226;0.0001275379;0.00049483805;54.746494;68.678314;0.012534213;1;1;16;0
831649563;831648906;-34546.285;14570.344;0.38804185;0.8283958;0.0053815255;-0.004518707;0.5600993;-99.741554;94.278046;0.60048324;-0.4551265;0.07601246;1.1398063;969905.06;991488.1;0.24293168;0.00024441347;0.00032899572;0.0005878405;54.821312;69.33471;0.012250953;1;1;16;0
832153158;832152749;-34618.062;14633.466;0.36701941;0.72820807;-0.12858608;0.16141453;0.6535473;-99.71333;94.681595;0.62818396;-0.2579823;-0.12502658;0.2672727;975427.0;996667.2;0.24110003;0.00022783018;0.0005101886;0.00043476716;54.906944;70.11162;0.012301736;1;1;16;0
832648029;832647594;-34691.324;14696.932;0.3879026;0.7150841;-0.0053719585;0.022760192;0.6986472;-99.734604;95.37786;0.69364464;-0.53448004;-1.176488;0.111332;980783.06;910656.56;0.24330242;0.00014450487;0.0005351915;0.0004927301;54.95046;68.082664;0.012361287;1;1;16;0
833152004;833151437;-34766.74;14762.067;0.41099238;0.69584996;0.09434073;-0.09777721;0.7052179;-99.789024;95.95911;0.6734173;-0.16072953;-0.78473103;0.18869388;986342.3;915443.44;0.24157713;0.000102237515;0.0005423491;0.00053489534;55.02873;68.887375;0.012289131;1;1;16;0
833655742;833655326;-34844.254;14827.432;0.39284432;0.6878823;0.115241654;-0.10452872;0.70895076;-99.813255;96.4359;0.5562823;-0.0507228;-0.03144779;-0.041195646;991929.1;920241.9;0.23992911;0.00013526037;0.0005346184;0.0005132103;55.104904;69.66055;0.012147158;1;1;16;0
834150583;834150172;-34921.066;14891.699;0.34203398;0.7070503;0.030716412;-0.026812984;0.7059869;-99.83858;96.734406;0.44185093;0.18526952;1.3897053;-0.12410451;997433.3;924996.0;0.2422185;0.00012099572;0.000533493;0.0005306695;55.186058;70.4449;0.012168031;1;1;16;0
834645604;834645017;-34997.098;14955.697;0.29086387;0.70857716;-0.11235108;0.099065736;0.6895518;-99.82304;97.20684;0.49674946;0.4027444;1.0889665;0.009947891;911778.8;929752.1;0.23974793;0.00012384857;0.0005299274;0.0005340273;52.195297;71.137245;0.012122115;1;1;16;0
835149390;835148812;-35068.105;15019.487;0.2669373;0.702009;-0.107030995;0.09616263;0.69748163;-99.77921;97.91388;0.570621;0.042497415;-0.08738378;0.05780345;916909.0;934597.5;0.23811054;0.00018406709;0.0005325063;0.0004712541;52.253555;71.66143;0.012053067;1;1;16;0
835653040;835652655;-35137.395;15082.058;0.27345285;0.7103632;0.14549221;0.10679096;0.6803028;-99.7769;98.36768;0.58510375;0.046218462;0.061497215;-0.16850708;922045.75;939471.9;0.23644102;0.00010895674;0.0006241754;0.00045340968;52.315823;72.19866;0.011896702;1;1;16;0
836148041;836147500;-35218.586;15147.081;0.31219727;0.7617648;0.098324426;0.060212303;0.6375116;-99.61023;98.79305;0.6020126;-0.87129647;-0.13195194;-0.41540328;927138.7;944358.9;0.23882705;0.00011250554;0.00069885905;0.0003791813;52.4169;72.9404;0.012081824;1;1;16;0
836651781;836651342;-35306.14;15213.727;0.36110398;0.85305125;0.057978213;0.041477412;0.516935;-99.46839;99.08676;0.6260812;-2.092245;-0.6469247;-0.7751181;932321.3;949290.8;0.2373657;0.00018266618;0.00059731695;0.00041112571;52.48622;73.49304;0.011813412;1;1;16;0
837155646;837155185;-35391.344;15280.901;0.4033354;0.9333892;0.164561;0.03948849;0.3164569;-99.473595;99.44034;0.64535284;-0.3154833;-0.51586545;-0.79665685;937612.9;954445.94;0.23600057;0.00038182695;0.00046304712;0.0003624458;52.625305;74.56112;0.012140506;1;1;16;0
837650460;837650030;-35469.31;15345.786;0.45034572;0.9504388;0.017949859;-0.24981709;0.18421568;-99.46118;99.55647;0.6528659;-1.6347435;-0.3495027;-0.08284574;942751.6;959422.1;0.23868202;0.0003470053;0.00015092028;0.00071286334;52.731533;75.241974;0.012397509;1;1;16;0
838145253;838144875;-35514.05;15397.818;0.35191083;0.96031016;-0.19538054;-0.13525087;0.14607586;-99.49175;99.875755;0.50942487;0.52953196;0.47920164;-0.07954297;947979.06;964528.2;0.23667994;0.00041573818;0.00012737443;0.00067453034;52.882732;76.27826;0.012152218;1;1;16;0
838649376;838648765;-35547.6;15444.015;0.2160994;0.92953897;-0.10499505;-0.30956456;0.17059648;-99.32902;99.93219;0.5023888;0.027708435;-0.6221852;-0.27693838;953297.8;969708.1;0.23997325;0.00032592806;0.00012127511;0.00077029935;53.018936;77.08637;0.012226973;1;1;16;0
839153131;839152560;-35572.695;15485.712;0.0021267384;0.93441576;-0.0898799;-0.2968759;0.17508136;-99.2513;99.87426;0.30546144;0.50796556;-0.00458307;0.03550161;958629.2;974924.4;0.23845336;0.00022885816;0.00011546122;0.00087259867;53.16359;77.98896;0.0120325945;1;1;16;0
839648121;839647406;-35594.668;15526.233;-0.2592104;0.9664254;-0.22028941;0.084863305;0.10145319;-99.308914;99.75071;0.12751731;0.38877252;2.1752577;0.7683871;963912.9;980115.75;0.2362139;0.00034190353;0.00014989424;0.00072673196;53.31972;78.98226;0.011830337;1;1;16;0
840151671;840151248;-35638.28;15572.767;-0.41724166;0.8662684;0.027157877;-0.017403392;0.49853653;-98.95587;100.09455;0.38201886;2.0941892;-3.2167249;1.141541;969336.94;985422.0;0.2347399;0.0006656922;0.00020727915;0.00034677063;53.4295;79.747955;0.012278767;1;1;16;0
840655476;840655090;-35703.34;15624.838;-0.5037015;0.84105164;-0.0008933062;-0.005566464;0.5409255;-98.72755;99.64411;0.24500777;0.65816766;-1.203306;-0.07343451;974826.75;990854.9;0.23799178;0.0002658574;0.0004072358;0.0005604719;53.585835;80.89447;0.011915486;1;1;16;0
841150540;841149935;-35770.477;15679.815;-0.5687398;0.8556761;0.01739033;-0.036502182;0.5159299;-98.60851;99.56461;0.23143162;0.061634168;-0.6352476;-0.066918984;980206.1;996152.94;0.23580508;0.00022394251;0.00044944452;0.0005682945;53.70441;81.76575;0.0118065365;1;1;16;0
841645164;841644781;-35838.17;15736.0625;-0.6040879;0.8677608;0.0707432;-0.06264453;0.4879165;-98.51692;99.40523;0.12227667;-0.56119496;1.2316941;-0.33448875;985621.9;910466.56;0.23823337;0.00016065653;0.0006394151;0.0004503891;53.84478;79.93697;0.0117755495;1;1;16;0
842148998;842148623;-35908.36;15794.981;-0.6600319;0.8891091;-0.05428485;0.10443608;0.4423024;-98.471794;99.297195;0.16350551;0.013307504;1.5266976;-0.15856598;991198.94;915531.25;0.2366733;0.0003178221;0.00039079745;0.00055510865;53.993546;81.104034;0.011634025;1;1;16;0
842653101;842652513;-35978.086;15852.411;-0.6767999;0.89704555;-0.039432682;0.06991803;0.43458697;-98.04691;99.57839;0.32285902;0.06179755;-1.9312344;0.120549224;996805.5;920630.9;0.23507972;0.00049442204;0.0003663053;0.00041575555;54.14454;82.19947;0.011497884;1;1;16;0
843147968;843147358;-36045.74;15907.232;-0.6769964;0.9024444;-0.011257224;0.018589353;0.4302579;-97.903046;99.40614;0.28752178;0.008795951;-0.5515799;-0.08371101;911183.5;925571.6;0.23285839;0.00035700822;0.00038357923;0.00054073846;51.293236;82.97995;0.011308841;1;1;16;0
843651615;843651155;-36110.844;15962.017;-0.67699194;0.91282105;-0.016102234;0.0070299474;0.40798172;-97.693756;99.2803;0.28206116;-0.6990875;-0.063155755;-0.08389936;916230.06;930483.56;0.23556069;0.00034328218;0.00034714842;0.00058336975;51.403847;83.284424;0.011310044;1;1;16;0
844155546;844154996;-36173.19;16017.213;-0.68000835;0.9100663;-0.07489634;-0.018497974;0.40721947;-97.583725;99.31509;0.2915619;-0.11072748;-0.035340928;0.036777124;921338.9;935494.9;0.23380192;0.00035396902;0.00024066906;0.00067604706;51.524487;83.78562;0.011190313;1;1;16;0
844650740;844649841;-36228.41;16069.294;-0.6899068;0.9030536;-0.12082072;-0.050294094;0.4091054;-97.47132;99.29659;0.28812766;-0.087798536;0.051330913;-0.00114432;926388.9;940452.06;0.23134482;0.00034130062;0.0002205852;0.0007056152;51.647926;84.272606;0.011123253;1;1;16;0
845154146;845153683;-36280.61;16121.826;-0.7173041;0.8927243;-0.16270347;-0.06534765;0.41509116;-97.391716;99.34376;0.27368334;-0.16181208;-0.013653974;0.04559815;931547.6;945475.3;0.23406832;0.0003507266;0.00020300713;0.0007072002;51.770107;84.589554;0.011214275;1;1;16;0
845649115;845648528;-36327.977;16172.914;-0.7504764;0.87851495;-0.21916857;-0.09285378;0.41419175;-97.32554;99.36243;0.27503648;-0.73156714;0.1833118;0.09177175;936649.4;950467.56;0.23167872;0.00033919534;0.00019224323;0.0007235177;51.891644;84.986725;0.011192918;1;1;16;0
846152949;846152371;-36373.316;16225.729;-0.80544764;0.8725942;-0.22762902;-0.09174742;0.42231143;-97.37274;99.535545;0.22990908;0.05361357;0.042536154;0.011351355;941893.75;955623.44;0.23007824;0.00034494736;0.00018728335;0.00071930443;52.026062;85.513596;0.011261502;1;1;16;0
846647789;846647216;-36416.51;16277.612;-0.86329216;0.9061214;0.066423774;0.02443464;0.41705498;-97.4722;99.7687;0.25872794;1.7595379;-0.3841644;-0.23785038;947093.3;960751.25;0.23236685;0.00034458516;0.00021791451;0.00068866176;52.16928;86.14943;0.011360018;1;1;16;0
847151624;847151105;-36472.773;16335.348;-0.8598094;0.9186712;0.12617306;0.074976526;0.3667454;-97.277725;99.77079;0.23493698;0.05189465;0.23628114;-0.23692417;952360.56;965952.9;0.2309588;0.00037432867;0.0004288546;0.00044521497;52.310497;86.61304;0.011291878;1;1;16;0
847655505;847654900;-36542.777;16399.828;-0.81691784;0.933509;0.11682382;0.05424082;0.33462104;-97.18151;99.90881;0.28540432;0.46203995;0.24114946;-0.13824691;957609.0;971082.1;0.22951955;0.00041705125;0.0003734744;0.00044774773;52.437225;86.81795;0.011078326;1;1;16;0
848150352;848149745;-36611.63;16464.916;-0.7522974;0.9500762;-0.00694662;-0.012976488;0.3116707;-96.90453;100.014084;0.3684725;-0.76845735;-0.8720659;0.08964146;962818.25;976199.3;0.23165387;0.00048600498;0.00030125654;0.0004452206;52.580845;87.147255;0.011045557;1;1;16;0
848654170;848653588;-36674.113;16526.39;-0.7078927;0.9367985;0.0037342764;0.0048148357;0.34981644;-96.78459;100.01611;0.37056187;-0.45096108;-0.36120638;0.18529823;968187.56;981512.94;0.23002875;0.00042592647;0.00027384656;0.00053103856;52.73968;87.72667;0.0108245015;1;1;16;0
849148823;849148433;-36731.848;16585.572;-0.67600304;0.9263848;0.0034192924;0.012955387;0.37633997;-96.66791;99.9993;0.34693092;-0.11913849;-0.09519523;0.11479697;973495.4;986778.94;0.22776048;0.00038157162;0.00030072784;0.00054823805;52.89895;88.30065;0.010753245;1;1;16;0
849652850;849652275;-36791.914;16646.592;-0.6296259;0.9194983;0.0010883388;0.014311565;0.3928318;-96.4924;99.994446;0.34573188;0.046887744;0.14099635;0.04902546;978940.56;992186.75;0.23053564;0.00035387903;0.00031403633;0.00056436093;53.0683;88.8971;0.0108381985;1;1;16;0
850147569;850147120;-36852.68;16708.38;-0.582737;0.9150505;-0.0030742346;-0.00022595754;0.40332752;-96.33182;99.99236;0.35295996;0.1590195;0.20495756;0.028625077;984313.2;997528.9;0.22837177;0.00033908035;0.0003209702;0.0005726495;53.230797;89.476685;0.010813056;1;1;16;0
850651367;850650963;-36914.26;16770.428;-0.5360909;0.9105827;-0.0062137228;-0.00651749;0.4132288;-96.144905;99.991066;0.36352542;0.12217403;0.058308735;-0.008428591;989785.1;911791.1;0.22689337;0.0003390766;0.00033841017;0.0005518845;53.3855;86.895645;0.010806067;1;1;16;0
851155685;851154852;-36975.82;16831.871;-0.488605;0.9105384;0.0199515;0.009587138;0.41283178;-95.99844;100.01177;0.38859618;0.4794919;0.19534932;0.010367935;995314.2;916825.06;0.22978584;0.0003351091;0.0003518741;0.0005425594;53.555073;87.457466;0.010885658;1;1;16;0
851650256;851649697;-37036.863;16893.01;-0.44296864;0.9129038;-0.014571743;-0.014407944;0.4076603;-95.71047;99.94137;0.41369742;-0.8908339;-0.19602424;0.003958176;909790.2;921776.2;0.22779624;0.00033702116;0.00042689504;0.00046521288;50.78456;87.947426;0.010924577;1;1;16;0
852153948;852153492;-37098.44;16956.67;-0.4005607;0.8994215;-0.13011558;-0.055457324;0.4135643;-95.64326;100.07171;0.39021537;0.812217;-0.27785397;-0.028171549;914904.9;926921.6;0.2265984;0.00034690773;0.00022695969;0.0006585976;50.960243;88.65338;0.010914381;1;1;16;0
852649190;852648338;-37150.773;17014.83;-0.41271383;0.8960405;-0.13207382;-0.067524076;0.41845962;-95.60933;100.035095;0.371052;0.9900685;-0.07933001;-0.053591114;919921.3;931898.44;0.22895335;0.00032995222;0.00022421892;0.0006730148;51.113033;88.983154;0.010976801;1;1;16;0
853152742;853152180;-37202.766;17072.643;-0.4317856;0.9108088;-0.012226235;-0.019564698;0.4121833;-95.481224;99.98395;0.38546574;0.18835798;-0.15728714;-0.040396877;925085.9;937079.8;0.22785586;0.00033690242;0.00037930315;0.00051283825;51.289074;89.57456;0.0110674035;1;1;16;0
853647575;853647025;-37260.33;17134.254;-0.42126927;0.91261214;-0.0027593412;-0.0068135383;0.40876028;-95.31338;100.00741;0.39132565;-0.081851386;-0.26574773;0.015390652;930165.0;942164.4;0.22616933;0.00035297094;0.0003589181;0.00051602075;51.452984;90.07063;0.010969645;1;1;16;0
854151499;854150867;-37321.92;17199.342;-0.41110644;0.9116612;-0.021689214;0.058086045;0.40623814;-95.113846;100.07647;0.43105343;-0.08507469;-0.9772851;0.013213089;935364.94;947385.4;0.22934209;0.00042319892;0.00036028965;0.00044383912;51.628174;90.58975;0.011031772;1;1;16;0
854655289;854654709;-37384.777;17264.03;-0.38587868;0.91674995;0.009979094;0.028636778;0.3983087;-95.01684;99.99345;0.40331006;0.04638323;-0.028043995;-0.049818035;940611.44;952671.8;0.22840725;0.0003278082;0.00033742885;0.0005646509;51.80969;91.206276;0.011003786;1;1;16;0
855150180;855149554;-37445.277;17328.63;-0.37183356;0.91969585;0.011947286;0.013783339;0.3922077;-94.908134;99.9833;0.39668274;0.24707016;0.23393586;-0.025361042;945775.3;957861.44;0.22673586;0.00032506743;0.00032283904;0.0005812785;51.979286;91.699905;0.010962655;1;1;16;0
855653874;855653444;-37506.484;17395.46;-0.36202607;0.9078837;0.0063706036;-0.0021354707;0.41916838;-94.79033;99.984825;0.3821462;0.47951084;0.4591976;0.1194659;951090.06;963266.5;0.22577067;0.0003146539;0.00034101255;0.00057816843;52.169933;92.44419;0.010982904;1;1;16;0
856148894;856148289;-37567.766;17462.502;-0.3430689;0.8761883;-0.0076878243;-0.03269215;0.48079744;-94.5719;99.9977;0.4089478;0.0085995365;-0.117783986;0.25206116;956299.7;968500.2;0.2283464;0.00028761805;0.00041031206;0.00053413765;52.339825;92.82074;0.0111109335;1;1;16;0
856652608;856652084;-37630.285;17530.01;-0.33574542;0.86705256;-0.010973504;-0.016094089;0.49783596;-94.43032;99.998245;0.41154245;-0.056822766;-0.15736204;0.008159158;961657.7;973944.7;0.22738597;0.00025219223;0.0004511782;0.0005312828;52.52238;93.47953;0.011089258;1;1;16;0
857147539;857146929;-37691.86;17596.383;-0.3265403;0.87037295;-0.05164174;-0.026967773;0.48893455;-94.20821;99.959045;0.4323534;-1.2443786;-0.43741095;0.050670244;966913.6;979239.7;0.2299817;0.00025820767;0.00044961265;0.0005235389;52.690098;93.85835;0.0111744385;1;1;16;0
857651462;857650771;-37753.23;17661.809;-0.33552578;0.8664451;-0.07107198;-0.007549022;0.49413007;-94.224205;99.97745;0.38445672;-0.31583786;-0.14234495;0.098613955;972321.56;984739.56;0.22906181;0.00024225425;0.00034433356;0.0006460628;52.86973;94.480576;0.011058156;1;1;16;0
858154995;858154613;-37814.125;17725.32;-0.36862066;0.8537011;-0.11054101;-0.03913219;0.5073894;-94.34434;99.96545;0.32637578;0.29148608;0.23147944;0.14816473;977719.0;990146.1;0.22812933;0.00021392042;0.00030088032;0.0007120881;53.027973;94.67783;0.011075323;1;1;16;0
858650073;858649458;-37871.71;17785.293;-0.4133954;0.830696;-0.17774384;-0.100488216;0.5179318;-94.409615;99.95054;0.30841118;-0.01898957;0.40018496;0.11721581;983049.56;995497.44;0.2264576;0.00020185074;0.00028777623;0.00073108694;53.18225;94.89718;0.011140291;1;1;16;0
859153888;859153301;-37927.58;17844.053;-0.4886533;0.81385666;-0.22169213;-0.114904314;0.5246779;-94.61607;99.95842;0.27610755;-0.042229857;0.17066182;0.09955941;988522.4;910032.4;0.22972849;0.00021325021;0.00023574197;0.00076582504;53.346287;92.043396;0.011127218;1;1;16;0
859648712;859648146;-37978.54;17897.812;-0.5871965;0.80341464;-0.22376929;-0.114496365;0.5397617;-94.93343;99.955734;0.25277162;-0.044037893;-0.0045868955;0.021445185;993941.0;915049.5;0.2280811;0.00020375515;0.00023840768;0.0007696186;53.513393;92.44102;0.011183332;1;1;16;0
860152632;860152035;-38029.88;17950.418;-0.6774274;0.7991711;-0.22369498;-0.11628985;0.54567665;-95.26532;99.95978;0.22111075;-0.028671075;-0.10862056;0.059832815;999458.4;920106.3;0.22705495;0.00020212939;0.000239743;0.00076053047;53.670116;92.59796;0.0112611335;1;1;16;0
860647476;860646880;-38079.21;18000.775;-0.76746774;0.79725385;-0.2195267;-0.09744007;0.55380493;-95.60542;99.96947;0.15707108;0.49036697;0.14109169;0.061969396;913573.75;925118.2;0.22970605;0.00019563177;0.00024298282;0.0007556104;50.931583;92.800415;0.011462057;1;1;16;0
861151100;861150675;-38129.06;18053.75;-0.852224;0.85323685;0.020419572;0.0034515832;0.52111244;-95.67794;99.86886;0.14072257;-0.9601514;0.3793977;-0.25740045;918690.6;930306.4;0.2287709;0.00018172135;0.0005614868;0.00045006626;51.11159;93.211975;0.0114807915;1;1;16;0
861655088;861654517;-38186.62;18118.58;-0.86858845;0.8459224;-0.18763795;-0.13970244;0.47926056;-95.62015;100.063576;0.12002871;0.601982;0.044321425;-0.12603585;923838.2;935532.2;0.22806424;0.00023258555;0.00027054083;0.00069038616;51.304005;93.668;0.011447255;1;1;16;0
862149869;862149362;-38237.145;18174.512;-0.9350865;0.8716476;0.07232378;0.036750793;0.48337272;-95.60899;100.02775;0.15833914;0.46608827;-0.19247587;-0.037740264;928931.1;940715.9;0.23064761;0.00025157994;0.0004441049;0.00049811206;51.50164;94.228325;0.011270896;1;1;16;0
862653757;862653204;-38297.613;18242.637;-0.94874495;0.87925106;0.071980774;0.059838947;0.4670714;-95.308395;99.96452;0.14640833;-1.676396;-0.24356966;0.03568558;934090.56;945873.4;0.22948356;0.00027162733;0.0005559339;0.00035976924;51.689125;94.33946;0.0110028675;1;1;16;0
863148449;863148050;-38359.902;18314.23;-0.92686284;0.87451977;-0.083183065;-0.029403867;0.47689745;-95.152695;100.0168;0.17525226;-0.15808274;-0.060096316;0.13542303;939199.8;951003.3;0.22745259;0.00023033586;0.00035100378;0.0006013932;51.88342;94.592766;0.010729444;1;1;16;0
863652426;863651892;-38413.457;18375.947;-0.93612415;0.86731845;0.0014500403;-0.0052056704;0.49772426;-94.93565;99.99991;0.16655317;-0.030881135;-0.16363429;0.016630523;944451.1;956338.1;0.23015201;0.00023341709;0.00043286578;0.0005156475;52.090206;94.988556;0.010721692;1;1;16;0
864147264;864146737;-38467.48;18439.5;-0.9380363;0.86263543;0.0007778965;-0.00037002243;0.5058255;-94.713036;100.007;0.17172511;0.08225737;-0.061986975;0.0212463;949673.9;961712.06;0.22790466;0.00022937421;0.000444961;0.0005152242;52.315147;95.73133;0.010535422;1;1;16;0
864650986;864650626;-38522.566;18505.553;-0.9339091;0.8606459;-0.03685315;0.05798854;0.50454736;-94.4238;99.98764;0.18160793;-0.38667923;0.30938953;0.03815118;954983.7;967119.1;0.22619376;0.000256408;0.00045702897;0.00047630898;52.529934;96.18852;0.010373497;1;1;16;0
865154849;865154422;-38576.844;18573.43;-0.91629833;0.85509175;-0.04768368;0.103541166;0.5057902;-94.061554;100.03735;0.23142524;-0.16376647;-0.20435527;0.04558254;960353.4;972661.5;0.22869131;0.00030503015;0.00045737278;0.00043198848;52.757683;96.85044;0.010382478;1;1;16;0
865650094;865649266;-38631.207;18642.027;-0.86058223;0.85798335;-0.002883932;0.002930189;0.5136611;-93.59224;100.121;0.32006454;-0.24145283;-1.2782726;0.08887999;965609.56;978000.06;0.22622983;0.00030447904;0.00045172975;0.00043492112;52.959717;97.13049;0.010286646;1;1;16;0
866153615;866153108;-38686.523;18706.4;-0.80423063;0.8519565;-0.04301612;-0.04456832;0.51993614;-93.33684;99.973854;0.26504272;-0.24407476;0.14975026;0.011618314;971013.75;983558.2;0.22451831;0.00021335625;0.0004185765;0.0005612289;53.18458;97.625595;0.010235868;1;1;16;0
866648514;866647954;-38737.734;18766.371;-0.7765082;0.84803843;-0.08784992;-0.051834453;0.5200255;-93.114975;99.97814;0.27774024;-0.3716701;0.002824739;0.021099504;976360.6;989101.2;0.2263308;0.00021311226;0.00038463893;0.0005980109;53.41267;98.23641;0.010271421;1;1;16;0
867152360;867151796;-38789.746;18823.879;-0.7668218;0.8421663;-0.12749855;-0.078135595;0.5180685;-93.069534;100.00027;0.24707809;0.02837158;-0.12510897;0.006725533;981812.8;994725.25;0.22468856;0.00021085885;0.000305569;0.0006787672;53.634277;98.70943;0.010214837;1;1;16;0
867647212;867646641;-38838.83;18877.07;-0.78674084;0.8311541;-0.18334655;-0.10742118;0.51383615;-93.12055;100.00204;0.21397904;0.07291537;-0.08610617;0.034466665;987229.56;909425.1;0.22268225;0.00021549323;0.00025244223;0.00072936487;53.85957;95.90225;0.010233364;1;1;16;0
868150874;868150483;-38888.594;18926.191;-0.83518153;0.8403742;-0.13515407;-0.07431968;0.5195973;-93.28779;99.96833;0.18962309;-0.042845704;0.014187881;0.016776249;992728.25;914639.9;0.2254074;0.0002175766;0.00025594854;0.00071972335;54.07962;96.29966;0.010321405;1;1;16;0
868654922;868654372;-38937.81;18975.744;-0.8782497;0.82599664;-0.19764924;-0.118269235;0.51446754;-93.37318;99.909035;0.19191585;-0.6793214;0.0020603435;0.08253537;998300.4;919976.44;0.22427724;0.00020982622;0.00028632965;0.0006994664;54.31489;96.92124;0.01042693;1;1;16;0
869149726;869149217;-38987.13;19023.78;-0.93776345;0.8223261;-0.21008338;-0.1139557;0.5163902;-93.620415;99.93288;0.12619637;0.04870396;0.28906634;0.062348127;912553.06;925275.8;0.22264759;0.00021183006;0.00023850716;0.00074893475;51.652504;97.617226;0.010483081;1;1;16;0
869653435;869653012;-39036.055;19070.58;-1.002401;0.8540037;-0.0028956535;-0.008739275;0.5201856;-93.75661;99.8387;0.10826265;-0.3694184;0.2166065;-0.038147613;917690.0;930747.9;0.2257703;0.00021349784;0.0005062087;0.00048482543;51.895332;98.43031;0.010616199;1;1;16;0
870148444;870147857;-39085.3;19129.287;-1.0189834;0.86320704;0.006463899;0.006477481;0.50476706;-93.570786;99.98377;0.11207284;0.15162897;-0.0073731802;-0.08170148;922771.5;936195.56;0.22418639;0.00022252554;0.0004751309;0.00051625;52.154175;99.42349;0.010452771;1;1;16;0
870652550;870651699;-39135.85;19193.898;-1.0315477;0.86887145;-0.013869307;-0.013516544;0.49465898;-93.245514;100.01173;0.122992255;0.13409144;0.03173702;0.030635977;927947.6;941723.3;0.22302422;0.00024642108;0.00042746597;0.0005455128;52.40793;100.233215;0.010293876;1;1;16;0
871147048;871146544;-39185.0;19254.451;-1.0392587;0.8637818;-0.08505917;-0.050464295;0.49406403;-92.94315;100.002205;0.11067587;-0.021775663;0.096377306;0.017640382;933038.25;947137.44;0.22523965;0.00023878156;0.00037417613;0.00060757616;52.650997;100.78214;0.010272598;1;1;16;0
871650928;871650387;-39234.203;19312.984;-1.0744222;0.8645587;-0.080847315;-0.051144473;0.49334186;-92.77129;99.99718;0.09430222;-0.11956;-0.031676672;0.036140293;938281.9;952784.9;0.22392082;0.00024167354;0.00034920292;0.000636186;52.913372;101.67555;0.010191066;1;1;16;0
872154847;872154229;-39283.535;19369.562;-1.1149192;0.86299807;-0.0853037;-0.049599625;0.4954772;-92.66259;99.9974;0.08569649;0.042855404;-0.06671796;-0.02826183;943527.5;958392.75;0.2226467;0.00024425398;0.0003523947;0.00063094875;53.16199;102.268715;0.010155266;1;1;16;0
872649614;872649075;-39332.99;19424.361;-1.1554109;0.8669339;-0.036324345;-0.013965999;0.49690172;-92.56669;99.98598;0.07125674;0.11227907;-0.016683767;0.04778767;948690.5;963923.6;0.2247873;0.0002429418;0.00038286;0.0006018555;53.408546;102.796524;0.010170319;1;1;16;0
873153467;873152963;-39382.48;19482.682;-1.1855808;0.8681187;-0.010645081;0.01080232;0.49612486;-92.34323;99.99084;0.08511598;-0.17972104;-0.116478056;-0.05177105;954003.4;969661.06;0.22348705;0.000244659;0.00048188522;0.00050435774;53.670094;103.529076;0.010090558;1;1;16;0
873648306;873647808;-39432.703;19542.074;-1.1926037;0.876107;0.008202495;0.007953052;0.4819815;-92.086555;99.994576;0.081763744;0.039347205;0.059752718;-0.03793079;959213.06;975251.94;0.22144644;0.00025022507;0.00044403263;0.0005346719;53.91412;104.01414;0.00995079;1;1;16;0
874152179;874151603;-39482.668;19602.807;-1.1931534;0.87097603;-0.018372262;-0.00901522;0.49089924;-91.77805;99.990005;0.085382454;0.12965973;0.20723595;0.110672206;964583.25;981090.8;0.22405303;0.00024953732;0.0004202309;0.0005631584;54.18344;104.74419;0.009953726;1;1;16;0
874646871;874646448;-39530.863;19661.518;-1.1901033;0.8603605;-0.0027669715;-0.0057323254;0.5096463;-91.43165;99.99864;0.082325615;-0.0647401;0.012404368;0.009575842;969886.25;986870.5;0.22186655;0.00024021698;0.00047722258;0.0005189749;54.446335;105.51141;0.009863629;1;1;16;0
875150831;875150290;-39579.98;19723.188;-1.1917102;0.86328113;-0.0012354952;0.0047424873;0.5046995;-91.10478;100.008064;0.1072611;0.22214964;-0.03415534;-0.08153497;975324.44;992822.6;0.22031486;0.00024230366;0.00047810085;0.00052028784;54.71695;106.334816;0.00978877;1;1;16;0
875654866;875654132;-39629.42;19784.719;-1.1906755;0.86539924;0.0029057246;-0.0038606352;0.5010597;-90.75915;99.98297;0.08857923;0.21882132;0.3331239;-0.036685776;980761.0;998728.0;0.21874791;0.00023912615;0.0004562143;0.0005439504;54.97216;106.87786;0.009718678;1;1;16;0
876149574;876148978;-39677.76;19844.625;-1.1957037;0.86238444;-0.0055018864;-0.004843067;0.50620097;-90.41161;99.99314;0.08844874;0.15088615;0.24506462;-0.013286011;986160.56;913346.44;0.22057325;0.0002469517;0.00046734046;0.0005268707;55.235764;103.916;0.009763714;1;1;16;0
876653330;876652820;-39726.164;19905.307;-1.2032716;0.86076385;-0.0035075087;-0.0054039457;0.50896376;-90.04608;100.00143;0.11756356;0.01601995;-0.12732565;0.07166879;991701.2;918932.44;0.21904896;0.00024837969;0.00047967702;0.000517249;55.512283;104.76273;0.009725529;1;1;16;0
877148506;877147665;-39774.047;19963.994;-1.2084303;0.8568327;-0.0020643543;-0.0014696541;0.51558846;-89.6985;99.97914;0.11843231;0.0050849062;0.1199778;-0.031566378;997162.3;924430.75;0.22090913;0.0002372254;0.00047985069;0.00052907213;55.772446;105.43698;0.009775845;1;1;16;0
877651943;877651554;-39823.375;20023.957;-1.2077873;0.85706;-0.009721148;-0.015186186;0.5149011;-89.35689;99.993576;0.13791874;-0.20716846;-0.0062514623;-0.03287957;911604.44;930087.6;0.21952438;0.00023974884;0.00048521196;0.0005234262;53.11292;106.13594;0.009781361;1;1;16;0
878146919;878146399;-39871.21;20081.62;-1.2053086;0.8577555;-0.0005732197;-0.006375345;0.5140181;-89.05366;100.00172;0.13916487;0.019736532;-0.026201354;0.01032427;916649.5;935702.2;0.21759915;0.0002462379;0.00047984938;0.0005243433;53.373352;106.88922;0.009755185;1;1;16;0
878651091;878650194;-39920.234;20139.84;-1.1914034;0.8612774;-0.00092519115;-0.0007228392;0.50813377;-88.70783;99.993195;0.1571231;-0.033027098;0.09854158;-0.01114426;921813.0;941447.7;0.21635973;0.00024631812;0.00048400872;0.0005206108;53.637512;107.581474;0.009758358;1;1;16;0
879154386;879154036;-39968.418;20198.193;-1.1770599;0.865199;0.004484268;0.005397734;0.5013797;-88.348785;99.99264;0.16915919;-0.0058024754;-0.19674271;-0.037196245;927025.56;947301.7;0.21909453;0.00025134016;0.00047577833;0.00052861864;53.91488;108.42162;0.009847628;1;1;16;0
879649252;879648881;-40015.844;20255.879;-1.1554718;0.86300576;0.0011034617;-0.0075059202;0.5051371;-88.02046;99.98105;0.16990165;0.12020892;-0.09119315;-0.092738576;932182.6;953106.44;0.21741183;0.00024224668;0.00047834287;0.00053891377;54.184036;109.28232;0.009858992;1;1;16;0
880153116;880152723;-40062.62;20314.76;-1.1334486;0.8679911;-0.0019986418;-0.004091876;0.49655887;-87.63581;99.99359;0.17149031;0.15371408;0.0018846944;-0.0041539315;937511.7;959213.9;0.21639079;0.00026019104;0.00047064887;0.0005411724;54.48256;110.60634;0.009885896;1;1;16;0
880647959;880647568;-40107.445;20373.469;-1.1120166;0.8653327;-0.00013659718;-0.007848165;0.5011366;-87.221825;99.97481;0.18906792;-0.08770444;0.18666945;0.018828433;942789.9;965307.4;0.21877736;0.00026529998;0.00048699178;0.0005343387;54.786774;111.98355;0.0099942535;1;1;16;0
881151942;881151410;-40153.348;20433.387;-1.096551;0.86132586;-0.0013854898;-0.0044666766;0.50803137;-86.81878;99.98994;0.19818316;0.10487133;0.18876185;-0.025068443;948167.44;971483.06;0.21789129;0.00025701267;0.0004916432;0.0005468759;55.07834;113.16503;0.010024547;1;1;16;0
881646803;881646255;-40198.668;20492.002;-1.0768585;0.8574242;0.08279727;0.050329387;0.50540614;-86.386086;99.96352;0.20254676;-0.367747;-0.05957806;-0.043654792;953490.4;977633.75;0.21645363;0.00026203078;0.00057143107;0.00047194006;55.364597;114.406555;0.010020725;1;1;16;0
882150673;882150144;-40244.566;20555.217;-1.0329581;0.84416026;-0.13549979;-0.077672035;0.5128356;-85.83514;99.997246;0.2191036;-0.42247272;-0.048737053;0.07938752;958941.8;983956.75;0.21970858;0.0002561235;0.00041972927;0.0006400591;55.66459;115.60794;0.010289369;1;1;16;0
882654572;882653940;-40295.965;20608.373;-1.0339733;0.83536834;-0.16447774;-0.095599435;0.5157205;-85.80405;99.94346;0.19120024;0.08272673;0.17639895;0.022306966;964359.6;990155.5;0.21898364;0.00024319795;0.00029332328;0.00077805365;55.920067;116.339645;0.010143089;1;1;16;0
883149438;883148784;-40351.094;20654.11;-1.0681068;0.82954603;-0.18047391;-0.10090351;0.51874954;-86.05191;99.84938;0.16198389;-0.15196411;0.13958806;0.014658011;969659.7;996126.2;0.21758163;0.00024394505;0.0002857176;0.00077353296;56.143154;116.542946;0.010080371;1;1;16;0
883653463;883652626;-40407.18;20698.781;-1.1210885;0.8251257;-0.19460085;-0.10858212;0.5191418;-86.400055;99.72795;0.13771892;0.034130886;0.11172846;0.028703723;975115.0;911255.6;0.22069387;0.0002420825;0.00027755374;0.0007771123;56.384026;113.06471;0.010178293;1;1;16;0
884148025;884147474;-40462.965;20743.082;-1.1802855;0.8239186;-0.18948403;-0.11099915;0.52243006;-86.76862;99.6316;0.1098271;0.016360825;0.041833982;0.056467652;980481.94;916830.2;0.21925129;0.0002386064;0.00027409743;0.00077489106;56.615982;113.32647;0.010149674;1;1;16;0
884651866;884651314;-40520.094;20789.332;-1.2579072;0.8262864;-0.17932542;-0.094013914;0.52559936;-87.16785;99.59229;0.0847112;0.066052444;-0.11172692;-0.026500221;985971.56;922532.44;0.21833108;0.0002418426;0.00028216594;0.00075293885;56.843834;113.564476;0.010179206;1;1;16;0
885155729;885155156;-40575.67;20836.125;-1.3318704;0.8305028;-0.15414871;-0.08960714;0.52770615;-87.502846;99.53581;0.05345583;0.17696741;-0.14169918;-0.0045257993;991519.44;928331.56;0.22143549;0.00023625897;0.00030441853;0.0007289765;57.084248;113.944695;0.010332889;1;1;16;0
885650629;885650000;-40627.707;20882.754;-1.3963567;0.85091776;0.026067242;0.013689683;0.5244732;-87.65998;99.464584;0.042456437;-0.2568429;-0.11652756;-0.08955268;997009.2;934102.5;0.21990287;0.00023542733;0.000465375;0.00056625577;57.336655;114.50923;0.010243912;1;1;16;0
886154391;886153890;-40677.41;20938.672;-1.4169697;0.8602688;0.00920803;0.008312621;0.5096899;-87.460785;99.542755;0.051540714;-0.2580834;-0.051967133;-0.12583701;911500.25;940015.56;0.21909422;0.00024464962;0.00052745873;0.0004908846;54.6251;115.0064;0.010232746;1;1;16;0
886649229;886648734;-40725.773;20997.06;-1.4150589;0.86368334;0.0026407272;-0.0041246926;0.5040111;-87.13276;99.67852;0.058080576;-0.023679545;-0.020265529;0.034332044;916541.8;945794.44;0.22149919;0.00025129667;0.0004973204;0.00050688814;54.86405;115.31899;0.0102172;1;1;16;0
887153116;887152530;-40774.066;21055.914;-1.4090046;0.86630034;0.009556595;0.0017190796;0.4994292;-86.767715;99.78906;0.07309531;-0.13309759;-0.19402204;-0.010535201;921728.3;951778.1;0.22058702;0.00025930503;0.00048630722;0.00050634705;55.120956;115.76775;0.010104673;1;1;16;0
887647847;887647377;-40821.99;21114.322;-1.4001389;0.8688752;0.0014135212;0.0092978375;0.49494207;-86.40652;99.91499;0.08384205;-0.1851445;-0.18480839;-0.052726604;926820.25;957610.7;0.21886343;0.00026092865;0.0004813201;0.000501077;55.3577;116.00681;0.0099926395;1;1;16;0
888151750;888151217;-40870.414;21173.617;-1.392012;0.8699862;0.00023329556;0.014614506;0.49285963;-86.08735;99.99434;0.08069871;0.023720039;-0.17049055;0.013785333;932086.6;963744.6;0.2217626;0.0002554528;0.00046276406;0.00052406284;55.624245;116.638504;0.010002556;1;1;16;0
888655905;888655059;-40918.492;21232.234;-1.387584;0.8686762;0.0019816675;0.009425391;0.49528697;-85.75479;99.99499;0.093918204;-0.16826677;0.20457889;-0.024437455;937358.2;969853.1;0.2205782;0.00024919273;0.00046336805;0.0005252043;55.87897;117.07569;0.009923984;1;1;16;0
889150261;889149903;-40965.727;21289.445;-1.3840781;0.87049216;0.004592196;0.010378569;0.4920516;-85.47538;99.98851;0.08299166;0.14863227;0.276941;-0.04258723;942567.9;975903.94;0.21879424;0.00024352343;0.0004505369;0.00054062624;56.136036;117.507;0.009862635;1;1;16;0
889654318;889653745;-41013.14;21347.68;-1.3703154;0.8687063;-0.0045879874;-0.0076890565;0.4952466;-85.13405;99.99005;0.10584829;0.064135775;0.08155546;0.031409822;947913.3;982149.75;0.22150354;0.0002537063;0.00045851737;0.0005200564;56.399654;118.03345;0.009934068;1;1;16;0
890149375;890148591;-41059.71;21404.93;-1.3599572;0.86736625;-0.0037256558;-0.0098031275;0.49756008;-84.811516;99.992424;0.1104433;0.17369182;-0.0063984985;-0.0246911;953195.5;988322.06;0.21965225;0.00025087644;0.00045872395;0.0005197963;56.65787;118.54568;0.00987152;1;1;16;0
890653038;890652480;-41106.992;21463.377;-1.353414;0.8653201;-0.005403099;-0.005071346;0.5011649;-84.47688;99.99842;0.12760694;-0.05915418;-0.14854948;0.059039425;958618.4;994709.5;0.21845631;0.0002533401;0.00046152945;0.00051577116;56.93623;119.2071;0.009832929;1;1;16;0
891147869;891147324;-41153.926;21521.264;-1.3487108;0.8642646;0.00079655653;-0.0024730505;0.5030307;-84.175;99.98177;0.13113175;-0.19301218;-0.0045244596;0.03463762;963947.56;909970.25;0.22054502;0.0002472375;0.0004736624;0.0005041643;57.18551;115.40654;0.009887492;1;1;16;0
891651996;891651120;-41201.855;21580.822;-1.336777;0.8617177;-0.000526814;-0.005526375;0.5073576;-83.872955;99.99273;0.1447885;0.07822256;0.020226695;0.08393656;969413.4;915853.25;0.21933591;0.0002474423;0.0004712224;0.0005031677;57.448513;115.89413;0.009875407;1;1;16;0
892155531;892154962;-41249.543;21640.129;-1.3240162;0.8621108;-0.0032411355;-0.007072516;0.5066602;-83.549774;99.99185;0.15832523;0.00069653516;-0.065123305;-0.030238211;974930.56;921831.6;0.21822949;0.00023968928;0.00046685184;0.0005157249;57.726604;116.510796;0.009866394;1;1;16;0
892650337;892649806;-41296.83;21697.703;-1.3029231;0.8693271;0.0032943874;-0.0064332057;0.49418446;-83.25429;99.980446;0.15985632;-0.0019200386;-0.0100335665;-0.003931936;980345.5;927668.94;0.2203873;0.00024467718;0.00046069897;0.0005107455;57.977245;116.83514;0.009939922;1;1;16;0
893154054;893153648;-41344.477;21757.586;-1.2944045;0.8711211;-0.0025134033;-0.004314441;0.49104282;-82.95215;99.9996;0.15672545;0.08716123;-0.06563368;0.051893055;985941.2;933780.7;0.21930955;0.00025476824;0.0004503478;0.0005123816;58.259727;117.573906;0.009940449;1;1;16;0
893648884;893648493;-41390.21;21815.71;-1.2802662;0.86397564;-0.005331628;-0.00062393566;0.50350505;-82.64324;99.97868;0.15613969;0.11278893;0.3038488;0.105139256;991482.9;939864.06;0.21772438;0.00024560193;0.0004577868;0.00051769405;58.545372;118.35419;0.009932469;1;1;16;0
894152757;894152335;-41437.805;21875.4;-1.2656584;0.8609673;0.0032540048;0.004620771;0.50862896;-82.30529;99.99003;0.18153235;-0.021951275;0.058794472;-0.044471532;997103.3;945988.1;0.22061315;0.00023754471;0.000469053;0.00050959317;58.808697;118.75759;0.010033193;1;1;16;0
894647737;894647180;-41485.156;21934.086;-1.251154;0.85928655;-0.0056357067;-0.0029666026;0.51145494;-82.00142;99.97865;0.1884724;-0.012258209;0.006138564;0.022323541;911532.44;952099.3;0.21905524;0.0002333035;0.00047062046;0.0005101688;56.06475;119.3052;0.010030341;1;1;16;0
895151583;895151069;-41532.625;21992.793;-1.2349664;0.85955405;-0.004618777;-0.0010893871;0.51102287;-81.709305;99.98047;0.18853368;-0.019271543;0.09840936;0.049433246;916715.7;958334.8;0.2181593;0.00023294652;0.00046330786;0.0005147307;56.328438;119.72852;0.010034155;1;1;16;0
895655503;895654864;-41580.105;22051.334;-1.2113699;0.85706407;-0.00222862;-0.004825266;0.5151825;-81.41653;99.99689;0.19658425;0.19091855;-0.014000963;0.031030491;921951.6;964684.75;0.21728416;0.00023054217;0.0004621447;0.00051738915;56.596775;120.33485;0.010062678;1;1;16;0
896150131;896149709;-41626.695;22108.568;-1.1908172;0.8598519;-6.497019e-06;-0.0034541974;0.51053184;-81.09494;99.98249;0.21707372;-0.07929176;-0.14964862;0.021766528;927115.06;970952.9;0.219731;0.0002336161;0.00047260147;0.00050134416;56.85625;120.855095;0.010151778;1;1;16;0
896654225;896653551;-41673.645;22166.934;-1.1592516;0.81920856;-0.2361547;-0.13050857;0.50605917;-80.85191;100.06614;0.19201514;0.1817295;-0.10542713;0.20199548;932433.7;977470.6;0.21894686;0.00023566275;0.0004276457;0.0005464255;57.13622;121.61645;0.010310439;1;1;16;0
897148791;897148396;-41720.26;22218.793;-1.1932285;0.8013864;-0.20730922;-0.09723872;0.55258244;-80.81262;99.896675;0.1579311;0.90672326;-0.10021654;0.27815637;937744.0;984127.3;0.22158538;0.0002274535;0.0002779745;0.00071674027;57.445942;122.983826;0.010178038;1;1;16;0
897652782;897652238;-41768.844;22266.068;-1.2481115;0.8203815;-0.046345785;-0.05783197;0.5669936;-80.94049;99.72091;0.16749582;-0.5016992;-0.1742634;-0.118667796;943161.25;990902.6;0.22068329;0.00020581162;0.00040125803;0.0006231883;57.73619;124.18427;0.010083374;1;1;16;0
898147946;898147082;-41819.566;22316.709;-1.2859817;0.8330517;-0.06599002;-0.054972738;0.5464871;-81.09948;99.80624;0.15816973;-0.13638915;-0.42369276;-0.054768834;948422.25;997306.8;0.21917929;0.00022051878;0.0003869906;0.0006146512;57.97367;124.42775;0.01012039;1;1;16;0
898651559;898650924;-41869.758;22368.277;-1.3120587;0.8367265;-0.06893407;-0.045730412;0.54133683;-81.15766;99.81582;0.1240048;0.09622284;0.016767727;-0.03896921;953833.4;912709.6;0.21837226;0.00021504363;0.0003953864;0.00060798205;58.231987;120.41359;0.010148881;1;1;16;0
899155321;899154814;-41919.98;22420.55;-1.3270167;0.84271365;-0.05252107;-0.04439509;0.5339518;-81.138466;99.85708;0.12533215;-0.109527506;-0.12167089;-0.031185882;959230.1;918724.0;0.22134513;0.0002130358;0.00040132893;0.00059357024;58.47013;120.52758;0.0102241;1;1;16;0
899650165;899649658;-41969.29;22474.018;-1.3414048;0.8500709;-0.05621251;-0.030885924;0.5227483;-81.12564;99.97544;0.111490004;0.11875059;-0.077397846;-0.108524896;964573.5;924681.9;0.21981919;0.00022107793;0.00039446;0.00058181543;58.70084;120.62421;0.010181062;1;1;16;0
900154061;900153453;-42018.016;22528.348;-1.368316;0.86195606;-0.055033535;-0.02411335;0.50341;-81.03855;99.992096;0.110953555;-0.06211238;-0.12565435;-0.09282763;970095.7;930924.06;0.218935;0.00023270863;0.00040485238;0.0005590236;58.974174;121.17216;0.010166904;1;1;16;0
900648891;900648298;-42064.902;22582.123;-1.3900931;0.8620817;-0.05638891;-0.035415564;0.5023755;-80.931175;99.98751;0.09913131;-0.12098908;-0.063540265;-0.010563732;975543.94;937088.2;0.2213189;0.00023414016;0.0003907009;0.0005685527;59.23527;121.6537;0.010200468;1;1;16;0
901152702;901152141;-42113.355;22637.79;-1.4191494;0.8598271;-0.074068554;-0.047606826;0.5029362;-80.857;100.00386;0.084391534;0.14231783;-0.04290463;-0.006506533;981086.94;943323.2;0.2202818;0.00022968213;0.00036199245;0.00059336977;59.48152;121.851456;0.010161349;1;1;16;0
901647493;901646985;-42160.566;22691.477;-1.4490135;0.8606895;-0.051378287;-0.039917782;0.504956;-80.85921;100.04311;0.066600725;1.2533723;-0.11411607;-0.08063262;986593.56;949573.9;0.22264281;0.00022717692;0.00035892404;0.0005964826;59.748436;122.29347;0.01020491;1;1;16;0
902151227;902150827;-42206.72;22745.88;-1.4612805;0.8683021;0.008579097;0.005741188;0.4959283;-80.638885;99.995605;0.073771894;0.33635297;0.23311305;-0.051396832;992265.56;956039.6;0.22159831;0.00023474862;0.00044153555;0.0005057131;60.025433;122.90285;0.010163421;1;1;16;0
902655246;902654669;-42252.684;22803.049;-1.4513954;0.86977756;0.040625513;0.029682197;0.49087232;-80.30093;100.004524;0.09519003;0.23812583;-0.12604432;-0.00834471;997965.56;962544.4;0.22051437;0.00024079818;0.0004763635;0.0004637542;60.30143;123.49251;0.010030444;1;1;16;0
903150423;903149513;-42298.15;22862.082;-1.4195175;0.8719105;0.06822716;0.036465935;0.48351583;-79.90022;100.02353;0.12743708;0.3047439;-0.011412698;-0.0046349512;912346.25;968919.5;0.21870837;0.00024087178;0.00051308767;0.00042205738;57.508465;123.88246;0.009930272;1;1;16;0
903653926;903653402;-42344.918;22925.027;-1.3644001;0.87586427;0.0905707;0.05265843;0.4710476;-79.37788;100.00494;0.1560007;-0.0277351;-0.019847866;-0.0030740313;917565.7;975450.25;0.22144374;0.0002585382;0.0005376543;0.00037414738;57.767803;124.15823;0.009951225;1;1;16;0
904148770;904148247;-42391.43;22989.904;-1.3039954;0.87944615;0.08862781;0.05480223;0.46445265;-78.83925;100.020905;0.20348202;0.07058692;-0.13674024;0.034045972;922734.5;981938.2;0.21951409;0.00026454005;0.0005292851;0.00037136962;58.023613;124.54227;0.009887593;1;1;16;0
904652654;904652042;-42438.652;23055.832;-1.2245729;0.8811349;0.09907957;0.07163088;0.4567861;-78.26892;100.014275;0.24197407;-0.012024759;-0.06158323;0.0061701084;928030.5;988608.25;0.21819843;0.0002709113;0.0005347269;0.0003546277;58.285793;124.93472;0.009864948;1;1;16;0
905147466;905146886;-42485.18;23121.83;-1.1422368;0.8844187;0.03325479;0.04533218;0.46329555;-77.56906;99.924736;0.29029778;-1.8428168;-0.27733517;0.0035403883;933269.56;995246.06;0.22027087;0.0002670472;0.00053774536;0.00035288197;58.55308;125.372;0.010000617;1;1;16;0
905651085;905650728;-42531.47;23186.592;-1.0836227;0.85620975;-0.15276575;0.15612096;0.46818125;-77.34597;99.845436;0.2765867;0.07151979;1.9196023;0.1680265;938690.8;911127.94;0.2191591;0.00024901668;0.00036783336;0.0005468516;58.860165;121.74562;0.009997436;1;1;16;0
906155117;906154570;-42576.094;23243.783;-1.0294099;0.8560149;-0.05906107;0.085461505;0.5064057;-76.89766;99.9338;0.33447203;0.5493712;0.3767969;0.12507486;944126.5;917491.8;0.2180843;0.0003073155;0.000407071;0.00045019822;59.132404;122.41815;0.010078699;1;1;16;0
906649951;906649415;-42621.227;23302.016;-0.94067174;0.8528931;0.014970398;-0.029787749;0.52102023;-76.39949;99.97929;0.3921146;-0.4883734;-0.6140311;0.043580968;949444.56;923695.9;0.22045809;0.00025810476;0.00045577934;0.00044601192;59.384167;122.708916;0.010217621;1;1;16;0
907153693;907153257;-42667.805;23358.387;-0.86439145;0.84084177;-0.1161647;-0.084701225;0.52183974;-76.1499;99.99183;0.38064378;-0.1511435;-0.46398538;-0.025410887;954940.8;930180.6;0.21964839;0.00021423996;0.00043398963;0.00051329564;59.673637;123.43028;0.01032756;1;1;16;0
907648778;907648101;-42712.31;23410.521;-0.79720074;0.8376414;0.06632796;-0.18032375;0.5113127;-76.05073;99.88405;0.3223774;0.35950503;0.0073288525;-0.04749634;960407.7;936697.6;0.21824779;0.00015668252;0.0004832996;0.0005283378;59.97324;124.44692;0.010294159;1;1;16;0
908152350;908151990;-42757.305;23463.701;-0.7774001;0.825124;0.112023614;-0.22479032;0.50605375;-75.94135;99.88448;0.23337203;0.09499766;0.5665084;0.022742083;966005.8;943407.94;0.22149755;0.00015546771;0.00047034517;0.0005498461;60.28914;125.502785;0.010328917;1;1;16;0
908647372;908646835;-42801.836;23515.598;-0.844362;0.85475373;-0.031306952;0.08607908;0.51088774;-75.86603;99.92003;0.23814856;-0.083464555;-0.20923412;-0.048548765;971572.56;950146.5;0.22007108;0.00022485385;0.0004753537;0.00048650266;60.627342;126.9473;0.010223662;1;1;16;0
909151221;909150630;-42849.656;23570.803;-0.8556364;0.848116;-0.07378177;0.14586231;0.50396407;-75.626305;99.86576;0.26985082;-0.16570699;0.32337973;-0.018038092;977140.2;956746.7;0.21920872;0.0002982381;0.00047918226;0.00040154418;60.870335;127.162224;0.010245382;1;1;16;0
909655207;909654473;-42899.145;23629.53;-0.8132077;0.83880585;-0.13618086;-0.07756379;0.52138615;-75.4226;99.9357;0.18624966;1.8753167;0.49698657;0.11882668;982776.3;963488.9;0.22250819;0.00018847827;0.0002788555;0.0007085668;61.13036;127.62701;0.010481694;1;1;16;0
910149764;910149316;-42946.137;23681.709;-0.8276559;0.84748477;0.037775427;0.01799054;0.5291683;-75.03273;99.71021;0.23772179;-2.7829995;0.5761018;-0.07877921;988388.8;970287.6;0.22097977;0.00019244854;0.0006848179;0.0003035719;61.426804;128.56393;0.010355104;1;1;16;0
910653521;910653158;-42992.223;23740.648;-0.8001259;0.8522759;-0.08426693;0.00072598737;0.51625985;-75.03134;99.88247;0.14964397;2.5838652;2.0283074;0.101355344;994168.7;977345.0;0.22037706;0.00021650289;0.00035700208;0.00061591156;61.736824;129.70299;0.0105250385;1;1;16;0
911148759;911148003;-43035.797;23796.99;-0.79345703;0.85682863;0.035295505;-0.06596583;0.51014453;-74.43571;99.97723;0.29881436;-0.037042018;-0.51471096;-0.062185876;999907.56;984408.8;0.22296607;0.00033819315;0.00047247423;0.00039052658;62.048748;131.05104;0.01064742;1;1;16;0
911652316;911651845;-43079.766;23854.145;-0.782243;0.8595233;0.051308863;-0.11145401;0.49615034;-74.06166;99.75359;0.286421;-0.30504507;-0.4562929;0.008318945;914315.4;991558.7;0.22229265;0.00019898318;0.000507252;0.000502185;59.24225;132.11963;0.010529309;1;1;16;0
912147325;912146689;-43124.83;23907.764;-0.793962;0.85384333;0.14819357;-0.008952167;0.49890894;-73.93467;99.724525;0.2186991;-0.12127706;0.39421904;-0.12996905;919510.4;998519.8;0.22085704;0.00018156145;0.0005786934;0.00044524923;59.509705;132.7483;0.010370945;1;1;16;0
912650936;912650578;-43173.656;23966.348;-0.7716382;0.84400076;0.052662753;-0.22845897;0.48238578;-73.71248;99.990074;0.26014376;1.2972991;-0.69098985;-0.11901472;924831.7;914298.8;0.22418419;0.00018274883;0.00039809296;0.000623276;59.777237;128.41953;0.010744322;1;1;16;0
913155051;913154373;-43218.836;24017.74;-0.830817;0.8314306;-0.07302425;-0.2316402;0.4997334;-73.61659;99.796684;0.13480167;0.024123177;0.1947172;-0.07650823;930253.0;921065.3;0.2235112;0.00018886241;0.00028247692;0.0007425076;60.092175;129.69383;0.010612141;1;1;16;0
913649861;913649217;-43262.12;24061.85;-0.9614743;0.8288817;0.06838867;-0.055363037;0.55246097;-73.90762;99.35781;-0.046349585;0.10321192;2.3747296;0.007666596;935578.06;927705.7;0.22191541;0.00017151683;0.0003891225;0.0006565101;60.369316;130.69635;0.010380249;1;1;16;0
914153510;914153059;-43306.234;24109.54;-1.0571928;0.82984406;0.022389613;-0.036790993;0.5563309;-73.8163;99.47619;0.19059677;2.0931902;-2.0924594;-0.29398334;941073.4;934615.75;0.22509822;0.00035711346;0.00041467592;0.00045516685;60.67348;131.9672;0.010680651;1;1;16;0
914648338;914647904;-43348.45;24162.785;-1.1196083;0.8504068;-0.11580043;0.18816052;0.47748753;-73.46729;99.32495;0.11229742;1.5591625;-0.09742103;-0.47139764;946476.0;941413.8;0.22355145;0.00025044766;0.0005320737;0.0004512934;60.968506;133.09383;0.010790551;1;1;16;0
915152119;915151746;-43390.594;24218.975;-1.1365387;0.8741891;-0.070491485;0.016120698;0.4801715;-72.9526;99.21153;0.049025647;0.1982345;1.5754703;0.23365705;952045.0;948488.8;0.22279054;0.0002462994;0.00024760852;0.00075112615;61.265133;134.53076;0.010360986;1;1;16;0
915647132;915646590;-43431.13;24268.852;-1.164021;0.78534436;-0.065378554;-0.19560818;0.5836929;-72.703316;99.18833;0.06124307;0.3877769;0.5897861;-0.16939905;957536.9;955474.3;0.22520177;0.00024848955;0.00031143575;0.00069353794;61.542316;135.70041;0.010564546;1;1;16;0
916151147;916150432;-43472.316;24315.555;-1.2231957;0.84995353;0.1234432;0.004283977;0.51217425;-72.52206;98.84601;0.045756884;-1.00018;0.5243169;-0.26156014;963159.2;962649.75;0.22400238;0.00021756753;0.0007651407;0.0002789451;61.830067;136.97765;0.010538498;1;1;16;0
916654877;916654321;-43518.242;24370.86;-1.2124536;0.8607641;0.10907052;-0.06505479;0.49290645;-72.136536;98.89892;0.14351505;0.7783021;-0.31618643;-0.07145645;968767.75;969745.2;0.22315103;0.0002450679;0.0005250744;0.00049182214;62.101215;137.73923;0.010526403;1;1;16;0
917149707;917149165;-43565.105;24423.516;-1.2098628;0.8749511;0.074139364;-0.060826693;0.47462;-71.61726;98.72666;0.1742582;-1.4350951;-0.9219706;0.14267077;974296.9;976732.9;0.22555918;0.0002255146;0.0006657496;0.0003667652;62.36437;138.34259;0.010661966;1;1;16;0
917653384;917652960;-43615.426;24479.213;-1.2190135;0.8641449;0.009801151;-0.15581039;0.47841492;-71.59552;98.75002;0.03797515;0.25119054;0.47584587;0.10392532;979958.75;983918.75;0.22468951;0.00016311549;0.00037164966;0.000719491;62.630814;139.00822;0.010583856;1;1;16;0
918148151;918147805;-43657.98;24529.773;-1.3091242;0.8713437;-0.0027058278;0.038310155;0.4891681;-71.527725;98.760506;0.07328035;-0.25114962;-0.23773177;0.023785595;985602.3;991188.06;0.22309445;0.00024271436;0.00049889367;0.0005194255;62.919617;140.13802;0.0105471425;1;1;16;0
918652324;918651646;-43702.715;24582.441;-1.351249;0.87538236;-0.01206011;0.02301735;0.48273233;-71.324524;98.71254;0.0666419;-0.24886425;-0.11061423;-0.15562975;991360.6;998571.2;0.2221702;0.00026228058;0.0004957982;0.00050421024;63.18632;140.94836;0.010557983;1;1;16;0
919147265;919146491;-43747.78;24635.16;-1.3720508;0.9067366;-0.0055984575;0.0132011715;0.42145374;-71.08956;98.711365;0.071403034;-0.35558578;-0.028038764;-0.39823663;996967.75;914291.7;0.22462706;0.00028980296;0.0004538341;0.0005066279;63.41682;135.79037;0.010616853;1;1;16;0
919650859;919650333;-43794.04;24690.5;-1.3860198;0.9609603;0.010917794;-0.005650246;0.2764133;-70.89022;98.85271;0.087567486;-0.19382873;-0.13986915;-0.8844914;911565.5;920938.5;0.22368644;0.0004033561;0.00033765714;0.0004969032;60.48281;135.84074;0.010601777;1;1;16;0
920154794;920154175;-43838.07;24745.28;-1.4036862;0.99991006;-0.0016826624;0.0040232176;0.01268905;-70.792656;99.02118;0.107392766;0.26957488;-0.24947658;-1.1343945;916836.0;927664.9;0.2226733;0.0005876979;0.00015046574;0.0004845695;60.718082;135.95096;0.010560803;1;1;16;0
920649592;920649019;-43876.37;24793.193;-1.4435247;0.950724;-0.19705081;0.040541276;-0.23590508;-71.021706;99.1517;0.029806735;1.8361531;0.8806206;-0.2620002;922064.56;934379.8;0.22514236;0.0005209229;0.00019259333;0.0004897106;60.952522;136.18459;0.010654018;1;1;16;0
921153263;921152908;-43904.85;24838.197;-1.5453587;0.89327127;0.004277448;0.3428684;-0.29067072;-71.31553;98.81204;0.05254155;0.4768532;-2.4447603;-0.6296823;927513.0;941554.8;0.22408701;0.00057507;0.00032470212;0.00029583162;61.256332;137.55345;0.010216454;1;1;16;0
921657099;921656702;-43933.4;24873.742;-1.5848444;0.7901429;0.016706195;-0.12616178;-0.59956515;-72.23998;98.263214;0.08593942;-2.6177242;-0.7340077;-0.6966042;932984.3;948795.94;0.2230993;0.0003427178;0.00021993126;0.00062013627;61.499214;138.74055;0.0107205575;1;1;16;0
922151939;922151547;-43953.793;24908.455;-1.6946104;0.7179078;0.006935278;-0.023721294;-0.6956994;-72.59742;97.73797;0.12822926;1.3478206;-1.514663;-0.11144124;938407.94;955991.56;0.22535612;0.00014179196;0.0007131351;0.00030895596;61.748756;139.9843;0.010643085;1;1;16;0
922646971;922646392;-43976.86;24940.873;-1.8282901;0.72967905;0.01005273;0.01723569;-0.6834987;-73.68803;97.266655;0.044702888;0.6258836;-0.8920885;0.21508448;943828.3;963126.1;0.22366993;0.00012099963;0.00061211945;0.00040626834;61.974575;140.86336;0.0104247155;1;1;16;0
923150829;923150233;-44002.766;24972.799;-1.955378;0.79287785;0.0060425913;0.0041052965;-0.60933685;-74.86994;96.68281;-0.021821456;0.1266222;-0.115793586;0.41990623;949344.5;970319.0;0.22248061;0.00013872627;0.0005294275;0.00044072117;62.17977;141.30832;0.010315382;1;1;16;0
923654637;923654075;-44030.3;25003.717;-2.0578246;0.8558538;0.0041148635;0.0028316535;-0.51719385;-75.96713;95.94101;-0.06515225;-0.12171085;-0.008961715;0.47140688;954896.0;977554.25;0.22522937;0.00019159509;0.0004314123;0.00045937925;62.400894;141.72777;0.010240217;1;1;16;0
924149650;924148919;-44058.93;25034.418;-2.1238987;0.89102787;0.19343184;-0.05097245;-0.40749902;-76.88715;95.173744;-0.06438785;0.3429818;0.27651176;0.27838153;960378.75;984688.4;0.22309728;0.00027807115;0.00021324218;0.0005684493;62.621033;142.06606;0.01001019;1;1;16;0
924653400;924652761;-44086.945;25072.53;-2.1624603;0.9031737;0.16103193;0.15491715;-0.3665334;-77.74763;94.47319;-0.061769426;-1.7512692;0.87739164;-0.35880283;966016.25;992072.56;0.2214141;0.00041972753;0.00017034276;0.00045687126;62.86509;142.6298;0.009800145;1;1;16;0
925157045;925156650;-44117.45;25114.332;-2.154155;0.9652052;-0.015627038;-0.02726784;-0.25959826;-78.123695;94.236626;-0.08819868;1.4065324;0.6509273;0.5655899;971738.25;999656.1;0.22374648;0.0003381958;0.0002523318;0.000447674;63.134914;143.52443;0.009831341;1;1;16;0
925651874;925651494;-44148.207;25155.12;-2.1567662;0.9941011;-0.05214405;-0.04344436;-0.084597185;-78.68019;93.74905;-0.060878664;0.24972907;-0.017384375;0.9232483;977413.56;915695.9;0.22121201;0.00046777588;0.00012115629;0.00044553718;63.433243;139.11295;0.0096504325;1;1;16;0
926146732;926146339;-44181.27;25198.117;-2.1508899;0.9871476;0.0009602528;-0.005959882;0.15969741;-79.0789;93.45414;-0.019000316;-0.098131806;-0.7333454;1.0779145;983155.1;922707.8;0.2185768;0.00050624495;0.00013044794;0.000402011;63.76625;140.39992;0.009354109;1;1;16;0
926650638;926650134;-44219.246;25244.97;-2.1007535;0.9281806;0.03708053;0.07810927;0.36194608;-79.0133;93.279274;-0.02914342;-2.234213;-1.155228;0.55045015;989069.4;929991.6;0.22034128;0.0003478498;0.0004225647;0.00027807942;64.118324;141.93112;0.009281238;1;1;16;0
927154362;927153975;-44263.15;25292.926;-2.025015;0.87572485;0.082421646;-0.023951516;0.47512;-79.04755;93.355675;-0.095574744;-0.06257424;0.74291974;0.17016977;994993.94;937267.75;0.21822414;0.00013143563;0.0003825938;0.0005414432;64.458565;143.21083;0.009166752;1;1;16;0
927649335;927648820;-44308.715;25339.615;-1.9974204;0.8223239;0.06762591;-0.024835426;0.5644408;-79.1196;93.264145;-0.1452677;1.0414289;1.2198566;0.1849906;909832.06;944355.8;0.2155323;0.000109809655;0.0003560793;0.00059220666;61.51864;144.07018;0.009018522;1;1;16;0
928153022;928152661;-44355.992;25383.72;-2.0025992;0.7852541;0.09107034;0.12123899;0.60031927;-79.03258;92.932686;-0.1374851;0.63406545;1.4949453;-0.25891358;915288.6;951759.9;0.21726556;0.000105168714;0.00048318162;0.0004752256;61.85262;145.31883;0.009188452;1;1;16;0
928647893;928647506;-44402.43;25429.36;-1.992825;0.74567556;-0.012538938;0.049254984;0.6643679;-78.67741;93.02192;-0.081597485;-0.03737094;-0.21546406;0.6343565;920672.1;959056.44;0.2148143;0.00011318522;0.0006059469;0.00034747823;62.159367;146.30824;0.009268467;1;1;16;0
929152025;929151347;-44445.79;25476.613;-1.9702861;0.68644524;-0.0013874149;0.013140465;0.7270615;-78.31229;92.90749;-0.07842617;0.12811491;0.057475597;0.05011978;926182.7;966548.56;0.2132034;0.00011066792;0.0004858427;0.00047219792;62.469074;147.35399;0.009303027;1;1;16;0
929646617;929646192;-44489.113;25524.055;-1.9539744;0.683706;0.004538596;0.004472494;0.7297299;-78.15736;92.85725;-0.06874935;0.08899679;-0.01980514;0.02460211;931588.3;973850.3;0.21499354;0.00011353968;0.00049423403;0.00045856118;62.759193;148.0026;0.009475172;1;1;16;0
930150582;930150081;-44533.64;25573.506;-1.942943;0.69740456;-0.0023030138;-0.011287189;0.71658516;-78.03757;92.8508;-0.06989934;-0.07509198;-0.018783748;-0.20140953;937091.8;981254.25;0.21386065;0.00011073614;0.0004984425;0.00045055326;63.03623;148.3857;0.009593331;1;1;16;0
930654406;930653875;-44577.96;25625.377;-1.9337265;0.7480735;-0.0055768695;-0.004789573;0.66357523;-77.936455;92.96262;-0.070317775;0.090883225;-0.16672677;-0.36437276;942592.3;988624.4;0.2129977;0.00010402162;0.0004917657;0.00045460422;63.29953;148.47964;0.009726215;1;1;16;0
931149291;931148720;-44621.59;25677.498;-1.924464;0.81324434;-0.007931171;-0.0009095387;0.58186775;-77.7994;93.115265;-0.06861504;-0.13432539;-0.046928145;-0.4449516;947998.06;995878.8;0.21543787;0.000118597985;0.00048245548;0.00044185988;63.561836;148.49968;0.009931083;1;1;16;0
931653135;931652561;-44666.008;25729.854;-1.9145056;0.8726911;-0.010048457;0.0066923327;0.4881235;-77.642975;93.2383;-0.07194631;-0.035536543;0.043109454;-0.42400828;953507.3;912156.2;0.21489379;0.00016574521;0.0004267155;0.00044291423;63.828514;142.76315;0.01002167;1;1;16;0
932156939;932156403;-44710.027;25781.988;-1.9081883;0.8919914;0.004120205;-0.0021686314;0.45202836;-77.47492;93.36895;-0.070128575;-0.05071996;-0.04991636;0.039641213;959064.06;919089.75;0.21451467;0.00021501952;0.00037439397;0.00044184385;64.10581;142.96886;0.010053144;1;1;16;0
932651797;932651247;-44752.96;25832.309;-1.9035059;0.88688576;-0.0014287946;-0.010129931;0.46187553;-77.30688;93.44052;-0.08832929;0.11473437;0.030805841;0.039814766;964521.56;925901.56;0.21735391;0.00020670478;0.00037111074;0.00044837457;64.36929;142.99907;0.010173121;1;1;16;0
933146666;933146092;-44795.527;25882.768;-1.9052328;0.8832604;-0.0001085947;-0.009662892;0.4687831;-77.107185;93.52418;-0.07882485;0.021037672;0.097789444;0.025503583;969990.56;932795.2;0.21644594;0.0002064716;0.00038569988;0.00042934177;64.625465;143.12303;0.010193142;1;1;16;0
933650550;933649933;-44839.656;25932.56;-1.9083904;0.8809034;-0.0040656114;-0.004125935;0.47326082;-76.91986;93.508934;-0.07410259;0.07777612;-0.11681825;0.0007067206;975627.1;940011.06;0.21623862;0.00020373744;0.0003823775;0.0004366833;64.908005;143.68039;0.010231024;1;1;16;0
934154181;934153822;-44883.88;25981.756;-1.9073704;0.8817033;0.006602797;0.006639036;0.4717114;-76.73157;93.4719;-0.07230781;-0.0031375808;0.039320756;-0.013223862;981263.6;947215.8;0.21985883;0.00020111632;0.0003830941;0.00043801835;65.1801;144.01338;0.010326866;1;1;16;0
934649057;934648666;-44927.66;26029.44;-1.9038141;0.88219833;0.0040209186;0.015837912;0.4705946;-76.568504;93.39999;-0.08212603;0.2049202;0.19898127;-0.09669127;986794.56;954344.0;0.21897408;0.00020247935;0.00037475387;0.00044314907;65.43095;144.31061;0.010320271;1;1;16;0
935153000;935152461;-44972.996;26077.56;-1.8929918;0.8855526;0.0028776035;0.00108517;0.464529;-76.39817;93.30246;-0.08976687;0.29020432;0.21048638;-0.017214306;992431.94;961638.7;0.21862797;0.0002027854;0.0003654396;0.00044988678;65.677864;144.55447;0.010289437;1;1;16;0
935657058;935656303;-45018.117;26125.492;-1.8878328;0.8829197;0.0022032456;0.0073422156;0.4694615;-76.21471;93.22432;-0.06736116;0.021544127;0.2191265;0.0326115;998109.1;969048.1;0.21828316;0.00020831852;0.00036742998;0.0004424317;65.93321;144.96655;0.0102715315;1;1;16;0
936151712;936151147;-45062.945;26171.17;-1.8755212;0.8809266;0.00453837;0.007869968;0.47316575;-76.06526;93.05845;-0.07542572;0.2892934;0.143753;-0.054453578;912515.0;976416.75;0.22117251;0.000200323;0.00037333195;0.0004473794;62.89622;145.50963;0.010359803;1;1;16;0
936646661;936645991;-45107.387;26217.996;-1.8657463;0.8836887;0.0012675128;-0.0056496765;0.46803936;-75.88167;92.95701;-0.06839116;0.0038746428;0.0081380205;-0.002271708;917614.75;983722.2;0.22001174;0.00021225451;0.00036868785;0.0004365885;63.119907;145.63652;0.010310221;1;1;16;0
937150490;937149833;-45152.383;26265.328;-1.8549042;0.88099545;-0.0039845593;-0.0035923372;0.4730944;-75.69241;92.833496;-0.0647275;-0.04574053;0.21204594;-0.010246156;922883.8;991304.3;0.2234649;0.00021429878;0.00037789272;0.00042502323;63.36944;145.99321;0.010391407;1;1;16;0
937654075;937653675;-45197.258;26312.322;-1.8412557;0.88104343;-0.0010480211;-0.007601639;0.4729732;-75.51379;92.70145;-0.055384185;0.06943308;0.10594774;-0.049634654;928142.94;998912.25;0.22280897;0.00021697706;0.00038092962;0.00041946184;63.611458;146.27022;0.010363839;1;1;16;0
938149175;938148519;-45240.13;26358.941;-1.8388277;0.88810134;0.00014449033;-0.0029659388;0.45963824;-75.29618;92.59214;-0.055099484;-0.009560538;-0.11141621;-0.034652535;933315.7;914997.56;0.2214714;0.0002259654;0.00037070047;0.00041931737;63.84043;140.66417;0.01029662;1;1;16;0
938652800;938652408;-45284.703;26404.936;-1.8215322;0.8876439;-0.004171841;-0.010519734;0.46039152;-75.11055;92.402885;-0.043158453;0.04627138;-0.066690214;0.019245865;938666.9;922148.75;0.2207869;0.00023249254;0.00036780394;0.00041910782;64.10092;141.23727;0.010274533;1;1;16;0
939147612;939147253;-45328.145;26449.79;-1.8029343;0.886474;0.00024531235;-0.0074326424;0.46271873;-74.91523;92.212715;-0.039419565;-0.051266372;0.011622976;0.018187944;943955.5;929195.9;0.22340827;0.0002289514;0.00037558834;0.00041666316;64.35639;141.62793;0.010330301;1;1;16;0
939651492;939651047;-45372.37;26495.814;-1.7847797;0.8843886;-0.0019160421;-0.0032719926;0.46673575;-74.709946;92.034164;-0.029276036;-0.030105459;0.014237553;-0.03023153;949329.4;936379.9;0.22254747;0.000227925;0.00037230525;0.00041991807;64.59951;141.88991;0.010301801;1;1;16;0
940146276;940145891;-45414.48;26542.387;-1.7798667;0.88496983;0.0009930109;0.004838747;0.4656223;-74.47056;91.924805;-0.029744871;-0.12594184;-0.018820995;0.004530514;954688.4;943553.75;0.225135;0.00022768276;0.0003739584;0.00041956888;64.85859;142.31194;0.010391897;1;1;16;0
940650333;940649733;-45457.65;26588.725;-1.7646389;0.8845322;0.002920476;0.0021604805;0.46646494;-74.253746;91.78226;-0.026184808;0.039859656;-0.05597902;0.04015277;960158.75;950903.25;0.22425279;0.00022914878;0.0003695512;0.00042505874;65.127304;142.71579;0.010352339;1;1;16;0
941153930;941153574;-45501.074;26635.46;-1.750847;0.87885374;-0.0053928737;-0.00021238693;0.47706085;-74.013176;91.63518;-0.024788039;-0.051671136;0.08869994;-0.01608213;965652.9;958283.56;0.22329663;0.00022625134;0.00037529258;0.00042189905;65.38635;143.0123;0.010336674;1;1;16;0
941648811;941648422;-45543.86;26680.922;-1.7301216;0.8794858;-0.029408114;-0.011433811;0.4748781;-73.696815;91.43007;-0.017961612;-1.0173407;0.11019238;-0.012860702;971094.8;965601.75;0.22172819;0.00022362664;0.00038071547;0.0004189351;65.64668;143.32373;0.010299334;1;1;16;0
942152982;942152260;-45587.242;26729.316;-1.7236227;0.8717628;-0.082407504;-0.061111186;0.47906587;-73.63925;91.52647;0.005393162;0.5047119;-1.1220288;0.079660304;976686.2;973106.75;0.22482803;0.00022852971;0.00029318078;0.00050010876;65.91442;143.59312;0.010339412;1;1;16;0
942656734;942656149;-45628.688;26773.709;-1.7193754;0.86247784;0.12207113;-0.055395517;0.4880186;-73.73225;91.27514;-0.0009432388;1.8929974;-0.55835027;-0.0702957;982293.7;980648.9;0.2236931;0.00016431068;0.00038893224;0.00046749975;66.19448;143.80595;0.010507828;1;1;16;0
943151429;943150993;-45669.984;26816.361;-1.7244638;0.83828294;0.17042229;0.11066219;0.5059566;-73.49978;90.77047;-0.09591;0.5593194;1.7184078;-0.43682063;987855.56;988134.06;0.22204746;0.0001644974;0.0005577318;0.00029661803;66.46735;144.08585;0.010405448;1;1;16;0
943646446;943645838;-45713.477;26862.885;-1.6970997;0.87592936;-0.15060006;-0.11736903;0.4430484;-72.54007;90.66015;0.07581465;-1.7587489;-0.70472205;-0.20678225;993533.06;995776.4;0.22475664;0.0002937793;0.0003612717;0.00036619318;66.75291;144.53117;0.010327712;1;1;16;0
944150021;944149632;-45755.02;26907.086;-1.6879954;0.8849108;0.03836851;-0.103455596;0.45250154;-72.439735;90.31089;-0.07093938;-0.71666145;0.56171364;0.041337743;999328.56;912411.3;0.22359996;0.00018171385;0.00039250625;0.00045058393;67.07954;139.14893;0.010280678;1;1;16;0
944654084;944653474;-45794.043;26952.512;-1.7130961;0.8924017;-0.05929244;0.02693593;0.44651785;-72.18156;90.11894;-0.024407603;-1.2757318;-0.41399494;-0.02800097;913831.4;919586.75;0.22271745;0.00027817508;0.0004314005;0.0003169019;64.06622;139.60934;0.010537164;1;1;16;0
945148887;945148318;-45833.203;26998.428;-1.7230151;0.88826185;-0.04388209;0.10599077;0.44478232;-72.17693;89.8624;-0.08764169;0.8279286;2.0318658;-0.038327087;919111.56;926697.75;0.2251566;0.00024316953;0.000284714;0.0004973804;64.35904;139.94202;0.010375776;1;1;16;0
945652524;945652160;-45871.957;27044.258;-1.7089139;0.8897127;0.0857363;0.03412992;0.44709727;-71.82117;89.76344;-0.08180205;1.0208689;1.7202449;-0.11382513;924588.56;934075.2;0.2242058;0.00021435069;0.0003821306;0.00043348453;64.69412;140.47253;0.0103227645;1;1;16;0
946156390;946156001;-45912.727;27090.537;-1.6931072;0.8970092;-0.037413478;-0.038286477;0.43875846;-71.47242;89.7413;-0.08143185;3.0996313;1.383813;0.11142084;930100.4;941496.6;0.22350752;0.00025188044;0.00024469738;0.00053544174;65.0274;140.93434;0.010591721;1;1;16;0
946651246;946650846;-45951.57;27135.15;-1.6859231;0.8924848;0.042313207;0.01430554;0.4488607;-71.056656;89.36021;-0.07067443;0.47616813;1.2711198;-0.07995504;935605.5;948916.6;0.22612962;0.0002420565;0.000350299;0.00044527964;65.38774;141.69923;0.010534604;1;1;16;0
947146114;947145690;-45990.117;27179.037;-1.6640671;0.88583285;-0.05054346;-0.074662134;0.45516062;-70.585724;88.9304;-0.098221;-1.742718;2.3447099;0.03111557;941079.94;956290.44;0.22453164;0.00020169045;0.00036955616;0.00046682026;65.713234;141.99538;0.010502503;1;1;16;0
947649966;947649579;-46028.086;27219.207;-1.6578858;0.8687473;-0.02676881;-0.015121535;0.49430048;-70.37947;88.55348;-0.03747322;-0.5299769;0.74055535;0.070391804;946735.5;963910.75;0.22377759;0.00021416116;0.00040312688;0.0004222564;66.07169;142.52863;0.010566026;1;1;16;0
948153769;948153374;-46065.125;27260.951;-1.6444381;0.87636703;-0.03292353;-0.017518753;0.4801978;-70.08578;88.154434;-0.014269707;-0.3664413;0.5039542;-0.35530877;952427.1;971595.94;0.22723447;0.0002206707;0.00041038104;0.00040885762;66.41475;142.94868;0.010894965;1;1;16;0
948648608;948648218;-46104.105;27306.2;-1.6258361;0.95017296;0.0074966243;-0.037938554;0.3093151;-69.70753;88.02796;0.045335114;-1.05463;-0.6060671;-1.054858;957997.3;979116.75;0.22588912;0.00029931086;0.00032140024;0.00041489833;66.72847;143.02422;0.010888024;1;1;16;0
949152501;949152060;-46145.992;27355.262;-1.5882499;0.9617368;0.030690359;-0.260256;0.079921015;-69.565895;88.08018;0.15510398;-1.152629;-2.220475;-0.42978993;963789.44;986923.0;0.22539103;0.00039953517;0.00018502568;0.0004496938;67.086;143.4249;0.01075047;1;1;16;0
949656253;949655901;-46184.688;27403.418;-1.665146;0.9707568;-0.072657615;0.22355998;-0.048715204;-70.02886;88.10673;-0.024904963;0.10019134;-0.6506926;0.13941532;969677.3;994870.3;0.22918734;0.0005804166;0.000168898;0.00028252654;67.484215;144.17656;0.010858282;1;1;16;0
950151359;950150746;-46223.492;27447.543;-1.6680154;0.99625474;0.008227805;-0.0021394077;-0.08604763;-70.44909;87.69618;-0.011973496;-1.6467023;0.49904987;-0.25237414;975401.94;911513.5;0.22756533;0.00044966242;0.00015288754;0.00041805237;67.80018;138.30109;0.010945073;1;1;16;0
950646164;950645590;-46261.637;27489.332;-1.6683925;0.991732;0.021716118;-0.017769465;-0.12522125;-70.96084;87.34249;0.01637831;-0.22097379;-0.019773627;0.062322836;981201.3;918665.25;0.22615431;0.0004541646;0.00016144055;0.0003948209;68.14103;138.53221;0.010843907;1;1;16;0
951149850;951149433;-46304.266;27536.16;-1.676222;0.98807496;-0.11296944;-0.07500009;-0.07294433;-71.817245;87.225945;-0.037463993;1.7595638;-0.20143443;0.32483488;987102.8;925987.56;0.22941664;0.00033405886;0.00016996816;0.0004923841;68.462074;138.69386;0.011076893;1;1;16;0
951653685;951653320;-46344.09;27582.13;-1.7196199;0.99483955;-0.090692304;-0.006214282;-0.045062263;-72.803505;86.943565;-0.14499848;4.0195246;0.65848833;0.47618595;993151.0;933443.2;0.2285405;0.0003202686;0.0001825706;0.00048741707;68.84128;139.20491;0.011175494;1;1;16;0
952148527;952148165;-46381.844;27626.23;-1.7449429;0.99730843;-0.049324315;-0.03469599;0.041702922;-73.36609;86.19903;-0.028646946;1.1013542;-0.6413737;0.30968463;999183.9;940871.1;0.22687542;0.00046412516;0.00015125689;0.0003744816;69.24344;139.85612;0.011292253;1;1;16;0
952652345;952651960;-46420.637;27670.957;-1.7408129;0.93834555;-0.119928874;-0.26600093;0.1853868;-73.80004;85.9105;-0.057330403;2.3366501;-1.701333;0.16989276;913990.6;948495.25;0.2304552;0.00041013316;0.00016076998;0.00042025602;66.187454;140.53549;0.011015624;1;1;16;0
953156225;953155801;-46457.613;27714.479;-1.8133651;0.9683377;0.013847014;0.0354195;0.24673033;-73.90822;85.06449;-0.056307275;-2.3390913;-1.3066669;0.32192552;919655.94;956190.2;0.22917204;0.0004233136;0.00034908284;0.00022076971;66.59862;141.3265;0.011174442;1;1;16;0
953651067;953650646;-46495.12;27757.082;-1.8236426;0.9429814;-0.055408433;-0.028904047;0.32692614;-73.84391;85.10174;-0.032861046;0.64281625;-1.6015297;0.70283675;925279.6;963833.44;0.22790617;0.0003442874;0.0002488763;0.0004053747;67.00408;142.08315;0.011217987;1;1;16;0
954146023;954145490;-46531.79;27796.895;-1.8460755;0.8481364;0.012944431;0.065660715;0.52553385;-73.738686;84.509964;-0.10386363;-0.90172213;-0.115262695;1.1719053;930890.25;971512.8;0.23060714;0.00022510692;0.00039821392;0.00037621832;67.36598;142.65163;0.0110945795;1;1;16;0
954649686;954649331;-46573.492;27838.531;-1.8447216;0.6773288;-0.03219992;0.022945607;0.7346172;-73.4167;84.396126;-0.06363786;-0.92065275;-0.22100748;0.7876471;936634.6;979373.8;0.2298533;0.00014996094;0.00051034417;0.000337839;67.71572;143.10379;0.011416526;1;1;16;0
955153853;955153173;-46611.938;27876.777;-1.8489815;0.6311711;-0.11342342;-0.13364;0.7555783;-72.94193;84.02467;-0.042211562;-1.9244078;0.034729555;-0.22423889;942420.4;987309.75;0.22943662;0.00017429661;0.00041818837;0.0004001715;68.045555;143.54059;0.0115538305;1;1;16;0
955648419;955648017;-46655.45;27913.527;-1.8780802;0.70837766;0.022639591;-0.039758798;0.7043493;-73.14707;83.55071;-0.091944516;-1.250852;-0.04274148;-0.5757435;948146.5;995191.8;0.23298618;0.0001554201;0.00048519083;0.00034899663;68.37556;144.04883;0.011674224;1;1;16;0
956152288;956151906;-46700.414;27950.195;-1.9040155;0.8134537;-0.1172469;0.01727141;0.5694278;-73.527985;82.93977;-0.18169951;1.2656894;1.676942;-0.3461865;953982.75;912067.5;0.23312081;0.00014643253;0.00029028073;0.0005496115;68.73873;138.39041;0.012386452;1;1;16;0
956656220;956655701;-46744.617;27986.746;-1.8940269;0.9136368;0.061232667;-0.10067867;0.3890786;-73.28165;82.55427;-0.005424265;-1.2464254;-1.5468799;-0.68259937;959811.2;919414.7;0.23320748;0.00025489926;0.00038875008;0.0003358173;69.04113;138.43617;0.011998616;1;1;16;0
957151081;957150545;-46787.016;28025.08;-1.9185385;0.95547587;-0.15638484;0.067322575;0.24099271;-73.26009;82.31086;-0.07979762;0.78917396;-1.7145247;-0.07350261;965673.1;926746.25;0.23306127;0.00046577046;0.0001722047;0.00034136017;69.44762;138.90623;0.012384364;1;1;16;0
957645973;957645389;-46826.168;28063.938;-1.919526;0.9968528;-0.021208832;-0.02361517;0.07264354;-73.36631;81.75262;-0.0959508;-0.060758803;0.3334197;-0.5016841;971511.06;934108.75;0.23655932;0.0003834246;0.00019036484;0.00039924105;69.78843;139.0326;0.012775104;1;1;16;0
958149626;958149231;-46866.96;28106.473;-1.9215242;0.9955461;-0.012700108;-0.011821552;0.09266592;-73.51222;81.48193;-0.0561607;-0.25960445;-0.48445055;0.47459647;977485.8;941628.3;0.23645146;0.0004360945;0.00016351735;0.00036380475;70.141;139.08315;0.012569683;1;1;16;0
958653458;958653073;-46907.457;28147.406;-1.9090822;0.9515025;0.0768891;0.036790613;0.29559702;-73.88472;80.912544;-0.12118576;-1.6859447;0.9584256;0.87173027;983613.06;949270.06;0.23631844;0.00034755928;0.0002476696;0.00036721135;70.55999;139.45695;0.012110597;1;1;16;0
959148271;959147917;-46945.906;28185.611;-1.8881971;0.87454736;-0.026051795;0.01183825;0.48409513;-73.8903;80.414444;-0.11526346;-0.41502315;1.6333271;0.4598675;989604.06;956806.44;0.23982252;0.0001754651;0.00032263398;0.0004608196;70.93926;139.66988;0.012755494;1;1;16;0
959652209;959651759;-46983.414;28221.39;-1.8693881;0.7682976;0.013101675;0.047568716;0.63818836;-73.71781;79.895256;-0.08115257;0.6028454;0.61539096;0.72580487;995774.44;964534.44;0.23964442;0.00015224096;0.00037755264;0.0004258793;71.330444;139.88223;0.012944545;1;1;16;0
960156320;960155647;-47023.09;28257.68;-1.869861;0.6367865;-0.038160622;0.06624526;0.7672407;-73.497665;79.325584;-0.0818322;0.8646591;0.9872749;0.41164726;910891.25;972261.4;0.23959032;0.00016126483;0.00033901763;0.0004489587;68.14404;140.00195;0.013036172;1;1;16;0
960650892;960650492;-47064.188;28291.852;-1.8673527;0.58949614;-0.0029228888;0.01340863;0.8076546;-73.34995;78.90647;-0.06746001;0.15787557;0.34133208;-0.19677548;916493.0;979989.2;0.24379757;0.00020184377;0.0003431932;0.0003985257;68.50145;140.22362;0.013500414;1;1;16;0
961154826;961154286;-47107.895;28326.342;-1.8640573;0.73878664;-0.036058523;-0.009593379;0.67290574;-73.35943;78.44479;-0.037326846;0.024746139;-0.2209066;-1.351926;922141.3;987831.0;0.2439446;0.0001538636;0.00037487136;0.00040040602;68.80405;140.04263;0.013736408;1;1;16;0
961649558;961649131;-47151.273;28363.309;-1.8760407;0.934787;-0.013788988;-0.0013582348;0.35493857;-73.37543;78.16267;-0.02484693;-0.5270196;-0.7991058;-1.5067116;927746.4;995592.5;0.24342881;0.00021583453;0.00033246275;0.0003731232;69.150925;139.92;0.013963098;1;1;16;0
962153405;962152972;-47193.664;28402.111;-1.8805441;0.9696929;0.019488499;0.03905575;0.24039713;-73.398;77.8535;-0.07322852;-0.9047726;0.52181464;-0.13867655;933465.3;912373.3;0.24848294;0.00028080904;0.00022381496;0.00041090843;69.514175;133.75735;0.0138107855;1;1;16;0
962648211;962647817;-47235.07;28440.502;-1.8646055;0.97021514;0.025368396;0.029161403;0.23914175;-73.41582;77.554504;-0.045851175;-0.5357708;-0.14176333;0.12936915;939185.2;919577.06;0.24759348;0.00030807647;0.00022071706;0.00037921153;69.8874;133.66258;0.013620949;1;1;16;0
963152349;963151658;-47276.99;28480.582;-1.8355258;0.9655737;0.007903196;0.022240112;0.25905642;-73.28111;77.228584;0.029575061;-1.2413526;-1.0984408;0.23412256;945038.1;926971.56;0.247113;0.00033345167;0.0002713014;0.00029520478;70.25977;133.51093;0.013785734;1;1;16;0
963655907;963655500;-47317.15;28521.223;-1.8014957;0.9454153;0.0020784412;0.0065803546;0.32579497;-73.21518;76.975235;0.045744035;-0.50434136;-0.80516225;0.3818053;950972.7;934461.0;0.25170937;0.0002948669;0.00025522063;0.00034711504;70.66853;133.57826;0.013765483;1;1;16;0
964150952;964150345;-47354.965;28560.537;-1.7707777;0.9058185;0.023188025;0.008151677;0.42295235;-73.1195;76.75172;0.036164254;0.40458852;-0.3776854;0.4687793;956845.44;941848.25;0.25015026;0.00024903004;0.00029244335;0.0003501804;71.057106;133.5002;0.013673439;1;1;16;0
964645954;964645189;-47393.457;28601.88;-1.7568259;0.84629446;-0.0850984;0.052794036;0.52321786;-72.66784;76.546844;0.05130455;-1.2539504;0.21017224;0.59628695;962696.7;949280.56;0.24835461;0.00022430798;0.00035470066;0.0003044915;71.4149;133.29433;0.013815651;1;1;16;0
965149432;965149077;-47431.97;28642.71;-1.723247;0.75234336;-0.183675;-0.13280417;0.6185515;-72.324905;76.432976;0.05689291;-0.6308143;0.05964851;0.20145519;968707.0;956942.94;0.25239778;0.00016083781;0.00027721756;0.0004408542;71.77672;133.24681;0.013704886;1;1;16;0
965653481;965652872;-47474.2;28679.889;-1.706241;0.76747763;0.023383508;-0.04466648;0.63909024;-72.47287;76.1889;0.10557235;-0.003852338;-1.2663153;0.063096404;974791.6;964654.56;0.25163743;0.00015827468;0.00037319248;0.00034023746;72.15249;133.16908;0.013925718;1;1;16;0
966148328;966147716;-47513.766;28716.732;-1.6953058;0.76594454;-0.033626124;-0.03208166;0.64122474;-72.157684;75.740234;0.050696135;-1.4715474;-0.17101166;0.17739452;980803.3;972275.9;0.2500974;0.00015626937;0.000360487;0.00034719048;72.521515;133.05922;0.013985607;1;1;16;0
966652139;966651558;-47555.703;28754.91;-1.6847504;0.76278114;0.04765386;0.025230488;0.6444049;-72.24343;75.53757;0.047869667;1.461603;-0.30949628;-0.044097614;986876.94;980110.0;0.2542488;0.00015679564;0.00035554927;0.0003442523;72.85989;132.89618;0.014074863;1;1;16;0
967155899;967155399;-47594.74;28794.271;-1.67107;0.774336;0.006203062;0.0032360915;0.6327359;-71.722404;75.28759;0.03255973;-0.20861855;0.2580206;-0.1657971;993052.8;987990.7;0.25328806;0.0001543953;0.00032403186;0.00037021533;73.21778;132.74425;0.013970372;1;1;16;0
967650829;967650244;-47633.97;28833.871;-1.6663761;0.7693181;0.0003539439;0.0018499305;0.6388632;-71.39787;75.20224;0.046897188;-0.063983455;-0.07071741;0.20380965;999089.44;995785.9;0.25130925;0.00015691873;0.00033200602;0.0003496469;73.53988;132.48174;0.013937038;1;1;16;0
968154777;968154085;-47674.92;28875.299;-1.6717988;0.76957333;-0.013834494;-0.0020276506;0.6384053;-71.07035;75.12937;0.03258832;-0.12363949;0.2175358;-0.4580268;913828.3;912501.5;0.25515994;0.00015355433;0.00032129473;0.00035441492;70.196686;126.201485;0.013998049;1;1;16;0
968649552;968648930;-47714.312;28914.756;-1.6746668;0.8900153;0.015255576;-0.0065590204;0.45562834;-70.77137;75.0393;0.03698502;-0.12495282;-0.0948674;-1.2100304;919442.6;919732.0;0.2531148;0.00018051606;0.0002887819;0.00035365304;70.54156;126.034256;0.013800645;1;1;16;0
969153286;969152818;-47754.133;28955.096;-1.662939;0.9711986;0.013548887;0.011405915;0.23761259;-70.54089;74.92584;0.047553174;-0.015228807;0.113052994;-0.32209146;925171.75;927160.0;0.2516774;0.00025893503;0.00021035316;0.00034589713;70.88556;125.85786;0.013646765;1;1;16;0
969648270;969647663;-47792.24;28995.307;-1.6415701;0.9595739;0.0034490235;0.00061435474;0.281435;-70.39826;74.81166;0.048085302;-0.053503677;0.043752477;0.46604636;930925.25;934543.0;0.25458372;0.000269332;0.00019818834;0.00034271352;71.2642;125.86031;0.013515887;1;1;16;0
970152017;970151457;-47829.65;29036.1;-1.616277;0.9237448;0.00048164162;-0.010188611;0.38287285;-70.32918;74.61565;0.055023603;0.005367277;-0.03811533;0.5074635;936815.6;942116.7;0.25275224;0.00023337605;0.00022880056;0.00034395212;71.660645;125.8029;0.013322056;1;1;16;0
970646760;970646301;-47866.516;29076.727;-1.5919361;0.8863613;-0.0023594194;-0.007161079;0.46293297;-70.0615;74.46012;0.0678666;-0.07009832;0.10668071;0.12945393;942636.75;949615.6;0.25002757;0.00019727286;0.00025500733;0.00034884244;72.03496;125.74994;0.013160518;1;1;16;0
971150576;971150143;-47902.934;29117.342;-1.5727242;0.90797997;-0.0023394395;-0.0028094805;0.41899768;-69.7268;74.29799;0.066898495;0.12002058;0.030207563;-0.46821487;948664.44;957338.8;0.25344172;0.00020110086;0.00025245306;0.0003462518;72.44376;125.85631;0.0132278;1;1;16;0
971654502;971653984;-47939.953;29157.982;-1.5588782;0.95308214;-0.00088008126;-0.00033261252;0.30271053;-69.378944;74.17068;0.08042435;-0.10773173;-0.05239319;-0.5561031;954676.5;965114.2;0.251483;0.00023063591;0.0002249023;0.00034146057;72.837906;125.84968;0.013122201;1;1;16;0
972149234;972148828;-47976.902;29198.287;-1.5357687;0.9544762;-0.23619175;-0.041782934;0.17732124;-69.1711;73.971054;0.11894699;-1.4385729;0.5553262;-0.28815225;960655.25;972821.1;0.24882522;0.00026237773;0.0001809598;0.00034923208;73.23091;125.86887;0.013201522;1;1;16;0
972653063;972652670;-48014.13;29237.807;-1.552572;0.9762574;-0.14477849;0.046375643;0.15430543;-69.38191;74.071;0.00965677;2.1129684;0.28536117;-0.07211378;966815.5;980755.2;0.25204936;0.00029145167;0.00016720309;0.0003293091;73.64175;126.014534;0.012809097;1;1;16;0
973149645;973147514;-48053.01;29276.576;-1.5435039;0.99971586;-0.0078037637;0.0020908953;0.022430152;-69.583115;73.66809;0.06624921;-0.5058429;0.67313945;-0.8746648;972821.4;988597.8;0.24868752;0.00026155275;0.00016999162;0.00035022726;74.013374;126.01913;0.01272953;1;1;16;0
973651797;973651403;-48095.234;29315.896;-1.5395634;0.9654054;-0.055339407;0.050529834;-0.24975325;-69.98139;73.659225;0.060065076;1.2176955;0.47854903;-0.98899;978992.25;996653.5;0.24665996;0.00026463286;0.00017891524;0.00032893813;74.37908;126.05528;0.012564518;1;1;16;0
974155761;974155197;-48138.94;29354.217;-1.5402002;0.8652822;0.07702173;-0.0036615958;-0.49531928;-70.84866;73.28254;0.10908103;0.86662173;0.20253544;-1.1434479;985176.56;913436.1;0.24436389;0.00020768745;0.00019886212;0.00035174433;74.72814;120.11407;0.012265321;1;1;16;0
974650907;974650042;-48179.656;29390.8;-1.5337185;0.70166886;-0.0030799678;0.016418543;-0.71230733;-72.152756;72.727844;0.109122485;0.61426663;-0.24528523;-0.8772383;991309.9;920764.7;0.24623483;0.00015452906;0.00026196986;0.00032266995;75.01485;120.17522;0.012061185;1;1;16;0
975154318;975153883;-48225.008;29428.418;-1.5183517;0.6931793;-0.017534712;-0.0003735829;-0.7205518;-73.67491;72.14041;0.080628835;1.8908135;0.32641676;0.31954464;997605.75;928273.5;0.24383962;0.00014077718;0.00032640452;0.00025066137;75.305595;120.188866;0.012036931;1;1;16;0
975649152;975648728;-48270.375;29465.623;-1.5142217;0.7932564;-0.0015703558;-0.0063540176;-0.6088527;-75.59721;71.53488;0.097778134;0.0055682445;0.0049085873;0.8059344;912588.56;935653.1;0.24570528;0.00014144747;0.00023688718;0.00031902967;71.82823;120.248146;0.011914556;1;1;16;0
976153191;976152569;-48315.617;29505.879;-1.5127468;0.90128136;-0.048585776;0.026019236;-0.42971438;-77.11866;71.143555;0.085555755;2.199189;-0.1926255;0.67652947;918469.56;943283.1;0.24344778;0.00017303499;0.00022010985;0.0002895433;72.15702;120.39941;0.01180519;1;1;16;0
976647796;976647413;-48360.496;29546.0;-1.5081798;0.9556726;-0.1300534;0.025147686;-0.2629518;-78.71906;70.58291;0.09024556;-0.15930727;-0.34748435;0.70656675;924313.75;950840.44;0.240452;0.00020497582;0.0001896972;0.00027985525;72.528854;120.58121;0.011479008;1;1;16;0
977151732;977151255;-48405.863;29586.965;-1.501498;0.99395573;-0.007814652;-0.010785358;-0.10897083;-79.96257;70.252975;0.08423579;0.11548428;-0.1051422;0.687039;930283.94;958595.75;0.23798883;0.00022744967;0.0001318384;0.00030935768;72.90747;120.80682;0.011307264;1;1;16;0
977655539;977655144;-48449.61;29627.648;-1.4815526;0.99588025;0.009847533;-0.0066533075;0.0898961;-80.86705;69.97781;0.07842569;0.40302047;0.0281247;0.81177396;936306.75;966413.1;0.24027868;0.00022245235;0.00013441226;0.00031056989;73.30431;121.10642;0.011244866;1;1;16;0
978150440;978149988;-48491.535;29664.803;-1.4880731;0.94721997;-0.050664656;0.11810554;0.2936979;-81.227394;69.82429;0.1126565;0.085109465;-0.69156533;0.83546406;942240.44;974157.4;0.23722596;0.0002501696;0.00016596405;0.00025220722;73.69868;121.37259;0.011212157;1;1;16;0
978654208;978653782;-48532.93;29697.771;-1.4691118;0.8595141;-0.03507586;-0.12055007;0.49545223;-81.212524;69.8256;0.10146879;1.5394834;-1.1052029;0.7169214;948374.8;982107.0;0.2350369;0.00014043867;0.00016099449;0.00036848625;74.11091;121.703026;0.011128385;1;1;16;0
979149241;979148627;-48571.668;29731.133;-1.4641705;0.7354246;0.2129682;-0.09081869;0.636826;-81.26652;69.50541;0.03186894;1.6306612;0.37736565;0.28274965;954394.0;989979.6;0.23682295;0.00014120195;0.0002233105;0.000305144;74.49743;122.046486;0.011290021;1;1;16;0
979652862;979652468;-48609.516;29761.004;-1.5128742;0.6335902;-0.015349447;0.13924739;0.76087976;-80.390625;69.49331;0.014623635;-2.802419;-0.04247335;0.19854555;960543.4;998055.9;0.23528028;0.00013755984;0.0003427744;0.00018674195;74.89054;122.346146;0.011584778;1;1;16;0
980147814;980147312;-48647.75;29792.357;-1.5385842;0.5282426;-0.018979758;0.05803262;0.8468954;-80.07663;69.245445;0.018862072;0.49245676;0.56691843;0.84716684;966584.75;914605.56;0.23300263;0.00015429007;0.00018770157;0.0003208164;75.23081;116.71099;0.011636214;1;1;16;0
980651539;980651154;-48689.207;29827.107;-1.5561672;0.3246203;-0.0072143404;0.0009952566;0.9458164;-80.06404;68.98177;0.025680233;0.59548855;0.3031915;0.782101;972758.9;922082.1;0.23627393;0.00018562304;0.00015729421;0.00031312153;75.52529;116.994675;0.01174057;1;1;16;0
981155646;981154995;-48732.625;29862.148;-1.5671735;0.056324117;0.0042476384;-0.013660206;0.99831;-80.430595;68.62482;0.035920285;0.22137748;0.14961442;1.2074523;978998.5;929627.44;0.23547864;0.00020586129;0.00013130569;0.0003082769;75.81549;117.26366;0.01189454;1;1;16;0
981650262;981649839;-48777.92;29895.11;-1.5612816;-0.21286833;0.0007010552;-0.0025653057;0.97707736;-81.23596;68.16464;0.06756667;0.07251999;-0.33853844;1.0126821;985231.56;937083.2;0.2341569;0.00019421961;0.00013166192;0.00030800005;76.129875;117.54446;0.01198108;1;1;16;0
982154260;982153728;-48824.566;29926.723;-1.5384425;-0.3190618;-8.2676255e-05;0.0034281283;0.9477278;-82.4199;67.61647;0.07491822;0.17495558;-0.010862871;0.07005027;991600.0;944733.5;0.23812744;0.0001679243;0.00015483133;0.0002970235;76.41465;117.82927;0.0121040605;1;1;16;0
982649274;982648572;-48870.05;29957.695;-1.5004838;-0.32856566;0.0073614568;0.004256794;0.9444429;-83.702576;67.05481;0.10828306;-0.06840387;-0.28334066;0.04859407;997860.94;952310.06;0.23676234;0.00015622105;0.00013794536;0.00031138276;76.675606;118.07482;0.012011686;1;1;16;0
983152800;983152366;-48914.574;29988.803;-1.4653579;-0.32327127;-0.01261631;0.040743917;0.9453446;-84.93181;66.5247;0.12881498;-0.22767042;-0.011397609;-0.0049061617;912951.25;959998.44;0.23597811;0.00015009995;0.00012977481;0.00031306536;73.09208;118.26726;0.011987244;1;1;16;0
983647602;983647211;-48957.96;30018.562;-1.4260355;-0.3271428;-0.007810142;0.039932378;0.94409853;-86.01969;66.03158;0.1451176;0.042523134;-0.0910316;0.051649593;918692.5;967677.25;0.23902817;0.00014859813;0.00012815844;0.00030456306;73.333405;118.52755;0.0120720025;1;1;16;0
984151455;984151052;-49002.03;30047.652;-1.3770957;-0.3092239;-0.0015395689;0.041715752;0.95007265;-87.123985;65.55578;0.17408578;0.076780155;-0.15765639;-0.20773727;924612.25;975551.94;0.23815784;0.00014759229;0.00012221948;0.00030094056;73.59957;118.80687;0.01202537;1;1;16;0
984655245;984654894;-49046.76;30075.809;-1.316735;-0.20642279;-0.005035072;0.04614413;0.9773613;-88.15702;65.08937;0.19197896;0.026253743;-0.098123685;-0.47613204;930570.56;983488.4;0.23718439;0.00015603619;0.00011114254;0.0002952845;73.88041;119.096016;0.0119505515;1;1;16;0
985150091;985149738;-49092.61;30102.248;-1.2604287;-0.06855364;0.00086508103;0.048000976;0.9964916;-89.20644;64.65632;0.20597012;0.06745882;-0.034647156;-0.5009401;936384.5;991329.1;0.240025;0.00016178767;0.00010146001;0.00029081147;74.10656;119.36067;0.012041329;1;1;16;0
985654014;985653579;-49139.66;30128.668;-1.2128054;0.05252703;0.0406291;0.031516846;0.9972948;-90.17584;64.2545;0.24037708;-0.06442051;-0.28902093;-0.4644324;942431.6;999385.3;0.23898146;0.00016678247;0.0001003486;0.0002806194;74.38521;119.6947;0.012069649;1;1;16;0
986148843;986148423;-49185.84;30156.057;-1.1629628;0.16840859;0.085970476;0.027703317;0.9815703;-90.94282;63.910892;0.2311059;-0.30734625;-0.09784812;-0.46281508;948258.75;915779.0;0.23722248;0.00018052629;0.000108878616;0.00025362245;74.63571;114.07015;0.012027826;1;1;16;0
986652890;986652312;-49231.582;30187.592;-1.1376799;0.2783769;0.07222511;0.0075257416;0.95772296;-91.440125;63.657932;0.18428996;-0.4542567;0.4569499;-0.41132903;954332.8;923209.6;0.24088614;0.00016984476;0.000121412144;0.0002480505;74.91936;114.423965;0.012218014;1;1;16;0
987147549;987147156;-49275.02;30221.363;-1.1281078;0.36811396;0.029785173;-0.0051034447;0.9292895;-91.83399;63.47536;0.20645942;-0.061935846;0.12070029;-0.3508089;960243.94;930548.2;0.2391137;0.00013383014;0.00012295271;0.0002791615;75.161255;114.72419;0.012233647;1;1;16;0
987651624;987650950;-49317.07;30258.334;-1.1302232;0.4332921;0.019862577;-0.003954704;0.901026;-92.05176;63.426826;0.1973193;-0.15523097;0.21615745;-0.17974716;966215.5;938077.7;0.23814115;0.0001211731;0.00013434571;0.0002778674;75.37712;114.99673;0.012202842;1;1;16;0
988155352;988154792;-49357.863;30297.607;-1.1398017;0.47160912;-0.0013219073;-0.005046003;0.88179237;-92.12345;63.42653;0.19087726;-0.08120415;0.102885194;-0.13515471;972219.9;945657.6;0.2418048;0.00011123582;0.00013878985;0.00028323615;75.609406;115.29728;0.012330292;1;1;16;0
988650180;988649636;-49396.957;30337.21;-1.1487703;0.48155037;-0.0021137027;0.0056803105;0.8763975;-92.13892;63.431503;0.1836356;-0.011045004;0.06568495;-0.004976884;978080.25;953149.4;0.24001054;0.00010704605;0.00013978335;0.00028499507;75.79684;115.5538;0.0122932885;1;1;16;0
989154110;989153477;-49437.215;30376.959;-1.155148;0.4811625;-0.003870013;0.00064999756;0.87662274;-92.16161;63.409447;0.19755197;-0.023127478;0.01365642;0.002825029;984179.6;960848.5;0.2389822;0.000106575935;0.00014141056;0.00028379052;76.027824;115.87317;0.012244638;1;1;16;0
989648679;989648322;-49477.004;30416.09;-1.1596804;0.48087522;-0.00070283463;0.0013463981;0.8767877;-92.18361;63.35376;0.19214909;-0.017849853;0.027479613;-0.04298265;990172.5;968459.1;0.24184977;0.00010749494;0.00014025134;0.00028546553;76.253716;116.18688;0.012336228;1;1;16;0
990152744;990152163;-49518.027;30455.238;-1.1561555;0.48089284;0.002497863;0.000760719;0.87677544;-92.214745;63.235397;0.18335074;-0.029454453;0.2734427;0.015267484;996356.06;976286.3;0.2408391;0.00010768953;0.00014217648;0.00028427428;76.483864;116.516884;0.01230651;1;1;16;0
990647751;990647007;-49557.668;30494.59;-1.1627206;0.4801643;0.000115103154;-0.0033705763;0.8771722;-92.228775;63.163063;0.19073571;0.19310766;-0.05101858;-0.018901704;911308.2;983918.94;0.23896848;0.00010762603;0.00014353478;0.00028325166;72.81606;116.76884;0.012252278;1;1;16;0
991151435;991150896;-49598.47;30535.033;-1.1680876;0.4798748;-0.0018130007;0.0013783189;0.87733406;-92.23659;63.07753;0.16379096;0.19798785;0.04118742;0.0037396573;916946.4;991842.7;0.2425962;0.00010860096;0.00014346525;0.0002849421;73.02243;117.06965;0.01235576;1;1;16;0
991655070;991654690;-49639.68;30575.695;-1.1773895;0.47965887;0.003066464;0.005776801;0.8774307;-92.25553;63.014683;0.1669774;0.06760565;0.074674085;-0.022671973;922599.94;999808.5;0.24144939;0.000109154586;0.00014511961;0.00028426904;73.21021;117.35882;0.012336312;1;1;16;0
992150096;992149534;-49680.582;30615.38;-1.182755;0.48142636;0.029730882;-0.017912572;0.87579906;-92.30694;63.00787;0.20898023;-0.13644001;-0.8661281;-0.09422785;928021.4;916071.5;0.23950575;0.00010928628;0.00014791936;0.00028234252;73.34462;111.69864;0.012260906;1;1;16;0
992653945;992653375;-49720.875;30655.695;-1.193529;0.48249584;-0.035256382;-0.18296805;0.85584897;-92.26572;62.79348;0.09039529;0.10834232;0.81085384;0.15770388;933736.75;923432.25;0.23832245;0.00012665341;0.00014258847;0.00027354044;73.54081;111.978836;0.012144264;1;1;16;0
993148650;993148219;-49764.047;30690.932;-1.2041091;0.4623715;0.22347295;-0.10068866;0.85213506;-92.41542;62.704586;0.07474399;-0.71574605;0.14178438;-0.18174805;939421.44;930708.0;0.24114287;0.00015510376;0.00014574546;0.00024419057;73.73952;112.295265;0.012430213;1;1;16;0
993652421;993652061;-49803.566;30733.242;-1.2940149;0.52941185;-0.097228386;-0.13858542;0.8313025;-92.31074;62.471344;-0.031203382;-0.042354427;1.3042066;0.2737352;945285.0;938193.0;0.2400974;0.00014119624;0.00012275495;0.00028307587;73.984856;112.62178;0.012535233;1;1;16;0
994147444;994146905;-49844.715;30766.059;-1.3626686;0.49986294;-0.15963142;0.055182572;0.8494762;-92.5335;62.31643;0.028769601;-0.36660355;0.012015718;0.13360526;951032.6;945581.94;0.24314128;0.00011029882;0.00014473405;0.00029600115;74.19144;112.93158;0.012676541;1;1;16;0
994651320;994650746;-49887.566;30800.97;-1.3960965;0.5583922;0.043938227;0.15689571;0.8134195;-92.75037;62.20252;0.105078004;-0.18324663;-0.8318838;-0.15284579;956777.7;953112.7;0.24192978;0.00011251837;0.00019770069;0.00024315453;74.31744;113.16705;0.01240362;1;1;16;0
995155083;995154634;-49926.016;30853.006;-1.4175789;0.5836072;0.06860295;-0.037295744;0.8082731;-92.40589;62.184612;0.1764925;-1.2663277;-1.5879837;0.10112726;962687.56;960715.5;0.24060372;0.00011193474;0.00020780783;0.00023691622;74.52397;113.451065;0.012224406;1;1;16;0
995650300;995649478;-49964.5;30904.15;-1.4481137;0.5717399;0.021213397;-0.034793198;0.8194223;-92.031166;61.94687;0.056268577;-1.6338735;0.04885718;0.1541379;968631.6;968256.7;0.24344906;0.00012295679;0.0001763945;0.0002614156;74.78936;113.79819;0.012628161;1;1;16;0
996153698;996153273;-50006.492;30946.564;-1.4892012;0.55124307;-0.007821819;-0.012707338;0.83421135;-92.19232;61.563335;0.014323385;1.6175843;0.20648296;0.30103773;974642.25;975986.4;0.242329;0.00011994449;0.00013558539;0.00031015556;75.0248;114.09749;0.012657953;1;1;16;0
996648556;996648117;-50048.992;30981.943;-1.5244861;0.51626545;0.03473953;0.02785322;0.8552704;-92.21698;61.296;0.034643345;0.8757627;0.10510041;-0.0903463;980664.7;983626.06;0.24069342;0.000115760864;0.00018191115;0.00027245164;75.25806;114.396736;0.012364578;1;1;16;0
997152398;997151958;-50092.367;31023.203;-1.5532366;0.5118456;0.04865926;0.07990246;0.8539684;-92.13629;61.025246;0.0054401793;0.20058481;0.4814064;-0.008330856;986796.9;991440.2;0.2396343;0.0001173867;0.00019581584;0.0002614677;75.50041;114.69564;0.012428789;1;1;16;0
997647273;997646802;-50134.535;31068.088;-1.5693371;0.50638336;0.058278244;0.1001603;0.8544867;-91.97702;60.792706;0.045288384;-0.16022184;0.25825912;-0.049813148;992891.4;999187.06;0.24265738;0.00011853649;0.0002126727;0.0002493203;75.75567;115.001656;0.012526073;1;1;16;0
998151157;998150643;-50177.934;31116.611;-1.5739663;0.5038998;0.058745436;0.11290599;0.85433376;-91.700905;60.514214;0.02998998;-0.83332926;0.7684491;-0.0064902003;999059.8;915570.25;0.24161173;0.000120642006;0.0002216483;0.00024299868;76.00557;109.46078;0.012593164;1;1;16;0
998654945;998654485;-50219.637;31163.957;-1.5748425;0.5048491;0.0014544912;0.09183058;0.85830796;-91.4127;60.337646;0.08794454;-1.4233036;-0.21600066;0.0022438113;913992.0;922741.06;0.24061167;0.00012346686;0.00023489352;0.0002307959;72.39738;109.67276;0.012733724;1;1;16;0
999149755;999149329;-50260.137;31205.885;-1.5608791;0.5006188;0.07402583;-0.021601653;0.8622264;-91.31351;59.815983;-0.0032731232;0.4708146;1.4055341;0.129706;919704.3;929950.25;0.24357644;0.00014424583;0.00017366915;0.00027727772;72.673416;109.9794;0.012860026;1;1;16;0
999653706;999653217;-50304.254;31241.057;-1.5643262;0.48186222;-0.10026787;0.056030467;0.86868626;-91.30109;59.483276;0.092122674;-0.023517892;0.42212924;-0.01796267;925585.06;937335.3;0.24281776;0.00012199488;0.0001910536;0.00028701432;72.95881;110.27867;0.01282417;1;1;16;0
1000148564;1000148061;-50351.45;31273.096;-1.5445291;0.47749057;-0.1121861;0.05154805;0.8699194;-91.4786;59.241535;0.14296447;0.0010315097;-0.08495848;-0.03122562;931194.6;944602.44;0.24103701;0.00012461553;0.00019743004;0.00028061133;73.14564;110.4853;0.0127226645;1;1;16;0
1000652541;1000651855;-50400.652;31303.523;-1.4867644;0.48456448;-0.021659164;-0.14046946;0.8631318;-91.68703;58.883976;0.14591804;0.044954486;-0.028521797;-0.062402893;937129.8;952089.0;0.24479362;0.00012803377;0.00017610098;0.00030336942;73.41565;110.7748;0.012753089;1;1;16;0
1001156261;1001155697;-50449.64;31327.795;-1.4384723;0.46075976;-0.06709324;-0.15430057;0.87143004;-92.045715;58.39737;0.13112116;0.38447863;-0.24097127;-0.17130738;943127.8;959647.9;0.2439823;0.00012891469;0.00016449492;0.00031955415;73.72826;111.05742;0.0129802255;1;1;16;0
1001650970;1001650541;-50500.203;31347.266;-1.4109879;0.46570238;-0.00015674336;0.011181111;0.8848707;-92.570404;57.899513;0.108124055;1.2879782;0.52349246;-0.06979115;948918.56;967087.4;0.24237415;0.00013125384;0.00016496282;0.00031881183;73.970406;111.27664;0.013194627;1;1;16;0
1002155051;1002154382;-50551.86;31374.043;-1.3937999;0.46623483;0.009975681;-0.006074308;0.8845839;-92.89051;57.659527;0.11514832;0.5014632;0.33313596;-0.0687129;954898.6;974717.5;0.24652453;0.00013488109;0.00020096447;0.0002827985;74.22933;111.50633;0.013241398;1;1;16;0
1002649747;1002649226;-50601.266;31406.258;-1.3726991;0.46576265;0.0915344;-0.073141575;0.8771185;-93.0753;57.521225;0.19905409;-0.39854893;-1.0933142;-0.16953309;960808.3;982261.94;0.24502338;0.0001350724;0.000207623;0.0002799811;74.49576;111.698814;0.0132125905;1;1;16;0
1003153646;1003153067;-50648.85;31442.064;-1.381833;0.46256316;0.12929602;-0.057517704;0.8752197;-93.1407;57.206455;0.11300715;0.058689453;-0.391551;-0.02479318;966934.0;989996.0;0.24437894;0.00015721929;0.00021126449;0.00025698642;74.80985;111.9171;0.013458907;1;1;16;0
1003648682;1003647911;-50694.297;31480.377;-1.4360598;0.46392047;-0.03669531;0.013369846;0.88501567;-92.96483;56.68657;-0.038275234;0.50301933;2.8383942;0.10577914;973115.75;997661.8;0.2479943;0.00016290687;0.0002132753;0.00025300746;75.16419;112.180084;0.013670731;1;1;16;0
1004152240;1004151800;-50739.13;31514.076;-1.4676152;0.4631427;-0.105173275;0.040064458;0.87910885;-93.07287;56.510063;0.07557887;0.621356;0.108953305;-0.01354941;979217.3;914115.44;0.24747854;0.00013072179;0.00021776077;0.00028474262;75.4471;106.616936;0.013378057;1;1;16;0
1004656128;1004655594;-50788.03;31545.922;-1.4649603;0.49142465;0.06304575;0.06413944;0.866264;-93.19426;56.24561;0.107399166;0.23647013;0.107695244;-0.058365524;985409.06;921307.8;0.24668008;0.00013410232;0.0002479977;0.00025290117;75.7244;106.79828;0.013439032;1;1;16;0
1005150971;1005150438;-50834.125;31584.754;-1.4645966;0.48846588;0.022569228;0.020440774;0.87205154;-92.982605;56.03043;0.13315684;-1.5399933;-0.32526556;0.106037244;991628.94;928435.6;0.2502597;0.00013515282;0.000263951;0.00023856129;76.05303;107.02594;0.013672638;1;1;16;0
1005654869;1005654279;-50883.223;31622.508;-1.4517156;0.4760599;-0.0012751664;0.010694998;0.87934697;-93.008064;55.557796;0.093551025;0.60619026;0.3799724;0.027813766;998011.8;935765.06;0.24955644;0.000137883;0.00019717596;0.00030637466;76.404205;107.237274;0.013933742;1;1;16;0
1006149523;1006149123;-50934.414;31652.611;-1.4386876;0.4733085;0.0044452515;-0.0061681587;0.88086396;-93.16687;55.264954;0.10010141;0.40661854;0.38815528;-0.022167169;913016.8;942860.06;0.24814919;0.00013996825;0.00021434276;0.00028782038;72.8079;107.31134;0.013865762;1;1;16;0
1006653404;1006652964;-50987.95;31682.72;-1.4290851;0.47037378;0.0038017435;-0.010417973;0.8823976;-93.38146;54.98708;0.10781244;0.3599977;0.12680557;-0.037243575;918865.06;950282.7;0.25260445;0.0001400381;0.00021995619;0.00028419317;73.11785;107.51792;0.014033846;1;1;16;0
1007148346;1007147808;-51040.688;31712.428;-1.4306937;0.4682054;0.0012158869;-0.014317734;0.88350284;-93.5813;54.748386;0.1046076;0.08202854;0.02073377;0.011979721;924608.75;957629.06;0.25107098;0.00014040062;0.00022215613;0.00028353115;73.41881;107.67729;0.014022124;1;1;16;0
1007652219;1007651649;-51094.49;31741.31;-1.4205698;0.47255865;0.055028457;-0.051975124;0.87804264;-93.77602;54.4689;0.09442936;-0.27841046;0.24038726;-0.08873529;930492.4;965158.9;0.25028852;0.00014476017;0.00022536988;0.00027637687;73.71161;107.84154;0.013953946;1;1;16;0
1008156072;1008155538;-51146.918;31770.652;-1.4288858;0.46277544;-0.0025649136;-0.0051096426;0.88645715;-93.96467;54.164852;0.09889888;-0.3059527;-0.1437743;-0.03909638;936498.0;972756.06;0.25482887;0.00013999463;0.00023120556;0.0002771174;74.052765;108.059494;0.0142397275;1;1;16;0
1008651277;1008650382;-51198.688;31798.818;-1.4356481;0.46511352;0.025698947;-0.011692197;0.8848007;-94.1862;53.900543;0.13583437;-0.15385686;-0.8329963;-0.01186211;942374.06;980264.44;0.25315723;0.00014148046;0.00022690113;0.00027984648;74.35541;108.224724;0.014230016;1;1;16;0
1009154561;1009154176;-51251.332;31827.496;-1.4394636;0.46924022;0.071636744;-0.028035691;0.8797136;-94.34179;53.510284;0.06380355;0.0022434895;0.044447277;0.024227489;948482.7;987990.7;0.25232306;0.00015717582;0.00022195479;0.00027148568;74.71804;108.423256;0.014306464;1;1;16;0
1009649404;1009649020;-51301.426;31857.055;-1.4629831;0.46812877;0.08039495;-0.035179313;0.8792921;-94.435356;53.18138;0.047808774;-0.12334235;0.04988369;-0.019776803;954530.0;995628.44;0.25596443;0.0001579312;0.0002235057;0.00027028943;75.06016;108.63989;0.014388999;1;1;16;0
1010153239;1010152861;-51353.234;31887.707;-1.5084281;0.4698003;0.0074928575;-0.007433895;0.8827096;-94.47854;52.76215;-0.03324077;0.35369608;1.1490742;0.042444985;960525.0;912242.75;0.25502706;0.00015832896;0.00022194097;0.00027138836;75.36453;103.16383;0.014350432;1;1;16;0
1010648079;1010647706;-51403.066;31915.227;-1.5425045;0.47155112;-0.004705867;-0.0029983756;0.88182116;-94.6119;52.45819;0.0033894302;0.34375197;0.15674196;-0.03735674;966560.25;919306.75;0.2531854;0.00014400732;0.00022273621;0.00028574883;75.67966;103.34461;0.014176626;1;1;16;0
1011152136;1011151547;-51458.113;31942.797;-1.5793407;0.4768042;-0.005274524;-0.013774821;0.87888575;-94.80211;52.18169;0.027648926;-0.023389684;0.011531959;-0.031268146;972675.2;926548.56;0.25730795;0.00014458912;0.0002228578;0.00028464338;75.966064;103.54473;0.014319844;1;1;16;0
1011655916;1011655388;-51516.38;31970.598;-1.6176888;0.48329303;-0.002834036;-0.0020743385;0.87545156;-95.0792;51.950394;0.019073945;-0.044397246;0.01968624;-0.051265497;978711.4;933838.0;0.25590178;0.00014439637;0.00022162583;0.0002835746;76.20937;103.70459;0.01427777;1;1;16;0
1012150765;1012150232;-51573.594;31997.756;-1.6407886;0.4845252;-0.0018721622;-0.0009485103;0.8747749;-95.36193;51.682693;0.024098795;0.12130085;-0.03131452;0.023238601;984734.44;941076.6;0.25375485;0.00014505856;0.00021697696;0.00028690335;76.47632;103.87548;0.0141646275;1;1;16;0
1012645615;1012645076;-51630.457;32024.658;-1.6496614;0.48392504;-0.012751856;-0.030321142;0.8744911;-95.58735;51.43752;0.018262668;-0.4090302;0.059897464;0.02356711;990728.0;948350.2;0.25669646;0.00014572564;0.0002163565;0.00028638035;76.71545;104.0424;0.016274897;1;1;16;0
1013149361;1013148964;-51690.7;32053.125;-1.6689538;0.5574343;-0.15238383;-0.048497435;0.8146743;-95.97751;51.074814;-0.018401623;0.15767488;1.1891875;0.31631017;996784.9;955873.9;0.2574831;0.0002593086;0.0054117064;0.03215204;76.99255;104.20027;0.035369005;1;1;17;0
